from_node,to_node,edge_id,edge_tt
0,1,-1006817039#1,19.555555555555557
2,3,-1006817039#4,40.44444444444444
4,5,-1007105130,30.0
6,7,-1007696318#2,49.5
12,13,-1011550312#2,7.251101321585903
14,15,-1011550313#3,20.253164556962027
18,19,-1018200867,44.44444444444444
20,21,-1018511006,11.36
22,23,-1018511009#0,9.894736842105264
24,25,-1018511009#10,16.78688524590164
26,27,-1018511010#10,6.363636363636363
28,29,-1018511010#3,16.515151515151516
30,31,-1018511010#8,10.098360655737705
34,35,-1020927804#2,8.4
36,37,-1022656065,11.473684210526315
38,39,-1023577198#3,64.5
40,41,-1025916124#2,18.0
42,43,-1026477620#2,138.4
44,45,-1026481746,20.870588235294118
46,47,-1026482587#1,16.00506329113924
48,49,-1027093575,6.8
50,51,-1031379293#3,22.0
52,53,-1031379294#1,8.660714285714286
54,55,-103335175,32.8
56,57,-1037102222#1,10.101694915254237
60,61,-104178895#10,32.01015228426396
62,63,-104178895#3,38.68783068783069
64,65,-104178895#6,19.124378109452735
66,67,-1042975685#1,30.5
68,69,-1042975685#4,14.333333333333334
70,71,-104405209#1,10.160919540229886
72,73,-104405210#1,19.733333333333334
74,75,-1044541592,40.41558441558441
76,77,-1044541593,30.92526690391459
82,83,-1050809452#1,5.6
84,85,-1052726233,40.4
88,89,-1053387542#1,17.384615384615383
90,91,-1054840087#1,11.466666666666667
92,93,-1056364553#2,81.2
96,97,-1056364673#3,4.666666666666667
98,99,-1056366243#1,7.454545454545454
100,101,-1056366248#1,16.514285714285716
102,103,-1059952450#1,3.5652173913043477
104,105,-1059952451,17.0
108,109,-1060016495#1,15.727272727272727
110,111,-1060458931#1,19.62686567164179
112,113,-1060490109#1,10.8
114,115,-1061155061,19.25
116,117,-1061840671,15.0
118,119,-10630916#1,60.861952861952865
120,121,-106412904#2,4.390532544378698
122,123,-1064424518,50.0
124,125,-1066019131#0,11.2
126,127,-1066019132,6.057971014492754
128,129,-1073367264,42.111111111111114
130,131,-1073733970#3,45.76470588235294
132,133,-1073791856#3,11.484848484848484
134,135,-1073791857#2,10.6
136,137,-107440946#0,11.2
138,139,-107440946#3,21.733333333333334
140,141,-107440946#4,26.666666666666668
142,143,-1074505532#5,28.43243243243243
144,145,-1075515371,16.285714285714285
146,147,-1075817469#2,4.6
150,151,-1075827538,23.058823529411764
152,153,-1075829175,27.45263157894737
154,155,-1075829183#2,11.841807909604519
158,159,-1076894533,12.112676056338028
160,161,-1077048394#1,31.6
162,163,-1077048396#1,32.8
164,165,-1078576469,18.4
166,167,-1078663441,21.866666666666667
168,169,-1078663652,66.61764705882354
170,171,-1078663668,5.958041958041958
172,173,-107990164,11.68
174,175,-1079997538#2,31.058823529411764
176,177,-1082387578#12,46.4
178,179,-1082387578#21,80.53333333333333
180,181,-1082387578#4,21.72
182,183,-1082387578#5,12.210526315789474
184,185,-1082387578#6,21.6
186,187,-1082387601#0,66.2
188,189,-1082389421,8.0
190,191,-1082389492,14.8
192,193,-1082683182#0,64.53333333333333
194,195,-1082683182#1,2.0
198,199,-1082683187#1,33.46666666666667
200,201,-108481093#12,50.10876132930514
204,205,-1086509243#0,47.523809523809526
206,207,-1086509243#3,10.428571428571429
208,209,-108918727#1,39.795918367346935
210,211,-1089917568,4.8
212,213,-1089917569#1,106.0
214,215,-1091914555#1,25.2
216,217,-1091914557#1,26.8
224,225,-1091960707#7,39.91111111111111
226,227,-1091960708#5,20.756756756756758
228,229,-1091961841#1,13.451612903225806
230,231,-1093316379#1,74.0
232,233,-1093620238,89.2
234,235,-1093620277,13.2
236,237,-1093795367#2,14.8
238,239,-109860640#1,59.58273381294964
240,241,-109860646,17.02122641509434
242,243,-1098613985#1,9.627906976744185
244,245,-1098614014#3,27.338345864661655
246,247,-1098926674#2,64.4
248,249,-1099418498#1,67.4
250,251,-1099418562,146.4
252,253,-1101621068,8.6
254,255,-1101800565,40.8
256,257,-1101800583#0,21.11111111111111
258,259,-1101800620,21.555555555555557
260,261,-1101800625,11.88888888888889
262,263,-1101800627,27.0
266,267,-1103306569#0,2.4
270,271,-1103306570#1,8.6
272,273,-1103375976#0,15.185185185185185
274,275,-1103375976#2,28.363636363636363
276,277,-1103375976#3,19.875
278,279,-1103375976#5,23.6
280,281,-1103644159#2,6.6
282,283,-1103644287,7.190476190476191
286,287,-1103644649#1,17.0
288,289,-1103644654,14.8
290,291,-1105486997,6.410256410256411
292,293,-1107297578,2.909090909090909
294,295,-1107420806#2,43.04819277108434
296,297,-1110497124#2,23.57
300,301,-1112105427#0,35.4
302,303,-1112105427#1,21.0
304,305,-111628106#2,7.636363636363637
306,307,-111636189#16,100.81159420289855
308,309,-111636206#5,26.8
310,311,-1116756785,108.0
312,313,-1116758652#0,4.666666666666667
314,315,-1116981912#2,16.0
316,317,-1116981912#3,30.96551724137931
318,319,-1116981963#3,20.2
320,321,-1116982074#3,34.6
322,323,-1116982084#10,19.6
326,327,-1116982084#9,22.8
328,329,-1118986376#1,30.066666666666666
330,331,-1119854904#2,31.0327868852459
332,333,-1119854960,13.575757575757576
334,335,-112297307#1,33.529411764705884
336,337,-112297307#4,18.285714285714285
338,339,-112297307#5,19.0
340,341,-112297307#6,42.857142857142854
342,343,-112297309#12,32.375
344,345,-112297309#16,21.176470588235293
346,347,-112297309#17,10.0
348,349,-112297309#3,23.083333333333332
350,351,-112297309#6,22.0
352,353,-112602870#1,213.6
356,357,-112602876#1,42.0
360,361,-113054552#6,31.041322314049587
362,363,-113078530#3,29.09090909090909
364,365,-113078530#8,22.103448275862068
366,367,-113078532#1,11.2
368,369,-1131704044#10,62.6
370,371,-1132693873,41.3
374,375,-1133070114#1,25.0
376,377,-1133377391,21.0
378,379,-113470996#1,13.013333333333334
380,381,-113470997,6.4
382,383,-1136828359#3,35.42857142857143
384,385,-1141500748#0,46.888888888888886
388,389,-1143691192#0,12.933333333333334
390,391,-1143691192#1,10.76923076923077
392,393,-1143691192#2,11.846153846153847
394,395,-1143691192#3,11.714285714285714
396,397,-1143691196#0,21.6
398,399,-1143691585,42.22222222222222
400,401,-1143691615#1,14.4
402,403,-1143691639#0,19.133333333333333
408,409,-1144624279,40.53333333333333
414,415,-1146783332#1,19.4
416,417,-1146783332#2,23.4
418,419,-1147633970#0,13.767441860465116
420,421,-1147633970#1,0.8314606741573034
422,423,-1148164786#1,31.6
424,425,-1149710650#1,186.6
426,427,-1149710667#0,61.55555555555556
428,429,-1149710710#1,14.4
430,431,-1149710710#3,39.2
432,433,-1150110368#3,97.2
434,435,-1150110945#1,16.228571428571428
436,437,-1150111109,46.6
438,439,-1150976671#3,49.2
442,443,-1151181347,12.8
444,445,-1151182472#1,4.8
446,447,-1151183128#1,76.56
448,449,-1151184999#1,14.0
450,451,-1151285235,14.545454545454545
452,453,-1151285243#0,24.916666666666668
454,455,-1151285247,32.8
456,457,-1151285252#1,12.485714285714286
458,459,-1151435937,6.875
460,461,-1151535808#0,64.6
462,463,-11526678#2,27.0
464,465,-11526678#5,31.142857142857142
466,467,-11526678#6,29.6
468,469,-11526678#7,39.0
470,471,-1152714215,18.4
472,473,-1154677975,5.846153846153846
474,475,-1154677976,33.5
476,477,-1154849086#0,35.52
478,479,-1154849092,21.6
480,481,-1154849095#1,18.066666666666666
482,483,-1154849101#1,14.785714285714286
484,485,-1155184434#3,60.666666666666664
486,487,-1155184437,12.0
488,489,-1157125514#0,10.619718309859154
490,491,-1157125514#2,4.506666666666667
494,495,-1157125539,17.6
502,503,-1157158088#2,30.571428571428573
504,505,-1157158088#3,8.533333333333333
506,507,-1157158088#7,28.8
508,509,-1157158088#9,32.8
514,515,-1157357278#1,66.4
516,517,-115785376#1,13.2
518,519,-1158503741,10.8
520,521,-1158503838#2,29.8
522,523,-1159196383,10.0
526,527,-1160388322#1,5.515151515151516
528,529,-1160388322#4,29.38888888888889
530,531,-1160388322#5,8.24390243902439
532,533,-11610479,16.372093023255815
536,537,-1162386121#4,54.8
538,539,-1162386122#0,14.4
540,541,-1162386122#3,38.8
542,543,-1162733661#1,31.2
546,547,-1162733669,29.6
548,549,-1162733681,63.2
550,551,-1163570031#1,22.0
552,553,-1163570031#3,28.1
554,555,-1165333705#2,57.04
558,559,-1166164530,60.0
560,561,-1167302174,97.8
562,563,-1167302176,31.22077922077922
564,565,-1167302178#5,19.77777777777778
566,567,-1167483585#0,18.910714285714285
570,571,-1167483590,20.823529411764707
574,575,-1167566266#0,15.725
576,577,-1167566266#2,9.45945945945946
578,579,-1167566266#4,26.73015873015873
582,583,-1167897907,61.333333333333336
584,585,-1167897920#0,45.2
586,587,-1167897921#0,39.2
588,589,-1167898077#4,37.0
590,591,-1167898097#1,54.666666666666664
592,593,-1167898268,28.857142857142858
594,595,-1169236534,64.32432432432432
596,597,-1169236539,21.142857142857142
598,599,-1169240234,29.4
600,601,-1169240238,5.8
602,603,-1169240239#1,8.8
604,605,-1169240240#1,24.0
608,609,-1170520012#1,26.25
612,613,-1172656244#1,13.647058823529411
614,615,-1172656249,4.0
616,617,-1172656251,1.263157894736842
618,619,-1172656258,10.470588235294118
620,621,-1172656259#2,53.2
624,625,-1172656308#0,15.140495867768594
626,627,-1172656308#2,13.119047619047619
628,629,-1172656314,10.4
632,633,-1173245043#2,83.6
634,635,-1173248154#1,6.100719424460432
636,637,-1173249810,23.61904761904762
638,639,-1173257673,4.528189910979228
642,643,-1173262122,2.816161616161616
644,645,-1173262123#1,4.572
646,647,-1173262124,3.391459074733096
648,649,-1173262126#1,8.88888888888889
650,651,-1173262126#2,2.6666666666666665
652,653,-1173262128#1,10.914454277286136
654,655,-1173262129#3,27.864779874213838
656,657,-1173262130,1.3402061855670102
658,659,-1173681273#4,32.4
660,661,-1173681276#6,67.53333333333333
662,663,-1173697288#1,21.65432098765432
668,669,-1173874835#0,25.636363636363637
670,671,-1173874836#0,29.125
672,673,-1174502377#3,101.2
680,681,-1174502383#4,38.06611570247934
682,683,-1174502387#1,61.2
684,685,-1174502390,59.76923076923077
686,687,-1175023585#3,16.961937716262977
688,689,-1175366460#1,32.72
690,691,-1175370229#4,15.619047619047619
692,693,-1175370230,1.3777777777777778
698,699,-1175984708,4.0
700,701,-1175984923#1,9.0
702,703,-1177913776#1,79.8
706,707,-1181076292#0,18.4
708,709,-1181975781#1,4.6
712,713,-1182175653#5,17.333333333333332
716,717,-1187531871#3,47.8
718,719,-1187586139,11.461538461538462
720,721,-1187586140#0,31.2
722,723,-1187586141,63.2
724,725,-1187671354,8.52802359882006
726,727,-1187769792,11.066666666666666
728,729,-1188526668#3,24.933333333333334
730,731,-118916215#1,20.8
732,733,-1191607936#1,23.54054054054054
734,735,-1194464327,15.4
736,737,-1194464328,8.8
738,739,-1194824694,72.0
742,743,-1194824701#10,41.8
744,745,-1194824706,59.833333333333336
746,747,-119925917#1,3.8
748,749,-1203936127,24.0
750,751,-1203936651#2,59.2
752,753,-1205527065,1.621301775147929
756,757,-1207124658,49.8
760,761,-1215659170#1,26.266666666666666
762,763,-1215659171#1,62.4
764,765,-1221928943#1,49.6
766,767,-1222261301,35.3
768,769,-1222294826#2,50.0
770,771,-1222588065,15.6
772,773,-1222694073#1,22.91891891891892
774,775,-1224943549,10.4
776,777,-122688706,15.093023255813954
778,779,-122688707#5,25.31323283082077
780,781,-122798265#3,70.0
782,783,-1228389305#2,23.24137931034483
784,785,-1236052176,17.79310344827586
786,787,-1236052177#8,54.0
788,789,-123900703,11.6
792,793,-124768369,13.6
794,795,-1251294733,10.204819277108435
796,797,-1251294863,8.848341232227488
800,801,-1252126947,3.6
806,807,-1259136474#2,11.654941373534339
808,809,-1263001493,14.466453674121405
810,811,-1270686454#2,15.083870967741936
812,813,-1270686454#5,12.590909090909092
814,815,-1271080432,2.0
816,817,-1271094345#1,9.49090909090909
818,819,-1271382121,3.4693877551020407
820,821,-1279825053,11.352517985611511
822,823,-1280470925,31.0
824,825,-1282570523,12.5
826,827,-1282623902,16.591549295774648
828,829,-1286120530,25.615384615384617
830,831,-1286120542#1,52.0
834,835,-128648105#13,50.48
836,837,-128648105#6,64.4
838,839,-1288641268,24.0
840,841,-1288641269#6,98.6875
842,843,-1291137211#1,16.105263157894736
844,845,-129512264#3,19.432098765432098
846,847,-1297143168#3,34.476190476190474
848,849,-1303137705#2,23.666666666666668
850,851,-1308110841,11.5625
852,853,-1315489390#1,18.785714285714285
856,857,-1317643239,34.74074074074074
860,861,-1323216742#1,9.8
864,865,-13234675#16,53.64367816091954
866,867,-13234675#17,7.192825112107624
868,869,-13234675#25,21.98198198198198
870,871,-13234675#3,20.90740740740741
872,873,-13234675#4,2.508905852417303
874,875,-13234675#43,33.03529411764706
876,877,-13234675#5,2.0514285714285716
878,879,-13234675#52,9.781818181818181
880,881,-13234675#57,15.518987341772151
882,883,-13246859#1,5.8
884,885,-1327195034,26.4
890,891,-133186296#0,8.952380952380953
892,893,-133186686,5.142857142857143
894,895,-133399929#2,55.38461538461539
898,899,-133664978#18,114.44444444444444
900,901,-1351535321,6.0
904,905,-1354374540,2.4
906,907,-136071661#3,93.2
908,909,-136278554#1,12.0
912,913,-136278554#12,82.0
914,915,-136441320#6,71.6470588235294
918,919,-1367612076#1,52.51282051282051
920,921,-1368782934#1,10.704225352112676
926,927,-1374204588,36.612612612612615
928,929,-1376856664,10.380952380952381
930,931,-137699102#2,41.89473684210526
932,933,-137699103#5,44.4
934,935,-137730212#4,137.6
936,937,-137732185,7.333333333333333
938,939,-137732187#6,42.707070707070706
944,945,-1392163360#1,31.2
948,949,-1396268307#1,31.333333333333332
952,953,-1396269091#0,28.16216216216216
954,955,-1410097953#0,35.148936170212764
956,957,-1410097954#0,9.222222222222221
958,959,-1410097955,23.47826086956522
962,963,-141137364#1,9.263157894736842
964,965,-141138038#10,55.5
966,967,-141138038#4,65.11111111111111
970,971,-141252791,1.393939393939394
972,973,-1414389615,13.333333333333334
974,975,-1414407548#1,47.2
976,977,-141509559#16,38.857142857142854
978,979,-141509559#17,11.083333333333334
980,981,-141509559#3,33.6
984,985,-141551684#2,49.6
986,987,-141613056#12,30.105263157894736
988,989,-141613056#6,49.46666666666667
990,991,-141613056#8,46.111111111111114
994,995,-1420688737#2,22.533333333333335
996,997,-1420688738,10.933333333333334
998,999,-1420688739,3.2
1000,1001,-1422669211#1,33.6
1002,1003,-1424949184#2,16.232323232323232
1008,1009,-142769014#5,32.4
1010,1011,-142769014#9,23.6
1012,1013,-142769016#2,14.0
1018,1019,-142891708#1,0.5333333333333333
1020,1021,-14331348#1,9.101123595505618
1022,1023,-143731348#6,45.2
1024,1025,-143731350#1,51.6
1028,1029,-143905172#9,54.18181818181818
1034,1035,-144038257#1,8.145631067961165
1036,1037,-144038258#2,32.23529411764706
1038,1039,-144038260#13,31.115384615384617
1040,1041,-144038260#19,40.96969696969697
1042,1043,-144038260#8,70.17543859649123
1044,1045,-144069760,65.25
1046,1047,-144159769#5,66.4
1048,1049,-144159769#7,14.6
1050,1051,-144159771#7,37.2
1054,1055,-144159781#5,30.0
1058,1059,-144159799#14,48.8
1060,1061,-144159799#23,71.2
1062,1063,-144159799#24,11.722222222222221
1064,1065,-144159799#6,47.6
1066,1067,-144159805#3,24.666666666666668
1068,1069,-144328216#6,67.75757575757575
1070,1071,-144328216#9,31.88235294117647
1072,1073,-144328219#0,20.325581395348838
1074,1075,-144328219#11,106.57142857142857
1076,1077,-144435601#3,25.8371335504886
1078,1079,-144464776#0,3.6
1082,1083,-145037483#0,33.2
1088,1089,-145037490,40.8
1090,1091,-145037491,28.0
1094,1095,-145037492#7,50.0
1098,1099,-145430789#0,13.194029850746269
1100,1101,-145430789#11,19.5
1102,1103,-145430789#5,33.54929577464789
1104,1105,-145430789#7,18.861538461538462
1106,1107,-145430790#1,18.764044943820224
1108,1109,-145672554#5,224.6
1110,1111,-1456936767#1,4.0
1112,1113,-145787848#5,119.2
1114,1115,-146390387#1,26.571428571428573
1116,1117,-146390389#3,25.6
1118,1119,-146390389#4,32.0
1120,1121,-146390389#5,24.8
1122,1123,-146390389#6,29.6
1124,1125,-146523570#0,26.4
1126,1127,-146523574#4,70.8
1128,1129,-146523580#5,78.5
1130,1131,-146645330#1,15.762845849802371
1132,1133,-146791396#2,66.41666666666667
1134,1135,-147571850#7,80.48780487804878
1136,1137,-147571850#9,70.51063829787235
1138,1139,-147571851#21,84.79069767441861
1140,1141,-147571853#1,15.74698795180723
1144,1145,-147571854,9.6
1146,1147,-147571855#1,19.60839160839161
1154,1155,-151406643#15,66.6583850931677
1156,1157,-152508620,26.825825825825827
1160,1161,-152962047,11.6
1162,1163,-153095159,21.857142857142858
1164,1165,-153448797#1,34.53846153846154
1166,1167,-153674044,19.4
1170,1171,-154029239#5,36.6
1176,1177,-154029243#2,18.0
1184,1185,-154029243#6,27.6
1188,1189,-154333524#0,50.8
1192,1193,-154333525,15.11111111111111
1194,1195,-154333526#0,19.333333333333332
1196,1197,-154333526#7,37.142857142857146
1200,1201,-154333528,43.8
1202,1203,-154456892#1,70.68
1204,1205,-154456895#1,20.652173913043477
1206,1207,-154456895#2,14.818181818181818
1210,1211,-154916174#3,13.125
1214,1215,-156448307#1,15.444444444444445
1218,1219,-156448317#6,508.1212121212121
1220,1221,-156998776#7,359.2
1222,1223,-156998793,3.6666666666666665
1230,1231,-157006821#2,13.6
1232,1233,-157006823#10,49.333333333333336
1234,1235,-157006823#4,73.6
1236,1237,-157006823#7,63.5
1238,1239,-157006825#1,51.6
1242,1243,-15783545#1,73.8
1244,1245,-15783549,25.4
1248,1249,-157959489#12,63.2
1250,1251,-157959489#8,43.69230769230769
1252,1253,-157959490#10,7.8
1254,1255,-157959490#11,23.8
1256,1257,-157959490#14,22.8
1258,1259,-157959490#6,57.4
1260,1261,-157959490#8,17.066666666666666
1262,1263,-157959493#0,31.8125
1264,1265,-157959493#1,25.86111111111111
1266,1267,-157959493#10,29.376
1268,1269,-157959493#13,13.443609022556391
1270,1271,-157959493#4,26.076923076923077
1272,1273,-157959493#5,43.02564102564103
1274,1275,-157959493#8,33.65714285714286
1276,1277,-15802018#3,46.6
1278,1279,-158027398#1,10.6
1280,1281,-158027398#11,63.0
1282,1283,-158027398#13,10.484848484848484
1284,1285,-158027398#2,22.4
1288,1289,-158027398#5,23.764705882352942
1290,1291,-158027398#6,10.181818181818182
1292,1293,-160489235#1,14.852459016393443
1294,1295,-160792610,14.3
1298,1299,-163006337#1,32.774193548387096
1300,1301,-163006337#2,12.88
1302,1303,-163006337#3,16.8
1304,1305,-163019451#2,31.28
1306,1307,-163019497#4,48.40816326530612
1310,1311,-16386379#1,50.8
1320,1321,-16386608#2,93.73333333333333
1322,1323,-16386629#0,23.6
1324,1325,-16386629#2,22.0
1328,1329,-16386713#10,37.6
1330,1331,-16386713#3,55.1578947368421
1332,1333,-16386713#4,51.2
1336,1337,-16386713#9,44.0
1338,1339,-16386752#1,42.0
1342,1343,-16387246#3,37.2
1344,1345,-16387302#3,15.6
1348,1349,-16388188#1,23.0
1352,1353,-16388189#4,224.8
1354,1355,-16388515,52.857142857142854
1356,1357,-16389305,52.57142857142857
1358,1359,-163918104#22,156.0
1360,1361,-168729339#1,27.642857142857142
1362,1363,-17095329#1,22.8
1364,1365,-17095330#0,58.0
1366,1367,-17095330#1,47.77777777777778
1372,1373,-17095331#2,50.4
1374,1375,-17095381#0,13.555555555555555
1376,1377,-17095381#3,15.857142857142858
1378,1379,-17100790#1,71.26666666666667
1380,1381,-17100790#3,71.36
1382,1383,-17100790#4,16.0
1386,1387,-17100970#1,24.2
1388,1389,-17100973#0,20.0
1390,1391,-17100973#1,8.285714285714286
1392,1393,-173172673#11,42.85
1394,1395,-173172673#2,41.54716981132076
1396,1397,-173172673#9,49.25581395348837
1398,1399,-173172674,23.897435897435898
1400,1401,-174304830#1,4.217391304347826
1402,1403,-174648568,30.266666666666666
1404,1405,-174648574,81.17551020408163
1408,1409,-174739550,4.166666666666667
1410,1411,-174739553,5.43716814159292
1412,1413,-174739555,35.14380165289256
1414,1415,-174739561#1,20.11934156378601
1416,1417,-17477439,6.0
1418,1419,-176534650#2,7.928571428571429
1420,1421,-176827008,7.72231985940246
1422,1423,-177092492#18,82.0
1424,1425,-177092492#4,37.733333333333334
1426,1427,-177092492#9,66.28571428571429
1428,1429,-177092493,21.266666666666666
1430,1431,-177092494#2,36.26724137931034
1432,1433,-177092494#4,19.26050420168067
1434,1435,-177095164,3.492063492063492
1436,1437,-177095166#0,25.551724137931036
1438,1439,-177095166#16,24.652173913043477
1440,1441,-177095166#3,22.767123287671232
1442,1443,-177095166#8,35.84
1446,1447,-17947677#1,14.206896551724139
1448,1449,-184190500#5,90.25550660792952
1450,1451,-187084387,4.163265306122449
1456,1457,-190576757#1,31.37704918032787
1458,1459,-19095057,23.6
1468,1469,-19566276#18,159.71428571428572
1470,1471,-19799437#17,71.33333333333333
1486,1487,-19848864#0,24.0
1488,1489,-19848864#1,19.8
1490,1491,-19848864#2,22.0
1494,1495,-19848865#0,16.8
1498,1499,-19848865#2,12.0
1500,1501,-19848877,57.6
1504,1505,-20336623#2,60.6
1506,1507,-20340572#3,56.8
1510,1511,-20347040#1,77.86666666666666
1512,1513,-20347040#5,130.4
1514,1515,-20356890#0,8.666666666666666
1516,1517,-20356890#5,102.0
1518,1519,-20365221#1,52.4
1520,1521,-206575917,23.703703703703702
1522,1523,-206575918#1,15.0
1526,1527,-20847974#7,41.6
1528,1529,-20848305#3,23.6
1532,1533,-20850531#0,15.333333333333334
1534,1535,-20850531#1,32.0
1536,1537,-216870761#3,296.8
1538,1539,-218907681#0,7.142857142857143
1540,1541,-218907681#10,31.714285714285715
1542,1543,-218907681#12,30.666666666666668
1544,1545,-218907681#14,12.88
1548,1549,-218907682,2.0
1552,1553,-222874792,4.427184466019417
1554,1555,-222874793#2,17.941747572815533
1556,1557,-225751052,11.304347826086957
1558,1559,-225780905#0,27.066666666666666
1560,1561,-225780905#2,28.8
1562,1563,-226297192,89.46666666666667
1564,1565,-226612387#1,5.611111111111111
1566,1567,-22689738,49.46666666666667
1570,1571,-22700317#6,44.0
1572,1573,-227558566,23.0
1574,1575,-227558567,24.333333333333332
1580,1581,-22983215#3,8.2
1582,1583,-22985076#1,12.253968253968255
1588,1589,-230041575#4,39.2
1594,1595,-230359738#0,9.87220447284345
1596,1597,-230359738#11,29.11111111111111
1598,1599,-230359738#2,11.504950495049505
1600,1601,-230359738#3,20.15884476534296
1602,1603,-230359738#8,21.470149253731343
1604,1605,-23092803#4,46.8
1608,1609,-23092804,16.8
1610,1611,-23093327#0,17.6
1614,1615,-23093333#0,17.2
1618,1619,-23093440#1,23.142857142857142
1620,1621,-23093440#2,10.0
1626,1627,-231427517#4,59.5
1630,1631,-23214483#10,14.084507042253522
1632,1633,-23214483#24,25.0
1634,1635,-23214483#3,14.619718309859154
1638,1639,-23389601#5,47.2
1640,1641,-23394535,5.6571428571428575
1642,1643,-23394536#0,20.62857142857143
1644,1645,-23394536#14,119.48571428571428
1646,1647,-23394788#5,28.392156862745097
1648,1649,-23394789#2,16.466666666666665
1650,1651,-23394789#3,25.0
1654,1655,-23394790#6,29.6
1656,1657,-23395312#1,31.93877551020408
1658,1659,-23395313#12,90.24
1660,1661,-23624770,38.0
1662,1663,-23697531,9.8
1666,1667,-23982928#1,33.6
1668,1669,-23982929#1,40.0
1670,1671,-23982930,40.4
1672,1673,-240616787#1,11.6
1674,1675,-242802481#1,17.0
1676,1677,-24405236,25.0
1678,1679,-24508528#2,53.65714285714286
1680,1681,-24520303#7,24.4
1682,1683,-24522025#8,110.0
1684,1685,-245487369,44.8
1686,1687,-24633269#3,39.2
1688,1689,-246631282#1,7.98989898989899
1690,1691,-246631284#2,12.99625468164794
1692,1693,-246631285,5.254843517138599
1696,1697,-24748596#4,25.8
1702,1703,-24769657#2,34.1
1704,1705,-24769702#1,39.333333333333336
1710,1711,-24769794#0,6.138888888888889
1712,1713,-24769794#2,26.746268656716417
1714,1715,-24769794#3,11.942857142857143
1716,1717,-24770481#1,28.4
1718,1719,-24770481#2,17.333333333333332
1720,1721,-24770929#0,6.541666666666667
1722,1723,-24770929#2,31.30827067669173
1724,1725,-24770929#7,46.34375
1726,1727,-24770929#9,22.29787234042553
1728,1729,-24805872#6,20.0
1730,1731,-24888128#2,22.140350877192983
1732,1733,-24888128#3,28.705882352941178
1734,1735,-24888128#8,117.5
1736,1737,-24888129#0,12.214876033057852
1738,1739,-24888129#5,68.91304347826087
1740,1741,-24888130,2.0
1742,1743,-24903291#6,52.8
1748,1749,-24939272#1,25.17241379310345
1750,1751,-24947430#4,25.741357234314982
1752,1753,-24947430#7,20.27948717948718
1754,1755,-24947433#0,25.42381562099872
1756,1757,-24947433#1,3.728426395939086
1758,1759,-24986163#1,4.08
1760,1761,-24986163#2,0.6888888888888889
1764,1765,-250074100#3,14.0
1766,1767,-250074100#5,18.0
1770,1771,-251534694,12.871548619447779
1772,1773,-251534696,5.474912485414236
1774,1775,-251534700,14.030338389731622
1776,1777,-25200067#1,34.5
1778,1779,-25200067#7,24.6
1788,1789,-25200308#0,13.2
1790,1791,-25200308#3,23.2
1792,1793,-25200308#7,22.714285714285715
1798,1799,-25200468#1,3.230769230769231
1800,1801,-25304846#0,21.05263157894737
1802,1803,-25304846#2,44.19047619047619
1804,1805,-25409999#1,44.285714285714285
1806,1807,-25409999#6,50.4
1810,1811,-254844701#2,12.067796610169491
1812,1813,-254854437#1,17.65302782324059
1814,1815,-255277386#1,125.2
1816,1817,-255834276,19.02
1818,1819,-255834310,26.024340770791074
1820,1821,-255834317#1,11.5
1822,1823,-255834365,2.742857142857143
1824,1825,-255834389#2,55.76240601503759
1826,1827,-25727003#16,86.25
1828,1829,-25858898,11.393258426966293
1830,1831,-25858899#7,58.8421052631579
1832,1833,-258949951#1,22.384
1834,1835,-258949951#3,5.383386581469648
1836,1837,-258949951#8,46.0
1838,1839,-260345644#5,39.6
1840,1841,-260345647,10.317073170731707
1844,1845,-260510496#2,9.098765432098766
1846,1847,-260510496#3,13.836257309941521
1848,1849,-260510496#4,5.415204678362573
1850,1851,-260510499,2.694610778443114
1852,1853,-260510502,5.696629213483146
1854,1855,-260510503,31.644736842105264
1856,1857,-260510505,1.8543046357615893
1858,1859,-260510507#2,13.820224719101123
1860,1861,-260510509#2,12.68
1862,1863,-260510511#4,26.348993288590606
1866,1867,-26228566,51.6
1868,1869,-262486741#11,23.6
1870,1871,-262486741#12,20.4
1872,1873,-262486741#5,45.36
1874,1875,-262486741#9,59.86666666666667
1878,1879,-2640070#1,28.692307692307693
1880,1881,-2640070#6,39.42857142857143
1882,1883,-264018843#6,45.666666666666664
1886,1887,-26414291#4,15.666666666666666
1888,1889,-26422170#15,31.8
1890,1891,-26422170#6,37.8
1892,1893,-264512860,3.8354430379746836
1894,1895,-264512866#3,18.042179261862916
1896,1897,-264512869#0,26.354515050167223
1898,1899,-264512869#1,33.51398601398601
1900,1901,-264512871#1,32.59574468085106
1902,1903,-264512871#3,6.62406015037594
1904,1905,-26609961#1,86.4
1906,1907,-26609961#4,2.8
1908,1909,-26609961#5,7.6
1910,1911,-26696137#0,11.0
1912,1913,-26696137#2,24.0
1914,1915,-26696141#3,24.17142857142857
1916,1917,-26696144#10,24.0
1918,1919,-26696144#3,35.705882352941174
1920,1921,-26696144#4,26.70967741935484
1922,1923,-26696144#6,22.52173913043478
1924,1925,-26696144#7,9.061224489795919
1926,1927,-26696144#9,14.0
1928,1929,-26696145#6,59.333333333333336
1930,1931,-26710956,6.516129032258065
1936,1937,-272007306#8,88.8
1940,1941,-27370895,25.666666666666668
1944,1945,-2746738#0,21.152542372881356
1946,1947,-2746738#2,26.64406779661017
1948,1949,-2746738#3,23.72
1950,1951,-2746738#4,26.7
1952,1953,-2746738#5,27.76
1954,1955,-2746738#7,8.0
1956,1957,-27488738,62.142857142857146
1958,1959,-27583804#1,61.142857142857146
1960,1961,-27583804#14,47.72727272727273
1962,1963,-27583804#15,7.0
1964,1965,-27583804#24,57.76744186046512
1966,1967,-27583804#5,43.42857142857143
1968,1969,-27583804#7,34.92307692307692
1970,1971,-27583805#0,7.121951219512195
1972,1973,-27583805#13,17.75
1974,1975,-27583805#18,18.8
1976,1977,-27583805#2,17.152542372881356
1978,1979,-27583805#21,20.6
1980,1981,-27583805#24,30.59090909090909
1982,1983,-27583805#29,49.869565217391305
1984,1985,-27583805#30,58.813559322033896
1986,1987,-27583805#33,26.419354838709676
1988,1989,-27583805#34,12.459016393442623
1990,1991,-27583805#9,38.333333333333336
1992,1993,-27606774#2,36.0
1994,1995,-27608071,12.4
1996,1997,-276744482#1,18.16
2000,2001,-27991592#1,79.2
2002,2003,-280294403#3,21.692307692307693
2004,2005,-282753026#4,31.381818181818183
2008,2009,-283457127,47.6
2010,2011,-283457128#1,42.5
2012,2013,-283457129,36.6
2014,2015,-283457130#0,44.0
2016,2017,-283457130#1,27.733333333333334
2018,2019,-283485936,51.2
2020,2021,-284032700#7,180.4
2024,2025,-28446482#4,42.97674418604651
2026,2027,-28451439#1,27.2
2028,2029,-28451503#0,9.0
2030,2031,-28451503#2,24.0
2034,2035,-28451507#0,9.714285714285714
2036,2037,-28451507#1,4.533333333333333
2038,2039,-28451508#4,40.4
2040,2041,-28451509#0,13.285714285714286
2042,2043,-28451509#1,10.0
2044,2045,-28451510#1,56.4
2046,2047,-28451511#0,16.0
2048,2049,-28451511#1,2.4
2050,2051,-28451512#6,60.2
2052,2053,-28451512#8,23.68421052631579
2054,2055,-28451532,10.444444444444445
2056,2057,-28493700#12,41.10344827586207
2058,2059,-28493700#9,97.0
2060,2061,-285071123#0,26.666666666666668
2062,2063,-285071123#1,32.0
2064,2065,-285071123#4,30.4
2066,2067,-28606950#17,61.0
2068,2069,-28606950#7,68.4
2070,2071,-28606951#9,62.0
2072,2073,-28606952#3,33.38181818181818
2076,2077,-28606953#12,98.4
2078,2079,-28606953#23,90.4
2080,2081,-28606954#5,51.4
2082,2083,-28682563#1,46.0
2084,2085,-2884303#10,22.05531914893617
2086,2087,-2884303#5,28.963470319634702
2088,2089,-2884303#7,52.49195402298851
2090,2091,-2884303#8,10.71304347826087
2092,2093,-288681495#10,26.4
2094,2095,-288681495#3,27.0
2096,2097,-288681495#5,18.0
2098,2099,-28960948#2,38.72727272727273
2100,2101,-2897620,6.724137931034483
2102,2103,-2897622#0,23.0
2104,2105,-2897622#2,22.933333333333334
2106,2107,-2897623#1,13.434782608695652
2108,2109,-2897623#3,21.096774193548388
2110,2111,-2897623#4,21.333333333333332
2112,2113,-2897623#5,60.666666666666664
2114,2115,-2898048#4,49.44827586206897
2116,2117,-2898049#3,33.2
2118,2119,-2898053#2,27.8
2120,2121,-2898055#3,41.4
2122,2123,-2898067#10,15.705882352941176
2124,2125,-2898067#11,10.625
2126,2127,-2898067#13,16.333333333333332
2128,2129,-2898067#17,26.375
2130,2131,-2898067#2,20.363636363636363
2132,2133,-2898067#20,18.142857142857142
2134,2135,-2898067#23,13.857142857142858
2136,2137,-2898067#27,18.0
2138,2139,-2898067#28,27.2
2140,2141,-2898067#3,21.36842105263158
2142,2143,-2898067#30,18.32
2146,2147,-2898067#6,29.57894736842105
2148,2149,-2898067#7,7.894736842105263
2150,2151,-2898068#1,56.57142857142857
2152,2153,-2898068#7,69.83333333333333
2154,2155,-2898069#10,19.6
2156,2157,-2898069#12,30.0625
2158,2159,-2898069#16,25.125
2160,2161,-2898069#18,25.666666666666668
2162,2163,-2898069#2,27.6
2164,2165,-2898069#4,29.6
2166,2167,-2898069#5,32.0
2168,2169,-2898069#6,41.5
2170,2171,-2898069#9,29.09090909090909
2172,2173,-29129862#2,5.6
2174,2175,-29129862#4,15.947368421052632
2176,2177,-29131113#0,15.105263157894736
2178,2179,-29131113#2,24.782608695652176
2180,2181,-2921417#2,39.4
2182,2183,-2921417#3,6.0
2184,2185,-2921417#6,35.6
2186,2187,-292748634#2,21.90450928381963
2188,2189,-292748634#4,35.83661971830986
2190,2191,-292748634#5,23.84873949579832
2192,2193,-292748634#6,19.495750708215297
2194,2195,-293213676#14,37.333333333333336
2196,2197,-293213676#4,14.8
2198,2199,-293224799#10,50.64
2200,2201,-293224801#11,52.4
2202,2203,-293233330#1,19.6
2236,2237,-294669436#1,36.5
2238,2239,-294669436#2,32.0
2240,2241,-295931062#14,45.142361111111114
2242,2243,-295931062#7,21.0
2244,2245,-295931063#3,24.101806239737275
2246,2247,-299988911#2,39.4
2248,2249,-299988912#2,30.88
2250,2251,-299988913,2.96
2252,2253,-299988915#1,13.92
2254,2255,-30017692#11,17.59748427672956
2256,2257,-30017692#15,14.884615384615385
2258,2259,-30017692#20,16.710526315789473
2260,2261,-30017692#5,21.7396449704142
2262,2263,-30127481#5,34.0
2264,2265,-30171114#1,29.12707182320442
2266,2267,-30323265#1,36.06976744186046
2268,2269,-30323265#3,13.11111111111111
2270,2271,-30323346#2,13.903508771929825
2272,2273,-30323347#9,64.1864406779661
2274,2275,-30323348#2,40.97435897435897
2276,2277,-30323349#13,26.505836575875488
2278,2279,-30323349#9,22.77446808510638
2280,2281,-30428204#1,18.0
2282,2283,-305295506#2,43.27272727272727
2284,2285,-305901256#2,31.6
2286,2287,-30604409#6,57.70675453047776
2288,2289,-306390406#2,15.582978723404254
2290,2291,-306396967#10,21.823529411764707
2292,2293,-306396967#2,29.57894736842105
2294,2295,-306396967#4,18.413793103448278
2296,2297,-306396967#5,20.933333333333334
2298,2299,-306396967#9,45.2
2300,2301,-307620321,68.4
2306,2307,-30772535#3,29.4
2310,2311,-30890656#0,3.950617283950617
2312,2313,-31000984#2,18.72
2318,2319,-310804139#2,105.6
2324,2325,-31097133#1,17.0
2328,2329,-31097133#4,19.23076923076923
2334,2335,-31097291#4,17.0
2336,2337,-311181481#3,19.469026548672566
2338,2339,-311773063#16,71.0
2342,2343,-3138669#11,44.72727272727273
2344,2345,-3138669#12,21.866666666666667
2346,2347,-3138669#13,20.4
2348,2349,-3138669#14,4.2
2350,2351,-3138669#16,20.0
2352,2353,-3138669#18,39.8
2354,2355,-3138669#3,38.666666666666664
2356,2357,-3138669#7,29.22222222222222
2358,2359,-314095467,6.268656716417911
2360,2361,-3156749#0,23.105263157894736
2362,2363,-3156749#1,25.68421052631579
2364,2365,-3156749#2,16.425531914893618
2366,2367,-3156749#7,17.863013698630137
2368,2369,-3156901#18,58.857142857142854
2374,2375,-317222609#0,25.5
2376,2377,-317222609#2,22.4
2378,2379,-317222609#4,24.8
2380,2381,-317222610,9.692307692307692
2382,2383,-317222611#0,16.647058823529413
2384,2385,-317222611#1,24.32
2386,2387,-317222611#3,54.32
2388,2389,-317222612#0,46.666666666666664
2390,2391,-317222612#1,47.78378378378378
2392,2393,-317543382#2,18.195121951219512
2394,2395,-318248788#2,14.602272727272727
2396,2397,-3185634#0,25.6
2398,2399,-3185634#2,57.8
2400,2401,-3189024#1,25.90909090909091
2402,2403,-3189024#2,20.8
2404,2405,-3189024#3,28.363636363636363
2406,2407,-3189024#4,13.142857142857142
2408,2409,-3189024#7,30.41269841269841
2412,2413,-3189025#11,72.4
2414,2415,-3189025#15,22.0
2420,2421,-3189026#0,6.133333333333334
2422,2423,-3189026#1,13.11111111111111
2424,2425,-3189026#2,7.578947368421052
2426,2427,-3189026#3,34.5
2436,2437,-32136688#3,15.086705202312139
2438,2439,-32198773#3,25.0
2442,2443,-3243054#10,31.43071161048689
2444,2445,-3243054#3,71.16728624535315
2446,2447,-3243056#2,17.393939393939394
2448,2449,-3243056#4,6.063745019920319
2454,2455,-3243063#2,43.7
2456,2457,-3243064#1,41.25
2458,2459,-3243064#2,32.5
2460,2461,-3243064#4,49.0
2462,2463,-3243065#0,13.0
2468,2469,-3243068#0,11.283018867924529
2470,2471,-3243068#1,30.91891891891892
2474,2475,-3243068#2,25.53846153846154
2476,2477,-3243068#5,73.0
2478,2479,-3245456#2,26.666666666666668
2480,2481,-3245457#6,50.4
2482,2483,-3245457#7,0.6857142857142857
2486,2487,-3245460#4,12.461538461538462
2488,2489,-3245477#1,51.333333333333336
2490,2491,-326512438,12.571428571428571
2492,2493,-326512439,50.8
2496,2497,-3283201#2,31.8
2498,2499,-3283202#1,35.2
2502,2503,-3283202#3,20.2
2506,2507,-3283202#5,17.2
2508,2509,-3283203#0,58.0
2510,2511,-3283203#1,59.0
2512,2513,-3283321#1,22.6
2514,2515,-3283321#3,13.333333333333334
2516,2517,-32853221#4,38.13913043478261
2518,2519,-32958392#2,17.326732673267326
2520,2521,-32958392#6,20.270833333333332
2522,2523,-32958392#7,12.83673469387755
2524,2525,-32958392#9,18.224489795918366
2526,2527,-32958393,2.6323529411764706
2528,2529,-32958394#2,24.488372093023255
2530,2531,-32992028,34.174814814814816
2532,2533,-32992029#1,29.33434650455927
2536,2537,-3301995#1,6.56
2538,2539,-3301995#2,33.86666666666667
2540,2541,-3301995#3,11.2
2542,2543,-3301995#5,55.2
2544,2545,-3301995#7,44.0
2546,2547,-3301996#0,22.833333333333332
2548,2549,-3301996#1,21.333333333333332
2550,2551,-3301997,2.0
2554,2555,-3301998#4,52.0
2556,2557,-3301998#8,42.0
2558,2559,-3301999#2,22.4
2560,2561,-3302000#1,22.4
2562,2563,-3302000#3,25.77777777777778
2564,2565,-3302001#0,5.538461538461538
2566,2567,-3302001#1,32.193548387096776
2568,2569,-3302001#5,64.4
2570,2571,-3302175#2,21.550898203592816
2572,2573,-3303591#1,53.84615384615385
2576,2577,-3322001#0,3.4076015727391873
2578,2579,-3322001#4,16.88409703504043
2580,2581,-3322003#1,31.058823529411764
2586,2587,-3322006#0,9.714285714285714
2588,2589,-3322006#1,2.0
2590,2591,-3322008#3,47.2
2592,2593,-3322008#6,44.98360655737705
2594,2595,-3322008#7,5.39622641509434
2596,2597,-3322008#9,23.650793650793652
2600,2601,-3322009#2,20.0
2602,2603,-3322010,25.6
2604,2605,-3322011#10,28.90909090909091
2606,2607,-3322011#2,33.3125
2608,2609,-3322011#5,54.4375
2610,2611,-3322011#6,18.39080459770115
2612,2613,-3322011#7,22.379310344827587
2614,2615,-3322012,30.313725490196077
2618,2619,-3322015#1,30.0
2620,2621,-3322015#3,32.0
2624,2625,-3322015#6,28.8
2626,2627,-3322015#7,34.0
2628,2629,-3322016#0,28.8
2632,2633,-3322016#4,22.0
2634,2635,-3322016#6,23.666666666666668
2638,2639,-3322099,35.733333333333334
2640,2641,-3322100#0,28.0
2642,2643,-3322100#2,18.058823529411764
2644,2645,-3322100#3,10.971428571428572
2646,2647,-3322101#2,62.714285714285715
2648,2649,-3322102#6,60.57142857142857
2650,2651,-3322103#3,30.96
2652,2653,-3322103#4,26.25
2654,2655,-3322103#6,33.0
2656,2657,-3322103#9,32.415841584158414
2658,2659,-3322132#1,39.013333333333335
2660,2661,-3322132#2,21.211267605633804
2662,2663,-3322132#3,56.56
2664,2665,-3322132#4,25.75
2666,2667,-3322132#7,28.16
2668,2669,-3322132#8,34.0
2670,2671,-3322132#9,28.7
2674,2675,-3322133#4,90.8
2676,2677,-3322134#0,20.285714285714285
2678,2679,-3322134#2,24.0
2680,2681,-3322134#4,91.33333333333333
2682,2683,-3322135#1,20.0
2686,2687,-3322136#0,22.22222222222222
2688,2689,-3322136#4,26.933333333333334
2690,2691,-3322136#6,19.6
2692,2693,-3322136#7,15.4
2694,2695,-3322139#0,4.0
2696,2697,-3322139#2,53.86666666666667
2698,2699,-3322139#4,53.6
2700,2701,-3322139#5,35.333333333333336
2702,2703,-3322140,50.0
2704,2705,-3322286#1,102.66666666666667
2712,2713,-334186514#2,22.76923076923077
2714,2715,-334186514#5,16.61124694376528
2716,2717,-334186514#7,12.473170731707317
2718,2719,-3342911#3,48.266666666666666
2720,2721,-3343134#2,49.333333333333336
2722,2723,-3343135#1,43.8
2724,2725,-3343136#0,44.333333333333336
2726,2727,-3343136#1,22.833333333333332
2728,2729,-3343137,28.4
2730,2731,-3343194,27.555555555555557
2732,2733,-3343238#13,63.47826086956522
2734,2735,-3343238#22,59.94285714285714
2736,2737,-3343238#25,24.454545454545453
2738,2739,-3343238#26,15.6
2740,2741,-3343243#0,36.8
2742,2743,-3343243#1,39.0
2746,2747,-3343243#14,17.5625
2750,2751,-3343243#16,14.6
2752,2753,-3343243#17,11.733333333333333
2754,2755,-3343243#4,21.384615384615383
2756,2757,-3343243#6,9.6
2758,2759,-3343243#7,10.76923076923077
2760,2761,-3343243#8,10.823529411764707
2762,2763,-3343243#9,24.0
2764,2765,-3343297,46.0
2766,2767,-334738101#1,42.97029702970297
2768,2769,-33525635#4,28.57286432160804
2770,2771,-33525635#5,22.010695187165776
2772,2773,-33525635#6,20.449197860962567
2774,2775,-33525635#8,17.921348314606742
2776,2777,-33525636#2,27.846153846153847
2778,2779,-33525636#6,22.0
2780,2781,-33525636#9,24.0
2782,2783,-33525637,18.88
2784,2785,-33525638#1,12.25
2788,2789,-33525639#1,77.6
2790,2791,-33525639#4,79.66666666666667
2792,2793,-33525640,27.272727272727273
2794,2795,-33525641,4.556701030927835
2796,2797,-33616844#3,17.6
2798,2799,-33633168#11,62.166666666666664
2800,2801,-33633168#7,101.2
2804,2805,-33633170#1,66.8
2810,2811,-33633172,28.2
2814,2815,-3425483,16.5
2816,2817,-3425485#0,43.25
2818,2819,-3425485#1,23.142857142857142
2820,2821,-3425485#2,26.266666666666666
2822,2823,-3425489#3,42.888888888888886
2824,2825,-3425499#1,10.4
2826,2827,-3425499#10,70.5
2828,2829,-3425499#17,62.0
2830,2831,-3425499#20,41.625
2832,2833,-3425499#21,32.4
2834,2835,-3425499#22,18.4
2836,2837,-3430495#4,40.4
2844,2845,-3447778#0,3.6
2846,2847,-3447778#1,0.8
2850,2851,-345733058,7.888888888888889
2852,2853,-34946878#10,40.64150943396226
2854,2855,-34946878#6,100.47272727272727
2856,2857,-34955715,1.8461538461538463
2860,2861,-34955717#4,13.0
2862,2863,-34955717#5,6.8
2866,2867,-350136806#1,9.066666666666666
2868,2869,-350136806#12,43.28
2872,2873,-35039843#2,27.866666666666667
2874,2875,-35039843#6,21.058823529411764
2876,2877,-35039843#7,9.954545454545455
2878,2879,-35039844,19.636363636363637
2880,2881,-35039845#4,74.75
2884,2885,-35043607,23.6
2886,2887,-35052911#3,13.441130298273155
2888,2889,-35063721#4,33.0
2890,2891,-35064461#3,176.0
2892,2893,-35078030#0,9.6
2894,2895,-35078030#1,14.0
2898,2899,-35078034,58.8
2902,2903,-35078618,30.714542190305206
2904,2905,-35108718,13.090909090909092
2906,2907,-35108719#2,9.155737704918034
2908,2909,-35108720#23,58.83464566929134
2910,2911,-35108720#5,39.776119402985074
2912,2913,-35108720#9,15.202898550724637
2914,2915,-351615223#0,4.1647058823529415
2916,2917,-351615223#6,30.02857142857143
2918,2919,-351615223#7,4.676923076923077
2920,2921,-351615223#8,9.217391304347826
2922,2923,-351615235#13,17.854545454545455
2924,2925,-351615235#3,14.690909090909091
2926,2927,-351615235#6,11.753846153846155
2928,2929,-351615245#2,24.516129032258064
2930,2931,-3526897#0,29.36842105263158
2932,2933,-3526897#1,18.4
2934,2935,-3526898#1,28.76923076923077
2936,2937,-3526898#2,18.0
2938,2939,-3526898#4,13.0
2940,2941,-352875086#1,13.376146788990825
2942,2943,-353258540#4,10.365384615384615
2944,2945,-353666023#0,27.333333333333332
2946,2947,-353666023#1,43.28476821192053
2948,2949,-353666023#2,18.907894736842106
2950,2951,-353666023#6,20.187290969899667
2952,2953,-353666023#7,14.9937106918239
2954,2955,-3550327#32,139.4
2956,2957,-3551567#12,47.142857142857146
2958,2959,-3551567#19,34.0
2960,2961,-3551567#4,94.2051282051282
2962,2963,-3551567#7,33.69230769230769
2964,2965,-3551810#18,59.6
2966,2967,-3551810#6,57.568627450980394
2968,2969,-3551828#1,45.8
2970,2971,-3551833#4,49.4
2974,2975,-3551855#0,4.8
2976,2977,-3551855#13,36.0
2978,2979,-3551855#4,37.0
2980,2981,-3551934#5,44.8
2982,2983,-3551936#2,42.8
2988,2989,-3552681#8,36.2
2990,2991,-3552688#1,21.833333333333332
2992,2993,-3552688#2,2.0
2994,2995,-3552734#2,139.28125
2996,2997,-3552734#5,115.92233009708738
2998,2999,-3552735,2.0
3002,3003,-35921905#1,7.6
3004,3005,-35994258#12,10.4
3006,3007,-35994258#3,24.88372093023256
3010,3011,-35994258#9,20.8
3014,3015,-360015946#0,20.114285714285714
3016,3017,-360015946#1,22.2
3018,3019,-360015946#2,23.066666666666666
3020,3021,-361074024,60.8
3022,3023,-361156401#3,23.085714285714285
3024,3025,-361462507#3,23.2
3028,3029,-3615536#2,30.0
3030,3031,-3615537,1.4444444444444444
3032,3033,-3615539#4,36.0
3034,3035,-3615540,39.2
3040,3041,-3625904#1,27.2
3042,3043,-3625904#2,30.0
3044,3045,-3625906#0,28.823529411764707
3046,3047,-3625906#1,28.666666666666668
3048,3049,-3625906#2,15.0
3052,3053,-363470954#15,42.2
3054,3055,-363470954#6,28.8
3058,3059,-363470957#2,29.652173913043477
3060,3061,-363470959#4,73.5
3062,3063,-363470960#9,89.8
3064,3065,-363801259#2,9.259574468085106
3068,3069,-3655020#2,64.4
3070,3071,-3655024#1,28.0
3072,3073,-3655024#2,20.4
3074,3075,-3655028#3,71.6
3076,3077,-3655033#0,18.333333333333332
3078,3079,-3655033#1,22.76923076923077
3080,3081,-3655033#5,25.61904761904762
3082,3083,-3655042#0,61.2
3086,3087,-3655064#11,20.666666666666668
3088,3089,-3655064#4,19.0
3090,3091,-3655064#6,20.0
3092,3093,-3655072#14,46.81481481481482
3094,3095,-3655072#19,33.03703703703704
3096,3097,-3655072#7,87.2
3098,3099,-3655072#8,34.13333333333333
3100,3101,-3655076#1,15.882352941176471
3102,3103,-3655078#0,23.3125
3104,3105,-3655078#2,23.82857142857143
3106,3107,-3655080,48.6
3110,3111,-366102515#13,81.15929203539822
3112,3113,-366102516,5.32258064516129
3114,3115,-366102518#1,11.451612903225806
3116,3117,-366102520#2,31.63888888888889
3118,3119,-366137227#1,98.93314763231197
3120,3121,-3661678#5,52.8
3122,3123,-3661678#6,17.636363636363637
3124,3125,-3661678#7,26.0
3126,3127,-3689660#2,50.90909090909091
3128,3129,-3689660#3,53.0
3130,3131,-3689776#3,40.8
3132,3133,-3689777,30.2
3134,3135,-3689778#1,10.4
3136,3137,-3689778#2,18.8
3142,3143,-3689781,24.764705882352942
3144,3145,-3689782#2,47.6
3148,3149,-3689881#1,19.6
3150,3151,-3689882,11.2
3156,3157,-3692212#2,20.5
3158,3159,-3693729#1,16.8
3160,3161,-3693729#4,27.2
3164,3165,-3693731#2,62.52173913043478
3166,3167,-3693731#4,60.61538461538461
3170,3171,-3701102#5,23.636363636363637
3172,3173,-37018082#1,24.285714285714285
3176,3177,-37018139#0,38.0
3182,3183,-37018150#3,38.0
3184,3185,-37018549#1,94.0
3186,3187,-37018549#6,76.4
3188,3189,-3709038#3,58.92307692307692
3192,3193,-371609622#1,60.94117647058823
3194,3195,-371609624#0,25.75862068965517
3196,3197,-371609624#12,43.69230769230769
3198,3199,-371609624#17,16.4
3200,3201,-371609624#8,28.41025641025641
3202,3203,-37253337#0,39.5
3204,3205,-37253337#4,69.6
3208,3209,-37253348#3,74.6923076923077
3212,3213,-37299313#5,26.1
3214,3215,-3732656,23.85185185185185
3216,3217,-3732685#2,75.2
3218,3219,-373269563#1,36.4
3220,3221,-373269567#2,26.4
3224,3225,-3732706#1,87.72222222222223
3226,3227,-3732737#0,24.4
3230,3231,-3732784,32.0
3232,3233,-3732880#5,65.2
3234,3235,-3732947#1,22.0
3238,3239,-3733064,22.8
3240,3241,-3747321,31.2
3242,3243,-374909783#2,6.766666666666667
3244,3245,-3753328#13,56.2
3246,3247,-375792027#5,32.38297872340426
3248,3249,-37640569#1,22.846153846153847
3250,3251,-37640569#3,29.307692307692307
3252,3253,-37640569#4,22.76923076923077
3254,3255,-37640569#7,26.46153846153846
3256,3257,-37642925#4,39.2
3258,3259,-37642925#9,50.0
3262,3263,-37665849#2,24.28787878787879
3264,3265,-37739521#5,33.4
3268,3269,-37768220#1,37.6
3278,3279,-37855480#4,43.9
3282,3283,-38273891,27.597014925373134
3286,3287,-3846270#8,81.6
3288,3289,-3846298#3,108.0
3290,3291,-3846306#1,103.27272727272727
3292,3293,-3846337#1,25.333333333333332
3294,3295,-3846337#2,20.75
3296,3297,-3846341#1,26.666666666666668
3298,3299,-3846341#3,19.6
3300,3301,-3846341#4,25.285714285714285
3304,3305,-38522958,17.805825242718445
3306,3307,-38522959#1,29.315068493150687
3308,3309,-38522961#6,22.742424242424242
3310,3311,-38609704#12,66.5
3312,3313,-38609704#18,28.5
3314,3315,-38609709#2,55.42857142857143
3316,3317,-38609710#2,37.8
3322,3323,-386516182,1.936283185840708
3324,3325,-386516183,2.7460035523978688
3326,3327,-386516184#1,2.478723404255319
3328,3329,-386516185#5,11.947474747474747
3330,3331,-386516186#2,5.450354609929078
3332,3333,-38684265#1,23.176829268292682
3334,3335,-38684265#3,31.139318885448915
3336,3337,-38684265#9,57.95594713656388
3338,3339,-387912823#5,27.2
3340,3341,-38876178#1,54.28699551569507
3342,3343,-38876178#10,27.91705069124424
3344,3345,-38876178#2,5.140350877192983
3346,3347,-38876178#6,18.285714285714285
3348,3349,-38876179#0,42.8
3350,3351,-38876179#1,27.428571428571427
3352,3353,-38876179#10,40.666666666666664
3354,3355,-38876179#2,26.0
3356,3357,-38876179#4,27.2
3358,3359,-38876179#6,52.4
3360,3361,-38876180#1,44.14782608695652
3362,3363,-38876180#10,33.450980392156865
3364,3365,-38876180#11,26.208955223880597
3366,3367,-38876180#12,8.037037037037036
3368,3369,-38876180#15,30.0
3370,3371,-38876180#3,39.45161290322581
3372,3373,-38876180#4,8.828729281767956
3374,3375,-38876180#6,32.0
3376,3377,-38876180#7,32.136752136752136
3378,3379,-39306504#1,22.689655172413794
3380,3381,-3931766#9,79.2
3382,3383,-3931767#12,67.6
3384,3385,-3931767#14,40.4
3386,3387,-3931767#4,52.666666666666664
3390,3391,-3960574,20.0
3392,3393,-3960575#14,37.333333333333336
3394,3395,-3960575#21,51.76470588235294
3396,3397,-3960575#22,8.608695652173912
3398,3399,-3960575#5,47.5
3400,3401,-3960575#8,8.666666666666666
3408,3409,-3960690#1,20.8
3410,3411,-3960691#0,20.833333333333332
3412,3413,-3960691#1,20.0
3414,3415,-3960692#2,38.8
3416,3417,-3960693#0,9.304347826086957
3418,3419,-3960693#10,38.0
3420,3421,-3960693#11,7.794871794871795
3422,3423,-3960693#14,52.8421052631579
3424,3425,-3960693#3,47.76
3426,3427,-3960694#0,47.0
3428,3429,-3960694#2,37.6
3430,3431,-3960694#3,8.6
3432,3433,-3960694#4,51.2
3434,3435,-3960695,37.53846153846154
3436,3437,-3960862#0,31.066666666666666
3438,3439,-3960862#1,20.0
3440,3441,-3960862#2,18.0
3444,3445,-3979002#0,30.32
3446,3447,-3979002#1,21.4
3450,3451,-3979003#0,51.2
3452,3453,-3979003#1,24.0
3462,3463,-3979006#1,17.238095238095237
3464,3465,-3979006#2,22.0
3470,3471,-3979008,50.8
3474,3475,-3979010#1,30.0
3476,3477,-3979010#3,16.2
3478,3479,-3979011#1,37.4
3480,3481,-3986114#0,31.0
3482,3483,-3986114#2,27.6
3486,3487,-3986114#5,33.2
3490,3491,-3986115#1,43.06666666666667
3492,3493,-3986116#0,40.22222222222222
3494,3495,-3986116#1,38.2
3496,3497,-3986117#1,38.8
3500,3501,-3986119,25.77777777777778
3502,3503,-3986698,80.0
3504,3505,-3994235#3,63.06666666666667
3506,3507,-3994239#0,44.6
3510,3511,-3994239#2,12.941176470588236
3512,3513,-3994239#3,8.666666666666666
3514,3515,-3994239#4,18.0
3518,3519,-3994239#6,15.2
3520,3521,-3994240#0,31.047619047619047
3522,3523,-3994240#1,12.25
3524,3525,-3994240#2,46.0
3526,3527,-3994241,42.285714285714285
3528,3529,-3994242#0,36.083333333333336
3532,3533,-3994243#0,17.09090909090909
3534,3535,-3994243#1,23.2
3536,3537,-3994243#4,28.9
3538,3539,-3994245,44.61538461538461
3540,3541,-3994246#2,18.307692307692307
3542,3543,-3994246#3,23.333333333333332
3546,3547,-3994246#5,33.6
3548,3549,-3994246#7,64.5
3550,3551,-3994246#8,18.5
3552,3553,-3994250#6,35.07692307692308
3554,3555,-3994254,37.2
3556,3557,-3996182#1,30.8
3558,3559,-3996183#1,22.0
3560,3561,-3996183#3,39.75
3562,3563,-3996991,2.6666666666666665
3566,3567,-4000002#2,8.8
3568,3569,-4003710#1,20.266666666666666
3572,3573,-4005487#1,47.2
3574,3575,-4005487#8,68.66666666666667
3576,3577,-4005488#10,39.2
3578,3579,-4005488#6,44.0
3580,3581,-4005488#8,66.3076923076923
3582,3583,-4005489#2,43.29032258064516
3584,3585,-4005489#3,68.5
3586,3587,-4005489#5,29.466666666666665
3588,3589,-4005490#0,27.68421052631579
3590,3591,-4005490#1,26.717391304347824
3592,3593,-4005490#10,48.23848238482385
3594,3595,-4005490#2,31.450292397660817
3596,3597,-4005490#4,23.8
3598,3599,-4005491#0,21.333333333333332
3600,3601,-4005491#1,25.176470588235293
3602,3603,-4005492#0,22.7
3604,3605,-4005492#1,21.0
3606,3607,-4005492#2,24.6
3608,3609,-4005493,26.0
3610,3611,-4005494#13,22.0
3612,3613,-4005494#16,36.8
3614,3615,-4005494#2,20.666666666666668
3618,3619,-4005494#7,22.0
3620,3621,-4005494#8,20.571428571428573
3622,3623,-4005495,37.53846153846154
3624,3625,-4005496,33.6
3626,3627,-4005497#1,33.2
3628,3629,-4005499#2,34.5
3630,3631,-4005500#1,45.6
3632,3633,-4005500#3,61.609756097560975
3634,3635,-4061607#3,20.833333333333332
3636,3637,-4061607#7,44.689655172413794
3638,3639,-4061622,2.871794871794872
3642,3643,-4068433#1,19.6
3646,3647,-4068434#2,79.2
3650,3651,-4068435#4,67.2
3652,3653,-4073022,35.75050301810865
3654,3655,-4073031#1,26.25
3656,3657,-40742406#3,30.4
3666,3667,-4074424#1,36.0
3668,3669,-4074424#3,22.6
3672,3673,-4076473#0,42.317460317460316
3674,3675,-4076473#1,25.4
3676,3677,-4076474#0,29.8
3678,3679,-4076474#3,27.96078431372549
3680,3681,-4076474#4,30.1
3682,3683,-4076475#1,41.0
3684,3685,-4076476#1,11.243697478991596
3686,3687,-4076476#18,59.388888888888886
3688,3689,-4076476#3,30.387096774193548
3690,3691,-4076476#8,28.071428571428573
3694,3695,-4076479#13,64.0
3696,3697,-4076482#1,6.72
3698,3699,-4076483,17.8
3704,3705,-4076496#1,30.470588235294116
3706,3707,-4076496#12,33.333333333333336
3708,3709,-4076496#3,14.380952380952381
3710,3711,-4076503#2,16.8
3712,3713,-4076551#1,46.55102040816327
3714,3715,-4076563#14,29.333333333333332
3716,3717,-4076563#21,38.46666666666667
3726,3727,-4076566#5,62.0
3732,3733,-4080255#6,47.442129629629626
3734,3735,-4082054#13,28.170212765957448
3736,3737,-4082054#9,46.91089108910891
3740,3741,-4083291#3,26.0
3742,3743,-4083292#1,22.0
3744,3745,-4083293#3,46.8
3746,3747,-4083293#8,36.0
3748,3749,-4083300,35.6
3752,3753,-4083305#19,74.07692307692308
3756,3757,-41532482,127.81818181818181
3758,3759,-41821146#1,14.8
3760,3761,-41821147#2,21.866666666666667
3764,3765,-421117035,1.1666666666666667
3766,3767,-42150868#1,17.714285714285715
3768,3769,-42150869,3.2771084337349397
3770,3771,-42150870#10,15.523809523809524
3772,3773,-42150870#14,15.827956989247312
3774,3775,-42150870#16,23.959183673469386
3776,3777,-42150870#2,17.86111111111111
3778,3779,-42150870#4,13.634146341463415
3780,3781,-42150870#7,9.379310344827585
3782,3783,-42150872#1,25.764705882352942
3784,3785,-42150873#7,27.75
3788,3789,-4228620#3,53.0
3792,3793,-4228623#1,54.4
3794,3795,-4228624#0,22.0
3800,3801,-4228627#0,14.0
3802,3803,-4228627#1,21.0
3804,3805,-4228628#15,32.42857142857143
3806,3807,-4228628#16,27.1864406779661
3808,3809,-4228628#18,16.816326530612244
3810,3811,-4228628#2,17.2
3812,3813,-4228628#5,21.5
3814,3815,-4228628#8,16.5
3818,3819,-4228633#1,109.2
3822,3823,-4228637#1,30.0
3826,3827,-4228898#15,47.4
3830,3831,-4228902#1,20.133333333333333
3832,3833,-4228904#0,16.2
3834,3835,-4228904#1,8.4
3836,3837,-4228904#3,14.6
3838,3839,-4228904#4,9.2
3840,3841,-4228906#3,46.0
3844,3845,-4228914,6.4
3846,3847,-4228924#1,11.05
3848,3849,-4228924#3,25.933333333333334
3850,3851,-4228926#0,17.714285714285715
3852,3853,-4228926#2,28.10909090909091
3854,3855,-4228940#2,77.0
3856,3857,-4228941#2,17.130434782608695
3858,3859,-4228947,3.8181818181818183
3860,3861,-4228952#2,6.481481481481482
3864,3865,-4228986#1,99.44680851063829
3866,3867,-4228986#7,231.88235294117646
3872,3873,-4228988#6,385.6
3876,3877,-4229042#17,113.2
3878,3879,-4229043#16,92.4
3880,3881,-4229044#2,82.0
3886,3887,-4229077#2,15.6
3888,3889,-4229686#1,21.866666666666667
3890,3891,-4229686#3,79.2
3892,3893,-4230954,4.152212389380531
3894,3895,-4231195#11,8.986842105263158
3896,3897,-4231195#14,10.423076923076923
3898,3899,-4231195#3,28.028169014084508
3900,3901,-4231195#7,11.617834394904458
3902,3903,-42376205#8,50.56
3904,3905,-42506321#2,28.0
3906,3907,-42506322#1,44.792792792792795
3908,3909,-4256770#1,98.75862068965517
3910,3911,-4256770#4,158.23529411764707
3916,3917,-4268724#1,27.0
3918,3919,-4268724#4,52.0
3920,3921,-4268725#0,18.8
3922,3923,-4268725#1,12.8
3926,3927,-4268727#0,25.066666666666666
3928,3929,-4268727#1,24.666666666666668
3930,3931,-4268727#3,23.6
3932,3933,-4268732#2,32.888888888888886
3934,3935,-4268732#3,22.0
3938,3939,-4268745#2,10.666666666666666
3942,3943,-4268941#1,3.0042553191489363
3944,3945,-4268943#1,104.53333333333333
3948,3949,-4287765#6,51.65714285714286
3950,3951,-4288235#3,41.361702127659576
3952,3953,-4288235#5,30.193548387096776
3958,3959,-4291898#4,68.4
3962,3963,-4291901#4,148.0
3964,3965,-4300404#1,21.0
3968,3969,-4300404#9,39.6
3978,3979,-4300423,73.125
3980,3981,-4300425#0,26.8
3982,3983,-4300425#2,28.5
3984,3985,-4300425#3,30.4
3986,3987,-4300430#2,87.33333333333333
3988,3989,-4300450#6,39.63157894736842
3990,3991,-4300452#1,25.0
3992,3993,-4300453#3,119.2
3994,3995,-4300453#5,7.6
3998,3999,-4300455,42.8
4000,4001,-4300456#3,26.923076923076923
4004,4005,-4300496#2,99.2
4006,4007,-4300496#3,44.0
4008,4009,-4300496#4,75.6
4010,4011,-4300497,25.533333333333335
4012,4013,-4300498#0,52.6
4014,4015,-4300498#1,12.6
4016,4017,-4300500#0,42.0
4020,4021,-4300502#1,22.16216216216216
4022,4023,-4300504#0,65.6
4024,4025,-4300504#3,54.8
4026,4027,-4300505#0,8.4
4028,4029,-4300505#1,20.4
4030,4031,-4300506#1,48.0
4032,4033,-4300927#0,31.0
4036,4037,-4300928,10.142857142857142
4038,4039,-4300930#0,41.333333333333336
4040,4041,-4300930#1,50.13333333333333
4042,4043,-4300930#2,15.36
4044,4045,-4300930#4,71.33333333333333
4046,4047,-4300931,36.8
4048,4049,-4300932#0,13.2
4054,4055,-4300934#1,19.57894736842105
4056,4057,-4300934#3,22.526315789473685
4058,4059,-4300935#1,14.181818181818182
4060,4061,-4300935#2,18.636363636363637
4064,4065,-4300936#1,6.0
4066,4067,-4300936#2,11.2
4070,4071,-4300937#1,34.0
4072,4073,-4300937#3,31.2
4074,4075,-4300943#0,27.25
4076,4077,-4300943#2,31.333333333333332
4080,4081,-4300945#0,8.25
4084,4085,-4300946#0,16.0
4086,4087,-4300946#1,13.2
4088,4089,-4307723,26.31314623338257
4090,4091,-4313310#8,43.125
4094,4095,-4313346#11,43.04280155642024
4096,4097,-4313346#8,43.05179282868526
4102,4103,-4350121#5,42.285714285714285
4104,4105,-4350121#6,19.76
4106,4107,-4350122#3,104.57142857142857
4110,4111,-4350124#4,38.0
4118,4119,-4350128#1,11.6
4120,4121,-4350128#2,10.0
4122,4123,-4350132#2,61.333333333333336
4124,4125,-43558218#2,77.76470588235294
4126,4127,-43558218#4,35.6
4130,4131,-43558219,31.46938775510204
4140,4141,-4391188,36.0
4144,4145,-4391195#1,21.9
4146,4147,-4391195#7,44.1
4152,4153,-4391199#1,27.6
4154,4155,-4391199#2,22.0
4156,4157,-4391200#1,18.0
4158,4159,-4391200#3,34.8
4164,4165,-4391203,11.333333333333334
4166,4167,-4391204#1,26.8
4170,4171,-4391205#1,6.0
4172,4173,-4391205#2,11.2
4174,4175,-4391205#4,22.0
4176,4177,-4391206,30.8
4178,4179,-4391207,30.8
4180,4181,-4391208#1,28.0
4184,4185,-4391209,18.0
4186,4187,-4391211#0,19.428571428571427
4188,4189,-4391211#1,10.869565217391305
4190,4191,-4391211#2,8.11111111111111
4192,4193,-4391212#2,84.82608695652173
4194,4195,-4391213#1,11.307692307692308
4196,4197,-4391214,39.84615384615385
4198,4199,-4391215#1,44.111111111111114
4200,4201,-4391216#0,23.166666666666668
4202,4203,-4391216#1,20.6
4208,4209,-4391219#0,22.8
4210,4211,-4391219#2,28.4
4212,4213,-4391221#0,35.77777777777778
4216,4217,-4426247,35.46666666666667
4218,4219,-4426293,7.5
4222,4223,-4432946#0,9.6
4224,4225,-4432946#1,13.4
4228,4229,-4432948#0,9.2
4232,4233,-4432949#2,19.2
4234,4235,-4432949#3,9.0
4236,4237,-4432949#5,18.0
4238,4239,-4432950#2,47.5
4240,4241,-4432951#0,14.08
4244,4245,-4432952#0,17.6
4246,4247,-4432952#2,17.5
4248,4249,-4432952#4,32.0
4250,4251,-4432952#6,27.1
4252,4253,-4432952#9,52.2
4254,4255,-4434009#4,24.6
4256,4257,-4434009#9,47.583333333333336
4260,4261,-4434031#10,44.4
4262,4263,-4434031#2,42.75
4264,4265,-4434031#3,14.857142857142858
4266,4267,-4434031#8,31.9375
4268,4269,-4434046#1,15.6
4270,4271,-4434046#4,97.0
4272,4273,-4434047#5,118.4
4276,4277,-4434054#1,23.0
4278,4279,-4434056#0,56.285714285714285
4282,4283,-4435387,20.0
4284,4285,-4435388#11,65.8
4286,4287,-4435389#13,59.473684210526315
4290,4291,-4435389#7,16.8
4292,4293,-4435389#8,10.8
4294,4295,-4435391#0,24.4
4296,4297,-4435391#1,23.0
4298,4299,-4435391#4,26.333333333333332
4300,4301,-4435392#0,29.8
4302,4303,-4435392#2,41.38461538461539
4306,4307,-4435393#1,17.6
4314,4315,-4435394#6,41.5
4318,4319,-4435395#1,35.2
4320,4321,-4435396#1,8.981818181818182
4322,4323,-4435396#3,24.133333333333333
4326,4327,-4435400,30.4
4332,4333,-4435407,73.6
4334,4335,-4435409,26.4
4336,4337,-4435410#0,16.0
4340,4341,-4435411#0,27.0
4342,4343,-4435411#2,15.0
4346,4347,-4435413#0,24.333333333333332
4348,4349,-4435413#1,23.333333333333332
4350,4351,-4435432#2,70.8
4354,4355,-4438150#10,29.12
4356,4357,-4438150#5,56.266666666666666
4358,4359,-4438150#6,16.4
4360,4361,-4438153#2,112.0
4362,4363,-4438158,36.8
4364,4365,-4438159#0,13.461538461538462
4368,4369,-4438160,33.86666666666667
4372,4373,-4438162#1,19.2
4374,4375,-4438162#2,10.0
4378,4379,-4438168#1,22.8
4380,4381,-4438168#2,23.2
4382,4383,-4438168#4,20.4
4386,4387,-4438177#1,45.4
4388,4389,-4438177#3,26.9
4390,4391,-4438179,26.0
4394,4395,-4438181#1,9.8
4396,4397,-4438181#2,40.266666666666666
4398,4399,-4438181#4,11.6
4400,4401,-4438183#1,44.0
4404,4405,-4446643#2,42.0
4406,4407,-4446664#3,73.2
4408,4409,-4446930#5,25.224489795918366
4410,4411,-4446930#9,41.170731707317074
4412,4413,-4446933#0,28.8
4414,4415,-4446933#2,23.6
4416,4417,-4446936,2.0
4418,4419,-4446938#1,54.4
4420,4421,-4446938#3,28.4
4422,4423,-4446941#1,13.6
4434,4435,-45033879#1,11.0
4436,4437,-45667818,37.9
4438,4439,-464786789#1,23.863636363636363
4452,4453,-472367993,28.0
4454,4455,-474008060,75.2
4456,4457,-4825286#3,27.6
4458,4459,-4827199#0,15.62295081967213
4460,4461,-4827199#1,13.585365853658537
4462,4463,-4863242#2,9.0
4464,4465,-48653218,5.300970873786408
4470,4471,-488244956#1,36.6
4474,4475,-4887315#3,22.551724137931036
4476,4477,-4887315#6,20.705882352941178
4480,4481,-4887449#5,26.0
4482,4483,-4887454#0,16.8
4486,4487,-4887454#3,16.0
4488,4489,-4887469#4,65.66666666666667
4490,4491,-4890655#1,14.4
4492,4493,-4890655#10,24.133333333333333
4494,4495,-4890655#13,65.9
4496,4497,-4890655#3,42.93333333333333
4498,4499,-4890655#5,24.8
4500,4501,-4890750#13,36.4
4502,4503,-4890750#17,22.8
4504,4505,-4890750#5,35.0
4510,4511,-4890764#2,18.42105263157895
4512,4513,-4890764#5,34.0
4514,4515,-4890924#2,17.0
4516,4517,-4890924#7,24.0
4520,4521,-4890940#5,22.333333333333332
4522,4523,-4890977#5,33.6
4524,4525,-4890985#5,43.2
4528,4529,-4891063#1,3.8461538461538463
4530,4531,-4891065#0,29.6
4532,4533,-4891065#1,7.6
4534,4535,-4891077#3,11.333333333333334
4536,4537,-4891077#5,28.0
4538,4539,-4891091#10,12.0
4542,4543,-48920011#1,22.8
4544,4545,-48920011#2,10.4
4546,4547,-48920011#3,12.571428571428571
4548,4549,-48920012#0,8.571428571428571
4550,4551,-48920012#2,22.333333333333332
4556,4557,-49014483#2,23.03448275862069
4558,4559,-49014485,8.434782608695652
4562,4563,-49073480#1,23.918367346938776
4564,4565,-4913264#6,277.6
4566,4567,-4913450#2,25.0
4574,4575,-4919532#1,14.0
4576,4577,-4919532#33,203.14285714285714
4578,4579,-4919533#16,133.46666666666667
4580,4581,-4919534#3,21.142857142857142
4584,4585,-4920889#2,8.0
4586,4587,-4920889#5,71.04
4596,4597,-4920913,1.3333333333333333
4598,4599,-4921075#1,30.2
4600,4601,-4921197#11,53.0
4602,4603,-4921197#18,39.27272727272727
4604,4605,-4921199,45.2
4606,4607,-49302413#1,22.904761904761905
4608,4609,-49302413#2,22.585365853658537
4610,4611,-49302974#1,15.517241379310345
4612,4613,-49302974#3,21.942857142857143
4616,4617,-4931717#3,25.2
4618,4619,-494444399#2,16.463700234192036
4620,4621,-494444404#1,14.245083207261725
4622,4623,-4944884#6,35.111111111111114
4624,4625,-4944901,6.133333333333334
4626,4627,-4944907#2,39.6875
4628,4629,-4944907#4,31.235294117647058
4630,4631,-4944938,42.4
4634,4635,-4945011#6,29.431192660550458
4638,4639,-4945020#4,205.2
4640,4641,-4945020#6,84.4
4642,4643,-4945020#7,52.8
4646,4647,-4945030#6,25.8
4648,4649,-4945094#4,28.96842105263158
4650,4651,-4948412#2,22.235294117647058
4652,4653,-4948412#5,19.894736842105264
4654,4655,-4948412#9,94.0
4656,4657,-4948413#2,86.19047619047619
4658,4659,-4948420#0,10.4
4662,4663,-4953842#3,29.933333333333334
4664,4665,-4953842#8,28.2
4666,4667,-4953894#8,57.806451612903224
4668,4669,-4953945#3,13.7
4670,4671,-4954089#13,115.6
4672,4673,-4954113#11,83.6774193548387
4674,4675,-4954113#2,33.8
4676,4677,-4954113#3,8.705882352941176
4678,4679,-4954113#8,29.77777777777778
4680,4681,-4954130#13,46.8
4684,4685,-4954152#1,19.466666666666665
4686,4687,-4954153#2,44.75
4688,4689,-4954164#1,41.333333333333336
4690,4691,-4954167#1,17.2
4692,4693,-4954167#3,17.333333333333332
4696,4697,-4955087#1,53.0
4702,4703,-4955183#1,98.0
4704,4705,-4955183#12,78.0
4708,4709,-4955183#9,107.6
4710,4711,-4955184#12,40.35897435897436
4712,4713,-4955184#4,39.68627450980392
4714,4715,-4955205#2,34.8
4716,4717,-4955205#8,34.4
4718,4719,-4955218,7.2
4720,4721,-4955222,21.2
4722,4723,-4955226#0,11.6
4724,4725,-4955226#1,20.8
4728,4729,-4955226#3,38.2
4730,4731,-4955226#4,31.866666666666667
4734,4735,-4955248#2,21.2
4736,4737,-4955248#3,20.0
4738,4739,-4955248#4,21.384615384615383
4740,4741,-4955248#5,26.133333333333333
4742,4743,-4955257#1,24.8
4744,4745,-4955257#3,12.0
4746,4747,-4955278#0,66.0
4750,4751,-4955328#1,14.0
4752,4753,-4955328#5,46.0
4754,4755,-4955342#10,56.657534246575345
4756,4757,-4955342#14,31.666666666666668
4758,4759,-4955342#15,19.066666666666666
4762,4763,-4955388#16,55.6
4764,4765,-4955388#2,107.6
4766,4767,-4955388#3,99.0
4772,4773,-4956972#0,29.2
4778,4779,-4957002#1,30.0
4788,4789,-496156855#1,29.2
4790,4791,-4962257#0,72.2
4792,4793,-4962257#1,2.0
4798,4799,-4968452#1,16.933333333333334
4800,4801,-4968471,35.2
4802,4803,-4968472#2,33.2
4806,4807,-4968532#0,7.2
4814,4815,-4968721#0,27.142857142857142
4816,4817,-4968721#5,27.571428571428573
4820,4821,-49712177#6,30.93193717277487
4824,4825,-4972205#3,32.0
4828,4829,-4972263#7,26.4
4830,4831,-4972265#1,34.7
4832,4833,-4972276#0,10.5
4834,4835,-4972276#2,18.88888888888889
4836,4837,-4972277,38.0
4838,4839,-4972294#10,32.0
4844,4845,-4972294#8,26.0
4848,4849,-4972298#0,16.333333333333332
4856,4857,-4972299#2,19.625
4858,4859,-4972321#12,75.73333333333333
4860,4861,-4972329#8,72.4
4862,4863,-4972332#10,68.0
4864,4865,-4972345#4,84.8
4868,4869,-4972398#4,24.4
4872,4873,-4972519#12,32.666666666666664
4880,4881,-4972809#3,11.2
4882,4883,-4972874#7,22.2
4884,4885,-4972885#5,22.0
4886,4887,-4973584#1,31.6
4890,4891,-4973609#3,72.0
4892,4893,-4973617#5,49.6
4894,4895,-4973617#9,47.8
4900,4901,-4973636,24.4
4904,4905,-4973644#4,36.4
4906,4907,-4973644#6,11.2
4908,4909,-4973674#3,34.4
4920,4921,-4973746#4,36.4
4922,4923,-4974618#2,454.0
4924,4925,-4974619#2,11.2
4926,4927,-4974729#4,15.2
4928,4929,-4974762,3.6666666666666665
4930,4931,-4974861#1,10.4
4934,4935,-4975444#3,16.438356164383563
4936,4937,-4975444#6,18.974025974025974
4938,4939,-4975447#11,30.2
4950,4951,-4975723#3,18.9
4952,4953,-4975732#1,23.6
4954,4955,-4998403#2,28.0
4956,4957,-4998510,10.3646408839779
4958,4959,-4998511,4.475138121546961
4960,4961,-4998853#0,13.311475409836065
4962,4963,-4998853#20,50.213592233009706
4964,4965,-4998853#6,28.51685393258427
4966,4967,-4998853#9,27.365384615384617
4968,4969,-5004895#1,92.6
4970,4971,-5004920#11,17.8
4974,4975,-5004922#2,31.8
4976,4977,-5004925,36.0
4978,4979,-5004926#1,22.857142857142858
4980,4981,-5004926#6,63.6
4982,4983,-5004927#2,14.4
4984,4985,-5004927#3,21.7
4986,4987,-5004927#6,21.55
4990,4991,-502149182,10.4
4992,4993,-5037652#4,64.12121212121212
4996,4997,-5037764#1,4.909090909090909
5000,5001,-5057760#0,25.142857142857142
5002,5003,-5057760#1,22.0
5004,5005,-5057760#2,21.466666666666665
5006,5007,-5057761#0,43.333333333333336
5008,5009,-5057761#1,18.967741935483872
5010,5011,-5057761#2,54.054054054054056
5012,5013,-5057762#0,23.333333333333332
5014,5015,-5057762#1,21.658536585365855
5016,5017,-5057762#2,25.0
5020,5021,-5058288#2,21.166666666666668
5024,5025,-5058336#1,28.266666666666666
5026,5027,-5058387#1,150.8
5028,5029,-5061525#2,59.6
5030,5031,-5061525#5,35.37931034482759
5032,5033,-5061526,30.507177033492823
5034,5035,-5061527#1,57.6
5036,5037,-5061527#4,30.166666666666668
5040,5041,-5061528#5,40.0
5046,5047,-5061529#0,26.22222222222222
5050,5051,-5061529#2,17.2
5052,5053,-5061529#5,29.6
5054,5055,-5061529#8,28.4
5056,5057,-5061530#7,59.75
5058,5059,-5061531#0,31.77777777777778
5060,5061,-5061531#3,41.0
5062,5063,-5061531#7,53.111111111111114
5064,5065,-5061531#9,10.68632707774799
5066,5067,-5061532#4,24.0
5068,5069,-5061534#3,42.8
5070,5071,-5061535#1,42.36363636363637
5074,5075,-5061536,41.0
5076,5077,-5061537#0,43.27272727272727
5078,5079,-5061537#1,56.54545454545455
5080,5081,-5061540#1,19.2
5082,5083,-5061540#7,45.6
5088,5089,-5069266,4.487804878048781
5090,5091,-5069268#1,60.0
5092,5093,-5069268#2,58.166666666666664
5094,5095,-5069270#0,57.375
5098,5099,-5069270#3,60.8
5100,5101,-5069270#5,102.3
5102,5103,-5069270#9,64.0
5106,5107,-512877751,0.0273972602739726
5108,5109,-513387307,28.08
5110,5111,-51696606#0,9.6
5114,5115,-517974851,7.108974358974359
5116,5117,-517974852#1,16.617363344051448
5120,5121,-51893900,2.0
5122,5123,-51982059#1,27.2
5124,5125,-5212658#2,42.4
5126,5127,-5212659,14.8
5132,5133,-52382001#1,23.01818181818182
5134,5135,-52706832#1,10.807610993657505
5138,5139,-529236340#1,37.3
5140,5141,-53178982#2,19.83108108108108
5142,5143,-53215269#10,42.0
5146,5147,-53298708#1,3.5502958579881656
5152,5153,-53815844,20.0
5154,5155,-53815849,7.4
5156,5157,-548754521#0,6.8
5164,5165,-56314194#1,40.34567901234568
5166,5167,-56314194#2,13.027777777777779
5168,5169,-56314194#21,65.79166666666667
5170,5171,-56314194#5,16.352941176470587
5172,5173,-56314194#7,45.5
5174,5175,-56314194#8,21.92452830188679
5176,5177,-56314195#0,29.333333333333332
5178,5179,-56314195#4,45.2
5180,5181,-56314195#5,3.272727272727273
5182,5183,-58134301,13.92
5184,5185,-58149345,12.666666666666666
5186,5187,-5832619#1,9.062730627306273
5188,5189,-60093645,8.4
5190,5191,-60771197,17.2
5192,5193,-61583903#1,18.42105263157895
5194,5195,-61583903#3,54.3448275862069
5196,5197,-61583903#7,38.92857142857143
5198,5199,-61584891#6,30.75
5200,5201,-624237809#3,31.11111111111111
5204,5205,-6275621#1,64.25
5206,5207,-6275621#2,24.105263157894736
5208,5209,-6275621#4,23.294117647058822
5210,5211,-6275621#5,22.88888888888889
5212,5213,-6275621#6,27.09090909090909
5214,5215,-6275621#7,22.057142857142857
5218,5219,-6277167,21.95
5220,5221,-6277595#4,42.857142857142854
5224,5225,-6277595#6,26.88
5228,5229,-6277596#6,47.2
5230,5231,-6277596#8,34.285714285714285
5232,5233,-6277696,56.0
5234,5235,-6277723,54.36363636363637
5236,5237,-6277724#2,29.157894736842106
5238,5239,-6277767#0,55.2
5240,5241,-6277767#1,51.06666666666667
5242,5243,-6277842,50.0
5246,5247,-6277843#1,54.0
5248,5249,-6278110#0,24.8
5250,5251,-6278110#10,17.0
5252,5253,-6278110#11,20.5
5254,5255,-6278110#12,18.0
5256,5257,-6278110#13,20.97142857142857
5258,5259,-6278110#2,15.652173913043478
5260,5261,-6278110#4,18.266666666666666
5262,5263,-6278110#5,19.571428571428573
5264,5265,-6278110#7,17.5
5266,5267,-6278110#8,21.6
5268,5269,-6278186#1,19.066666666666666
5270,5271,-6278186#10,22.8
5272,5273,-6278186#12,17.294117647058822
5274,5275,-6278186#14,21.454545454545453
5276,5277,-6278186#4,17.466666666666665
5278,5279,-6278186#6,16.63157894736842
5280,5281,-639190831,23.666666666666668
5282,5283,-65084801#4,140.12765957446808
5286,5287,-659124987#0,24.877777777777776
5288,5289,-659124987#7,25.309644670050762
5290,5291,-66324263#2,8.0
5294,5295,-67408434#2,16.75409836065574
5296,5297,-675898530#0,40.208333333333336
5300,5301,-675898534#6,20.5
5304,5305,-69144565,10.4
5308,5309,-703165692#1,37.47770700636943
5310,5311,-704487749,12.38888888888889
5312,5313,-704868501#4,35.072463768115945
5314,5315,-714449182,4.2
5316,5317,-714449183#1,8.4
5318,5319,-72597392#3,93.06666666666666
5320,5321,-732162445#2,53.0
5322,5323,-732165853#10,29.11111111111111
5324,5325,-732165853#4,84.21052631578948
5326,5327,-732165856#2,145.6
5328,5329,-732165856#21,56.4
5330,5331,-732168391,9.0
5332,5333,-732170616#3,33.74193548387097
5334,5335,-7383109#2,27.818181818181817
5336,5337,-7389333#1,78.8
5338,5339,-7389333#2,81.2
5340,5341,-74921173#9,49.1
5342,5343,-75007261,37.515151515151516
5344,5345,-75021657,8.9
5346,5347,-75021658#1,13.75
5348,5349,-75070560#1,13.705263157894738
5350,5351,-75078151#2,54.986301369863014
5352,5353,-75078151#5,35.23076923076923
5354,5355,-75078151#7,17.4
5356,5357,-75078151#8,14.102564102564102
5358,5359,-75345163,8.64864864864865
5360,5361,-753675471#0,33.96631578947368
5362,5363,-753675471#4,17.986547085201792
5364,5365,-753675472#3,18.625
5366,5367,-753675472#4,14.548672566371682
5368,5369,-753675472#5,15.588235294117647
5372,5373,-755452828#6,30.0
5374,5375,-756253808#1,10.875
5376,5377,-756253809#4,76.91304347826087
5378,5379,-758517008#3,42.107142857142854
5384,5385,-76255648#0,6.8
5386,5387,-76255648#1,10.777777777777779
5388,5389,-7651318#0,21.03448275862069
5392,5393,-7651318#2,27.2
5394,5395,-7651318#4,39.333333333333336
5396,5397,-7651319#0,34.10526315789474
5398,5399,-7651319#1,28.833333333333332
5400,5401,-7651319#5,44.0
5404,5405,-772547703,12.727272727272727
5406,5407,-773560595#6,30.5
5408,5409,-773561842#2,14.0
5410,5411,-790019432#1,36.0
5412,5413,-790019433#2,35.2
5414,5415,-790019433#6,25.6
5418,5419,-804605165#2,17.825503355704697
5420,5421,-8060514#2,93.0
5422,5423,-8060516#1,70.8
5424,5425,-8060516#3,40.8
5426,5427,-8069179#9,52.297872340425535
5428,5429,-8127373#3,35.333333333333336
5430,5431,-8127375#1,23.228915662650603
5434,5435,-8128115#2,16.0
5436,5437,-8128695,9.921052631578947
5440,5441,-8128696#11,16.4
5442,5443,-8128696#3,46.4
5444,5445,-8128696#5,24.0
5450,5451,-8129174,30.4
5452,5453,-8135793#10,65.6
5454,5455,-8135821#1,52.2
5456,5457,-8137315,25.294117647058822
5458,5459,-8141786#4,33.8
5464,5465,-8143644#3,38.30769230769231
5468,5469,-818072229,4.601092896174864
5470,5471,-818072230#3,15.079365079365079
5472,5473,-8226750,10.657894736842104
5474,5475,-82494454#4,23.466666666666665
5476,5477,-82528691#1,41.2
5480,5481,-82528696#2,26.333333333333332
5482,5483,-82528696#5,28.6
5484,5485,-82528696#8,42.08
5486,5487,-82528702#2,13.4
5488,5489,-82528702#3,11.1
5490,5491,-82528702#5,9.733333333333333
5492,5493,-82528705#3,31.901639344262296
5494,5495,-82528705#5,27.586206896551722
5496,5497,-82528705#7,27.5
5498,5499,-82528705#9,38.72
5500,5501,-82528709#12,32.8
5502,5503,-82528709#2,16.2
5504,5505,-82528709#8,45.55555555555556
5506,5507,-82528711#0,34.666666666666664
5508,5509,-82528711#12,18.266666666666666
5510,5511,-82528711#2,16.666666666666668
5512,5513,-82528711#4,11.5
5514,5515,-82528711#6,24.444444444444443
5516,5517,-82528711#9,27.743589743589745
5518,5519,-82531385#1,16.666666666666668
5522,5523,-8275515#0,31.2
5524,5525,-8275515#1,26.526315789473685
5526,5527,-8275515#3,43.888888888888886
5530,5531,-8284658#1,39.333333333333336
5532,5533,-8284658#2,12.481481481481481
5534,5535,-8284660#5,100.02325581395348
5536,5537,-828773457#6,74.64541832669323
5538,5539,-828773461#1,53.28624535315985
5540,5541,-82914002#1,29.523809523809526
5542,5543,-829373691,6.530434782608696
5544,5545,-829373692#1,2.9243027888446216
5546,5547,-829373693,18.223107569721115
5550,5551,-829752492#0,140.6
5552,5553,-829752493,28.0
5554,5555,-829753465#0,89.6
5558,5559,-83281790,43.58
5560,5561,-834682036#2,19.333333333333332
5562,5563,-834766051#3,13.251028806584362
5564,5565,-834766052#2,24.58723404255319
5566,5567,-834766055,6.809322033898305
5568,5569,-834766056#1,45.21263157894737
5570,5571,-834766056#3,16.632696390658175
5572,5573,-834766059#4,18.905263157894737
5574,5575,-834773007,2.5347313237221494
5576,5577,-834950891#2,13.600508905852417
5578,5579,-834950892#2,17.594900849858355
5580,5581,-834950895,5.669064748201439
5582,5583,-834950896#3,26.685714285714287
5584,5585,-834950901#3,14.347826086956522
5586,5587,-834950902#2,14.72
5588,5589,-834994013#2,16.87769784172662
5592,5593,-836219391#1,9.93939393939394
5596,5597,-8378865#2,128.44444444444446
5600,5601,-839004987,3.2857142857142856
5602,5603,-839414388,7.333333333333333
5604,5605,-839414389#1,45.6
5606,5607,-839414401#2,30.8
5610,5611,-839414431,6.4
5614,5615,-839414432#1,2.6545454545454548
5618,5619,-839414433#3,1.0
5620,5621,-839414436#1,44.0
5622,5623,-839414437#2,48.4
5624,5625,-839414438#1,64.0
5626,5627,-839414438#2,0.8
5628,5629,-839414459#2,29.8
5630,5631,-839414460#2,44.13333333333333
5632,5633,-839414461#1,58.93333333333333
5634,5635,-839414478#1,9.6
5636,5637,-839414479#3,24.133333333333333
5646,5647,-841788517,38.8
5648,5649,-844323102#1,34.3
5650,5651,-844323102#4,33.84615384615385
5656,5657,-851607377,8.256410256410257
5658,5659,-851883287,11.4
5660,5661,-851883288#0,7.733333333333333
5662,5663,-854186705,22.0
5664,5665,-856106096#1,26.5016077170418
5666,5667,-856106098#1,44.600660066006604
5668,5669,-858281758#1,53.2
5670,5671,-858281759#1,14.4
5672,5673,-858281760#1,8.851851851851851
5674,5675,-858283716#2,12.242424242424242
5676,5677,-858283717,36.63157894736842
5678,5679,-858283718,13.209302325581396
5680,5681,-8585758#1,42.44444444444444
5682,5683,-8585916#3,42.46153846153846
5684,5685,-859217058#2,15.578947368421053
5686,5687,-859217059#2,27.8
5688,5689,-859217062#2,12.857142857142858
5690,5691,-859233598#1,24.333333333333332
5692,5693,-860130441#3,28.4
5694,5695,-86020922,6.36734693877551
5696,5697,-86038766,25.75
5698,5699,-862167814#2,4.407407407407407
5700,5701,-863026043#1,24.426666666666666
5702,5703,-874212317#1,24.214285714285715
5704,5705,-875226004#2,27.125
5706,5707,-875227922#1,17.066666666666666
5708,5709,-875240228#1,10.863636363636363
5710,5711,-87727467#1,69.0
5712,5713,-87729084,10.4
5714,5715,-87730347#1,12.682926829268293
5716,5717,-87730349,12.0
5718,5719,-87932255#2,19.75
5720,5721,-87932255#4,32.54545454545455
5722,5723,-87976142#3,47.44117647058823
5724,5725,-884420085#1,26.651162790697676
5726,5727,-884420085#2,8.279069767441861
5728,5729,-89070366#0,47.6
5732,5733,-89221670#0,20.875
5734,5735,-89221670#1,39.09090909090909
5736,5737,-89221670#3,32.76190476190476
5740,5741,-90104680#1,79.6
5750,5751,-911580385#2,20.5
5752,5753,-913817165#0,14.868421052631579
5754,5755,-914000971#1,10.4
5756,5757,-920216324,1.8666666666666667
5758,5759,-926330092,31.6
5760,5761,-92881833#2,15.523809523809524
5762,5763,-92881833#3,17.741935483870968
5764,5765,-92881833#5,12.8
5768,5769,-92914307#0,17.058823529411764
5770,5771,-92914307#3,24.533333333333335
5772,5773,-92917956#2,96.89473684210526
5774,5775,-92917956#6,74.88888888888889
5776,5777,-92917956#7,12.72972972972973
5782,5783,-93460489#2,15.8
5784,5785,-937672142#1,13.8
5786,5787,-937672143#3,33.04
5788,5789,-937802013#2,18.666666666666668
5800,5801,-946966316#11,23.526315789473685
5802,5803,-946966316#2,12.4
5804,5805,-958184908#10,23.444043321299638
5806,5807,-958184908#11,32.123711340206185
5808,5809,-958184908#3,41.015075376884425
5810,5811,-958184908#5,27.57659208261618
5812,5813,-958184908#9,47.3169877408056
5814,5815,-962499182,36.80952380952381
5818,5819,-966543432,19.23076923076923
5824,5825,-975575189,2.331360946745562
5828,5829,-976706273#3,12.661290322580646
5830,5831,-979190031,27.68
5832,5833,-979190032#0,24.4390243902439
5834,5835,-980981276#0,2.4285714285714284
5836,5837,-985165443#0,21.938931297709924
5838,5839,-985165443#5,26.422764227642276
5840,5841,-985165444#4,39.594202898550726
5842,5843,-990643849#0,40.642857142857146
5844,5845,-992186675#5,18.4
5846,5847,-992186675#8,32.0
5848,5849,-995533031#1,22.166666666666668
5850,5851,-995533033,6.76056338028169
5852,5853,1006817039#0,20.19047619047619
5854,5855,1006817039#2,36.30769230769231
5858,5859,1009352360,76.4
5862,5863,1011550312#0,10.0
5864,5865,1011550313#0,21.751351351351353
5868,5869,1018201790,58.4
5870,5871,1018511002#1,5.333333333333333
5872,5873,1018511007#0,17.070422535211268
5874,5875,1018511008,9.578947368421053
5876,5877,1018511009#1,17.323943661971832
5878,5879,1018511010#4,10.290322580645162
5880,5881,1018511010#9,6.67741935483871
5886,5887,1020633579#0,36.431372549019606
5888,5889,1020927804#0,9.8
5890,5891,1022656066,6.4
5892,5893,1025338508,3.7096774193548385
5894,5895,1026477617,12.8
5896,5897,1026477621#0,12.4
5898,5899,1027093575,3.7333333333333334
5902,5903,1031379293#4,14.6
5904,5905,1031379294#1,11.025906735751295
5906,5907,103151349#0,8.0
5908,5909,103335175,33.829787234042556
5910,5911,103504671#0,21.0
5912,5913,1037102222#0,9.333333333333334
5914,5915,1037102233#0,55.69230769230769
5916,5917,1037418354#0,139.2
5918,5919,104178895#4,19.575129533678755
5920,5921,104178895#7,32.73096446700507
5922,5923,10422829#0,24.224137931034484
5924,5925,1042974881,46.27272727272727
5926,5927,1042975685#0,31.444444444444443
5928,5929,1042975685#2,17.318181818181817
5930,5931,1043835447#0,116.0
5932,5933,104405209#0,12.75609756097561
5934,5935,104405210#0,18.0
5936,5937,1047453318,26.394736842105264
5940,5941,1050809452#0,7.4
5942,5943,1053387519,42.65853658536585
5944,5945,1053387541,7.733333333333333
5946,5947,1053387542#0,17.6
5950,5951,1054141906,30.0
5952,5953,1054141907#0,28.7
5954,5955,1054840087#0,9.2
5956,5957,1056044838,19.6
5958,5959,1056364583#0,11.23076923076923
5960,5961,1056364673#0,3.7948717948717947
5962,5963,1056913530,11.15
5964,5965,1057893819,36.21224489795918
5966,5967,10594589#0,53.92619926199262
5968,5969,10594590#0,4.859375
5970,5971,1059952450#0,2.0
5972,5973,1059952452,21.6
5974,5975,1059959975#0,78.0
5976,5977,1060490109#0,11.2
5978,5979,106103489,8.533333333333333
5982,5983,1061840663,22.08
5984,5985,1061841084,40.62068965517241
5986,5987,10633006#0,23.12
5988,5989,106412904#0,5.160621761658031
5990,5991,1066019114,25.4
5992,5993,1066019131#1,8.408163265306122
5994,5995,1069532973,5.2
5996,5997,107225103,2.0
6000,6001,1073791857#0,7.6
6002,6003,107440946#0,10.8
6006,6007,107440946#4,26.0
6010,6011,1074505248#0,33.4
6012,6013,1075515371,16.266666666666666
6014,6015,1075817469#0,6.6
6016,6017,1075820838#0,24.666666666666668
6018,6019,1075828984#0,21.75
6020,6021,1075829183#0,22.97684210526316
6024,6025,1077048393#0,28.6
6026,6027,1077048394#0,32.4
6028,6029,1078576469,18.4
6030,6031,1078593922,19.11764705882353
6032,6033,1078663668,3.7553956834532376
6034,6035,1079997538#3,14.318840579710145
6036,6037,1082387578#1,24.75
6038,6039,1082387578#13,81.85714285714286
6040,6041,1082387578#5,11.5
6042,6043,1082387578#6,19.77777777777778
6044,6045,1082387578#7,46.6
6046,6047,1082387601#1,25.36842105263158
6048,6049,1082389491,12.4
6050,6051,1082389493,89.6
6052,6053,1082389992#0,62.8
6058,6059,1082683187#0,31.6
6060,6061,108481093#13,37.36257309941521
6062,6063,1085298367#0,60.4
6064,6065,1086374505#0,20.877551020408163
6066,6067,1086509243#1,12.75
6070,6071,1089917567#0,5.1
6072,6073,1089917568,2.0
6074,6075,1091914554,25.0
6076,6077,1091914556,24.3
6078,6079,1091914557#0,26.666666666666668
6080,6081,1091914558#0,19.6
6082,6083,1091960699#0,13.6
6084,6085,1091960707#0,42.48
6086,6087,1091960708#0,22.63529411764706
6088,6089,1091961019,18.25
6090,6091,1091961208#0,35.0
6092,6093,1091961664,18.64
6094,6095,1091961709,69.64044943820225
6096,6097,1091961715,7.1506849315068495
6098,6099,1093620276#0,95.0
6100,6101,109377388#0,16.63529411764706
6102,6103,1093795367#0,12.8
6104,6105,109754456#0,39.76
6106,6107,109860646,15.580498866213151
6108,6109,1098614014#0,18.943089430894307
6112,6113,109931495#0,29.84
6114,6115,1099418472#0,30.8
6118,6119,1101621058,85.27272727272727
6120,6121,1101621068,9.2
6124,6125,1101800624,12.0
6130,6131,1103306570#0,8.8
6132,6133,1103375976#0,12.875
6134,6135,1103375976#1,26.4
6136,6137,1103375976#3,20.0
6138,6139,1103375976#4,20.0
6140,6141,1103644159#0,6.266666666666667
6142,6143,1103644166,22.17142857142857
6144,6145,1103644276#0,23.636363636363637
6148,6149,1103644649#0,19.733333333333334
6150,6151,1103644654,9.6
6152,6153,1105486997,8.378378378378379
6154,6155,1107297578,2.0
6156,6157,1107420806#0,45.52
6158,6159,1110497124#0,11.777777777777779
6162,6163,1113041312#0,34.666666666666664
6164,6165,1113421805,33.03409090909091
6166,6167,1113421806#0,0.7151515151515152
6168,6169,1113421806#1,28.130750605326877
6170,6171,1113421808#0,21.177777777777777
6172,6173,1113421809,12.431372549019608
6174,6175,1115458817#0,30.166666666666668
6176,6177,111628106#0,7.36231884057971
6178,6179,111636189#0,101.35766423357664
6180,6181,111636206#0,30.4
6184,6185,1116758652#1,35.6
6186,6187,1116981912#0,16.2
6188,6189,1116981912#3,31.125
6194,6195,1116982074#0,31.0
6198,6199,1116982084#10,20.571428571428573
6200,6201,1116982084#6,22.2
6202,6203,1119854959,13.647058823529411
6204,6205,1119854984,6.215827338129497
6206,6207,112297307#0,32.2
6208,6209,112297307#2,20.8
6210,6211,112297307#5,18.8
6212,6213,112297307#6,42.95652173913044
6214,6215,112297309#13,22.0
6216,6217,112297309#17,12.2
6218,6219,112297309#4,23.066666666666666
6220,6221,112297309#7,33.2
6222,6223,112572407,1.6825396825396826
6228,6229,112602876#0,39.733333333333334
6232,6233,113054552#1,42.56
6234,6235,113054559,6.933333333333334
6236,6237,113078530#0,25.517241379310345
6238,6239,113078530#4,24.275862068965516
6242,6243,113078534,3.5402298850574714
6244,6245,113129681#0,28.031152647975077
6246,6247,113129681#5,49.993527508090615
6248,6249,113129688#0,8.64
6250,6251,1131704043,10.0
6252,6253,1131704044#0,58.0
6254,6255,1131704044#11,24.6
6258,6259,1133070114#0,23.2
6260,6261,113470996#0,10.448275862068966
6262,6263,113470997,5.2
6264,6265,113510915,4.930693069306931
6268,6269,114143810,40.478873239436616
6270,6271,114143813#0,15.248826291079812
6272,6273,1141500747#0,40.03636363636364
6274,6275,1141500748#1,38.15384615384615
6276,6277,1143691192#1,10.866666666666667
6278,6279,1143691192#2,12.0
6280,6281,1143691192#3,12.923076923076923
6282,6283,1143691194#1,24.4
6284,6285,1143691196#1,22.2
6286,6287,1143691574,22.967741935483872
6288,6289,1143691615#2,28.375
6290,6291,1143691639#1,13.581395348837209
6292,6293,1144271601#2,18.0
6300,6301,1146782742#0,22.285714285714285
6302,6303,1146783332#0,23.6
6304,6305,1146783332#1,19.333333333333332
6306,6307,1146783332#2,26.4
6308,6309,1147633970#1,1.8043478260869565
6310,6311,1147633971#0,19.49206349206349
6312,6313,1149710572#0,194.8
6314,6315,1149710651,11.30232558139535
6316,6317,1149710652,28.307692307692307
6318,6319,1149710667#1,15.692307692307692
6320,6321,1149710710#0,12.4
6324,6325,115008623#0,28.0
6326,6327,115008623#5,29.2
6328,6329,115008623#9,8.666666666666666
6330,6331,1150110945#0,19.235294117647058
6332,6333,1150111094,48.2
6334,6335,1151182263,62.666666666666664
6336,6337,1151182472#0,5.066666666666666
6338,6339,1151183217,34.08
6340,6341,1151285236,15.454545454545455
6342,6343,1151285243#1,27.444444444444443
6344,6345,1151285252#0,13.697478991596638
6346,6347,115214299,1.2912621359223302
6348,6349,11526678#0,26.170212765957448
6350,6351,11526678#3,28.533333333333335
6352,6353,11526678#6,28.714285714285715
6354,6355,11526678#7,31.8
6356,6357,1152701202#0,14.74698795180723
6358,6359,1152714140,20.6
6360,6361,11527686,6.4
6362,6363,1154443998#0,46.0
6364,6365,1154677975,8.8
6366,6367,1154677977,26.8
6368,6369,1154849086#2,23.35
6370,6371,1154849087,34.91428571428571
6372,6373,1154849094#0,18.564102564102566
6374,6375,1154849101#0,15.660377358490566
6376,6377,1155184436#0,62.166666666666664
6380,6381,1157125514#1,7.6923076923076925
6382,6383,1157125515#0,10.226415094339623
6384,6385,1157125538,19.2
6394,6395,1157158088#0,28.756756756756758
6396,6397,1157158088#3,7.891891891891892
6398,6399,1157158088#4,26.266666666666666
6400,6401,1157158088#8,33.2
6402,6403,1157357247,4.916666666666667
6404,6405,1157357248,8.736842105263158
6406,6407,1157357251#0,52.4
6408,6409,115785376#0,12.8
6410,6411,1158503737,41.6
6414,6415,1158503838#0,30.5
6416,6417,1158503854#0,41.8
6418,6419,1158503860,32.6
6420,6421,1159196327#0,31.8
6422,6423,1159196385,19.8
6424,6425,1160388322#1,5.0
6426,6427,1160388322#2,29.636363636363637
6428,6429,1160388322#5,8.516129032258064
6430,6431,11610479,6.677966101694915
6432,6433,11610480#0,34.68354430379747
6434,6435,11610482#0,30.133333333333333
6438,6439,1162386121#0,69.04
6440,6441,1162386122#0,4.375
6444,6445,1162733668#1,30.24
6446,6447,1162733670,26.0
6448,6449,1162733671#0,59.6
6450,6451,1163570031#0,21.2
6452,6453,1163570031#2,38.666666666666664
6456,6457,1165333634#0,57.294117647058826
6458,6459,1167302177#0,23.767441860465116
6460,6461,1167302178#0,21.21985815602837
6462,6463,1167352042,30.170542635658915
6464,6465,1167483585#1,14.556701030927835
6466,6467,1167483587,38.0
6468,6469,1167483590,21.666666666666668
6470,6471,1167483592,45.86206896551724
6472,6473,1167566266#0,15.48936170212766
6474,6475,1167566266#1,9.727272727272727
6476,6477,1167566266#3,26.59259259259259
6480,6481,1167897906#0,64.66666666666667
6482,6483,1167897919,47.5
6484,6485,1167897920#2,40.0
6486,6487,1167897921#1,44.6
6488,6489,1167898096#0,54.69565217391305
6492,6493,116862210,13.672552166934189
6494,6495,1169236533,38.285714285714285
6496,6497,1169240236,31.6
6498,6499,1169240237,7.533333333333333
6500,6501,1169240239#0,6.466666666666667
6502,6503,1169240239#2,23.6
6506,6507,1171085645,12.6
6508,6509,1172656244#0,17.733333333333334
6510,6511,1172656248,6.6
6512,6513,1172656251,6.4
6516,6517,1172656277#0,37.6
6518,6519,1172656305,25.0
6520,6521,1172656306,24.25
6522,6523,1172656308#0,16.8
6524,6525,1172656308#1,12.952380952380953
6526,6527,1172656309,60.76190476190476
6528,6529,1172656314,8.533333333333333
6530,6531,1173245043#0,79.2
6534,6535,1173248154#0,6.153846153846154
6536,6537,1173257673,4.444444444444445
6538,6539,1173257675,9.899556868537665
6540,6541,1173262120#0,21.2
6542,6543,1173262122,3.102836879432624
6544,6545,1173262123#0,5.605683836589698
6546,6547,1173262124,2.407108239095315
6548,6549,1173262126#0,6.6
6550,6551,1173262126#2,4.0
6552,6553,1173262127#0,37.061654135338344
6554,6555,1173262128#0,9.775510204081632
6556,6557,1173262129#0,41.06079027355623
6558,6559,1173262130,2.375366568914956
6560,6561,1173681272,80.4
6562,6563,1173681273#0,31.714285714285715
6564,6565,1173681276#0,52.888888888888886
6568,6569,1173874835#0,26.857142857142858
6570,6571,1173874835#1,29.733333333333334
6572,6573,1173874836#1,57.38461538461539
6578,6579,1174502379#1,50.8
6582,6583,1174502388,20.0
6584,6585,1174562480,11.8
6586,6587,1175023584,13.935483870967742
6588,6589,1175023585#0,33.188866799204774
6590,6591,1175023586#0,27.324675324675326
6592,6593,1175023590#0,25.872340425531913
6594,6595,1175023591#0,19.2
6596,6597,1175023592,4.2
6598,6599,1175023594#0,8.71111111111111
6600,6601,1175364892,17.61111111111111
6602,6603,1175370229#0,26.558139534883722
6604,6605,1175370230,4.206896551724138
6606,6607,1175984647,2.0
6608,6609,1175984648,32.4
6610,6611,1175984708,2.0
6612,6613,1175984923#0,9.0
6614,6615,1177940377#0,73.0
6616,6617,1177940381,13.375
6618,6619,1181076291#0,21.8
6620,6621,1181076292#1,35.8
6622,6623,1181975781#0,5.407407407407407
6624,6625,1182175653#0,54.54545454545455
6626,6627,1182175653#5,17.0
6630,6631,1182175743#0,31.2
6632,6633,1182175765#0,17.36
6634,6635,1186228314,77.2
6636,6637,1187531871#0,46.8
6638,6639,1187586140#0,31.918367346938776
6640,6641,1187586140#1,64.54545454545455
6642,6643,1187769792,7.956521739130435
6648,6649,1191613361,216.57142857142858
6650,6651,1194464327,15.2
6652,6653,1194464328,7.0
6654,6655,1194824698,65.2
6656,6657,1194824701#0,44.0
6658,6659,119925917#0,6.2
6660,6661,119925919#3,18.0
6664,6665,1205527064,51.77777777777778
6666,6667,1205527065,1.38860103626943
6668,6669,1206046581#0,44.87845303867403
6670,6671,1206046581#6,29.46153846153846
6672,6673,1207124481,2.0
6676,6677,1214718424,31.964912280701753
6678,6679,1214718470#0,11.461538461538462
6680,6681,121553854,35.755102040816325
6682,6683,1215659173,63.4
6684,6685,1221928943#0,40.8
6686,6687,1222261294,21.173553719008265
6688,6689,1222261300,50.6
6692,6693,1222588063,55.1044776119403
6694,6695,1222694073#0,20.272727272727273
6696,6697,1223724815#0,33.78947368421053
6698,6699,1223724816#0,19.2
6700,6701,1224943549,12.8
6702,6703,122688707#0,23.21626617375231
6706,6707,1228389305#1,13.25
6708,6709,1235878231#0,36.00769230769231
6710,6711,1235878232,20.080717488789237
6712,6713,1236052177#0,65.52941176470588
6714,6715,123900703,11.6
6716,6717,124091494#0,170.0
6718,6719,1243539046,19.98501872659176
6720,6721,124484963#0,20.641975308641975
6722,6723,124768369,13.733333333333333
6724,6725,1251294863,6.740554156171284
6726,6727,125136376#0,11.117647058823529
6728,6729,1252126946,1.7777777777777777
6732,6733,1252126956#1,18.0
6736,6737,1252126957#1,5.111111111111111
6740,6741,1252536808#1,5.0
6742,6743,1252536809,21.6
6744,6745,1254217945#0,4.4
6746,6747,1254217946#0,2.0
6748,6749,1254217954,2.0
6750,6751,1254217955#0,5.2
6752,6753,1254217956#0,6.1
6754,6755,1259136474#0,7.783177570093458
6756,6757,1263001495#0,14.07981220657277
6758,6759,1263001497,32.54260089686099
6760,6761,1266275802#0,38.074766355140184
6762,6763,1270686454#0,14.724324324324325
6764,6765,1270686454#3,12.780219780219781
6766,6767,1270686454#6,14.938271604938272
6768,6769,1271080431,26.1
6770,6771,1271080432,2.5
6772,6773,1271094345#0,6.75
6774,6775,1271382121,3.8947368421052633
6776,6777,1273525665,6.536697247706422
6778,6779,1279825053,10.944444444444445
6780,6781,1280199531#0,55.28089887640449
6784,6785,1283726489,14.41958041958042
6786,6787,1286120542#0,52.28125
6788,6789,128648105#0,64.33333333333333
6790,6791,128648105#7,51.1578947368421
6792,6793,1291137211#0,17.75
6794,6795,1303137704,39.05084745762712
6798,6799,1316223186,18.5
6800,6801,1318124649,19.542857142857144
6802,6803,1323216742#0,6.2
6804,6805,1323216743,10.4
6806,6807,1323216744,5.6
6810,6811,13234675#0,16.27176220806794
6812,6813,13234675#17,4.444444444444445
6814,6815,13234675#19,25.079812206572768
6816,6817,13234675#26,33.5
6818,6819,13234675#4,1.9874739039665972
6820,6821,13234675#44,10.477064220183486
6822,6823,13234675#5,3.1212814645308926
6824,6825,13234675#53,15.224489795918368
6826,6827,13234675#6,53.27164179104478
6832,6833,133186296#0,6.323943661971831
6834,6835,133186686,15.25
6836,6837,133664978#0,191.4
6838,6839,133664978#13,112.0
6840,6841,1338114143,5.214285714285714
6842,6843,1338114144,10.024096385542169
6844,6845,1339409833#0,13.68
6846,6847,134136139#0,76.0
6848,6849,1351535321,9.032679738562091
6850,6851,1353098856#0,33.57692307692308
6854,6855,1354374062,5.885714285714286
6856,6857,1354374540,6.705882352941177
6858,6859,136071661#4,14.2
6866,6867,1364204798,6.166666666666667
6874,6875,1374543931,68.32470588235294
6876,6877,1375651683#0,35.92505854800937
6878,6879,1375651684#0,29.264187866927593
6880,6881,1376856660,12.666666666666666
6882,6883,1376856662,13.483870967741936
6884,6885,137699102#0,44.888888888888886
6886,6887,137699103#0,46.0
6888,6889,137730212#0,134.4
6890,6891,137732185,6.457831325301205
6892,6893,137732187#0,38.12048192771084
6894,6895,137732187#9,84.17543859649123
6896,6897,137732189#0,12.121212121212121
6898,6899,1379138445,19.060606060606062
6900,6901,1379140878,10.75
6902,6903,1379140880,24.5
6906,6907,1382919884#0,89.11111111111111
6908,6909,1387944442,16.0
6910,6911,1388042043#1,27.4
6912,6913,1388042043#2,8.6
6914,6915,1392163371,35.2
6918,6919,1396268226#0,29.2
6920,6921,1396268565,28.0
6922,6923,1396268845#0,34.0
6924,6925,1396269091#1,40.0
6926,6927,1396269246,33.8974358974359
6928,6929,1402454140,5.142857142857143
6930,6931,1410097954#1,22.0
6934,6935,141137364#0,11.7
6936,6937,141138038#0,63.6764705882353
6938,6939,141138038#5,52.0
6940,6941,141160515#0,91.2
6942,6943,141161387,26.385964912280702
6944,6945,141161388#0,11.471698113207546
6946,6947,141252791,3.1578947368421053
6948,6949,1414389615,14.133333333333333
6950,6951,1414390226#0,35.42857142857143
6952,6953,1414405642#0,16.80597014925373
6954,6955,1414405642#1,13.095652173913043
6956,6957,1414406533#0,21.8
6958,6959,1414410470#0,62.0
6960,6961,141509559#0,33.6
6962,6963,141509559#17,12.2
6964,6965,141509559#4,34.0
6968,6969,141551684#0,51.2
6970,6971,141552522,35.04347826086956
6972,6973,141613056#0,48.96
6974,6975,141613056#7,47.6
6976,6977,141613056#9,31.79310344827586
6978,6979,141614007#0,17.039473684210527
6980,6981,141617503,20.545454545454547
6982,6983,141617506,23.290123456790123
6984,6985,1418992098#0,36.520446096654275
6986,6987,1420688727#0,20.156182212581346
6988,6989,1420688729#0,32.99009900990099
6990,6991,1420688730#1,12.07843137254902
6992,6993,1420688739,5.8
6994,6995,1420896601#1,10.2
6996,6997,1420896602,7.485714285714286
6998,6999,1422667622,8.977777777777778
7000,7001,1424949170#0,16.6524064171123
7002,7003,1424949171#0,32.28451882845188
7004,7005,1424949172,4.215767634854772
7006,7007,1424949173#0,31.4
7008,7009,1424949174#0,28.992125984251967
7010,7011,1424949175#0,30.471264367816094
7012,7013,1424949176,10.10344827586207
7014,7015,1424949177#0,25.2
7016,7017,1424949178#0,21.436893203883496
7018,7019,1424949179#0,11.22167487684729
7020,7021,1424949180,11.950738916256158
7022,7023,1424949181#0,21.273356401384085
7024,7025,1424949182,5.048951048951049
7026,7027,1424949183#0,13.478527607361963
7028,7029,1424949184#0,25.311475409836067
7030,7031,142702186,41.65811965811966
7034,7035,142769013,39.2
7036,7037,142769014#0,33.2
7038,7039,142769014#6,23.6
7040,7041,142769016#0,13.5
7042,7043,142769016#3,19.846153846153847
7044,7045,142769016#6,87.6923076923077
7046,7047,142770955,4.962406015037594
7048,7049,142771700#0,9.470588235294118
7050,7051,142771701,26.8
7052,7053,142771702#0,6.8
7054,7055,142771970#0,11.178947368421053
7058,7059,142891705,15.6
7060,7061,142891708#0,2.8
7062,7063,142891711#0,77.8
7064,7065,142968327#0,23.28755364806867
7066,7067,142968329#0,7.590909090909091
7068,7069,142968334#0,32.24390243902439
7070,7071,142978716,0.6886075949367089
7072,7073,142978716-AddedOnRampEdge,9.08816120906801
7074,7075,142978717,3.735294117647059
7076,7077,142978718,8.54140127388535
7078,7079,143093799,16.86354378818737
7080,7081,143179839,3.6
7082,7083,14331348#0,8.646153846153846
7084,7085,14331348#2,3.7398373983739837
7086,7087,143627214#0,12.2
7088,7089,143627217#0,10.88888888888889
7090,7091,143731348#0,43.53846153846154
7092,7093,143731349#0,31.735751295336787
7094,7095,143731350#0,49.2
7098,7099,143869730#0,22.31578947368421
7100,7101,143905172#0,50.597938144329895
7104,7105,143926710#0,30.0
7106,7107,144038256#0,50.4
7108,7109,144038257#0,10.223214285714286
7110,7111,144038258#0,33.714285714285715
7112,7113,144038260#0,50.285714285714285
7114,7115,144038260#14,42.0
7116,7117,144038260#9,32.733333333333334
7118,7119,144069760,69.5
7120,7121,144159765#0,10.222222222222221
7126,7127,144159771#0,38.0
7134,7135,144159799#0,39.6
7136,7137,144159799#15,67.2
7138,7139,144159799#24,12.098360655737705
7140,7141,144159799#7,46.666666666666664
7142,7143,144159805#0,26.0
7144,7145,144328216#0,69.2
7146,7147,144328216#7,32.34920634920635
7148,7149,144328219#0,20.394736842105264
7150,7151,144328219#1,103.8108108108108
7152,7153,144435600#0,15.233644859813085
7154,7155,144435600#2,57.63855421686747
7156,7157,144435601#0,13.149171270718233
7158,7159,1444518269,30.05
7160,7161,144464776#0,2.8
7164,7165,144464777,4.2
7166,7167,144882346#0,134.88888888888889
7168,7169,1450210388,8.035353535353535
7170,7171,145037483#1,19.466666666666665
7172,7173,145037484,13.6
7174,7175,145037485#0,32.3
7176,7177,145037486#0,43.86666666666667
7180,7181,145037490,37.6
7182,7183,145037491,25.6
7184,7185,145037492#0,60.8
7188,7189,145178196#0,10.17910447761194
7190,7191,145178196#2,20.225806451612904
7192,7193,145178196#3,59.93103448275862
7194,7195,145178197#3,16.526315789473685
7196,7197,145178199,15.710144927536232
7198,7199,145178206#0,12.4
7200,7201,145178215#0,24.8
7202,7203,145338646#0,33.04
7204,7205,145348808#0,10.89655172413793
7208,7209,145430789#0,13.6
7210,7211,145430789#1,33.05882352941177
7212,7213,145430789#13,14.49056603773585
7214,7215,145430789#6,18.52173913043478
7216,7217,145430789#8,17.53846153846154
7218,7219,145430790#0,21.783132530120483
7222,7223,1456936767#0,4.6
7224,7225,146256531#0,16.4
7226,7227,146256534#0,39.909774436090224
7228,7229,146256534#4,32.40625
7232,7233,146390389#0,25.76
7234,7235,146390389#4,32.4
7236,7237,146390389#5,25.0
7238,7239,146390389#6,31.066666666666666
7240,7241,146514528,52.47560975609756
7242,7243,146514531,10.666666666666666
7244,7245,146523570#1,34.4
7246,7247,146523574#0,69.2
7248,7249,146523580#0,79.125
7250,7251,146523598#0,7.0
7252,7253,146645330#0,6.853754940711463
7254,7255,146791396#0,76.0
7256,7257,147571850#0,75.84615384615384
7258,7259,147571850#8,68.25531914893617
7260,7261,147571851#0,86.05128205128206
7262,7263,147571853#0,14.510344827586207
7264,7265,147571853#2,54.0
7266,7267,147571854,11.666666666666666
7268,7269,147571855#0,20.704225352112676
7272,7273,147706192,4.76595744680851
7274,7275,147896286#0,12.72
7276,7277,14823558#0,75.5
7284,7285,151406643#17,25.989473684210527
7286,7287,151883469,15.956043956043956
7288,7289,151883470,5.5054945054945055
7290,7291,151883472,15.029411764705882
7292,7293,151899869#0,38.6996699669967
7294,7295,151899872,14.016
7296,7297,152508614,8.402576489533011
7298,7299,152508615,2.2738301559792027
7300,7301,152508616#0,15.883683360258482
7302,7303,152508617,11.247833622183709
7304,7305,152508619#0,26.493055555555557
7310,7311,152579191#0,10.5
7312,7313,152962047,3.6
7314,7315,152962050#0,48.22857142857143
7316,7317,153095159,5.890909090909091
7318,7319,153095225,43.48582995951417
7320,7321,153095895,11.012939001848428
7322,7323,153097298,36.54648956356736
7324,7325,153097300,10.938461538461539
7326,7327,153461496,12.678861788617887
7328,7329,153674044,22.4
7330,7331,154029239#0,35.6
7334,7335,154029241#0,66.0
7336,7337,154029242#0,28.4
7338,7339,154029242#3,32.0
7340,7341,154029243#2,22.4
7342,7343,154029243#3,14.88888888888889
7344,7345,154029243#4,7.5
7346,7347,154029243#5,23.066666666666666
7348,7349,154029243#6,29.416666666666668
7352,7353,154333523,50.8
7358,7359,154333526#0,21.6
7360,7361,154333526#1,37.6
7362,7363,154359840,10.991452991452991
7364,7365,154359841#0,22.06896551724138
7366,7367,154359890,8.518796992481203
7368,7369,154456892#0,71.02702702702703
7370,7371,154456895#2,17.294117647058822
7372,7373,154456896#0,47.46666666666667
7378,7379,154916174#1,12.4
7380,7381,154916174#4,69.6
7384,7385,156356253,17.75418994413408
7386,7387,156356254#0,6.742857142857143
7388,7389,156448307#0,14.714285714285714
7392,7393,156448317#0,514.0
7394,7395,156998776#0,336.4
7396,7397,156998786#0,37.6
7400,7401,156998794,10.0
7402,7403,157006820#0,34.2
7404,7405,157006821#0,2.6
7406,7407,157006821#1,15.4
7408,7409,157006823#0,69.4
7410,7411,157006823#5,61.27272727272727
7412,7413,157006823#8,49.714285714285715
7414,7415,157006825#0,58.75
7420,7421,157959489#0,45.82608695652174
7424,7425,157959490#0,46.56521739130435
7426,7427,157959490#11,23.40740740740741
7428,7429,157959490#12,26.181818181818183
7430,7431,157959490#7,16.714285714285715
7432,7433,157959490#9,7.142857142857143
7434,7435,157959493#0,32.0
7436,7437,157959493#1,22.17391304347826
7438,7439,157959493#12,18.493506493506494
7440,7441,157959493#3,29.38888888888889
7442,7443,157959493#5,43.476190476190474
7444,7445,157959493#6,33.08
7446,7447,157959493#9,26.736842105263158
7448,7449,15802018#0,47.6
7450,7451,158027398#0,8.521739130434783
7452,7453,158027398#12,11.052631578947368
7454,7455,158027398#2,22.916666666666668
7456,7457,158027398#3,21.176470588235293
7458,7459,158027398#5,22.8
7460,7461,158027398#6,9.454545454545455
7462,7463,158027398#7,60.857142857142854
7464,7465,158027400#0,10.9
7466,7467,158193259#0,17.285714285714285
7468,7469,158193260#0,25.517241379310345
7470,7471,159486641#0,14.23076923076923
7472,7473,160489234#0,4.8
7474,7475,160489234#1,18.0
7476,7477,160489235#0,13.89041095890411
7478,7479,160545484#0,17.6
7480,7481,160792610,12.8
7484,7485,163006337#0,32.666666666666664
7486,7487,163006337#2,13.647058823529411
7488,7489,163006337#3,15.764705882352942
7490,7491,163019497#0,51.0
7492,7493,16385596#0,34.961098398169334
7494,7495,16385596#3,5.4487804878048784
7496,7497,16385596#4,8.320930232558139
7500,7501,16386379#0,52.25
7506,7507,16386607#5,55.2
7512,7513,16386629#0,24.6
7516,7517,16386629#3,19.448275862068964
7520,7521,16386713#10,39.6
7522,7523,16386713#4,50.8
7524,7525,16386713#5,63.166666666666664
7526,7527,16386713#7,45.0
7530,7531,16386959,12.0
7532,7533,16387246#0,37.2
7534,7535,16387302#0,17.6
7538,7539,16388188#0,24.4
7544,7545,16388515,54.0
7546,7547,16389305,53.06666666666667
7548,7549,163918104#0,139.0
7552,7553,165316000#0,38.4
7554,7555,165636083,2.4
7556,7557,165636085,4.105263157894737
7558,7559,165636087,30.166666666666668
7560,7561,165636091#0,5.197916666666667
7562,7563,165636093#0,3.0526315789473686
7564,7565,165636095#0,4.8
7566,7567,165636097,2.721311475409836
7568,7569,165636099#0,4.16
7572,7573,165636102,5.1525423728813555
7574,7575,165636639,31.677083333333332
7576,7577,168729339#0,29.72093023255814
7578,7579,168729340#0,4.533333333333333
7582,7583,17095329#0,23.0
7584,7585,17095330#0,66.0
7586,7587,17095330#1,49.75
7590,7591,17095331#0,71.2
7592,7593,17095331#2,53.6
7594,7595,17095381#0,13.25
7596,7597,17095381#1,21.217391304347824
7598,7599,17100790#0,64.375
7600,7601,17100790#2,75.51724137931035
7602,7603,17100790#4,25.058823529411764
7606,7607,17100970#0,36.44444444444444
7610,7611,17100973#1,9.6
7612,7613,172496578#0,8.5
7614,7615,172496578#2,48.29126213592233
7616,7617,17253246#0,12.804195804195805
7618,7619,172887967#0,18.6
7620,7621,173016207#0,12.142857142857142
7622,7623,173172673#0,38.5
7624,7625,173172673#10,46.0
7626,7627,173172673#3,50.0
7628,7629,173172674,21.27659574468085
7630,7631,174304830#0,3.5703125
7632,7633,17467474#0,34.266666666666666
7634,7635,174739548#0,77.7
7636,7637,174739550,3.9
7638,7639,174739553,5.55735056542811
7640,7641,17477439,7.6
7642,7643,174960052#0,38.2
7644,7645,174960053,2.5306122448979593
7646,7647,17560905#0,5.2
7648,7649,17560905#1,9.6
7650,7651,176534650#0,6.872727272727273
7652,7653,176827008,1.04
7654,7655,177092492#0,37.714285714285715
7656,7657,177092492#10,83.25
7658,7659,177092492#5,65.73333333333333
7660,7661,177092494#0,36.11764705882353
7662,7663,177092494#3,19.05982905982906
7664,7665,177092495,9.865921787709498
7666,7667,177092496#0,65.0059880239521
7668,7669,177095164,7.0344827586206895
7670,7671,177095166#0,23.448275862068964
7672,7673,177095166#1,21.925925925925927
7674,7675,177095166#10,41.06666666666667
7676,7677,177095166#4,31.866666666666667
7680,7681,17947675,20.275862068965516
7682,7683,17947676#0,18.296296296296298
7684,7685,17947677#0,13.538461538461538
7686,7687,179606416,12.31578947368421
7688,7689,184436925,56.8
7696,7697,187084387,0.2631578947368421
7698,7699,187720237#0,24.25
7700,7701,190576757#1,32.857142857142854
7702,7703,19095057,23.733333333333334
7704,7705,19414015#0,75.11111111111111
7706,7707,195549661,22.242214532871973
7710,7711,19566275#5,26.0
7712,7713,19566275#6,21.4
7714,7715,19566275#8,159.9
7716,7717,19799437#0,14.0
7718,7719,19799437#3,81.0
7720,7721,19799486#0,44.4
7730,7731,19848864#0,22.8
7732,7733,19848864#1,20.4
7738,7739,19848865#0,16.64
7742,7743,19848865#2,13.2
7744,7745,20136152#0,5.0
7746,7747,20136152#1,54.857142857142854
7748,7749,201795990,11.571428571428571
7750,7751,20336623#0,53.0
7752,7753,20340572#0,58.4
7754,7755,20347040#0,56.8
7756,7757,20347040#1,80.75
7758,7759,20347040#2,121.6
7760,7761,20356890#0,11.7
7762,7763,20356890#1,114.8
7768,7769,206575918#0,15.727272727272727
7772,7773,20847974#1,42.9
7774,7775,20848060#0,96.0
7776,7777,20848060#4,4.8
7778,7779,20848105#0,32.266666666666666
7780,7781,20848196#0,35.2
7786,7787,20850531#0,13.466666666666667
7788,7789,20850531#1,33.31428571428572
7790,7791,210368197#0,23.763157894736842
7792,7793,210377056,21.2
7794,7795,218907681#0,4.264705882352941
7796,7797,218907681#1,38.583333333333336
7798,7799,218907681#11,32.13333333333333
7800,7801,218907681#13,16.58139534883721
7802,7803,218907681#7,33.38461538461539
7804,7805,218907682,2.4
7808,7809,222874792,4.5777777777777775
7812,7813,225780905#0,24.0
7816,7817,22689738,47.0
7818,7819,22700317#0,43.5
7820,7821,227207543#0,19.795698924731184
7824,7825,227558567,28.0
7830,7831,22983215#0,8.518518518518519
7832,7833,22985076#0,14.861538461538462
7838,7839,230041575#2,37.1578947368421
7840,7841,230115571#0,28.17391304347826
7842,7843,230122229#0,29.385826771653544
7844,7845,230122234#0,15.333333333333334
7846,7847,230139210#0,31.2
7848,7849,230139211#0,20.8
7850,7851,230139223#0,30.653061224489797
7854,7855,230251443#0,28.983333333333334
7856,7857,230251445,4.633333333333334
7858,7859,230251449#0,22.644628099173552
7860,7861,230251450#0,52.11594202898551
7862,7863,230251452,34.0
7864,7865,230251453,38.43636363636364
7866,7867,230251455#1,68.63333333333334
7868,7869,230252868,5.3
7870,7871,230252869#0,18.0
7872,7873,230252870,8.46376811594203
7874,7875,230252871#0,4.875
7876,7877,230252871#1,8.228571428571428
7878,7879,230254188,5.8
7880,7881,230254189,7.454545454545454
7882,7883,230254190,5.5
7884,7885,230254191#0,39.2
7886,7887,230254192#0,4.466666666666667
7888,7889,230254192#1,1.8
7890,7891,230254193#0,6.318181818181818
7892,7893,230254193#1,3.3
7894,7895,230254195#0,15.533333333333333
7896,7897,230254195#1,2.511627906976744
7898,7899,230254196#0,29.314285714285713
7900,7901,230254197#0,12.8
7902,7903,230254197#2,8.285714285714286
7904,7905,230254198,17.36082474226804
7906,7907,230359734,7.661654135338346
7908,7909,230359737,5.44206008583691
7910,7911,230359738#0,5.818181818181818
7912,7913,230359738#2,14.453038674033149
7914,7915,230359738#3,17.91160220994475
7916,7917,230359738#5,22.904255319148938
7918,7919,230359738#9,38.97005988023952
7920,7921,230359739#0,15.741007194244604
7922,7923,230359739#5,32.5219512195122
7924,7925,230359740#0,57.608695652173914
7926,7927,230359741#0,31.10091743119266
7934,7935,23093327#0,17.92
7936,7937,23093327#1,10.4
7938,7939,23093333#0,17.2
7942,7943,23093440#0,24.4
7948,7949,23095625,12.4
7950,7951,23118482,64.8
7952,7953,231427517#0,61.8
7954,7955,231855940#0,26.31578947368421
7956,7957,23209253,180.0
7958,7959,23214483#11,27.010752688172044
7960,7961,23214483#4,14.612244897959183
7964,7965,23389601#1,48.0
7966,7967,23389780#0,51.666666666666664
7968,7969,23394535,7.897435897435898
7970,7971,23394536#0,17.90909090909091
7972,7973,23394536#1,123.23076923076923
7974,7975,23394788#0,28.440366972477065
7976,7977,23394788#6,56.588235294117645
7978,7979,23394789#0,17.529411764705884
7980,7981,23394789#3,24.833333333333332
7982,7983,23394790#2,28.4
7984,7985,23395312#0,11.91764705882353
7986,7987,23611509#0,48.42741935483871
7988,7989,23611528,5.806779661016949
7990,7991,23624770,40.4
7994,7995,23697531,9.2
7998,7999,23911532#1,12.101960784313725
8000,8001,23982928#0,34.93333333333333
8006,8007,23982933#0,36.2
8008,8009,24042707,3.0
8010,8011,24042708,43.2
8014,8015,242284225#0,28.0
8016,8017,242802481#0,7.5
8018,8019,24330008,10.227272727272727
8022,8023,24405913,25.6
8024,8025,24508528#0,54.957142857142856
8028,8029,24522025#0,102.0
8032,8033,245487369,49.8
8034,8035,24633269#0,37.8
8036,8037,246631281,16.22110552763819
8038,8039,246631282#0,5.372093023255814
8040,8041,246631283,5.115384615384615
8042,8043,246631285,5.169934640522876
8044,8045,246631286#0,26.896551724137932
8046,8047,246631288,34.674364896073904
8048,8049,24687207,14.4
8050,8051,24687411,3.8997214484679668
8052,8053,24687411-AddedOffRampEdge,7.762711864406779
8058,8059,24730765#0,31.6
8060,8061,24730765#3,18.0
8062,8063,247441050,6.2889908256880735
8064,8065,247441051,4.363636363636363
8066,8067,247441053,6.88735632183908
8068,8069,247441057#0,41.61722488038278
8070,8071,247441059#0,23.191056910569106
8072,8073,247441061,21.658986175115206
8074,8075,247441063,28.350746268656717
8076,8077,247441065,3.533101045296167
8078,8079,247441067,5.4106280193236715
8080,8081,247441068#0,7.397590361445783
8082,8083,247441069,2.163265306122449
8084,8085,247441070,8.213197969543147
8086,8087,247441072#0,27.14626865671642
8088,8089,247441073#0,38.339285714285715
8090,8091,247441075#0,13.602787456445993
8092,8093,247441077,3.75
8094,8095,247441097#0,24.150943396226417
8096,8097,24748597,6.8
8100,8101,24748598#3,34.4
8104,8105,24769656,76.4
8106,8107,24769657#0,36.13333333333333
8108,8109,24769703,42.0
8110,8111,24769704,64.0
8112,8113,24769794#0,6.28
8114,8115,24769794#1,26.136363636363637
8116,8117,24769794#3,13.968253968253968
8122,8123,24770929#0,3.241758241758242
8124,8125,24770929#1,30.941860465116278
8126,8127,24770929#3,46.11363636363637
8128,8129,24770929#8,23.66871165644172
8130,8131,24805872#0,24.4
8132,8133,24888128#0,20.36
8134,8135,24888128#3,29.939393939393938
8136,8137,24888128#4,121.8
8138,8139,24888129#0,13.706666666666667
8140,8141,24888129#1,67.52888888888889
8142,8143,24888130,3.6
8148,8149,24939272#0,10.0
8150,8151,24939272#1,24.666666666666668
8152,8153,24943997#0,25.0
8154,8155,24947430#0,25.211413748378728
8156,8157,24947430#5,19.947712418300654
8158,8159,24947430#8,25.05635648754915
8160,8161,24947433#1,4.813071895424836
8162,8163,24986163#0,3.8333333333333335
8164,8165,24986163#2,3.450980392156863
8166,8167,24992427,10.421052631578947
8168,8169,250074100#3,10.666666666666666
8170,8171,250074100#5,20.22222222222222
8172,8173,250558135#0,2.686084142394822
8174,8175,250558135#1,2.219224283305228
8176,8177,250558135#2,3.4482758620689653
8178,8179,250558136,2.4166666666666665
8180,8181,250558137#0,3.321375186846039
8182,8183,250558137#1,2.300469483568075
8184,8185,250558137#2,1.6948640483383686
8188,8189,251534690#0,20.8352
8190,8191,251534691,14.857142857142858
8192,8193,251534692#0,17.293478260869566
8196,8197,251534696,5.343082114735658
8198,8199,251534697,60.48236632536974
8200,8201,251534698#0,25.77777777777778
8202,8203,251534700,29.984216459977453
8204,8205,251922208#0,106.0
8206,8207,25200067#2,23.466666666666665
8208,8209,25200068#0,39.2
8212,8213,25200252,61.6
8214,8215,25200255,78.0
8218,8219,25200308#0,10.588235294117647
8220,8221,25200308#1,22.666666666666668
8222,8223,25200308#4,22.444444444444443
8228,8229,25200468#1,4.6
8230,8231,25304846#1,44.16949152542373
8232,8233,25409999#0,42.416666666666664
8234,8235,25409999#3,51.2
8236,8237,25409999#7,2.0
8238,8239,254844701#0,15.159090909090908
8240,8241,254854437#0,17.318181818181817
8242,8243,254854440#0,2.0217391304347827
8244,8245,254854440#1,2.188679245283019
8246,8247,254854440#2,3.3320964749536177
8248,8249,25506442#0,16.165137614678898
8254,8255,255834242,23.13645621181263
8258,8259,255834262,15.369202226345083
8260,8261,255834266,16.484052532833022
8262,8263,255834270,8.545454545454545
8264,8265,255834273,28.394736842105264
8266,8267,255834279#0,54.15573770491803
8268,8269,255834317#0,11.2
8270,8271,255834320,31.6
8272,8273,255834365,2.220614828209765
8274,8275,255834389#0,55.39013452914798
8278,8279,25797045#0,26.0
8280,8281,25858898,11.0
8282,8283,25858899#0,52.44444444444444
8284,8285,258919937,4.115942028985507
8286,8287,258919938#0,41.644444444444446
8288,8289,258919939#0,29.852941176470587
8290,8291,258919940#0,22.787610619469028
8292,8293,258932725,5.380073800738008
8294,8295,258932726,9.136531365313653
8296,8297,258932727#0,24.253164556962027
8298,8299,258932728#0,14.532051282051283
8300,8301,258932729,0.5086887835703001
8302,8303,258932730#0,7.1121642969984205
8304,8305,258932732#0,32.91304347826087
8306,8307,258932733#0,24.333333333333332
8308,8309,258932734#0,11.495934959349594
8310,8311,258932735#0,37.63076923076923
8312,8313,258932736#0,9.94822006472492
8314,8315,258932736#1,31.42222222222222
8316,8317,258932738,43.900763358778626
8318,8319,258932739,2.8531468531468533
8320,8321,258932740,5.170506912442396
8322,8323,258932744#0,5.719912472647702
8324,8325,258932745#0,18.120754716981132
8326,8327,258932745#2,1.9622641509433962
8328,8329,258932746#0,33.30573248407644
8330,8331,258932747#0,25.89496717724289
8332,8333,258932748#0,42.168377823408626
8334,8335,258932749#0,6.794202898550725
8336,8337,258932750#0,9.04390243902439
8338,8339,258932751#0,17.224242424242423
8340,8341,258932753#0,42.548780487804876
8342,8343,258932758#0,26.234375
8344,8345,258932759#0,30.636363636363637
8346,8347,258932764#0,34.16
8348,8349,258932765#0,31.066666666666666
8350,8351,258932770,2.0
8352,8353,258932774,5.381443298969073
8354,8355,258932775,4.947368421052632
8356,8357,258942637#0,20.39160839160839
8358,8359,258942638#0,4.198895027624309
8360,8361,258942639,1.2355212355212355
8362,8363,258942642#0,15.738693467336683
8364,8365,258942643#0,31.185454545454544
8366,8367,258942646#0,18.852713178294575
8368,8369,258942647,9.58011049723757
8370,8371,258942648#0,30.11764705882353
8372,8373,258942649#0,28.338983050847457
8374,8375,258942651,2.8333333333333335
8376,8377,258942655,8.833333333333334
8378,8379,258942656,3.56
8380,8381,258942661,9.432098765432098
8382,8383,258942664,18.88888888888889
8384,8385,258942665,12.437956204379562
8386,8387,258942666,22.817518248175183
8388,8389,258942668,40.15714285714286
8390,8391,258942669,16.19047619047619
8392,8393,258942671,27.647058823529413
8394,8395,258942672,4.33984962406015
8396,8397,258942673,54.37201365187713
8398,8399,258949951#0,21.333333333333332
8400,8401,258949951#2,5.945848375451264
8402,8403,258949951#4,58.73446327683616
8404,8405,258949952,4.790996784565916
8406,8407,258949953#0,12.283870967741935
8408,8409,260345644#0,26.9
8410,8411,260345647,9.957446808510639
8412,8413,260345653,14.0
8414,8415,260345676#0,18.0
8416,8417,260510496#0,8.231707317073171
8418,8419,260510496#3,13.895348837209303
8420,8421,260510496#4,5.451428571428571
8422,8423,260510496#5,14.133333333333333
8424,8425,260510499,2.5562130177514795
8426,8427,260510502,5.478260869565218
8428,8429,260510505,2.3617021276595747
8430,8431,260510507#0,23.06878306878307
8432,8433,260510509#0,33.048780487804876
8434,8435,260510511#0,23.807692307692307
8436,8437,260510554#0,25.6
8438,8439,260510555#0,26.6013986013986
8442,8443,260756022#2,46.6
8444,8445,261597263,12.864864864864865
8446,8447,262486741#0,43.4
8448,8449,262486741#10,23.6
8452,8453,262486741#6,59.2
8454,8455,26390367#0,28.0
8458,8459,2640070#2,39.86666666666667
8460,8461,264018843#0,46.578512396694215
8466,8467,26422170#0,32.22222222222222
8468,8469,26422170#7,30.46153846153846
8470,8471,264353284#0,7.285714285714286
8472,8473,264353284#2,2.857142857142857
8474,8475,264479689#0,38.422136422136425
8476,8477,264479690#0,35.245714285714286
8478,8479,264479692,13.289411764705882
8480,8481,264479693,13.624398073836277
8482,8483,264512860,2.469750889679715
8484,8485,264512866#0,16.51437699680511
8486,8487,264512869#1,36.58095238095238
8488,8489,264512871#0,32.05571030640669
8490,8491,264512871#2,6.628048780487805
8492,8493,26609961#0,75.83333333333333
8494,8495,26609961#2,74.0
8498,8499,26696135#0,30.28813559322034
8500,8501,26696137#0,10.666666666666666
8502,8503,26696137#1,28.5
8504,8505,26696144#0,20.41860465116279
8506,8507,26696144#10,23.56923076923077
8508,8509,26696144#11,31.246376811594203
8510,8511,26696144#4,26.53488372093023
8512,8513,26696144#5,22.254545454545454
8514,8515,26696144#7,8.945454545454545
8516,8517,26696144#8,13.6
8520,8521,26710956,9.076923076923077
8522,8523,267120934#0,14.0
8524,8525,26984582,5.76
8526,8527,26984583,35.233333333333334
8528,8529,27007966,12.6
8530,8531,27151613#0,28.899159663865547
8532,8533,272007305#0,80.8
8534,8535,272007306#0,78.0
8536,8537,272007307#0,80.0
8538,8539,27201104,4.4
8540,8541,27201406#0,10.333333333333334
8542,8543,272024122#0,26.17531305903399
8544,8545,27370895,24.066666666666666
8546,8547,2746200,35.6
8548,8549,2746738#1,25.76923076923077
8550,8551,2746738#3,24.72
8552,8553,2746738#4,27.7
8554,8555,2746738#5,27.6
8556,8557,2746738#6,5.2
8558,8559,27583804#0,62.0
8560,8561,27583804#15,7.081081081081081
8562,8563,27583804#16,59.0
8564,8565,27583804#2,42.46153846153846
8566,8567,27583804#6,35.55555555555556
8568,8569,27583804#8,46.8125
8570,8571,27583805#0,4.125
8572,8573,27583805#1,17.77777777777778
8574,8575,27583805#11,21.095238095238095
8576,8577,27583805#14,19.897435897435898
8578,8579,27583805#19,17.333333333333332
8580,8581,27583805#23,30.40740740740741
8582,8583,27583805#26,52.57142857142857
8584,8585,27583805#3,36.86666666666667
8586,8587,27583805#30,57.2463768115942
8588,8589,27583805#31,25.819444444444443
8590,8591,27583805#34,13.39877300613497
8592,8593,27606775,9.8
8594,8595,27608071,10.76923076923077
8596,8597,276744482#0,20.666666666666668
8600,8601,280294403#0,22.533333333333335
8602,8603,280299709#0,19.0
8604,8605,28213143,30.2987012987013
8606,8607,282753026#0,30.25
8608,8609,282805626#0,11.733333333333333
8610,8611,283457127,22.8
8614,8615,283457129,39.333333333333336
8616,8617,283457130#0,44.8
8618,8619,283457130#1,30.8
8620,8621,283485936,54.4
8622,8623,284032700#0,180.64285714285714
8626,8627,28446482#0,40.8
8630,8631,28451503#0,4.266666666666667
8632,8633,28451503#1,28.0
8636,8637,28451507#0,2.875
8638,8639,28451507#1,15.8
8640,8641,28451508#0,39.5
8642,8643,28451509#0,5.0
8644,8645,28451509#1,16.6
8646,8647,28451510#2,27.5
8648,8649,28451511#0,10.4
8650,8651,28451511#1,4.8
8654,8655,28451512#7,23.473684210526315
8656,8657,28451532,4.0
8658,8659,28493700#0,94.4
8660,8661,28493700#10,40.4
8662,8663,285071123#0,22.8
8664,8665,285071123#1,36.857142857142854
8666,8667,285071123#2,29.6
8668,8669,28606949#0,37.09090909090909
8670,8671,28606950#0,71.75
8672,8673,28606950#8,60.88
8674,8675,28606951#0,69.6
8676,8677,28606952#0,37.0
8678,8679,28606953#0,34.8
8680,8681,28606953#13,99.52941176470588
8682,8683,28606953#2,110.48
8684,8685,28606953#24,37.6875
8686,8687,28606954#0,52.526315789473685
8688,8689,28606954#6,73.1
8690,8691,28606955,15.35064935064935
8692,8693,286302667#1,12.53393665158371
8694,8695,28682563#0,44.4
8696,8697,2884303#0,36.075949367088604
8698,8699,2884303#6,48.12624584717608
8700,8701,2884303#8,9.792880258899677
8702,8703,2884303#9,24.73482428115016
8704,8705,288681495#0,25.91304347826087
8706,8707,288681495#4,18.695652173913043
8708,8709,288681495#6,25.82608695652174
8710,8711,288791824,20.847058823529412
8712,8713,288791828,11.095890410958905
8714,8715,288791829,13.178082191780822
8716,8717,28960948#0,41.88235294117647
8720,8721,2897620,6.206896551724138
8722,8723,2897622#0,22.25
8724,8725,2897622#2,22.8
8726,8727,2897622#3,23.2
8728,8729,2897623#0,12.761904761904763
8730,8731,2897623#2,21.818181818181817
8732,8733,2897623#4,21.636363636363637
8734,8735,2897623#5,55.6
8736,8737,2898048#0,40.8
8738,8739,2898049#0,27.9
8740,8741,2898051,2.0
8742,8743,2898055#0,41.2
8744,8745,2898067#0,19.29032258064516
8746,8747,2898067#11,8.432432432432432
8748,8749,2898067#12,15.875
8750,8751,2898067#14,26.782608695652176
8752,8753,2898067#18,18.4
8754,8755,2898067#21,14.933333333333334
8756,8757,2898067#24,18.48
8758,8759,2898067#28,28.785714285714285
8760,8761,2898067#29,19.148936170212767
8762,8763,2898067#3,21.703703703703702
8764,8765,2898067#31,28.0
8766,8767,2898067#4,30.0
8768,8769,2898067#7,8.846153846153847
8770,8771,2898067#8,15.23404255319149
8772,8773,2898068#0,58.0
8774,8775,2898068#2,70.0
8778,8779,2898069#10,17.2
8780,8781,2898069#12,32.0
8782,8783,2898069#13,24.90909090909091
8784,8785,2898069#17,25.583333333333332
8786,8787,2898069#3,28.4
8788,8789,2898069#5,31.6
8790,8791,2898069#6,41.68421052631579
8792,8793,2898069#7,29.23076923076923
8794,8795,290582410#0,48.0
8796,8797,290582411#0,51.2
8798,8799,290582412#0,22.4
8800,8801,290582412#2,18.228571428571428
8802,8803,290582413#0,34.242990654205606
8804,8805,290582413#3,26.943396226415093
8806,8807,29129862#0,4.0
8808,8809,29129862#3,15.545454545454545
8810,8811,29129863#0,7.74468085106383
8812,8813,29129869,0.19047619047619047
8814,8815,29131113#0,14.818181818181818
8816,8817,29131113#1,26.48
8818,8819,2921417#3,6.0
8820,8821,2921417#4,33.6
8822,8823,292748634#0,12.307992202729045
8824,8825,292748634#3,35.20594479830149
8826,8827,292748634#5,23.726495726495727
8828,8829,292748634#6,19.76545842217484
8830,8831,292755364,23.986078886310906
8832,8833,292755366#0,8.421052631578947
8834,8835,292755367#0,78.39408866995073
8836,8837,292756440,24.38622754491018
8838,8839,292756441,6.7380073800738005
8840,8841,292756442,5.989726027397261
8844,8845,293213676#0,13.911111111111111
8846,8847,293213676#5,38.24
8848,8849,293224799#0,50.1
8850,8851,293224801#0,50.0
8852,8853,293233330#0,23.6
8886,8887,294669436#0,33.0
8890,8891,295931061#0,30.695384615384615
8892,8893,295931062#0,19.73643410852713
8894,8895,295931062#8,45.94499017681729
8896,8897,295931063#0,38.56546489563567
8898,8899,299988912#0,31.5625
8900,8901,299988913,2.25
8902,8903,299988915#0,15.851851851851851
8904,8905,30017692#12,15.245283018867925
8906,8907,30017692#16,15.9375
8908,8909,30017692#21,23.6
8910,8911,30017692#6,17.780645161290323
8912,8913,30127481#0,33.333333333333336
8914,8915,30171114#0,17.01923076923077
8916,8917,30323265#2,12.326530612244898
8918,8919,30323346#0,13.502824858757062
8920,8921,30323347#0,61.84782608695652
8922,8923,30323349#0,20.989690721649485
8924,8925,30323349#10,26.21698113207547
8926,8927,30323349#14,15.511520737327189
8928,8929,303512839#0,8.4
8930,8931,304216798#0,82.79166666666667
8934,8935,305295506#0,39.6
8936,8937,305295509,9.724137931034482
8938,8939,30604409#0,49.25675675675676
8940,8941,306390407,10.571428571428571
8942,8943,306396967#0,30.857142857142858
8944,8945,306396967#10,24.6
8946,8947,306396967#3,18.0
8948,8949,306396967#5,22.4
8950,8951,306396967#6,47.2
8952,8953,30772531#0,10.8
8954,8955,30772531#2,8.266666666666667
8958,8959,307852346,64.0
8960,8961,30890656#0,1.829268292682927
8962,8963,30890656#1,59.241379310344826
8964,8965,31000984#0,12.0
8976,8977,31097133#0,16.125
8978,8979,31097133#2,15.25
8980,8981,31097133#3,20.0
8982,8983,31097291#2,21.2
8986,8987,311181482#0,11.614035087719298
8988,8989,311181487#0,32.11914893617021
8990,8991,311181488#0,10.028571428571428
8992,8993,311181489#0,9.130434782608695
8994,8995,311181490#0,8.4
8996,8997,311644189#0,11.730103806228374
8998,8999,311743097#0,30.285714285714285
9000,9001,311743098#0,22.4
9002,9003,311743450,16.0
9004,9005,311773063#0,71.6
9006,9007,311956417#0,89.16666666666667
9010,9011,3138669#12,22.64516129032258
9012,9013,3138669#13,20.451612903225808
9014,9015,3138669#14,3.5555555555555554
9016,9017,3138669#15,18.903225806451612
9018,9019,3138669#17,40.476190476190474
9020,9021,3138669#4,32.4
9024,9025,314095467,8.385964912280702
9026,9027,3156749#0,24.0
9028,9029,3156749#1,25.533333333333335
9030,9031,3156749#2,16.32
9032,9033,3156749#3,28.02247191011236
9034,9035,3156901#0,45.6
9040,9041,317222609#0,24.0
9044,9045,317222609#3,23.6
9046,9047,317222611#0,16.23076923076923
9048,9049,317222611#1,24.666666666666668
9050,9051,317222611#2,54.7027027027027
9052,9053,317222612#1,51.083333333333336
9056,9057,317543380#0,26.4
9058,9059,317543380#4,8.0
9060,9061,317543381,11.824561403508772
9062,9063,317543382#0,17.333333333333332
9064,9065,318248788#0,31.201793721973093
9066,9067,3185634#0,24.608695652173914
9070,9071,3189024#0,24.0
9072,9073,3189024#2,20.347826086956523
9074,9075,3189024#3,28.823529411764707
9076,9077,3189024#4,14.090909090909092
9078,9079,3189024#5,30.693877551020407
9080,9081,3189025#0,27.11111111111111
9082,9083,3189025#10,77.72307692307692
9084,9085,3189025#12,31.862068965517242
9088,9089,3189025#8,39.6
9090,9091,3189026#0,4.933333333333334
9092,9093,3189026#1,13.384615384615385
9094,9095,3189026#2,6.1
9096,9097,3189026#3,34.69230769230769
9106,9107,32136688#0,15.21505376344086
9108,9109,32136688#4,37.41436464088398
9112,9113,32256065,18.00558659217877
9114,9115,32256066#0,21.928571428571427
9116,9117,32293100#0,7.176470588235294
9118,9119,323760851,10.68421052631579
9120,9121,323760853#0,4.2105263157894735
9122,9123,323760853#1,27.485714285714284
9124,9125,323760853#2,2.098360655737705
9128,9129,3243054#4,32.80740740740741
9130,9131,3243055#0,76.51851851851852
9132,9133,3243056#0,15.837606837606838
9134,9135,3243056#3,9.109170305676855
9136,9137,3243059#0,64.0
9138,9139,3243059#1,89.55555555555556
9142,9143,3243064#0,42.15384615384615
9144,9145,3243064#2,29.75
9146,9147,3243064#3,54.0
9154,9155,3243068#0,2.127659574468085
9156,9157,3243068#1,26.095238095238095
9158,9159,3243068#2,32.0
9160,9161,3243068#3,74.4
9162,9163,3243068#6,64.4
9164,9165,32431609,34.507936507936506
9166,9167,3245455#0,93.6
9168,9169,3245456#0,26.3
9170,9171,3245457#0,50.44444444444444
9172,9173,3245457#7,3.5428571428571427
9174,9175,3245460#0,50.8
9176,9177,3245460#3,10.32258064516129
9178,9179,3245477#0,51.125
9180,9181,32507257#0,59.411764705882355
9182,9183,326512436#0,14.266666666666667
9184,9185,326512437,8.605734767025089
9186,9187,326512438,8.547445255474452
9188,9189,326512439,22.16733067729084
9190,9191,326516911,5.330049261083744
9194,9195,326516913,3.0355987055016183
9196,9197,326520690,29.394160583941606
9198,9199,326520695,7.0067796610169495
9200,9201,326520698,10.659722222222221
9202,9203,326520701,15.556797020484172
9204,9205,326520704#0,32.68531468531469
9206,9207,326520706,19.74264705882353
9208,9209,326520707,5.494057724957555
9210,9211,326520708,25.9182156133829
9212,9213,326520709,30.831804281345565
9214,9215,326520710,36.202127659574465
9216,9217,326520711,173.5105633802817
9222,9223,32732035,50.0
9224,9225,32732041,15.6
9226,9227,32733182,24.74888558692422
9228,9229,3283200,49.2
9232,9233,3283202#0,35.2
9236,9237,3283202#3,20.25
9240,9241,3283202#5,15.6
9242,9243,3283203#0,56.2
9244,9245,3283203#1,56.75
9246,9247,3283321#0,18.8
9248,9249,3283321#2,13.272727272727273
9250,9251,32853221#0,24.04597701149425
9252,9253,32854649#0,17.901639344262296
9254,9255,32958392#0,7.032679738562091
9256,9257,32958392#3,20.26027397260274
9258,9259,32958392#7,12.780821917808218
9260,9261,32958392#8,18.058823529411764
9262,9263,32958393,3.74468085106383
9264,9265,32958394#0,15.36094674556213
9266,9267,32992027#0,1.2
9268,9269,32992027#1,3.3
9270,9271,32992028,20.70606531881804
9272,9273,32992029#0,15.388724035608309
9276,9277,32992031,2.9285714285714284
9278,9279,3301995#0,6.0
9280,9281,3301995#2,36.0
9282,9283,3301995#3,12.0
9284,9285,3301995#4,56.46153846153846
9286,9287,3301995#6,44.4
9288,9289,3301996#0,24.133333333333333
9290,9291,3301996#1,21.6
9294,9295,3301998#0,36.2
9296,9297,3301998#2,67.5
9298,9299,3301998#5,46.24
9300,9301,3301999#0,22.0
9302,9303,3302000#0,20.4
9304,9305,3302000#2,25.75
9306,9307,3302001#0,6.666666666666667
9308,9309,3302001#1,32.0
9310,9311,3302001#2,68.0
9312,9313,3302001#6,36.10526315789474
9314,9315,3302074#0,8.918181818181818
9316,9317,3302175#0,22.107667210440457
9318,9319,3303591#0,55.28
9322,9323,3322000,6.813102119460501
9324,9325,3322001#0,2.264385692068429
9326,9327,3322001#1,21.157556270096464
9328,9329,3322002#0,6.185567010309279
9332,9333,3322005#1,21.2
9334,9335,3322006#1,5.0
9338,9339,3322008#4,45.30769230769231
9340,9341,3322008#7,6.0
9342,9343,3322008#8,24.09090909090909
9346,9347,3322009#2,20.8
9350,9351,3322011#0,30.444444444444443
9352,9353,3322011#3,50.22222222222222
9354,9355,3322011#6,17.53488372093023
9356,9357,3322011#7,21.181818181818183
9358,9359,3322011#8,26.88888888888889
9360,9361,3322013,53.6
9362,9363,3322015#0,28.4
9368,9369,3322015#6,28.533333333333335
9370,9371,3322015#7,36.2
9372,9373,3322016#0,28.0
9374,9375,3322016#1,24.1
9376,9377,3322016#3,23.62962962962963
9378,9379,3322016#5,26.324324324324323
9384,9385,3322100#0,27.930232558139537
9386,9387,3322100#1,18.36111111111111
9388,9389,3322100#3,10.875
9390,9391,3322101#0,64.4
9394,9395,3322103#0,30.0
9396,9397,3322103#4,25.047619047619047
9398,9399,3322103#5,33.125
9400,9401,3322103#7,30.22222222222222
9402,9403,3322132#0,36.4
9404,9405,3322132#2,21.6
9406,9407,3322132#3,51.93333333333333
9408,9409,3322132#4,25.0
9410,9411,3322132#5,26.61111111111111
9412,9413,3322132#8,32.08695652173913
9414,9415,3322132#9,26.90909090909091
9416,9417,3322133#0,65.25
9418,9419,3322133#3,82.0
9420,9421,3322134#0,20.7
9422,9423,3322134#1,22.0
9424,9425,3322134#3,92.33333333333333
9426,9427,3322135#0,20.266666666666666
9428,9429,3322135#2,32.0
9430,9431,3322136#0,22.0
9432,9433,3322136#1,26.333333333333332
9434,9435,3322136#5,19.2
9436,9437,3322136#7,16.8
9438,9439,3322139#0,3.6
9440,9441,3322139#1,53.0
9442,9443,3322139#3,52.0
9444,9445,3322139#5,29.2
9448,9449,3322286#0,103.71428571428571
9450,9451,33287754,3.789473684210526
9452,9453,33288051,3.558139534883721
9454,9455,33288054,7.434782608695652
9458,9459,332918969#0,58.4
9460,9461,334186514#0,24.30392156862745
9462,9463,334186514#3,16.61124694376528
9464,9465,334186514#6,12.671497584541063
9472,9473,3343135#0,47.55555555555556
9474,9475,3343136#0,42.0
9476,9477,3343136#1,25.5
9482,9483,3343238#0,61.05263157894737
9484,9485,3343238#14,58.25
9486,9487,3343238#23,25.25
9488,9489,3343238#26,16.625
9490,9491,3343238#27,37.6
9492,9493,3343243#0,39.0
9494,9495,3343243#1,37.793103448275865
9496,9497,3343243#10,43.4
9498,9499,3343243#13,16.96
9500,9501,3343243#15,13.52
9502,9503,3343243#16,15.12
9504,9505,3343243#17,12.24
9506,9507,3343243#18,12.15
9508,9509,3343243#2,20.0
9512,9513,3343243#7,10.866666666666667
9514,9515,3343243#8,10.64516129032258
9516,9517,3343243#9,26.06451612903226
9518,9519,3343297,45.6
9520,9521,33525635#0,29.44
9522,9523,33525635#5,22.435233160621763
9524,9525,33525635#6,21.12280701754386
9526,9527,33525635#7,21.755102040816325
9528,9529,33525636#0,28.0
9530,9531,33525636#3,30.0
9532,9533,33525636#7,34.0
9534,9535,33525637,20.2
9536,9537,33525638#0,11.2
9542,9543,33525639#2,82.4
9544,9545,33525640,27.94871794871795
9546,9547,33525641,3.0
9548,9549,33525642,13.0
9550,9551,33616844#0,26.0
9552,9553,33633168#0,103.57575757575758
9554,9555,33633168#8,62.651162790697676
9556,9557,33633169#0,25.333333333333332
9560,9561,33633171#0,72.0
9562,9563,33633171#4,124.0
9564,9565,33633172,30.4
9566,9567,337993105#0,62.207058823529415
9568,9569,337993106,11.083682008368202
9572,9573,33871990#0,36.53333333333333
9574,9575,339795927,7.266862170087976
9576,9577,33997359,8.666666666666666
9582,9583,3425485#0,43.09090909090909
9584,9585,3425485#1,23.714285714285715
9586,9587,3425485#2,25.333333333333332
9588,9589,3425489#0,38.4
9590,9591,3425499#0,10.571428571428571
9592,9593,3425499#11,57.733333333333334
9594,9595,3425499#18,40.083333333333336
9596,9597,3425499#2,66.0
9598,9599,3425499#21,31.066666666666666
9600,9601,3425499#22,19.6
9610,9611,34340978,8.652439024390244
9612,9613,34340980#0,9.770833333333334
9614,9615,34340980#1,31.07246376811594
9616,9617,34340981#0,18.030874785591767
9618,9619,34340982#0,29.808752025931927
9620,9621,3447778#1,9.6
9622,9623,3447778#2,1.6
9626,9627,345733058,7.0
9628,9629,34946878#7,39.04545454545455
9630,9631,34955715,4.0
9632,9633,34955716#0,78.85714285714286
9634,9635,34955717#3,13.6
9636,9637,34955717#5,11.2
9638,9639,34955718,29.0
9640,9641,34955724#0,38.16
9642,9643,35004102#0,2.0
9644,9645,35004102#1,11.0
9646,9647,350136806#0,7.0
9648,9649,350136806#2,44.93333333333333
9652,9653,35039839#0,66.49032258064516
9654,9655,35039839#4,2.35
9656,9657,35039843#0,28.48
9658,9659,35039843#3,21.2
9660,9661,35039843#7,9.76
9662,9663,35039844,19.68421052631579
9664,9665,35039845#0,72.46153846153847
9666,9667,35039845#5,19.428571428571427
9668,9669,35042657#0,42.13333333333333
9670,9671,35043027#0,59.64
9672,9673,35043034#0,31.666666666666668
9674,9675,35043036#0,31.5
9676,9677,35043039#0,48.57605177993528
9678,9679,35043041#0,23.3
9680,9681,35043607,25.07246376811594
9682,9683,35052911#0,14.311649016641452
9684,9685,35064461#0,170.8
9686,9687,35078030#0,7.6
9688,9689,35078030#1,13.2
9696,9697,35078618,24.8
9698,9699,35078621,19.78102189781022
9700,9701,35108720#0,13.622222222222222
9702,9703,35108720#10,66.77639751552795
9704,9705,35108720#6,15.035294117647059
9706,9707,351615223#1,29.235294117647058
9708,9709,351615223#7,4.647058823529412
9710,9711,351615223#8,10.989690721649485
9712,9713,351615235#4,11.402597402597403
9714,9715,351615235#7,18.243243243243242
9716,9717,35218416#0,11.0
9718,9719,35262511#0,57.24454148471616
9720,9721,3526897#0,26.133333333333333
9722,9723,3526897#1,17.2
9724,9725,3526898#0,28.0
9730,9731,353258540#0,15.394871794871795
9732,9733,353666023#0,27.95744680851064
9734,9735,353666023#1,43.9728813559322
9736,9737,353666023#2,18.926829268292682
9738,9739,353666023#3,21.16151202749141
9740,9741,353666023#7,15.232876712328768
9742,9743,354927560,19.857142857142858
9744,9745,3550327#0,125.75
9746,9747,3551567#13,30.0
9748,9749,3551567#5,32.111111111111114
9750,9751,3551567#8,44.73684210526316
9752,9753,3551810#0,57.52
9754,9755,3551810#7,58.5
9758,9759,3551833#0,50.0
9760,9761,3551833#5,38.484848484848484
9762,9763,3551855#0,2.4
9764,9765,3551855#1,39.1764705882353
9766,9767,3551855#5,37.3125
9768,9769,3551934#0,38.5
9770,9771,3551936#0,44.4
9774,9775,3552681#0,32.8
9776,9777,3552681#6,39.6
9778,9779,3552688#0,21.333333333333332
9780,9781,3552688#2,4.0
9782,9783,3552734#0,137.5748031496063
9784,9785,3552734#3,114.05042016806723
9786,9787,3552735,5.0
9788,9789,3576881#0,10.290909090909091
9790,9791,3576881#2,71.90697674418605
9792,9793,3576882#0,20.3875
9794,9795,3576882#2,27.656903765690377
9796,9797,3576883#0,23.272251308900522
9798,9799,3576883#3,11.16710875331565
9800,9801,3576883#4,26.12957746478873
9802,9803,3576883#6,15.104815864022664
9804,9805,3576883#7,14.611898016997166
9806,9807,3576883#8,12.850574712643677
9808,9809,3576884#0,10.473451327433628
9810,9811,3576884#2,90.98942917547569
9812,9813,35882499#0,97.6
9814,9815,35921905#0,4.4
9818,9819,359232666#1,14.133333333333333
9820,9821,35952612#0,104.072
9822,9823,35994258#0,24.1875
9824,9825,35994258#11,10.0
9826,9827,35994258#13,28.0
9828,9829,35994258#5,18.0
9830,9831,35994258#8,15.6
9832,9833,360015946#0,21.666666666666668
9834,9835,360015946#1,21.4
9836,9837,360015946#2,22.266666666666666
9838,9839,36002290#1,16.428571428571427
9840,9841,361074024,62.4
9842,9843,361156377#0,33.3603707995365
9844,9845,361156380#0,33.812820512820515
9846,9847,361156385#0,18.454545454545453
9848,9849,361156389#0,29.11214953271028
9850,9851,361156393#0,28.07246376811594
9852,9853,361156396#0,22.98701298701299
9854,9855,361156397#0,27.816062176165804
9856,9857,361156398#0,37.37133550488599
9858,9859,361156401#0,26.0
9860,9861,361262464#0,45.56
9862,9863,361262466#0,50.9
9864,9865,361262466#5,21.90909090909091
9866,9867,361262470,10.037037037037036
9868,9869,361462507#4,39.0
9870,9871,361462508,125.0
9872,9873,3615536#0,35.2
9874,9875,3615537,2.8
9876,9877,3615539#0,34.4
9878,9879,3615540,38.0
9884,9885,3625904#0,28.133333333333333
9886,9887,3625904#2,28.4
9888,9889,3625906#0,27.428571428571427
9890,9891,3625906#1,28.666666666666668
9894,9895,363470954#2,27.4
9896,9897,363470954#7,42.916666666666664
9898,9899,363470957#3,56.75
9900,9901,363470959#5,50.0
9902,9903,363801259#0,27.474892395982785
9906,9907,3654979#0,11.268292682926829
9908,9909,3655020#0,62.857142857142854
9910,9911,3655021,0.7777777777777778
9912,9913,3655024#0,31.5
9914,9915,3655024#2,22.571428571428573
9916,9917,3655028#0,67.0
9918,9919,3655033#0,19.055555555555557
9920,9921,3655033#1,23.142857142857142
9922,9923,3655033#2,25.853658536585368
9924,9925,3655042#0,60.285714285714285
9926,9927,3655042#1,60.13333333333333
9928,9929,3655054#0,15.5
9930,9931,3655064#0,18.25
9938,9939,3655072#15,34.64
9942,9943,3655072#9,48.32
9944,9945,3655076#0,16.8
9946,9947,3655078#0,24.25
9948,9949,3655078#1,22.0
9950,9951,3655080,48.0
9952,9953,3655093#0,53.2
9954,9955,366102515#0,79.140625
9956,9957,366102516,6.0
9958,9959,366102517#0,5.591111111111111
9960,9961,366102518#0,11.2
9962,9963,366102519#0,17.68888888888889
9964,9965,366102520#0,31.11111111111111
9966,9967,366102521,12.533333333333333
9968,9969,366137236,10.454054054054055
9970,9971,366137237#0,8.146596858638743
9972,9973,366137237#1,8.695652173913043
9974,9975,366137238,5.769230769230769
9976,9977,366137239#0,17.0
9978,9979,366137240#0,25.153846153846153
9982,9983,3661678#6,16.8
9984,9985,3661678#7,25.8
9986,9987,3689660#0,48.4
9990,9991,3689776#0,40.6
10002,10003,3689781,26.0
10004,10005,3689782#0,51.666666666666664
10006,10007,3689783,20.0
10008,10009,3689881#0,19.2
10012,10013,3689895#0,11.274853801169591
10014,10015,3689896#0,10.067415730337078
10016,10017,3692212#0,23.6
10018,10019,3692212#1,23.6
10020,10021,3692212#2,18.4
10024,10025,3693729#2,28.0
10028,10029,3693731#0,64.6470588235294
10030,10031,3693731#3,62.666666666666664
10034,10035,3701102#4,22.838709677419356
10040,10041,37018082#4,88.0
10042,10043,37018139#0,26.8
10044,10045,37018139#1,11.6
10046,10047,37018139#2,24.533333333333335
10048,10049,37018150#0,41.54716981132076
10052,10053,3709038#0,60.9
10054,10055,3709253,31.6
10056,10057,371609623,25.2
10058,10059,371609624#1,25.55
10060,10061,371609624#10,44.4
10062,10063,371609624#14,19.6
10064,10065,37253337#0,30.2
10066,10067,37253337#1,70.8
10070,10071,37253348#2,82.21052631578948
10072,10073,37253365#0,28.6
10078,10079,37299313#6,70.8
10082,10083,3732664,20.59259259259259
10084,10085,3732685#0,72.4
10088,10089,373269567#3,36.4
10098,10099,3732947#0,23.2
10104,10105,37416404#0,14.921985815602836
10106,10107,37416406,9.902325581395349
10108,10109,37416407,26.583025830258304
10110,10111,3747321,37.2
10112,10113,374909783#0,6.888888888888889
10114,10115,3753328#0,55.4
10116,10117,375792027#0,31.897435897435898
10118,10119,37640569#0,22.369230769230768
10120,10121,37640569#2,30.676923076923078
10122,10123,37640569#4,23.685714285714287
10124,10125,37640569#5,27.766666666666666
10126,10127,37642925#0,39.06666666666667
10128,10129,37642925#5,49.69230769230769
10130,10131,37642928#0,36.0
10132,10133,37665284#0,12.788598574821853
10134,10135,37666014,16.39252336448598
10136,10137,37666015#0,35.62
10138,10139,37666017#0,16.208333333333332
10140,10141,37666023#0,28.144329896907216
10144,10145,37739521#6,25.2
10148,10149,37740361#0,8.709677419354838
10150,10151,37742464#0,14.122699386503067
10152,10153,37742464#2,4.877300613496932
10154,10155,37742467#0,27.47826086956522
10156,10157,37743290#0,31.775280898876403
10158,10159,37743291#0,31.818181818181817
10160,10161,37768220#0,28.8
10162,10163,37768220#2,25.6
10164,10165,37768220#5,86.6
10166,10167,377972366#0,24.0
10168,10169,377972370#0,18.4
10174,10175,377972377#0,38.5
10176,10177,377972385#1,32.87096774193548
10178,10179,377972386#0,25.827956989247312
10180,10181,377972387#0,25.639344262295083
10182,10183,377972388#0,52.016420361247945
10184,10185,377972389#0,29.398058252427184
10190,10191,379604041,26.321678321678323
10192,10193,381152735#0,19.774011299435028
10198,10199,38273890#0,25.595959595959595
10200,10201,38273892#0,48.81818181818182
10202,10203,38273893,27.6
10206,10207,3846298#0,100.0
10210,10211,3846325,100.0
10212,10213,3846337#0,24.0
10214,10215,3846337#2,19.789473684210527
10216,10217,3846337#3,20.333333333333332
10218,10219,3846341#2,18.285714285714285
10220,10221,3846341#4,24.3
10224,10225,38522958,17.894736842105264
10226,10227,38522960#0,86.4
10228,10229,38562403#0,29.11111111111111
10234,10235,38562406#0,12.105263157894736
10236,10237,38609704#0,71.27272727272727
10238,10239,38609704#13,25.11111111111111
10240,10241,38609705#0,5.504854368932039
10242,10243,38609707#0,9.704347826086957
10244,10245,38625064#0,35.509433962264154
10246,10247,38625066#1,12.875
10248,10249,38625066#3,21.71125265392781
10250,10251,38625066#4,16.427672955974842
10252,10253,38625066#5,12.522821576763485
10254,10255,38625066#6,3.6878850102669403
10256,10257,38634656#0,5.2
10258,10259,386516182,1.909967845659164
10260,10261,386516183,2.5492730210016155
10262,10263,386516184#0,2.391653290529695
10264,10265,386516185#0,12.26595744680851
10266,10267,386516186#0,5.403846153846154
10268,10269,386516210#0,20.791208791208792
10270,10271,38684263,11.2
10272,10273,38684265#0,22.53924914675768
10274,10275,38684265#2,32.774410774410775
10276,10277,38684265#4,57.84615384615385
10278,10279,38684615#0,25.25862068965517
10282,10283,38876178#2,5.707602339181286
10284,10285,38876178#3,18.3875
10286,10287,38876178#7,36.86046511627907
10288,10289,38876179#0,35.333333333333336
10290,10291,38876179#1,25.166666666666668
10292,10293,38876179#2,24.0
10294,10295,38876179#3,25.2
10296,10297,38876179#5,48.8
10298,10299,38876179#7,36.8
10300,10301,38876180#11,26.394736842105264
10302,10303,38876180#12,7.841269841269841
10304,10305,38876180#13,30.76
10306,10307,38876180#2,40.666666666666664
10308,10309,38876180#4,8.907103825136613
10310,10311,38876180#5,32.120603015075375
10312,10313,38876180#7,33.06306306306306
10314,10315,38876180#8,34.554455445544555
10316,10317,3903524#0,14.750877192982456
10320,10321,39306504#0,24.4
10322,10323,3931767#0,52.2
10324,10325,3931767#13,39.6
10326,10327,3931767#5,66.0
10330,10331,3960574,22.0
10332,10333,3960575#0,45.6
10334,10335,3960575#15,52.0
10336,10337,3960575#22,9.5
10340,10341,3960575#9,36.8
10342,10343,3960689#0,19.6
10344,10345,3960689#1,21.0
10346,10347,3960690#0,22.0
10348,10349,3960690#1,20.8
10350,10351,3960691#0,20.545454545454547
10352,10353,3960691#1,21.0
10354,10355,3960692#0,27.75
10356,10357,3960693#0,9.368421052631579
10358,10359,3960693#1,46.0
10360,10361,3960693#11,9.4
10362,10363,3960693#12,48.4
10366,10367,3960694#0,48.0
10368,10369,3960694#1,36.666666666666664
10370,10371,3960694#3,8.545454545454545
10372,10373,3960694#4,50.0
10376,10377,3960862#0,29.0
10378,10379,3960862#1,18.22222222222222
10380,10381,3960862#2,19.5
10382,10383,3978998#0,49.857142857142854
10384,10385,3978999#0,36.4
10386,10387,3979001#0,39.733333333333334
10388,10389,3979002#0,29.2
10390,10391,3979002#1,20.4
10396,10397,3979003#1,24.133333333333333
10406,10407,3979006#0,17.658536585365855
10408,10409,3979006#2,21.314285714285713
10410,10411,3979006#3,22.0
10412,10413,3979007#0,88.8
10414,10415,3979008,49.2
10418,10419,3979010#0,28.8
10420,10421,3979010#2,16.933333333333334
10426,10427,3979021#0,14.666666666666666
10428,10429,3986114#0,26.75
10430,10431,3986114#1,25.6
10432,10433,3986114#3,24.4
10434,10435,3986114#4,28.8
10438,10439,3986115#0,44.888888888888886
10440,10441,3986115#2,41.6
10442,10443,3986116#0,40.8
10446,10447,3986117#0,38.4
10450,10451,3986119,25.875
10452,10453,3986698,85.06666666666666
10454,10455,3994235#0,61.25
10456,10457,3994239#0,42.8
10458,10459,3994239#1,22.56
10460,10461,3994239#2,12.76923076923077
10462,10463,3994239#3,9.0
10464,10465,3994239#4,17.8
10466,10467,3994239#5,18.4
10468,10469,3994239#6,14.2
10470,10471,3994240#0,31.0
10472,10473,3994240#1,12.0
10476,10477,3994241,41.666666666666664
10478,10479,3994242#0,35.92
10480,10481,3994242#1,18.0
10482,10483,3994243#0,16.0
10484,10485,3994243#1,24.5
10486,10487,3994243#2,31.09090909090909
10488,10489,3994245,41.2
10490,10491,3994246#0,16.8
10492,10493,3994246#3,21.529411764705884
10494,10495,3994246#4,22.4
10496,10497,3994246#5,33.27272727272727
10498,10499,3994246#6,63.0
10500,10501,3994246#8,20.235294117647058
10502,10503,3994247#0,44.0
10504,10505,3994248#0,32.4
10508,10509,3994250#0,34.92307692307692
10510,10511,3994252#0,23.2
10512,10513,3994252#2,34.0
10514,10515,3994254,34.8
10516,10517,3996182#0,33.3
10518,10519,3996183#0,21.09090909090909
10520,10521,3996183#2,36.8
10522,10523,3996991,4.0
10528,10529,4003710#0,16.29090909090909
10530,10531,4003710#2,16.057142857142857
10532,10533,4003710#3,25.454545454545453
10534,10535,4003820,5.6
10536,10537,4004659,13.91304347826087
10538,10539,4005487#0,48.23076923076923
10540,10541,4005487#2,66.37037037037037
10544,10545,4005488#7,65.5
10546,10547,4005488#9,38.53333333333333
10548,10549,4005489#0,46.666666666666664
10550,10551,4005489#3,62.666666666666664
10552,10553,4005489#4,31.6
10554,10555,4005490#0,28.727272727272727
10556,10557,4005490#1,23.383783783783784
10558,10559,4005490#2,31.829268292682926
10560,10561,4005490#3,23.428571428571427
10562,10563,4005490#5,48.38363171355499
10564,10565,4005491#0,20.7
10566,10567,4005491#1,23.428571428571427
10568,10569,4005492#0,21.764705882352942
10570,10571,4005492#1,20.4
10572,10573,4005492#2,26.8
10574,10575,4005493,30.6
10576,10577,4005494#0,20.166666666666668
10578,10579,4005494#14,37.25
10580,10581,4005494#3,24.0
10582,10583,4005494#5,21.0
10584,10585,4005494#8,23.0
10586,10587,4005494#9,22.0
10590,10591,4005496,30.8
10592,10593,4005497#0,34.57142857142857
10594,10595,4005499#0,33.25
10596,10597,4005500#0,44.064516129032256
10598,10599,4005500#2,59.92
10600,10601,4006223#0,4.017391304347826
10604,10605,4061600#0,13.6
10606,10607,4061600#2,73.78010471204189
10608,10609,4061601#0,19.2
10610,10611,4061603#0,17.676646706586826
10612,10613,4061604#0,11.842696629213483
10614,10615,4061606#0,40.72222222222222
10616,10617,4061606#11,52.25352112676056
10618,10619,4061606#14,32.0
10620,10621,4061606#4,48.59154929577465
10622,10623,4061607#0,18.72
10624,10625,4061607#4,44.421052631578945
10626,10627,4061607#8,17.263157894736842
10628,10629,4061608#0,24.3
10630,10631,4061622,5.828571428571428
10632,10633,4061623#0,34.0041067761807
10634,10635,4061626#0,11.0
10636,10637,4061627#0,10.954545454545455
10638,10639,4061628,7.715771230502599
10640,10641,4068433#0,21.6
10642,10643,4068433#1,20.2
10646,10647,4068434#1,74.6
10650,10651,4068435#1,56.266666666666666
10652,10653,4073022,16.70967741935484
10654,10655,4073031#0,14.5
10656,10657,40742406#0,33.0
10658,10659,4074422#0,39.6
10660,10661,4074422#6,49.6
10664,10665,4074423#1,23.0
10668,10669,4074424#2,21.714285714285715
10670,10671,4076446#0,4.0
10672,10673,4076473#0,42.285714285714285
10674,10675,4076473#1,23.066666666666666
10676,10677,4076474#0,29.25
10678,10679,4076474#2,28.41025641025641
10680,10681,4076474#4,30.875
10682,10683,4076475#0,41.241379310344826
10684,10685,4076476#0,8.872340425531915
10686,10687,4076476#2,30.491803278688526
10688,10689,4076476#20,70.0
10690,10691,4076476#4,28.941176470588236
10692,10693,4076476#9,61.09803921568628
10694,10695,4076479#0,22.4
10696,10697,4076479#2,61.06666666666667
10698,10699,4076482#0,11.28
10700,10701,4076483,18.0
10704,10705,4076484#1,21.2
10706,10707,4076496#0,30.869565217391305
10708,10709,4076496#2,13.91304347826087
10710,10711,4076496#4,37.27272727272727
10712,10713,4076499#0,11.77889447236181
10714,10715,4076501,8.0
10718,10719,4076551#0,24.481927710843372
10720,10721,4076563#15,40.666666666666664
10726,10727,4076565#0,26.6
10728,10729,4076565#3,8.8
10736,10737,4080242#0,8.619289340101522
10738,10739,4080255#0,31.791469194312796
10740,10741,4080257#0,29.34722222222222
10742,10743,4080258,2.917874396135266
10744,10745,4080259#0,22.755555555555556
10746,10747,4080260,5.345864661654136
10748,10749,4080261,5.425454545454546
10750,10751,4082054#0,46.588235294117645
10752,10753,4082054#10,31.14018691588785
10754,10755,4082061#0,11.655172413793103
10756,10757,4082066#0,22.08219178082192
10758,10759,4083286#0,2.0
10762,10763,4083287#0,16.0
10764,10765,4083287#2,35.2
10772,10773,4083289#5,12.8
10774,10775,4083290#0,67.2
10776,10777,4083291#0,27.0
10778,10779,4083292#0,20.0
10780,10781,4083293#0,49.27272727272727
10782,10783,4083293#4,37.2
10784,10785,4083295#0,41.54838709677419
10786,10787,4083297#0,140.5625
10790,10791,4083302#0,31.6
10792,10793,4083305#0,75.18181818181819
10794,10795,41405070,0.8
10796,10797,414460382,9.658862876254181
10798,10799,41821146#0,12.4
10802,10803,41873406#0,13.6
10804,10805,421117035,3.4
10806,10807,42150869,3.619047619047619
10808,10809,42150870#0,18.142857142857142
10810,10811,42150870#11,16.166666666666668
10812,10813,42150870#15,24.3
10814,10815,42150870#3,13.914893617021276
10816,10817,42150870#5,8.936170212765957
10818,10819,42150870#8,15.26530612244898
10820,10821,42150872#0,25.529411764705884
10822,10823,42150873#0,25.8125
10824,10825,42150873#8,15.636363636363637
10828,10829,4228620#0,56.0
10830,10831,4228622#0,33.2
10832,10833,4228622#4,45.6
10836,10837,4228624#0,20.2
10838,10839,4228624#1,20.8
10840,10841,4228624#2,22.0
10846,10847,4228627#2,24.0
10848,10849,4228628#0,18.8
10850,10851,4228628#16,29.04
10852,10853,4228628#17,15.777777777777779
10858,10859,4228628#9,30.2
10860,10861,4228629,67.33333333333333
10862,10863,4228630,4.3428571428571425
10864,10865,4228633#0,114.0
10866,10867,4228633#2,161.0
10868,10869,4228634#0,229.2
10872,10873,4228637#0,34.0
10876,10877,4228898#7,51.6
10878,10879,4228902#0,18.9
10880,10881,4228904#0,16.4
10882,10883,4228904#1,8.24
10884,10885,4228904#2,14.6
10886,10887,4228904#4,9.0
10888,10889,4228904#5,13.4
10894,10895,4228907,49.0
10896,10897,4228908,50.0
10898,10899,4228910,48.4
10900,10901,4228913#0,112.0
10904,10905,4228917#0,20.457142857142856
10906,10907,4228917#3,20.29268292682927
10908,10909,4228924#0,8.457142857142857
10910,10911,4228924#2,25.3
10912,10913,4228926#0,17.203703703703702
10914,10915,4228926#1,27.727272727272727
10916,10917,4228927#0,6.207407407407407
10918,10919,4228928#0,6.2845188284518825
10920,10921,4228929,5.529411764705882
10922,10923,4228930,3.4545454545454546
10924,10925,4228931#0,7.042047531992687
10926,10927,4228932#0,6.536687631027253
10930,10931,4228935,32.687732342007436
10934,10935,4228941#0,15.4
10936,10937,4228942#0,5.785714285714286
10938,10939,4228943,4.133333333333334
10940,10941,4228944,6.837133550488599
10942,10943,4228945,6.490367775831874
10944,10945,4228946,7.36
10946,10947,4228947,3.1
10948,10949,4228948,7.222591362126246
10950,10951,4228949#0,6.201807228915663
10952,10953,4228952#0,9.200729927007298
10954,10955,4228983#0,20.0
10956,10957,4228986#0,73.1
10958,10959,4228986#2,257.2307692307692
10970,10971,4229043#0,97.6
10972,10973,4229044#0,86.13333333333334
10974,10975,4229048#0,204.8
10978,10979,4229077#0,18.285714285714285
10980,10981,4229686#1,27.466666666666665
10982,10983,4229686#2,93.33333333333333
10984,10985,4230954,2.9240710823909533
10986,10987,4230962,13.120689655172415
10988,10989,4230962-AddedOffRampEdge,7.818965517241379
10990,10991,4230968,10.181818181818182
10992,10993,4231195#0,15.096296296296297
10994,10995,4231195#12,10.105882352941176
10996,10997,4231195#15,89.45555555555555
10998,10999,4231195#4,11.123076923076923
11000,11001,4231195#8,9.2
11002,11003,4231198#0,16.738916256157637
11004,11005,42376205#0,46.666666666666664
11006,11007,42506321#0,28.440366972477065
11008,11009,42506322#0,45.37373737373738
11012,11013,4252498,156.0
11014,11015,4252547#0,100.5
11016,11017,4256770#0,102.8125
11018,11019,4256770#2,160.96
11020,11021,4256770#5,102.0
11024,11025,4265489,7.619047619047619
11026,11027,4265491,4.130434782608695
11028,11029,4265495#0,3.1666666666666665
11030,11031,4268724#0,28.0
11032,11033,4268724#2,49.6
11038,11039,4268726#0,54.4
11040,11041,4268727#0,26.0
11042,11043,4268727#1,25.0
11044,11045,4268727#2,23.8
11046,11047,4268728,28.75925925925926
11048,11049,4268732#0,26.333333333333332
11050,11051,4268732#3,24.94736842105263
11052,11053,4268745#0,8.32258064516129
11054,11055,4268745#3,16.625
11056,11057,4268745#8,24.0
11058,11059,4268747#0,77.36434108527132
11060,11061,4268941#0,5.0494296577946765
11064,11065,4268945,28.0
11070,11071,4287765#0,51.25714285714286
11074,11075,4288235#0,40.093023255813954
11076,11077,4288235#4,31.547169811320753
11078,11079,4288241#0,20.4
11080,11081,4291898#0,73.6
11082,11083,4291898#10,44.8
11084,11085,4291898#5,65.6
11088,11089,4291902#0,52.13333333333333
11090,11091,4300404#0,26.4
11092,11093,4300404#2,109.2
11094,11095,4300404#8,22.2
11098,11099,4300421#0,149.4
11102,11103,4300421#6,30.4
11104,11105,4300423,82.19047619047619
11106,11107,4300425#0,27.6
11108,11109,4300425#2,25.733333333333334
11110,11111,4300425#3,44.0
11114,11115,4300450#0,33.6
11118,11119,4300453#0,91.4
11120,11121,4300453#4,25.2
11124,11125,4300455,19.6
11126,11127,4300456#0,26.4
11128,11129,4300457#0,116.0
11130,11131,4300496#0,96.0
11132,11133,4300496#3,40.15384615384615
11134,11135,4300496#4,81.8
11136,11137,4300497,23.4
11138,11139,4300498#0,52.4
11140,11141,4300498#1,16.0
11142,11143,4300500#0,40.4
11144,11145,4300500#1,24.428571428571427
11146,11147,4300502#0,22.338983050847457
11148,11149,4300504#1,56.4
11150,11151,4300505#0,8.4
11156,11157,4300927#1,24.22222222222222
11160,11161,4300930#0,35.6
11162,11163,4300930#1,41.6
11166,11167,4300930#3,72.8
11176,11177,4300934#0,21.91304347826087
11178,11179,4300934#2,24.357142857142858
11180,11181,4300935#0,14.26086956521739
11182,11183,4300935#2,17.88235294117647
11186,11187,4300936#1,7.714285714285714
11188,11189,4300936#2,12.0
11192,11193,4300937#1,30.8
11194,11195,4300937#2,42.8
11196,11197,4300943#0,20.571428571428573
11198,11199,4300943#1,32.8
11202,11203,4300945#0,5.666666666666667
11208,11209,4300946#1,24.5
11210,11211,43030597#0,2.4
11214,11215,4307724#0,95.0622009569378
11216,11217,4313310#0,43.57676348547718
11218,11219,4313345#0,83.4
11220,11221,4313346#0,41.55555555555556
11222,11223,4313346#9,41.333333333333336
11224,11225,4318948#0,4.673170731707317
11226,11227,4318948#1,15.84
11228,11229,4318950#1,4.369811320754717
11230,11231,4350116,179.6
11232,11233,4350118#0,53.2
11234,11235,4350121#0,41.5
11236,11237,4350121#6,19.4
11248,11249,4350125#1,24.0
11250,11251,4350125#3,33.0
11254,11255,4350128#3,15.6
11256,11257,4350132#0,63.06666666666667
11258,11259,43558218#3,35.0
11260,11261,43558218#5,43.2
11262,11263,43636416#0,27.45299145299145
11264,11265,43636417#0,17.80846325167038
11266,11267,4391164#0,19.0
11268,11269,4391164#1,49.2
11272,11273,4391195#0,21.5
11274,11275,4391195#2,43.0
11282,11283,4391199#2,21.2
11286,11287,4391200#2,37.6
11288,11289,4391201#0,30.0
11290,11291,4391201#3,45.2
11292,11293,4391203,10.8
11294,11295,4391205#0,17.6
11296,11297,4391205#1,6.8
11298,11299,4391205#2,11.578947368421053
11300,11301,4391205#3,21.0
11304,11305,4391207,34.4
11312,11313,4391211#1,10.242424242424242
11314,11315,4391211#2,8.0
11316,11317,4391212#0,78.96296296296296
11318,11319,4391213#0,10.571428571428571
11320,11321,4391214,41.45454545454545
11322,11323,4391215#0,45.6
11324,11325,4391216#0,22.75
11326,11327,4391216#1,21.0
11328,11329,4391216#2,19.8
11330,11331,4391218,40.8
11332,11333,4391219#0,24.4
11336,11337,4391221#0,34.8
11338,11339,4391221#1,25.2
11340,11341,4426247,36.0
11342,11343,4426293,10.0
11346,11347,4432946#0,8.0
11348,11349,4432946#1,14.8
11350,11351,4432947,10.666666666666666
11354,11355,4432948#1,14.8
11356,11357,4432949#0,18.818181818181817
11358,11359,4432949#3,11.0
11360,11361,4432949#4,18.0
11364,11365,4432951#0,14.0
11366,11367,4432951#1,26.0
11368,11369,4432952#0,16.0
11370,11371,4432952#1,17.0
11372,11373,4432952#3,28.0
11374,11375,4432952#5,25.333333333333332
11376,11377,4432952#7,50.666666666666664
11378,11379,4432953,47.24
11380,11381,4434009#5,44.42424242424242
11384,11385,4434025#0,5.684210526315789
11386,11387,4434025#2,22.31578947368421
11390,11391,4434031#0,36.16
11392,11393,4434031#3,10.933333333333334
11394,11395,4434031#5,34.84615384615385
11396,11397,4434031#9,47.69230769230769
11398,11399,4434046#0,16.8
11404,11405,4434052#0,17.166666666666668
11406,11407,4434053,38.4
11408,11409,4434054#0,12.2
11412,11413,4434056#0,56.6
11416,11417,4435385#0,21.0
11418,11419,4435386,24.05
11420,11421,4435388#0,60.0
11426,11427,4435389#8,9.6
11428,11429,4435389#9,65.6
11430,11431,4435391#0,24.17391304347826
11432,11433,4435391#1,23.11111111111111
11434,11435,4435391#2,26.733333333333334
11436,11437,4435392#0,30.0
11438,11439,4435392#1,41.2
11440,11441,4435393#0,19.2
11442,11443,4435393#1,18.166666666666668
11444,11445,4435394#0,18.6
11448,11449,4435394#4,32.0
11452,11453,4435395#0,24.0
11454,11455,4435395#1,36.44444444444444
11456,11457,4435396#0,8.384615384615385
11458,11459,4435396#2,26.31578947368421
11460,11461,4435397,51.6
11462,11463,4435398,20.8
11464,11465,4435400,29.6
11468,11469,4435406#0,69.6
11472,11473,4435408#0,18.235294117647058
11474,11475,4435408#1,21.655172413793103
11476,11477,4435408#3,18.76923076923077
11480,11481,4435410#0,18.0
11482,11483,4435410#1,18.8
11484,11485,4435411#0,28.615384615384617
11486,11487,4435411#1,15.857142857142858
11490,11491,4435413#0,24.4
11492,11493,4435413#1,27.2
11496,11497,4438085#0,37.2972972972973
11498,11499,4438085#2,35.344
11500,11501,4438086,5.237704918032787
11502,11503,4438149#0,81.6
11504,11505,4438150#0,44.266666666666666
11506,11507,4438150#6,16.2
11508,11509,4438150#7,41.666666666666664
11512,11513,4438158,39.2
11514,11515,4438159#0,13.2
11522,11523,4438162#0,19.0
11524,11525,4438162#2,10.266666666666667
11528,11529,4438168#0,23.4
11530,11531,4438168#2,23.44
11532,11533,4438168#3,21.40909090909091
11534,11535,4438177#1,42.2
11536,11537,4438177#2,25.6
11538,11539,4438179,27.2
11540,11541,4438181#0,6.2
11542,11543,4438181#1,10.4
11544,11545,4438181#2,39.92
11546,11547,4438181#3,12.0
11548,11549,4438183#0,44.0
11556,11557,4446930#0,23.270588235294117
11558,11559,4446930#6,42.57534246575342
11560,11561,4446931#0,51.733333333333334
11562,11563,4446931#4,41.6
11564,11565,4446933#0,30.2
11566,11567,4446933#1,24.1
11568,11569,4446936,3.2
11570,11571,4446938#0,58.19047619047619
11572,11573,4446938#2,27.272727272727273
11574,11575,4446941#0,14.0
11576,11577,4446943,19.857142857142858
11588,11589,45033879#0,10.0
11590,11591,45667817#0,34.92063492063492
11592,11593,460402165,15.142857142857142
11594,11595,463422401,21.004830917874397
11596,11597,463422402,25.662447257383967
11598,11599,464786789#0,25.11764705882353
11614,11615,473316452#0,6.373540856031128
11616,11617,473316452#1,6.383333333333334
11620,11621,47995595#0,24.263736263736263
11622,11623,4825286#0,30.666666666666668
11624,11625,4825306#0,24.677966101694917
11626,11627,4827199#1,13.754716981132075
11628,11629,4827199#2,15.237113402061855
11630,11631,484771397,2.4
11632,11633,484774421,2.9440993788819876
11634,11635,484774422,1.710144927536232
11636,11637,484774423,3.2919254658385095
11638,11639,484774424,2.5
11640,11641,4863145#0,73.55555555555556
11642,11643,4863167,12.0
11644,11645,4863242#0,7.4
11648,11649,4881701#0,84.0
11650,11651,4881701#12,42.8
11652,11653,488244952#0,21.774647887323944
11654,11655,488244956#0,36.81481481481482
11656,11657,48868527#0,16.652173913043477
11662,11663,4887315#2,23.571428571428573
11664,11665,4887315#4,20.4
11668,11669,4887449#0,26.8
11670,11671,4887454#0,17.0
11672,11673,4887454#1,18.4
11674,11675,4887454#2,16.0
11676,11677,4887469#0,63.3
11680,11681,4890655#11,67.8
11682,11683,4890655#2,41.733333333333334
11684,11685,4890655#4,22.8
11686,11687,4890655#6,23.2
11688,11689,4890750#0,35.46666666666667
11690,11691,4890750#14,22.8
11692,11693,4890750#6,39.2
11698,11699,4890757#0,130.0
11700,11701,4890764#0,19.2
11704,11705,4890890,52.85470085470085
11706,11707,4890924#0,16.0
11708,11709,4890924#3,25.25
11712,11713,4890940#0,21.0
11714,11715,4890985#0,46.4
11716,11717,4891007#0,6.909090909090909
11718,11719,4891008#0,5.333333333333333
11720,11721,4891011#0,54.0
11726,11727,4891065#0,30.0
11728,11729,4891065#1,8.846153846153847
11730,11731,4891077#0,14.0
11732,11733,4891077#4,26.0
11736,11737,4891091#0,82.8
11738,11739,4891091#9,13.6
11740,11741,4891111#0,70.0
11742,11743,48920011#0,23.1
11744,11745,48920011#2,9.6
11746,11747,48920011#3,13.2
11748,11749,48920012#0,9.923076923076923
11750,11751,48920012#1,21.76
11756,11757,49014483#0,27.147058823529413
11758,11759,49014485,8.0
11762,11763,49073480#0,8.939890710382514
11764,11765,49073481,2.0
11766,11767,49073484#0,40.13333333333333
11768,11769,4913264#0,278.93333333333334
11774,11775,4913466#0,25.388235294117646
11778,11779,4919532#0,14.0
11780,11781,4919532#2,200.8
11782,11783,4919533#0,129.93333333333334
11784,11785,4919534#0,33.2
11786,11787,4920864,9.25
11788,11789,4920867#0,99.2
11794,11795,4920890#0,25.2
11796,11797,4920890#1,33.2
11798,11799,4920891#0,53.9
11800,11801,4920901#0,102.4
11802,11803,4920901#9,19.2
11804,11805,4920913,3.8285714285714287
11808,11809,4921197#0,55.46666666666667
11810,11811,4921197#12,39.69230769230769
11812,11813,4921199,48.0
11816,11817,49302404#0,26.00769230769231
11818,11819,49302404#2,9.508951406649617
11820,11821,49302407#0,98.66573816155989
11822,11823,49302412#0,37.354166666666664
11824,11825,49302413#0,21.568
11826,11827,49302413#2,23.133333333333333
11828,11829,49302974#0,16.6
11830,11831,49302974#2,23.75
11834,11835,4931718#0,40.266666666666666
11836,11837,49434779,19.517241379310345
11838,11839,49434780#0,9.590909090909092
11840,11841,494444406,22.345514950166113
11842,11843,4944865#0,54.0
11844,11845,4944884#0,35.5
11846,11847,4944901,15.2
11848,11849,4944907#0,39.0
11854,11855,4944938,44.8
11856,11857,4944944,8.266666666666667
11860,11861,4945011#1,28.774193548387096
11864,11865,4945016#5,58.0
11866,11867,4945017#1,20.8
11876,11877,4945030#3,26.571428571428573
11878,11879,4945094#0,18.473684210526315
11880,11881,4945177#0,28.830188679245282
11882,11883,4948412#0,21.565217391304348
11884,11885,4948412#3,20.3
11886,11887,4948412#6,99.6
11888,11889,4948413#0,85.6
11890,11891,4948420#0,14.0
11894,11895,4953820#0,70.6
11896,11897,4953842#0,28.8
11900,11901,4953894#0,65.2
11902,11903,4953945#0,12.0
11912,11913,4954113#0,33.4
11914,11915,4954113#12,30.8
11916,11917,4954113#3,9.0
11924,11925,4954130#4,45.0
11928,11929,4954157,8.9
11930,11931,4954164#0,43.4
11932,11933,4954167#0,14.4
11934,11935,4954167#2,16.2
11938,11939,4955087#0,60.10526315789474
11940,11941,4955138#0,71.6
11946,11947,4955183#10,84.66666666666667
11952,11953,4955184#0,32.35294117647059
11954,11955,4955184#6,50.75
11964,11965,4955226#0,10.133333333333333
11966,11967,4955226#1,22.0
11970,11971,4955226#3,37.2
11972,11973,4955226#4,32.2
11976,11977,4955248#2,21.2
11978,11979,4955248#3,20.8
11980,11981,4955248#4,22.571428571428573
11982,11983,4955248#5,25.333333333333332
11984,11985,4955257#0,24.6
11988,11989,4955278#0,60.8
11992,11993,4955328#0,12.0
11994,11995,4955328#2,47.333333333333336
11996,11997,4955342#11,30.8
11998,11999,4955342#15,19.6
12006,12007,4955388#4,199.6
12010,12011,4955398,52.07142857142857
12012,12013,4956931#0,41.6
12020,12021,4957002#0,27.6
12026,12027,4957027#2,30.8
12030,12031,49609559,16.047619047619047
12032,12033,49609562,82.95629820051414
12034,12035,49609565#0,18.317596566523605
12036,12037,49609567,6.9
12038,12039,49609569,16.057692307692307
12040,12041,49609571,155.87735849056602
12042,12043,49609573,17.043782837127846
12044,12045,49609578,7.559055118110236
12046,12047,49609580,28.466321243523318
12048,12049,49609582,6.28
12050,12051,49612443#0,21.303571428571427
12052,12053,49612444,17.13422818791946
12054,12055,49612446#0,36.666666666666664
12056,12057,49612446#3,15.04
12058,12059,49613026#0,27.4
12060,12061,496156855#0,26.0
12062,12063,496156858#0,50.8
12064,12065,4962257#0,64.4
12068,12069,4968341#0,134.8
12070,12071,4968376,43.0
12072,12073,4968452#0,20.666666666666668
12074,12075,4968471,32.8
12076,12077,4968472#0,33.77777777777778
12078,12079,4968528#0,60.0
12086,12087,4968721#1,27.529411764705884
12088,12089,4968721#6,30.75
12090,12091,4968753#0,93.6
12092,12093,4968754#0,101.6
12094,12095,49712177#0,30.93491124260355
12096,12097,4972205#0,17.857142857142858
12098,12099,4972205#1,31.6
12104,12105,4972265#0,35.8
12108,12109,4972276#1,19.0
12112,12113,4972293#0,59.2
12114,12115,4972294#0,18.0
12118,12119,4972294#3,34.4
12120,12121,4972294#6,23.6
12122,12123,4972294#9,20.4
12124,12125,4972298#0,17.875
12126,12127,4972298#1,21.6
12130,12131,4972299#0,41.6
12132,12133,4972299#1,20.666666666666668
12136,12137,4972329#0,71.6
12138,12139,4972332#0,71.33333333333333
12140,12141,4972345#0,89.6
12144,12145,4972398#1,24.4
12146,12147,4972407#0,39.6
12148,12149,4972519#5,33.0
12156,12157,4972809#0,14.6
12158,12159,4972838#0,30.71604938271605
12160,12161,4972874#1,23.0
12166,12167,4973606,77.2
12170,12171,4973609#1,83.06666666666666
12172,12173,4973617#0,52.0
12174,12175,4973617#6,48.94736842105263
12176,12177,4973618#0,44.4
12178,12179,4973618#1,68.0
12180,12181,4973636,24.8
12184,12185,4973644#1,35.2
12186,12187,4973644#5,12.0
12194,12195,4973727#0,70.0
12206,12207,4974619#0,9.2
12208,12209,4974619#3,48.8
12210,12211,4974762,2.0
12216,12217,4974870#0,28.8
12218,12219,4975444#0,16.93793103448276
12220,12221,4975444#4,19.328859060402685
12222,12223,4975444#7,24.52173913043478
12224,12225,4975447#5,28.6
12226,12227,4975502,29.428571428571427
12228,12229,4975573#0,62.0
12230,12231,4975573#3,17.2
12232,12233,4975597#0,0.8
12236,12237,4975704#0,8.2
12238,12239,4975723#0,22.133333333333333
12244,12245,4975838,76.0
12246,12247,49863568#1,6.4
12248,12249,49863569#0,15.872727272727273
12250,12251,49863570#0,13.014814814814814
12252,12253,49863572#0,47.951219512195124
12254,12255,49863573#0,29.47826086956522
12256,12257,49863575#0,3.015873015873016
12258,12259,49863575#2,24.3768115942029
12260,12261,49915865#1,31.51851851851852
12262,12263,49915865#2,43.666666666666664
12264,12265,49915866#0,25.221476510067113
12270,12271,4998510,9.35576923076923
12272,12273,4998853#0,10.276315789473685
12274,12275,4998853#1,29.428571428571427
12276,12277,4998853#10,54.8235294117647
12278,12279,4998853#7,33.30769230769231
12280,12281,5004895#0,91.2
12284,12285,5004920#8,17.53846153846154
12286,12287,5004925,37.666666666666664
12288,12289,5004926#0,20.75
12290,12291,5004926#3,67.25
12292,12293,5004927#0,15.9
12294,12295,5004927#3,21.53846153846154
12296,12297,5004927#4,21.85185185185185
12302,12303,5037652#5,38.61224489795919
12304,12305,5037694#0,122.0
12306,12307,5037764#0,5.466666666666667
12308,12309,5057757,44.8
12310,12311,5057760#0,26.153846153846153
12312,12313,5057760#1,23.076923076923077
12314,12315,5057760#2,22.5
12316,12317,5057761#0,44.028985507246375
12318,12319,5057761#1,19.16216216216216
12320,12321,5057761#2,53.64102564102564
12322,12323,5057762#0,22.660714285714285
12324,12325,5057762#1,21.906976744186046
12326,12327,5057762#2,26.76923076923077
12330,12331,5058288#0,18.8
12332,12333,5058309#0,37.142857142857146
12336,12337,5058336#0,34.0
12338,12339,5058384#0,27.066666666666666
12342,12343,5061525#0,57.69547325102881
12344,12345,5061525#3,36.0
12346,12347,5061526,30.49137931034483
12348,12349,5061527#0,52.4
12350,12351,5061527#2,33.2
12352,12353,5061528#0,43.30769230769231
12354,12355,5061528#10,40.2
12356,12357,5061528#6,41.88235294117647
12358,12359,5061528#7,22.6
12360,12361,5061529#0,27.0
12362,12363,5061529#1,17.8
12364,12365,5061529#3,31.8
12366,12367,5061529#6,29.6
12372,12373,5061531#0,33.333333333333336
12374,12375,5061531#1,41.357142857142854
12376,12377,5061531#4,53.39393939393939
12378,12379,5061531#8,10.310262529832935
12382,12383,5061534#0,42.0
12384,12385,5061535#0,43.714285714285715
12386,12387,5061535#2,43.333333333333336
12388,12389,5061536,36.0
12390,12391,5061537#0,43.111111111111114
12392,12393,5061537#1,57.294117647058826
12394,12395,5061540#0,19.6
12396,12397,5061540#2,47.333333333333336
12400,12401,5069207#0,32.4
12402,12403,5069266,3.2280701754385963
12404,12405,5069268#0,60.11764705882353
12406,12407,5069268#2,62.869565217391305
12410,12411,5069270#1,59.2
12416,12417,5069270#6,64.8
12418,12419,512877751,6.423529411764706
12420,12421,513387308#0,27.4
12422,12423,514704190,41.75
12424,12425,51696606#0,7.285714285714286
12428,12429,51779795,4.082644628099174
12430,12431,51781237#0,10.6
12432,12433,51785576#0,22.628220858895705
12434,12435,51785576#2,17.184466019417474
12436,12437,517974851,7.044563279857398
12438,12439,517974852#0,16.619718309859156
12440,12441,51809070,5.333333333333333
12442,12443,51851809#0,17.779735682819382
12444,12445,51851809#2,10.163793103448276
12446,12447,51893716#0,36.4
12448,12449,51893900,4.0
12452,12453,5212658#0,42.4
12454,12455,5212659,16.8
12456,12457,5212660#0,32.8
12458,12459,5212660#1,8.4
12460,12461,5212664#0,146.0
12462,12463,52382001#0,22.785714285714285
12464,12465,52706831,23.518900343642613
12466,12467,52706906#0,27.87037037037037
12468,12469,529236339#0,8.0
12470,12471,53178982#0,20.0
12472,12473,53215269#0,19.2
12474,12475,53215269#4,45.2
12476,12477,53221218#0,14.6875
12478,12479,53221219#0,11.25
12480,12481,53298708#0,2.581081081081081
12482,12483,53298710#0,20.8
12484,12485,53298715,15.05084745762712
12488,12489,53501915#0,29.0
12490,12491,53501915#9,16.77777777777778
12492,12493,53815844,20.533333333333335
12494,12495,53815849,8.461538461538462
12496,12497,539221182,19.466666666666665
12498,12499,539659133#0,9.728813559322035
12500,12501,539659136#2,16.80093676814988
12502,12503,539659136#3,6.954653937947494
12504,12505,539659140,25.151041666666668
12506,12507,5460028,5.4
12508,12509,54730134,26.81967213114754
12510,12511,548754521#0,1.8
12512,12513,548754521#1,13.6
12518,12519,56314194#0,41.422222222222224
12520,12521,56314194#2,13.1
12522,12523,56314194#3,16.571428571428573
12524,12525,56314194#6,46.3125
12526,12527,56314194#8,24.0
12528,12529,56314194#9,68.33333333333333
12532,12533,56314195#1,50.0
12534,12535,56314195#5,6.181818181818182
12536,12537,58134301,17.733333333333334
12538,12539,58149345,11.2
12540,12541,5832127#0,43.12080536912752
12542,12543,5832619#0,20.672199170124482
12544,12545,60093645,21.6
12546,12547,60771197,16.571428571428573
12548,12549,607886496#0,32.63101604278075
12550,12551,607886497#0,37.16577540106952
12552,12553,61583903#0,18.64
12554,12555,61583903#2,60.8
12558,12559,61583920#0,19.38144329896907
12560,12561,61583920#1,8.477064220183486
12562,12563,61584891#0,32.8
12564,12565,624237809#0,31.2
12566,12567,6275605#0,13.75
12568,12569,6275621#0,64.57142857142857
12570,12571,6275621#2,24.636363636363637
12572,12573,6275621#3,24.166666666666668
12574,12575,6275621#5,25.5
12576,12577,6275621#6,24.5
12578,12579,6275621#7,20.8
12580,12581,6277167,22.0
12582,12583,6277595#0,44.10526315789474
12584,12585,6277595#5,62.6
12586,12587,6277595#6,27.6
12588,12589,6277596#0,60.666666666666664
12590,12591,6277596#3,41.666666666666664
12592,12593,6277596#7,33.6
12594,12595,6277696,49.5
12596,12597,6277723,53.5
12598,12599,6277724#0,30.2
12600,12601,6277767#0,56.72727272727273
12602,12603,6277767#1,51.46666666666667
12608,12609,6277843#1,54.0
12610,12611,6278110#0,20.75862068965517
12612,12613,6278110#11,20.8
12616,12617,6278110#13,22.2
12618,12619,6278110#2,20.8
12620,12621,6278110#4,20.2
12622,12623,6278110#5,20.0
12624,12625,6278110#7,19.8
12626,12627,6278110#8,21.6
12628,12629,6278110#9,15.2
12630,12631,6278186#0,20.666666666666668
12632,12633,6278186#11,17.428571428571427
12634,12635,6278186#13,18.857142857142858
12636,12637,6278186#2,24.0
12638,12639,6278186#5,17.333333333333332
12640,12641,6278186#7,24.333333333333332
12642,12643,639190831,24.555555555555557
12644,12645,645747433#0,37.23076923076923
12648,12649,658487656#0,11.142857142857142
12650,12651,658487656#2,42.57142857142857
12652,12653,659124987#1,25.50526315789474
12654,12655,659124992#0,44.45744680851064
12656,12657,66324263#0,21.333333333333332
12658,12659,66324265#0,60.2
12660,12661,66889603#0,3.3846153846153846
12662,12663,66889603#1,6.923076923076923
12664,12665,66889619#0,16.42105263157895
12666,12667,66889622#0,51.2
12668,12669,672522990,25.90612244897959
12670,12671,672522991,37.55193482688391
12672,12673,672687182,9.958041958041958
12674,12675,672689453#0,71.11764705882354
12676,12677,672710084,13.6
12678,12679,672710088,32.2
12680,12681,67408434#0,19.285714285714285
12682,12683,675898530#1,27.542857142857144
12684,12685,675898532#0,29.6
12686,12687,675898533#0,26.03125
12688,12689,675898534#0,23.12
12690,12691,679588387#0,17.44144144144144
12694,12695,686496139#0,7.47136563876652
12696,12697,686496139#2,73.47603833865814
12698,12699,686496140,22.512396694214875
12700,12701,686496142,21.375
12706,12707,695989022,13.36
12708,12709,697281100#0,12.692307692307692
12710,12711,704868501#0,38.84033613445378
12712,12713,705103344#0,45.74269005847953
12716,12717,714449182,4.4
12718,12719,714449183#0,12.8
12720,12721,72597392#0,91.5
12722,12723,72597392#4,30.8
12724,12725,72597393#0,44.54838709677419
12726,12727,72597397#0,15.106666666666667
12728,12729,72597397#2,19.716129032258063
12730,12731,72597399#0,30.0
12734,12735,732162445#0,52.25
12736,12737,732165852#0,82.2
12738,12739,732165853#5,34.0
12740,12741,732165856#3,66.0
12742,12743,732168391,8.125
12744,12745,732168392,30.0
12746,12747,732472145,11.6
12748,12749,7380410#0,23.88
12750,12751,7380410#4,22.22222222222222
12752,12753,7380410#7,13.333333333333334
12758,12759,7389333#0,77.2
12760,12761,7389333#2,75.14285714285714
12762,12763,74916338,0.9230769230769231
12764,12765,74921173#0,50.0
12766,12767,75021657,7.333333333333333
12768,12769,75058242#0,11.733333333333333
12770,12771,75058245#0,14.0
12772,12773,75070560#0,15.291814946619217
12774,12775,75078151#0,39.721518987341774
12776,12777,75078151#3,34.835443037974684
12778,12779,75078151#6,17.825
12780,12781,75078151#8,14.0
12782,12783,75345163,6.48
12784,12785,75345166,11.755656108597286
12786,12787,75345167#0,10.337152209492634
12788,12789,753675471#1,22.59043659043659
12790,12791,753675472#0,19.194444444444443
12792,12793,753675472#4,14.576923076923077
12794,12795,753675472#5,14.054054054054054
12798,12799,755452828#7,17.2
12800,12801,756253807,11.083969465648854
12802,12803,758517006,25.28767123287671
12804,12805,759403261,7.428571428571429
12806,12807,759403262,10.857142857142858
12808,12809,76255648#0,5.111111111111111
12810,12811,76255648#1,11.052631578947368
12812,12813,7651318#0,20.14814814814815
12814,12815,7651318#1,31.0
12816,12817,7651318#2,28.571428571428573
12818,12819,7651318#3,39.142857142857146
12820,12821,7651319#0,37.851851851851855
12822,12823,7651319#1,29.4
12824,12825,7651319#2,46.0
12826,12827,7651355,14.0
12830,12831,772547684#0,25.801652892561982
12832,12833,772547685#0,17.676470588235293
12834,12835,772547686#0,21.602941176470587
12836,12837,772547687#0,7.776699029126213
12838,12839,772547687#2,14.233009708737864
12840,12841,772547688#0,20.388349514563107
12842,12843,772547689#0,21.03862660944206
12844,12845,772547690#0,52.93392070484582
12846,12847,772547691#2,28.76271186440678
12848,12849,772547693#0,23.25814536340852
12850,12851,772547695#0,14.515901060070671
12852,12853,772547696#0,15.250620347394541
12854,12855,772547697#0,13.653429602888087
12856,12857,772547698,16.60649819494585
12858,12859,772547699#0,50.7041564792176
12860,12861,772547700,4.145631067961165
12862,12863,772547701#0,27.985330073349633
12864,12865,772547702#0,31.070588235294117
12866,12867,772547703,10.5
12868,12869,773560595#0,31.4
12870,12871,773561842#0,13.44
12872,12873,790019433#0,37.142857142857146
12874,12875,790019433#3,26.0
12884,12885,8069179#0,65.8913043478261
12886,12887,808068120,19.967741935483872
12892,12893,8127373#0,32.604838709677416
12894,12895,8128115#1,20.22222222222222
12896,12897,8128696#0,43.8
12898,12899,8128696#10,9.6
12900,12901,8128696#11,17.6
12902,12903,8128696#4,23.466666666666665
12904,12905,8128696#6,30.8
12908,12909,8129174,29.6
12910,12911,8135793#11,64.16666666666667
12912,12913,8135820#0,14.8
12914,12915,8135821#0,60.13333333333333
12916,12917,8137315,52.0
12918,12919,8141786#0,32.4
12924,12925,81525434,76.4
12926,12927,817230875,55.794871794871796
12928,12929,818072229,4.676923076923077
12932,12933,82511977,12.4
12934,12935,82528691#0,38.4
12936,12937,82528694#0,76.4
12938,12939,82528696#0,26.88888888888889
12940,12941,82528696#3,26.325581395348838
12942,12943,82528696#7,43.52
12944,12945,82528702#0,13.545454545454545
12946,12947,82528702#3,11.333333333333334
12948,12949,82528702#4,7.5
12950,12951,82528705#4,26.444444444444443
12952,12953,82528705#6,25.933333333333334
12954,12955,82528705#8,38.6
12956,12957,82528709#0,15.333333333333334
12958,12959,82528709#3,44.4
12960,12961,82528709#9,33.666666666666664
12962,12963,82528711#0,38.4
12964,12965,82528711#1,18.0
12966,12967,82528711#10,31.692307692307693
12968,12969,82528711#3,12.4
12970,12971,82528711#5,24.296296296296298
12972,12973,82528711#7,28.742857142857144
12974,12975,8275514,11.0
12976,12977,8275515#1,28.857142857142858
12978,12979,8275515#2,44.8
12984,12985,8284658#2,12.651162790697674
12986,12987,8284658#3,23.9
12988,12989,8284660#0,93.30555555555556
12990,12991,828773458,4.1640625
12992,12993,828773463,5.558139534883721
12996,12997,828809143,2.8
12998,12999,828809144,2.743295019157088
13000,13001,828809145,3.558139534883721
13002,13003,82914002#0,31.30909090909091
13004,13005,829373691,8.882352941176471
13006,13007,829373692#0,2.8471615720524017
13008,13009,829373693,14.157205240174672
13010,13011,8296775#0,32.333333333333336
13018,13019,829753466#0,79.6
13020,13021,829775007,21.99261992619926
13028,13029,834702311,2.25
13030,13031,834766051#0,23.363636363636363
13032,13033,834766052#0,15.47112462006079
13034,13035,834766055,5.228070175438597
13036,13037,834766056#0,43.77439024390244
13038,13039,834766056#2,18.250746268656716
13040,13041,834766059#0,34.705128205128204
13042,13043,834773007,2.771384136858476
13044,13045,834950891#0,31.997357992073976
13046,13047,834950892#0,20.814814814814813
13048,13049,834950895,3.090909090909091
13050,13051,834950896#0,18.545454545454547
13052,13053,834950901#0,16.48
13054,13055,834950902#0,12.76086956521739
13056,13057,834994013#0,8.989010989010989
13058,13059,835292273,93.82608695652173
13060,13061,835815053#0,12.78125
13062,13063,836116464#0,18.836363636363636
13064,13065,836134439,25.659574468085108
13068,13069,836219391#0,5.048780487804878
13070,13071,836885869#0,20.092643051771116
13072,13073,8378853#0,134.6
13076,13077,8378865#0,130.0909090909091
13080,13081,839004987,2.2857142857142856
13082,13083,839414388,2.3
13084,13085,839414400#0,39.8
13086,13087,839414401#0,30.4
13088,13089,839414431,4.0
13092,13093,839414432#1,6.7555555555555555
13096,13097,839414433#2,7.0
13098,13099,839414435#0,55.6
13100,13101,839414436#2,32.8
13102,13103,839414437#0,43.0
13104,13105,839414438#2,7.333333333333333
13110,13111,839414461#2,46.8
13112,13113,839414478#0,8.6
13114,13115,839414479#0,23.733333333333334
13118,13119,84168424#0,17.8
13120,13121,84168424#2,13.052631578947368
13122,13123,84168424#3,13.267605633802816
13124,13125,84168424#5,26.157894736842106
13126,13127,84168424#9,5.04
13128,13129,84168465,15.830882352941176
13136,13137,841788517,42.8
13138,13139,843411829,10.96551724137931
13144,13145,851195266#0,61.6
13146,13147,85156140#0,37.98070739549839
13148,13149,851607376,6.2824858757062145
13150,13151,851883288#1,8.0
13154,13155,856106097#0,28.141935483870967
13156,13157,856636352,40.3448275862069
13158,13159,858281760#0,8.5
13160,13161,858283716#0,13.294117647058824
13162,13163,858283718,10.117647058823529
13164,13165,8585758#0,50.4
13166,13167,8585916#0,52.0
13168,13169,859217059#0,17.4
13170,13171,859217059#3,14.481927710843374
13174,13175,859233597,22.423529411764704
13176,13177,86020919#0,27.183673469387756
13178,13179,86020922,6.5
13180,13181,86029036#0,73.98428290766208
13182,13183,860434113,10.28125
13184,13185,860434114,11.217391304347826
13186,13187,862167811,28.17543859649123
13188,13189,862167814#0,4.954545454545454
13190,13191,867836846#1,5.533333333333333
13192,13193,874212318#0,21.4
13194,13195,875226004#0,27.2
13196,13197,875227922#0,5.6
13198,13199,875231666,2.0
13202,13203,87729084,10.892857142857142
13204,13205,87729746#0,24.903225806451612
13206,13207,87730347#0,11.73913043478261
13208,13209,87730349,11.0
13210,13211,87932251#0,5.555555555555555
13212,13213,87932255#0,18.416666666666668
13214,13215,87932255#3,33.06666666666667
13216,13217,87932260#0,9.733333333333333
13218,13219,87932260#2,2.1666666666666665
13220,13221,87976142#0,47.95652173913044
13222,13223,884420085#2,7.142857142857143
13224,13225,89070366#0,42.0
13226,13227,89070366#2,63.2
13228,13229,89221670#1,36.36363636363637
13230,13231,89221670#2,30.363636363636363
13232,13233,899230737#0,41.19565217391305
13236,13237,90104680#0,78.0
13238,13239,90364620#0,23.976923076923075
13240,13241,90364620#2,50.03076923076923
13242,13243,90364638,5.4
13244,13245,90378682#0,41.6
13254,13255,911580385#0,19.466666666666665
13256,13257,913817165#1,21.47826086956522
13260,13261,920216324,1.8666666666666667
13262,13263,92215230,2.7012987012987013
13264,13265,92434938#0,2.857142857142857
13266,13267,92434944#0,3.593220338983051
13272,13273,926330093#2,26.8
13274,13275,926330093#4,8.0
13276,13277,92881833#0,13.510204081632653
13278,13279,92881833#3,17.833333333333332
13284,13285,92890178#1,5.0
13286,13287,92890178#6,0.4
13288,13289,92914307#1,25.6
13290,13291,92917956#0,99.2
13292,13293,92917956#3,75.8
13294,13295,92917956#7,15.583333333333334
13296,13297,92917962#0,12.68421052631579
13298,13299,92917970#0,77.6
13300,13301,929288017,11.6
13302,13303,929661880,19.06122448979592
13308,13309,937672142#0,18.6
13310,13311,937802014,19.75
13314,13315,938584300,28.666666666666668
13316,13317,938584301,12.4
13318,13319,938898647,41.2
13320,13321,945077740#0,4.8
13324,13325,946966316#3,20.5
13326,13327,951211029#0,80.0
13328,13329,958184908#0,35.51752577319588
13330,13331,958184908#10,22.1871921182266
13332,13333,958184908#11,34.86327077747989
13334,13335,958184908#4,27.5375
13336,13337,958184908#6,46.749482401656316
13338,13339,966020408#0,65.65306122448979
13340,13341,966543429,49.2
13342,13343,966975867,4.0
13344,13345,96841510#0,7.466666666666667
13346,13347,96841510#3,6.4
13352,13353,975575189,2.051813471502591
13356,13357,976706272#0,29.318181818181817
13358,13359,976706273#0,12.547945205479452
13360,13361,976706273#4,38.06113537117904
13362,13363,979190032#1,7.117647058823529
13364,13365,980981276#0,0.20168067226890757
13366,13367,980981276#1,26.32857142857143
13368,13369,985165443#1,25.933333333333334
13370,13371,985165443#6,34.91428571428571
13372,13373,990580359,8.133333333333333
13376,13377,992186675#6,31.4
13378,13379,995533031#3,13.5
13380,13381,995533032,17.464788732394368
13382,13383,995533033,6.615384615384615
