from_node,to_node,edge_id,edge_tt,edge_var
0,1,--153692837#1,9.831818181818182,8.454545454545455
4,5,-101731827#0,2.8875,0.7857142857142856
6,7,-101731827#1,3.1500000000000004,0.6666666666666666
14,15,-102818928#0,31.605000000000004,2749.4333333333334
16,17,-102818928#1,14.805,30.099999999999998
20,21,-103053774#0,4.2,0.0
22,23,-103053774#1,3.1500000000000004,0.0
24,25,-103053774#2,3.5000000000000004,0.33333333333333337
30,31,-103053774#5,1.5750000000000002,0.5
32,33,-103053774#6,2.625,0.5
34,35,-103053774#7,2.625,4.5
38,39,-103396186,5.04,5.199999999999999
40,41,-103512657,11.55,0.0
42,43,-103512667#0,11.33475,44.39494974874371
44,45,-103512667#2,4.985849056603774,2.0249183982167014
46,47,-103512672,38.85,0.0
52,53,-103671264,3.3600000000000003,0.4000000000000001
58,59,-103671267#10,2.1,0.0
62,63,-103671267#12,3.1500000000000004,0.0
72,73,-103671267#4,2.8,2.3333333333333335
74,75,-103671267#5,3.1500000000000004,1.0
76,77,-103671267#6,2.1,0.0
80,81,-103671267#9,3.5000000000000004,0.33333333333333337
82,83,-103671270,5.1450000000000005,0.09999999999999999
88,89,-103678458#1,3.1500000000000004,0.0
90,91,-103686129#1,94.5,0.0
92,93,-103687101,8.01818181818182,60.25454545454545
94,95,-103718186,109.34765625,2981.4561011904752
96,97,-104010328,32.550000000000004,0.0
98,99,-1040258009,8.790548780487805,1.057122549753104
100,101,-104236368#0,10.5,0.0
102,103,-104236369,1.05,0.0
104,105,-1042557946,2.1328125,0.07269736842105261
106,107,-1042557947,1.1812500000000001,0.11052631578947368
108,109,-10425610#1,65.16798561151079,9947.133458450626
110,111,-10425611#0,53.62173913043478,4060.601552795031
112,113,-10425611#1,19.17530487804878,1280.4891141702824
114,115,-10427692#1,49.035000000000004,699.1530612244898
116,117,-10427692#2,1.9031250000000002,0.32579787234042545
118,119,-10427692#3,3.740625,0.5066489361702128
120,121,-10427692#4,4.706896551724138,0.5347852389594676
122,123,-10427692#5,5.793103448275863,2.254083484573503
124,125,-10427692#6,3.1500000000000004,0.38596491228070173
126,127,-10427692#7,6.8612068965517246,0.6742286751361164
128,129,-104847200,16.275000000000002,4.5
134,135,-105143683#0,23.1,0.0
136,137,-105143683#1,8.4,0.0
138,139,-105467137,11.55,2.3999999999999995
142,143,-105540411,15.75,0.0
148,149,-10597454#1,14.700000000000001,377.0
150,151,-10597454#2,5.25,0.3333333333333333
152,153,-10597455#0,1.05,0.0
154,155,-10597455#1,6.825,0.5
160,161,-107431496#0,5.603365384615385,1.8565160567587762
162,163,-107431496#1,17.0,2.2283419391853116
170,171,-108237964#2,3.1500000000000004,0.0
176,177,-108239938,9.736363636363638,1.0649350649350668
180,181,-108240279#1,16.8,0.0
182,183,-108240279#2,14.933333333333334,5.871794871794871
184,185,-1082935356#0,24.150000000000002,2.0
186,187,-1082935356#1,14.700000000000001,0.0
188,189,-1082935357#1,34.65,0.0
190,191,-108310250,1.2,0.12857142857142856
192,193,-108310251,1.5166666666666666,0.2777777777777778
194,195,-108310252,7.035,0.6777777777777776
196,197,-108310253,3.961363636363637,0.6601731601731604
200,201,-10941814,8.338235294117647,0.8164705882352942
202,203,-10941825,11.328947368421053,2.39766081871345
206,207,-11014139#1,51.021764705882354,4976.132221707581
208,209,-110212545,36.050000000000004,10.25
212,213,-111120103,6.300000000000001,0.0
216,217,-112979062,10.5,0.0
224,225,-112979077,7.5600000000000005,11.955555555555556
226,227,-112979081,22.3125,14.916666666666666
228,229,-112979094#0,7.0218750000000005,2.7625
230,231,-112979094#1,2.3625000000000003,0.9166666666666666
232,233,-112979110,7.844117647058824,3.514705882352941
234,235,-113796178#0,2.1,0.0
238,239,-113796181#1,3.6,9.619047619047619
240,241,-113796181#2,2.8875,0.9166666666666666
242,243,-113796181#3,3.1500000000000004,0.0
244,245,-113796181#4,6.300000000000001,0.0
246,247,-113796181#5,10.5,0.0
254,255,-113796195,5.25,0.0
256,257,-113796197,5.25,3.0
260,261,-114198606#1,26.69491525423729,216.11046171829332
264,265,-115082348,53.04123711340206,864.4815292096218
266,267,-115082374#0,9.240000000000002,37.511111111111106
268,269,-115881035#0,12.600000000000001,0.0
278,279,-115881035#5,3.1500000000000004,0.0
280,281,-115881035#6,16.8,2.0
286,287,-115881041#0,14.35,2.3333333333333335
296,297,-115881043#0,14.175,12.5
298,299,-115881043#10,3.4125,0.25000000000000006
300,301,-115881043#11,17.85,3.333333333333334
302,303,-115881043#2,4.7250000000000005,0.5
304,305,-115881043#4,3.6750000000000003,0.5
306,307,-115881043#5,6.0375000000000005,2.2500000000000004
308,309,-115881043#7,2.1,0.0
310,311,-115881043#8,3.6750000000000003,0.5
312,313,-115881043#9,8.137500000000001,0.9166666666666666
332,333,-116765451#1,12.510197368421052,3.6164234844537066
334,335,-116765451#2,1.5139534883720929,0.38744186046511586
336,337,-116765457#1,16.905,720.7263157894737
338,339,-117070809,58.45,23.466666666666676
340,341,-117560677,8.925,4.5
344,345,-118004624#1,47.075,53.36666666666666
346,347,-118004640#1,10.850000000000001,59.33333333333333
348,349,-118004640#1.47,11.953846153846154,239.75641025641028
350,351,-118004640#2,2.1875000000000004,0.26515151515151536
352,353,-118004640#4,2.0125,0.08333333333333333
354,355,-118004640#5,4.2,0.5
358,359,-118004649,14.700000000000001,0.0
360,361,-118604348#0,4.375000000000001,0.16666666666666666
362,363,-118604348#1,1.925,0.16666666666666669
366,367,-118604351#0,3.1500000000000004,0.0
368,369,-118604351#1,5.25,0.0
374,375,-118604351#4,20.650000000000002,25.333333333333336
378,379,-118604353,2.1,0.0
382,383,-118604355,4.55,0.3333333333333335
384,385,-118604356,2.1,0.0
386,387,-118604357,4.2,0.0
388,389,-118604358,2.1,0.0
402,403,-118607469#0,14.875,1.3666666666666674
404,405,-118607469#1,23.52,6.799999999999999
406,407,-118607469#2,34.44,8.7
408,409,-118607469#3,16.38,3.799999999999999
410,411,-118607469#4,11.9,0.3333333333333335
416,417,-118607475#1,72.97500000000001,24.5
418,419,-118607475#2,30.975,12.5
422,423,-118607480,5.6,0.33333333333333326
424,425,-118607482,22.05,8.0
426,427,-118607484,5.95,0.3333333333333335
430,431,-118607487#0,1.26,0.17777777777777776
432,433,-118607487#1,10.966666666666667,0.7777777777777787
434,435,-118607487#10,1.8375000000000001,0.5
436,437,-118607487#11,1.6500000000000001,0.28571428571428575
438,439,-118607487#12,1.6500000000000001,0.6190476190476191
440,441,-118607487#13,1.7500000000000002,0.2666666666666667
442,443,-118607487#14,1.5750000000000002,0.3
444,445,-118607487#15,1.05,0.0
446,447,-118607487#2,1.5166666666666666,0.2777777777777778
448,449,-118607487#3,1.05,0.0
450,451,-118607487#4,1.05,0.0
452,453,-118607487#5,1.6333333333333335,0.2777777777777778
454,455,-118607487#6,1.6333333333333335,0.2777777777777778
456,457,-118607487#7,1.4,0.25
458,459,-118607487#8,1.5750000000000002,0.2857142857142857
460,461,-118607487#9,1.44375,0.2678571428571429
462,463,-118607492,23.1,0.0
466,467,-118607504#4,89.25,0.0
476,477,-118619445#0,2.25,0.47619047619047605
478,479,-118619445#1,5.95,0.33333333333333326
480,481,-118619463,62.212500000000006,54.91666666666668
482,483,-118619465#0,2.1,0.0
484,485,-118619465#1,6.300000000000001,0.0
486,487,-118619467,9.450000000000001,0.0
494,495,-11940927#0,4.308620689655173,1.1674876847290638
496,497,-11940927#1,2.566666666666667,0.25641025641025644
498,499,-11940927#2,6.844444444444444,0.7207977207977208
500,501,-11940927#3,2.45,1.6153846153846154
502,503,-11940927#4,7.455,0.3052631578947368
506,507,-119621356#0,216.43125,679.5535714285713
508,509,-119621360#0,2.3100000000000005,2.7
520,521,-120033068#0,27.3,19.0
522,523,-120033068#1,7.000000000000001,1.3333333333333335
530,531,-120033091#0,21.0,0.0
536,537,-120033098#0,4.2,0.0
538,539,-120033098#3,6.300000000000001,0.0
542,543,-120033098#5,15.75,0.0
544,545,-120033098#6,1.05,0.0
546,547,-120033098#7,2.290909090909091,0.5636363636363637
548,549,-120033100#0,30.8,9.33333333333333
550,551,-120033100#1,2.45,0.33333333333333337
552,553,-120033103,23.275000000000002,17.366666666666667
558,559,-120125554,10.5,2.0
566,567,-120416766#0,8.4,0.0
568,569,-120416766#1,18.72972972972973,2.806306306306307
570,571,-120416786,23.542105263157897,8.466571834992896
574,575,-120416814#1,2.1,0.0
580,581,-121460647,2.1,0.0
586,587,-121549474,8.4,0.0
588,589,-124194339#0,8.4,0.0
590,591,-124194339#1,5.25,0.0
592,593,-125002584,8.979044117647058,1.1084422657952069
594,595,-125002604#0,5.25,41.29411764705883
596,597,-125002604#1,14.233333333333334,361.2026143790848
600,601,-125014858#0,17.85,2.0
610,611,-125014865,2.1,0.0
622,623,-125496624,16.17,1.3000000000000003
628,629,-126446062#0,51.526363636363634,3264.698316498316
630,631,-126446062#1,2.9863636363636363,0.44907723855092274
632,633,-126446062#2,3.274342105263158,39.4924561403509
634,635,-126446076,43.3125,48.25
636,637,-126446078,74.55,133.71428571428572
638,639,-126446083,157.11111111111111,180.5498575498576
640,641,-126446095,26.25,0.0
642,643,-126446099,25.200000000000003,7.428571428571428
644,645,-126446100,28.7,36.33333333333334
646,647,-126446102,19.95,0.0
648,649,-126446106,40.1625,7.583333333333336
650,651,-126446109,26.25,0.0
654,655,-126446115,21.7875,3.583333333333334
656,657,-126446127#0,26.064705882352943,8.404411764705879
658,659,-126446127#1,26.669999999999998,10.673684210526313
660,661,-126446127#2,7.275,1.0317460317460314
664,665,-126446130#1,12.600000000000001,0.0
666,667,-126909938,7.631707317073172,0.9582522819093214
668,669,-126909946#0,5.775,0.5
674,675,-126909971#0,8.4,2.0
676,677,-126909971#1,10.5,2.0
686,687,-126954030,45.15,0.0
712,713,-127076894#2,1.168125,0.37958860759493657
720,721,-127076901#1,2.1,0.0
722,723,-127076902#0,187.30384615384617,453.5897435897436
724,725,-127076904,47.25,0.0
726,727,-127076905#0,56.731818181818184,32.592803030303024
728,729,-127076905#1,20.58984375,10.908482142857148
730,731,-127076905#2,1.2626582278481013,0.16358325219084713
732,733,-127076907,165.8125,122.99242424242424
734,735,-127076908#1,26.25,0.0
736,737,-127076909,34.275000000000006,17.016483516483518
738,739,-128070665#1,10.63125,1.7604895104895109
740,741,-128070666#0,8.846808510638297,997.1288034774651
742,743,-128070667#1,16.90111111111111,263.10259812050845
744,745,-128070698#0,2.625,0.5
748,749,-128361102#0,16.80857142857143,5.065506858481093
750,751,-128361102#1,6.728571428571429,0.6278019404483097
752,753,-128361114#0,2.1,0.0
762,763,-128361114#5,2.1,0.0
764,765,-128361114#6,3.1500000000000004,0.0
782,783,-128361115#7,1.05,0.0
784,785,-128361115#8,1.05,0.0
792,793,-128361137#0,9.450000000000001,0.0
794,795,-128361137#1,8.4,8.0
798,799,-128361139#1,7.3500000000000005,8.0
810,811,-128361144#1,6.300000000000001,0.0
812,813,-128361145#0,8.4,0.0
814,815,-128361145#1,6.300000000000001,0.0
826,827,-128361149#1,11.55,2.0
840,841,-128361155#0,7.3500000000000005,0.0
844,845,-128361157#0,8.4,0.0
860,861,-128361163#0,8.925,4.5
862,863,-128361163#1,7.7,1.333333333333333
868,869,-128668758#0,3.473076923076923,0.2307692307692307
870,871,-128668758#0.24,10.176923076923076,0.7307692307692308
872,873,-128668758#1,5.822727272727273,1.2727272727272727
874,875,-128668758#1.44,4.868181818181819,0.25454545454545463
876,877,-128668758#3,11.083333333333334,0.777777777777778
878,879,-128668759#1,6.300000000000001,0.0
880,881,-128906555,5.571000000000001,10.327474416700781
908,909,-129130810#3,5.345454545454546,0.690909090909091
910,911,-129130810#4,0.6391304347826088,0.24901185770750994
912,913,-129130810#5,5.797826086956522,0.44268774703557345
914,915,-129130810#6,10.63695652173913,1.5731225296442688
916,917,-129130810#60,3.606521739130435,0.2569169960474308
918,919,-129130810#7,5.575862068965518,0.43596059113300517
920,921,-129323704#0,55.125,144.5
922,923,-129323704#1,5.25,1.0
924,925,-129323704#2,7.000000000000001,1.3333333333333335
926,927,-129323704#3,42.0,49.0
928,929,-129323704#4,2.625,3.1
948,949,-129323707#1,3.1500000000000004,0.0
960,961,-129323711,18.900000000000002,0.0
966,967,-129323718,15.225000000000001,0.5
974,975,-129323722,10.5,0.0
984,985,-129323730,17.85,0.0
986,987,-129323739#0,20.475,4.5
988,989,-129323739#1,8.4,18.0
990,991,-129323739#2,11.025,4.5
1008,1009,-129323743#0,4.2,0.0
1014,1015,-129323743#3,2.625,0.5
1028,1029,-129323745#1,4.2,0.0
1030,1031,-129323745#2,3.1500000000000004,0.0
1036,1037,-129323746#0,3.1500000000000004,0.0
1038,1039,-129323746#1,3.6750000000000003,0.5
1040,1041,-129323746#2,3.1500000000000004,0.0
1042,1043,-129323746#3,2.672727272727273,0.2727272727272728
1044,1045,-129323746#4,3.5875,0.26515151515151514
1046,1047,-129323746#5,3.9375,0.75
1048,1049,-129379920#1,2.0588235294117645,0.13003095975232198
1050,1051,-129379920#1.28,1.4205882352941177,0.22987616099071195
1052,1053,-129379922,3.57,1.2541484716157214
1054,1055,-129379925,7.622631578947368,77.85488015814188
1056,1057,-129379925.33,14.970848056537104,250.36939578477808
1058,1059,-129379930#0,4.425000000000001,4.489010989010989
1060,1061,-129379930#10,26.950000000000003,14.333333333333329
1062,1063,-129379930#11,1.5,0.28571428571428575
1064,1065,-129379930#2,2.85,1.5714285714285714
1066,1067,-129379930#4,1.05,0.0
1074,1075,-129379930#9,2.1,1.0
1082,1083,-129379938,19.425,3.0
1086,1087,-129379940,16.8,0.0
1090,1091,-129379942,14.700000000000001,0.0
1092,1093,-129379943,18.900000000000002,4.666666666666667
1104,1105,-129379952#1,5.126470588235295,7.110294117647058
1110,1111,-129379952#12,2.1,0.0
1116,1117,-129379952#15,3.1500000000000004,0.0
1118,1119,-129379952#16,3.1500000000000004,0.0
1124,1125,-129379952#19,2.625,0.5
1126,1127,-129379952#2,3.4781250000000004,0.6291666666666667
1130,1131,-129379952#21,1.05,0.0
1132,1133,-129379952#22,3.1500000000000004,0.0
1134,1135,-129379952#23,3.1500000000000004,0.0
1136,1137,-129379952#24,3.6750000000000003,0.5
1138,1139,-129379952#25,3.1500000000000004,0.0
1140,1141,-129379952#26,3.5000000000000004,0.33333333333333337
1142,1143,-129379952#27,3.1500000000000004,1.2
1144,1145,-129379952#28,3.45,0.23809523809523803
1146,1147,-129379952#29,3.1500000000000004,0.8571428571428574
1148,1149,-129379952#3,3.3600000000000003,0.6
1150,1151,-129379952#30,2.75625,0.26785714285714285
1152,1153,-129379952#4,3.7500000000000004,0.4175824175824176
1154,1155,-129379952#5,3.553846153846154,0.25641025641025633
1156,1157,-129379952#6,3.473076923076923,0.23076923076923075
1158,1159,-129379952#7,3.7961538461538464,0.5897435897435898
1160,1161,-129379952#8,1.6333333333333335,0.2777777777777778
1164,1165,-129379953#0,1.05,0.0
1166,1167,-129379953#1,10.8,1.9120879120879128
1174,1175,-129379958#2,0.7,0.25
1176,1177,-129379958#3,2.415,2.2333333333333334
1178,1179,-129379962#0,3.1500000000000004,2.0
1180,1181,-129379962#1,5.6,0.49999999999999994
1186,1187,-129379962#4,3.1500000000000004,0.0
1190,1191,-129778904#0,10.5,0.0
1194,1195,-129778904#2,4.2,0.0
1196,1197,-129778904#3,18.900000000000002,0.0
1204,1205,-130185484#0,42.0,0.0
1206,1207,-130185484#1,3.85,4.333333333333333
1214,1215,-130185486#2,13.65,0.0
1216,1217,-130185488#1,5.018867924528302,1.5018708701536496
1218,1219,-130185488#1.58,6.8775,46.82767295597484
1220,1221,-130185488#2,3.530625,0.28286163522012564
1222,1223,-130185488#3,5.509411764705883,0.5776540201879569
1224,1225,-130185488#4,4.424566473988439,0.20399247210646593
1226,1227,-130185490#1,6.5625,0.5
1228,1229,-130185490#2,91.35000000000001,202.53333333333333
1230,1231,-130185490#3,65.10000000000001,0.0
1232,1233,-130185490#4,5.25,0.0
1234,1235,-130185494,16.45,1.333333333333334
1238,1239,-130996521#1,186.20000000000002,12829.0
1240,1241,-130996521#2,88.35,77.14285714285715
1242,1243,-130996521#3,53.550000000000004,72.0
1246,1247,-130996529,13.65,0.0
1248,1249,-131118449,3.5000000000000004,0.6666666666666667
1250,1251,-131118454,2.625,0.7
1252,1253,-131118455,3.465,0.23333333333333328
1254,1255,-131118458,28.93709677419355,5.183964469378213
1256,1257,-131118459#0,14.700000000000001,0.0
1258,1259,-131118459#1,9.450000000000001,0.0
1260,1261,-131118460#0,10.15,0.3333333333333335
1262,1263,-131118460#1,6.300000000000001,0.0
1264,1265,-131118462#0,2.45,0.33333333333333337
1266,1267,-131118462#1,2.8,1.3333333333333333
1270,1271,-131118464#0,1.05,0.0
1272,1273,-131118464#1,2.1,0.0
1274,1275,-131118464#2,3.1500000000000004,0.0
1278,1279,-131634116#1,5.25,0.0
1282,1283,-131634117#1,3.3833333333333337,0.19444444444444445
1284,1285,-131634117#2,2.3625000000000003,1.6590909090909087
1286,1287,-131634117#3,6.300000000000001,1.9999999999999996
1288,1289,-131634117#5,6.380769230769231,1.91025641025641
1290,1291,-131634130#0,3.1500000000000004,0.0
1292,1293,-131634130#1,6.300000000000001,0.0
1294,1295,-131634134#0,16.5,116.23809523809526
1296,1297,-131634134#1,4.2,0.6666666666666666
1298,1299,-131634136,6.1499999999999995,7.476190476190477
1300,1301,-131634138#1,5.25,0.0
1302,1303,-131634138#2,3.4125,0.25000000000000006
1304,1305,-131634140#0,3.1500000000000004,1.0
1306,1307,-131634140#1,5.95,1.8666666666666667
1308,1309,-131634140#2,6.300000000000001,0.6666666666666666
1312,1313,-131634144#1,5.25,0.0
1314,1315,-131634145#0,1.3125,0.25
1316,1317,-131634145#1,4.41,1.2
1318,1319,-131634145#2,5.6,0.33333333333333326
1320,1321,-131634145#3,1.05,0.0
1322,1323,-131634145#4,6.300000000000001,0.6666666666666666
1332,1333,-131700652#0,8.4,0.0
1334,1335,-131700652#1,12.075000000000001,0.5
1338,1339,-131700654#0,2.1,0.0
1352,1353,-136435842,23.1,0.0
1356,1357,-136436468#1,4.620000000000001,0.30000000000000004
1358,1359,-136436468#2,3.7800000000000002,0.3
1360,1361,-136436469,8.4,0.0
1368,1369,-136436475#0,6.300000000000001,0.0
1370,1371,-136436476#1,3.6750000000000003,0.4545454545454545
1372,1373,-136436476#10,5.25,0.0
1376,1377,-136436476#2,2.625,0.5
1378,1379,-136436476#3,10.5,8.0
1380,1381,-136436476#4,7.3500000000000005,0.0
1382,1383,-136436476#5,14.700000000000001,4.666666666666667
1390,1391,-136437407#0,1.05,0.0
1392,1393,-136437407#1,1.05,0.0
1396,1397,-136437411,19.95,0.0
1398,1399,-136517436#0,31.5,0.0
1400,1401,-136517436#1,6.5625,0.9166666666666669
1402,1403,-136517436#2,12.600000000000001,0.0
1404,1405,-136517436#3,3.1500000000000004,0.0
1408,1409,-136517439,14.986363636363638,379.01818181818186
1410,1411,-136517442#0,5.6,2.333333333333333
1416,1417,-136618617#0,7.473529411764706,17.235294117647058
1418,1419,-136618617#1,2.216666666666667,0.11111111111111119
1420,1421,-136618617#2,16.975,2.9666666666666663
1422,1423,-136618617#3,10.5,1.4999999999999998
1424,1425,-136618617#4,4.2,0.0
1428,1429,-136728344#0,20.47906976744186,2.5175629844961236
1430,1431,-136728344#3,15.635869565217392,7.484449381148841
1432,1433,-136728344#4,7.974324324324325,0.9773855488141199
1434,1435,-136728344#4.82,5.88141891891892,0.7175491818348959
1436,1437,-136728347#0,6.751289398280802,7.992902545861745
1438,1439,-136728347#1,5.56943661971831,0.8732871807113861
1440,1441,-136728347#2,4.509691011235955,0.49586168697578736
1442,1443,-136728347#3,1.1620786516853931,0.12378540908371577
1444,1445,-136728347#4,2.6440111420612817,0.32299528485395473
1458,1459,-136728351#0,21.6,22.95238095238095
1460,1461,-136728351#1,34.65,2.0
1462,1463,-136728351#3,132.51000000000002,109.19999999999999
1472,1473,-136728366#1,93.75000000000001,5942.904761904761
1500,1501,-136888519#0,14.731818181818184,98.88682745825602
1502,1503,-136888519#1,2.396969696969697,0.3885796742939598
1506,1507,-136900855,2.9166666666666665,0.19444444444444445
1508,1509,-137031654#0,2.625,0.5
1512,1513,-137132992#0,2.1,2.0
1524,1525,-137133010#2,6.300000000000001,0.0
1526,1527,-137246371#1,2.995904436860068,0.2078404787507598
1528,1529,-137246371#2,2.135234899328859,0.35577249000067795
1530,1531,-137246375,4.2,0.0
1554,1555,-137435083,108.67500000000001,20200.5
1556,1557,-137435084#0,7.3500000000000005,0.0
1560,1561,-137435089,11.55,0.0
1562,1563,-137435091,15.75,0.0
1566,1567,-137435100#0,3.1500000000000004,3.0
1568,1569,-137435100#1,106.4,28716.333333333336
1570,1571,-137435100#2,4.2,0.0
1572,1573,-137435102#0,3.5000000000000004,1.4666666666666666
1574,1575,-137435102#1,2.1,0.0
1578,1579,-137435107#0,8.19,8.700000000000001
1580,1581,-137435107#2,9.275,4.5666666666666655
1582,1583,-137435107#3,13.65,0.0
1586,1587,-137454133#1,3.3600000000000003,0.19999999999999996
1588,1589,-137454133#3,5.25,1.0
1590,1591,-137454133#4,4.4625,0.24999999999999992
1592,1593,-137454133#5,11.55,0.9999999999999999
1594,1595,-137463474#0,129.82831858407081,13393.427149178257
1596,1597,-137463474#1,13.05,25.952380952380953
1598,1599,-137463475#0,54.6921052631579,7991.510025062657
1600,1601,-137463475#1,245.30882352941177,31605.43843137255
1602,1603,-137463475#2,274.12875,69327.40448717949
1604,1605,-137463478#1,17.873595505617978,5157.65858018386
1606,1607,-137463478#1.16,36.65561797752809,1156.9236465781412
1608,1609,-137463478#2,15.209558823529411,362.6714223002634
1610,1611,-137463478#3,25.770000000000003,5049.431932773109
1612,1613,-137500982#2,15.75,4.0
1616,1617,-137672872,10.01629213483146,0.8876404494382025
1620,1621,-137685135,5.236123348017621,216.0042493470039
1622,1623,-137685160#0,5.25,0.0
1624,1625,-137685160#1,1.26,0.2
1626,1627,-137685160#2,7.3500000000000005,0.4
1628,1629,-137685160#3,4.59375,0.8392857142857142
1638,1639,-137685161#4,215.64375,616.2678571428571
1640,1641,-137685161#5,3.54375,0.26785714285714285
1642,1643,-137685161#6,44.68333333333334,35.777777777777814
1644,1645,-137685161#7,58.17,68.7111111111111
1646,1647,-138002149#1,2.7131679389312975,1.2706998917843875
1648,1649,-138002149#2,13.280113636363637,2.8754320774282722
1650,1651,-138002149#3,8.779473684210528,1.0978008401284902
1656,1657,-138300617#0,2.1,0.0
1658,1659,-138300617#1,2.1,0.0
1660,1661,-138300617#2,1.6800000000000002,0.26666666666666666
1662,1663,-138300617#3,10.5,0.8000000000000007
1664,1665,-138300617#4,10.28125,0.25905797101449296
1666,1667,-138300620#1,2.625,0.5
1668,1669,-138300620#2,6.5625,2.25
1670,1671,-138300620#6,9.9,0.619047619047619
1676,1677,-138300624#0,10.5,0.0
1680,1681,-138300626#0,3.6750000000000003,0.3333333333333333
1682,1683,-138300626#1,11.8125,0.25000000000000017
1686,1687,-138396689#2,35.175000000000004,24.5
1688,1689,-138396689#3,3.6750000000000003,0.5
1690,1691,-139230366,3.328158844765343,66.30081619839895
1694,1695,-139429268,2.879245283018868,0.5596688161770561
1702,1703,-140579883,16.45,4.333333333333332
1704,1705,-140684000#1,28.95666666666667,1526.7084577114429
1706,1707,-140684000#1.23,15.495220588235295,1758.6592047930283
1708,1709,-140684003,200.025,13284.5
1710,1711,-140737941#0,12.8625,0.25000000000000017
1712,1713,-140737941#1,4.7250000000000005,0.3333333333333333
1714,1715,-140737941#2,4.4625,0.24999999999999992
1716,1717,-140737941#3,4.2,0.0
1718,1719,-140737941#4,2.8875,4.25
1720,1721,-140737941#5,2.1,0.0
1722,1723,-140737941#6,3.6750000000000003,0.5
1724,1725,-140737941#7,4.2,0.0
1726,1727,-140737941#8,4.2,0.0
1728,1729,-140737941#9,2.1,0.0
1732,1733,-140737948#0,8.4,0.0
1734,1735,-140737948#1,5.25,0.0
1736,1737,-140737948#10,3.9000000000000004,0.3736263736263737
1738,1739,-140737948#11,10.696875,3.095833333333333
1740,1741,-140737948#2,5.775,0.3333333333333335
1742,1743,-140737948#3,4.55,0.3333333333333335
1744,1745,-140737948#4,3.6750000000000003,1.1
1746,1747,-140737948#5,4.05,0.47619047619047605
1748,1749,-140737948#6,4.0687500000000005,0.6964285714285715
1750,1751,-140737948#7,3.9899999999999998,1.511111111111111
1752,1753,-140737948#8,3.8181818181818183,0.6545454545454545
1754,1755,-140737948#9,3.6750000000000003,0.5769230769230768
1756,1757,-140737954#0,3.0,0.4761904761904762
1758,1759,-140737954#1,4.2,0.0
1760,1761,-140737954#10,3.85,0.33333333333333326
1762,1763,-140737954#11,5.25,31.2
1764,1765,-140737954#12,1.5750000000000002,0.3333333333333333
1766,1767,-140737954#13,3.6750000000000003,0.3333333333333333
1768,1769,-140737954#3,3.1500000000000004,0.0
1770,1771,-140737954#4,3.85,0.33333333333333337
1772,1773,-140737954#5,3.1500000000000004,0.0
1774,1775,-140737954#6,3.9375,0.24999999999999997
1776,1777,-140737954#7,1.5750000000000002,0.3333333333333333
1778,1779,-140737954#8,3.1500000000000004,0.0
1780,1781,-140737954#9,3.4125,0.9166666666666666
1782,1783,-140737957,4.7250000000000005,0.5
1786,1787,-140737969,2.975,0.5666666666666667
1802,1803,-140738003,6.300000000000001,0.0
1814,1815,-140738047#0,0.8400000000000001,0.2
1816,1817,-140738047#1,2.45,1.0666666666666667
1820,1821,-140738054#0,8.19,3.1999999999999993
1822,1823,-140738054#1,2.8,0.33333333333333337
1824,1825,-140738054#2,1.8375000000000001,0.19736842105263164
1826,1827,-140739763,4.2,0.0
1828,1829,-140834247#0,16.275000000000002,0.5
1834,1835,-140834249#0,12.950000000000001,6.333333333333334
1836,1837,-140834249#1,7.3500000000000005,1.0
1838,1839,-140834249#10,10.5,0.0
1840,1841,-140834249#11,14.175,0.5
1842,1843,-140834249#2,0.35,0.33333333333333337
1844,1845,-140834249#3,1.7500000000000002,0.3333333333333333
1846,1847,-140834249#4,2.1,0.0
1848,1849,-140834249#5,2.1,0.0
1850,1851,-140834249#6,2.625,0.5
1852,1853,-140834249#7,5.775,0.5
1854,1855,-140834249#8,15.75,3.333333333333334
1856,1857,-140834249#9,3.1500000000000004,0.0
1862,1863,-140834252,10.850000000000001,0.3333333333333335
1866,1867,-140834254#0,8.225,4.5666666666666655
1868,1869,-140834254#10,8.4,0.0
1870,1871,-140834254#11,5.775,0.3333333333333333
1872,1873,-140834254#13,6.825,1.0999999999999999
1874,1875,-140834254#2,4.55,0.3333333333333335
1876,1877,-140834254#3,4.2,0.0
1878,1879,-140834254#4,3.5000000000000004,0.33333333333333337
1880,1881,-140834254#5,5.25,0.0
1882,1883,-140834254#6,4.2,3.0
1884,1885,-140834254#7,10.5,0.0
1890,1891,-140834255#1,7.875,0.9285714285714289
1892,1893,-140834256#0,19.95,0.0
1894,1895,-140834256#1,1.05,0.0
1896,1897,-140834257#0,20.475,0.5
1898,1899,-140834257#1,9.975,40.5
1902,1903,-140834257#4,10.5,0.0
1904,1905,-140834257#5,6.300000000000001,0.0
1906,1907,-140834257#6,21.0,0.0
1908,1909,-140834257#7,12.600000000000001,2.0
1912,1913,-140834261#0,9.555,0.5157894736842105
1914,1915,-140834261#1,0.735,0.32631578947368417
1916,1917,-140834261#2,2.1,0.21052631578947378
1918,1919,-140834261#3,17.587500000000002,1.0394736842105257
1920,1921,-140834262#0,9.566666666666666,13.861111111111109
1922,1923,-140834262#1,7.116666666666667,0.4444444444444444
1924,1925,-140834263#0,11.2,2.333333333333334
1926,1927,-140834263#1,5.775,0.5
1938,1939,-141058755#0,9.81891891891892,1.5186967789707524
1940,1941,-141058755#1,12.019736842105264,1.9305263157894736
1942,1943,-141058755#2,4.419402985074627,0.44052464947987335
1944,1945,-141058755#3,2.0847826086956522,0.16155157715260018
1946,1947,-141058755#4,1.0195652173913043,0.1462063086104007
1950,1951,-141058758,23.1,0.0
1954,1955,-143054330,1.5750000000000002,0.3333333333333333
1958,1959,-143054333#1,2.1,1.3333333333333333
1964,1965,-143054333#12,6.300000000000001,0.0
1966,1967,-143054333#13,36.225,9.66666666666667
1968,1969,-143054333#14,7.0875,0.21428571428571422
1970,1971,-143054333#15,4.59375,0.26785714285714285
1972,1973,-143054333#16,3.85,0.49999999999999994
1974,1975,-143054333#17,2.8350000000000004,0.23333333333333334
1976,1977,-143054333#18,3.045,0.32222222222222247
1978,1979,-143054333#19,6.461538461538463,0.8076923076923078
1982,1983,-143054333#20,4.4423076923076925,0.19230769230769243
1984,1985,-143054333#21,4.125,1.763736263736264
1986,1987,-143054333#22,5.088461538461538,4.807692307692308
1988,1989,-143054333#23,7.000000000000001,0.42424242424242425
1992,1993,-143054333#5,42.0,0.0
2006,2007,-143313756,99.75,0.0
2010,2011,-144655546#0,67.98076923076923,9439.106100795756
2012,2013,-144655546#1,40.37912621359223,7076.191699980964
2014,2015,-144655546#2,4.099038461538462,336.514936519791
2016,2017,-144655547#0,10.090243902439024,1.1939024390243902
2018,2019,-144655547#1,4.404878048780488,0.36097560975609755
2020,2021,-144655547#2,2.225,0.1562137049941929
2022,2023,-144655547#3,7.023333333333333,0.7191919191919197
2024,2025,-144655547#4,2.24,0.16363636363636366
2026,2027,-144657087#0,10.762500000000001,1.5833333333333337
2028,2029,-144657087#2,11.55,2.0
2030,2031,-144657087#3,6.825,0.58
2032,2033,-144657087#4,11.8125,4.25
2034,2035,-144657087#5,11.55,0.0
2036,2037,-144657087#6,28.35,0.0
2038,2039,-144659492#0,4.2,0.0
2040,2041,-144659492#1,7.3500000000000005,0.0
2042,2043,-144659492#2,6.300000000000001,0.6666666666666665
2044,2045,-144659492#3,3.1500000000000004,0.0
2046,2047,-144659492#4,3.5000000000000004,0.33333333333333337
2048,2049,-144659492#5,3.1500000000000004,0.0
2050,2051,-144659492#6,3.85,0.33333333333333326
2052,2053,-144659492#7,4.9,0.33333333333333326
2056,2057,-144659496,11.55,0.0
2060,2061,-145069278#0,63.98,6365.780952380951
2062,2063,-145069278#1,108.15,28302.307692307695
2064,2065,-145069278#2,22.575,50.944444444444436
2066,2067,-145069284,73.5,13468.0
2068,2069,-145069287#0,4.025,0.33333333333333326
2070,2071,-145069287#1,4.55,0.24242424242424246
2072,2073,-145069287#2,3.4125,0.2045454545454545
2074,2075,-145069287#3,4.55,0.2424242424242424
2076,2077,-145069287#4,5.075,0.3333333333333334
2078,2079,-145069287#8,6.0375000000000005,3.477272727272727
2080,2081,-145069294#0,116.13,14838.933333333332
2082,2083,-145069294#1,190.155,75761.65555555557
2084,2085,-145069294#2,95.31666666666666,41002.44444444445
2086,2087,-145069303#1,58.67142857142857,5248.34106793402
2088,2089,-145069303#2,40.11595744680851,2869.678824721379
2090,2091,-145069303#3,65.1906474820144,6427.093942237512
2092,2093,-145069303#4,42.17127659574468,4538.037487335361
2094,2095,-145069307#0,4.2,0.0
2096,2097,-145069307#1,4.2,0.0
2098,2099,-145069309,35.7,0.0
2100,2101,-145069316#1,5.716666666666667,54.02777777777778
2102,2103,-145069320#0,1.5750000000000002,0.5
2104,2105,-145069320#1,3.85,4.333333333333333
2106,2107,-145069334,2.625,1.0
2116,2117,-145069347#0,20.668421052631583,1.783625730994153
2118,2119,-145069347#1,4.973684210526316,11.31578947368421
2120,2121,-145069357,24.5,706.3333333333333
2122,2123,-145069369#0,81.9,0.0
2124,2125,-145069369#1,3.1500000000000004,0.0
2126,2127,-145069371#0,14.079545454545455,45.396103896103895
2128,2129,-145069371#1,2.2,0.0904761904761905
2130,2131,-145069391,5.494736842105263,67.89223057644108
2140,2141,-146973200#0,0.7767123287671233,0.19520547945205477
2142,2143,-146973200#1,16.275000000000002,2.9577464788732404
2144,2145,-146973200#2,1.194375,0.17072784810126584
2148,2149,-146973212,6.670588235294118,0.7201426024955433
2150,2151,-146973214#1,24.257943925233647,255.88555810262733
2152,2153,-146973214#10,1.2716666666666667,0.16841448189762798
2154,2155,-146973214#11,1.2833333333333334,0.3320848938826468
2156,2157,-146973214#12,1.967241379310345,0.48382785351510343
2158,2159,-146973214#13,6.568902439024391,1.6496537187594098
2160,2161,-146973214#17,0.49830508474576274,0.2536528345996493
2162,2163,-146973214#18,5.25,0.41379310344827575
2164,2165,-146973214#2,7.372105263157895,0.5952967525195969
2166,2167,-146973214#21,2.4982758620689656,1.0816696914700545
2168,2169,-146973214#22,3.663829787234043,0.6466234967622573
2170,2171,-146973214#23,6.34468085106383,0.5633672525439409
2172,2173,-146973214#6,2.815384615384615,0.26398046398046393
2174,2175,-146973214#7,4.430769230769231,0.3289377289377289
2176,2177,-146973214#9,2.376923076923077,0.30744810744810747
2178,2179,-146973218#0,9.05625,3.5833333333333326
2180,2181,-146973218#1,8.203125,1.4958333333333331
2182,2183,-146973218#2,7.484615384615386,0.6936572199730097
2184,2185,-146973218#3,12.978,2.3575510204081653
2186,2187,-146973218#4,0.8076923076923078,0.22021116138763197
2188,2189,-146973218#5,11.755882352941176,21.880784313725496
2190,2191,-146973225#1,6.454918032786885,10.711712683347713
2192,2193,-146973225#1.38,4.564918032786886,31.497238999137178
2194,2195,-146973225#2,2.5248355263157896,5.872057929477161
2196,2197,-146973225#3,6.7515,21.088729096989955
2200,2201,-146973234#1,79.8,0.0
2202,2203,-146973236#0,4.310526315789474,0.5832147937411096
2204,2205,-146973236#1,10.15,0.9696969696969693
2206,2207,-146973236#10,4.2,1.0
2208,2209,-146973236#11,7.7,0.33333333333333326
2218,2219,-146973236#2,5.8625,0.4469696969696972
2220,2221,-146973236#3,4.2,0.36363636363636365
2222,2223,-146973236#4,4.025,0.3333333333333333
2224,2225,-146973236#5,7.612500000000001,0.75
2226,2227,-146973236#7,3.85,1.75
2228,2229,-146973236#8,9.66,1.2
2230,2231,-146973236#9,2.8,0.33333333333333326
2234,2235,-147014252#0,7.3500000000000005,0.0
2236,2237,-147014252#1,2.625,0.5
2238,2239,-147014252#2,7.3500000000000005,0.0
2240,2241,-147014252#3,7.875,0.5
2242,2243,-147014252#4,6.300000000000001,2.0
2244,2245,-147014252#6,12.600000000000001,1.0
2254,2255,-147042365#0,6.300000000000001,0.0
2256,2257,-147042365#1,2.7,0.28571428571428564
2258,2259,-147042366,6.825,0.3333333333333333
2264,2265,-147042385#0,36.75,0.0
2266,2267,-147042385#1,22.05,0.0
2268,2269,-147042385#2,25.200000000000003,0.0
2270,2271,-148050447#0,36.4,833.3333333333333
2272,2273,-148050447#1,11.2875,0.9166666666666671
2274,2275,-148050448#0,50.55197368421052,471.4854385964911
2276,2277,-148050448#1,12.76578947368421,287.5480701754387
2278,2279,-148050451#0,11.025,0.7222222222222224
2280,2281,-148050451#1,4.868181818181819,0.4545454545454545
2282,2283,-148050451#2,13.5625,8.62878787878788
2284,2285,-148050452#0,12.18,36.044444444444444
2286,2287,-148050452#1,17.85,0.0
2288,2289,-148050453#0,37.663043478260875,813.6640316205536
2290,2291,-148050453#1,5.99375,0.8242753623188406
2292,2293,-148050453#3,9.4,0.5476190476190477
2294,2295,-148050453#4,16.429411764705883,4.492647058823531
2296,2297,-148050453#5,17.85,1.8461538461538456
2298,2299,-148050455#0,12.11095890410959,18.280060882800605
2300,2301,-148050455#1,15.035106382978725,956.2841455044612
2302,2303,-148050456,71.05000000000001,4654.333333333334
2304,2305,-148050457#0,4.2,1.3333333333333333
2306,2307,-148050457#1,8.4,0.0
2308,2309,-148050457#2,4.55,1.3333333333333335
2324,2325,-148351766,1.8,0.4428571428571428
2326,2327,-148352067,10.219014084507043,1.9704325242233538
2340,2341,-148527678#0,14.700000000000001,0.0
2342,2343,-148527678#1,8.4,0.0
2344,2345,-148527678#2,7.3500000000000005,0.0
2346,2347,-148527679#0,23.1,0.0
2366,2367,-148527691#1,7.026923076923078,4.730769230769231
2368,2369,-148527691#2,6.946153846153846,0.5897435897435896
2370,2371,-148527691#3,8.803846153846155,1.0897435897435905
2372,2373,-148527691#4,14.053846153846155,1.589743589743591
2374,2375,-148527691#5,6.703846153846155,0.4230769230769227
2376,2377,-148527691#6,5.573076923076923,0.3974358974358974
2378,2379,-148527691#7,12.115384615384615,1.4358974358974363
2380,2381,-148527691#8,17.85,2.5000000000000004
2382,2383,-148527691#9,3.634615384615385,0.2692307692307693
2384,2385,-148529632#0,26.075,5.7666666666666675
2386,2387,-148529632#2,11.9,2.2666666666666666
2388,2389,-148529632#3,24.150000000000002,0.0
2390,2391,-148529632#4,14.000000000000002,1.333333333333333
2392,2393,-148596540#0,8.01818181818182,0.7168234064785789
2394,2395,-148596540#1,3.5198863636363638,0.3687304075235109
2396,2397,-148596540#2,20.795833333333334,6.85703185703186
2406,2407,-148680864,5.25,0.0
2408,2409,-148680865,3.1500000000000004,0.0
2410,2411,-148680866#0,1.05,0.0
2428,2429,-149044751#0,22.05,179.33333333333334
2430,2431,-149044751#1,6.65,0.3333333333333335
2432,2433,-149044751#2,5.25,1.0
2434,2435,-149045266,24.4125,174.24999999999997
2436,2437,-149045269#0,3.1500000000000004,0.0
2438,2439,-149045269#1,5.25,0.0
2440,2441,-149045269#3,29.400000000000002,1387.0
2442,2443,-149045845,10.15,1.333333333333334
2444,2445,-150391230,3.9899999999999998,0.19999999999999996
2446,2447,-15057616#0,12.600000000000001,0.0
2448,2449,-15057616#1,6.825,1.9
2452,2453,-15066337#1,9.450000000000001,0.0
2458,2459,-15066339#0,6.825,0.5
2464,2465,-15066339#3,8.4,0.0
2466,2467,-150746347#0,19.592045454545456,15.299682875264272
2468,2469,-150746347#1,3.6750000000000003,0.3023255813953489
2470,2471,-150746347#2,24.750000000000004,6.689895470383274
2472,2473,-150746347#4,4.7250000000000005,0.5487804878048779
2474,2475,-150746361#1,17.904545454545456,288.6814764183185
2476,2477,-150746361#2,43.83040540540541,178.87837837837836
2478,2479,-150746364#1,20.825,497.3666666666667
2480,2481,-150746364#2,2.8875,1.0714285714285714
2482,2483,-150746364#4,3.7800000000000002,0.8
2484,2485,-150816775,5.05,0.2555168408826946
2488,2489,-151167720#0,6.300000000000001,0.0
2490,2491,-151167720#1,16.8,0.0
2492,2493,-151167730,14.700000000000001,0.0
2496,2497,-151167733#3,12.18,2.299999999999999
2498,2499,-151167733#4,9.1,1.0666666666666669
2500,2501,-151167733#5,4.608333333333334,0.2516339869281045
2502,2503,-151167738#2,267.225,11571.666666666666
2504,2505,-151167753,19.95,0.0
2506,2507,-151345398#1,12.600000000000001,0.0
2510,2511,-151345400,4.2,0.0
2512,2513,-151345407#0,1.7500000000000002,0.3333333333333333
2514,2515,-151345407#1,17.85,507.0
2516,2517,-151345408#0,26.775000000000002,3.0000000000000013
2518,2519,-151345409#0,21.525000000000002,4.333333333333333
2520,2521,-151345409#1,3.4125,0.24999999999999997
2522,2523,-151345409#2,3.1500000000000004,0.0
2524,2525,-151345409#3,5.95,0.33333333333333326
2528,2529,-152036408,20.650000000000002,2.333333333333332
2530,2531,-152037912,13.65,0.0
2536,2537,-152037914,4.7250000000000005,0.3333333333333333
2540,2541,-152038426,6.65,5.333333333333334
2542,2543,-152038427,7.875,0.5
2544,2545,-152039154#0,6.5625,0.25
2546,2547,-152039154#1,2.94,0.7
2550,2551,-152039157,10.5,0.0
2556,2557,-152077572#0,8.175,950.3675958188155
2558,2559,-152077572#1,14.275,1329.1736353077815
2560,2561,-152077572#2,7.708536585365854,0.8304878048780491
2562,2563,-152079697,6.825,0.5
2564,2565,-152079698,14.700000000000001,2.0
2566,2567,-152079703,6.300000000000001,0.0
2568,2569,-152081136,3.4125,0.9166666666666666
2578,2579,-153220338#0,197.505,47641.96938775508
2580,2581,-153220338#1,109.75588235294119,14137.468805704098
2582,2583,-153220338#2,200.21400000000003,40102.14333333333
2584,2585,-153220338#3,1.85,0.4904761904761904
2586,2587,-153220338#4,10.00263157894737,253.15204678362574
2598,2599,-153692837#1,115.77029702970297,15322.613069306934
2600,2601,-153692837#2,267.53125,35238.934397163124
2602,2603,-153692841#0,6.300000000000001,1.0
2604,2605,-153692841#1,5.04,0.7
2606,2607,-153692841#2,8.61,0.6999999999999995
2608,2609,-153692841#4,2.7300000000000004,0.30000000000000004
2610,2611,-153692841#5,14.525,3.7666666666666657
2612,2613,-153692841#6,26.25,243.0
2614,2615,-153774648#0,30.380000000000003,15.923809523809524
2616,2617,-153774648#1,66.15,34.666666666666664
2618,2619,-153774649#0,13.877710843373494,3.684102262709374
2620,2621,-153774649#1,9.1875,5.881578947368421
2622,2623,-154658249,4.9875,0.9166666666666666
2626,2627,-155847370,9.362499999999999,0.9924242424242421
2630,2631,-155847568,32.725,10.566666666666672
2632,2633,-156041643#0,4.59375,0.24999999999999992
2634,2635,-156041643#1,2.6906250000000003,0.26249999999999996
2636,2637,-156041643#2,2.5375,0.2651515151515152
2638,2639,-156041695,13.125,0.5
2640,2641,-156041699,18.6375,61.07142857142857
2642,2643,-156041708,7.3500000000000005,0.0
2644,2645,-156041710,39.375,364.5
2646,2647,-156041713#1,8.925,40.5
2648,2649,-156041713#2,12.600000000000001,0.0
2650,2651,-156041713#3,10.350000000000001,2.476190476190475
2652,2653,-156791366#0,81.21346153846153,28420.55538461538
2654,2655,-156791366#1,132.53333333333333,29416.535947712422
2656,2657,-156791366#2,13.78125,2.1250000000000004
2658,2659,-156817405,17.85,1280.4
2662,2663,-156923383,64.05,0.0
2664,2665,-156923526#1,72.25826086956522,16006.729519450797
2666,2667,-156923526#2,170.47641509433964,28968.403593890383
2668,2669,-156923526#3,28.477570093457945,5843.994533591957
2670,2671,-156923526#4,6.863758389261745,688.2097768909853
2676,2677,-157305700#2,21.7875,1.5833333333333341
2678,2679,-157305700#3,7.875,0.3333333333333333
2680,2681,-157305700#4,3.9375,0.24999999999999997
2682,2683,-157305700#5,3.4125,0.25
2684,2685,-157305700#6,9.450000000000001,0.0
2688,2689,-157305702#0,4.2,0.0
2690,2691,-157305702#1,10.5,4.666666666666667
2692,2693,-157305702#2,16.275000000000002,9.0
2694,2695,-157305703,4.2,0.0
2696,2697,-157306362#0,2.52,0.3
2698,2699,-157306362#1,2.52,0.3
2700,2701,-157306362#10,17.85,0.6666666666666661
2702,2703,-157306362#2,2.8875,0.24999999999999997
2704,2705,-157306362#3,2.8875,0.25000000000000006
2706,2707,-157306362#4,3.1500000000000004,0.0
2708,2709,-157306362#5,7.5600000000000005,0.19999999999999996
2710,2711,-157306362#8,24.78,2.3
2712,2713,-157306362#9,19.95,1.4999999999999996
2716,2717,-157306371,17.85,0.0
2720,2721,-158179326,7.3500000000000005,2.0000000000000004
2722,2723,-158179327,6.300000000000001,0.0
2728,2729,-158179329#2,8.750000000000002,0.3333333333333335
2730,2731,-158179329#3,3.1500000000000004,0.0
2732,2733,-158179332,7.875,0.5
2736,2737,-158180482#1,4.2,0.0
2738,2739,-158180482#2,3.6750000000000003,0.5
2740,2741,-158180482#3,2.1,0.0
2750,2751,-159579401#5,6.300000000000001,0.0
2752,2753,-159579401#6,7.7,0.33333333333333326
2754,2755,-159579401#7,4.9,0.3333333333333335
2758,2759,-159633435,19.425,4.5
2760,2761,-159646351,2.975,1.7666666666666668
2762,2763,-159646354,21.45,18.369747899159663
2764,2765,-159646363#0,6.825,2.0555555555555554
2766,2767,-159646363#1,3.069230769230769,0.7435897435897435
2768,2769,-159646363#2,3.7800000000000002,0.30000000000000004
2770,2771,-159646363#3,11.873076923076924,6.397435897435898
2772,2773,-159743996#0,7.612500000000001,1.5833333333333333
2778,2779,-159743996#3,15.75,0.0
2782,2783,-159961041,15.75,18.0
2784,2785,-160090329#0,2.1,0.6666666666666666
2786,2787,-160090329#1,15.75,4.666666666666667
2788,2789,-160090329#2,2.1,0.0
2790,2791,-160090330,10.5,0.0
2794,2795,-160309404#1,76.125,612.5
2796,2797,-160309406#0,7.7,12.333333333333334
2798,2799,-160309406#1,10.5,0.0
2800,2801,-160309406#2,12.600000000000001,0.0
2802,2803,-160311903#1,546.35,133043.46666666667
2804,2805,-160314345#0,22.35,137.2380952380952
2806,2807,-160314345#1,13.65,5.0
2808,2809,-160314345#2,13.440000000000001,1.7000000000000002
2810,2811,-160314345#3,11.55,0.0
2812,2813,-160314345#4,13.65,2.0
2814,2815,-160314345#7,14.525,16.87878787878788
2816,2817,-160314345#8,16.45,3.5151515151515156
2818,2819,-160314346#0,10.06764705882353,1.882352941176472
2820,2821,-160314346#1,9.65,2.0619047619047635
2822,2823,-160314351#0,4.7250000000000005,0.5
2824,2825,-160314351#1,1.05,0.0
2826,2827,-161678034#0,79.52608695652174,14640.969826562125
2828,2829,-161678034#1,312.25338983050847,111918.95383923985
2830,2831,-161678034#2,49.06095505617978,7628.098933536465
2844,2845,-161783477,10.30909090909091,0.5636363636363637
2846,2847,-161783480,2.025757575757576,0.22964337250051534
2848,2849,-161784059#0,25.41,8.402684563758383
2850,2851,-161784059#1,9.898790322580647,1.206071334906898
2852,2853,-161784059#2,10.931854838709679,1.1709284028324154
2854,2855,-161784059#3,9.1,1.0559999999999998
2856,2857,-161784059#4,2.425,0.2314285714285715
2858,2859,-161784059#5,8.750000000000002,0.5439999999999988
2870,2871,-161789031#1,15.75,0.0
2872,2873,-161789031#2,5.25,0.0
2880,2881,-161789031#6,4.2,0.0
2882,2883,-161789031#7,4.2,2.0
2884,2885,-161789032,15.75,0.0
2888,2889,-161789040,4.865853658536585,22.83780487804878
2890,2891,-161789044#1,2.1,0.0
2894,2895,-161789046#0,25.200000000000003,4.0
2898,2899,-161789381,3.1500000000000004,0.0
2904,2905,-164051403#0,6.586363636363636,2.7045454545454546
2906,2907,-164051405#1,7.827272727272727,1.2727272727272727
2908,2909,-164051405#2,2.94,0.17777777777777784
2910,2911,-164051408,2.131818181818182,0.15530303030303033
2912,2913,-164051410#0,13.063235294117648,710.4591747146619
2914,2915,-164051410#1,1.44375,0.23767605633802807
2916,2917,-164051413#0,17.05344827586207,307.35180386685283
2918,2919,-164051417#0,0.8076923076923078,0.19865571321882006
2920,2921,-164051417#1,2.635096153846154,0.5824309185959673
2922,2923,-164051420,3.3500000000000005,0.2067363530778164
2924,2925,-164051425#0,2.1,0.0
2926,2927,-164051425#1,12.075000000000001,1.666666666666666
2928,2929,-164051425#2,15.4,2.3333333333333335
2930,2931,-164051425#3,7.612500000000001,0.24999999999999992
2932,2933,-164051425#4,11.8125,0.9166666666666666
2934,2935,-164051429#2,46.23220858895706,1786.2768310232532
2942,2943,-164051431#3,12.600000000000001,0.0
2944,2945,-164051431#4,5.25,0.0
2946,2947,-164051431#5,1.05,0.0
2948,2949,-164051438#0,1.5351265822784812,0.2883576554059502
2950,2951,-164051438#0.17,8.506329113924052,0.9196162218818024
2952,2953,-164051438#1,4.26,0.341543513957307
2954,2955,-164051438#2,2.688,0.30528735632183907
2958,2959,-164078531#0,13.902000000000001,28.619354838709704
2960,2961,-164078531#0.144,19.255511811023624,193.87651543557064
2962,2963,-164078531#1,3.3852,1.1107096774193546
2964,2965,-164078536,6.108064516129033,0.7162225338943438
2972,2973,-164633674#0,4.7250000000000005,4.5
2974,2975,-164633674#1,7.3500000000000005,0.0
2976,2977,-164859338#1,5.016666666666667,2.4444444444444446
2978,2979,-164859338#2,6.6000000000000005,5.571428571428572
2980,2981,-164859338#3,21.2625,14.91666666666667
2982,2983,-164859338#4,0.7875000000000001,0.25
2984,2985,-165414587#0,3.020161290322581,0.45489683231618716
2986,2987,-165520703#0,7.063636363636364,377.53258613532535
2988,2989,-165520703#1,46.12075471698114,5789.510864705355
2990,2991,-165520703#2,32.303827751196174,4495.34380750828
2992,2993,-165520703#3,26.378863636363636,3405.057928601081
2994,2995,-165520703#4,79.12087155963303,17883.169597936834
2996,2997,-165520725,3.9000000000000004,10.571428571428571
3018,3019,-166638348#0,43.575,12.5
3020,3021,-166638348#1,17.85,12.0
3022,3023,-166638348#2,8.05,0.75
3024,3025,-166638348#3,6.183333333333334,0.611111111111111
3046,3047,-166638351#14,8.750000000000002,0.33333333333333304
3048,3049,-166638351#15,13.65,8.0
3072,3073,-166638353#1,17.0625,3.5833333333333326
3112,3113,-166638360#0,14.28,294.3
3130,3131,-166638364,55.3,264.3333333333333
3142,3143,-166638367#3,30.450000000000003,2.5
3144,3145,-166638367#4,26.46,1.2000000000000002
3146,3147,-166638367#5,27.431250000000002,4.4107142857142865
3148,3149,-166638367#6,72.66000000000001,89.19999999999999
3156,3157,-166638371#0,7.800000000000001,2.285714285714286
3158,3159,-166638371#1,11.025,4.5
3180,3181,-166638371#2,13.125,4.5
3182,3183,-166638371#3,7.875,4.5
3196,3197,-166638372,25.462500000000002,17.583333333333336
3230,3231,-166639902#2,10.5,0.0
3234,3235,-166642721,3.6750000000000003,0.5
3240,3241,-166821307#0,1.8900000000000001,0.7
3242,3243,-166821307#1,23.1,18.0
3244,3245,-166821307#2,2.45,1.3333333333333333
3246,3247,-166821308#1,12.600000000000001,2.1538461538461533
3248,3249,-166821308#2,5.25,4.857142857142857
3250,3251,-166821308#4,2.1,0.8000000000000002
3252,3253,-166822309#0,14.000000000000002,4.333333333333333
3254,3255,-166822309#1,4.2,0.0
3256,3257,-166822311#0,5.55,18.9047619047619
3258,3259,-166822311#1,4.9,0.666666666666667
3260,3261,-166822311#3,1.5750000000000002,0.5714285714285715
3262,3263,-166822311#4,12.075000000000001,4.5
3264,3265,-166822311#5,1.05,0.0
3272,3273,-166878981,4.2,0.0
3274,3275,-166878983,3.85,2.3333333333333335
3280,3281,-166878986#1,6.300000000000001,0.0
3282,3283,-166878987#0,7.875,0.5
3290,3291,-166878990#0,5.25,1.0
3300,3301,-166878992#1,4.2,0.0
3302,3303,-166878993#1,4.5,8.835164835164836
3304,3305,-166878993#2,28.481250000000003,55.26785714285713
3308,3309,-166878994#1,5.25,0.0
3310,3311,-166878996#1,6.0,35.238095238095234
3312,3313,-166878996#2,11.340000000000002,7.700000000000001
3320,3321,-168158796#0,13.65,7.0
3322,3323,-168158796#1,1.05,0.0
3324,3325,-168158796#2,4.2,0.0
3328,3329,-168158820#0,10.5,3.0
3330,3331,-168158820#1,1.47,0.3
3332,3333,-168158826,6.300000000000001,0.0
3344,3345,-168243629#1,15.225000000000001,2849.043478260869
3346,3347,-168243629#2,8.575,800.927536231884
3350,3351,-168245119#0,82.7346153846154,22254.27260458839
3352,3353,-168245119#1,164.56125,82618.40961538462
3354,3355,-168249926#0,4.979268292682927,2.282936575619502
3360,3361,-168434697,10.5,0.0
3362,3363,-168511765#0,8.925,5.666666666666668
3364,3365,-168511765#1,6.5625,1.5833333333333333
3366,3367,-168853055#0,9.8,0.8410256410256414
3368,3369,-168853055#1,30.794531250000002,9.652529761904763
3374,3375,-168853061#0,4.2,0.0
3376,3377,-168853061#1,54.6,0.0
3378,3379,-168853061#2,34.65,8.0
3380,3381,-168853069#0,61.650000000000006,41.57142857142858
3382,3383,-168853069#1,49.54090909090909,19.76363636363636
3384,3385,-168853069#2,244.50000000000003,308.80952380952385
3386,3387,-168853071#0,76.91250000000001,210.9166666666667
3388,3389,-168853071#1,53.550000000000004,162.0
3390,3391,-168853071#2,63.0,0.0
3392,3393,-168853071#3,4.2,0.0
3396,3397,-169739284,3.6511363636363634,2.162262156448203
3398,3399,-170398274#0,252.95454545454547,28900.89090909091
3400,3401,-170398274#1,154.5409090909091,53680.963636363624
3402,3403,-170398274#2,45.913636363636364,13901.418181818182
3404,3405,-170398274#3,1.05,0.2222222222222222
3416,3417,-170425368,8.4,0.0
3420,3421,-171006990#0,12.133333333333333,53.027777777777786
3428,3429,-171007007#1,5.25,0.0
3434,3435,-171007013#0,5.532692307692308,2.2046153846153853
3436,3437,-171007013#1,3.8769230769230774,0.22153846153846157
3438,3439,-171007013#10,2.625,0.5
3440,3441,-171007013#11,13.65,2.0
3442,3443,-171007013#12,4.2,0.0
3444,3445,-171007013#2,2.85,0.21428571428571447
3446,3447,-171007013#3,2.25,0.12857142857142853
3448,3449,-171007013#4,20.107499999999998,3.0815789473684223
3450,3451,-171007013#5,6.0200000000000005,0.6380952380952384
3452,3453,-171007013#6,9.934615384615386,0.2692307692307692
3454,3455,-171007013#7,5.775,0.2727272727272727
3456,3457,-171007013#8,5.460000000000001,0.20000000000000007
3458,3459,-171007020#0,13.65,0.0
3468,3469,-171007036#0,7.3500000000000005,0.0
3472,3473,-171007040#0,32.85,5.904761904761905
3474,3475,-171007040#1,2.625,0.3
3484,3485,-171571099,6.43125,0.41071428571428564
3486,3487,-171571101#2,3.1500000000000004,0.0
3488,3489,-171571142#0,57.75,51.333333333333314
3490,3491,-171571142#1,297.15000000000003,0.0
3492,3493,-171571153,2.5833333333333335,0.4782386072708656
3508,3509,-171571169,37.30681818181819,32.960606060606075
3510,3511,-171571171,430.2375,4011.583333333332
3512,3513,-171571172#2,26.565,20.677777777777777
3518,3519,-171786502#1,13.65,0.0
3520,3521,-171786505,14.175,0.5
3522,3523,-172488500#0,70.77000000000001,2012.8285714285714
3524,3525,-172488501,22.575,0.5
3528,3529,-172493318#1,9.450000000000001,0.0
3530,3531,-172493318#2,13.65,0.0
3536,3537,-172493328,22.05,50.0
3538,3539,-172497282#0,86.48181818181818,11143.054545454546
3540,3541,-172497282#1,165.9,7437.0
3542,3543,-172497282#2,32.550000000000004,547.0
3544,3545,-172497282#3,2.1,0.0
3546,3547,-172497282#4,15.540000000000001,9.200000000000001
3548,3549,-172497282#5,10.850000000000001,3.75
3550,3551,-172497283,9.450000000000001,0.0
3552,3553,-172497285,2.625,0.5
3556,3557,-172497291#0,4.2,0.0
3558,3559,-172497291#1,213.50000000000003,29532.333333333332
3560,3561,-172497293#0,114.45,19406.0
3566,3567,-172497295#0,5.25,0.0
3568,3569,-172497295#1,163.8,46208.0
3570,3571,-172499291#0,1.05,0.0
3572,3573,-172499291#1,9.450000000000001,0.0
3574,3575,-172499291#2,11.9,0.3333333333333335
3578,3579,-172506028,2.1,0.0
3580,3581,-172516631#1,389.02500000000003,109805.9
3584,3585,-172519434#0,35.875,2116.9666666666667
3586,3587,-172519434#2,10.5,0.0
3588,3589,-172522281#1,10.033333333333333,141.3202614379085
3590,3591,-172522281#2,10.5,0.0
3592,3593,-172522281#3,10.5,1.9999999999999998
3596,3597,-172523714#0,1.05,0.0
3598,3599,-172523714#1,33.6,0.0
3600,3601,-172699110,2.1,0.0
3602,3603,-172699111#0,3.6750000000000003,0.5
3606,3607,-172699112#0,3.1500000000000004,0.0
3608,3609,-172699112#1,10.350000000000001,5.142857142857143
3610,3611,-172699112#2,19.32,2.8000000000000003
3614,3615,-172701604#0,8.4,0.0
3616,3617,-172701604#1,11.2875,0.9166666666666666
3618,3619,-173151861,11.55,0.0
3622,3623,-173151868,2.275,0.16666666666666669
3624,3625,-173151871#0,42.0,8.0
3626,3627,-173151871#1,3.1500000000000004,1.0
3628,3629,-173151871#2,3.6750000000000003,1.6666666666666667
3634,3635,-173152763#0,6.9,1.2857142857142856
3636,3637,-173152763#1,19.95,4.8000000000000025
3638,3639,-173152763#2,8.925,1.6666666666666667
3642,3643,-173152765#1,5.682352941176471,27.007352941176475
3644,3645,-173152765#2,1.7181818181818183,0.8545454545454547
3648,3649,-173152768#1,8.4,90.5
3650,3651,-173152768#2,92.4,0.0
3654,3655,-173152768#4,12.600000000000001,0.0
3656,3657,-173152776#0,6.300000000000001,0.0
3664,3665,-173166289#1,17.85,0.0
3666,3667,-173166289#2,4.2,0.0
3672,3673,-173166291#2,35.7,0.0
3674,3675,-173166313,4.3500000000000005,1.4761904761904763
3676,3677,-173166315,1.47,0.3
3678,3679,-173166317,3.7625,0.9924242424242425
3680,3681,-173166320,2.45,0.33333333333333337
3682,3683,-173166321#0,5.775,0.5
3684,3685,-173166321#1,2.746153846153846,0.5897435897435899
3686,3687,-173166321#2,8.877272727272729,5.872727272727273
3688,3689,-173166321#3,3.975,7.4120879120879115
3690,3691,-173166321#4,2.52,1.2999999999999998
3692,3693,-173166321#5,1.5750000000000002,1.0
3694,3695,-173166321#6,54.449999999999996,25.809523809523807
3698,3699,-173167518,5.075,0.16666666666666666
3700,3701,-173167521#0,12.600000000000001,0.0
3702,3703,-173167521#1,14.700000000000001,0.0
3708,3709,-173167522#2,16.0125,6.916666666666667
3712,3713,-173167525#0,5.95,0.3333333333333335
3716,3717,-173167526#0,13.125,0.5
3718,3719,-173167526#1,4.2,0.0
3724,3725,-173169611#1,95.6375,4459.089357429719
3726,3727,-173169611#2,25.928571428571427,1024.050170068027
3728,3729,-173169611#3,4.615625,0.41445035460992896
3730,3731,-173169611#4,16.121875,3.0846631205673765
3732,3733,-173169611#5,3.2224137931034487,1.137931034482759
3734,3735,-173169612,5.11875,0.65
3736,3737,-173177776#0,21.525000000000002,4.5
3738,3739,-173177776#1,4.2,0.0
3748,3749,-173177790#0,10.709999999999999,3.2
3750,3751,-173177790#1,18.3,6.285714285714287
3752,3753,-173177790#2,23.55,13.619047619047626
3754,3755,-173177791#0,1.8375000000000001,0.25
3756,3757,-173177791#1,10.5,1.0
3758,3759,-173177791#2,1.7500000000000002,0.3333333333333333
3764,3765,-173177794#2,5.25,0.8
3776,3777,-173180359,15.75,0.0
3778,3779,-173180360,22.575,1.6666666666666667
3780,3781,-173180361#0,2.1,0.0
3782,3783,-173180361#1,3.1500000000000004,0.0
3786,3787,-173180362#0,3.1500000000000004,0.0
3790,3791,-173180362#2,5.075,3.766666666666667
3794,3795,-173180363#0,4.2,0.0
3796,3797,-173180363#1,14.175,4.5
3802,3803,-173182788,3.9375,0.9166666666666665
3806,3807,-173182790,3.8769230769230774,1.8974358974358971
3810,3811,-173182792#0,4.2,0.0
3814,3815,-173182793,3.1500000000000004,0.0
3816,3817,-173182794#0,3.1500000000000004,0.0
3818,3819,-173182794#1,12.600000000000001,0.0
3820,3821,-173182795#1,19.95,0.0
3822,3823,-173182795#2,6.300000000000001,0.0
3834,3835,-173182798#2,3.1500000000000004,0.0
3838,3839,-173184401#1,3.1500000000000004,0.0
3840,3841,-173184403#0,13.125,0.5
3842,3843,-173184403#1,8.4,0.0
3846,3847,-173184404#1,2.1,0.6666666666666666
3848,3849,-173184404#2,6.825,1.6666666666666667
3852,3853,-173186697,25.200000000000003,0.0
3854,3855,-173201770,49.35,0.0
3856,3857,-173201776,3.6750000000000003,0.5
3858,3859,-173201777#0,17.430000000000003,2.3000000000000003
3860,3861,-173201777#1,9.1875,0.9166666666666671
3862,3863,-173201780#0,11.55,0.0
3866,3867,-173203413#0,4.7250000000000005,0.5
3868,3869,-173203413#1,2.1,0.0
3870,3871,-173203413#2,2.8,0.33333333333333326
3872,3873,-173203413#3,2.1,0.0
3874,3875,-173203413#4,4.2,1.0
3876,3877,-173203413#5,5.95,2.333333333333334
3878,3879,-173203413#7,4.2,0.0
3890,3891,-173203445,8.4,0.0
3892,3893,-173658909,17.85,0.0
3894,3895,-174324279#0,14.175,0.5
3896,3897,-174324279#1,10.5,0.0
3902,3903,-174597970#0,1.9764705882352942,2.6102941176470598
3904,3905,-174597970#1,12.847058823529412,7.4411764705882355
3906,3907,-174597970#2,8.54,0.4095238095238095
3908,3909,-174597970#3,9.1875,0.6
3910,3911,-174597970#4,3.553846153846154,0.25641025641025633
3912,3913,-174597970#5,7.592307692307693,1.8589743589743588
3914,3915,-174597970#6,4.620000000000001,0.48888888888888893
3916,3917,-174597970#7,19.5125,8.446969696969695
3918,3919,-174609517#0,6.421153846153846,1.1236802413273006
3920,3921,-174609517#1,0.6537735849056604,0.7779390420899855
3922,3923,-174609517#3,7.525,1428.707547169811
3924,3925,-174609517#4,44.04056603773585,8194.36211901306
3926,3927,-174609519,4.2,2.0
3936,3937,-174645622#2,6.300000000000001,0.0
3938,3939,-174645622#3,32.550000000000004,0.0
3942,3943,-174645623#0,31.675000000000004,119.36666666666667
3948,3949,-174645627#0,36.35625,19.125000000000007
3956,3957,-174645627#4,16.275000000000002,4.5
3962,3963,-175723854#0,1.05,0.0
3964,3965,-175723854#1,13.65,0.0
3970,3971,-175761127#0,16.35,9.619047619047619
3972,3973,-175761127#1,11.76,4.2
3974,3975,-175761127#11,5.25,0.0
3980,3981,-175761127#2,13.125,0.5
3982,3983,-175761127#3,2.625,0.3
3984,3985,-175761127#4,3.7800000000000002,0.3
3986,3987,-175761127#5,4.025,0.16666666666666669
3996,3997,-175761134#1,7.3500000000000005,0.0
3998,3999,-175761134#2,12.075000000000001,12.5
4000,4001,-175761134#3,9.450000000000001,8.0
4002,4003,-175761134#4,15.75,0.0
4004,4005,-175761134#5,13.65,0.0
4006,4007,-175761134#6,33.6,0.0
4012,4013,-175761138#0,1.5750000000000002,0.5
4018,4019,-175761138#3,3.1500000000000004,0.0
4024,4025,-175761139#0,2.625,0.5
4026,4027,-175761139#1,4.7250000000000005,0.3333333333333335
4028,4029,-175761142#0,1.7500000000000002,0.3333333333333333
4030,4031,-175761142#1,4.55,0.33333333333333326
4032,4033,-175761142#2,10.5,4.0
4034,4035,-175761142#3,2.8,0.5000000000000001
4040,4041,-175770991,18.900000000000002,2.0
4050,4051,-176364758,7.3500000000000005,0.0
4060,4061,-176364763#0,42.57272727272728,16.67272727272728
4080,4081,-178402484,15.75,0.0
4082,4083,-179330001,6.052941176470588,0.6702317290552583
4084,4085,-179330003,3.33,0.14621848739495802
4090,4091,-181221350#1,2.1,0.0
4092,4093,-181223451#0,37.800000000000004,0.0
4094,4095,-181223451#1,54.6,0.0
4096,4097,-182424335,11.55,3.999999999999999
4098,4099,-182753513#0,3.1500000000000004,0.0
4100,4101,-182753513#1,3.1500000000000004,0.0
4104,4105,-182929773,5.483333333333333,0.44444444444444436
4106,4107,-183036524#1,15.75,0.0
4108,4109,-183036524#2,4.2,0.0
4116,4117,-18809672#1,16.543333333333337,442.18888888888887
4118,4119,-18809672#2,21.37333333333333,346.0979797979798
4120,4121,-18809672#3,2.5900000000000003,0.5272727272727273
4122,4123,-18809672#5,6.54,2.0050420168067227
4124,4125,-18809672#7,8.6625,1.0092592592592597
4126,4127,-18809672#8,7.972222222222222,1.096866096866097
4128,4129,-18809673#1,34.76666666666667,51.71785268414483
4130,4131,-18809673#10,3.0788135593220343,0.616014026884863
4132,4133,-18809673#11,0.9163636363636364,0.15016835016835015
4134,4135,-18809673#12,1.6990909090909092,0.46262626262626255
4136,4137,-18809673#13,5.891666666666667,0.9213836477987419
4138,4139,-18809673#14,2.705769230769231,0.3665158371040724
4140,4141,-18809673#15,17.129411764705882,4.499607843137254
4142,4143,-18809673#16,2.697058823529412,0.3701960784313726
4144,4145,-18809673#3,5.775,0.8595505617977527
4146,4147,-18809673#4,3.6261627906976743,0.5566347469220247
4148,4149,-18809673#5,2.0403409090909093,4.192136886102404
4150,4151,-18809673#6,2.65,1.2644865174985653
4152,4153,-18809673#7,3.0639344262295083,0.3431693989071037
4154,4155,-18809673#8,2.5991803278688526,0.3868852459016391
4156,4157,-18809673#9,2.936440677966102,0.3372296902396259
4158,4159,-18813598#1,11.9587786259542,69.60880798590719
4160,4161,-18813598#2,7.462213740458016,4.357721667645332
4162,4163,-18813598#3,2.452671755725191,0.2555490311215503
4164,4165,-18813598#4,2.749236641221374,0.2685848502642395
4166,4167,-18813598#5,2.6770992366412214,0.2955960070463885
4168,4169,-18813598#6,5.169847328244275,0.44028185554903126
4170,4171,-18813598#7,10.915298507462687,1.1431376949837262
4172,4173,-18813598#8,15.514925373134329,1.96453821119964
4174,4175,-18813598#9,11.148529411764706,0.9909726266744322
4176,4177,-188625811,4.2,0.0
4182,4183,-188625813#1,9.450000000000001,0.0
4184,4185,-188627193#0,2.8,0.33333333333333337
4186,4187,-188627193#1,18.2,2.333333333333332
4188,4189,-188627193#2,12.075000000000001,0.5
4190,4191,-188722978#0,21.35,6.333333333333331
4192,4193,-188722978#1,25.200000000000003,0.0
4204,4205,-188740078#0,4.2,0.0
4208,4209,-188740080#1,46.05,861.1428571428572
4212,4213,-188740084#3,17.15,2.333333333333332
4214,4215,-188740084#4,2.45,0.33333333333333337
4216,4217,-18909061#1,28.93947368421053,553.6077694235588
4218,4219,-18909063#1,7.497368421052633,52.015664160400995
4220,4221,-18909063#2,5.176315789473684,10.566416040100249
4222,4223,-189226234,9.240000000000002,0.6999999999999998
4226,4227,-189226235#1,5.3812500000000005,2.125
4228,4229,-189226235#2,5.775,0.28571428571428553
4230,4231,-189226238,6.300000000000001,0.0
4232,4233,-189256319,29.400000000000002,2.0
4238,4239,-190281932,16.845652173913045,3.6903965599617794
4240,4241,-190281933,4.097282608695652,0.46285236502627797
4242,4243,-190281935#1,14.123239436619718,63.251106639839016
4244,4245,-190281937#1,0.24230769230769234,0.17923823749066467
4246,4247,-192768909#1,52.59545454545455,1185.490909090909
4248,4249,-192768914,12.971341463414635,1.5647395362842513
4268,4269,-192768919#4,2.275,0.16666666666666666
4270,4271,-192768919#5,3.2454545454545456,0.49090909090909085
4272,4273,-192768919#6,3.3833333333333337,0.4444444444444443
4274,4275,-192768919#7,3.3833333333333337,0.19444444444444442
4276,4277,-192768919#8,4.7250000000000005,0.2777777777777775
4284,4285,-192768926,9.135,0.9000000000000004
4298,4299,-192768995#1,2.9166666666666665,1.4444444444444444
4300,4301,-192769003#0,2.1,0.0
4302,4303,-192769003#1,9.975,0.5
4304,4305,-192769003#2,5.0590909090909095,1.7636363636363637
4306,4307,-192769008,3.033333333333333,0.11111111111111116
4308,4309,-192769009#0,5.6,4.96969696969697
4310,4311,-192769015,2.8350000000000004,1.1222222222222222
4314,4315,-192771013,75.403125,132.9625
4330,4331,-192994888#4,10.5,0.0
4336,4337,-192994902#0,2.4705882352941178,0.3676470588235296
4338,4339,-192994902#1,5.775,6.347826086956523
4340,4341,-192994902#2,8.00625,2.2445652173913038
4352,4353,-192994907#0,2.45,0.23529411764705865
4354,4355,-192994907#1,7.525,0.9705882352941176
4356,4357,-192994907#2,14.700000000000001,6.5
4358,4359,-192994907#3,10.920000000000002,1.3000000000000003
4360,4361,-192994907#4,2.52,0.3
4362,4363,-192994908#0,17.85,2.5
4364,4365,-192994908#1,7.800000000000001,0.9523809523809522
4370,4371,-193382571,2.1,0.0
4372,4373,-193382573#0,14.175,1.666666666666666
4374,4375,-193382573#1,6.109090909090909,0.16363636363636394
4376,4377,-193384412#0,25.025,7.766666666666671
4378,4379,-193384412#1,17.85,8.0
4380,4381,-193384415,19.95,0.0
4382,4383,-193384418,36.96000000000001,12.200000000000006
4388,4389,-193386905,3.3600000000000003,0.6222222222222222
4398,4399,-193388832,4.2,0.0
4402,4403,-193806654,26.801063829787235,9.85116514690983
4408,4409,-193838917#0,3.1500000000000004,3.0
4416,4417,-193838918#2,4.2,0.0
4418,4419,-194116091,10.5,1.0
4420,4421,-194116093,2.625,0.5
4428,4429,-194116103,15.75,0.0
4432,4433,-194116108,11.55,0.0
4436,4437,-194116112,6.300000000000001,0.0
4438,4439,-194116114,13.65,0.0
4448,4449,-194116124#0,4.9875,0.25000000000000006
4450,4451,-194116124#1,4.7250000000000005,0.3333333333333333
4452,4453,-194116124#2,4.7250000000000005,0.3333333333333333
4454,4455,-194116124#3,3.1500000000000004,0.6666666666666666
4456,4457,-194116124#4,1.05,0.0
4458,4459,-194116141#0,65.10000000000001,0.0
4460,4461,-194116141#1,1.05,0.0
4462,4463,-194116146,69.825,0.5
4464,4465,-194119645,3.1500000000000004,0.0
4466,4467,-194119647,7.000000000000001,5.066666666666666
4470,4471,-194119651,2.8,0.33333333333333326
4472,4473,-194119652,20.1,4.901098901098904
4478,4479,-194119654#2,15.120000000000001,4.299999999999999
4482,4483,-194134001#0,9.450000000000001,18.0
4484,4485,-194134001#2,4.2,0.0
4486,4487,-194134004#0,9.831818181818182,2.6545454545454543
4488,4489,-194134004#1,7.500000000000001,0.8095238095238093
4490,4491,-194377108#1,14.346428571428572,2.205028403113824
4492,4493,-194377108#1.168,4.656060606060606,0.9012574726860442
4494,4495,-195073412#0,2.3321052631578945,0.3770200148257967
4496,4497,-195073412#1,3.461406844106464,0.2933851914201957
4498,4499,-195073416,12.11318181818182,5.737197664720599
4502,4503,-195966643#1,3.1500000000000004,0.0
4506,4507,-195966645#3,5.25,0.0
4508,4509,-195966645#4,6.825,0.5
4514,4515,-195966646#2,3.4125,0.25000000000000006
4516,4517,-195966647#0,9.8,1.333333333333333
4520,4521,-195966647#2,5.25,0.0
4524,4525,-195966648#1,1.05,0.0
4526,4527,-195966648#2,3.1500000000000004,0.0
4528,4529,-195966649#0,12.600000000000001,1.142857142857143
4530,4531,-195966649#1,10.616666666666667,1.111111111111112
4532,4533,-195966649#2,18.375,1.9999999999999996
4534,4535,-195977239,10.850000000000001,0.3333333333333335
4538,4539,-196021038,12.600000000000001,0.0
4540,4541,-196172701,32.550000000000004,1.0
4542,4543,-196172703,5.95,3.866666666666667
4544,4545,-196176498#1,9.450000000000001,0.0
4546,4547,-196873454,1.05,0.0
4548,4549,-198836594,8.750000000000002,0.3333333333333335
4550,4551,-198836595,9.975,0.5
4556,4557,-198836601,93.45,0.0
4558,4559,-198836602,5.25,0.0
4560,4561,-198836603,9.927272727272728,2.872727272727272
4562,4563,-198836605,4.7250000000000005,0.5
4564,4565,-198836608,7.3500000000000005,8.0
4566,4567,-198836609#1,140.70000000000002,32258.0
4570,4571,-198836611#0,3.3600000000000003,3.2
4572,4573,-198836611#1,7.875,0.3333333333333333
4578,4579,-198836614#1,3.9375,0.20454545454545447
4580,4581,-198836614#2,2.8875,0.5681818181818182
4582,4583,-198836614#3,7.3500000000000005,2.6666666666666674
4584,4585,-198836615#1,3.0545454545454547,0.09090909090909098
4586,4587,-198836615#2,43.50000000000001,5592.952380952382
4588,4589,-198836615#3,16.0125,2.4999999999999996
4590,4591,-199227645#0,5.88,9.3
4592,4593,-199227645#1,5.25,0.6666666666666666
4594,4595,-199227645#2,2.3625000000000003,0.25000000000000006
4598,4599,-199797251#0,9.450000000000001,0.0
4618,4619,-200741048,16.8,450.0
4620,4621,-200741145#0,4.95,13.57142857142857
4622,4623,-200741145#2,4.9,4.095238095238096
4624,4625,-200741145#3,4.119230769230769,0.576923076923077
4626,4627,-200741145#4,3.54375,0.5166666666666664
4628,4629,-200741145#5,4.134375,0.4625
4630,4631,-200741145#6,3.9529411764705884,0.19117647058823525
4632,4633,-200741145#7,4.357500000000001,5.713157894736841
4634,4635,-200741145#8,3.325,0.4057971014492754
4636,4637,-200741145#9,5.25,43.5
4638,4639,-200741156,46.67727272727273,2170.2727272727275
4642,4643,-200741159,14.700000000000001,0.0
4644,4645,-200741161,14.28,75.3
4646,4647,-200741163,3.1500000000000004,0.0
4648,4649,-200741168#0,5.25,0.0
4650,4651,-200741168#1,8.4,0.0
4652,4653,-200741170#0,8.4,1.0
4654,4655,-200741170#1,8.4,2.0
4656,4657,-200741172,6.300000000000001,8.0
4658,4659,-200741176,17.15,14.333333333333336
4664,4665,-200741177#2,5.25,0.0
4668,4669,-200741179#0,27.3,0.0
4670,4671,-200741179#1,3.6750000000000003,0.5
4672,4673,-200741179#2,4.55,0.33333333333333326
4674,4675,-200741183#0,29.82,1161.3
4676,4677,-200741183#1,3.57,0.8
4678,4679,-200741183#2,2.8875,0.24999999999999997
4680,4681,-200741183#3,4.9,0.33333333333333326
4682,4683,-200741183#4,3.5000000000000004,0.33333333333333337
4684,4685,-200741183#5,8.4,0.0
4686,4687,-200741188,35.35,2643.176470588235
4688,4689,-200742227#0,14.175,1.1000000000000005
4690,4691,-200742227#1,3.85,0.2666666666666666
4696,4697,-200742227#12,4.2,0.0
4698,4699,-200742227#13,3.1500000000000004,0.0
4700,4701,-200742227#14,7.3500000000000005,0.0
4702,4703,-200742227#15,6.300000000000001,0.0
4704,4705,-200742227#16,3.1500000000000004,0.0
4706,4707,-200742227#17,1.05,0.0
4708,4709,-200742227#18,10.5,0.0
4710,4711,-200742227#2,3.5000000000000004,0.26666666666666666
4712,4713,-200742227#28,5.25,0.0
4714,4715,-200742227#29,2.1,0.0
4716,4717,-200742227#3,3.1500000000000004,0.0
4718,4719,-200742227#30,2.1,0.0
4720,4721,-200742227#31,7.3500000000000005,0.0
4724,4725,-200742227#4,7.245000000000001,0.5444444444444443
4726,4727,-200742227#5,2.1,0.22222222222222238
4728,4729,-200742227#6,7.159090909090909,0.5636363636363636
4736,4737,-200743816#0,14.700000000000001,0.0
4742,4743,-200743816#3,3.1500000000000004,0.0
4752,4753,-200743817#0,3.1500000000000004,0.0
4758,4759,-200743817#3,2.1,0.0
4768,4769,-200743817#8,9.450000000000001,0.0
4776,4777,-200743818#3,2.1,0.0
4780,4781,-200743818#5,1.7500000000000002,1.3333333333333335
4782,4783,-200743818#6,3.5000000000000004,0.33333333333333337
4784,4785,-200743818#7,3.4125,0.24999999999999997
4786,4787,-200743818#8,2.55,1.9523809523809519
4788,4789,-200743818#9,4.2,0.9999999999999999
4790,4791,-200743819,4.2,2.0
4792,4793,-200743820,6.825,0.5
4812,4813,-200743830,17.325,3.42857142857143
4824,4825,-200743836,6.300000000000001,0.0
4826,4827,-200743837,6.300000000000001,0.0
4836,4837,-200743841#1,3.1500000000000004,0.0
4838,4839,-200743841#2,2.1,0.0
4840,4841,-200743843#0,2.1,0.0
4846,4847,-200743844#0,5.55,0.23809523809523805
4848,4849,-200743844#1,28.05,6.571428571428569
4850,4851,-200908887,7.511538461538462,0.47435897435897445
4852,4853,-200908888#1,8.325000000000001,9.60989010989011
4868,4869,-200908916#0,2.1,0.0
4870,4871,-200908916#1,1.5750000000000002,0.5
4872,4873,-200908916#2,7.3500000000000005,0.0
4874,4875,-200908916#3,1.05,0.0
4876,4877,-200908916#4,1.5750000000000002,0.5
4878,4879,-200908917,22.05,0.0
4880,4881,-200912350#2,4.9,0.3333333333333335
4884,4885,-200949176#0,5.961182108626199,4.892336364381092
4890,4891,-200949408#0,17.85,0.0
4892,4893,-200949408#1,3.1500000000000004,0.0
4894,4895,-200949414#1,23.1,110.66666666666667
4898,4899,-200949419,15.75,0.0
4900,4901,-200949421#0,1.05,0.0
4902,4903,-200949421#1,8.4,9.6
4904,4905,-200949423,3.1500000000000004,0.0
4916,4917,-201078448#0,3.1500000000000004,0.6666666666666666
4918,4919,-201078448#1,5.25,0.0
4922,4923,-201089420#0,2.0676923076923077,0.20059630292188432
4924,4925,-201089420#1,5.532692307692308,0.6633870005963028
4926,4927,-201089423#1,21.69519230769231,373.3372914963826
4928,4929,-201089423#2,12.734468664850136,412.7458495257664
4932,4933,-201151937#1,22.575,4.5
4934,4935,-201201935#1,3.195652173913044,0.4071146245059289
4936,4937,-201201935#2,3.241304347826087,0.26482213438735186
4938,4939,-201201935#3,2.6934782608695653,0.2569169960474308
4940,4941,-201201935#4,3.743478260869565,0.25691699604743085
4942,4943,-201201935#5,2.830434782608696,0.3122529644268776
4944,4945,-201201935#6,6.300000000000001,0.5454545454545454
4946,4947,-201201935#7,6.802173913043479,0.7154150197628458
4948,4949,-201201936#0,3.4363636363636365,20.81818181818182
4950,4951,-201201936#10,3.0,0.2857142857142857
4952,4953,-201201936#11,3.6750000000000003,0.38235294117647056
4954,4955,-201201936#12,4.316666666666666,0.3398692810457517
4956,4957,-201201936#2,3.4363636363636365,1.4181818181818182
4958,4959,-201201936#3,3.531818181818182,0.4545454545454545
4960,4961,-201201936#4,2.8636363636363638,0.41818181818181827
4962,4963,-201201936#5,2.481818181818182,0.2545454545454545
4964,4965,-201201936#6,0.6681818181818182,0.2545454545454545
4966,4967,-201201936#7,3.3600000000000003,0.1777777777777778
4968,4969,-201201936#8,2.94,0.17777777777777773
4970,4971,-201201936#9,3.3923076923076927,0.5256410256410257
4972,4973,-201201940#0,13.83529411764706,8.65441176470588
4974,4975,-201201940#3,12.414705882352942,1.279411764705882
4976,4977,-201201945#1,47.30874125874126,1283.701073574313
4978,4979,-201201945#1.91,84.41275862068966,949.0457854406127
4980,4981,-201201945#10,2.583984375,4.5653912401574805
4982,4983,-201201945#11,12.394921875,15.717458169291335
4984,4985,-201201945#2,5.457042253521127,131.77644590949959
4986,4987,-201201945#3,39.628057553956836,1497.019393181107
4988,4989,-201201945#4,4.446590909090909,60.11999768679158
4990,4991,-201201945#5,4.0156488549618325,1.8997064004697595
4992,4993,-201201945#7,5.575581395348837,0.5593507751937986
4994,4995,-201201945#8,4.421484375,1.632320374015748
4996,4997,-201201945#9,3.158203125,11.110174704724411
4998,4999,-201238718#0,17.29662162162162,4.1430951499444655
5000,5001,-201238718#1,10.46012658227848,54.165206101914954
5002,5003,-201238724#0,19.775,4.966666666666667
5004,5005,-201238724#1,13.912500000000001,0.24999999999999986
5006,5007,-201238725#1,20.95701754385965,131.41596147230825
5008,5009,-201238725#2,4.59971590909091,1.2771103896103893
5010,5011,-201238725#3,7.2227272727272736,0.9192431933548686
5012,5013,-201238725#4,0.7785365853658537,0.22204686752749886
5014,5015,-201238725#5,7.205882352941177,0.4638269100743745
5016,5017,-201238726#0,7.25948275862069,14.255595886267386
5018,5019,-201238726#1,11.435454545454546,26.061952861952864
5022,5023,-201243226#1,7.147826086956522,66.13144409937887
5024,5025,-201243226#2,19.343478260869567,272.0704968944098
5026,5027,-201243230#1,12.645,76.46226930963769
5028,5029,-201278209#0,3.4621621621621625,0.43693693693693697
5030,5031,-201278209#2,5.04,0.7
5032,5033,-201278210#0,4.083333333333333,1.8611111111111112
5034,5035,-201278210#1,5.822727272727273,0.47272727272727283
5036,5037,-201278210#10,6.288947368421053,6.244568868980964
5038,5039,-201278210#2,8.54,0.8380952380952381
5040,5041,-201278210#3,4.4625,0.7333333333333333
5042,5043,-201278210#4,4.361538461538462,0.30769230769230776
5044,5045,-201278210#5,18.49615384615385,1.9230769230769234
5046,5047,-201278210#6,4.27,0.20952380952380947
5048,5049,-201278210#7,8.750000000000002,1.5238095238095224
5050,5051,-201278210#8,3.6142105263157895,4.930123180291155
5052,5053,-201278210#9,1.2931578947368423,0.17984322508398656
5054,5055,-201278214#0,4.825961538461538,28.512448903753267
5056,5057,-201286890#0,22.622727272727275,5.236363636363629
5058,5059,-201286890#1,5.435294117647059,0.5355575065847232
5060,5061,-201286890#10,10.734868421052632,1.002631578947369
5062,5063,-201286890#11,2.3210526315789477,0.19508771929824562
5064,5065,-201286890#12,4.573026315789474,14.312105263157894
5066,5067,-201286890#3,14.808088235294118,2.4220807726075537
5068,5069,-201286890#4,11.625,1.1977225672877834
5070,5071,-201286890#5,20.700000000000003,4.322981366459627
5072,5073,-201286890#6,10.545652173913043,0.983375959079285
5074,5075,-201286890#7,14.622794117647059,1.770632133450396
5076,5077,-201286890#8,8.88,0.6865424430641818
5078,5079,-201286890#9,11.84013157894737,1.4026315789473678
5080,5081,-201286892#0,1.6800000000000002,0.7999999999999999
5082,5083,-201286892#1,16.59,1.2000000000000006
5084,5085,-201400751#0,25.610869565217392,12.15810276679841
5086,5087,-201400755#0,3.1500000000000004,14.000000000000002
5088,5089,-201400755#1,5.653846153846154,26.42307692307692
5090,5091,-201400755#2,6.946153846153846,32.256410256410255
5092,5093,-201400763#0,10.5,0.0
5094,5095,-201400763#1,5.25,0.0
5096,5097,-201400763#2,2.1,0.0
5098,5099,-201400763#3,9.450000000000001,0.0
5100,5101,-201400763#4,7.3500000000000005,0.0
5102,5103,-201414945#0,3.22,0.35238095238095246
5104,5105,-201414945#1,4.340000000000001,0.26666666666666666
5106,5107,-201414945#2,5.95,0.5238095238095238
5108,5109,-201444272#0,18.5325,1139.0449152542374
5110,5111,-201444272#1,9.594827586206897,144.83743842364532
5112,5113,-201444272#2,5.297727272727274,0.712121212121212
5114,5115,-201444272#3,7.308,1.4566666666666663
5116,5117,-201775636,9.450000000000001,0.0
5122,5123,-201775640#0,6.825,24.5
5124,5125,-201775640#1,1.5750000000000002,0.5
5126,5127,-201775641#0,6.825,0.5
5128,5129,-201775641#1,6.300000000000001,2.0
5132,5133,-201775645#1,6.300000000000001,0.0
5136,5137,-201789794#1,33.093283582089555,964.870945273632
5138,5139,-201789794#2,27.669059405940594,928.1594256440576
5140,5141,-201789794#3,33.79137931034482,960.8230502853235
5142,5143,-201789796,5.231024096385542,4.139065352318363
5144,5145,-201789797#0,24.675,264.5
5146,5147,-201789797#1,10.5,0.0
5148,5149,-201789798#0,2.296875,0.20935314685314682
5150,5151,-201789798#1,3.8968309859154933,0.2919288782339428
5152,5153,-201789799#0,2.217233009708738,11.865522140658314
5154,5155,-201789799#1,6.300000000000001,31.55121951219512
5156,5157,-201789799#2,4.210294117647059,0.8668984835313439
5158,5159,-201828014#0,1.823684210526316,0.19914651493598864
5160,5161,-201828014#1,0.5653846153846154,0.2550607287449393
5162,5163,-201828014#2,5.734615384615385,0.46558704453441296
5164,5165,-201828014#3,7.95375,0.8147435897435896
5166,5167,-201828014#4,7.69125,0.8403846153846154
5168,5169,-201880159#0,6.6054545454545455,32.76851441241687
5170,5171,-201880159#1,6.4159509202453995,0.6420510490040146
5172,5173,-201880159#2,2.0291411042944785,0.2238127698250398
5174,5175,-201880159#3,5.452173913043478,1.2439440993788817
5176,5177,-201894096#0,2.2185483870967744,0.265732416710735
5178,5179,-201894096#1,3.4887096774193553,0.7466948704389214
5180,5181,-201894096#2,1.117741935483871,0.5203595980962453
5182,5183,-201894096#3,2.3135593220338984,1.164815897136177
5184,5185,-201894096#4,7.585074626865673,1.1763907734056993
5186,5187,-201894096#5,3.8395522388059704,0.5015829941203073
5188,5189,-201894096#7,10.878,2.855135135135135
5190,5191,-201894096#8,14.246296296296297,2.7734567901234555
5198,5199,-201894100#2,2.8,0.33333333333333337
5200,5201,-201894102,3.1500000000000004,0.0
5202,5203,-201926265#0,16.8,5.6923076923076925
5204,5205,-201926265#1,2.52,0.47088607594936704
5206,5207,-201926265#2,8.643157894736841,4.222396416573352
5208,5209,-201926265#4,8.05,1.3809523809523812
5210,5211,-201926265#5,6.65921052631579,0.7176386913229019
5212,5213,-201926265#6,2.0723684210526314,0.2965860597439545
5214,5215,-201926267#1,39.50714285714286,612.0713819774485
5216,5217,-201926267#3,1.9986206896551726,0.6156130268199234
5218,5219,-201926268#1,12.79475806451613,91.97344610542879
5220,5221,-201926269#0,5.607446808510638,0.5337650323774283
5222,5223,-201926269#2,15.635643564356437,48.75801980198021
5224,5225,-201928667,54.6,0.0
5226,5227,-201931240,7.3500000000000005,0.0
5228,5229,-201931241#0,30.975,12.5
5230,5231,-201931241#1,2.1,0.0
5232,5233,-201931241#2,18.900000000000002,0.0
5234,5235,-201931241#3,12.950000000000001,1.333333333333333
5236,5237,-201933877#0,4.37093023255814,18.94905869324474
5238,5239,-201933877#1,9.173684210526316,156.95590327169276
5240,5241,-201933877#2,3.5583333333333336,0.3587301587301587
5242,5243,-201933877#3,2.347058823529412,0.30659536541889476
5244,5245,-201933878#0,4.05,0.5934065934065934
5246,5247,-201933878#1,2.275,0.1515151515151515
5248,5249,-201933878#2,18.900000000000002,8.0
5250,5251,-201933878#3,9.450000000000001,0.0
5252,5253,-201933879#0,8.55,1.6703296703296704
5254,5255,-201933879#1,9.692307692307692,0.8589743589743594
5256,5257,-201933879#2,13.37,2.352380952380952
5258,5259,-201933879#3,4.76,0.40952380952380946
5260,5261,-201933879#4,6.156818181818181,0.5995670995670996
5262,5263,-201933879#5,6.5625,0.3695652173913045
5264,5265,-201933879#6,3.63125,0.3460144927536231
5266,5267,-201933880#0,11.3,339.6904761904762
5268,5269,-201933880#1,3.7058823529411766,0.2647058823529412
5270,5271,-201933880#2,6.176470588235294,0.48529411764705876
5272,5273,-201933880#3,21.21,4.622222222222225
5274,5275,-201933881#0,13.125,2.259259259259259
5276,5277,-201933881#1,4.815517241379311,0.39408866995073893
5278,5279,-201933881#2,8.55,1.142857142857143
5280,5281,-201933881#4,7.466666666666667,0.8611111111111114
5282,5283,-201933881#5,2.8875,0.21428571428571422
5284,5285,-201933881#6,7.050000000000001,0.9890109890109889
5286,5287,-201933881#7,6.2125,0.2651515151515155
5288,5289,-201950247#0,6.300000000000001,0.6666666666666665
5290,5291,-201950247#1,10.2375,0.9166666666666666
5292,5293,-201950247#3,6.300000000000001,0.6666666666666665
5294,5295,-201950247#4,5.6,0.33333333333333326
5296,5297,-201950247#5,5.25,0.0
5298,5299,-201950247#6,3.5000000000000004,0.33333333333333337
5302,5303,-201950247#9,18.900000000000002,2.0
5308,5309,-201950250#2,10.5,0.0
5310,5311,-201950259#0,9.450000000000001,0.0
5312,5313,-201950259#2,2.625,0.5
5314,5315,-201950259#3,10.5,0.0
5316,5317,-201950259#5,6.825,0.5
5318,5319,-201950259#6,9.450000000000001,0.0
5320,5321,-201950263#0,1.3650000000000002,0.21724137931034487
5322,5323,-201950263#1,1.925,0.6954022988505749
5324,5325,-201950263#10,4.534090909090909,0.3225108225108226
5326,5327,-201950263#11,4.1045454545454545,0.2770562770562771
5328,5329,-201950263#12,2.5772727272727276,0.8311688311688309
5330,5331,-201950263#13,3.5175,0.2394736842105264
5332,5333,-201950263#14,12.39,1.1157894736842102
5334,5335,-201950263#2,4.0875,0.24735449735449735
5336,5337,-201950263#3,2.2875,0.3743386243386243
5338,5339,-201950263#4,2.566666666666667,0.25641025641025644
5340,5341,-201950263#5,1.9055555555555557,0.1566951566951567
5342,5343,-201950263#6,2.8,0.23076923076923078
5344,5345,-201950263#7,2.9166666666666665,0.717948717948718
5346,5347,-201950263#9,1.9090909090909092,0.15584415584415584
5348,5349,-201953160#0,9.25909090909091,0.5367965367965364
5350,5351,-201953160#1,8.5,0.5904761904761904
5352,5353,-201953160#3,7.875,1.690476190476191
5354,5355,-201953161#0,3.3000000000000003,0.5285714285714287
5356,5357,-201953161#2,6.0,0.6142857142857144
5358,5359,-201953161#4,3.8000000000000003,0.34761904761904777
5360,5361,-201953161#5,5.75,0.46190476190476193
5362,5363,-201953161#7,8.25,0.828571428571429
5364,5365,-201953161#8,2.65,0.26190476190476186
5366,5367,-201953163#0,9.744,1.4599999999999993
5368,5369,-201953163#2,8.148,1.190000000000001
5370,5371,-201953163#3,4.95,0.5142857142857142
5372,5373,-201953163#4,1.2,0.12857142857142856
5374,5375,-201956812,12.3375,0.9166666666666666
5376,5377,-201956813#0,10.5,0.666666666666667
5378,5379,-201956813#1,3.6750000000000003,0.3333333333333333
5380,5381,-201956813#2,7.875,0.3333333333333335
5382,5383,-201956816#0,3.95,0.2904761904761905
5384,5385,-201956816#1,0.9,0.32857142857142857
5386,5387,-201956816#2,3.7500000000000004,0.35714285714285726
5388,5389,-201956816#3,6.825,0.7380952380952379
5390,5391,-201956816#4,2.4340909090909095,0.22727272727272738
5392,5393,-201956816#5,6.490909090909091,0.5367965367965368
5394,5395,-201956816#6,4.2875,0.34057971014492766
5396,5397,-201963522#0,6.269117647058824,1.9081996434937611
5398,5399,-201963522#1,8.0390625,0.9425403225806446
5400,5401,-201963522#2,7.448437500000001,0.8618951612903225
5402,5403,-201963522#3,7.809375,0.7056451612903231
5404,5405,-201963522#4,7.133823529411765,0.7139037433155075
5406,5407,-201963522#5,4.531578947368422,0.8705547652916076
5408,5409,-201963522#6,3.291891891891892,0.17567567567567577
5410,5411,-201963522#7,3.0081081081081082,0.2867867867867868
5412,5413,-201963522#9,10.338461538461539,4.3441295546558685
5414,5415,-201963533#1,20.86991150442478,46.93135047389643
5416,5417,-201963533#1.188,17.961176470588235,201.61117473538096
5418,5419,-201963533#4,12.596991404011462,156.83045153640953
5420,5421,-201963533#5,7.0392241379310345,25.20609327900892
5422,5423,-201963533#6,1.752991452991453,0.42761090761090736
5424,5425,-202070429#0,18.428740157480316,1521.3234570975062
5426,5427,-202070429#1,53.736570247933884,5422.959997942459
5428,5429,-202070429#11,128.51363636363638,10613.232940087899
5430,5431,-202070429#12,3.644117647058824,7.095721925133691
5432,5433,-202070429#12.49,12.533484162895927,96.95960510078162
5434,5435,-202070429#13,4.498578199052132,4.9282780410742495
5436,5437,-202070429#2,15.595714285714287,1017.0275008363997
5438,5439,-202070429#4,30.21136363636364,3079.281444582815
5440,5441,-202070429#5,55.2686320754717,5239.436175444872
5442,5443,-202070429#8,40.58634146341464,3017.09024390244
5444,5445,-202070435#1,2.9142857142857146,0.552721088435374
5446,5447,-202070435#10,2.290909090909091,0.19873150105708245
5448,5449,-202070435#11,13.65,1.5348837209302322
5450,5451,-202070435#12,8.989024390243902,0.8024390243902438
5452,5453,-202070435#13,4.43625,0.28141025641025635
5454,5455,-202070435#14,9.397499999999999,0.4076923076923075
5456,5457,-202070435#2,9.006666666666666,0.7040404040404041
5458,5459,-202070435#3,0.8166666666666668,0.1767676767676767
5460,5461,-202070435#4,11.503333333333334,1.088888888888889
5462,5463,-202070435#5,6.883333333333334,0.4343434343434346
5464,5465,-202070435#6,1.4233333333333336,0.23434343434343433
5466,5467,-202070435#7,0.7,0.22727272727272718
5468,5469,-202070435#8,6.066666666666666,0.7222222222222221
5470,5471,-202070435#9,3.5000000000000004,0.3181818181818181
5472,5473,-202071401#1,16.8781914893617,281.2309540150996
5474,5475,-202089409,6.691525423728813,0.7315659858032744
5476,5477,-202089410#0,2.1,0.0
5478,5479,-202089410#1,0.525,0.3333333333333333
5480,5481,-202092675,1.0541176470588236,1.6495908599660332
5482,5483,-202164592,1.05,0.0
5496,5497,-202167978,6.023684210526316,0.9824561403508772
5498,5499,-202315053,12.600000000000001,3.0
5504,5505,-202588112#0,11.94375,2.267857142857143
5506,5507,-202588112#1,15.000000000000002,3.904761904761905
5510,5511,-20266187#0,9.7125,0.25
5512,5513,-20266187#1,9.975,0.33333333333333304
5514,5515,-20266187#2,37.800000000000004,0.0
5516,5517,-20266187#3,16.8,0.0
5518,5519,-20266189#0,11.8125,35.150763358778626
5520,5521,-20266189#1,14.900381679389314,4.201761597181449
5522,5523,-20266190#1,28.74610778443114,553.706226102013
5524,5525,-20266190#2,18.306250000000002,265.7561662389506
5526,5527,-20266191,58.5375,150.91666666666666
5528,5529,-20266194#0,9.450000000000001,0.0
5530,5531,-20266194#1,8.4,0.0
5534,5535,-20266194#3,8.4,1.0
5536,5537,-20266194#4,7.3500000000000005,0.0
5538,5539,-20266195#0,6.453125,0.6378546099290782
5540,5541,-20266195#1,6.628125000000001,0.4747340425531914
5542,5543,-20266195#2,4.1571428571428575,0.41496598639455806
5544,5545,-20266195#3,2.1,0.2916666666666668
5546,5547,-20266195#4,7.636363636363637,0.5750528541226215
5548,5549,-20266196#0,18.6375,66.91666666666667
5554,5555,-202857378,6.2125,33.467514124293785
5556,5557,-202952227,4.7250000000000005,0.5
5560,5561,-202952233,56.7,3200.0
5562,5563,-202952234#1,42.57272727272728,1381.8727272727272
5566,5567,-202952239,19.95,4.0
5568,5569,-202952240,43.050000000000004,0.0
5570,5571,-202952242#0,4.2,0.0
5572,5573,-202952242#1,15.75,2.0
5578,5579,-202956898#1,4.2,0.0
5584,5585,-203033961,7.175,1.3666666666666667
5586,5587,-203033964,9.450000000000001,2.0
5588,5589,-203033966,6.300000000000001,0.0
5590,5591,-203033967,9.450000000000001,2.0
5592,5593,-203033975,5.25,0.0
5602,5603,-203033983,28.35,0.0
5604,5605,-203033987#0,16.8,0.0
5606,5607,-203033987#1,6.65,1.333333333333333
5608,5609,-203033987#2,16.45,4.266666666666667
5610,5611,-203127018,20.82906976744186,39.59671682626538
5612,5613,-203127020#0,31.695348837209306,997.9651162790697
5614,5615,-203127020#1,48.58790322580645,1159.8429058484132
5616,5617,-203127020#2,183.4159090909091,17732.292326939125
5618,5619,-203127020#3,57.05309734513274,5120.4930467762315
5620,5621,-203127020#4,14.708898305084746,431.9913805591774
5622,5623,-203127039,5.775,0.5
5624,5625,-203127050,8.575977653631284,300.1065846462871
5626,5627,-203127052,23.053591160220996,2006.1202578268874
5628,5629,-203127053#0,6.300000000000001,0.0
5630,5631,-203127053#1,3.1500000000000004,0.0
5632,5633,-203127053#2,7.3500000000000005,0.0
5634,5635,-203132183,5.483333333333333,10.56272401433692
5636,5637,-203132184#0,1.5750000000000002,0.5
5638,5639,-203132184#1,13.125,0.5
5640,5641,-203132184#2,11.24375,7.7003546099290805
5642,5643,-203132184#3,11.703125000000002,1.3187056737588645
5644,5645,-203132184#4,6.695161290322581,1.041608228143993
5646,5647,-203132184#5,7.298780487804878,0.9976009596161541
5648,5649,-203132184#7,11.720783132530121,5.240051113545089
5650,5651,-203133164,7.3500000000000005,0.0
5654,5655,-203139695,13.65,32.0
5660,5661,-203139701,6.825,4.5
5662,5663,-203139702,53.760000000000005,2630.7
5664,5665,-203139703,11.55,0.0
5666,5667,-203139704,6.300000000000001,0.0
5672,5673,-203139709#1,30.391666666666666,574.8790849673203
5674,5675,-203139713#1,10.5,0.0
5678,5679,-20314044#0,14.07,0.7999999999999999
5680,5681,-20314044#1,5.670000000000001,0.30000000000000004
5682,5683,-20314044#2,18.06,0.6999999999999997
5692,5693,-203253183,21.0,2.0
5694,5695,-203575316,20.3,5.333333333333332
5696,5697,-203621102,2.625,0.5
5706,5707,-203912074,6.300000000000001,0.0
5710,5711,-203912080#0,7.7,0.33333333333333326
5712,5713,-203912080#1,7.7,0.33333333333333326
5716,5717,-203925326#1,8.137500000000001,0.25
5718,5719,-203925327,7.3500000000000005,0.0
5720,5721,-203925328#1,5.25,1.6666666666666667
5722,5723,-203971377#0,12.144339622641509,1.6575022461814912
5724,5725,-203971377#1,7.340186915887851,0.7451948509962968
5726,5727,-203971378#0,7.3500000000000005,1.0
5728,5729,-203971380,4.82013422818792,25.29747868674043
5730,5731,-203976003#0,5.1625000000000005,0.2651515151515152
5732,5733,-203976003#1,11.55,1.3999999999999995
5734,5735,-203976003#10,12.075000000000001,2.5714285714285707
5736,5737,-203976003#11,16.66875,4.982142857142856
5738,5739,-203976003#12,19.53,5.377777777777776
5740,5741,-203976003#13,4.83,1.155555555555556
5742,5743,-203976003#14,2.1,0.0
5744,5745,-203976003#2,8.590909090909092,1.363636363636363
5746,5747,-203976003#3,5.1625000000000005,0.4469696969696971
5748,5749,-203976003#4,11.931818181818182,1.8545454545454543
5750,5751,-203976003#5,6.109090909090909,0.3636363636363637
5752,5753,-203976003#6,8.686363636363637,1.2181818181818176
5754,5755,-203976003#7,15.463636363636363,3.018181818181818
5756,5757,-203976003#8,12.39,1.5111111111111108
5758,5759,-203976003#9,5.3549999999999995,0.7666666666666666
5764,5765,-203986892,4.2,2.8
5766,5767,-203986894,9.975,0.5
5768,5769,-203986896,1.6500000000000001,0.28571428571428575
5770,5771,-204005176,6.300000000000001,0.0
5774,5775,-20405617#0,9.450000000000001,0.0
5776,5777,-20405617#1,13.65,0.0
5778,5779,-20405617#3,9.450000000000001,0.0
5782,5783,-20405618#0,12.600000000000001,0.0
5784,5785,-20405618#1,8.61,2.1999999999999997
5786,5787,-20405619,55.3875,8.249999999999995
5790,5791,-20405621#0,8.4,0.0
5792,5793,-20405621#1,12.600000000000001,1.0
5794,5795,-20405621#2,9.450000000000001,0.0
5796,5797,-20405621#3,23.1,0.0
5798,5799,-20405622,30.450000000000003,0.0
5800,5801,-20405623#0,12.8625,0.25000000000000017
5802,5803,-20405623#2,13.65,0.0
5804,5805,-20405623#3,15.225000000000001,4.5
5806,5807,-20405623#4,5.25,0.0
5808,5809,-20405623#5,4.2,0.0
5810,5811,-20405623#6,3.9375,0.9166666666666666
5812,5813,-20405623#7,6.300000000000001,0.0
5814,5815,-20405624#0,9.450000000000001,0.0
5816,5817,-20405624#1,12.600000000000001,0.0
5830,5831,-20405624#7,6.825,0.5
5836,5837,-20405626#0,16.8,0.0
5840,5841,-20405626#2,7.3500000000000005,0.0
5842,5843,-20405626#3,5.25,0.0
5844,5845,-20405626#4,14.700000000000001,0.0
5848,5849,-20405628#0,27.496875000000003,113.31854838709677
5850,5851,-20405628#1,9.768181818181818,1.0303030303030305
5852,5853,-20405628#2,3.881818181818182,1.15530303030303
5854,5855,-20405628#3,21.33157894736842,4.92460881934566
5856,5857,-20405628#4,16.420833333333334,1.2658730158730156
5860,5861,-204095914#0,9.375,0.6868131868131861
5862,5863,-204095914#1,6.65,0.38461538461538497
5864,5865,-204095914#2,6.9750000000000005,0.3862433862433863
5866,5867,-204095914#3,4.455769230769231,9.900932400932406
5868,5869,-204131033,0.9,0.14285714285714288
5870,5871,-204388143,6.7305755395683455,6.345115212178084
5872,5873,-204388144#0,5.668939393939394,6.636953289237549
5874,5875,-204414414,3.1500000000000004,0.0
5876,5877,-204582496,4.2,0.0
5878,5879,-204588664#0,11.55,0.5714285714285714
5880,5881,-204588664#1,10.2375,0.5000000000000002
5882,5883,-204588664#2,10.118181818181819,0.8545454545454543
5884,5885,-204689829,5.25,0.0
5886,5887,-204723193#0,3.57,0.2666666666666666
5888,5889,-205106791,13.65,18.0
5890,5891,-205106792,23.1,156.0
5894,5895,-205182378#0,4.874452554744526,1.6284886217260626
5896,5897,-205182378#1,1.9663636363636365,0.9010842368640536
5898,5899,-205182378#2,13.783636363636363,3.2680567139282743
5900,5901,-205182378#3,7.4625,1.2316602316602312
5902,5903,-205182378#4,10.119026548672567,1.9296776232616948
5904,5905,-205182378#5,9.632608695652175,1.583524027459955
5906,5907,-205182378#6,5.783898305084747,0.8332609010575112
5908,5909,-205182378#7,7.189830508474577,95.28909861325118
5910,5911,-205182378#8,4.247457627118644,1.770672829994865
5912,5913,-205182378#9,5.370491803278689,1.1032786885245902
5918,5919,-205802904,27.3,0.0
5922,5923,-20588624#0,33.233333333333334,93.39221710189453
5924,5925,-20588624#1,12.570833333333333,9.323161189358375
5926,5927,-20588624#2,14.520000000000001,159.73830227743272
5928,5929,-20588627,138.07500000000002,22260.5
5930,5931,-20588629#0,25.200000000000003,13.0
5932,5933,-20588629#1,15.05,12.333333333333334
5934,5935,-20588630,47.775,4.5
5936,5937,-20588633,15.75,0.0
5942,5943,-20588635#2,7.3500000000000005,0.0
5944,5945,-20588635#3,27.3,0.0
5948,5949,-20588641#0,13.125,0.33333333333333304
5950,5951,-20588641#1,1.8900000000000001,0.7
5952,5953,-20588641#10,8.55,0.8095238095238098
5954,5955,-20588641#2,5.25,0.0
5956,5957,-20588641#3,5.25,0.0
5958,5959,-20588641#5,11.13,3.7999999999999994
5960,5961,-20588641#6,6.09,0.19999999999999996
5962,5963,-20588641#7,2.1,0.5
5964,5965,-20588641#8,1.8900000000000001,0.2
5966,5967,-20588641#9,9.450000000000001,1.2
5978,5979,-206411593#0,33.1875,13.195624195624195
5980,5981,-206411593#1,10.06875,1.2892535392535387
5982,5983,-206411595#0,8.6625,0.5161290322580645
5984,5985,-206411595#1,15.68225806451613,1.5290322580645161
5986,5987,-206411597#0,21.723333333333336,6.643695380774033
6010,6011,-206413855,1.05,0.0
6012,6013,-206413856,3.4125,0.24999999999999997
6016,6017,-206413857#1,12.600000000000001,0.0
6018,6019,-206413858#0,5.25,0.0
6020,6021,-206413858#1,15.75,2.0
6028,6029,-206567929,8.4,1.0
6032,6033,-206567931,24.150000000000002,0.0
6034,6035,-206567932,7.7700000000000005,0.30000000000000004
6040,6041,-206567935,7.3500000000000005,0.0
6042,6043,-206567936#0,8.6625,3.5833333333333335
6044,6045,-206567936#1,3.9375,0.25000000000000006
6046,6047,-206567936#10,3.3600000000000003,0.20000000000000004
6048,6049,-206567936#11,3.57,0.3
6054,6055,-206567936#2,2.3100000000000005,0.7
6056,6057,-206567936#3,4.2,0.0
6058,6059,-206567936#4,3.1500000000000004,0.0
6060,6061,-206567936#5,3.1500000000000004,0.0
6062,6063,-206567936#6,2.8,0.33333333333333337
6064,6065,-206567936#7,19.6875,8.916666666666666
6066,6067,-206567936#8,3.85,0.33333333333333337
6068,6069,-206567936#9,5.25,1.0
6070,6071,-207091116#0,4.688793103448276,34.35843920145191
6072,6073,-207091132#0,1.6706666666666667,9.430277777777784
6074,6075,-207091132#1,10.060909090909092,57.084599418846
6076,6077,-207091132#3,5.051612903225807,0.5335808158388803
6078,6079,-207091132#4,9.74862385321101,1.6238109330740278
6080,6081,-207091134#1,6.300000000000001,0.0
6084,6085,-207218465#0,7.3500000000000005,0.0
6086,6087,-207218465#1,5.25,0.0
6088,6089,-207218465#2,10.5,0.0
6090,6091,-207221842,11.55,0.0
6092,6093,-208010459#0,6.300000000000001,0.0
6094,6095,-208010459#1,8.750000000000002,5.333333333333332
6096,6097,-208010462,18.900000000000002,0.0
6098,6099,-208117071#0,7.7,2.333333333333333
6104,6105,-209144149#0,8.61,1.1999999999999995
6108,6109,-20975939#1,30.35925925925926,19.47993827160495
6110,6111,-20975942#0,165.94565217391306,30505.770750988137
6112,6113,-20975942#1,12.02727272727273,1.4978354978354982
6114,6115,-20975942#2,5.088461538461538,0.8076923076923078
6116,6117,-20975942#3,5.815384615384615,0.6025641025641024
6118,6119,-20975943#0,10.106250000000001,0.5535714285714283
6120,6121,-20975943#1,2.1,0.4
6122,6123,-20975943#2,10.881818181818183,365.6545454545455
6124,6125,-20975943#3,9.012500000000001,0.4469696969696971
6126,6127,-20975943#4,32.4671052631579,1381.4260312944525
6128,6129,-20975943#5,22.56153846153846,15.519568151147086
6130,6131,-20975946#0,5.775,12.5
6132,6133,-20975946#1,2.1,0.0
6134,6135,-20975948#0,271.6875,75065.64285714286
6136,6137,-20975948#1,214.43333333333334,56899.694444444445
6138,6139,-20975948#2,18.900000000000002,0.0
6140,6141,-20975950#0,162.8025,31155.31315789474
6142,6143,-20975950#1,148.785,41725.27368421052
6144,6145,-20975952#0,16.508333333333333,6.330065359477127
6146,6147,-20975952#1,14.38888888888889,1.6780626780626784
6148,6149,-20975954#0,16.17,2.2666666666666675
6150,6151,-20975954#1,19.25,167.5238095238095
6152,6153,-210464673#0,5.25,0.0
6156,6157,-21224499#0,16.8,40.333333333333336
6158,6159,-21224499#1,8.25,1.6703296703296702
6160,6161,-21224502,1.5618750000000001,6.60743670886076
6162,6163,-21224504#0,4.2,1.5
6164,6165,-21224504#1,12.075000000000001,0.3333333333333333
6166,6167,-21224504#2,11.025,0.5
6168,6169,-21224504#3,12.600000000000001,4.666666666666666
6174,6175,-21224509#0,14.4375,0.9166666666666665
6176,6177,-21224509#2,30.450000000000003,0.0
6188,6189,-213252669,19.95,0.0
6190,6191,-213252673#0,10.5,2.0
6192,6193,-213252674#0,3.1500000000000004,0.0
6206,6207,-213286567#0,10.08,0.30000000000000004
6210,6211,-213286584#1,7.3500000000000005,50.0
6212,6213,-213286584#2,16.8,1.0
6216,6217,-213286589#1,6.720000000000001,0.3
6218,6219,-213286589#3,9.03,0.8000000000000003
6220,6221,-213286595#0,40.425000000000004,12.5
6228,6229,-213286595#4,2.1,0.0
6230,6231,-213286595#5,24.150000000000002,0.0
6232,6233,-213328560#0,1.05,0.0
6234,6235,-213328560#2,1.5750000000000002,0.5
6236,6237,-213328560#4,3.1500000000000004,0.0
6238,6239,-213328563#2,14.000000000000002,2.3333333333333326
6240,6241,-213328563#3,3.5000000000000004,0.33333333333333326
6242,6243,-213328570#0,12.075000000000001,4.5
6244,6245,-213328570#2,80.56363636363638,15683.018181818185
6246,6247,-213328578,6.4750000000000005,0.5666666666666667
6248,6249,-213328603#0,7.3500000000000005,0.0
6250,6251,-213328603#1,2.45,0.33333333333333326
6252,6253,-213328603#2,2.1,0.0
6254,6255,-213350768,2.45,1.3333333333333333
6260,6261,-213350773#1,2.1,0.6666666666666666
6262,6263,-213350775#0,11.025,4.5
6264,6265,-213530792#0,0.7,0.33333333333333337
6266,6267,-213530792#1,4.2,0.0
6268,6269,-213842019,4.2,0.0
6270,6271,-213842021#1,4.2,3.0
6272,6273,-213842021#2,2.625,0.5
6274,6275,-213842022#1,4.2,0.0
6276,6277,-213842022#2,2.1,0.0
6278,6279,-215332293,6.300000000000001,0.0
6280,6281,-215333129#0,2.3625000000000003,0.25
6282,6283,-215333129#1,3.6750000000000003,0.33333333333333326
6284,6285,-215333129#2,7.875,1.6666666666666667
6288,6289,-215333131#1,3.1500000000000004,0.0
6292,6293,-215333450,16.45,9.333333333333332
6302,6303,-215335395#1,2.1,0.0
6304,6305,-215336395,2.3625000000000003,0.25
6308,6309,-215336398#0,6.0,2.9047619047619047
6316,6317,-215337380,10.5,0.0
6326,6327,-215826160#0,54.6,98.0
6328,6329,-215826160#1,22.05,0.0
6330,6331,-215826160#2,14.700000000000001,0.0
6336,6337,-215826167#2,1.05,0.0
6342,6343,-216169402,5.95,0.6666666666666664
6344,6345,-216169409#1,4.2,0.0
6358,6359,-217272032,31.5,882.0
6360,6361,-217272033,32.550000000000004,0.0
6362,6363,-217272034,10.5,0.0
6370,6371,-217407145,8.4,0.0
6374,6375,-217450845#0,8.4,0.6666666666666665
6376,6377,-217450845#1,1.925,0.9666666666666666
6380,6381,-217450847,8.4,0.0
6382,6383,-217450850#0,5.25,0.0
6384,6385,-217450852,11.55,0.0
6390,6391,-217477085,10.5,0.0
6392,6393,-217652169,9.450000000000001,2.0
6398,6399,-217968254#0,29.400000000000002,0.0
6402,6403,-218006063#0,22.837500000000002,28.916666666666668
6404,6405,-218006063#1,7.3500000000000005,0.0
6406,6407,-218647947#0,4.390909090909091,0.5636363636363638
6408,6409,-218647947#1,21.28636363636364,4.41818181818182
6410,6411,-218647954,34.65,0.0
6416,6417,-219559054,5.25,0.0
6418,6419,-21966646#0,10.815000000000001,10.233333333333333
6420,6421,-21966646#2,36.75,32.0
6422,6423,-21966647#0,11.7,0.1428571428571429
6424,6425,-21966647#1,8.4,0.0
6426,6427,-21966647#2,1.4,0.33333333333333337
6428,6429,-21966647#3,7.3500000000000005,0.0
6430,6431,-21966647#4,2.1,0.0
6432,6433,-21966647#5,22.05,0.0
6434,6435,-21966647#6,4.2,0.0
6444,6445,-220012723,31.3775,613.7658192090398
6446,6447,-220013328,8.459433962264152,1.0790542154287073
6452,6453,-220351054,9.450000000000001,0.0
6458,6459,-220658739,12.600000000000001,0.0
6468,6469,-223105086,2.325,0.1813186813186813
6470,6471,-224251774#0,49.8021897810219,1032.8940532417346
6472,6473,-224251774#1,11.113138686131387,19.435916702447397
6478,6479,-22486112#2,7.3500000000000005,0.4000000000000001
6480,6481,-22486112#3,10.850000000000001,2.266666666666666
6482,6483,-22486112#5,5.670000000000001,0.2999999999999999
6484,6485,-22486112#6,10.15,0.2666666666666666
6486,6487,-22486115#0,10.5,0.0
6488,6489,-22486115#1,10.5,0.0
6492,6493,-22486116#0,9.450000000000001,2.0
6494,6495,-22486116#1,11.025,4.5
6496,6497,-22486116#2,12.950000000000001,2.333333333333334
6502,6503,-22486118#2,4.41,0.2
6504,6505,-22486118#3,10.5,0.0
6506,6507,-22486118#4,13.65,0.0
6508,6509,-22486119#0,17.85,0.0
6510,6511,-22486119#1,7.3500000000000005,0.0
6512,6513,-22486120#0,9.450000000000001,0.0
6514,6515,-22486120#1,13.3,0.3333333333333335
6516,6517,-22486120#2,10.5,0.0
6518,6519,-22486121#0,12.600000000000001,0.0
6520,6521,-22486121#1,10.5,0.0
6526,6527,-22486124,38.010000000000005,41.19999999999999
6528,6529,-22486126#0,6.300000000000001,1.0
6530,6531,-22486126#1,6.300000000000001,0.0
6532,6533,-22486126#2,28.087500000000002,10.91666666666667
6534,6535,-22486127#1,22.90909090909091,471.7748917748917
6536,6537,-22486127#10,4.95,1.9047619047619044
6538,6539,-22486127#11,3.325,0.5666666666666667
6540,6541,-22486127#12,10.762500000000001,0.5000000000000001
6542,6543,-22486127#2,2.815909090909091,0.6082251082251083
6544,6545,-22486127#3,8.55,1.1285714285714286
6546,6547,-22486127#4,7.3500000000000005,0.6000000000000002
6548,6549,-22486127#5,2.5,0.24761904761904757
6550,6551,-22486127#7,5.471052631578948,1.3976608187134507
6552,6553,-22486127#8,7.641666666666667,1.8594771241830064
6554,6555,-22486127#9,5.625,1.4780219780219783
6556,6557,-22486129#0,12.81,1.7333333333333334
6558,6559,-22486129#1,9.1,0.7878787878787876
6560,6561,-22486129#2,13.387500000000001,1.4772727272727286
6566,6567,-224892361#0,0.6092592592592593,0.24660493827160498
6568,6569,-224892361#1,3.577777777777778,0.6194444444444438
6570,6571,-224892361#2,4.887037037037038,0.5790123456790128
6572,6573,-224892361#3,6.407692307692308,0.7166167166167169
6574,6575,-224892361#4,5.4519230769230775,0.3651348651348648
6576,6577,-224892361#5,0.9423076923076924,0.09324009324009326
6578,6579,-224892361#6,3.365384615384616,0.24309024309024319
6580,6581,-224892361#7,4.80375,0.5259493670886074
6582,6583,-224892361#8,14.635975609756098,3.1196928635953007
6590,6591,-224958871#1,2.3625000000000003,0.9166666666666666
6592,6593,-224999403,7.48125,3.316666666666666
6594,6595,-224999404,1.5750000000000002,0.5
6598,6599,-225488970,4.328048780487805,0.40975609756097564
6600,6601,-225488971#1,10.290000000000001,0.6999999999999995
6602,6603,-225488971#2,3.9899999999999998,0.19999999999999998
6604,6605,-225488971#3,3.1500000000000004,0.0
6606,6607,-225488971#4,4.2,0.5714285714285714
6610,6611,-225491673,6.300000000000001,8.0
6618,6619,-225491677,3.6750000000000003,4.5
6624,6625,-225491680,5.25,0.0
6628,6629,-225856330,23.1,0.0
6630,6631,-22603930#0,8.6625,0.25
6634,6635,-22603931,8.4,0.0
6640,6641,-22603933,25.200000000000003,2.0
6642,6643,-22603934#0,9.6,1.2473867595818808
6646,6647,-22603934#2,12.600000000000001,0.0
6648,6649,-22603935,16.8,0.0
6650,6651,-22603937#0,15.75,0.0
6652,6653,-22603937#1,14.700000000000001,0.0
6654,6655,-22603937#2,4.9,14.333333333333334
6656,6657,-22603937#3,24.150000000000002,3.0
6658,6659,-22603937#4,10.5,1.0
6660,6661,-22603937#5,18.69,3.699999999999999
6662,6663,-22603938#0,10.762500000000001,2.25
6664,6665,-22603938#1,10.762500000000001,2.2499999999999996
6666,6667,-22603939#0,21.0,0.0
6668,6669,-22603940#0,19.95,0.0
6670,6671,-22603940#1,26.25,0.0
6672,6673,-22603940#2,4.2,0.0
6680,6681,-22603941#3,10.5,0.0
6684,6685,-22603943#0,9.450000000000001,0.0
6686,6687,-22603943#1,9.450000000000001,0.0
6688,6689,-22603945#0,1.4724137931034484,2.1609195402298855
6690,6691,-22603945#1,19.437068965517245,34.759982725400306
6694,6695,-226665981#0,36.82000000000001,20.78095238095238
6696,6697,-226665981#1,41.400000000000006,22.61904761904763
6698,6699,-226665982#0,24.675,0.5
6706,6707,-226665982#12,62.475,0.5
6712,6713,-226665982#3,100.275,40.5
6732,6733,-226665984#0,34.65,0.0
6744,6745,-226665986#1,37.800000000000004,0.0
6758,6759,-226665988#0,7.3500000000000005,0.0
6760,6761,-226665988#1,213.15,0.0
6772,6773,-226665989#5,27.825000000000003,0.5
6774,6775,-226665990#0,53.550000000000004,0.0
6786,6787,-22690205#1,77.35000000000001,1760.0
6788,6789,-22690205#2,7.21875,0.6964285714285713
6790,6791,-22690205#3,22.44375,7.124999999999995
6798,6799,-22716069#0,60.77884615384616,1161.0844645550526
6800,6801,-22716069#1,13.84811320754717,9.46371552975327
6802,6803,-22716069#2,17.43823529411765,2.2431372549019586
6810,6811,-22716072#4,9.450000000000001,0.0
6812,6813,-22716072#5,1.05,0.0
6814,6815,-22716073,11.55,0.0
6816,6817,-22716549#1,19.53,218.8
6818,6819,-22716549#2,4.7250000000000005,0.9999999999999999
6820,6821,-22716549#3,8.4,1.5
6822,6823,-22716549#4,3.6750000000000003,0.3333333333333333
6824,6825,-22716549#5,2.8875,0.25
6826,6827,-22716549#6,7.000000000000001,2.333333333333334
6828,6829,-22724699#0,7.48125,78.125
6830,6831,-22724699#1,4.59375,1.125
6832,6833,-22724699#10,2.1,0.0
6834,6835,-22724699#11,2.1,0.0
6836,6837,-22724699#12,3.1500000000000004,0.0
6838,6839,-22724699#2,7.3500000000000005,0.49999999999999994
6840,6841,-22724699#3,6.300000000000001,0.49999999999999994
6842,6843,-22724699#4,4.7250000000000005,0.3333333333333333
6844,6845,-22724699#5,2.1,0.0
6846,6847,-22724699#6,6.65,0.33333333333333326
6848,6849,-22724699#7,5.6,0.33333333333333326
6850,6851,-22724699#8,3.1500000000000004,0.0
6852,6853,-22724699#9,2.625,0.5
6854,6855,-22879845,22.05,27.333333333333332
6856,6857,-229019260#0,3.5000000000000004,1.3333333333333333
6862,6863,-23009600#1,89.55434782608695,9911.85592497869
6864,6865,-23009600#2,29.447014925373136,2915.922207146087
6866,6867,-230450339#0,9.450000000000001,0.0
6868,6869,-230450339#1,8.4,0.0
6878,6879,-230450347#0,9.450000000000001,0.0
6882,6883,-230450350#0,5.25,0.0
6884,6885,-230450350#10,8.4,1.0
6892,6893,-230450350#16,11.55,0.0
6894,6895,-230450350#18,2.45,0.33333333333333326
6896,6897,-230450350#19,3.5000000000000004,0.33333333333333337
6900,6901,-230450350#20,1.05,0.0
6902,6903,-230450350#21,3.1500000000000004,0.0
6904,6905,-230450350#22,3.85,0.33333333333333337
6906,6907,-230450350#23,1.8375000000000001,0.25
6918,6919,-230450350#9,5.25,0.0
6928,6929,-230450354#1,8.4,0.0
6930,6931,-230450354#2,5.25,0.6666666666666666
6934,6935,-230450355#1,6.300000000000001,0.6666666666666666
6936,6937,-230450355#2,11.8125,1.5833333333333333
6938,6939,-230450356#0,18.900000000000002,0.0
6940,6941,-230450356#1,6.300000000000001,0.0
6942,6943,-230450356#2,10.5,0.0
6946,6947,-230450357#1,12.600000000000001,0.0
6950,6951,-230450360#1,3.1500000000000004,0.0
6952,6953,-230450360#2,3.6750000000000003,0.33333333333333326
6954,6955,-230450360#3,1.1550000000000002,0.09999999999999999
6956,6957,-230450360#4,3.9899999999999998,0.39999999999999986
6960,6961,-230450361#1,8.4,0.0
6962,6963,-230450361#2,3.1500000000000004,0.0
6964,6965,-230450361#3,6.300000000000001,0.0
6966,6967,-230450364#0,5.25,4.0
6968,6969,-230450364#1,10.709999999999999,28.7
6970,6971,-230450364#2,6.825,0.5
6980,6981,-230450366#3,2.1,0.0
6982,6983,-230450366#4,4.2,0.0
6988,6989,-23059971,69.3,0.0
6990,6991,-23101640#0,21.35,3.4666666666666672
6992,6993,-23101640#1,7.466666666666667,1.3611111111111107
6994,6995,-23101640#2,7.9799999999999995,0.7111111111111108
6998,6999,-23101656#1,3.1500000000000004,0.0
7000,7001,-23101685#1,41.387499999999996,2816.9716312056744
7002,7003,-23101685#10,12.029347826086958,44.653623188405795
7004,7005,-23101685#2,70.67142857142858,3263.341836734695
7006,7007,-23101685#4,2.703191489361702,15.554116558741901
7008,7009,-23101685#5,1.26875,0.1684397163120568
7010,7011,-23101685#6,3.19375,0.1684397163120568
7012,7013,-23101685#7,3.9375,0.3617021276595744
7014,7015,-23101685#8,20.910638297872342,1.7752081406105449
7016,7017,-23101685#9,4.246666666666667,0.3616161616161617
7018,7019,-23125141,2.8,1.3333333333333335
7020,7021,-23125142,9.450000000000001,1.0
7022,7023,-23128480#2,6.533333333333334,0.44444444444444436
7024,7025,-23128564#0,1.55828025477707,3.5718601992487344
7026,7027,-23128564#1,2.5882165605095544,6.417034133594642
7030,7031,-231526848#0,2.1,0.0
7032,7033,-231526853,1.05,0.0
7038,7039,-231526858,142.8,100.66666666666667
7044,7045,-231526859#2,2.1,0.0
7054,7055,-23183627#2,56.7,0.0
7056,7057,-23183634#0,35.7,0.0
7062,7063,-23183634#3,69.3,0.0
7064,7065,-23183635,51.45,46.0
7066,7067,-23183649#0,5.976923076923077,0.23076923076923073
7068,7069,-23184252#0,90.33888888888889,12633.998602375957
7070,7071,-23184252#1,14.383018867924529,637.2532656023221
7072,7073,-23184252#2,142.17954545454546,39791.0845665962
7074,7075,-23184252#3,35.00795454545455,4364.322938689217
7076,7077,-23184274#1,101.5125,4439.762908777969
7078,7079,-23184274#2,55.72989130434783,2584.224916387961
7080,7081,-23184274#3,36.75,1689.3214285714287
7082,7083,-23184274#4,8.11875,63.799675324675334
7088,7089,-23202117#0,15.75,2.0
7090,7091,-23202117#1,20.475,12.5
7094,7095,-23202186#1,10.5,0.0
7104,7105,-23202195#1,17.85,0.0
7106,7107,-23206058#0,10.850000000000001,1.8666666666666658
7108,7109,-23206058#1,15.75,1.0
7110,7111,-23206058#2,7.3500000000000005,0.0
7114,7115,-23206109,19.95,0.0
7116,7117,-23206111#0,15.866666666666667,2.3611111111111116
7118,7119,-23206111#1,5.5125,0.4999999999999999
7120,7121,-23206111#2,4.55,0.25
7122,7123,-23206114#1,12.39,3.326315789473684
7124,7125,-23206120,32.550000000000004,0.0
7126,7127,-23206153,22.05,0.0
7128,7129,-23206178,13.65,0.0
7146,7147,-23258631#10,3.6750000000000003,0.5
7154,7155,-23258631#16,8.4,0.0
7156,7157,-23258631#18,7.3500000000000005,0.0
7158,7159,-23258631#4,5.25,0.0
7160,7161,-23258631#5,8.4,0.0
7162,7163,-23258631#8,4.2,0.0
7164,7165,-23291881,1.2923076923076924,0.1923076923076923
7166,7167,-23291898#0,33.49137931034483,8.31034482758621
7168,7169,-23291898#1,7.3500000000000005,0.6666666666666665
7170,7171,-23291898#2,12.299999999999999,1.396825396825396
7172,7173,-23291898#3,3.772222222222222,0.2507122507122507
7174,7175,-23291898#4,8.594444444444445,0.6951566951566951
7176,7177,-23291898#5,11.97,3.5
7178,7179,-23291898#8,3.85,7.750000000000001
7180,7181,-23291898#9,3.4125,0.25
7184,7185,-233673410#0,5.040995260663507,10.38876100203115
7186,7187,-233673410#1,4.016745283018868,1.6234239470625063
7188,7189,-233673410#2,2.567772511848341,0.47677725118483394
7190,7191,-233673410#3,3.090845070422535,1.0062450172734518
7192,7193,-233673410#5,6.344366197183099,9.04065904863141
7194,7195,-233673410#6,2.228169014084507,0.6548409956594914
7196,7197,-233673410#7,2.4943661971830986,0.9054389228452481
7198,7199,-233673410#8,3.289041095890411,0.381467052071551
7200,7201,-233673411#0,1.883,1.1344035674470467
7202,7203,-233673411#1,11.098993288590606,22.12464691659323
7204,7205,-233673412#1,6.2681818181818185,21.045221445221454
7206,7207,-233673413#0,4.370394736842106,73.32597186799593
7208,7209,-233673413#1,7.32707423580786,100.99513521795751
7210,7211,-233673414#0,1.8840425531914895,10.421681864235056
7212,7213,-233673414#1,1.9640287769784173,5.707746846001464
7214,7215,-233673414#2,3.4029197080291973,2.184199227136109
7216,7217,-233673414#3,3.2433333333333336,0.26069651741293526
7218,7219,-233673414#5,7.2411111111111115,0.9443891652846874
7220,7221,-233673414#7,5.637692307692308,0.5757901013714969
7222,7223,-233673414#8,5.419615384615385,1.4543231961836616
7224,7225,-233673415#0,3.8888888888888893,15.861111111111114
7226,7227,-233673415#1,2.242592592592593,0.16882716049382712
7228,7229,-233673415#2,2.022222222222222,0.5694444444444444
7230,7231,-233673415#2.19,1.9314814814814816,0.2614197530864199
7232,7233,-233673415#3,5.475949367088608,1.4274586173320354
7234,7235,-233673416,8.205555555555556,1.1027777777777779
7236,7237,-233673420#0,4.619058295964125,4.817476669494606
7238,7239,-233673421,8.36111111111111,2.0611111111111113
7240,7241,-233673423,15.962775330396477,2357.321585903084
7242,7243,-233673424#0,6.327272727272728,0.815105946684894
7244,7245,-233673424#1,8.386184210526316,1.7464912280701756
7246,7247,-233673425#0,9.487756849315069,476.89235825559877
7248,7249,-233675413#0,4.1883333333333335,0.6238316310739711
7250,7251,-233675413#1,7.598607242339833,1.209147072096606
7252,7253,-233675413#2,8.10963687150838,1.4891397899942092
7254,7255,-233675413#3,8.610690789473685,1.2434319089803703
7256,7257,-233675413#6,6.593181818181819,48.94458310419226
7258,7259,-233675413#7,1.9261363636363638,0.5881276703752272
7260,7261,-233675413#8,3.763111888111888,12.840301803459694
7262,7263,-233675413#9,7.206818181818182,24.74976076555025
7264,7265,-23422659,6.86,4.123809523809523
7266,7267,-23436553#0,13.125,4.5
7268,7269,-23436553#2,33.6,0.0
7270,7271,-23436553#3,3.3000000000000003,0.14285714285714288
7272,7273,-23436553#4,12.600000000000001,0.0
7274,7275,-23441733#1,43.65,2030.6190476190477
7276,7277,-23442105#0,12.075000000000001,0.5
7278,7279,-23442105#1,8.4,0.0
7280,7281,-23442105#2,9.450000000000001,0.0
7282,7283,-23442105#3,7.875,0.5
7284,7285,-23442105#4,7.9799999999999995,1.3000000000000003
7286,7287,-23442105#5,8.750000000000002,1.333333333333333
7288,7289,-23442105#6,10.5,0.0
7290,7291,-23525483#0,10.5,0.0
7302,7303,-23525483#7,3.1500000000000004,0.0
7308,7309,-23621940#0,33.6,0.0
7310,7311,-23621955#0,10.80625,28.650362318840582
7312,7313,-23621955#1,4.4739130434782615,0.292490118577075
7314,7315,-23621955#10,4.025,0.5666666666666667
7316,7317,-23621955#11,5.775,0.29999999999999993
7318,7319,-23621955#12,3.3600000000000003,0.20000000000000004
7320,7321,-23621955#2,5.99375,1.4329710144927534
7322,7323,-23621955#3,2.9289473684210527,2.619883040935672
7324,7325,-23621955#4,3.8911764705882357,0.34558823529411775
7326,7327,-23621955#5,5.805882352941176,0.514705882352941
7328,7329,-23621955#6,5.775,0.4999999999999998
7330,7331,-23621955#7,8.283333333333333,0.6111111111111109
7332,7333,-23621955#8,8.6625,0.5000000000000001
7334,7335,-23621955#9,5.64375,0.2678571428571429
7338,7339,-23622049#0,24.150000000000002,0.0
7342,7343,-23622052#0,36.75,128.0
7348,7349,-23622056#1,20.475,12.5
7350,7351,-23622056#4,15.09375,1.9833333333333332
7352,7353,-23622056#5,2.775,0.3121693121693124
7354,7355,-23622056#6,6.450000000000001,0.941798941798942
7356,7357,-23622106#0,11.55,0.0
7358,7359,-23622106#1,10.5,0.0
7360,7361,-23622106#10,8.4,0.0
7362,7363,-23622106#15,4.2,0.3333333333333335
7364,7365,-23622106#16,2.7,0.28571428571428575
7366,7367,-23622106#17,1.9833333333333334,0.3611111111111111
7368,7369,-23622106#18,5.716666666666667,0.2777777777777778
7370,7371,-23622106#19,9.8,7.25
7372,7373,-23622106#2,9.450000000000001,0.0
7374,7375,-23622106#3,12.133333333333333,0.777777777777778
7376,7377,-23622106#4,9.450000000000001,0.0
7378,7379,-23622106#5,6.300000000000001,0.0
7380,7381,-23622106#6,9.450000000000001,0.0
7382,7383,-23622106#8,1.05,0.0
7384,7385,-23622106#9,3.1500000000000004,0.0
7386,7387,-23622107#0,0.9586956521739131,1.446640316205534
7388,7389,-23622107#1,5.11304347826087,2.4822134387351777
7390,7391,-23622107#2,3.971739130434783,0.2687747035573123
7392,7393,-23622107#3,13.421739130434784,1.9960474308300393
7394,7395,-23622107#4,3.0722222222222224,0.378917378917379
7396,7397,-23622107#5,2.4982758620689656,0.3152709359605911
7398,7399,-23622107#6,4.887931034482759,0.3054187192118226
7400,7401,-23622107#7,2.027586206896552,0.2807881773399014
7402,7403,-23622107#8,4.486363636363636,0.20454545454545459
7410,7411,-23622131#0,11.55,0.0
7412,7413,-23622131#1,9.450000000000001,0.0
7414,7415,-23622131#2,59.85,0.0
7416,7417,-23622140#0,7.7,9.333333333333334
7418,7419,-23622140#1,7.875,60.5
7420,7421,-23622140#2,73.5,0.0
7422,7423,-23622141#0,6.300000000000001,0.0
7424,7425,-23622141#1,4.2,0.0
7426,7427,-23622141#2,18.900000000000002,0.0
7428,7429,-23622167#0,35.7,0.0
7432,7433,-23622170#0,22.05,2.2857142857142856
7434,7435,-23622170#1,11.68125,0.6964285714285715
7436,7437,-23622170#2,6.16875,0.41071428571428575
7438,7439,-23622189#0,1.05,0.0
7444,7445,-23622189#3,29.400000000000002,0.0
7446,7447,-23622189#4,2.1,0.0
7448,7449,-23622201#0,13.020000000000001,1.3
7464,7465,-23622271#1,53.22692307692308,1304.3974358974358
7466,7467,-23622271#3,11.55,444.0
7468,7469,-23622271#4,5.25,1.2
7470,7471,-23622271#6,13.86,193.20000000000002
7472,7473,-23622271#7,1.5750000000000002,0.5
7474,7475,-23622517#0,15.4875,3.5833333333333335
7476,7477,-23622517#1,8.750000000000002,0.3333333333333335
7480,7481,-23622517#3,4.2,0.0
7482,7483,-23622520#0,18.900000000000002,0.0
7484,7485,-23622520#2,10.5,0.0
7486,7487,-23623583#0,6.300000000000001,1.3333333333333333
7488,7489,-23623583#1,23.8,4.333333333333331
7490,7491,-23623595,30.450000000000003,1.0
7494,7495,-23623633#1,5.25,0.0
7496,7497,-23623633#2,7.3500000000000005,0.0
7502,7503,-23623674#1,33.862500000000004,126.91666666666667
7506,7507,-23623674#2,1.05,0.0
7508,7509,-23623674#3,2.3625000000000003,0.25
7510,7511,-23623674#4,1.05,0.0
7512,7513,-23623674#5,3.9375,0.9166666666666665
7514,7515,-23623674#6,1.7500000000000002,0.33333333333333337
7520,7521,-23623680,13.3,5.333333333333334
7522,7523,-23623681,9.1,1.333333333333334
7534,7535,-23623692#2,11.025,4.5
7536,7537,-23623693,14.700000000000001,0.0
7538,7539,-23623701#0,8.4,19.599999999999998
7540,7541,-23623701#1,4.2,0.5
7542,7543,-23623701#2,9.03,0.30000000000000004
7544,7545,-23623701#3,14.175,4.333333333333335
7548,7549,-23623713#0,3.5000000000000004,0.33333333333333337
7550,7551,-23623713#1,8.19,0.19999999999999996
7552,7553,-23623713#2,3.1500000000000004,0.0
7554,7555,-23623715#0,1.3125,0.25
7556,7557,-23623715#1,2.275,0.5666666666666667
7558,7559,-23623715#2,3.1500000000000004,0.0
7562,7563,-23623720,37.800000000000004,0.0
7564,7565,-23623780#0,4.2,0.0
7566,7567,-23623780#1,28.35,0.0
7572,7573,-240187995#1,3.4125,3.5833333333333326
7578,7579,-24061326#2,25.200000000000003,2.0
7580,7581,-24061326#3,3.6750000000000003,0.5
7582,7583,-243554732,22.566666666666666,6.479774705581157
7584,7585,-24495014#0,15.75,1.0
7586,7587,-24495014#1,4.9,21.333333333333336
7590,7591,-24495083#1,8.4,0.0
7592,7593,-24495083#2,8.4,0.0
7594,7595,-24495083#3,37.800000000000004,0.0
7596,7597,-24495188,147.196,26878.193109619686
7598,7599,-24498193#1,11.1,317.34065934065944
7600,7601,-24498193#3,5.6,10.333333333333332
7602,7603,-24498193#4,1.7500000000000002,0.3333333333333333
7604,7605,-24498193#5,4.2,0.6666666666666666
7606,7607,-24498193#6,8.4,0.0
7608,7609,-24499966#0,11.475000000000001,1137.3280423280423
7610,7611,-24499966#1,37.88076923076924,2305.113846153846
7612,7613,-24499966#2,6.027777777777778,0.3532763532763533
7614,7615,-24499968#0,3.2550000000000003,0.3222222222222222
7616,7617,-24499968#1,12.46875,1.2678571428571428
7618,7619,-24499968#2,1.70625,0.26785714285714285
7622,7623,-245375072#0,2.1,0.0
7624,7625,-245375072#1,3.1500000000000004,0.0
7636,7637,-24537805#0,95.15625,10058.267857142857
7638,7639,-24537805#1,52.10625,2550.2678571428573
7640,7641,-24537805#2,160.78125,20229.553571428572
7642,7643,-24537805#3,64.18125,5945.553571428572
7644,7645,-24537805#4,195.0375,33978.21428571428
7646,7647,-24537982#1,90.50801886792453,12769.36037735849
7648,7649,-24537982#2,20.65251798561151,3453.208528829111
7650,7651,-24537982#3,80.0488888888889,22876.57025981205
7652,7653,-24537982#4,45.02368421052632,10590.455115060378
7656,7657,-24599188#1,9.283812949640287,36.0907100406631
7662,7663,-246024696,2.45,1.3333333333333333
7664,7665,-246024697#0,9.450000000000001,8.0
7666,7667,-246024698#0,11.8125,6.249999999999999
7668,7669,-246024699#0,2.3100000000000005,0.19999999999999998
7670,7671,-246024699#1,7.3500000000000005,1.2000000000000002
7672,7673,-246024701#0,9.870000000000001,3.3
7674,7675,-246024701#1,6.300000000000001,8.0
7676,7677,-24608842#0,23.1,150.99999999999994
7678,7679,-24608842#1,3.2586206896551726,0.3817733990147784
7680,7681,-24608842#2,10.282758620689656,1.4556650246305414
7682,7683,-24608843#0,17.325,2.7
7684,7685,-24608845,12.3375,2.25
7686,7687,-24608846#0,22.4,2.333333333333333
7688,7689,-24608846#1,10.920000000000002,2.3000000000000003
7700,7701,-24634413#1,31.5,18.0
7702,7703,-24634413#2,7.3500000000000005,2.0
7704,7705,-24634413#3,19.95,2.0
7706,7707,-24634414#0,10.762500000000001,174.25
7708,7709,-24634414#2,18.6375,44.25
7710,7711,-24634414#3,10.5,0.666666666666667
7712,7713,-24634414#4,15.925,0.5666666666666671
7714,7715,-24634414#5,8.793750000000001,1.4107142857142858
7716,7717,-24634414#6,4.8125,0.26515151515151525
7718,7719,-24634414#7,4.4625,0.5999999999999999
7720,7721,-24634414#8,3.4781250000000004,0.2291666666666666
7722,7723,-24634415,10.5,0.0
7724,7725,-24634417#1,23.1,0.0
7726,7727,-24634505,8.495454545454546,1.2909090909090908
7728,7729,-24634506#0,13.65,0.0
7730,7731,-24634506#1,3.1500000000000004,0.0
7732,7733,-24634506#2,9.450000000000001,0.0
7734,7735,-24634507,26.775000000000002,0.5
7736,7737,-24634508#0,11.55,0.0
7738,7739,-24634508#1,15.225000000000001,24.5
7740,7741,-24634509#0,7.3500000000000005,0.0
7754,7755,-24634509#7,7.875,0.5
7756,7757,-24634510#0,23.025,2.6868131868131857
7758,7759,-24634510#1,2.8,0.7878787878787878
7760,7761,-24634510#10,3.6750000000000003,0.7
7762,7763,-24634510#11,9.8,2.666666666666667
7764,7765,-24634510#12,1.05,0.0
7766,7767,-24634510#13,5.95,0.6666666666666667
7768,7769,-24634510#14,9.1,1.8666666666666667
7770,7771,-24634510#15,6.825,1.5000000000000002
7772,7773,-24634510#16,3.6750000000000003,0.30000000000000004
7774,7775,-24634510#17,7.175,1.3666666666666667
7776,7777,-24634510#18,9.8,1.8666666666666667
7778,7779,-24634510#2,1.05,0.0
7780,7781,-24634510#20,5.4,0.8095238095238094
7782,7783,-24634510#21,8.4,6.210526315789473
7784,7785,-24634510#3,7.000000000000001,0.33333333333333326
7786,7787,-24634510#4,3.6750000000000003,0.5
7788,7789,-24634510#5,6.300000000000001,0.0
7790,7791,-24634510#7,11.55,2.0
7792,7793,-24634510#8,4.95,0.5714285714285712
7794,7795,-24634510#9,12.0,2.285714285714286
7796,7797,-24634511#0,7.000000000000001,0.7500000000000001
7798,7799,-24634511#1,14.700000000000001,1.0
7810,7811,-24634513#5,28.35,2.0
7812,7813,-24634513#6,7.3500000000000005,0.0
7814,7815,-24634514#0,7.3500000000000005,0.6666666666666665
7816,7817,-24634514#1,10.5,0.0
7824,7825,-24634514#5,21.525000000000002,4.5
7826,7827,-24634516#1,43.050000000000004,12.0
7828,7829,-24634516#2,27.3,0.0
7830,7831,-24634517#1,67.11923076923077,963.6738461538464
7832,7833,-24634517#11,4.59375,0.2678571428571428
7834,7835,-24634517#13,5.775,0.8571428571428569
7836,7837,-24634517#14,5.6,0.6666666666666667
7838,7839,-24634517#16,3.4125,0.9166666666666666
7840,7841,-24634517#17,2.1,0.0
7842,7843,-24634517#18,5.775,0.3333333333333333
7844,7845,-24634517#19,5.775,1.0000000000000002
7846,7847,-24634517#2,4.9184210526315795,77.56140350877193
7848,7849,-24634517#20,2.1,0.0
7850,7851,-24634517#21,1.3125,0.25
7852,7853,-24634517#22,3.6750000000000003,0.33333333333333326
7854,7855,-24634517#4,6.720000000000001,0.5428571428571427
7856,7857,-24634517#5,2.223529411764706,0.11029411764705888
7858,7859,-24634517#6,1.5750000000000002,0.27272727272727276
7860,7861,-24634517#7,5.425000000000001,0.5151515151515151
7862,7863,-24634517#8,4.7250000000000005,0.2777777777777777
7864,7865,-24634517#9,6.3875,1.7196969696969697
7866,7867,-24634518#0,22.05,0.0
7868,7869,-24634518#1,5.25,0.0
7870,7871,-24634518#2,1.05,0.0
7872,7873,-24634519#0,12.8625,11.583333333333336
7874,7875,-24634519#1,5.25,0.0
7876,7877,-24634519#2,3.1500000000000004,0.0
7882,7883,-24634521#2,12.950000000000001,9.333333333333332
7884,7885,-24634522,9.975,0.5
7888,7889,-24692328#0,146.895,37855.87777777777
7890,7891,-24692328#1,65.31,18422.7
7892,7893,-24692391#0,4.7073033707865175,0.36618998978549544
7894,7895,-24692391#1,1.9230337078651687,0.25536261491317674
7896,7897,-24692391#2,9.474418604651163,98.51709986320105
7898,7899,-24693977#0,23.48088235294118,604.7086973403223
7900,7901,-24693977#1,22.31808510638298,457.6760466712424
7902,7903,-24733323#0,4.620000000000001,0.7789473684210528
7904,7905,-24733323#1,47.25,58.181818181818194
7906,7907,-24733323#2,8.4,17.4
7908,7909,-24733323#3,23.60909090909091,32.44507575757575
7910,7911,-24733323#4,20.68888888888889,74.2934472934473
7912,7913,-24733323#5,14.188461538461539,10.993252361673413
7914,7915,-24754837#0,6.300000000000001,0.0
7916,7917,-24754837#1,29.400000000000002,0.0
7918,7919,-24754837#2,5.25,0.0
7920,7921,-24754837#3,2.94,0.20000000000000004
7922,7923,-24754837#4,3.1500000000000004,0.0
7924,7925,-24754837#5,16.8,3.3333333333333344
7926,7927,-24754837#6,7.3500000000000005,2.0000000000000004
7928,7929,-24754837#7,7.288235294117648,1.0588235294117647
7930,7931,-24754837#8,3.9529411764705884,0.3161764705882353
7932,7933,-24754837#9,4.7558823529411764,0.26470588235294135
7934,7935,-24754854#0,7.000000000000001,2.333333333333333
7936,7937,-24754854#1,7.3500000000000005,2.0
7938,7939,-24754854#2,7.3500000000000005,0.0
7940,7941,-24754854#3,12.075000000000001,0.5
7942,7943,-24754876#0,4.585714285714286,0.4039115646258505
7944,7945,-24754876#10,4.2603448275862075,0.33386794974605727
7946,7947,-24754876#11,2.9669724770642203,2.0156303092082912
7948,7949,-24754876#12,8.024311926605504,2.6578321440706763
7950,7951,-24754876#2,5.1625000000000005,0.4166666666666665
7952,7953,-24754876#2.36,7.805000000000001,1.4022598870056497
7954,7955,-24754876#3,4.251639344262296,0.514207650273224
7956,7957,-24754876#4,4.280769230769231,0.29086538461538464
7958,7959,-24754876#5,4.910769230769231,0.47211538461538477
7960,7961,-24754876#7,2.9499999999999997,0.9030407343660355
7962,7963,-24754876#8,3.9625,0.3699082042455539
7964,7965,-24754876#9,0.5913793103448276,0.2488639401229617
7966,7967,-24754881#1,18.851162790697675,238.0454042081949
7968,7969,-24754881#2,1.2697674418604652,0.16943521594684385
7970,7971,-24754881#3,1.7804347826086957,0.21642512077294696
7972,7973,-24754881#4,0.525,0.2555555555555556
7974,7975,-24754881#5,1.4380434782608698,0.23816425120772944
7976,7977,-24754881#6,2.046153846153846,0.3130904183535763
7978,7979,-24754881#7,6.084615384615384,0.6410256410256411
7980,7981,-24754890#0,45.36000000000001,15.699999999999996
7982,7983,-24754890#1,11.340000000000002,0.7000000000000003
7984,7985,-24754890#2,11.2875,2.7500000000000004
7986,7987,-24754893,23.975,7.366666666666667
7988,7989,-24872465,5.775,0.5
7990,7991,-24872530#0,124.32000000000001,62451.41052631579
7992,7993,-24872530#1,30.1875,5975.266666666668
7994,7995,-24872530#2,30.310000000000002,6200.695238095237
7996,7997,-24872530#3,554.7500000000001,96508.66666666666
7998,7999,-24872530#5,7.3500000000000005,0.0
8002,8003,-24895299#0,2.1,0.0
8004,8005,-24895299#1,8.4,0.0
8006,8007,-24895300#0,28.35,0.0
8010,8011,-24895300#2,11.55,0.0
8012,8013,-24895300#3,6.825,0.5
8014,8015,-24895300#4,9.975,0.5
8016,8017,-24895300#5,51.975,0.5
8018,8019,-24895300#6,9.975,1.0000000000000002
8020,8021,-24895308,7.875,0.5
8022,8023,-24895312#0,12.25,0.6666666666666673
8024,8025,-24895312#1,23.4,1.9047619047619053
8026,8027,-24895312#2,8.781818181818181,0.8545454545454542
8028,8029,-24895312#3,18.585,4.011111111111112
8030,8031,-24943166#0,3.9899999999999998,0.19999999999999996
8032,8033,-24943166#1,8.750000000000002,2.3333333333333335
8034,8035,-24943166#2,12.600000000000001,0.0
8036,8037,-24943166#3,6.300000000000001,0.0
8040,8041,-24943168#0,13.125,0.5
8042,8043,-24943168#1,11.025,0.5
8052,8053,-24970784#1,147.84807692307695,39981.36153846154
8054,8055,-24970784#3,2.8673076923076923,0.5246153846153847
8056,8057,-24970784#5,4.9875,1.152173913043478
8058,8059,-24972185#2,30.203521126760563,1396.0955797679167
8060,8061,-24972185#3,18.964691943127963,674.972376438727
8062,8063,-24972185#5,8.542028985507248,8.806857089254716
8064,8065,-24972185#7,9.108254716981131,2.3911964589108474
8066,8067,-24972185#8,12.208208955223881,1.205074626865672
8068,8069,-24972185#9,6.855882352941177,0.9400173862648505
8070,8071,-24977473#0,30.66,5247.61818181818
8072,8073,-24977473#1,47.06739130434783,5196.235748792272
8074,8075,-24977473#2,8.522093023255815,1320.1528239202657
8076,8077,-24977473#4,16.09186046511628,1321.2248062015506
8078,8079,-24977548#0,9.1875,259.29545454545456
8080,8081,-24977548#1,2.625,1.9
8082,8083,-24977548#2,2.1,0.0
8086,8087,-24977577#0,2.1,0.0
8088,8089,-24977577#1,4.7250000000000005,0.5
8090,8091,-24977590#1,30.67778925619835,1644.4352403196274
8092,8093,-24978943#0,15.018987341772153,316.39370334307046
8094,8095,-24978943#1.15,11.455769230769231,1.0437895437895446
8100,8101,-24989986,5.965486725663718,320.9291642084561
8104,8105,-24991571,3.3500000000000005,195.71656232213994
8106,8107,-24991571.15,33.716205533596835,2981.1067507371854
8108,8109,-24991573,5.262352941176471,253.63371931449748
8110,8111,-25000737#0,31.5,0.0
8112,8113,-25000737#1,6.300000000000001,53.99999999999999
8114,8115,-25000737#2,2.625,0.33333333333333326
8116,8117,-25001007#1,47.90625,1311.5833333333333
8118,8119,-25001024,62.963793103448275,5690.463054187193
8120,8121,-25012173,15.225000000000001,0.5
8122,8123,-25027491#2,13.125,0.5
8124,8125,-25027491#3,9.975,0.5
8126,8127,-25076749#0,21.0,0.0
8132,8133,-25076787#0,17.85,0.0
8134,8135,-25076787#1,14.700000000000001,2.5714285714285716
8136,8137,-25076787#2,8.925,2.0
8140,8141,-25114091,57.75,1222.6666666666667
8142,8143,-25117391#0,2.1,0.4375
8144,8145,-25117391#1,23.863636363636363,467.89204545454544
8146,8147,-25117391#2,4.4953125,0.20866935483870966
8148,8149,-25117391#3,10.533870967741937,0.6322580645161288
8150,8151,-25117417#1,7.21,6.123809523809525
8152,8153,-25117417#2,8.120000000000001,0.6380952380952377
8154,8155,-25117417#4,8.4,5.043478260869566
8156,8157,-25117417#5,2.1875000000000004,0.07971014492753624
8158,8159,-25122731#1,20.650000000000002,209.88235294117644
8160,8161,-25122830#0,9.870000000000001,0.30000000000000004
8162,8163,-25122830#1,11.725,34.56666666666666
8164,8165,-25136251,9.450000000000001,0.0
8166,8167,-25136252,10.5,0.0
8168,8169,-25136980#0,46.2,27.0
8170,8171,-25136980#1,17.325,0.5
8186,8187,-25136981,15.225000000000001,0.5
8190,8191,-25136982#1,3.85,0.33333333333333337
8196,8197,-25136983#0,13.65,0.0
8200,8201,-25136984,14.700000000000001,0.0
8202,8203,-25136986,26.25,0.0
8208,8209,-25141428#2,10.5,0.0
8210,8211,-25141430#0,3.3000000000000003,0.4761904761904762
8212,8213,-25145011#0,16.8,0.0
8214,8215,-25145011#1,19.95,0.0
8216,8217,-25145011#2,19.95,0.0
8218,8219,-25145012#0,9.8,0.33333333333333304
8220,8221,-25145012#1,18.55,2.333333333333332
8232,8233,-25145012#7,11.55,0.0
8234,8235,-25145012#8,11.55,0.0
8236,8237,-25145013#0,22.3125,177.07142857142858
8238,8239,-25145013#1,47.90625,1720.383333333333
8240,8241,-25145014#0,19.95,2.0
8242,8243,-25145014#1,14.175,4.5
8244,8245,-25145014#2,19.95,0.0
8246,8247,-25145014#3,4.2,0.0
8248,8249,-25145014#4,3.1500000000000004,0.0
8252,8253,-25145014#6,3.1500000000000004,0.0
8254,8255,-25145014#7,2.1,0.0
8256,8257,-25145014#8,1.5750000000000002,0.5
8258,8259,-25145014#9,10.5,2.0
8260,8261,-25148803,121.80000000000001,24200.0
8264,8265,-25148812,7.000000000000001,0.33333333333333326
8266,8267,-25148889,4.41,0.19999999999999996
8268,8269,-25149001#1,55.125,706.1333333333333
8270,8271,-25149001#2,7.875,0.5769230769230769
8272,8273,-25149001#3,12.707692307692309,2.77867746288799
8274,8275,-25149001#4,16.0125,4.249999999999999
8276,8277,-25149001#5,4.83,1.3
8278,8279,-25149251#0,21.93947368421053,8.099415204678362
8280,8281,-25149251#1,31.74705882352941,10.066176470588236
8282,8283,-25149251#2,16.60909090909091,2.163636363636363
8284,8285,-25149251#3,38.456250000000004,15.410714285714286
8286,8287,-25149251#4,3.1500000000000004,0.0
8288,8289,-25171366#1,23.98846153846154,9.974358974358974
8290,8291,-25171366#2,9.555,0.9888888888888889
8294,8295,-25182154,23.8,1.3333333333333321
8300,8301,-25184651#1,8.4,0.0
8304,8305,-25184664#0,8.4,2.0
8306,8307,-25184664#1,5.25,0.0
8308,8309,-25184672,23.45,10.333333333333336
8312,8313,-25187891,13.65,2.0000000000000004
8314,8315,-25187892,19.95,0.0
8324,8325,-25188976#0,9.9225,0.6641025641025643
8326,8327,-25188976#1,15.72375,1.5634615384615385
8328,8329,-25188977,11.025,1.9487179487179493
8332,8333,-25188978#1,12.600000000000001,0.0
8334,8335,-25188978#3,23.625,0.5
8344,8345,-25190140#0,16.01923076923077,4.300944669365722
8346,8347,-25190140#1,20.22794117647059,6.6247771836007106
8348,8349,-25190140#2,3.3600000000000003,0.3411764705882352
8350,8351,-25192758,19.6,884.3333333333333
8352,8353,-25194376#0,9.450000000000001,0.0
8354,8355,-25194376#1,12.600000000000001,0.0
8356,8357,-25194376#2,6.300000000000001,0.0
8358,8359,-25195266#0,5.25,0.0
8362,8363,-25195266#2,9.975,0.5
8364,8365,-25195313#0,18.900000000000002,0.0
8370,8371,-25195391#0,10.5,0.0
8372,8373,-25195391#1,18.900000000000002,1.9999999999999993
8374,8375,-25195391#2,10.920000000000002,0.30000000000000004
8382,8383,-25316895,3.3000000000000003,0.12543554006968644
8384,8385,-25316932#2,7.473529411764706,0.3602941176470589
8386,8387,-25316932#3,13.83529411764706,1.5294117647058822
8388,8389,-25316932#4,10.675,1.558823529411765
8390,8391,-25316932#5,4.872,1.656666666666667
8392,8393,-25316932#6,5.460000000000001,0.510344827586207
8394,8395,-25316932#7,13.020000000000001,1.76551724137931
8396,8397,-25316932#8,2.345,0.18505747126436786
8398,8399,-253294209#1,4.2,0.0
8400,8401,-253294209#2,4.2,0.0
8402,8403,-253294209#3,4.2,0.0
8404,8405,-25331328#1,10.5,0.0
8406,8407,-25331328#2,2.8,0.33333333333333337
8408,8409,-25331328#3,4.2,0.0
8410,8411,-25331328#4,2.1,0.0
8414,8415,-25331328#6,1.5750000000000002,0.5
8416,8417,-25331328#7,4.7250000000000005,0.5
8418,8419,-25331996#0,13.125,4.3
8420,8421,-25331996#1,38.85,26.499999999999993
8422,8423,-25331996#2,45.15,0.0
8424,8425,-25341073#0,6.93,0.30000000000000004
8426,8427,-25341073#1,7.3500000000000005,0.5
8428,8429,-25341073#10,5.366666666666666,1.3611111111111114
8430,8431,-25341073#11,6.0,0.9047619047619048
8432,8433,-25341073#12,7.14,0.2
8434,8435,-25341073#13,12.18,1.8000000000000003
8436,8437,-25341073#14,13.65,0.0
8438,8439,-25341073#2,4.83,0.30000000000000004
8440,8441,-25341073#3,7.14,0.7
8442,8443,-25341073#4,6.93,1.7999999999999998
8444,8445,-25341073#7,12.20625,1.410714285714286
8446,8447,-25341073#9,5.95,0.7499999999999999
8450,8451,-25341141#0,12.186363636363636,1.8087121212121209
8452,8453,-25341141#2,8.668604651162791,0.8615725359911398
8460,8461,-25344437#1,471.5083333333333,68978.64379084967
8462,8463,-25344437#2,3.2052631578947373,0.4970760233918129
8464,8465,-25344437#3,2.3916666666666666,0.3300653594771242
8466,8467,-25344437#4,5.747368421052632,0.4853801169590643
8468,8469,-25344437#5,4.03421052631579,1.3625730994152048
8470,8471,-25344437#6,4.41,0.17142857142857132
8472,8473,-25344437#7,142.8,33282.0
8474,8475,-25344437#8,4.2,0.0
8476,8477,-25344439#0,143.5,46661.33333333333
8478,8479,-25344439#1,69.09,18658.7
8486,8487,-25344542#0,6.586363636363636,0.4545454545454545
8488,8489,-25344542#1,1.8772727272727274,0.17234848484848492
8490,8491,-25344542#2,1.2541666666666667,0.16111111111111118
8492,8493,-25344542#3,2.8460526315789476,0.2652916073968707
8494,8495,-25344542#4,6.784615384615385,12.465587044534411
8496,8497,-25363743#1,11.025,0.5
8498,8499,-25363743#2,4.2,0.0
8500,8501,-25363743#3,2.1,0.0
8508,8509,-25363746,17.85,0.0
8518,8519,-25366901#1,11.76,1.2000000000000006
8520,8521,-25366901#3,7.3500000000000005,0.0
8522,8523,-25375417#1,11.55,18.0
8524,8525,-25375417#10,6.0375000000000005,0.9166666666666666
8534,8535,-25375417#3,4.55,0.33333333333333326
8538,8539,-25375417#7,9.450000000000001,0.0
8540,8541,-25375417#8,9.8,12.333333333333334
8542,8543,-25375417#9,27.3,0.0
8544,8545,-25375770#0,11.55,0.0
8546,8547,-25375770#1,9.450000000000001,0.0
8548,8549,-25375770#2,14.175,6.617647058823529
8550,8551,-25375770#3,5.366666666666666,0.5751633986928105
8552,8553,-25375770#4,2.7300000000000004,0.46315789473684194
8554,8555,-25375770#5,4.807894736842105,0.7017543859649122
8556,8557,-25375770#6,7.184210526315789,1.140350877192982
8558,8559,-25375770#7,2.6653846153846152,0.4358974358974359
8560,8561,-25375770#8,4.2,0.5
8562,8563,-25375814#1,13.65,28.666666666666668
8564,8565,-25375814#2,18.900000000000002,8.0
8566,8567,-25377287#0,10.478125,4.914450354609929
8568,8569,-25377287#2,5.228125,0.5740248226950352
8570,8571,-25377287#3,3.609375,0.37898936170212766
8572,8573,-25377287#4,2.8933333333333335,0.41616161616161607
8574,8575,-25377287#5,16.336046511627906,4.1096345514950166
8576,8577,-25377287#6,19.314473684210526,7.326458036984354
8578,8579,-25377287#7,14.20263157894737,3.769559032716927
8580,8581,-25377287#8,4.064516129032258,0.3161290322580645
8582,8583,-25380714#1,101.15,3549.8666666666663
8584,8585,-25380898#0,12.600000000000001,0.0
8592,8593,-25488710#0,3.4125,0.25
8594,8595,-25488710#1,3.57,2.3
8598,8599,-25488710#3,3.1500000000000004,0.0
8600,8601,-25488710#4,3.1500000000000004,0.0
8606,8607,-25503468#1,5.88,2.933333333333333
8614,8615,-25534317#0,24.150000000000002,0.0
8616,8617,-25534317#1,10.5,0.0
8618,8619,-25534318,13.65,0.0
8624,8625,-25543966#0,4.2,0.0
8630,8631,-25543966#4,14.700000000000001,8.0
8632,8633,-25543966#5,14.700000000000001,1.0
8636,8637,-25543980#0,3.091666666666667,0.17320261437908502
8638,8639,-25543980#1,2.7204545454545457,0.3484848484848485
8640,8641,-25543980#11,4.9750000000000005,8.685830429732869
8642,8643,-25543980#2,2.345,0.3919540229885058
8644,8645,-25543980#3,5.5209677419354835,0.5311827956989246
8646,8647,-25543980#5,2.2640625,0.20060483870967744
8648,8649,-25543980#6,2.4609375,0.2328629032258064
8650,8651,-25543980#7,3.9375,0.3870967741935485
8652,8653,-25543980#8,0.9450000000000001,0.2974358974358975
8654,8655,-25543980#9,2.3197674418604652,0.9789590254706537
8658,8659,-25544013#1,10.5,2.0
8660,8661,-25544013#10,2.7300000000000004,0.2666666666666667
8662,8663,-25544013#11,8.686363636363637,14.218181818181819
8664,8665,-25544013#2,2.625,0.5
8666,8667,-25544013#3,1.05,0.0
8668,8669,-25544013#4,3.1500000000000004,0.0
8670,8671,-25544013#5,1.5750000000000002,0.3333333333333333
8672,8673,-25544013#6,1.7500000000000002,0.26666666666666666
8674,8675,-25544013#8,3.6,0.2857142857142857
8676,8677,-25573246#0,37.800000000000004,0.0
8680,8681,-25573254#0,6.300000000000001,0.0
8682,8683,-25573254#1,6.300000000000001,0.0
8684,8685,-25573254#2,3.9375,0.25000000000000006
8686,8687,-25573254#3,5.25,0.0
8694,8695,-25573267#0,17.85,0.0
8696,8697,-25573267#1,7.7700000000000005,0.30000000000000004
8698,8699,-25573267#2,21.630000000000003,0.8000000000000005
8700,8701,-25595895#0,14.32741935483871,17.103225806451615
8702,8703,-25595895#1,12.623333333333333,36.204040404040406
8704,8705,-25595931,12.600000000000001,3.3333333333333335
8706,8707,-25596851#0,16.8,0.0
8708,8709,-25596851#1,4.7250000000000005,0.5
8710,8711,-25596851#2,4.2,0.0
8712,8713,-25596851#3,4.7250000000000005,0.5
8714,8715,-25596851#4,2.1,0.0
8716,8717,-25596851#5,1.05,0.0
8720,8721,-25596855,29.904000000000003,7.093333333333336
8722,8723,-25596861#0,1016.2384615384616,579875.9743589744
8724,8725,-25596861#1,23.8875,1175.5406976744187
8726,8727,-25596861#2,61.36666666666667,6152.616161616159
8728,8729,-25596974#0,36.4,22.33333333333333
8730,8731,-25596974#1,5.5125,0.3863636363636365
8732,8733,-25597196#0,70.2,7174.131868131868
8734,8735,-25597196#1,33.8423076923077,4435.525641025641
8736,8737,-25597196#2,38.44615384615385,2786.75641025641
8738,8739,-25597196#4,14.700000000000001,12.000000000000002
8740,8741,-25597196#5,13.65,2.5714285714285707
8742,8743,-25597196#6,4.5,0.23809523809523803
8744,8745,-25597196#7,14.55,2.4761904761904754
8746,8747,-25597196#9,17.85,4.666666666666669
8748,8749,-25597372,14.338524590163935,50.62950819672132
8752,8753,-25616922#0,20.387500000000003,694.2651515151514
8754,8755,-25616922#1,4.486363636363636,0.6181818181818182
8756,8757,-25616922#3,6.681818181818182,0.4545454545454545
8758,8759,-25616922#4,2.52,0.2666666666666666
8760,8761,-25616922#5,1.776923076923077,0.2307692307692308
8762,8763,-25616922#6,6.675,0.8626373626373627
8764,8765,-25616922#7,10.2,2.7142857142857153
8766,8767,-25616922#8,7.0875,1.5657894736842106
8768,8769,-25623125#0,55.34516129032259,3842.111052353253
8770,8771,-25623125#1,0.8806451612903227,0.3014278159703861
8772,8773,-25623125#2,7.637903225806452,3.317028027498678
8774,8775,-25623125#3,8.687903225806451,0.8252247488101535
8776,8777,-25623125#4,9.7125,0.8888888888888891
8778,8779,-25623126#1,8.05,27.46666666666666
8780,8781,-25623126#2,4.2,0.6666666666666665
8782,8783,-25623126#3,11.025,1.6666666666666667
8784,8785,-25623126#4,5.25,0.0
8786,8787,-25623127#0,1.7500000000000002,0.3333333333333333
8788,8789,-25623127#1,6.65,0.33333333333333326
8790,8791,-25623128#0,30.1875,12.916666666666666
8792,8793,-25623128#1,13.65,2.0
8794,8795,-25623128#2,28.35,0.0
8796,8797,-25623128#3,6.825,0.5
8798,8799,-25623128#4,6.825,0.5
8800,8801,-25623128#5,14.175,0.5
8802,8803,-25623128#6,12.600000000000001,0.0
8804,8805,-25623135#0,11.025,10.571428571428573
8806,8807,-25623135#2,2.1,0.0
8814,8815,-25623139,11.666666666666666,23.00215749730314
8818,8819,-25625950#0,6.358333333333333,0.7614379084967318
8820,8821,-25625950#1,6.982500000000001,0.6605263157894739
8824,8825,-25626559#0,12.3375,220.25
8826,8827,-25626559#2,3.5000000000000004,0.33333333333333337
8830,8831,-25626614#0,5.55,0.9047619047619047
8832,8833,-25626614#1,1.35,0.2380952380952381
8834,8835,-25626614#2,7.2,0.8095238095238093
8836,8837,-25626614#3,17.85,1.666666666666666
8838,8839,-25626620#0,3.045,1.211111111111111
8840,8841,-25626620#1,2.1,1.0
8844,8845,-25626622#0,11.7796875,1084.9506048387095
8846,8847,-25626622#1,6.4750000000000005,32.87878787878787
8848,8849,-25626622#2,3.5000000000000004,1.25
8850,8851,-25626777#0,13.65,0.0
8856,8857,-25638462#0,9.736829268292684,1.7681492109038737
8858,8859,-25638462#1,17.670731707317074,2.3677666188426594
8860,8861,-25638462#2,6.7926540284360195,0.6692845858722631
8862,8863,-25638462#3,10.072037914691943,1.0330850823741806
8864,8865,-25638462#4,10.285000000000002,1.2736614262930068
8868,8869,-25638463#1,1.05,0.0
8872,8873,-25638468,3.1500000000000004,0.0
8876,8877,-25638471#2,5.775,0.5
8878,8879,-25638471#3,7.3500000000000005,0.0
8880,8881,-25638471#4,5.6,1.333333333333333
8882,8883,-25638471#5,1.05,0.0
8884,8885,-25638471#6,3.6750000000000003,4.5
8890,8891,-25638471#9,3.1500000000000004,0.6666666666666666
8896,8897,-25638527,4.640322580645161,2.8516129032258064
8898,8899,-25638529,18.305,87.21954022988504
8900,8901,-25638614,25.830000000000002,118.3
8904,8905,-25638617#1,23.1,0.0
8906,8907,-25638625,14.700000000000001,0.0
8910,8911,-25638642,16.1,0.3333333333333335
8912,8913,-25638649,12.075000000000001,0.5
8920,8921,-25638761#0,34.168749999999996,1249.1249999999998
8922,8923,-25638761#2,9.674,0.8727927927927925
8924,8925,-25638761#4,6.47093023255814,6.615725359911406
8926,8927,-25638761#5,2.9790697674418607,0.23477297895902552
8928,8929,-25638761#6,13.675,8.218931475029033
8930,8931,-25638775,8.05,0.33333333333333326
8932,8933,-25640093#0,9.975,0.5
8934,8935,-25640093#1,13.125,0.5
8936,8937,-25640093#2,6.026086956521739,5.2015810276679835
8938,8939,-25640093#3,40.95,0.0
8940,8941,-25640093#4,365.0181818181818,37275.854545454546
8942,8943,-25640093#5,14.175,12.5
8944,8945,-25640093#6,8.925,4.5
8946,8947,-25640093#7,14.700000000000001,0.0
8948,8949,-25640093#8,59.150000000000006,6728.666666666667
8954,8955,-25640097#1,14.700000000000001,0.0
8956,8957,-25640098#0,21.0,1.3999999999999997
8960,8961,-25640145#0,7.7700000000000005,1.3
8962,8963,-25640145#1,5.25,1.5
8964,8965,-25640145#2,7.7,0.6666666666666667
8966,8967,-25640145#3,2.8,0.6666666666666667
8968,8969,-25640145#4,4.5,0.9047619047619045
8970,8971,-25640145#5,12.299999999999999,0.9047619047619051
8972,8973,-25640148#0,8.4,1.9999999999999998
8974,8975,-25640148#1,4.4625,0.25000000000000006
8976,8977,-25640148#2,9.8,0.3333333333333335
8978,8979,-25640148#3,8.750000000000002,1.333333333333333
8980,8981,-25640149,25.200000000000003,0.0
8982,8983,-25640150,21.525000000000002,58.7
8984,8985,-25640157#0,39.78333333333333,1265.516339869281
8986,8987,-25640157#1,6.6000000000000005,0.5714285714285714
8988,8989,-25640157#2,16.1,2.3333333333333335
8990,8991,-25640375#0,4.390909090909091,0.1636363636363637
8992,8993,-25640375#1,8.26875,0.9821428571428573
8994,8995,-25640375#2,4.375000000000001,0.16666666666666666
8996,8997,-25640375#3,9.03,1.8000000000000003
8998,8999,-25650512,6.300000000000001,0.0
9000,9001,-25650588#0,73.43,10987.923809523807
9002,9003,-25650588#1,11.725,2.166666666666667
9004,9005,-25650588#2,2.8875,0.24999999999999997
9006,9007,-25650588#3,8.4,0.0
9008,9009,-25650588#4,7.3500000000000005,0.0
9010,9011,-25665374,60.375,6523.428571428572
9012,9013,-25665375#0,273.0,32.0
9014,9015,-25665375#1,19.53,7.299999999999998
9016,9017,-25665412#0,24.348333333333336,9.48077403245943
9018,9019,-25665412#1,109.03353658536587,177.44369165913875
9020,9021,-25665412#2,53.0775,43.61772151898731
9022,9023,-25665421#0,21.0,0.0
9034,9035,-25665446#0,2.625,0.3
9036,9037,-25665446#1,5.775,0.3
9038,9039,-25665446#2,1.05,0.0
9040,9041,-25665446#3,7.3500000000000005,0.0
9042,9043,-25665446#4,3.1500000000000004,0.0
9044,9045,-25665446#5,6.65,0.2666666666666665
9046,9047,-25665446#6,17.587500000000002,155.64285714285714
9048,9049,-25689281#1,69.86145833333335,1682.026757964258
9050,9051,-25689281#2,31.572916666666668,1139.9671717171714
9052,9053,-25689281#3,33.26538461538462,1368.406168417218
9054,9055,-25689281#4,12.823770491803279,430.11367321203386
9056,9057,-25699357#0,11.2875,0.25000000000000017
9058,9059,-25699357#1,4.7250000000000005,0.3333333333333335
9060,9061,-25699357#2,5.64375,0.8392857142857141
9062,9063,-25699357#3,3.57,0.30000000000000004
9064,9065,-25699357#4,8.925,3.099999999999999
9066,9067,-25705489#0,51.35454545454545,28.290909090909093
9070,9071,-25705489#2,93.8,420.3333333333334
9072,9073,-25705489#3,115.7625,538.25
9074,9075,-25705489#4,1.3125,0.25
9076,9077,-25705904#0,0.7538461538461538,0.38694638694638706
9078,9079,-25705904#1,16.315384615384616,4.303696303696301
9080,9081,-25705905,6.323863636363637,0.8040752351097176
9082,9083,-25708166#1,3.1500000000000004,0.0
9084,9085,-25794504#1,10.955,1.0971751412429376
9086,9087,-25796375#1,68.25,9571.172413793103
9088,9089,-25796375#2,108.0483870967742,18320.22365591398
9090,9091,-25796964#0,15.05,0.6666666666666667
9092,9093,-25796964#1,13.125,0.5
9094,9095,-25797315#0,80.28681818181819,11535.553711426188
9096,9097,-25797315#1,23.544230769230772,58.49384615384614
9098,9099,-25797315#2,61.075,10171.766666666666
9100,9101,-25797370,15.75,0.0
9102,9103,-25797433#0,20.107499999999998,2.871052631578947
9104,9105,-25797433#1,21.105000000000004,65.25263157894737
9106,9107,-25797433#2,6.8775,1.1026315789473689
9108,9109,-25797433#3,10.808823529411766,1.4705882352941178
9110,9111,-25801550#0,1.05,0.0
9112,9113,-25801550#1,28.35,0.0
9114,9115,-25801550#2,9.450000000000001,0.0
9126,9127,-25801569,13.815168539325843,26.338610827374872
9128,9129,-25801580#0,3.1500000000000004,0.0
9132,9133,-25801580#2,7.3500000000000005,0.0
9140,9141,-25804120#0,1.7500000000000002,0.6666666666666667
9142,9143,-25804120#1,14.700000000000001,2.0000000000000004
9144,9145,-25804120#2,12.075000000000001,0.5
9146,9147,-25804122,17.85,0.0
9150,9151,-25804129,25.200000000000003,1.5000000000000004
9152,9153,-25869404#0,3.9375,0.9166666666666666
9154,9155,-25869404#1,11.9,3.4666666666666663
9156,9157,-25869404#4,5.6,0.3333333333333335
9160,9161,-25889271#0,9.450000000000001,0.0
9166,9167,-25895943#0,8.4,2.0
9168,9169,-25895943#1,12.075000000000001,4.5
9170,9171,-25895943#2,12.600000000000001,0.0
9172,9173,-25895945#0,6.956250000000001,0.65
9174,9175,-25895945#1,10.027500000000002,0.8921052631578953
9176,9177,-25895945#2,11.2,11.623188405797103
9178,9179,-25895947#0,28.35,8.0
9180,9181,-25895947#1,17.85,2.0
9182,9183,-25895961,17.172580645161293,2.2365591397849456
9184,9185,-25895966#0,49.14,7771.288888888888
9186,9187,-25895966#1,29.925,5319.714285714285
9188,9189,-25895966#2,2.49375,0.2678571428571429
9190,9191,-25895966#3,28.743750000000002,4059.9821428571427
9192,9193,-25895966#5,6.450000000000001,7.142857142857143
9194,9195,-25895966#6,27.5625,1863.9285714285713
9196,9197,-25895966#7,48.650000000000006,11371.466666666667
9198,9199,-25901651#0,11.55,0.0
9200,9201,-25901651#1,5.775,1.0
9202,9203,-25901651#2,233.73,239477.3
9204,9205,-25901651#3,6.300000000000001,0.0
9206,9207,-25901651#4,9.1875,2.25
9208,9209,-25901651#5,13.440000000000001,2.7
9210,9211,-25901682,7.3500000000000005,0.0
9212,9213,-25901699,39.9,3713.5
9220,9221,-25936570,76.65,2.0
9222,9223,-25955082#0,16.8,0.0
9226,9227,-25955083#0,5.25,0.0
9228,9229,-25955083#1,3.1500000000000004,0.0
9230,9231,-25955083#2,10.5,0.0
9232,9233,-25955083#4,26.775000000000002,0.5
9234,9235,-25955084#1,53.8125,2486.916666666667
9236,9237,-25955085,1266.125,162225.76666666666
9238,9239,-25955087#0,79.8,7680.0
9240,9241,-25955087#1,503.8833333333334,288412.1111111111
9242,9243,-25955087#2,204.22500000000002,26680.5
9244,9245,-25955175#0,25.571162790697674,250.72492936318213
9246,9247,-25955175#1,22.72021276595745,540.5101831835256
9248,9249,-25955175#2,1.8856020942408378,0.3212455221824195
9250,9251,-25955175#3,11.335602094240837,202.44756131165596
9254,9255,-25955318#1,10.5,0.0
9256,9257,-25974839#1,3.1500000000000004,0.0
9262,9263,-25974839#4,12.075000000000001,0.5
9264,9265,-25974839#5,9.7125,2.25
9266,9267,-25974839#6,2.1,1.0
9268,9269,-25993505#1,96.6388888888889,11764.190883190882
9270,9271,-25993505#2,19.05,3081.362637362637
9272,9273,-25993505#3,3.45,0.3142857142857142
9274,9275,-25993505#4,2.739130434782609,0.3399209486166007
9276,9277,-25993505#5,6.300000000000001,0.0
9278,9279,-26134437,6.300000000000001,0.0
9290,9291,-26134450,14.700000000000001,0.0
9300,9301,-26134468#2,6.300000000000001,0.0
9304,9305,-26134480#0,22.4,6.333333333333333
9306,9307,-26134480#1,15.225000000000001,0.5
9314,9315,-26134507#0,14.35,1.333333333333333
9316,9317,-26134507#1,12.950000000000001,0.3333333333333335
9328,9329,-26135504#0,11.55,0.0
9330,9331,-26135504#1,4.2,0.0
9332,9333,-26135504#2,5.25,0.0
9338,9339,-26135510#0,6.300000000000001,0.0
9340,9341,-26135510#1,7.3500000000000005,0.0
9344,9345,-26135523#0,5.536363636363636,0.6181818181818183
9346,9347,-26135523#1,1.8900000000000001,0.17777777777777773
9350,9351,-261386207#1,15.75,0.0
9354,9355,-261386347#1,7.3500000000000005,0.0
9356,9357,-261445607#0,5.25,0.0
9358,9359,-261445607#1,5.25,0.0
9372,9373,-261448764#5,17.85,18.0
9374,9375,-261448764#6,5.775,4.5
9376,9377,-26176222#0,22.009615384615383,5.558461538461553
9378,9379,-26176222#1,7.939024390243902,0.802439024390244
9380,9381,-26176222#2,17.74756097560976,15.290243902439025
9386,9387,-26176224#0,6.300000000000001,1.0
9388,9389,-26176224#1,6.300000000000001,2.0
9390,9391,-26176224#2,8.137500000000001,3.5833333333333335
9392,9393,-26176225#0,19.88823529411765,1426.433823529412
9394,9395,-26176225#1,6.4,0.5904761904761902
9396,9397,-26176225#3,1.7000000000000002,0.24761904761904763
9398,9399,-26176225#4,3.3782608695652177,0.35968379446640303
9400,9401,-26176225#5,6.51875,0.3460144927536231
9402,9403,-26176229,13.65,0.0
9404,9405,-26179010,65.10000000000001,0.0
9412,9413,-26180731#0,15.825000000000001,539.1483516483515
9416,9417,-26180733#1,2.1,0.0
9418,9419,-26180733#2,2.45,1.3333333333333333
9420,9421,-26180733#3,2.1,0.0
9426,9427,-26219869#0,44.8,16.333333333333332
9428,9429,-26219869#1,11.025,0.5
9430,9431,-26219869#2,11.025,0.5
9432,9433,-26219870#1,53.2,114.33333333333331
9434,9435,-26219870#2,80.85000000000001,0.0
9436,9437,-26219871#0,24.4125,4.916666666666667
9446,9447,-26224134#0,8.19,0.7
9448,9449,-26224134#1,8.4,0.5
9450,9451,-26224134#2,13.475000000000001,3.7666666666666657
9452,9453,-26224442,5.147058823529412,0.2901960784313724
9454,9455,-26224444#0,62.61818181818182,40.054545454545455
9458,9459,-26224547,22.750000000000004,0.33333333333333304
9460,9461,-26224549,23.1,0.0
9464,9465,-26288510#0,4.0687500000000005,10.125
9466,9467,-26288510#1,13.65,0.0
9482,9483,-26320108#7,13.125,0.5
9484,9485,-26334132#0,13.321875,7.295833333333334
9486,9487,-26334132#1,17.664705882352944,1.529411764705881
9488,9489,-26334133#0,7.309615384615385,0.3584615384615391
9490,9491,-26334133#1,9.537500000000001,1.2971014492753628
9492,9493,-26334133#2,6.586363636363636,0.779220779220779
9494,9495,-26339462#0,1.6800000000000002,9.795918367346937
9496,9497,-26339462#1,2.40625,10.253546099290778
9498,9499,-26339462#2,20.846875,811.0633865248226
9500,9501,-26339462#4,28.14,2721.1384615384613
9502,9503,-26339463#0,24.28125,6.410714285714286
9504,9505,-26339463#1,3.45,0.9047619047619047
9506,9507,-26339463#2,3.1500000000000004,0.6666666666666666
9508,9509,-26339463#3,4.7250000000000005,0.3333333333333333
9510,9511,-26339463#4,8.4,0.6666666666666666
9512,9513,-26339463#5,17.325,40.5
9514,9515,-26339463#6,2.1,0.3333333333333333
9516,9517,-26339463#7,4.65,0.2857142857142857
9518,9519,-26339463#8,5.04,0.40000000000000036
9520,9521,-26339463#9,12.600000000000001,0.0
9522,9523,-26339464#0,7.254545454545455,0.8909090909090909
9524,9525,-26339464#1,10.2,1.904761904761905
9526,9527,-26339464#2,8.4,0.6666666666666666
9528,9529,-26339464#3,4.65,0.2857142857142857
9530,9531,-26339465,13.387500000000001,1.5833333333333337
9534,9535,-26339468#0,5.366666666666666,1.1111111111111112
9536,9537,-26339468#1,3.1500000000000004,0.7500000000000002
9538,9539,-26339468#2,12.600000000000001,0.0
9542,9543,-26339471#0,5.833333333333333,0.2777777777777777
9544,9545,-26339471#1,7.304347826086957,2.7707509881422925
9546,9547,-26339471#2,1.4482758620689657,0.458128078817734
9548,9549,-26339471#3,8.71111111111111,1.447293447293448
9550,9551,-26339471#4,3.6750000000000003,0.26
9552,9553,-26339471#5,17.446153846153848,13.046153846153848
9556,9557,-26339472#1,3.1500000000000004,0.0
9558,9559,-26339472#2,8.4,0.0
9560,9561,-26339472#3,11.55,0.0
9562,9563,-26339472#4,6.300000000000001,0.0
9564,9565,-26339472#5,10.950000000000001,0.6190476190476194
9566,9567,-26339473#0,13.428947368421053,1.39766081871345
9570,9571,-26339478#0,14.700000000000001,0.9999999999999992
9572,9573,-26339478#1,4.13,0.0666666666666667
9574,9575,-26339478#2,11.69,0.980952380952381
9576,9577,-26339478#3,10.850000000000001,0.8235294117647056
9578,9579,-26339478#4,9.573529411764707,0.4852941176470588
9582,9583,-26339480#1,18.375,4.5
9584,9585,-26339480#3,18.6375,4.249999999999997
9586,9587,-26339623#0,9.450000000000001,0.0
9588,9589,-26339623#2,7.3500000000000005,0.0
9596,9597,-26339623#6,2.1,1.0
9598,9599,-26339623#7,4.55,1.3333333333333335
9600,9601,-26339624#1,8.925,0.5
9602,9603,-26339624#2,8.05,1.333333333333333
9608,9609,-26339626#0,3.1500000000000004,0.0
9614,9615,-26339627#1,18.900000000000002,0.0
9620,9621,-26356902#0,28.980000000000004,3.2999999999999985
9622,9623,-26356902#1,20.236363636363638,1.818181818181819
9624,9625,-26356922#1,6.300000000000001,0.0
9628,9629,-26358091#0,19.95,0.0
9630,9631,-26358091#1,1.05,0.0
9632,9633,-263949099#0,7.3500000000000005,8.0
9634,9635,-26416597#1,21.0,0.0
9638,9639,-26416599#0,10.709999999999999,1.6999999999999997
9640,9641,-26416599#1,7.933333333333334,2.027777777777777
9642,9643,-26416600#0,42.0,0.0
9644,9645,-26416600#1,8.05,5.466666666666666
9646,9647,-26416600#2,11.025,1.1
9650,9651,-26416602#0,9.118421052631579,1.0058479532163738
9652,9653,-26416602#1,9.450000000000001,0.0
9654,9655,-26416602#2,8.4,0.0
9656,9657,-26416602#3,5.460000000000001,0.2
9658,9659,-26416602#4,9.450000000000001,0.0
9662,9663,-26416602#6,7.3500000000000005,0.0
9664,9665,-26416603#0,8.26875,0.5166666666666667
9666,9667,-26416603#1,7.21,0.9809523809523807
9668,9669,-26416603#10,2.975,0.16666666666666669
9670,9671,-26416603#11,2.1,1.0
9672,9673,-26416603#12,8.4,2.0
9674,9675,-26416603#2,2.5772727272727276,0.27272727272727276
9676,9677,-26416603#3,3.4363636363636365,1.018181818181818
9678,9679,-26416603#4,3.54375,0.2678571428571428
9680,9681,-26416603#5,4.9,0.2666666666666667
9682,9683,-26416603#6,3.9375,0.25
9684,9685,-26416603#7,4.9,0.3333333333333335
9686,9687,-26416603#8,4.375000000000001,0.16666666666666666
9688,9689,-26416603#9,2.45,0.2666666666666666
9694,9695,-26416605#0,7.3500000000000005,2.0
9696,9697,-26416605#1,9.450000000000001,0.0
9698,9699,-26416605#2,19.6,21.333333333333336
9700,9701,-26416606#0,7.875,0.5
9702,9703,-26416606#1,7.875,0.5
9704,9705,-26416606#2,11.8125,0.7857142857142858
9706,9707,-26416606#3,5.11875,0.125
9708,9709,-26416607,16.8,9.0
9716,9717,-26438880#0,12.64375,3.2322695035460987
9726,9727,-26438881#3,4.7250000000000005,0.5
9728,9729,-26438881#4,4.55,0.3333333333333335
9730,9731,-26438881#5,1.925,0.16666666666666669
9732,9733,-26438881#6,19.25,2.2666666666666666
9738,9739,-26438884#1,7.592307692307693,3.784615384615384
9740,9741,-26438884#2,9.409615384615385,3.878461538461538
9742,9743,-26438884#3,5.021739130434783,0.6324110671936759
9744,9745,-26438884#4,2.265789473684211,0.25146198830409355
9746,9747,-26438884#5,13.358333333333333,1.3888888888888888
9748,9749,-26438884#6,4.9,0.23529411764705874
9750,9751,-26438884#7,1.7500000000000002,0.23529411764705882
9752,9753,-26438884#8,4.55,0.3529411764705883
9754,9755,-26438885#1,14.175,4.5
9756,9757,-26438885#2,1.05,0.0
9758,9759,-26438885#3,4.2,0.0
9760,9761,-26451325#1,12.075000000000001,4.5
9766,9767,-26451327#1,5.25,0.0
9768,9769,-26451327#10,3.6750000000000003,0.5
9770,9771,-26451327#11,4.316666666666666,0.6111111111111112
9778,9779,-26451327#15,4.2,0.0
9782,9783,-26451327#17,5.95,1.3333333333333335
9784,9785,-26451327#18,3.45,0.23809523809523805
9786,9787,-26451327#19,8.750000000000002,45.80952380952382
9790,9791,-26451327#4,3.1500000000000004,0.0
9792,9793,-26451327#6,1.05,0.0
9796,9797,-26471752#1,17.22,326.3
9798,9799,-26471752#2,9.625,1.7666666666666668
9800,9801,-26471752#3,1.05,0.0
9802,9803,-26471752#4,3.6750000000000003,1.9
9804,9805,-26471752#5,2.52,0.7999999999999999
9806,9807,-26471933,4.928980891719745,0.43156949207904605
9808,9809,-26471934#1,5.25,0.0
9810,9811,-26471934#2,19.95,0.0
9812,9813,-26471934#3,5.25,0.0
9824,9825,-26471937#2,9.450000000000001,0.0
9826,9827,-26471937#3,11.55,0.0
9828,9829,-26471939#0,11.025,124.3
9830,9831,-264743653#0,34.65,0.0
9832,9833,-264743653#1,96.81,290.20000000000005
9836,9837,-26546533,3.1500000000000004,0.5
9858,9859,-26574716#3,8.6625,10.250000000000002
9860,9861,-26574717,2.1,0.0
9864,9865,-26597826#1,26.6,44.33333333333334
9870,9871,-26642301#1,3.1500000000000004,0.0
9872,9873,-26642302#0,6.825,0.5
9874,9875,-26642303#0,67.2,98.0
9876,9877,-26642304#0,2.1,1.0
9878,9879,-26642305#1,21.21,7.7
9886,9887,-26642362#0,10.5,0.0
9888,9889,-26642362#1,16.8,0.0
9890,9891,-26642362#2,8.05,0.33333333333333326
9892,9893,-26642362#3,3.6750000000000003,0.3333333333333333
9894,9895,-26642362#4,0.21000000000000002,0.20000000000000004
9896,9897,-26642362#5,3.57,0.3
9902,9903,-26642373#1,6.300000000000001,0.0
9914,9915,-266507550#0,11.770500000000002,100.29738693467341
9916,9917,-266561174#0,7.861061946902655,2.109197218710493
9918,9919,-266561177#0,2.190234375,0.15791092519685038
9920,9921,-266561177#1,6.02109375,0.6532972440944881
9922,9923,-266561178#0,12.817241379310346,38.598522167487694
9924,9925,-266565295#0,29.888059701492537,1046.5313451059717
9926,9927,-266565295#1,36.99127659574469,1616.5696865217974
9928,9929,-266565295#2,18.266258351893097,215.61480870187708
9930,9931,-266565295#3,22.598302872062664,80.50670512487524
9932,9933,-266565295#4,3.99375,1.3705242966751925
9934,9935,-266565295#6,15.257971014492755,2.9977956005815853
9936,9937,-266565299,11.665937500000002,437.822855775922
9938,9939,-266565302,21.489473684210527,4058.0083162451574
9940,9941,-266567307#0,49.55288135593221,2726.550038847804
9942,9943,-266567307#1,12.546337308347532,1062.2328784645706
9944,9945,-266607792#0,8.88305785123967,234.3430132566246
9946,9947,-266607792#1,3.999130434782609,61.80050556117289
9948,9949,-266607792#2,1.2489795918367348,0.8207082331679535
9950,9951,-266607792#3,15.569287833827893,521.2500529885542
9952,9953,-266607792#4,14.051656626506025,419.31848542205057
9954,9955,-266607792#5,11.148432601880877,168.49478519745279
9956,9957,-266607792#7,5.23,174.03785259326662
9958,9959,-266607795#0,2.9409952606635072,0.44590385917400144
9960,9961,-266607795#1,2.388625592417062,0.23836605732340324
9962,9963,-266607795#2,4.13,0.6175438596491232
9964,9965,-266607795#4,4.751515151515152,0.44352150951135755
9966,9967,-266607795#5,4.98203125,0.5889779668411868
9968,9969,-266607795#6,1.0389473684210526,0.285602896129212
9970,9971,-266607795#7,2.995081967213115,0.3572329310034229
9972,9973,-266607795#8,5.553333333333334,0.4747361887026693
9974,9975,-266607795#9,10.968644067796612,1.5326142783769905
9976,9977,-266607796,1.883408071748879,0.263564012442936
9978,9979,-266607798,1.2901345291479822,0.18619965256736565
9980,9981,-266607800#0,2.5567796610169493,0.24717514124293788
9982,9983,-266607800#1,4.134745762711865,0.9222521828454028
9984,9985,-266607801#0,2.828767123287671,0.47019395919735263
9986,9987,-266607801#1,4.6375,1.193023255813954
9988,9989,-266607802#1,12.127251184834124,92.08679756262694
9990,9991,-266607803#1,36.28363636363637,1768.7006493506508
9992,9993,-266607803#2,10.020901639344263,715.4104124560217
9994,9995,-266607804#0,1.3759701492537315,0.5680042899276077
9996,9997,-266607804#1,29.300762195121955,2375.223456030431
9998,9999,-266607805#0,17.765217391304347,133.9371894409937
10002,10003,-26677213#0,6.300000000000001,2.0
10004,10005,-26677213#1,7.3500000000000005,0.0
10006,10007,-26677213#2,7.3500000000000005,0.0
10008,10009,-26677213#3,2.1,0.0
10010,10011,-26677213#4,1.05,0.0
10012,10013,-26677213#5,5.25,0.0
10014,10015,-26677213#6,5.25,0.0
10028,10029,-26677216#0,34.65,0.0
10030,10031,-26677216#1,7.3500000000000005,0.0
10032,10033,-26677216#2,6.300000000000001,0.0
10034,10035,-26677216#3,5.775,0.5
10036,10037,-26677216#4,9.1,0.3333333333333335
10038,10039,-26677216#5,11.55,0.0
10040,10041,-26677416#0,1.05,0.0
10042,10043,-26677416#1,12.600000000000001,2.0
10044,10045,-26677416#2,15.4,2.333333333333334
10046,10047,-26677416#3,14.700000000000001,3.0
10048,10049,-26677416#4,10.850000000000001,2.3333333333333326
10050,10051,-26677416#5,0.7,0.33333333333333337
10052,10053,-26677416#6,1.7500000000000002,0.33333333333333337
10054,10055,-26677416#7,1.5750000000000002,0.3333333333333333
10056,10057,-26677417#0,14.000000000000002,0.33333333333333304
10058,10059,-26677417#1,5.5125,0.25
10060,10061,-26677539,17.85,0.0
10080,10081,-266887588#0,8.023584905660378,1.117506567948411
10082,10083,-266887589#0,0.5334677419354839,0.5934303697875694
10084,10085,-266887589#1,10.593145161290323,1.1871885654340413
10086,10087,-266887589#2,4.27,0.36526610644257695
10088,10089,-266887589#3,6.938750000000001,0.979761904761905
10090,10091,-266887591,14.154411764705882,336.71600771456116
10092,10093,-266887593#1,5.400980392156863,13.638272795456977
10094,10095,-266887593#2,2.9140065146579803,0.21402567541674666
10096,10097,-266887593#3,2.2265472312703585,0.5507866555960059
10098,10099,-266887593#4,17.26282894736842,3.334219240153365
10100,10101,-266887593#6,3.183018867924529,0.6762200461746676
10102,10103,-26729232#0,3.5000000000000004,0.2666666666666666
10104,10105,-26729232#1,11.2,1.0666666666666667
10106,10107,-26729232#2,36.330000000000005,6.300000000000003
10108,10109,-26729233#0,6.5625,0.24999999999999992
10116,10117,-267834292,153.3,0.0
10118,10119,-26809976#0,40.95,0.0
10130,10131,-268133899#4,2.625,0.5
10134,10135,-268133900#1,43.050000000000004,0.0
10136,10137,-268133900#2,22.05,0.0
10140,10141,-268133900#4,7.3500000000000005,0.0
10142,10143,-268133902,2.1,0.0
10146,10147,-268133903#1,2.45,0.33333333333333337
10148,10149,-268133904#0,20.685,13.344444444444443
10150,10151,-268133904#1,31.033333333333335,27.777777777777775
10152,10153,-268133904#2,17.85,7.999999999999997
10154,10155,-26814848#0,4.2,0.0
10156,10157,-26814848#1,14.700000000000001,0.0
10158,10159,-26814848#2,4.41,0.2736842105263159
10160,10161,-26814848#4,6.521052631578947,1.1754385964912284
10162,10163,-26814848#5,9.28421052631579,1.0292397660818715
10164,10165,-26972791,16.8,0.0
10166,10167,-26973015,6.6684210526315795,63.444624777803554
10174,10175,-27195926#0,7.3500000000000005,0.0
10176,10177,-27195926#1,14.700000000000001,0.0
10178,10179,-27196044#0,17.19375,3.9612068965517233
10180,10181,-27196044#1,8.453030303030303,1.6402803545660685
10182,10183,-27196044#2,3.9772727272727275,0.35250463821892397
10184,10185,-27196044#3,3.6272727272727274,0.35250463821892386
10186,10187,-27196044#4,2.0685000000000002,0.19101010101010105
10188,10189,-27196044#5,4.496969696969697,0.4089878375592664
10190,10191,-27196044#6,3.7333333333333334,0.3310657596371881
10192,10193,-27196044#7,2.26969696969697,0.23891981034838172
10194,10195,-27196044#8,10.574242424242424,0.8827045969903119
10196,10197,-272255518#0,14.35,1.8666666666666665
10198,10199,-272255518#1,4.963636363636364,1.0181818181818183
10212,10213,-27267723,3.2460365853658537,0.304466556935508
10214,10215,-27267724,5.019512195121951,0.5036660182552744
10216,10217,-273078633,15.75,1.0
10222,10223,-273123309#0,46.62,1327.3052631578948
10224,10225,-273123312,20.18625,7.138607594936708
10226,10227,-273123315,95.13,227.29999999999993
10228,10229,-273123317,24.701249999999998,10.17658227848101
10232,10233,-273123319,15.75,0.0
10234,10235,-274823622#0,42.33157894736843,6872.275960170696
10236,10237,-274823622#0.70,52.12307692307693,7218.4466936572235
10238,10239,-274823622#1,16.46842105263158,122.56140350877195
10240,10241,-274823622#10,241.2375,80865.58333333334
10242,10243,-274823622#3,14.921052631578949,884.3976608187135
10244,10245,-274823622#4,1.35,0.2380952380952381
10246,10247,-274823622#5,26.46,2247.7
10248,10249,-274823622#6,7.0875,2.9166666666666665
10250,10251,-274823622#9,149.1,58381.0
10252,10253,-274823623#0,7.490000000000001,2.5523809523809526
10254,10255,-274823623#1,1.5750000000000002,0.5
10256,10257,-274823624#0,2.8875,0.25000000000000006
10258,10259,-274823624#1,14.07,1.2999999999999994
10260,10261,-274823625,5.25,0.0
10262,10263,-27761238#0,7.3500000000000005,0.0
10264,10265,-27761238#1,4.2,0.0
10266,10267,-27761238#2,2.1,0.0
10270,10271,-27761238#4,14.700000000000001,2.0
10272,10273,-27761238#5,4.7250000000000005,0.5
10276,10277,-27761238#7,17.85,0.0
10278,10279,-27781905,13.65,0.0
10280,10281,-27781907#0,13.554545454545455,3.038961038961038
10282,10283,-27781907#1,18.470454545454544,5.777056277056274
10286,10287,-27781908#1,7.875,0.5
10288,10289,-27781908#2,5.25,0.0
10290,10291,-27781947#0,9.975,0.5
10292,10293,-27781947#2,10.605,0.9888888888888887
10294,10295,-27781947#3,25.62,5.377777777777782
10296,10297,-27781947#4,15.015,1.788888888888889
10298,10299,-27781947#5,15.166666666666668,1.5277777777777777
10300,10301,-27782265#0,5.460000000000001,0.7000000000000001
10302,10303,-27782265#1,6.450000000000001,2.142857142857143
10304,10305,-27782265#10,23.1,0.0
10306,10307,-27782265#2,1.6800000000000002,0.3
10308,10309,-27782265#3,6.720000000000001,1.3000000000000003
10310,10311,-27782265#6,6.825,0.5
10312,10313,-27782265#7,8.05,0.33333333333333326
10314,10315,-27782265#8,4.2,0.0
10316,10317,-27782265#9,27.3,3.0
10324,10325,-27825202#0,6.6000000000000005,0.5274725274725274
10326,10327,-27825202#2,8.4,0.6153846153846152
10328,10329,-27825202#3,5.578125,0.2291666666666666
10332,10333,-27825654#1,21.35,583.4666666666667
10334,10335,-27825654#3,5.775,0.5
10336,10337,-27825654#4,7.3500000000000005,0.0
10338,10339,-27825654#5,5.25,0.0
10340,10341,-27825654#6,3.1500000000000004,1.2000000000000002
10348,10349,-27830333#1,18.071484375,234.52995816929146
10350,10351,-27866012#0,57.575,32.566666666666684
10352,10353,-27866012#1,6.300000000000001,2.923076923076923
10354,10355,-27866014,9.450000000000001,0.0
10356,10357,-27866016,105.17500000000001,126.96666666666673
10360,10361,-27872579#0,8.085,2.011111111111111
10362,10363,-27872579#1,4.59375,0.5535714285714286
10364,10365,-27872579#2,7.875,0.3
10366,10367,-27872579#3,7.175,0.5666666666666669
10368,10369,-27872582,11.8125,0.9166666666666665
10370,10371,-27872583#0,3.1500000000000004,0.0
10372,10373,-27872583#1,6.300000000000001,0.0
10380,10381,-27872584#0,5.04,0.7
10382,10383,-27872584#1,5.460000000000001,0.7000000000000001
10384,10385,-27872584#2,5.670000000000001,0.30000000000000004
10386,10387,-27872584#3,4.41,0.7000000000000001
10388,10389,-27872584#4,4.025,0.5666666666666667
10390,10391,-27893434#0,86.690625,15866.395833333334
10392,10393,-27893434#1,44.275,7798.515151515151
10394,10395,-27893434#2,7.116666666666667,18.944444444444443
10396,10397,-27893434#3,5.5125,0.21428571428571447
10398,10399,-27893434#4,2.55,0.28571428571428575
10400,10401,-27893434#5,6.5625,0.9166666666666666
10402,10403,-27893434#6,4.3500000000000005,0.4761904761904763
10404,10405,-27894322#0,28.14,12.700000000000003
10406,10407,-27894322#1,16.45,5.866666666666666
10408,10409,-27914965#0,28.875,0.5
10410,10411,-27914965#2,12.950000000000001,2.333333333333334
10414,10415,-27998320#0,3.1500000000000004,0.0
10418,10419,-27998322#0,19.425,4.5
10420,10421,-27998322#1,1.5750000000000002,0.5
10422,10423,-27998675#2,9.625,11.366666666666665
10424,10425,-27998675#4,12.775,1.3666666666666667
10428,10429,-27998676#0,26.25,293.77777777777777
10430,10431,-27998676#1,1.05,0.0
10432,10433,-27998676#2,4.7250000000000005,0.7222222222222223
10434,10435,-27998676#3,4.2,0.2857142857142857
10436,10437,-27998676#4,4.4625,0.21428571428571433
10438,10439,-28013743#0,2.45,0.33333333333333337
10440,10441,-28013743#1,5.95,30.333333333333336
10442,10443,-28013743#10,2.1,0.0
10444,10445,-28013743#2,3.6750000000000003,4.5
10454,10455,-28013743#7,3.1500000000000004,0.0
10458,10459,-28013743#9,1.05,0.0
10464,10465,-28013748#10,5.016666666666667,2.1944444444444446
10472,10473,-28013748#5,3.1500000000000004,0.0
10474,10475,-28013748#6,4.2,1.0
10476,10477,-28013748#7,4.55,0.3333333333333335
10478,10479,-28013748#8,4.2,1.3333333333333333
10480,10481,-28013748#9,3.6750000000000003,0.3
10482,10483,-28014156#1,73.5,0.0
10490,10491,-28014170#1,53.025000000000006,24.5
10492,10493,-28035146#0,8.4,0.0
10494,10495,-28035146#1,6.65,0.33333333333333326
10496,10497,-28098600#0,4.620000000000001,49.8
10498,10499,-28098600#1,3.7800000000000002,0.3
10502,10503,-28098609#1,4.2,0.6666666666666665
10504,10505,-28098609#2,4.2,0.0
10510,10511,-28111930#0,4.2,0.0
10512,10513,-28111930#1,15.225000000000001,1.6666666666666667
10514,10515,-28111977#0,36.75,57.0
10516,10517,-28111977#1,27.3,3.3333333333333335
10518,10519,-28111977#11,21.0,0.0
10522,10523,-28111977#4,30.450000000000003,0.0
10524,10525,-28111977#5,32.550000000000004,0.0
10536,10537,-28114295#0,14.000000000000002,1.333333333333333
10538,10539,-28114295#1,8.4,0.0
10540,10541,-28119595#2,66.15,2371.3333333333335
10548,10549,-28124258#0,22.4,33.62318840579711
10550,10551,-28124258#1,6.13421052631579,1.5847953216374264
10552,10553,-28124258#2,18.410000000000004,3.695238095238095
10580,10581,-28124729#0,21.525000000000002,5.666666666666664
10582,10583,-28124729#1,3.1500000000000004,0.6666666666666666
10584,10585,-28124729#2,6.300000000000001,0.0
10586,10587,-28124764#0,2.1,0.0
10588,10589,-28124764#1,19.95,18.666666666666668
10590,10591,-28124764#2,6.0375000000000005,0.916666666666667
10592,10593,-28124764#3,7.525,2.1666666666666665
10594,10595,-28124764#4,3.1500000000000004,0.0
10596,10597,-28124854#0,70.49117647058824,1775.9987181313197
10598,10599,-28124882,29.400000000000002,0.0
10600,10601,-28132014#0,53.08676470588236,9936.557040998217
10602,10603,-28132014#1,180.3,30062.80423280423
10604,10605,-28132014#2,204.02307692307696,55873.10153846154
10606,10607,-28132244#0,2.7300000000000004,0.3
10608,10609,-28132244#1,4.8,0.28571428571428564
10610,10611,-28132718,5.775,0.5
10612,10613,-28132718.37,7.3500000000000005,0.0
10620,10621,-28132813,10.142045454545453,3.206659619450316
10626,10627,-28133036#1,24.150000000000002,18.0
10628,10629,-28133087,19.95,0.0
10632,10633,-28133108#0,5.95,0.33333333333333326
10638,10639,-28133112#0,7.3500000000000005,0.0
10644,10645,-28133141,47.775,544.5
10646,10647,-28133152#0,15.75,0.0
10648,10649,-28133152#1,10.5,0.0
10650,10651,-28133177#0,24.5,10.333333333333332
10652,10653,-28133177#1,12.76935483870968,4.006451612903226
10662,10663,-28161024#0,4.2,0.0
10664,10665,-28161024#1,10.5,0.0
10666,10667,-28161024#2,10.5,0.0
10668,10669,-28161026#0,7.3500000000000005,1.0
10670,10671,-28161026#1,6.65,2.333333333333333
10672,10673,-28161026#2,5.25,0.0
10674,10675,-28161026#3,5.25,0.0
10676,10677,-28161026#4,9.450000000000001,0.0
10678,10679,-28161026#5,11.55,0.0
10680,10681,-28161026#6,8.4,0.0
10684,10685,-28161030,33.6,0.0
10688,10689,-28161105#0,78.96000000000001,2957.2
10690,10691,-28161105#1,9.8,0.33333333333333304
10694,10695,-28161139,229.95000000000002,30604.0
10696,10697,-28161141#0,3.54375,8.553571428571429
10698,10699,-28161141#1,334.95,0.0
10700,10701,-28162357#1,3.0100000000000002,1.5523809523809524
10702,10703,-28162375#1,2.625,0.5
10708,10709,-28252424,3.6750000000000003,0.5
10714,10715,-282532460#2,6.300000000000001,0.0
10734,10735,-28269326#0,8.4,0.0
10738,10739,-28269326#2,16.8,0.0
10740,10741,-28269326#3,10.5,0.0
10742,10743,-28269326#4,18.900000000000002,1.0
10746,10747,-28269616#1,3.5000000000000004,0.33333333333333337
10748,10749,-28269616#2,12.600000000000001,18.0
10750,10751,-28269616#3,3.7500000000000004,3.619047619047619
10752,10753,-28269616#4,4.375000000000001,8.166666666666668
10754,10755,-28269620#0,22.05,0.0
10760,10761,-28269631,2.1,0.0
10762,10763,-28269810#0,62.045789473684216,2237.801507289351
10764,10765,-28269810#1,67.69368421052631,1763.841536940943
10772,10773,-283067359#3,5.25,0.0
10774,10775,-283067359#4,5.25,1.0
10776,10777,-283067359#5,22.05,0.0
10778,10779,-283067359#6,3.1500000000000004,0.0
10780,10781,-283067369,41.475,12.5
10782,10783,-28319300#0,19.6,41.33333333333333
10784,10785,-28319300#1,4.2,0.0
10786,10787,-28319300#2,8.05,4.333333333333334
10788,10789,-28319300#4,2.1,0.0
10790,10791,-28319300#5,7.7,4.333333333333334
10792,10793,-28319300#6,1.05,0.0
10796,10797,-28320823,17.85,2.6666666666666665
10798,10799,-283470309,1.7500000000000002,0.2380952380952381
10800,10801,-28390298,59.150000000000006,33.52380952380953
10802,10803,-28418763,98.2466960352423,26001.857042610416
10804,10805,-28418764,844.2,25587.33333333334
10808,10809,-284224052#0,23.1,0.0
10810,10811,-284224052#1,3.1500000000000004,0.0
10814,10815,-284224054#0,22.05,0.0
10816,10817,-284224054#2,19.95,0.0
10818,10819,-285548171#0,9.450000000000001,0.0
10822,10823,-285549250#0,11.658333333333333,1.8936950610257415
10824,10825,-285716192#0,9.750984682713348,88.64352758263274
10826,10827,-285716192#1,1.9437636761487966,2.205881223847365
10828,10829,-28577490#0,4.144736842105263,0.32147937411095345
10830,10831,-28577490#1,3.3157894736842106,0.352773826458037
10832,10833,-28577490#3,1.1500000000000001,0.3321718931475029
10834,10835,-286646181,29.171739130434787,18.541501976284582
10838,10839,-286646184#0,9.450000000000001,0.0
10840,10841,-286646185,43.050000000000004,0.0
10842,10843,-286646186#0,7.0875,0.8913043478260869
10844,10845,-286646186#1,2.0125,0.25362318840579706
10850,10851,-286646188#0,3.634615384615385,0.9358974358974358
10852,10853,-286646188#1,5.25,0.0
10854,10855,-286646188#2,1.05,0.0
10856,10857,-286646188#3,2.1,0.8
10862,10863,-286646190#0,14.700000000000001,18.0
10864,10865,-286646190#1,31.5,8.000000000000004
10866,10867,-286646191#0,148.4,2354.333333333333
10874,10875,-286646456#0,3.9899999999999998,0.3701492537313431
10876,10877,-286646456#2,3.823235294117647,1.1663418029933865
10878,10879,-286646456#3,2.995263157894737,0.40144806460595917
10890,10891,-28738529#15,16.1,2.3333333333333335
10892,10893,-28738529#2,4.2,0.0
10894,10895,-28738529#3,5.6,0.3333333333333335
10896,10897,-28738529#4,13.3,0.3333333333333335
10898,10899,-28738529#6,4.2,0.0
10900,10901,-28738529#7,3.85,0.33333333333333337
10902,10903,-28738529#8,15.600000000000001,2.4761904761904754
10904,10905,-28738529#9,5.6,23.466666666666665
10932,10933,-28763451#1,7.3500000000000005,91.49999999999994
10934,10935,-28763451#2,7.334782608695653,723.6027280477408
10936,10937,-28781036#0,2.625,0.5
10938,10939,-28781036#1,12.075000000000001,0.5
10940,10941,-28781036#2,10.5,2.0
10948,10949,-28781036#7,7.3500000000000005,0.0
10952,10953,-288193337#1,17.85,0.0
10956,10957,-288213480#0,12.25,0.33333333333333304
10960,10961,-288213480#2,7.3500000000000005,0.0
10962,10963,-28845091#0,30.1,4.333333333333335
10964,10965,-28845091#1,6.825,4.5
10966,10967,-28845091#2,11.025,4.5
10970,10971,-28845095#0,86.10000000000001,0.0
10978,10979,-28970268#0,2.25,2.439560439560439
10980,10981,-28970268#1,8.166666666666666,1.9444444444444444
10982,10983,-28970268#2,14.4375,8.25
10984,10985,-28970268#3,8.4,0.0
10992,10993,-289879699,8.4,0.0
10994,10995,-29001352,5.215000000000001,0.44712643678160924
10996,10997,-29027727#0,3.647368421052632,0.26315789473684204
10998,10999,-29027727#1,5.08421052631579,1.1403508771929824
11000,11001,-29027727#2,11.76,247.31428571428572
11002,11003,-29027727#4,3.64,1.123809523809524
11004,11005,-29027727#5,1.225,0.1515151515151515
11006,11007,-29027727#6,4.9,0.7878787878787878
11008,11009,-29027727#7,2.1,1.3333333333333333
11010,11011,-29027727#8,4.515,0.23333333333333328
11012,11013,-29027727#9,14.700000000000001,163.25
11014,11015,-29027839#0,17.01,25.733333333333334
11016,11017,-29027839#1,5.775,2.055555555555556
11018,11019,-29027839#2,6.300000000000001,0.6666666666666666
11020,11021,-29027936#1,13.989301310043668,282.2196812993182
11022,11023,-29048562#1,17.470833333333335,835.7535413899958
11024,11025,-29119851#0,4.077801724137931,0.4322846693536352
11026,11027,-29119851#1,2.7955128205128204,0.3447599134294417
11028,11029,-29119898,4.4625,0.24999999999999992
11030,11031,-29146979#1,32.76,750.2
11032,11033,-29146979#2,1.05,0.0
11034,11035,-29146979#3,1.05,0.0
11036,11037,-29146979#4,11.55,0.0
11042,11043,-29187258#1,1.05,0.0
11044,11045,-29187258#2,1.4,0.3333333333333333
11046,11047,-29187258#3,3.6750000000000003,0.5
11048,11049,-29187258#4,7.3500000000000005,4.666666666666667
11050,11051,-29187258#5,3.6,0.28571428571428564
11052,11053,-29187258#6,2.45,0.6060606060606056
11056,11057,-29205272#0,64.05,0.0
11058,11059,-29205272#1,29.400000000000002,0.0
11060,11061,-29205272#10,27.825000000000003,12.5
11064,11065,-29205272#13,19.95,0.0
11066,11067,-29205272#2,18.375,0.5
11070,11071,-29205272#4,40.425000000000004,0.5
11072,11073,-29205272#5,6.300000000000001,0.0
11082,11083,-29205273#0,192.7578947368421,40676.81286549707
11084,11085,-29205273#1,88.11250000000001,12615.35606060606
11086,11087,-29205273#2,35.28,1731.3
11088,11089,-29205273#5,11.375000000000002,1.7666666666666668
11090,11091,-29205273#6,9.450000000000001,1.0
11092,11093,-29205273#7,10.5,8.0
11094,11095,-29205273#8,12.075000000000001,0.5
11096,11097,-29205273#9,11.55,2.0
11102,11103,-29212862#1,26.806818181818183,110.31445221445217
11104,11105,-29212862#2,16.75227272727273,15.653082549634263
11106,11107,-29212920,65.45,14.333333333333341
11108,11109,-29213366,3.22,0.271264367816092
11110,11111,-29213411,11.8125,0.9166666666666665
11112,11113,-29213449#0,4.1045454545454545,0.21022727272727273
11114,11115,-29213449#1,2.640909090909091,0.2575757575757576
11116,11117,-29213449#2,2.227272727272727,0.29734848484848486
11118,11119,-29213449#3,3.340909090909091,0.2784090909090911
11120,11121,-29213477#0,11.850000000000001,2.2380952380952386
11122,11123,-29213477#1,23.25,5.4761904761904745
11124,11125,-29213811,6.087640449438203,0.9813585291113379
11126,11127,-29213889,2.6565,0.2718181818181819
11130,11131,-29238184#0,1.96875,0.25000000000000017
11132,11133,-29238184#1,2.559375,0.395833333333333
11134,11135,-29238187#0,119.371875,34725.56250000001
11136,11137,-29238187#1,8.894117647058824,0.7647058823529411
11138,11139,-29238187#2,14.700000000000001,0.0
11140,11141,-29238188#0,12.1734375,2275.7328629032268
11142,11143,-29238188#0.32,1.2140625,0.20060483870967744
11144,11145,-29238188#1,5.90625,189.85483870967744
11146,11147,-29238188#2,9.290909090909091,2.070075757575757
11148,11149,-29238188#3,37.11,7259.937815126051
11150,11151,-29254382#0,15.225000000000001,4.5
11152,11153,-29254382#1,18.900000000000002,0.0
11158,11159,-29254384#1,4.2,0.0
11178,11179,-29254586#0,7.3500000000000005,0.0
11180,11181,-29254586#1,1.05,0.0
11190,11191,-29254590#0,10.5,0.0
11192,11193,-29254590#1,3.1500000000000004,0.0
11194,11195,-29254590#2,8.4,0.0
11196,11197,-29254590#3,5.704054054054055,0.3078078078078078
11202,11203,-29254706#1,24.150000000000002,0.0
11204,11205,-29254706#1.113,13.65,5.000000000000002
11206,11207,-29254706#1.167,4.2,1.0
11210,11211,-29254759#1,21.0,0.0
11212,11213,-29254771#0,32.550000000000004,1.0
11214,11215,-29254771#1,17.85,0.0
11216,11217,-29254771#2,15.633333333333335,3.1111111111111103
11218,11219,-29254773,22.05,32.0
11222,11223,-29254798#0,26.25,0.0
11224,11225,-29254818#0,1.5750000000000002,0.5
11226,11227,-29254835#0,2.1,0.0
11228,11229,-29255794,7.6781250000000005,0.49583333333333335
11230,11231,-293162564#0,172.9,31088.500000000007
11232,11233,-293162564#1,98.175,7495.714285714285
11234,11235,-293162564#2,193.20000000000002,21986.75
11236,11237,-293162564#3,169.63333333333333,20743.77777777778
11238,11239,-293162564#4,76.41666666666666,8308.944444444445
11240,11241,-293162564#5,91.93333333333334,12841.777777777777
11242,11243,-29353676#0,6.300000000000001,0.0
11244,11245,-29353676#1,5.775,0.5
11246,11247,-29353676#2,15.75,2.0
11252,11253,-294213265,4.9875,0.9166666666666669
11254,11255,-294213266,5.775,0.5
11258,11259,-294213270#0,11.025,0.5
11260,11261,-294213270#1,6.300000000000001,1.0
11262,11263,-29458096#1,66.43636363636364,5688.874458874458
11264,11265,-29458097#1,114.27,40273.85210084035
11266,11267,-29458645,34.12,2429.1411255411253
11268,11269,-29459180#0,6.756521739130435,0.39641943734015356
11270,11271,-29459180#1,15.978260869565219,1.3491048593350405
11272,11273,-29459182#0,9.835,1.8954022988505748
11274,11275,-29459182#1,10.219999999999999,1.3747126436781614
11276,11277,-297778952,1.3611111111111112,0.2100608070757324
11306,11307,-30054268#0,13.687500000000002,3.146825396825398
11308,11309,-30054268#1,9.037500000000001,0.6177248677248678
11310,11311,-30054268#2,6.905769230769231,1.2138461538461538
11312,11313,-30054268#3,16.179545454545455,3.11038961038961
11314,11315,-30054268#4,7.250000000000001,0.99047619047619
11316,11317,-30054268#5,12.075000000000001,1.5
11320,11321,-30054346#0,7.063636363636364,4.41818181818182
11322,11323,-30054346#1,4.00909090909091,0.1636363636363636
11324,11325,-30054351#0,7.254545454545455,0.49090909090909074
11326,11327,-30054354,65.55000000000001,12.619047619047615
11328,11329,-30054386#0,10.5,0.0
11330,11331,-30054386#1,4.2,0.0
11336,11337,-30054410#0,20.475,24.5
11342,11343,-30054437#0,6.300000000000001,0.8
11344,11345,-30054437#1,3.6750000000000003,0.7
11346,11347,-30054437#2,25.305000000000003,10.544444444444446
11348,11349,-30054443,57.150000000000006,44.95238095238094
11350,11351,-30054463,6.300000000000001,0.0
11352,11353,-30054528#1,71.4,0.0
11354,11355,-30054528#2,8.4,0.0
11358,11359,-30054718,17.85,0.0
11360,11361,-30054829#0,23.12142857142857,5.562074829931973
11362,11363,-30054829#1,30.450000000000003,0.0
11364,11365,-30054837,14.700000000000001,0.0
11366,11367,-30054857,12.600000000000001,2.0
11368,11369,-30054884#0,10.709999999999999,16.62222222222222
11370,11371,-30054884#1,4.6375,1.5378787878787876
11376,11377,-30054903#2,11.55,6.000000000000001
11378,11379,-30054903#3,17.22,2.3000000000000007
11380,11381,-30054914#0,14.91,2.1999999999999993
11384,11385,-30054925#0,24.150000000000002,0.0
11388,11389,-30056007#0,16.17,1.3
11390,11391,-30056007#1,12.25,0.6666666666666667
11392,11393,-30056007#2,12.18,0.30000000000000004
11394,11395,-30064385#1,6.300000000000001,0.0
11400,11401,-30068855,31.5,0.0
11402,11403,-30093831#0,9.975,7.0
11404,11405,-30093832#0,4.235,0.5160919540229886
11406,11407,-30093878,14.296969696969697,18.728715728715727
11408,11409,-30131199,6.2148648648648654,0.4015444015444016
11410,11411,-30131200#1,1.3015625,0.18410087719298243
11412,11413,-30131200#2,13.6171875,14.177960526315788
11414,11415,-30131201,5.665625,0.3890350877192983
11418,11419,-30136341#1,8.4,0.0
11420,11421,-30187448#0,3.790566037735849,0.4166069580447417
11422,11423,-30187448#1,16.005769230769232,2.3015715467328373
11428,11429,-302879117#0,1.05,0.0
11436,11437,-302879156#1,5.25,0.0
11438,11439,-302879156#2,3.1500000000000004,0.0
11440,11441,-302879162#0,3.6750000000000003,0.5
11442,11443,-302879162#1,4.7250000000000005,0.5
11444,11445,-302879162#2,1.6500000000000001,0.28571428571428575
11452,11453,-303155140#5,4.2,0.0
11454,11455,-303155140#8,1.05,0.0
11456,11457,-30315720#0,23.15526315789474,10.163742690058482
11458,11459,-30315720#1,12.716666666666667,2.8104575163398686
11460,11461,-30315925,2.1875000000000004,6.364285714285713
11462,11463,-30315926#0,4.8,0.5571428571428572
11464,11465,-30315926#1,8.4525,1.5236842105263155
11466,11467,-30315927,5.25,0.0
11468,11469,-30315928#0,25.9875,14.916666666666664
11470,11471,-30315928#1,13.387500000000001,4.916666666666666
11478,11479,-303843488,3.473076923076923,1.897435897435897
11482,11483,-303843503,4.2,0.0
11490,11491,-30399316#0,41.05862068965518,10041.167487684728
11492,11493,-30399316#1,61.08103448275862,15844.647783251232
11494,11495,-30399316#2,29.025000000000002,6431.7195767195735
11496,11497,-30399316#4,169.83235294117648,29946.633725490185
11498,11499,-30399316#5,21.945,3594.418367346939
11500,11501,-30399663#0,1.0710000000000002,0.019797979797979797
11502,11503,-30399663#1,9.46029411764706,33.73257619879635
11504,11505,-30404124,17.12989864864865,731.3190538253994
11506,11507,-304151838#0,2.1,0.0
11508,11509,-304151838#1,1.05,0.0
11510,11511,-304151838#10,2.1,0.0
11512,11513,-304151838#11,1.05,0.0
11514,11515,-304151838#12,3.6750000000000003,0.3333333333333333
11516,11517,-304151838#2,2.1,0.0
11528,11529,-304151838#8,2.625,0.5
11532,11533,-304151905,2.45,2.3333333333333335
11550,11551,-30417783#0,15.75,2.0
11552,11553,-30417783#1,10.5,8.0
11560,11561,-30482614,2.7416666666666667,8.133986928104573
11562,11563,-30482615#0,4.2,0.3529411764705881
11564,11565,-30482615#1,14.291666666666666,3.428104575163397
11566,11567,-30482615#2,55.48846153846154,50.97435897435898
11568,11569,-30482615#3,6.0576923076923075,0.6923076923076924
11570,11571,-30482615#4,17.71875,2.6964285714285716
11572,11573,-30482615#5,6.300000000000001,0.0
11576,11577,-30482626#0,14.700000000000001,2.6666666666666665
11580,11581,-30482630#0,14.700000000000001,2.5
11582,11583,-30482630#1,9.450000000000001,0.5
11584,11585,-30482630#2,11.2875,1.5833333333333328
11586,11587,-30482630#3,1.8375000000000001,0.25
11588,11589,-30482630#4,8.19,2.7
11594,11595,-30482638#0,10.63125,578.4279801324502
11596,11597,-30482638#1,9.756818181818183,298.92712842712837
11598,11599,-30482638#10,1.2184491978609626,0.41498476223333924
11600,11601,-30482638#11,10.954054054054053,106.8772032902468
11602,11603,-30482638#12,18.44672131147541,498.2356932684801
11604,11605,-30482638#13,11.192432432432433,146.60622796709754
11606,11607,-30482638#14,4.06945945945946,0.46815511163337253
11608,11609,-30482638#2,10.534090909090908,501.02508276037713
11610,11611,-30482638#3,4.273566878980891,11.809162175404209
11612,11613,-30482638#4,5.837735849056604,183.15938221479172
11614,11615,-30482638#5,2.0933962264150945,2.0569222195685057
11616,11617,-30482638#6,7.173913043478261,22.927950310559005
11618,11619,-30482638#7,5.3878125,12.039268867924525
11620,11621,-305496616#0,5.775,0.6666666666666666
11622,11623,-305496616#1,9.31875,1.45
11624,11625,-305496616#10,8.304545454545455,0.4675324675324675
11626,11627,-305496616#2,4.385294117647059,0.7794117647058824
11628,11629,-305496616#3,3.76764705882353,0.38235294117647056
11630,11631,-305496616#4,2.6558823529411764,0.26470588235294124
11632,11633,-305496616#5,1.05,0.11764705882352944
11634,11635,-305496616#6,1.2,0.2285714285714285
11636,11637,-305496616#7,2.8350000000000004,0.22105263157894733
11638,11639,-305496616#9,2.4675000000000002,0.23947368421052637
11640,11641,-305496617#0,9.126923076923077,6.564102564102565
11642,11643,-305496617#1,12.600000000000001,2.666666666666667
11644,11645,-305496618#0,17.625641025641027,60.92808723843206
11646,11647,-305496618#2,3.051282051282051,0.27556734453286175
11648,11649,-305496618#3,5.81949152542373,3.3785310734463283
11650,11651,-305496619#1,7.246296296296296,27.09012345679013
11652,11653,-305496619#2,8.296296296296296,0.9151234567901234
11656,11657,-306218237#0,155.4,0.0
11658,11659,-306240161#0,5.64375,0.5535714285714286
11660,11661,-306240161#2,0.2625,0.21428571428571427
11662,11663,-306240162#1,35.16859756097561,1311.5275699536141
11664,11665,-306240162#2,24.9375,657.3629032258065
11666,11667,-306240162#4,23.72450980392157,92.6768145854833
11672,11673,-306384636#1,11.025,4.5
11674,11675,-306431310#0,2.0861842105263158,0.19982456140350885
11676,11677,-306431310#1,8.25810810810811,118.2006664198445
11678,11679,-306431425#0,8.850000000000001,0.4175824175824175
11680,11681,-306431425#1,9.6,0.9010989010989013
11682,11683,-306431425#2,2.7,0.26373626373626374
11684,11685,-306431425#3,1.2,0.13186813186813187
11686,11687,-306726647#0,3.6452830188679246,0.7148350174371816
11688,11689,-306726647#1,8.264806866952789,4.190247151102563
11706,11707,-306793482,3.1500000000000004,5.333333333333333
11718,11719,-306876891#0,4.2,0.0
11720,11721,-306876891#1,3.6750000000000003,0.5
11722,11723,-306876893#0,156.45000000000002,34789.666666666664
11724,11725,-306876893#1,5.25,0.0
11734,11735,-307050878,3.7800000000000002,0.30000000000000004
11736,11737,-307050880,11.55,8.0
11738,11739,-307050882#0,17.85,0.0
11740,11741,-307050882#1,3.1500000000000004,1.0
11742,11743,-307536275#0,69.03750000000001,45.583333333333336
11750,11751,-307562643#0,7.827272727272727,0.2727272727272727
11752,11753,-307562643#1,7.2,2.9285714285714284
11754,11755,-307562643#2,1.0862068965517242,0.17733990147783255
11756,11757,-307562643#3,5.467241379310345,0.3842364532019703
11758,11759,-307685696,2.8875,0.25000000000000006
11760,11761,-307701133,191.54999999999998,16083.285714285716
11762,11763,-307837955#2,3.1500000000000004,0.0
11764,11765,-307837955#3,3.1500000000000004,0.0
11766,11767,-307837955#4,2.1,0.0
11774,11775,-30820056,5.573076923076923,0.5641025641025642
11776,11777,-30820566,19.95,2.0
11784,11785,-30820919#0,2.1,0.0
11790,11791,-308849647#0,32.084482758620695,1000.8222699117206
11792,11793,-308849647#1,33.4960396039604,1070.6767154327374
11794,11795,-308883778,34.65,0.0
11796,11797,-309370389#0,5.25,0.0
11798,11799,-309370389#1,3.1500000000000004,0.0
11800,11801,-309370389#2,2.1,0.0
11802,11803,-309370389#3,2.1,0.0
11804,11805,-309370389#4,2.625,4.5
11808,11809,-309370390#1,2.1,0.0
11812,11813,-309370390#3,4.2,0.0
11816,11817,-309370390#5,1.05,0.0
11818,11819,-309370390#6,2.1,0.0
11822,11823,-31021477#0,11.125190839694657,4.011978860833824
11824,11825,-31021477#1,2.8454198473282446,0.3767469172049326
11826,11827,-31021477#2,13.29732824427481,1.4247798003523184
11828,11829,-31025769#2,38.325,12.5
11830,11831,-31026158#2,19.25,0.33333333333333304
11832,11833,-31026158#3,2.8875,0.24999999999999997
11834,11835,-31026158#4,1.8375000000000001,0.25
11848,11849,-312301373,2.1,0.0
11850,11851,-31342351#1,33.27916666666667,2115.4753968253963
11852,11853,-31343367#1,19.635,1335.3444444444444
11854,11855,-31343381#0,14.100000000000001,2540.487394957983
11856,11857,-31343450,4.330088495575221,0.3952275600505688
11860,11861,-31355478#1,35.7,0.0
11864,11865,-31355478#3,17.85,0.0
11866,11867,-31355478#4,55.650000000000006,0.0
11868,11869,-31355478#5,61.95,35.33333333333332
11886,11887,-31355496,49.35,162.0
11894,11895,-31362504#2,10.30373831775701,129.1911479456886
11896,11897,-31362504#4,5.507142857142858,11.073427309067961
11898,11899,-31362504#5,2.9571428571428573,0.2133389438249526
11900,11901,-31362504#6,2.9984536082474227,0.2289518900343642
11902,11903,-31362504#7,9.8,0.3333333333333335
11912,11913,-31363129#0,21.339787798408487,2444.070531632712
11914,11915,-31363129#1,9.441509433962263,1109.2296641655132
11918,11919,-31402308#0,2.45,1.764705882352941
11920,11921,-31402308#1,2.1954545454545453,2.090909090909091
11922,11923,-31402308#2,20.1,1502.4761904761906
11924,11925,-31402308#3,5.7272727272727275,3.4727272727272736
11926,11927,-31403616#0,56.7,0.0
11928,11929,-31403616#1,41.79,1.6999999999999984
11930,11931,-31403616#2,46.581818181818186,39.85454545454547
11932,11933,-31403616#3,6.750000000000001,1.6483516483516485
11934,11935,-31404757,23.1,3.0
11936,11937,-31404759#0,2.45,0.33333333333333337
11938,11939,-31404759#1,8.05,0.33333333333333326
11940,11941,-31404759#2,5.25,0.0
11942,11943,-31404759#3,4.9,0.33333333333333326
11944,11945,-31404759#4,1.7500000000000002,0.3333333333333333
11946,11947,-31404759#5,3.1500000000000004,0.0
11948,11949,-31404759#6,4.2,0.0
11950,11951,-31404759#7,7.3500000000000005,0.0
11952,11953,-31404759#8,11.55,0.0
11954,11955,-31404760#0,10.05,3.2857142857142843
11956,11957,-31404760#1,5.1,0.8095238095238098
11958,11959,-31404762#0,7.3500000000000005,2.0
11960,11961,-31404762#1,14.700000000000001,2.0
11962,11963,-31404762#2,3.1500000000000004,0.0
11964,11965,-31404762#3,7.875,0.5
11966,11967,-31404762#4,1.05,0.0
11968,11969,-31404767#0,24.85,10.333333333333332
11970,11971,-31404767#1,5.6,0.3333333333333335
11980,11981,-314970097,2.963333333333334,0.3263681592039801
11982,11983,-314970098#0,5.047777777777778,0.48501934770591504
11984,11985,-314970098#1,6.535074626865672,0.972057008192122
11986,11987,-315215982,187.753125,29695.834677419352
11988,11989,-315358242#0,7.276056338028169,3.860747524013339
11990,11991,-315358242#1,7.331833910034602,0.9198385236447518
11992,11993,-315358242#2,8.043944636678201,0.8568339100346023
11994,11995,-315358242#3,3.551896551724138,0.3270373463787136
11996,11997,-315358242#4,6.40609756097561,0.6156282741648595
11998,11999,-315358243#1,3.0416666666666665,0.5092698412698413
12000,12001,-315358244,2.2916666666666665,0.37441269841269836
12002,12003,-315358245,3.294685039370079,0.7912140923096075
12004,12005,-315358246,7.102941176470589,0.8126934984520123
12006,12007,-315358247#1,11.566666666666666,68.44774603174605
12008,12009,-315358248#0,2.9185714285714286,0.369253931080629
12010,12011,-315358248#1,4.770746887966805,0.48246887966804963
12012,12013,-315358250,8.2236,20.23767741935483
12014,12015,-315358251#0,3.4902439024390244,0.2897346555883141
12016,12017,-315358251#1,6.16829268292683,1.7394556662849359
12018,12019,-315358252#0,8.212826086956522,0.9418834250996775
12020,12021,-315358252#1,5.322413793103448,1.4151365875503805
12022,12023,-315358253#0,2.839375,0.3179741980474197
12024,12025,-315358253#1,5.917782426778243,0.6946661509792198
12026,12027,-315358254#0,14.688709677419354,1.9237961664329115
12028,12029,-315358255#0,6.552673796791444,0.60307055373469
12030,12031,-315358255#1,2.7887096774193547,0.25934321418192385
12032,12033,-315358255#2,2.754188481675393,0.8360980986497654
12034,12035,-315358255#3,11.424870466321243,4.543015975820382
12036,12037,-315358257#0,6.48046875,17.92318390052356
12038,12039,-315358257#2,8.4546875,57.69360820244328
12040,12041,-315358258,16.0125,1.6590909090909094
12044,12045,-315392062#0,4.76,0.4764044943820225
12046,12047,-315392062#1,3.8033333333333337,0.39500624219725344
12048,12049,-315392062#2,0.7,0.2247191011235955
12050,12051,-315392062#3,5.016666666666667,0.5568039950062421
12052,12053,-315392062#4,9.65056179775281,1.474463738508681
12054,12055,-31620259,42.753846153846155,1501.322011322012
12056,12057,-317614084#0,1.5750000000000002,0.5
12058,12059,-317614084#1,7.875,0.5
12060,12061,-31773007,8.4,0.0
12062,12063,-31860333#0,15.75,0.0
12066,12067,-31860333#2,3.57,1.8
12068,12069,-31860333#3,7.3500000000000005,3.0
12070,12071,-31860333#4,12.8625,2.25
12072,12073,-318763112,3.1500000000000004,0.0
12076,12077,-31952420#1,51.1875,14.249999999999998
12078,12079,-31959289#1,24.150000000000002,32.0
12080,12081,-31959308#1,3.5152173913043483,2.3280632411067192
12082,12083,-31959308#2,6.0375000000000005,2.1086956521739135
12084,12085,-31959308#3,3.6750000000000003,0.5714285714285714
12086,12087,-31959308#4,7.3500000000000005,0.0
12088,12089,-31959308#5,14.700000000000001,0.0
12096,12097,-31969997#4,2.45,0.2666666666666666
12098,12099,-31970000,4.2,0.0
12100,12101,-31982513#0,9.450000000000001,0.0
12102,12103,-31982513#1,3.1500000000000004,0.0
12104,12105,-31982513#2,10.5,2.0
12106,12107,-32006927#2,11.55,50.0
12108,12109,-32008983,1.19,0.11818181818181822
12110,12111,-32009682,30.305465587044534,1908.891544057142
12112,12113,-32009683#0,9.710496183206107,632.2332338919603
12114,12115,-32021365#0,10.493396226415095,1.3354032322267335
12116,12117,-32021365#1,16.291509433962265,3.1247512140753115
12118,12119,-32021365#3,7.5962962962962965,3.8328349052986748
12120,12121,-32021408,9.869098712446352,1.6460337427852594
12122,12123,-32061928#0,7.239473684210526,366.36210526315784
12124,12125,-32061928#1,5.4626582278481015,0.6764037650113598
12126,12127,-32061928#2,13.0125,11.373924268502583
12128,12129,-32061928#4,9.49375,43.99824561403509
12130,12131,-32061928#5,11.921681415929205,130.64143489254107
12132,12133,-32061928#6,1.3218750000000001,0.22964929214929208
12134,12135,-32061928#7,18.69,113.68440366972474
12136,12137,-32061928#8,1.05,0.07207207207207207
12138,12139,-32061997,13.878629032258065,1.7489509572515083
12140,12141,-32062034#3,34.785148514851485,1302.2532673267333
12142,12143,-32062034#4,18.53394495412844,863.5810397553519
12156,12157,-320733895#0,3.1500000000000004,0.0
12158,12159,-320733895#1,1.05,0.0
12160,12161,-320733897,2.7469696969696975,0.25932797361368803
12162,12163,-320733900#0,3.4125,0.20454545454545447
12164,12165,-320733900#1,4.41875,0.346014492753623
12166,12167,-320733900#4,2.14375,0.21557971014492755
12168,12169,-320733900#5,1.4400000000000002,0.29915966386554615
12170,12171,-320733900#6,9.42,3.7344537815126055
12172,12173,-320733900#7,19.477500000000003,5.792307692307692
12174,12175,-320733900#9,5.95875,0.5839743589743589
12176,12177,-320733901#0,1.5750000000000002,0.2564102564102564
12178,12179,-320733901#1,3.6225000000000005,0.30512820512820515
12180,12181,-320733901#2,4.33125,0.16346153846153852
12182,12183,-320733903#1,5.50609756097561,0.5390243902439024
12184,12185,-320733903#2,2.7146341463414636,0.298780487804878
12186,12187,-320733903#3,8.65609756097561,0.4890243902439025
12188,12189,-320733905#0,4.385294117647059,1.1544117647058825
12190,12191,-320733905#1,6.300000000000001,1.7499999999999978
12192,12193,-320733905#2,2.559375,0.3958333333333332
12194,12195,-320733906#0,4.316666666666666,18.104575163398696
12196,12197,-320733906#2,2.683333333333333,0.3790849673202615
12198,12199,-320733908,5.775,0.5
12200,12201,-320733909#0,3.5250000000000004,0.4010989010989012
12202,12203,-320733909#1,5.85,0.7252747252747253
12204,12205,-320733909#2,6.075,0.33516483516483514
12206,12207,-320733910#0,2.1,0.2
12208,12209,-320733910#1,12.600000000000001,1.8
12210,12211,-320733910#2,18.13,2.9238095238095227
12212,12213,-320733911#0,5.25,0.0
12214,12215,-320733911#1,12.075000000000001,4.5
12216,12217,-320733911#2,4.2,2.0
12218,12219,-320733911#3,6.490909090909091,0.5636363636363637
12220,12221,-320733911#4,2.768181818181818,0.2545454545454546
12222,12223,-320733911#5,1.8136363636363637,0.2181818181818182
12224,12225,-320733917#0,26.25,0.0
12228,12229,-320733917#2,10.850000000000001,0.3333333333333335
12230,12231,-32084380,6.825,0.3333333333333333
12234,12235,-32115605,8.925,0.5
12236,12237,-32124744,9.47019230769231,153.5065162110617
12238,12239,-32124745,2.924835886214442,0.3793523743713769
12242,12243,-32140179#0,2.3423076923076924,0.2057942057942058
12244,12245,-32140179#1,9.831818181818182,2.9926854754440964
12246,12247,-32140180,18.39886363636364,4.344305120167192
12248,12249,-32140253,6.257317073170731,25.5475143276023
12250,12251,-32140256#0,10.15,30.333333333333332
12252,12253,-32140256#1,9.8,0.3333333333333335
12254,12255,-32140444#0,2.6021739130434782,0.25319693094629153
12256,12257,-32140444#2,7.852173913043479,0.48849104859335085
12258,12259,-32140444#3,17.819565217391307,1.9109121909633435
12260,12261,-32140444#4,16.282608695652176,1.7830349531116816
12262,12263,-32140444#5,11.915217391304347,0.9948849104859334
12264,12265,-32141019,0.9566666666666667,0.2646464646464646
12266,12267,-32141020#0,8.4,0.0
12268,12269,-32141020#1,5.25,0.0
12270,12271,-32199969#0,4.666666666666667,0.3067292644757434
12272,12273,-32199969#1,2.625,0.2535211267605634
12274,12275,-32199969#2,2.172916666666667,0.150039123630673
12276,12277,-32199969#3,3.791666666666667,0.29733959311424096
12278,12279,-32199969#4,18.79791666666667,3.356611893583723
12280,12281,-32199969#5,15.204696132596686,505.75101289134415
12282,12283,-32199989,12.553591160220995,282.4202578268877
12284,12285,-32200003,17.85,2.0
12286,12287,-32200414#0,9.7125,4.499999999999999
12290,12291,-32200415#1,4.5,8.904761904761907
12292,12293,-32200983#0,169.26,35728.399999999994
12294,12295,-32200983#1,416.0423076923077,295443.85897435894
12296,12297,-32201042,21.700000000000003,1332.75
12298,12299,-32201044#0,82.875,25606.225274725275
12300,12301,-32201044#1,10.444318181818183,444.340677770067
12302,12303,-32201044#2,3.5428057553956833,39.163382337608176
12304,12305,-32201044#4,16.866083916083916,1143.7072786368562
12306,12307,-32201172#0,60.732000000000006,10942.80666666667
12308,12309,-32201172#1,37.967999999999996,5673.223333333334
12310,12311,-32202011#0,7.905882352941177,192.76470588235298
12312,12313,-32202011#1,3.9200000000000004,31.78095238095238
12314,12315,-32202510#0,7.3500000000000005,1.0
12316,12317,-32202510#1,5.25,0.0
12320,12321,-32202927#0,50.80833333333333,3164.4869281045753
12322,12323,-32202927#1,7.07,0.6380952380952379
12324,12325,-32202927#2,13.65,2.666666666666666
12326,12327,-32202968#0,417.90000000000003,0.0
12328,12329,-32202968#1,49.35,0.0
12332,12333,-32203204,77.7,0.0
12336,12337,-32203701#0,4.7250000000000005,0.5
12338,12339,-32203701#1,4.2,0.0
12340,12341,-32203701#2,5.95,1.3333333333333335
12342,12343,-32203701#3,4.2,0.0
12344,12345,-32203701#4,9.450000000000001,0.0
12346,12347,-32203888#0,5.690322580645161,0.5182795698924733
12348,12349,-32203888#1,8.715000000000002,1.9413793103448276
12350,12351,-32203888#2,13.685,3.9643678160919547
12352,12353,-32203888#3,2.4850000000000003,0.30919540229885056
12354,12355,-32203959#0,11.55,0.0
12356,12357,-32203959#1,7.3500000000000005,0.0
12358,12359,-32203959#3,4.2,0.0
12360,12361,-32203959#4,20.475,0.5
12362,12363,-32203959#6,3.1500000000000004,0.5
12364,12365,-32203959#7,11.2,0.33333333333333304
12366,12367,-32226141#0,5.775,0.5
12368,12369,-32229976,24.150000000000002,0.0
12370,12371,-32234776#0,2.52,0.30000000000000004
12372,12373,-32234776#1,4.4625,1.583333333333333
12374,12375,-32234776#2,8.6625,0.9166666666666666
12376,12377,-32253508,30.450000000000003,1154.6666666666667
12382,12383,-32274767#0,14.000000000000002,2.3333333333333326
12384,12385,-32274767#1,3.5000000000000004,0.33333333333333326
12386,12387,-32274767#2,2.1,0.0
12388,12389,-32274767#3,5.25,0.0
12390,12391,-32350852#0,8.247826086956522,743.5080988917306
12392,12393,-32350852#1,4.827586206896552,0.5455760491847093
12394,12395,-32350852#1.43,6.529310344827586,0.8238438920074848
12396,12397,-32350852#3,6.845588235294118,2.5095127159774804
12398,12399,-32350901#0,2.347058823529412,0.1853832442067736
12400,12401,-32350901#1,7.239473684210526,0.5832147937411097
12402,12403,-32350901#2,8.344736842105263,1.0782361308677098
12404,12405,-32350901#3,3.59625,0.3019230769230769
12406,12407,-32350901#4,4.9350000000000005,0.3692307692307695
12408,12409,-32350901#5,3.2840425531914894,0.37465309898242377
12410,12411,-32350901#6,1.842857142857143,0.2304421768707483
12412,12413,-32350901#7,7.7785714285714285,53.621598639455804
12414,12415,-32395288#1,4.2,0.0
12420,12421,-32395327#1,69.64999999999999,197.33333333333337
12434,12435,-325057234,4.2,2.0
12438,12439,-32509968#0,9.450000000000001,0.0
12446,12447,-32530108#0,3.022173913043478,0.28329519450800905
12448,12449,-32530108#1,4.400869565217391,0.3841342486651412
12450,12451,-32530108#2,3.999130434782609,0.5595728451563694
12452,12453,-32530108#3,12.752564102564103,1.9356027114647811
12454,12455,-32530108#4,7.28,0.8526610644257706
12456,12457,-32530108#5,5.876470588235294,0.5477852157812277
12458,12459,-32530113#0,9.975,13.9
12460,12461,-32530113#1,1.925,0.16666666666666669
12462,12463,-32530113#2,8.4,0.0
12464,12465,-32530113#3,8.4,0.0
12472,12473,-32545811,5.25,0.6666666666666666
12484,12485,-32597384#2,9.03,1.3000000000000003
12486,12487,-32597384#3,15.225000000000001,0.5
12488,12489,-32598753,6.300000000000001,1.0
12490,12491,-32598755#0,2.9166666666666665,1.4444444444444442
12492,12493,-32598755#1,3.85,0.2666666666666667
12494,12495,-32598755#2,11.55,0.0
12496,12497,-32598755#3,9.450000000000001,0.0
12498,12499,-32612308,16.275000000000002,0.5
12502,12503,-32684155#0,45.15,37.0
12504,12505,-32684155#1,297.57,736.2999999999996
12506,12507,-32684156#0,1.05,0.0
12508,12509,-32684156#1,24.599999999999998,6.952380952380957
12510,12511,-32684156#2,34.65,10.666666666666663
12512,12513,-32684156#3,12.18,19.8
12514,12515,-32684156#4,2.75625,2.267857142857143
12516,12517,-32684156#5,110.88,52.30000000000002
12518,12519,-32684156#6,80.5875,134.91666666666669
12520,12521,-32684157,13.65,0.0
12522,12523,-32684165,23.1,0.0
12524,12525,-32728752,11.858823529411765,239.66844919786098
12526,12527,-32787437#0,18.375,4.5
12528,12529,-32787437#1,18.75,18.476190476190474
12530,12531,-32787437#2,9.450000000000001,1.2
12532,12533,-32787437#4,12.3375,0.25000000000000017
12534,12535,-32875547#0,46.410000000000004,48.17777777777777
12536,12537,-32875547#1,1.8136363636363637,0.6181818181818182
12538,12539,-32881184,6.106896551724138,93.80299385191125
12544,12545,-329028996#0,30.450000000000003,0.0
12546,12547,-329028996#1,11.55,0.0
12548,12549,-329028998,38.150000000000006,10.83333333333334
12550,12551,-329028999#0,11.458695652173914,1.1739130434782608
12552,12553,-329028999#1,0.3652173913043478,0.2371541501976285
12554,12555,-329029002,50.925000000000004,4.5
12556,12557,-329029003,3.28125,0.2500000000000001
12558,12559,-329029004,12.847058823529412,1.1911764705882353
12568,12569,-329029045,5.65,0.44761904761904764
12570,12571,-329029047,64.4,69.33333333333331
12576,12577,-32903546#2,5.25,0.0
12578,12579,-329108798#1,3.6750000000000003,0.4545454545454545
12580,12581,-329108798#2,8.965384615384616,0.9358974358974358
12582,12583,-329189240,50.925000000000004,4.5
12592,12593,-32923863#0,12.463783783783784,1153.4844796015525
12594,12595,-32923863#1,7.005932203389831,702.6062002848868
12596,12597,-32923863#2,33.30045045045045,4309.782824993668
12598,12599,-32923863#3,9.87882882882883,745.9471580013753
12600,12601,-32923863#4,18.78795731707317,1798.5176307152983
12602,12603,-32923863#5,11.020298507462687,968.286656537672
12604,12605,-32923867#0,10.111500000000001,154.97798994974875
12606,12607,-32923867#1,9.685344827586206,1.26161052421766
12608,12609,-32923867#2,4.19396551724138,0.7918742940668392
12610,12611,-32923867#4,6.18135593220339,46.61215973292246
12612,12613,-32924041#0,4.5,0.6142857142857141
12614,12615,-32924041#1,0.3,0.21428571428571433
12616,12617,-32924041#2,3.3000000000000003,0.22857142857142848
12618,12619,-32924041#3,2.35,0.1904761904761904
12620,12621,-32937030,8.842105263157894,1.4795321637426906
12622,12623,-32978638#0,23.048893805309735,1154.259842674533
12624,12625,-32978638#1,39.26303317535545,4192.925479575716
12626,12627,-32978638#2,16.02764423076923,1401.1712885544407
12632,12633,-32998243#2,39.6375,40.916666666666664
12634,12635,-32998243#3,59.85,32.0
12636,12637,-32999434#0,20.83399209486166,1380.093951941778
12640,12641,-330048410#0,13.65,0.0
12642,12643,-330048410#1,10.920000000000002,2.8000000000000003
12644,12645,-330048411#0,8.4,0.0
12646,12647,-330048411#1,5.25,0.0
12654,12655,-330048413#1,3.1500000000000004,0.0
12658,12659,-330048683#1,2.1,0.0
12660,12661,-330048683#2,4.2,0.0
12662,12663,-330048683#3,4.2,0.0
12664,12665,-330048683#4,4.33125,0.41071428571428564
12676,12677,-330690610#1,8.4,0.0
12682,12683,-330690610#4,8.4,0.0
12688,12689,-330694492#0,13.65,0.0
12692,12693,-330908488,10.908333333333335,3.192810457516339
12694,12695,-330908490,3.7800000000000002,1.3
12696,12697,-330908491,24.150000000000002,13.0
12698,12699,-330908492#0,7.875,0.5
12702,12703,-330908494#0,6.750000000000001,0.6190476190476188
12708,12709,-330908495#1,7.3500000000000005,0.0
12712,12713,-330908497#0,4.2,0.0
12716,12717,-330908498#1,54.075,1141.4285714285713
12718,12719,-330908499#0,3.85,0.33333333333333326
12724,12725,-330908500#1,26.00769230769231,6.0256410256410255
12728,12729,-330908502,10.6575,3.3973684210526294
12730,12731,-330908503#0,2.1,0.0
12732,12733,-330908503#1,2.94,0.7
12734,12735,-330908503#2,2.8,0.33333333333333337
12736,12737,-330908503#3,4.2,0.0
12738,12739,-330908503#4,3.1500000000000004,0.0
12740,12741,-330908503#5,3.1500000000000004,1.0
12744,12745,-330910983,2.1,0.0
12752,12753,-33102205#3,10.5,0.0
12754,12755,-33102476,1.918705035971223,0.18736315295589623
12756,12757,-33102477,18.25342105263158,239.9732943469786
12758,12759,-33102490#0,3.1269736842105265,30.44445088492158
12760,12761,-33102490#1,6.461894273127753,51.03364391251802
12770,12771,-33280103#0,3.3451923076923076,1.6103804797353178
12772,12773,-33280103#1,9.119337016574587,17.37249846531614
12774,12775,-33280103#2,1.3167567567567569,0.1905405405405405
12776,12777,-33280103#4,3.2635135135135136,0.2056404230317276
12778,12779,-33280103#5,1.6445205479452054,0.40270621255917227
12780,12781,-33280103#6,4.703424657534247,0.626869423149428
12782,12783,-33280103#7,7.00958904109589,1.9265217209165932
12784,12785,-333418281,28.77,6.299999999999998
12786,12787,-333420165#0,5.25,0.0
12788,12789,-333420165#1,3.1500000000000004,0.0
12792,12793,-333420168#0,2.25,0.14285714285714293
12794,12795,-333420171#0,5.25,0.0
12804,12805,-333420175#1,2.1,0.0
12816,12817,-333420177#3,9.8,2.2666666666666666
12824,12825,-333420180#1,4.620000000000001,0.7999999999999997
12828,12829,-333420183#1,28.875,12.5
12834,12835,-333421780,14.700000000000001,0.0
12838,12839,-333421782#1,2.1,0.0
12840,12841,-333421782#2,7.875,0.5
12842,12843,-333421783#0,2.1,0.0
12846,12847,-333421783#2,2.1,0.0
12848,12849,-333421783#3,10.5,1.0
12850,12851,-333421787,10.5,0.0
12852,12853,-333421789#0,5.833333333333333,12.496732026143789
12854,12855,-333421789#1,3.57,6.266666666666667
12856,12857,-333421790,18.900000000000002,0.0
12864,12865,-333421795,23.1,76.66666666666667
12866,12867,-333421796,11.8125,2.9166666666666665
12874,12875,-333424243#3,63.0,68.5
12880,12881,-333428400#3,7.875,123.00000000000001
12882,12883,-333428401,4.9,0.6666666666666665
12888,12889,-333428406#1,12.075000000000001,0.5
12892,12893,-333428411#0,27.3,18.0
12894,12895,-333428411#1,3.045,0.7666666666666666
12896,12897,-333428414,10.36875,0.9821428571428574
12898,12899,-333430442,40.95,0.0
12900,12901,-333434590#0,5.25,0.0
12910,12911,-333434596#0,4.2,0.0
12912,12913,-333434597#0,7.3500000000000005,0.0
12916,12917,-333434597#3,33.6,0.0
12922,12923,-333434600#2,45.15,0.0
12924,12925,-333434601,1.05,0.0
12934,12935,-333438878#0,26.25,0.0
12938,12939,-333438880#0,11.025,84.5
12940,12941,-333438880#1,44.1,0.0
12942,12943,-333438881#0,6.490909090909091,2.763636363636363
12950,12951,-333438885#2,3.1500000000000004,0.0
12952,12953,-333438885#3,3.1500000000000004,0.4
12954,12955,-333438885#4,3.325,0.1666666666666667
12956,12957,-333438885#5,3.6750000000000003,0.9444444444444441
12958,12959,-333438887,2.1,0.0
12960,12961,-334062994#0,24.9375,2.2500000000000013
12962,12963,-334062994#1,26.25,0.0
12964,12965,-334065604,3.1500000000000004,0.0
12968,12969,-334065609,8.4,0.0
12972,12973,-334065616,3.6750000000000003,0.5
12974,12975,-334065618,6.720000000000001,1.2999999999999998
12976,12977,-334066856,7.000000000000001,2.333333333333334
12978,12979,-334066858#1,8.4,0.0
12980,12981,-334066858#11,1.5346153846153845,0.2692307692307692
12986,12987,-334066858#4,4.2,0.0
12990,12991,-334066858#7,4.7250000000000005,0.5
12992,12993,-334066858#9,4.316666666666666,0.11111111111111116
12994,12995,-334066859#0,4.7250000000000005,0.3333333333333333
12996,12997,-334066859#1,4.2,0.6666666666666665
13004,13005,-334066860#0,7.000000000000001,0.33333333333333326
13012,13013,-335392790,9.01764705882353,0.6323529411764706
13014,13015,-335392791,8.00625,0.38333333333333336
13028,13029,-335810252#2,3.1500000000000004,0.0
13030,13031,-335810252#3,3.0,0.14285714285714288
13032,13033,-335810252#4,16.931250000000002,2.982142857142859
13034,13035,-336216577#0,8.19,0.7
13036,13037,-336216577#1,30.975,13.666666666666666
13042,13043,-336233945#1,3.1500000000000004,0.0
13046,13047,-336708438,12.600000000000001,2.0
13050,13051,-336839351,10.5,0.0
13054,13055,-337345698,37.800000000000004,18.0
13060,13061,-337345699#3,20.825,25.76666666666667
13068,13069,-337347381#1,9.450000000000001,0.0
13070,13071,-337347381#2,3.1500000000000004,0.0
13076,13077,-337347473#0,7.875,0.5
13086,13087,-337348718#2,7.3500000000000005,0.0
13088,13089,-337348718#3,2.1,2.0
13112,13113,-337577542#0,21.0,0.0
13118,13119,-337577550,12.600000000000001,0.0
13122,13123,-337577835,34.65,0.0
13126,13127,-337577948,10.5,0.0
13128,13129,-33779209,47.145,3578.305263157894
13136,13137,-337875143#2,6.300000000000001,0.0
13142,13143,-337985774#1,53.550000000000004,0.0
13144,13145,-337985774#2,3.1500000000000004,0.0
13152,13153,-33814393#1,4.57258064516129,29.413008989952402
13154,13155,-33814393#2,10.321276595744681,21.01387604070305
13156,13157,-33814393#3,10.259375,1.7548758865248228
13160,13161,-339189103#0,22.575,4.5
13162,13163,-339189103#1,43.050000000000004,18.0
13164,13165,-339189103#3,7.0875,0.25
13166,13167,-339417557#1,3.5237288135593223,3.9228521332554065
13168,13169,-339417557#2,1.3522727272727273,0.30046620046620043
13170,13171,-339417557#3,3.6113636363636368,0.4039627039627038
13172,13173,-339417557#4,5.838636363636364,0.4962703962703964
13174,13175,-339417557#5,6.102173913043479,0.6551577152600172
13176,13177,-339417557#6,2.830434782608696,0.2736572890025575
13178,13179,-339417557#7,1.7195652173913043,0.2344416027280478
13180,13181,-339417557#8,4.502054794520548,0.4577625570776257
13182,13183,-339418351,26.950000000000003,9.333333333333336
13186,13187,-34015253#1,41.737500000000004,6.916666666666669
13224,13225,-34026117#2,23.1,0.0
13260,13261,-34026288#0,42.0,3.0
13272,13273,-34026352#2,13.65,0.0
13274,13275,-34026352#3,9.450000000000001,0.0
13276,13277,-34026352#4,18.900000000000002,0.0
13278,13279,-34026352#5,15.75,1.0
13280,13281,-34026352#6,47.25,16.666666666666675
13288,13289,-34026368,25.200000000000003,8.666666666666666
13298,13299,-342059249#0,2.672727272727273,0.5454545454545454
13300,13301,-342059249#1,5.460000000000001,1.2095238095238097
13302,13303,-342059249#2,5.526923076923077,0.7518925518925518
13304,13305,-342059249#3,10.569230769230769,1.906715506715506
13306,13307,-342059249#4,2.8338709677419356,0.5388031790556334
13308,13309,-342059249#5,8.010309278350515,1.6108247422680417
13310,13311,-342059250#0,10.941477272727273,1.5568181818181814
13312,13313,-342059250#1,10.762500000000001,0.9712643678160909
13314,13315,-34230893,30.450000000000003,13.0
13316,13317,-344545840,94.7625,62.25
13318,13319,-344545841,41.300000000000004,2.333333333333334
13320,13321,-344545842#0,6.6000000000000005,4.57142857142857
13322,13323,-346571109,115.85,424.3333333333333
13324,13325,-34880352#1,30.8,852.3333333333334
13326,13327,-34880352#2,3.5000000000000004,2.3333333333333335
13328,13329,-34880352#3,4.2,0.0
13330,13331,-34880352#4,8.4,0.0
13332,13333,-34880352#6,12.600000000000001,0.0
13334,13335,-34880352#7,11.9,2.3333333333333335
13336,13337,-34880352#8,5.775,0.5
13338,13339,-35064464#0,28.875,2.9999999999999987
13340,13341,-35064464#1,8.4,0.0
13342,13343,-35064464#2,10.5,0.0
13344,13345,-35064464#3,8.4,0.0
13346,13347,-35064465,19.95,0.0
13348,13349,-35073467#0,8.4,0.0
13350,13351,-35073467#1,13.65,0.0
13356,13357,-35073468#0,38.85,0.0
13360,13361,-35073468#2,10.5,0.0
13370,13371,-35342077#5,5.6,0.33333333333333326
13372,13373,-35342077#6,10.5,1.2
13374,13375,-35342077#7,9.975,40.11538461538461
13376,13377,-35342079#1,43.995,1945.877777777778
13378,13379,-35342079#2,10.015384615384615,156.26923076923075
13380,13381,-35342079#3,2.3423076923076924,0.19230769230769226
13382,13383,-35342079#4,4.55,0.4999999999999999
13384,13385,-35342079#5,13.65,1.25
13386,13387,-35342080#0,1.05,0.0
13388,13389,-35342080#1,5.25,0.0
13390,13391,-35342080#2,2.1,0.0
13394,13395,-35342080#4,5.25,0.0
13396,13397,-35342080#5,7.875,0.5
13400,13401,-35342080#7,5.25,0.0
13402,13403,-35342080#8,9.450000000000001,20.0
13414,13415,-35342846#0,5.25,0.0
13416,13417,-35342846#1,11.55,0.0
13418,13419,-35342846#2,13.125,0.5
13422,13423,-35342846#4,17.85,0.0
13424,13425,-35342847#1,11.97,31.75000000000001
13426,13427,-35342847#2,5.166,0.24333333333333332
13428,13429,-35342847#4,1.05,0.0
13430,13431,-35342847#5,1.05,0.0
13432,13433,-35342847#6,2.45,0.33333333333333326
13434,13435,-35342847#7,2.625,0.5
13436,13437,-35342847#9,1.5750000000000002,0.5
13438,13439,-35342848#0,2.1,0.0
13444,13445,-35417465#1,11.277777777777779,1.660968660968661
13446,13447,-35417465#2,21.0,3.555555555555557
13448,13449,-35417465#3,13.097368421052632,2.7076023391812845
13450,13451,-35417465#4,4.2,2.0
13452,13453,-35417466#0,128.1875,109.5378787878788
13454,13455,-35417466#1,46.9,30.333333333333336
13456,13457,-35417467,19.95,0.0
13460,13461,-35468001#0,102.6375,92.91666666666667
13462,13463,-35468001#1,10.2375,0.9166666666666665
13464,13465,-35468001#2,44.31,16.199999999999992
13466,13467,-35468001#3,90.72000000000001,53.29999999999998
13468,13469,-354967514#0,1.822058823529412,0.32174688057040984
13470,13471,-354967514#0.24,7.540909090909091,7.090909090909091
13472,13473,-354967514#1,1.8529411764705883,0.24598930481283426
13474,13475,-354967514#2,2.654166666666667,0.2563492063492063
13494,13495,-35588519#0,14.9625,4.916666666666665
13496,13497,-35588519#1,6.300000000000001,0.6666666666666666
13502,13503,-35588522#0,4.2,0.0
13504,13505,-35588522#1,18.900000000000002,0.0
13520,13521,-35681685#2,4.4625,0.931818181818182
13522,13523,-35681687,10.5,0.0
13526,13527,-35681725,9.450000000000001,0.0
13530,13531,-35743389#0,14.175,4.5
13532,13533,-35743389#1,6.300000000000001,0.0
13538,13539,-35743405,7.3500000000000005,0.0
13540,13541,-35744086#0,13.067378048780489,2.0031048930121194
13544,13545,-35779588#0,12.950000000000001,6.333333333333334
13546,13547,-35779588#1,8.137500000000001,2.25
13574,13575,-35921580#1,5.6,0.33333333333333326
13576,13577,-35926298,4.7250000000000005,0.5
13578,13579,-35926528#0,3.6872093023255816,0.34489324085407297
13580,13581,-35926528#1,4.151445086705203,0.35831428955504774
13582,13583,-35927185,7.3500000000000005,0.0
13586,13587,-35960028#0,11.55,0.0
13598,13599,-36291830#0,9.1,390.14718614718623
13600,13601,-36291830#1,14.896,321.01873873873876
13602,13603,-36548854#0,60.900000000000006,0.0
13606,13607,-36550449,8.05,0.33333333333333326
13610,13611,-36689751#0,8.432012195121953,158.90090528205894
13612,13613,-36689751#1,12.941411042944786,32.43065969855336
13614,13615,-36788200#0,7.875,40.5
13616,13617,-36788200#1,6.300000000000001,0.0
13618,13619,-36788200#2,3.1500000000000004,0.0
13620,13621,-36788201#0,13.65,0.0
13622,13623,-36788202,9.450000000000001,0.0
13624,13625,-36788203#0,15.4,1.333333333333334
13626,13627,-36788203#1,34.3,2297.333333333333
13628,13629,-36789282#1,13.125,3.0
13632,13633,-36789284#1,6.720000000000001,22.68571428571429
13636,13637,-36789284#4,16.275000000000002,24.5
13640,13641,-36792010#0,7.050000000000001,0.23809523809523833
13642,13643,-36792010#1,13.533333333333335,1.3611111111111116
13644,13645,-36792010#2,10.395000000000001,0.3222222222222221
13646,13647,-36792012,29.925,0.5
13654,13655,-36792017#1,12.15,1.2857142857142867
13656,13657,-36792017#2,9.8,0.6666666666666663
13658,13659,-36792017#3,10.2375,0.25000000000000017
13660,13661,-36792018,18.900000000000002,0.0
13662,13663,-36792019,17.15,2.333333333333335
13664,13665,-36792021#0,5.25,0.0
13666,13667,-36792021#1,8.4,0.0
13668,13669,-36792021#2,6.300000000000001,0.0
13672,13673,-36793495#1,44.1,0.0
13688,13689,-36793497#0,16.1,0.33333333333333304
13732,13733,-36793511#2,8.4,0.0
13740,13741,-36962701#1,3.6750000000000003,0.5
13742,13743,-37192503#0,13.65,0.0
13744,13745,-37192503#1,134.4,0.0
13746,13747,-37192504,12.600000000000001,0.0
13748,13749,-37192505#1,4.41,0.19999999999999996
13750,13751,-37192505#2,25.41,2.7000000000000006
13752,13753,-37192506#0,11.025,4.5
13754,13755,-37192506#1,3.6750000000000003,0.5
13762,13763,-37192508#0,10.5,0.0
13764,13765,-37192508#1,5.25,0.0
13772,13773,-37193852#0,8.4,2.0
13774,13775,-37193852#1,5.25,0.0
13780,13781,-37193852#4,7.3500000000000005,0.0
13784,13785,-37193854,16.8,0.0
13792,13793,-37193855#3,8.4,0.0
13796,13797,-37193857#0,57.75,98.0
13798,13799,-37193857#1,43.575,12.5
13800,13801,-37193858#0,13.65,0.0
13808,13809,-37193859#0,26.25,0.0
13812,13813,-37193859#11,8.925,0.8571428571428573
13818,13819,-37193859#2,1.3125,0.25
13820,13821,-37193859#3,9.450000000000001,1.9999999999999998
13822,13823,-37193859#4,6.5625,0.25
13824,13825,-37193859#5,3.9375,0.24999999999999997
13826,13827,-37193859#6,8.61,1.1999999999999995
13828,13829,-37193859#8,6.300000000000001,0.0
13830,13831,-37193859#9,8.4,0.6666666666666666
13840,13841,-37193862#0,17.85,0.0
13848,13849,-37193864,70.35000000000001,0.0
13856,13857,-37255717#0,4.433333333333334,22.444444444444443
13858,13859,-37255717#1,6.7666666666666675,25.52777777777778
13860,13861,-37255717#2,11.025,0.6999999999999998
13862,13863,-37255717#4,6.65,0.33333333333333326
13864,13865,-37255717#5,4.9,0.3333333333333335
13870,13871,-37255726#0,8.137500000000001,2.25
13872,13873,-37255726#2,3.3600000000000003,0.7
13874,13875,-37255726#3,4.9875,0.25
13876,13877,-37255726#4,4.7250000000000005,0.5
13878,13879,-37255726#5,19.95,0.0
13894,13895,-37255739#1,4.2,0.0
13896,13897,-37255739#2,4.2,0.0
13898,13899,-37255739#3,5.25,0.0
13904,13905,-37256211,26.25,26.5
13906,13907,-37282688#0,34.846875000000004,2924.440476190476
13908,13909,-37282688#1,18.58828125,1644.9422123015875
13910,13911,-37282688#2,141.4936046511628,8922.022024623799
13912,13913,-37282688#3,56.50689655172414,3466.1285752472604
13914,13915,-37282688#4,32.38483146067416,2686.7249744637384
13916,13917,-37282688#5,35.7,1986.6206896551728
13918,13919,-37386279#0,3.9899999999999998,0.20000000000000004
13920,13921,-37386279#1,10.5,2.0
13934,13935,-376285856#2,39.9,0.0
13936,13937,-376285856#3,84.0,0.0
13938,13939,-376285856#4,4.2,0.0
13940,13941,-376285856#5,40.95,0.0
13942,13943,-376285856#6,14.700000000000001,72.0
13944,13945,-376285856#7,2.1,0.0
13946,13947,-37649447#0,5.976923076923077,77.73076923076924
13948,13949,-37649447#1,5.007692307692308,0.5256410256410255
13950,13951,-37649447#2,16.125,1955.9395604395604
13952,13953,-37649447#3,9.511764705882353,0.8088235294117647
13956,13957,-37681424#1,26.669999999999998,8.299999999999999
13958,13959,-37681425#1,4.2,0.0
13960,13961,-37681425#2,1.05,0.0
13962,13963,-37681425#3,4.2,0.0
13964,13965,-37681425#4,6.300000000000001,0.0
13966,13967,-37681425#5,1.8375000000000001,0.25
13968,13969,-37681425#6,7.0875,0.24999999999999992
13970,13971,-37681425#7,7.875,0.3333333333333335
13972,13973,-37681592#0,9.450000000000001,0.0
13974,13975,-37681592#2,15.75,0.0
13976,13977,-37681592#3,1.05,0.0
13978,13979,-37681592#4,10.5,0.0
13980,13981,-37681592#5,9.1,0.3333333333333335
13982,13983,-37681592#6,3.9375,2.25
13984,13985,-37681592#7,2.1,0.0
13986,13987,-37681592#8,2.3625000000000003,0.25000000000000006
13988,13989,-37714408#0,2.1,0.0
13996,13997,-37715612#1,15.05,5.333333333333332
13998,13999,-37715612#2,1.05,0.0
14000,14001,-37715613#0,6.300000000000001,0.0
14002,14003,-37715613#1,11.9,0.33333333333333304
14004,14005,-37715613#2,12.600000000000001,0.0
14006,14007,-37715614#0,17.325,0.5
14008,14009,-37715614#1,14.175,0.5
14012,14013,-37724354,50.63333333333333,47.44444444444445
14014,14015,-379510292,4.2,0.0
14022,14023,-379723622#0,1.05,0.0
14024,14025,-379723622#1,7.3500000000000005,0.0
14026,14027,-379723623#0,6.465789473684211,0.5149359886201992
14028,14029,-379723623#2,3.011842105263158,0.17140825035561869
14030,14031,-379723624#1,6.2347457627118645,10.842706728299946
14032,14033,-379795383,4.390909090909091,0.16363636363636366
14034,14035,-379795384,5.25,0.19999999999999996
14042,14043,-380273350,11.55,0.0
14044,14045,-380273351#1,195.23000000000002,55456.47816091954
14046,14047,-380273351#2,11.15625,366.33152173913044
14054,14055,-381247993,1.614873417721519,0.25014109489639613
14056,14057,-381247994,0.9569620253164557,0.08127066032411509
14060,14061,-38305646#0,12.20625,0.2678571428571432
14062,14063,-38305646#2,5.775,0.28571428571428575
14064,14065,-38305646#3,9.05625,1.9821428571428572
14066,14067,-38434492#0,10.414285714285716,1.6181972789115653
14068,14069,-38434492#1,8.946875,1.9144503546099285
14070,14071,-38434492#2,3.7625,0.9290780141843974
14072,14073,-38434492#4,14.643243243243244,4.274774774774775
14074,14075,-38434492#5,3.9162162162162164,0.3693693693693692
14076,14077,-38434492#7,6.6121621621621625,0.9369369369369368
14078,14079,-38434492#8,13.23,2.894117647058824
14080,14081,-38434577,4.47,0.8436974789915972
14082,14083,-38434578,17.700000000000003,4.420168067226889
14084,14085,-38435025,4.642105263157895,0.3684210526315788
14086,14087,-38573373#0,28.35,12.666666666666671
14088,14089,-38573373#1,9.450000000000001,3.0
14090,14091,-38573374,15.225000000000001,0.5
14092,14093,-38573375#0,13.65,0.0
14094,14095,-38573375#1,16.8,0.0
14106,14107,-389552421#1,19.759090909090908,133.36363636363637
14108,14109,-389552421#2,3.4363636363636365,0.21818181818181812
14110,14111,-389552421#3,13.840909090909092,1.9636363636363634
14112,14113,-389552421#4,2.8350000000000004,0.23333333333333328
14114,14115,-389552421#5,0.735,0.23333333333333334
14116,14117,-389565213#0,18.55,2.333333333333335
14118,14119,-389831363,7.432894736842105,590.0203508771931
14120,14121,-389831364#1,180.6,113345.33333333336
14122,14123,-389831364#1.38,366.1875,96216.91666666667
14124,14125,-389840420#0,6.73125,0.6946589446589448
14126,14127,-389840420#1,4.3500000000000005,0.3217503217503216
14128,14129,-389840420#2,9.044117647058824,2.0018515880928645
14130,14131,-389840420#3,11.398728813559323,39.936332029552396
14132,14133,-389840423#0,60.70909090909091,3653.0824524312893
14134,14135,-389840423#2,9.450000000000001,0.9565217391304346
14136,14137,-390068133#0,2.625,0.3142857142857144
14138,14139,-390068133#1,7.7,1.0081300813008127
14140,14141,-390068133#2,4.9750000000000005,0.5394889663182346
14142,14143,-390068133#3,5.9750000000000005,0.5603948896631825
14144,14145,-390282481,34.57857142857143,5387.652874848569
14146,14147,-390565276#0,2.3100000000000005,0.20000000000000004
14148,14149,-390565276#1,1.05,0.0
14150,14151,-390832775#0,8.621052631578948,0.5087719298245615
14154,14155,-390832777#0,9.450000000000001,0.0
14156,14157,-390832777#1,33.6,8.0
14158,14159,-390835794#0,3.291891891891892,0.43591387998167663
14160,14161,-390835794#1,3.6005190311418684,0.32915224913494817
14162,14163,-390835794#2,5.438927335640138,0.46751249519415644
14168,14169,-390842192#0,0.5173913043478261,0.2536231884057971
14170,14171,-390842192#1,2.982608695652174,0.16538789428815007
14172,14173,-390842192#2,0.9423076923076924,0.0928381962864722
14174,14175,-390842192#3,2.2435897435897436,0.4811376363100499
14176,14177,-390842192#4,6.793589743589744,2.9926318891836123
14178,14179,-391029004#0,8.225,1.3758865248226952
14180,14181,-391029004#1,10.699137931034484,1.1739261947973383
14182,14183,-391029004#2,7.07,0.7751412429378534
14184,14185,-391029007,7.233333333333334,17.94871794871795
14186,14187,-391029010,8.82,2.299999999999999
14188,14189,-391029011#0,9.1875,3.0714285714285694
14190,14191,-391029011#1,14.700000000000001,2.3333333333333344
14192,14193,-391029011#2,10.5,0.0
14194,14195,-391029011#3,3.1500000000000004,0.0
14196,14197,-391029012#0,4.55,1.333333333333333
14198,14199,-391029012#1,3.1500000000000004,0.0
14200,14201,-391029012#2,11.55,0.0
14202,14203,-391029012#3,7.3500000000000005,0.0
14204,14205,-391029012#4,10.850000000000001,6.333333333333334
14206,14207,-391029012#5,13.65,8.0
14208,14209,-391029012#6,5.25,2.0
14210,14211,-391029013,14.9625,6.916666666666667
14212,14213,-391029014#0,9.082500000000001,1.607894736842105
14214,14215,-391208987#0,1.1693181818181817,0.14957716701902748
14216,14217,-391208987#1,8.781818181818181,1.2135306553911203
14218,14219,-391208988,6.9719999999999995,2.6024489795918364
14220,14221,-391208991,2.8875,0.24999999999999997
14222,14223,-391208992#0,34.65,0.0
14224,14225,-391208992#1,19.95,0.0
14226,14227,-391208993#0,21.0,4.636363636363638
14228,14229,-391208993#1,13.912500000000001,4.916666666666665
14230,14231,-391208993#2,4.7250000000000005,1.0
14232,14233,-391208993#3,6.825,1.6666666666666667
14234,14235,-391208993#4,7.5600000000000005,1.2
14236,14237,-391208993#5,7.175,8.566666666666666
14240,14241,-391344206#1,22.575,0.5
14242,14243,-391344206#3,2.1,2.0
14250,14251,-391344207,7.875,0.5
14252,14253,-391344216,5.25,0.0
14254,14255,-391606911#0,17.706315789473685,3.7363941769316917
14256,14257,-391606911#1,5.3677570093457945,0.32692646799506253
14258,14259,-391606911#2,13.6696261682243,1.5279492153059417
14260,14261,-391606911#3,2.04375,0.23133848133848128
14262,14263,-391606911#4,2.601769911504425,0.358881163084703
14264,14265,-391606922,20.389402173913044,1554.233755048706
14266,14267,-391885896#0,7.3500000000000005,0.0
14272,14273,-39227661#0,18.645859872611467,9.30001633186346
14274,14275,-39227661#1,5.7617088607594935,1.7673546722567124
14276,14277,-39227661#2,2.4721518987341775,0.23026687091832626
14280,14281,-39236841#4,104.37,12740.3
14290,14291,-393420106#0,1.1869565217391305,0.1185770750988142
14292,14293,-393420106#1,15.156521739130435,2.25691699604743
14294,14295,-393420112#0,5.290384615384616,0.4384615384615389
14296,14297,-393420112#1,8.117307692307692,0.6046153846153848
14298,14299,-393420112#2,5.3307692307692305,0.3138461538461541
14300,14301,-393420112#4,2.1,0.17142857142857149
14302,14303,-393420116#1,9.7125,16.250000000000004
14304,14305,-393420116#3,10.15,1.066666666666667
14306,14307,-393420116#4,3.85,0.6666666666666667
14308,14309,-393420116#5,2.1,0.0
14310,14311,-393420116#6,12.075000000000001,0.5
14312,14313,-393420116#7,4.2,0.0
14314,14315,-39345679#1,2.7300000000000004,0.8
14316,14317,-39345679#2,7.3500000000000005,0.0
14318,14319,-39345680,75.60000000000001,0.0
14320,14321,-39443315#0,73.05,7106.10989010989
14322,14323,-39443315#1,33.4425,15.186842105263167
14324,14325,-39443316#0,9.3,0.7472527472527469
14326,14327,-39443316#2,29.06842105263158,2527.0058479532163
14332,14333,-39444740#1,3.6750000000000003,0.2857142857142857
14334,14335,-39444740#2,5.483333333333333,0.19444444444444456
14336,14337,-39444746#0,22.05,0.0
14338,14339,-39444746#1,13.65,2.0
14344,14345,-39444746#4,6.5625,6.916666666666667
14346,14347,-39444747,15.75,0.0
14348,14349,-39444748,2.1,0.0
14350,14351,-39445512#1,8.4,0.0
14364,14365,-39445788#0,9.450000000000001,8.0
14366,14367,-39445788#1,22.750000000000004,9.333333333333334
14370,14371,-39445789,13.65,0.0
14374,14375,-39445984#0,17.85,0.0
14384,14385,-39530044#0,9.909375,13.41532258064516
14386,14387,-39530044#1,2.5921875,0.32157258064516125
14388,14389,-39530044#2,9.051724137931036,5.600985221674876
14390,14391,-39530044#3,4.65,0.25396825396825373
14392,14393,-39530044#4,3.2250000000000005,0.9576719576719575
14394,14395,-39530044#5,32.5125,64.62830687830686
14396,14397,-39530419,9.975,0.5
14404,14405,-39603434,6.028358208955224,2.642736318407961
14406,14407,-39603435#0,4.2,0.0
14408,14409,-396370763#0,4.2,0.0
14410,14411,-396370763#1,3.1500000000000004,0.0
14414,14415,-396370764#1,2.1,0.0
14418,14419,-396370770#0,3.1500000000000004,0.0
14420,14421,-396370770#1,5.25,2.0
14424,14425,-396370773#1,2.625,0.5
14426,14427,-396370774#0,4.41,0.7
14428,14429,-396370774#1,2.1,0.0
14430,14431,-396370774#2,4.620000000000001,0.7999999999999999
14432,14433,-39649533,2.925,0.22713257965056513
14434,14435,-39698490,15.75,2.0000000000000004
14436,14437,-39704293#0,1.4308290155440415,6.2948510362694305
14438,14439,-39704293#1,28.877720207253887,28.063795336787578
14440,14441,-39704293#2,3.4083769633507854,0.28123449986222104
14442,14443,-39704293#3,6.895360824742268,0.702740238235137
14444,14445,-39704293#4,2.1924870466321242,0.2057426597582039
14446,14447,-397584419,58.275000000000006,35.00000000000001
14450,14451,-397587871#1,2.1,0.0
14452,14453,-397587871#2,67.2,0.0
14464,14465,-397588247#2,25.200000000000003,2.0
14466,14467,-39857771,113.75,25.333333333333336
14468,14469,-39857772#0,47.28387096774193,23.63225806451614
14470,14471,-39857772#1,26.775000000000002,10.02325581395349
14474,14475,-39860602,2.1203883495145632,75.09765848086802
14476,14477,-39860603,22.70747663551402,2832.4061012167176
14478,14479,-39860604#0,8.4,0.0
14480,14481,-39860607,23.1,8.0
14482,14483,-39861421,11.025,4.5
14484,14485,-39861704#0,12.040000000000001,0.8293785310734465
14486,14487,-39861704#1,8.4525,0.7940677966101691
14488,14489,-39861707,1.84,0.20732600732600734
14490,14491,-39861708#0,1.9100000000000001,0.2073260073260073
14492,14493,-39861708#1,7.895192307692308,0.6015683345780434
14494,14495,-39863083#0,15.05,0.3333333333333335
14496,14497,-39863083#2,3.85,0.33333333333333337
14498,14499,-39863083#3,5.25,0.0
14500,14501,-39863083#4,1.05,0.0
14506,14507,-39863083#7,5.775,0.5
14508,14509,-39863083#8,5.25,0.0
14514,14515,-39863084#2,5.25,0.0
14516,14517,-39863084#3,8.05,0.2666666666666667
14518,14519,-39863084#4,11.55,1.1999999999999997
14520,14521,-39863084#5,15.575000000000001,90.56666666666666
14526,14527,-39918462,5.25,0.0
14532,14533,-399835085#0,56.25,4582.879120879121
14534,14535,-399835085#1,58.800000000000004,4341.818181818182
14536,14537,-399835087#0,9.25909090909091,10.163636363636364
14538,14539,-399835087#1,10.5,3.2
14540,14541,-399835087#2,6.65,0.33333333333333326
14546,14547,-400100580#1,2.1,0.0
14550,14551,-40059576#0,5.88,0.605128205128205
14552,14553,-40059576#1,11.025,14.255813953488373
14554,14555,-402154210,2.625,0.5
14568,14569,-40493437#0,1.05,0.0
14570,14571,-40493437#1,1.05,0.0
14574,14575,-40496432#0,1.05,0.0
14582,14583,-4058133#1,18.375,233.0
14584,14585,-4058133#2,9.450000000000001,0.0
14586,14587,-40623117#0,7.38,0.7344537815126054
14588,14589,-40623117#1,4.47,0.3731092436974792
14590,14591,-40623117#2,4.65,0.2521008403361344
14592,14593,-40623117#3,0.8029411764705883,0.36720142602495537
14594,14595,-40631191,5.25,0.0
14598,14599,-40640588#0,1.05,0.2222222222222222
14600,14601,-40640588#1,4.2,0.22222222222222227
14602,14603,-40640588#2,1.2970588235294118,0.4411764705882352
14604,14605,-40640588#3,1.6500000000000001,0.3280423280423281
14606,14607,-40640588#4,1.9189655172413795,0.21921182266009853
14608,14609,-40640588#5,5.068965517241379,0.79064039408867
14610,14611,-40642783#0,1.1307692307692307,0.07692307692307691
14612,14613,-40642783#1,13.811538461538461,289.8076923076923
14614,14615,-40642783#2,10.5,0.0
14616,14617,-40642783#3,5.25,0.0
14620,14621,-40642787#1,4.875000000000001,1.4780219780219779
14622,14623,-40642787#2,16.17,20.3
14624,14625,-40642790#0,2.1,0.9999999999999999
14626,14627,-40642790#1,1.4318181818181819,0.3376623376623377
14628,14629,-40642790#2,5.55,23.114285714285717
14652,14653,-40801039,21.0,0.0
14654,14655,-40879982#0,2.1,0.0
14656,14657,-40879982#1,12.25,0.33333333333333304
14658,14659,-40888351#0,17.85,8.0
14660,14661,-40888351#1,4.2,0.0
14662,14663,-40888351#3,4.55,0.3333333333333335
14664,14665,-40888351#5,3.1500000000000004,0.0
14666,14667,-40888351#6.2,7.95,66.61904761904763
14678,14679,-40888356#0,4.2,0.0
14680,14681,-40888356#2,3.1500000000000004,0.0
14682,14683,-40888356#3,1.05,0.0
14684,14685,-40888356#4,3.1500000000000004,0.0
14686,14687,-40888356#5,1.05,0.0
14688,14689,-40888356#6,4.2,0.0
14694,14695,-40930495#0,24.150000000000002,0.0
14696,14697,-40930495#1,5.25,0.0
14698,14699,-41051113#0,17.0625,0.2499999999999997
14700,14701,-41051113#1,26.46,2.2
14702,14703,-41051113#2,17.85,4.5
14704,14705,-41051113#3,7.500000000000001,0.8095238095238096
14708,14709,-41106793#0,13.65,0.0
14710,14711,-41106793#1,1.05,0.0
14712,14713,-41106793#2,19.95,0.0
14714,14715,-41106793#3,18.375,4.5
14716,14717,-41106793#4,12.600000000000001,2.0
14718,14719,-41139095,11.9,1.333333333333333
14720,14721,-41139660#0,12.429069767441861,1.7585825027685493
14722,14723,-41139660#1,3.76046511627907,0.34440753045404215
14724,14725,-41139660#2,8.726666666666668,1.1282828282828288
14726,14727,-41139660#3,2.0329787234042556,0.14801110083256244
14728,14729,-41139660#4,2.1214285714285714,0.18707482993197277
14730,14731,-41140024,15.05,0.33333333333333304
14732,14733,-41190839#0,34.230000000000004,42.800000000000004
14734,14735,-41190839#1,11.2,4.333333333333334
14736,14737,-41190839#2,32.025,7.9
14740,14741,-41193093#0,1.5750000000000002,0.5
14742,14743,-41193093#1,60.900000000000006,108.0
14744,14745,-41193093#2,77.7,0.0
14746,14747,-41193100#0,50.400000000000006,67.0
14748,14749,-41195860#1,3.4125,0.9166666666666666
14752,14753,-41195860#11,4.2,0.0
14754,14755,-41195860#2,7.875,107.0
14756,14757,-41195860#3,10.5,72.0
14758,14759,-41195860#4,4.7250000000000005,0.5
14760,14761,-41195860#5,11.55,32.0
14764,14765,-41195860#7,1.05,0.0
14766,14767,-41195860#8,3.1500000000000004,0.0
14768,14769,-41195860#9,3.1500000000000004,0.0
14770,14771,-41195861#0,4.2,0.0
14774,14775,-41195862#0,7.875,0.5
14776,14777,-41195862#1,5.25,0.0
14784,14785,-41195865#1,1.05,0.0
14790,14791,-41195866,3.1500000000000004,0.0
14792,14793,-41195867#0,5.25,0.0
14794,14795,-41195867#1,9.450000000000001,0.0
14804,14805,-41195869#4,2.1,0.0
14808,14809,-41195872,6.825,0.5
14814,14815,-41195877,7.3500000000000005,0.0
14820,14821,-41199134,13.883333333333333,3.7124183006535967
14828,14829,-41203916#0,11.55,0.0
14830,14831,-41203916#2,2.1,0.0
14832,14833,-41203916#3,2.1,0.0
14834,14835,-41203918#0,5.25,0.0
14842,14843,-41222724#0,3.0,0.14285714285714293
14848,14849,-413002076#0,194.67000000000002,205.37777777777777
14850,14851,-413002077#0,155.6625,211.92857142857162
14852,14853,-413002077#1,17.500000000000004,8.266666666666667
14854,14855,-413002079#0,40.425000000000004,8.333333333333334
14856,14857,-413002079#1,54.075,8.333333333333334
14858,14859,-413002080,81.1125,28.916666666666668
14860,14861,-41400364,114.82058823529412,328.61764705882354
14868,14869,-41494423#0,63.46395348837209,2920.1318741450063
14870,14871,-41494423#1,53.16705882352941,3792.1630252100836
14872,14873,-41494741#0,6.708333333333334,37.730158730158735
14874,14875,-41494741#1,2.8546875000000003,0.7893145161290321
14876,14877,-41494741#2,5.5209677419354835,38.9978494623656
14878,14879,-41522167#0,5.072535211267606,68.5424547283702
14880,14881,-41522167#1,70.32042253521126,4401.770623742455
14882,14883,-41522169#0,3.5831250000000003,0.3719936708860759
14884,14885,-41522169#1,1.0011627906976746,0.11545827633378934
14886,14887,-41522169#2,9.511046511627907,0.5259917920656635
14888,14889,-41522169#3,6.251162790697674,0.5860465116279069
14890,14891,-41522169#4,2.641935483870968,0.31767180925666205
14894,14895,-41530624#0,77.52499999999999,3411.9696969696965
14896,14897,-41530624#1,4.2,0.0
14898,14899,-41530624#2,31.5,50.0
14900,14901,-41539057#0,16.1,4.333333333333333
14902,14903,-41539057#2,1.5750000000000002,0.5
14904,14905,-41539057#3,10.5,0.0
14906,14907,-41567676#0,12.129310344827585,2.4106039465816234
14908,14909,-41567676#1,5.081034482758621,0.39014019002059686
14910,14911,-420153789,3.742307692307693,0.24908424908424903
14914,14915,-42276507,9.450000000000001,0.0
14924,14925,-423287073,9.8,1.333333333333333
14944,14945,-423804019,2.7363636363636363,1.6212121212121209
14948,14949,-424028486,16.8,0.0
14950,14951,-42435519,56.39224137931034,2534.219952162648
14952,14953,-42444460#0,3.7143750000000004,0.30237341772151893
14954,14955,-42444460#1,31.973529411764705,10.745098039215685
14956,14957,-42444460#2,10.67,1.2716117216117213
14958,14959,-42444460#3,9.278365384615386,0.9924383868558629
14960,14961,-42444460#4,2.364953271028037,0.3036501498853819
14962,14963,-42444461,3.8062500000000004,0.3639240506329114
14964,14965,-42485338#0,15.4,4.333333333333332
14966,14967,-42485338#1,17.15,2.333333333333332
14968,14969,-42485339,140.175,420.5
14972,14973,-42487766#1,11.97,2.2571428571428576
14974,14975,-42487766#2,5.109999999999999,0.8380952380952387
14976,14977,-42487767#0,17.85,0.0
14978,14979,-42487767#1,24.150000000000002,0.0
14980,14981,-42487767#2,15.75,0.0
14986,14987,-42491774#1,3.1500000000000004,0.0
14992,14993,-42491776#0,9.450000000000001,0.0
14994,14995,-42491776#1,6.300000000000001,0.0
15004,15005,-42508858#1,18.375,85.66666666666667
15006,15007,-42508858#2,17.85,8.0
15010,15011,-42508860,6.300000000000001,0.0
15012,15013,-425100437#0,3.1500000000000004,0.0
15020,15021,-425100438#0,6.300000000000001,0.0
15022,15023,-425100438#1,7.3500000000000005,0.0
15024,15025,-425100438#2,18.900000000000002,2.0
15038,15039,-425100439#6,3.1500000000000004,0.0
15040,15041,-425100439#7,3.1500000000000004,0.0
15042,15043,-425100439#8,3.1500000000000004,0.0
15044,15045,-425100439#9,3.1500000000000004,0.0
15046,15047,-425100440#0,16.8,0.0
15048,15049,-425100440#1,8.4,0.0
15064,15065,-425100451#0,3.1500000000000004,0.0
15068,15069,-425100453#1,33.95,56.333333333333314
15074,15075,-425100455#2,8.4,0.0
15084,15085,-425100456#2,8.4,0.0
15104,15105,-425100459#1,3.1500000000000004,0.0
15108,15109,-425100460#1,10.5,0.0
15112,15113,-425100461#0,13.65,0.0
15124,15125,-425100462#1,4.2,0.0
15126,15127,-425100462#2,10.850000000000001,2.3333333333333335
15128,15129,-425100462#3,10.850000000000001,1.333333333333333
15150,15151,-425100466#3,2.1,0.0
15168,15169,-425100469#0,10.786363636363637,0.8181818181818183
15174,15175,-425100470#2,3.1500000000000004,0.0
15180,15181,-425148882#0,6.300000000000001,0.0
15182,15183,-425148882#1,1.26,0.2
15184,15185,-42517571#0,25.200000000000003,0.0
15190,15191,-42517575#0,69.759375,100.52916666666665
15194,15195,-426547307,10.15,0.33333333333333304
15198,15199,-42674130#1,15.05,72.33333333333334
15212,15213,-42674133#6,28.875,4.5
15214,15215,-42674135#0,18.900000000000002,0.0
15216,15217,-42674135#1,20.3,14.333333333333329
15218,15219,-42674135#2,23.1,0.0
15220,15221,-42674135#3,28.35,0.0
15222,15223,-4268967#1,7.3500000000000005,0.0
15224,15225,-42738708,29.120744680851065,189.8532372454816
15226,15227,-42738709#0,8.366489361702127,0.8914436055822461
15228,15229,-42738709#00,7.796808510638298,0.8492335849919932
15230,15231,-42738709#1,7.395161290322581,1.8024777933613836
15232,15233,-42745460,96.025,12519.912311265969
15234,15235,-42745461#1,89.58000000000001,10599.810084033612
15240,15241,-429033100,35.735,9.06781609195403
15250,15251,-430872811#1,16.1,6.333333333333334
15254,15255,-4324827#1,306.73125,20182.98214285714
15256,15257,-433271143,3.7800000000000002,2.9166666666666665
15258,15259,-433271144,1.225,0.16666666666666669
15260,15261,-433809228,7.7,0.3333333333333335
15262,15263,-433809243,3.7026315789473685,0.2631578947368421
15264,15265,-433809256,10.5,0.0
15268,15269,-433809259#1,2.45,0.33333333333333337
15270,15271,-433809272#0,10.290000000000001,0.20000000000000018
15272,15273,-433809272#2,4.914,0.476666666666667
15278,15279,-433809279#0,5.25,0.0
15280,15281,-433809279#1,24.150000000000002,0.0
15282,15283,-433809279#2,5.25,0.0
15284,15285,-433809279#3,15.33,5.685714285714285
15286,15287,-433809279#4,4.2,0.0
15292,15293,-433809283#3,3.6750000000000003,0.3333333333333333
15294,15295,-433809283#4,12.3375,2.25
15304,15305,-433809285#4,3.1500000000000004,0.0
15306,15307,-433809285#5,2.1,0.0
15312,15313,-434713634,13.65,0.0
15314,15315,-434992724#0,4.095,1.6555555555555557
15316,15317,-434992724#1,9.625,1.7666666666666664
15318,15319,-434992724#2,1.7500000000000002,0.26666666666666666
15322,15323,-435127858#1,2.625,0.5
15324,15325,-435127858#2,8.925,11.5
15326,15327,-435127859#0,7.3500000000000005,0.0
15328,15329,-435127859#1,11.55,0.6666666666666666
15334,15335,-435275873,5.25,0.0
15340,15341,-43543903,6.300000000000001,0.0
15342,15343,-435562885,1.05,0.0
15346,15347,-438473448,22.4,9.333333333333336
15350,15351,-439434275,2.1,0.0
15352,15353,-439478422,1.05,0.0
15354,15355,-439478423,0.525,0.3333333333333333
15358,15359,-439871826,3.5000000000000004,0.26666666666666666
15364,15365,-441810448#0,9.841176470588236,1.758431372549019
15366,15367,-441810448#1,2.1,0.0
15368,15369,-441810448#2,2.1,0.0
15370,15371,-447569998,13.221428571428573,1.4132653061224485
15372,15373,-449283358#1,32.76,147.2
15376,15377,-45378204#0,9.295000000000002,1.016381863750286
15378,15379,-45378204#1,18.685,1.8191159717475522
15382,15383,-461125445,20.475,4.5
15386,15387,-467634653,9.450000000000001,0.0
15388,15389,-467634654#0,3.1500000000000004,0.0
15392,15393,-467634655#0,4.2,0.0
15394,15395,-467634655#1,6.300000000000001,0.0
15396,15397,-467634656#0,3.1500000000000004,0.0
15398,15399,-467634656#1,8.4,0.0
15424,15425,-467634661#3,4.2,0.0
15426,15427,-467634661#4,3.6750000000000003,0.5
15428,15429,-467634661#5,2.625,0.5
15430,15431,-467634661#6,2.8,0.33333333333333326
15432,15433,-467634661#7,1.05,0.0
15450,15451,-47067279,6.300000000000001,0.0
15454,15455,-472368145,6.6000000000000005,1.5714285714285714
15456,15457,-472368146,5.25,0.0
15458,15459,-472368151,5.7627906976744185,10.87486157253599
15460,15461,-472368152,4.2,0.47368421052631576
15462,15463,-475496139,13.65,0.0
15464,15465,-475496141#0,1.05,0.0
15466,15467,-475496141#1,5.25,0.0
15478,15479,-480213874#1,2.25,1.208791208791209
15486,15487,-4819338#1,53.41649484536082,2362.111363905676
15488,15489,-4819338#2,24.9921875,1260.8004137630655
15490,15491,-4819338#3,6.274390243902439,338.7931093296947
15492,15493,-48234439#4,21.668181818181818,5.654545454545453
15494,15495,-4826080,9.7125,1.334170854271357
15496,15497,-48444993,11.98448275862069,0.6083743842364532
15498,15499,-484875201#1,14.991666666666669,288.0349206349206
15500,15501,-484875201#2,64.4,38.41666666666668
15502,15503,-484875201#3,34.800000000000004,28.131868131868128
15504,15505,-484875201#4,35.7,20.222222222222214
15506,15507,-484875201#5,98.7,162.0
15510,15511,-486362408,2.1,2.0
15512,15513,-48742425#0,46.542857142857144,3237.4620617477763
15514,15515,-48742425#1,4.998214285714286,145.5063055991627
15516,15517,-48742425#2,11.150704225352113,678.6345020477473
15518,15519,-48742425#3,22.86492537313433,1068.235214902929
15522,15523,-490041772,43.050000000000004,16.444444444444446
15524,15525,-4942659#0,11.55,118.79761904761914
15526,15527,-4942659#1,9.975,0.4171597633136086
15528,15529,-49887169#1,19.95,0.0
15534,15535,-500200351#0,7.875,0.5
15538,15539,-50191615#0,8.53125,0.12500000000000006
15540,15541,-50191615#1,5.815384615384615,0.6025641025641024
15542,15543,-50192291#0,2.9166666666666665,0.19444444444444442
15544,15545,-50192291#1,8.4,0.0
15546,15547,-50192291#2,5.25,0.0
15548,15549,-50192291#3,1.05,0.0
15550,15551,-50192291#4,3.1500000000000004,0.0
15554,15555,-50192291#6,2.1,0.0
15556,15557,-50192291#7,2.1,2.0
15558,15559,-50192291#8,3.1500000000000004,0.0
15564,15565,-50192550#0,2.1,0.0
15566,15567,-50192550#1,10.5,0.0
15568,15569,-50299718,3.6750000000000003,9.0
15570,15571,-506207150,25.725,4.5
15572,15573,-507836375,11.55,8.0
15574,15575,-507836379,10.5,2.6666666666666665
15576,15577,-50833756#1,55.650000000000006,40.666666666666664
15578,15579,-50833756#2,96.075,46.33333333333332
15582,15583,-51244813#5,11.688157894736843,7.414651493598861
15584,15585,-51244813#6,5.968421052631579,0.6543385490753911
15586,15587,-51244813#7,12.622826086956524,2.4661835748792282
15588,15589,-51244813#8,2.0700000000000003,0.028571428571428567
15590,15591,-51262567#0,9.822151898734178,10.41123012009088
15592,15593,-51262567#1,7.2272727272727275,0.8414217361585784
15594,15595,-51262567#2,23.80909090909091,7.537935748462067
15596,15597,-51262567#3,8.275657894736842,1.3857894736842102
15598,15599,-51262568,5.7225,0.2605263157894737
15600,15601,-51450980#0,5.716666666666667,0.5277777777777777
15602,15603,-51450980#1,3.7333333333333334,0.5277777777777778
15604,15605,-51450980#2,4.095,0.5444444444444445
15612,15613,-51450980#6,2.1,0.0
15628,15629,-51559018#3,12.600000000000001,0.0
15634,15635,-51560242#0,3.1500000000000004,0.0
15636,15637,-51560242#1,1.05,0.0
15644,15645,-51560242#13,1.5750000000000002,0.5
15646,15647,-51560242#14,1.5750000000000002,0.5
15648,15649,-51560242#2,1.5750000000000002,0.3333333333333333
15650,15651,-51560242#3,2.625,0.5
15656,15657,-51560242#7,3.1500000000000004,0.0
15660,15661,-51560242#9,3.1500000000000004,0.0
15662,15663,-51560244#0,3.6750000000000003,0.7
15664,15665,-51560244#1,4.2,0.0
15666,15667,-51560244#2,3.85,0.33333333333333337
15668,15669,-51560244#3,2.625,4.5
15674,15675,-51560245,9.450000000000001,0.0
15676,15677,-51560246#0,3.1500000000000004,0.0
15678,15679,-51560246#1,12.600000000000001,0.0
15680,15681,-51560246#2,2.1,0.0
15682,15683,-51560246#3,3.1500000000000004,0.0
15684,15685,-51560556,11.9,10.333333333333332
15686,15687,-51560557#0,9.975,0.5
15688,15689,-51560557#1,4.2,0.0
15690,15691,-51560557#2,10.5,9.0
15692,15693,-51560614#0,3.6750000000000003,0.3333333333333333
15694,15695,-51560614#1,4.316666666666666,40.11111111111111
15696,15697,-51561013,9.450000000000001,2.0
15702,15703,-515964574,319.2,0.0
15704,15705,-51743953#1,8.04406779661017,0.9439374185136902
15706,15707,-51743953#2,4.234146341463415,0.27762228441956543
15708,15709,-51743953#3,0.8536585365853658,0.15327202452352395
15710,15711,-51745097#0,27.642857142857146,2707.4744897959185
15712,15713,-51745097#0.38,44.163000000000004,4712.669795918367
15714,15715,-51745097#1,4.714285714285714,35.54676870748299
15716,15717,-51835708,40.95,48.0
15718,15719,-51856492#0,7.809375,0.9291666666666669
15720,15721,-51856492#1,12.928125000000001,3.4291666666666663
15722,15723,-51856495#1,65.59736842105264,7924.485380116958
15724,15725,-51856496#0,28.33531468531469,3254.056141042057
15726,15727,-51856496#1,1.4614864864864865,0.9746276889134036
15728,15729,-51856496#10,1.5980263157894736,16.215375995053712
15730,15731,-51856496#2,31.456849315068496,3560.8258856872926
15732,15733,-51856496#3,73.37884615384615,7678.304412641621
15734,15735,-51856496#4,17.014772727272728,1095.0799791811241
15736,15737,-51856496#5,7.921428571428572,383.6880998974935
15738,15739,-51856496#6,6.534868421052632,247.8304287208088
15740,15741,-51856496#7,2.203618421052632,48.473640641338434
15742,15743,-51856496#8,4.372727272727273,63.58151703369096
15744,15745,-51856496#9,13.074782608695651,570.056654642111
15746,15747,-51857519#1,32.0625,694.9441558441557
15748,15749,-51872702,19.763924050632912,136.91691009412529
15750,15751,-51872705#0,3.1500000000000004,2.0
15752,15753,-51872706,123.60782608695654,2600.378032036612
15754,15755,-51872706.74,122.04230769230769,2561.9721485411137
15758,15759,-51890699#0,28.35,13.0
15760,15761,-51890699#1,13.65,8.0
15762,15763,-51890699#2,54.6,0.0
15764,15765,-51890700#0,49.35,0.0
15768,15769,-51890709#0,4.2,0.0
15770,15771,-51890709#2,8.4,0.0
15772,15773,-521046800,12.600000000000001,0.0
15788,15789,-523500303,6.300000000000001,0.7999999999999999
15792,15793,-523500307,7.7,0.3333333333333335
15798,15799,-52513195,4.2,0.0
15800,15801,-52564193#1,2.3625000000000003,0.24999999999999997
15806,15807,-52918687#2,9.870000000000001,0.30000000000000004
15812,15813,-52985189,22.05,6.666666666666667
15824,15825,-53396619#6,13.65,0.0
15832,15833,-53399445#1,2.975,0.696969696969697
15834,15835,-53399445#10,3.8062500000000004,0.3833333333333335
15836,15837,-53399445#11,3.95,0.4904761904761907
15838,15839,-53399445#2,3.1500000000000004,1.1428571428571428
15840,15841,-53399445#3,2.25,1.4761904761904763
15842,15843,-53399445#4,3.4125,0.24999999999999997
15844,15845,-53399445#5,3.1500000000000004,0.0
15846,15847,-53399445#6,25.200000000000003,18.0
15848,15849,-53399445#7,2.55,1.2857142857142856
15850,15851,-53399445#8,3.6750000000000003,0.2777777777777778
15852,15853,-53399445#9,3.54375,0.25
15856,15857,-53534122#1,38.85,0.0
15858,15859,-537262420#0,5.775,0.5
15860,15861,-537262420#1,14.700000000000001,2.0
15864,15865,-53795883#0,7.7,0.33333333333333326
15868,15869,-53795883#10,12.25,2.666666666666666
15870,15871,-53795883#2,15.75,0.0
15872,15873,-53795883#3,7.9799999999999995,1.2999999999999998
15874,15875,-53795883#4,9.240000000000002,2.2
15876,15877,-53795883#5,6.720000000000001,2.8
15878,15879,-53795883#6,15.75,4.666666666666667
15880,15881,-53795883#8,9.975,1.0999999999999996
15890,15891,-53898183#4,7.3500000000000005,0.0
15894,15895,-541286865#1,3.654,0.7853061224489796
15896,15897,-541286865#2,24.297,8.857551020408165
15898,15899,-54154921#1,169.13076923076923,17758.553846153845
15900,15901,-54154921#2,14.53846153846154,802.6953846153843
15902,15903,-54154921#3,49.233333333333334,5276.5641025641025
15904,15905,-54154922#1,162.4451612903226,17458.546236559137
15906,15907,-54154969#0,1.35,0.20905923344947738
15908,15909,-54154969#1,2.945121951219512,0.21097560975609747
15910,15911,-54154969#2,5.853750000000001,0.40448717948717944
15912,15913,-54154969#3,0.4697368421052632,0.2539118065433855
15914,15915,-54154970,6.65,0.3333333333333335
15916,15917,-54154971,5.7250000000000005,0.4488966318234611
15924,15925,-54169241#1,2.3625000000000003,0.25000000000000006
15926,15927,-54169241#2,3.5000000000000004,0.33333333333333337
15928,15929,-54169241#3,3.6750000000000003,0.5
15930,15931,-54169241#4,14.700000000000001,2.6666666666666665
15934,15935,-542617943,113.05000000000001,30112.333333333332
15936,15937,-542642192,4.868181818181819,0.4545454545454547
15938,15939,-542650762,16.8,0.6666666666666661
15940,15941,-542650762.116,13.23,43.3
15942,15943,-54268333,3.1500000000000004,0.0
15944,15945,-542727960#0,71.47,15209.926436781605
15946,15947,-542730346#1,23.804268292682927,193.6803673592292
15954,15955,-542769268,3.1500000000000004,0.0
15956,15957,-542769269#0,4.0630434782608695,0.8458498023715417
15958,15959,-542769270,40.95,0.0
15960,15961,-542769272#0,30.1875,4.916666666666667
15962,15963,-542769272#1,4.2,0.5
15964,15965,-542769272#2,22.96875,8.410714285714285
15966,15967,-542769273#0,3.5000000000000004,0.33333333333333337
15970,15971,-542769275#0,6.65,3.5151515151515142
15972,15973,-542769276#0,11.047435897435898,1.0620394930739752
15974,15975,-542806889,8.633333333333333,1.157232704402515
15976,15977,-542806891#1,4.9,0.4242424242424242
15978,15979,-54606419#0,11.8125,1.6590909090909092
15980,15981,-54606419#1,2.768181818181818,0.2545454545454545
15982,15983,-54606419#2,4.295454545454546,0.29090909090909106
15984,15985,-54606419#3,31.213636363636365,5.018181818181818
15986,15987,-54606432#0,3.6272727272727274,0.47272727272727283
15988,15989,-54606432#1,43.336363636363636,17.818181818181817
15990,15991,-54606432#2,11.725,3.366666666666667
15992,15993,-54606432#3,12.600000000000001,0.0
15996,15997,-54828617#0,12.600000000000001,0.0
16000,16001,-54828621#1,13.65,0.0
16002,16003,-54828621#2,1.05,0.0
16004,16005,-54828621#3,2.7300000000000004,0.7999999999999999
16006,16007,-54828622#0,2.1,7.0
16008,16009,-54828622#1,2.3100000000000005,0.2
16010,16011,-54828622#2,10.08,143.29999999999998
16020,16021,-54828622#7,8.4,0.0
16022,16023,-54828623#0,10.5,0.0
16026,16027,-54828628,5.95,2.333333333333334
16028,16029,-54828631,36.96000000000001,11.066666666666668
16030,16031,-54844250#0,30.450000000000003,1.0
16034,16035,-54844250#2,7.875,0.5
16038,16039,-54844252#1,21.0,0.0
16040,16041,-54844253#0,34.125,24.5
16042,16043,-54844253#1,18.900000000000002,2.0
16044,16045,-54844254#0,29.400000000000002,0.0
16046,16047,-54844254#1,19.1625,2.25
16050,16051,-54844264#0,6.300000000000001,0.0
16054,16055,-54844264#2,29.400000000000002,0.0
16056,16057,-54844264#3,7.612500000000001,2.25
16058,16059,-54844264#4,8.642307692307693,2.858974358974359
16060,16061,-54844264#5,7.720588235294118,7.242647058823529
16062,16063,-54844264#6,7.3500000000000005,1.2222222222222214
16064,16065,-54844264#7,10.193750000000001,23.606884057971016
16066,16067,-54858974#0,4.316666666666666,0.641025641025641
16068,16069,-549401642#0,2.1,0.0
16070,16071,-549401642#1,3.1500000000000004,0.0
16074,16075,-55600044#0,21.879069767441862,4.780361757105942
16076,16077,-55600044#1,22.344736842105267,6.83839009287926
16078,16079,-55600044#2,7.343859649122807,0.40584795321637435
16080,16081,-55600046#0,13.553448275862069,1.18224702677563
16082,16083,-55693689#1,9.66,277.70000000000005
16084,16085,-55693689#2,17.0625,1.583333333333333
16086,16087,-55693689#3,1.7181818181818183,0.4545454545454544
16090,16091,-55693694#3,1.05,0.0
16092,16093,-55693698#0,16.0125,2.25
16094,16095,-55693698#1,18.375,6.333333333333335
16098,16099,-55728606#0,17.85,2.0
16100,16101,-55728606#1,2.625,0.5
16102,16103,-55728606#2,12.600000000000001,46.0
16104,16105,-55728621#0,21.7875,30.916666666666668
16110,16111,-55728625#0,11.55,3.0
16116,16117,-56031014#2,9.450000000000001,0.0
16128,16129,-56045721,8.4,0.0
16130,16131,-56045725#1,4.2,0.0
16134,16135,-56045726#0,7.875,0.5
16136,16137,-56045726#1,12.600000000000001,0.0
16138,16139,-56045727,5.25,0.0
16180,16181,-56863461,25.200000000000003,11.25
16184,16185,-57401083,28.875,0.5
16190,16191,-57827548#0,1.05,0.0
16192,16193,-57827548#1,5.25,0.0
16194,16195,-57827550,5.25,0.0
16204,16205,-57827563#0,2.672727272727273,0.2727272727272727
16206,16207,-57827563#1,6.586363636363636,0.6181818181818182
16208,16209,-57827563#3,6.3954545454545455,1.2909090909090906
16210,16211,-57827563#4,2.625,0.5714285714285714
16212,16213,-57827566#0,25.200000000000003,32.0
16214,16215,-57827566#1,44.1,50.0
16216,16217,-57827572,11.025,4.5
16218,16219,-582810637,7.897222222222223,6.319179543317475
16220,16221,-582810642#0,1.3263157894736841,0.5380116959064326
16222,16223,-582810642#1,1.2157894736842105,0.14035087719298245
16224,16225,-582810642#2,1.1052631578947367,0.05263157894736841
16226,16227,-582810642#3,17.242105263157896,1.5906432748537995
16228,16229,-582810642#4,6.907894736842105,0.47953216374268975
16234,16235,-58295043,9.767506631299735,1102.4455527964333
16236,16237,-58622231#1,21.7875,785.4772727272729
16238,16239,-58622231#10,4.55,0.33333333333333326
16240,16241,-58622231#2,19.740000000000002,634.6222222222223
16242,16243,-58622231#3,3.2307692307692313,0.4102564102564103
16244,16245,-58622231#4,3.0187500000000003,0.125
16246,16247,-58622231#5,3.4125,0.21428571428571422
16248,16249,-58622231#7,2.94,0.2
16250,16251,-58622231#8,1.05,0.0
16252,16253,-58622231#9,14.175,1.666666666666666
16254,16255,-58622232#0,35.7,20.166666666666664
16256,16257,-58622232#1,16.55769230769231,7.692307692307694
16272,16273,-589179136,36.330000000000005,538.3
16274,16275,-589179144,2.12787610619469,0.1510745891276865
16276,16277,-589179147,10.661538461538461,2.1410256410256405
16278,16279,-591726489,28.35,0.0
16280,16281,-591898302#0,4.2,0.0
16288,16289,-591898302#3,5.25,0.0
16300,16301,-591899018#0,2.975,0.15151515151515157
16302,16303,-591899018#1,2.1875000000000004,0.0833333333333334
16304,16305,-591899019,15.75,0.0
16306,16307,-591899020#0,0.7269230769230769,0.2307692307692308
16308,16309,-591899020#1,2.2615384615384615,0.8076923076923078
16310,16311,-591899020#2,0.43750000000000006,0.26515151515151514
16312,16313,-591899020#3,1.7500000000000002,0.24242424242424246
16314,16315,-594229006,1.537878787878788,0.25128839414553694
16324,16325,-596787045,4.9875,0.9166666666666669
16326,16327,-596846691,8.925,0.5
16328,16329,-596846692,4.7250000000000005,0.5
16332,16333,-60064938#0,7.3500000000000005,0.0
16334,16335,-60064938#1,4.839130434782609,0.5217391304347827
16336,16337,-60064938#2,5.0,0.7904761904761904
16338,16339,-60064938#3,8.25,1.7285714285714284
16340,16341,-60064938#4,0.42000000000000004,0.25263157894736843
16342,16343,-60066780,27.3,13.0
16344,16345,-60100821#0,9.616666666666667,1.5873015873015865
16346,16347,-60100821#1,5.393835616438356,0.7031963470319633
16348,16349,-60100821#3,6.976027397260275,0.6491628614916288
16350,16351,-60100821#4,6.07962962962963,27.19290123456789
16356,16357,-602098904#2,3.1500000000000004,0.0
16358,16359,-602098904#3,2.8,0.33333333333333337
16364,16365,-602098904#6,3.1500000000000004,0.0
16374,16375,-60995199#1,168.0,0.0
16376,16377,-60995199#2,126.2625,76.91666666666664
16378,16379,-60995199#3,67.275,60.07142857142857
16380,16381,-611319805,25.200000000000003,18.0
16382,16383,-611319807#0,2.3573529411764707,0.3254707823723549
16384,16385,-611319807#2,14.134615384615385,3.2218073188946987
16386,16387,-611319807#3,2.978365384615385,0.19632188200149345
16388,16389,-611319810,32.2875,6.3425925925925934
16394,16395,-611319827,11.597191011235955,30.38432073544435
16396,16397,-611569239#0,25.200000000000003,578.0
16398,16399,-611569243,13.65,1.0
16400,16401,-611569255,6.825,12.5
16404,16405,-611569263,6.300000000000001,0.0
16410,16411,-612075145#0,1.05,0.0
16412,16413,-612075145#1,2.1,0.0
16414,16415,-612075145#2,11.025,0.5
16416,16417,-612075145#3,3.1500000000000004,0.0
16418,16419,-612075153#0,7.666981132075472,2.3301886792452824
16420,16421,-612075158#1,4.2,0.0
16422,16423,-612084389,14.700000000000001,0.0
16432,16433,-612084401#1,24.806250000000002,407.98214285714283
16436,16437,-61318930#0,2.8875,0.5
16438,16439,-61318930#1,0.6,0.6190476190476191
16440,16441,-61318930#2,1.7500000000000002,0.2666666666666667
16442,16443,-61318930#3,7.000000000000001,0.2666666666666665
16444,16445,-61326419,4.2,18.0
16446,16447,-61326420,9.450000000000001,0.0
16452,16453,-61326427#0,22.4,10.333333333333336
16454,16455,-61326427#1,23.025,3.6098901098901113
16458,16459,-614738714,1.7500000000000002,1.3333333333333335
16466,16467,-614738718#0,10.08,97.8
16468,16469,-614738718#1,5.25,0.0
16470,16471,-614738718#2,3.1500000000000004,0.0
16476,16477,-614738718#5,5.25,0.0
16478,16479,-614738719#0,2.45,0.2666666666666667
16480,16481,-614738719#1,6.4750000000000005,1.3666666666666671
16482,16483,-614738719#2,3.1500000000000004,0.5
16484,16485,-614738719#3,3.4125,0.25000000000000006
16486,16487,-614738719#4,3.57,0.3
16488,16489,-614738719#5,3.1500000000000004,2.0
16490,16491,-614738719#6,6.93,0.7999999999999999
16492,16493,-614738720,17.500000000000004,1.466666666666667
16494,16495,-614738721,4.83,0.2666666666666667
16496,16497,-614738722,7.3500000000000005,0.0
16500,16501,-61671904,6.071470588235294,0.38430212321615037
16510,16511,-61909838#0,54.122727272727275,896.6406926406928
16512,16513,-61909838#1,6.907894736842105,0.4795321637426901
16514,16515,-61909838#2,2.5973684210526318,0.2631578947368421
16516,16517,-61909838#3,2.431578947368421,0.22807017543859642
16518,16519,-61909838#4,9.118421052631579,0.4502923976608187
16520,16521,-61909838#5,5.565,0.32631578947368417
16522,16523,-61940355,102.53571428571428,24963.11853508526
16524,16525,-61940356,36.89725609756098,5831.004750860393
16528,16529,-62011796#0,8.4,18.0
16532,16533,-62011798#0,5.775,0.5
16534,16535,-62011798#1,16.8,1.6000000000000003
16542,16543,-62011808,6.300000000000001,0.0
16544,16545,-620167544,18.70671641791045,4.73094527363184
16552,16553,-623402296#1,11.55,1.0
16554,16555,-623402296#2,11.55,0.0
16558,16559,-623402297#1,11.55,0.0
16560,16561,-624350642,13.424193548387098,2.4967274427302497
16562,16563,-627181816,2.1,0.0
16564,16565,-627181817,1.05,0.0
16566,16567,-627181818#0,11.680392156862744,5.372635018919845
16568,16569,-631766893,35.35,1.3333333333333357
16584,16585,-63709069#0,5.460000000000001,1.7333333333333334
16586,16587,-63709069#1,5.460000000000001,0.19999999999999996
16590,16591,-63709075#0,6.510000000000001,4.7
16592,16593,-63709075#1,4.025,2.5666666666666664
16602,16603,-63709082#0,25.55,12.33333333333333
16604,16605,-63709082#1,3.6750000000000003,4.5
16606,16607,-638758710#0,23.1,0.0
16608,16609,-638758710#1,7.3500000000000005,0.0
16610,16611,-640370488,7.3500000000000005,0.0
16612,16613,-640370489,7.3500000000000005,0.0
16614,16615,-640370491,11.55,0.0
16622,16623,-64080426#1,2.1,0.0
16624,16625,-64089736,8.691666666666668,16.2124183006536
16626,16627,-64092194,16.8,0.0
16634,16635,-64203761,6.300000000000001,0.0
16636,16637,-64215831,17.325,0.5
16638,16639,-64215833,18.900000000000002,0.0
16640,16641,-64215835#0,8.4,0.0
16642,16643,-64215835#1,30.450000000000003,21.0
16646,16647,-64279751,32.550000000000004,24.666666666666668
16650,16651,-64442505,48.650000000000006,13288.823529411764
16654,16655,-64442509#0,6.300000000000001,0.5714285714285714
16656,16657,-64442509#1,1.8375000000000001,1.0714285714285716
16658,16659,-64442509#2,18.4625,2.628787878787879
16660,16661,-64442509#3,31.213636363636365,4.018181818181819
16662,16663,-644489725#1,2.1,0.0
16664,16665,-644489725#2,3.85,0.33333333333333337
16666,16667,-644489725#3,9.3,39.8095238095238
16668,16669,-644489726,6.300000000000001,0.0
16670,16671,-64464377#1,15.959999999999999,1.2000000000000002
16672,16673,-64464377#2,5.25,0.0
16674,16675,-64464377#3,3.1500000000000004,0.0
16678,16679,-65047492#0,7.641666666666667,4.565359477124183
16680,16681,-65047492#1,20.265,3.566666666666667
16682,16683,-65047492#2,24.29,5.266666666666666
16684,16685,-65047492#3,3.9375,3.0652173913043477
16686,16687,-65047492#4,7.0875,0.9545454545454541
16688,16689,-65047492#5,16.047169811320757,14.052975326560235
16690,16691,-653473568#0,3.747058823529412,0.24771888953601234
16692,16693,-653473568#1,4.709708737864077,0.44831524842946985
16694,16695,-653473569#0,3.3661764705882358,0.5413511939429237
16696,16697,-653473569#2,15.276470588235295,4.487672296641432
16698,16699,-653473569#3,6.944,4.748814317673378
16700,16701,-653473569#4,3.0026315789473688,0.5331269349845204
16702,16703,-653473569#5,4.96140350877193,0.541658066735466
16704,16705,-653473569#6,5.2615384615384615,250.8949061987736
16706,16707,-653473569#7,14.032872928176795,756.9885205647637
16712,16713,-666132823#0,4.2,0.0
16714,16715,-666132823#1,17.85,0.0
16716,16717,-666132823#2,1.05,0.0
16726,16727,-672008260#1,11.55,2.0
16732,16733,-67237928#1,6.65,0.33333333333333326
16734,16735,-67237928#2,11.8125,0.9166666666666666
16736,16737,-67237950,9.450000000000001,0.0
16738,16739,-67237955#0,10.15,0.9523809523809526
16740,16741,-67237955#1,2.025,0.07142857142857142
16742,16743,-67237955#2,19.95,0.0
16746,16747,-67237958#1,27.46578947368421,170.91812865497073
16748,16749,-67237958#2,1.2710526315789474,0.175438596491228
16750,16751,-67237958#3,1.768421052631579,0.22807017543859656
16752,16753,-67237958#4,3.094736842105263,0.8304093567251463
16754,16755,-67237958#5,2.025,0.07142857142857142
16758,16759,-67237972#0,4.2,0.0
16760,16761,-67237972#1,3.6750000000000003,0.5
16762,16763,-67237972#2,3.6750000000000003,0.5
16774,16775,-67237979#0,1.4583333333333333,0.2516339869281046
16776,16777,-67237979#1,9.333333333333334,0.5751633986928105
16778,16779,-67237979#2,9.1,0.5882352941176486
16780,16781,-67237985#0,8.925,5.666666666666668
16782,16783,-67237985#1,33.075,24.5
16784,16785,-67237985#2,6.93,1.3000000000000003
16808,16809,-67238013,14.490000000000002,49.199999999999996
16810,16811,-67238016#0,4.7250000000000005,0.5
16812,16813,-67238016#1,3.6206896551724137,0.32758620689655166
16814,16815,-67238016#2,3.64,0.6022988505747129
16816,16817,-67238024,23.1,0.0
16818,16819,-67238025#0,28.35,0.0
16820,16821,-67238025#1,7.3500000000000005,0.4000000000000001
16828,16829,-675026434#2,25.725,12.5
16830,16831,-675026435#0,8.4,0.0
16834,16835,-675026436#0,7.000000000000001,0.33333333333333326
16836,16837,-675757784#0,12.075000000000001,0.5
16838,16839,-675757784#1,11.55,0.0
16840,16841,-675757784#2,7.875,0.5
16842,16843,-675757784#3,4.24375,0.302536231884058
16844,16845,-675757784#4,4.9,0.6666666666666667
16852,16853,-675757785#3,31.85,6.333333333333333
16854,16855,-675757785#4,5.95,0.33333333333333326
16856,16857,-676400899,5.25,0.0
16858,16859,-677165951,11.55,2.0
16866,16867,-677541740#0,5.573076923076923,1.5641025641025645
16868,16869,-677541740#1,16.1,14.5
16870,16871,-678309990#0,12.075000000000001,40.5
16874,16875,-679514635,13.125,4.5
16882,16883,-682620738#0,5.25,0.0
16890,16891,-69556532#0,4.2875,0.6287878787878788
16892,16893,-69556532#1,2.566666666666667,0.7777777777777777
16894,16895,-69556532#2,3.6750000000000003,0.7
16896,16897,-69556532#3,1.5750000000000002,0.5
16900,16901,-700272068,2.149736842105263,3.470045826968474
16904,16905,-700272077,3.4263157894736844,6.31578947368421
16906,16907,-700668007#0,24.675,12.5
16908,16909,-700668007#1,19.95,2.0
16912,16913,-701585558,4.7250000000000005,0.5
16914,16915,-701585559,3.1500000000000004,2.0
16916,16917,-701585562,4.7250000000000005,0.5
16926,16927,-708784616#1,16.258064516129032,866.5607133490689
16928,16929,-708784621,8.137500000000001,0.25000000000000006
16930,16931,-708784622,5.25,0.0
16932,16933,-708784623,4.2,0.0
16934,16935,-708784624#0,13.65,0.0
16936,16937,-708784624#1,3.28125,6.516666666666667
16938,16939,-708784625#1,3.7800000000000002,2.488888888888889
16942,16943,-710645378,7.3500000000000005,0.0
16944,16945,-710645391,2.990909090909091,0.12987012987012986
16946,16947,-710645392,0.4666666666666667,0.2494331065759637
16948,16949,-714371902,11.8125,0.9166666666666665
16952,16953,-71809618#0,5.65,0.5342624854819977
16954,16955,-71809618#1,3.3500000000000005,0.20673635307781654
16956,16957,-71809618#3,5.579411764705882,0.579607843137255
16958,16959,-71809618#4,5.304310344827587,0.4358741681790684
16960,16961,-71809618#5,4.037068965517241,0.27374470659407135
16962,16963,-718481091#0,58.400000000000006,8578.04761904762
16964,16965,-718481095,9.14516129032258,1.8795698924731181
16966,16967,-718481097#1,25.856250000000003,261.85
16968,16969,-718481097#2,1.05,0.0
16972,16973,-718481107,38.325,5907.290322580646
16974,16975,-718797712#0,93.45,0.0
16980,16981,-718800194#0,9.8,6.666666666666667
16986,16987,-718828178#1,9.323493975903615,58.71266885724715
16988,16989,-718828179#1,2.019230769230769,0.6033653846153847
16990,16991,-718828179#1.15,52.806923076923084,1304.4288461538463
16992,16993,-718828183#0,21.0,338.0
16994,16995,-718828183#1,5.6,1.3333333333333335
16996,16997,-718828183#2,4.9,1.3333333333333335
16998,16999,-718828183#4,18.2,6.333333333333336
17002,17003,-718828184#0,15.719117647058825,696.5364354697103
17004,17005,-718828184#1,12.687500000000002,89.90845070422536
17006,17007,-718828185#0,9.1,4.705882352941177
17008,17009,-718828185#1,7.2586956521739125,1.7193675889328062
17010,17011,-718828185#2,21.55588235294118,57.77183600713013
17012,17013,-718828185#3,5.651470588235295,0.606951871657754
17014,17015,-718828186#0,47.790441176470594,3324.0744073748892
17016,17017,-718828186#1,7.458088235294118,209.79521510096572
17018,17019,-718844696,0.525,0.5
17020,17021,-718844697#0,3.5000000000000004,0.6666666666666667
17022,17023,-718844697#1,2.625,0.5
17024,17025,-718844698#0,5.775,0.5
17026,17027,-718844698#1,1.05,0.0
17028,17029,-718844698#2,7.3500000000000005,0.0
17030,17031,-718844698#3,4.361538461538462,0.8076923076923075
17032,17033,-718844698#4,1.19,0.12380952380952381
17034,17035,-718844698#6,3.54375,0.38333333333333325
17036,17037,-718844698#7,12.782608695652176,43.968379446640306
17038,17039,-718850686#1,10.234951456310679,1.9160479725870936
17040,17041,-718850686#1.225,9.623300970873787,48.727393870169436
17042,17043,-718850686#1.88,8.033009708737865,1.0335046640015233
17048,17049,-718926969#0,4.868181818181819,0.4545454545454545
17050,17051,-718926969#1,8.304545454545455,1.6909090909090907
17052,17053,-71900674#0,8.4,0.0
17054,17055,-71900674#1,5.25,0.0
17056,17057,-71900674#2,4.2,0.0
17058,17059,-71900674#3,12.600000000000001,0.0
17060,17061,-71900676,9.450000000000001,0.0
17062,17063,-719015092,8.1,3.9047619047619047
17064,17065,-719015093,2.705769230769231,0.653846153846154
17066,17067,-719015094#0,2.05625,0.12862318840579712
17068,17069,-719015094#1,3.54375,0.8532608695652172
17086,17087,-72475188#10,8.925,0.5
17104,17105,-72475192,34.65,0.0
17106,17107,-72475196#0,16.8,0.0
17108,17109,-72475196#1,22.05,0.0
17126,17127,-72562650,21.070945945945947,4.077036219893361
17134,17135,-72562672,8.697972972972973,1.1706195991910264
17136,17137,-72562674#0,55.650000000000006,0.0
17138,17139,-72562674#1,57.75,0.0
17140,17141,-72562675,13.65,0.0
17150,17151,-72562699,1.8375000000000001,0.25
17152,17153,-72562708,9.275,5.766666666666666
17154,17155,-72562710,6.825,0.3333333333333333
17156,17157,-726080889#0,2.625,0.5
17158,17159,-726080889#1,2.1,0.0
17160,17161,-726080889#2,1.05,0.0
17162,17163,-726080889#3,2.1,0.0
17164,17165,-726080889#4,3.1500000000000004,0.0
17166,17167,-726080889#5,5.25,0.0
17168,17169,-726080890,14.53421052631579,3.80701754385965
17176,17177,-726514446,6.6937500000000005,181.03937007874015
17178,17179,-726514447,7.500000000000001,258.9010989010989
17180,17181,-726514448#0,56.2625,2047.1742424242425
17182,17183,-726514448#1,2.1,0.0
17184,17185,-726514448#2,15.05,121.33333333333334
17186,17187,-726514451#1,3.126666666666667,0.8404040404040402
17188,17189,-726514451#1.22,54.18000000000001,1490.8363636363645
17190,17191,-726514451#2,3.1500000000000004,0.8
17192,17193,-726514451#3,2.683333333333333,0.2777777777777777
17194,17195,-726514453#1,49.660227272727276,718.5850951374209
17196,17197,-726514453#2,11.025,1.3666666666666663
17198,17199,-726514453#3,6.681818181818182,0.7949260042283299
17200,17201,-726514454,1.6551526717557252,0.2527711970986517
17204,17205,-726515361,3.720652173913044,0.8314009661835748
17206,17207,-726515362,6.300000000000001,32.0
17210,17211,-72883541#0,8.225,6.344632768361581
17212,17213,-72883541#1,8.431818181818183,90.86930372426556
17216,17217,-72883541#3,29.400000000000002,4.0
17218,17219,-72883544#1,8.05,2.333333333333333
17222,17223,-72883554,4.2,1.2
17224,17225,-72883558#0,10.08,2.3
17226,17227,-72883558#1,2.1,0.0
17228,17229,-72883559,51.1,81.33333333333331
17232,17233,-746483005#1,9.396259842519685,77.01318041766517
17234,17235,-746483006#1,12.18314606741573,95.02224662780552
17236,17237,-746483006#2,5.806164383561644,25.80989485149343
17238,17239,-746483006#3,5.3972850678733035,13.466598107774583
17240,17241,-746483006#4,2.731900452488688,0.37708761826408876
17242,17243,-746483006#5,5.657766990291262,0.5118636040729345
17244,17245,-746483006#6,8.027912621359224,2.5030783802983665
17246,17247,-746700170#0,7.3500000000000005,0.0
17248,17249,-746700170#1,1.05,0.0
17250,17251,-746700171,2.6786931818181823,0.2716558441558441
17256,17257,-746700173#0,15.255882352941176,32.974117647058826
17260,17261,-746700175,2.1,0.6666666666666666
17262,17263,-746700176,24.150000000000002,0.0
17264,17265,-746700180#1,5.706944444444445,1.7434233298719288
17266,17267,-746700181#0,4.166489361702128,1.7086479066575155
17268,17269,-746700181#0.55,3.3140625000000004,0.3016447368421052
17270,17271,-746700182,12.725999999999999,101.46020202020205
17272,17273,-746700183#1,7.902061855670103,84.10609965635739
17274,17275,-746700186#0,5.25,0.0
17276,17277,-746700186#2,9.450000000000001,0.0
17278,17279,-747007933#0,3.85,0.2666666666666666
17286,17287,-749560260,6.163636363636364,37.246069719753926
17288,17289,-749560261,12.988181818181818,148.68566149297854
17290,17291,-749560273,16.640506329113922,3098.142384906877
17292,17293,-749560274#2,74.55,6728.0
17296,17297,-75123338,25.200000000000003,0.0
17298,17299,-75123439,80.85000000000001,0.0
17300,17301,-75123444,127.22500000000001,273.3666666666667
17306,17307,-752837945#1,1.7500000000000002,0.2666666666666667
17308,17309,-752837946,12.600000000000001,0.0
17310,17311,-753083360#0,142.11,119255.34957983193
17312,17313,-753083360#1,82.81538461538462,31924.641025641027
17314,17315,-753083360#2,7.538461538461539,1452.8353576248314
17316,17317,-753083360#3,30.528750000000002,7445.148076923076
17318,17319,-753083361,145.441935483871,37459.85806451613
17320,17321,-75405815,21.525000000000002,7.0
17322,17323,-75405816,9.450000000000001,0.0
17326,17327,-754318765#1,2.1,0.0
17332,17333,-758073515,18.2,2.333333333333333
17334,17335,-758073516,3.1500000000000004,0.0
17344,17345,-765244914#1,390.25000000000006,89166.33333333333
17346,17347,-765541113,3.1500000000000004,0.0
17348,17349,-765779075,4.2,0.0
17354,17355,-768560222,18.75,14.142857142857146
17358,17359,-77033040,130.20000000000002,8051.999999999998
17360,17361,-770768081,13.083000000000002,1.442828282828284
17362,17363,-770847746,18.2,2.333333333333335
17364,17365,-771682710#0,12.950000000000001,1.333333333333333
17366,17367,-771682710#1,1.05,0.0
17368,17369,-77169979,13.125,0.5
17370,17371,-771705191#0,3.5000000000000004,0.33333333333333337
17372,17373,-771705191#1,13.65,0.0
17374,17375,-771705191#2,11.55,0.0
17378,17379,-771710367,1.05,0.0
17380,17381,-772879616,10.338461538461539,1.8076923076923077
17382,17383,-772879617#0,5.775,0.5
17384,17385,-772879617#1,5.25,2.0
17386,17387,-772913612#3,9.8,0.33333333333333304
17392,17393,-774543489,9.450000000000001,2.0
17394,17395,-774543490#0,14.700000000000001,0.0
17396,17397,-774543490#1,19.95,0.0
17400,17401,-774631638#0,14.700000000000001,4.0
17404,17405,-774631639,15.75,0.0
17410,17411,-77526509#0,8.575,0.5666666666666668
17412,17413,-77526509#1,17.98125,0.6964285714285713
17414,17415,-77526509#2,16.1,1.333333333333333
17426,17427,-775904955,29.400000000000002,471.0
17438,17439,-775906583#0,17.85,2.0
17440,17441,-775906583#1,3.1500000000000004,0.0
17442,17443,-776461317,90.3,11250.0
17444,17445,-77670311#0,26.950000000000003,2.333333333333333
17446,17447,-77670311#1,4.2,0.0
17450,17451,-776923595#1,19.425,4.5
17454,17455,-777420322,3.8850000000000002,1.122222222222222
17458,17459,-778163219#1,2.55,0.28571428571428575
17460,17461,-778163219#2,14.55,0.8095238095238096
17462,17463,-778163219#3,5.85,0.2857142857142858
17466,17467,-778486949#0,10.5,0.0
17468,17469,-778486949#1,4.2,0.0
17470,17471,-778486950,210.78750000000002,145546.91666666666
17476,17477,-77912237,4.2,0.0
17478,17479,-77912241#0,8.4,1.0
17480,17481,-77912241#1,8.4,0.6666666666666666
17482,17483,-77912268,12.075000000000001,4.5
17486,17487,-779463170,9.450000000000001,0.0
17498,17499,-779963063#1,3.1500000000000004,0.0
17500,17501,-779963063#2,29.400000000000002,0.0
17504,17505,-779963066,2.1,0.0
17506,17507,-779963080,12.600000000000001,0.0
17510,17511,-779963083#1,2.8,1.3333333333333333
17514,17515,-779963086,4.2,0.0
17516,17517,-779963090,2.1,0.0
17518,17519,-779963104#0,4.7250000000000005,20.333333333333332
17520,17521,-779963104#1,1.5750000000000002,0.5
17522,17523,-779963104#2,25.200000000000003,0.0
17524,17525,-779963108#0,2.3625000000000003,6.249999999999999
17526,17527,-779963108#1,2.8875,8.250000000000002
17532,17533,-779963109,8.4,0.0
17534,17535,-779963111#0,10.5,264.5
17536,17537,-779963111#1,18.1125,51.583333333333336
17538,17539,-779963112,2.1,0.0
17540,17541,-779963113#0,16.8,8.0
17542,17543,-779963113#1,6.65,2.333333333333334
17548,17549,-780108803#0,3.1500000000000004,0.5
17550,17551,-780108803#1,1.785,0.23333333333333334
17552,17553,-780108803#2,3.7227272727272727,9.472727272727273
17554,17555,-780108804,2.52,0.29999999999999993
17556,17557,-780108805,67.72500000000001,17377.16666666667
17560,17561,-780144784#1,54.6,0.0
17562,17563,-780144784#2,1.5750000000000002,0.5
17564,17565,-780151719,9.450000000000001,0.0
17566,17567,-780151720,6.300000000000001,0.0
17568,17569,-780151721#0,6.125,2.1666666666666674
17572,17573,-780151723,5.5125,2.25
17574,17575,-780206711,6.5625,0.25
17578,17579,-780399589,11.55,0.0
17580,17581,-780400470,12.600000000000001,0.0
17586,17587,-780403241,5.25,0.0
17592,17593,-780592074,2.45,0.33333333333333326
17594,17595,-780592075#0,1.05,0.0
17596,17597,-780592075#1,6.825,0.5
17612,17613,-780863324,6.300000000000001,0.0
17620,17621,-780913598#0,3.1500000000000004,0.0
17624,17625,-780913599#0,4.7250000000000005,0.5
17626,17627,-780913599#1,8.925,0.5
17628,17629,-780951181#0,2.3100000000000005,1.2
17630,17631,-780951181#1,7.875,1.6666666666666667
17642,17643,-781741850#1,2.1,3.0
17646,17647,-782710385#1,1.05,0.0
17650,17651,-782710385#3,2.45,0.33333333333333337
17652,17653,-782710385#4,10.850000000000001,2.3333333333333335
17666,17667,-784252394,30.450000000000003,0.0
17670,17671,-785858199#0,3.1500000000000004,0.0
17672,17673,-785858199#1,4.2,0.0
17678,17679,-785899677#0,9.975,12.5
17682,17683,-786179513,13.65,0.0
17692,17693,-787084670#0,5.25,2.0
17694,17695,-787084670#1,5.775,0.5
17696,17697,-787084671,16.45,4.333333333333332
17704,17705,-787965027,10.762500000000001,1.0714285714285714
17714,17715,-788776521#0,45.525,19.93956043956045
17716,17717,-788776521#1,24.975,4.027472527472527
17718,17719,-788776521#2,4.2,0.25
17720,17721,-789342292#0.18,16.8,0.0
17724,17725,-790001123,12.600000000000001,18.0
17726,17727,-790651031,26.950000000000003,8.333333333333336
17728,17729,-791207676,12.25,2.3333333333333335
17732,17733,-791264657#0,4.9,1.7499999999999998
17736,17737,-791264658,5.25,0.0
17738,17739,-791362821,13.65,0.0
17740,17741,-791367882,16.275000000000002,0.5
17742,17743,-791808809,81.2,4334.333333333334
17744,17745,-791808810#0,3.1500000000000004,0.0
17748,17749,-791808811,1.05,0.0
17754,17755,-791808814,6.300000000000001,0.0
17758,17759,-792046574,28.35,0.0
17764,17765,-792797765,11.55,0.0
17766,17767,-792867568,9.8,1.333333333333333
17770,17771,-794349351,17.85,0.0
17774,17775,-794349354#0,3.1500000000000004,1.6
17776,17777,-794349354#1,13.200000000000001,5.619047619047618
17778,17779,-794349354#2,2.1,0.8571428571428574
17780,17781,-794349355,21.0,20.666666666666668
17782,17783,-794669422,50.75000000000001,2212.333333333333
17792,17793,-797226140#0,2.625,0.5714285714285713
17794,17795,-797226140#1,21.0,0.0
17800,17801,-797327371#1,10.5,0.0
17802,17803,-797327372,21.0,0.0
17804,17805,-797840524,8.925,0.5
17806,17807,-798269066#0,6.300000000000001,0.0
17810,17811,-798269067#0,9.450000000000001,0.0
17812,17813,-798269067#1,5.25,0.0
17814,17815,-798269068,6.300000000000001,0.0
17824,17825,-800890645,23.625,4.333333333333331
17830,17831,-801880267,14.700000000000001,0.0
17838,17839,-8033459#1,4.620000000000001,2.044444444444445
17840,17841,-8033459#2,27.3,0.0
17842,17843,-8033459#3,1.05,0.0
17846,17847,-8033459#7,3.1500000000000004,0.0
17848,17849,-8033460#1,5.25,0.0
17854,17855,-803586532#1,411.07500000000005,13612.5
17856,17857,-803727017#0,12.663,107.97591836734696
17858,17859,-803727017#1,12.403125000000001,38.53856382978724
17860,17861,-803727017#2,12.621428571428572,44.60374149659864
17870,17871,-80518321#0,25.69848484848485,8.66007008864152
17872,17873,-80518321#1,4.7303030303030305,4.170892599464029
17874,17875,-80518321#2,7.593939393939395,2.4862914862914876
17876,17877,-805893591,15.225000000000001,3.6666666666666665
17878,17879,-805906399,12.600000000000001,0.0
17880,17881,-805978013,9.450000000000001,0.0
17884,17885,-806941711#0,3.4688888888888894,0.3025981205085682
17886,17887,-806941711#1,1.4155555555555555,0.22863460475400774
17892,17893,-807102008,10.5,0.0
17894,17895,-807111100#0,2.1,3.0
17900,17901,-807111100#3,1.05,0.0
17904,17905,-807111100#5,5.25,0.0
17918,17919,-807310151#0,16.8,1.0
17920,17921,-807310151#1,5.25,0.0
17922,17923,-807310151#2,81.9,18.0
17924,17925,-807310151#3,26.25,2.0
17926,17927,-807310151#4,65.3625,14.25
17928,17929,-807310152,26.25,15.333333333333334
17936,17937,-808377741,13.65,0.0
17944,17945,-808797810,12.600000000000001,0.0
17948,17949,-810275624,1.47,0.30000000000000004
17950,17951,-810275626,2.7300000000000004,0.3
17952,17953,-812556219,5.25,0.0
17956,17957,-812603023,11.025,0.5
17960,17961,-812643950#0,25.200000000000003,0.0
17966,17967,-812648595#3,10.709999999999999,0.6999999999999995
17968,17969,-812648595#4,10.325000000000001,1.7666666666666662
17970,17971,-812648598,16.8,3.1428571428571432
17972,17973,-812648599,14.175,0.5
17974,17975,-812648600,10.5,0.0
17978,17979,-812648603,9.450000000000001,0.0
17980,17981,-812713147,25.200000000000003,0.0
17988,17989,-813022184#1,4.7250000000000005,0.5
17990,17991,-813022184#2,2.1,0.0
18000,18001,-813396199,6.300000000000001,0.0
18002,18003,-813607518,13.65,0.0
18008,18009,-814691983#0,7.735,199.8980392156863
18010,18011,-814691983#0.40,36.7675,1824.7560224089639
18012,18013,-814691983#1,4.94375,169.75455182072827
18014,18015,-814691983#2,13.0025,1054.3392156862747
18016,18017,-814691983#3,14.17981651376147,562.8634046890928
18018,18019,-814691983#4.0,24.76,3510.534249084249
18020,18021,-814691983#4.89,14.520270270270272,1993.5613431613435
18022,18023,-814691989#0,1.367837837837838,22.907873090481786
18024,18025,-814691989#1,9.466492146596858,484.84712041884814
18026,18027,-814691991,9.423529411764706,25.636492571712235
18028,18029,-815004589,1.05,0.0
18032,18033,-815412592#0,40.25000000000001,288.6524822695036
18034,18035,-815412597#0,7.822500000000001,105.62894736842105
18036,18037,-815412597#1,5.636842105263158,33.69005847953217
18038,18039,-815412597#2,5.3375,0.4469696969696972
18040,18041,-815412597#3,6.4750000000000005,0.5151515151515151
18042,18043,-815412597#4,11.826315789473686,1.204678362573099
18044,18045,-815412603#0,23.264705882352942,296.7749019607843
18046,18047,-815412608,14.315,222.6901565995527
18048,18049,-815412608.73,35.064473684210526,1468.9424886720112
18050,18051,-815412622,50.1005859375,665.8673866421564
18052,18053,-815822086#3,4.7250000000000005,0.5
18054,18055,-815822086#4,2.625,0.5
18068,18069,-816087545,8.4,0.0
18144,18145,-816126529,5.25,0.0
18146,18147,-816129711,10.5,0.0
18148,18149,-816133986#1,13.978125,1.9625
18150,18151,-816133986#1.103,30.31875,551.9833333333335
18152,18153,-816162125,9.450000000000001,0.0
18154,18155,-816162126,19.425,4.5
18158,18159,-816162128#0,3.3600000000000003,0.7
18160,18161,-816162128#1,12.25,8.333333333333336
18174,18175,-816162131#1,13.65,0.0
18176,18177,-816162131#2,4.2,0.0
18178,18179,-816162132#0,2.1,0.0
18184,18185,-816162134,6.300000000000001,0.0
18198,18199,-816174619,24.150000000000002,0.0
18200,18201,-816175256,7.5600000000000005,0.7000000000000002
18202,18203,-816175257#0,16.5375,0.25000000000000017
18206,18207,-816175261,10.5,0.0
18208,18209,-816178097#0,2.8,8.333333333333332
18210,18211,-816178097#1,8.6625,2.022727272727272
18212,18213,-816178099,4.3500000000000005,0.4761904761904765
18214,18215,-816178100,6.825,4.5
18216,18217,-816178101,6.825,4.5
18218,18219,-816178102,2.7300000000000004,0.8
18224,18225,-816195564,16.8,0.0
18234,18235,-816209588,1.05,0.0
18240,18241,-816209591,3.6750000000000003,0.5
18242,18243,-816209593#0,37.5,4.571428571428575
18244,18245,-816209593#1,4.620000000000001,0.2666666666666666
18246,18247,-816209593#2,3.9375,0.38636363636363635
18248,18249,-816209594#0,3.1500000000000004,2.0
18250,18251,-816209594#1,4.2,2.0
18252,18253,-816209594#2,4.7250000000000005,0.5
18262,18263,-816433143,7.3500000000000005,0.0
18264,18265,-816438820,14.700000000000001,0.0
18266,18267,-816438821#0,63.67442307692308,2335.450712800712
18268,18269,-816438821#1,10.696108949416342,119.61341804474702
18272,18273,-816461642,7.3500000000000005,0.0
18274,18275,-816461644#1,19.95,0.0
18276,18277,-816461645,5.25,0.0
18280,18281,-816461647,7.3500000000000005,0.0
18300,18301,-816466988,10.290000000000001,1.7333333333333334
18302,18303,-816466989#0,9.975,229.71428571428572
18304,18305,-816466989#1,45.54375,1485.125
18306,18307,-816466989#2,14.700000000000001,0.5000000000000001
18314,18315,-816476703#2,89.25,0.0
18316,18317,-816476703#3,3.1500000000000004,0.0
18318,18319,-816476704,6.300000000000001,0.0
18328,18329,-816483539#1,1.05,0.0
18330,18331,-816483539#2,6.300000000000001,0.0
18358,18359,-816501621,11.025,0.5
18360,18361,-816501622#0,28.5,16.80952380952381
18362,18363,-816501622#1,23.907692307692308,9.192307692307695
18366,18367,-816504079,27.3,0.0
18374,18375,-816504083,14.700000000000001,0.0
18390,18391,-816506796#0,2.625,0.5
18410,18411,-816508405#1,31.85,1045.3333333333335
18414,18415,-816511117,6.300000000000001,0.0
18416,18417,-816511118#0,11.55,0.0
18418,18419,-816511118#1,3.1500000000000004,0.0
18420,18421,-816511119,4.55,0.33333333333333326
18424,18425,-816511120#1,2.3625000000000003,0.24999999999999997
18432,18433,-816511123#2,3.1500000000000004,0.0
18434,18435,-816511123#3,10.5,0.0
18436,18437,-816531488,5.775,4.5
18438,18439,-816531489,9.8,0.33333333333333304
18444,18445,-816603268,2.3625000000000003,0.20454545454545459
18446,18447,-816603269#0,3.033333333333333,0.11111111111111119
18450,18451,-816603269#2,5.048936170212766,0.3285289407458247
18452,18453,-816603270#0,7.3500000000000005,0.0
18454,18455,-816603270#1,5.25,0.0
18456,18457,-816603270#2,4.2,0.0
18458,18459,-816603270#3,13.65,0.0
18460,18461,-816603270#4,13.825,1.3666666666666667
18462,18463,-816603271,16.8,0.0
18464,18465,-816603272,3.45,0.5714285714285714
18466,18467,-816603273#0,5.25,0.2222222222222222
18468,18469,-816603273#1,3.531818181818182,0.2545454545454544
18470,18471,-816603274#0,10.325000000000001,1.0606060606060608
18472,18473,-816603274#1,1.2923076923076924,0.358974358974359
18474,18475,-816603274#2,28.7,1.333333333333334
18478,18479,-816623833#0,58.42398648648649,5427.156600478028
18480,18481,-816623833#1,23.617905405405406,1157.7618587975733
18482,18483,-816623833#2,5.5976351351351346,76.22297297297298
18484,18485,-816623833#4,2.268881118881119,0.17817393873731907
18486,18487,-816623833#4.11,50.99475524475525,357.02196395154135
18488,18489,-816623834#1,21.585055350553507,4.7721385162095675
18490,18491,-816734244,23.1,2.0
18494,18495,-816734246,19.95,0.0
18496,18497,-816734247#0,65.45,9521.066666666668
18498,18499,-816734247#1,3.6750000000000003,0.5
18500,18501,-816734247#2,19.95,1.0
18502,18503,-816734247#3,4.9,2.333333333333333
18512,18513,-816734249#3,3.5000000000000004,0.33333333333333337
18522,18523,-816734584#0,88.37500000000001,2579.366666666667
18524,18525,-816734584#1,85.925,2434.9666666666662
18526,18527,-816734584#2,5.25,2.6666666666666665
18530,18531,-816736907,11.55,0.0
18532,18533,-816736908,12.600000000000001,0.0
18544,18545,-816736914#0,6.300000000000001,0.0
18550,18551,-816736914#3,2.1,0.0
18560,18561,-816736915,27.3,0.0
18562,18563,-816736916,9.450000000000001,0.0
18564,18565,-816739558,13.65,0.0
18566,18567,-816739559#0,13.125,0.5
18568,18569,-816739559#1,19.95,11.33333333333333
18570,18571,-816739560,10.5,0.0
18574,18575,-816740257#1,9.450000000000001,2.0
18576,18577,-816740258,15.75,0.0
18578,18579,-816749704,6.300000000000001,0.0
18594,18595,-816749709#1,5.775,0.5
18596,18597,-816766055,8.4,0.0
18604,18605,-816766057#2,2.1,0.0
18606,18607,-816766058,8.4,0.0
18612,18613,-816766061#1,7.3500000000000005,0.0
18632,18633,-816796147#0,4.013709677419355,55.2630883130619
18634,18635,-816796147#1,8.0325,0.943220338983051
18640,18641,-816799874,9.8,162.33333333333334
18644,18645,-816799876#0,3.9375,0.9166666666666666
18646,18647,-816799876#1,1.05,0.0
18650,18651,-816799877,7.3500000000000005,0.0
18654,18655,-816799879,11.025,0.5
18656,18657,-816799880,19.95,10.4
18660,18661,-816803337#0,2.1,2.0
18662,18663,-816803337#1,10.5,0.0
18670,18671,-816806959,11.55,0.0
18672,18673,-816806960,11.025,0.5
18676,18677,-816806962,14.700000000000001,0.0
18684,18685,-816806966#0,5.25,0.0
18692,18693,-816806968#0,3.6750000000000003,0.5
18696,18697,-816806969,8.4,0.0
18698,18699,-816806970,12.600000000000001,0.0
18700,18701,-816806971,10.5,0.0
18704,18705,-816813502#0,135.21666666666667,10219.194444444445
18706,18707,-816813502#1,2.8875,0.21428571428571422
18714,18715,-816813506,17.325,0.5
18716,18717,-816813507,3.6750000000000003,0.5
18718,18719,-816813508#0,17.325,12.5
18726,18727,-816816927,160.65,0.0
18730,18731,-816816929#0,321.3,0.0
18734,18735,-816816929#2,17.325,0.5
18736,18737,-816816929#3,2.1,1.3333333333333333
18738,18739,-816816929#5,4.2,0.0
18740,18741,-816816929#6,3.85,0.33333333333333337
18748,18749,-816818164,6.300000000000001,0.0
18754,18755,-816839813#0,5.25,0.0
18756,18757,-816839813#1,7.9799999999999995,0.8000000000000003
18758,18759,-816839813#2,1.5750000000000002,0.3333333333333333
18760,18761,-816839813#3,5.460000000000001,1.2
18762,18763,-816841507,22.4,102.33333333333334
18778,18779,-816855274#0,4.2,2.0
18782,18783,-816855275#0,3.6750000000000003,1.6666666666666667
18784,18785,-816855275#1,7.7,0.33333333333333326
18786,18787,-816858722,8.925,2.9999999999999996
18790,18791,-816858724#0,6.300000000000001,0.0
18792,18793,-816858724#1,2.1,0.0
18794,18795,-816858724#2,6.300000000000001,0.0
18796,18797,-816858725,15.75,0.0
18800,18801,-816858727#0,3.1500000000000004,0.0
18808,18809,-816858728#0,2.7300000000000004,0.7999999999999999
18810,18811,-816858728#1,6.300000000000001,27.0
18812,18813,-816858728#2,3.1500000000000004,0.0
18814,18815,-816858728#3,19.425,364.5
18818,18819,-816858729,5.775,0.5
18820,18821,-816858730,17.85,0.0
18828,18829,-816868352#0,9.975,1.6666666666666667
18832,18833,-816868354#0,13.387500000000001,12.25
18834,18835,-816872143#0,10.5,0.0
18844,18845,-817081321,8.4,0.0
18846,18847,-817081322#1,40.95,0.0
18850,18851,-817081323#0,10.15,0.33333333333333304
18856,18857,-817081324#0,8.4,0.0
18858,18859,-817081324#1,1.7500000000000002,0.3333333333333333
18862,18863,-817081326,67.72500000000001,6160.5
18870,18871,-817086041,12.600000000000001,0.0
18874,18875,-817086043,11.55,2.0
18888,18889,-817095977#2,4.2,0.0
18890,18891,-817095977#3,10.920000000000002,2.8000000000000003
18896,18897,-817095979,7.3500000000000005,0.0
18922,18923,-817101515#0,7.3500000000000005,2.0
18928,18929,-817101517,29.400000000000002,0.0
18930,18931,-817105858#0,9.450000000000001,2.0
18932,18933,-817105858#1,6.300000000000001,0.0
18942,18943,-817107239,4.783333333333333,32.02777777777778
18944,18945,-817107240#0,3.1500000000000004,0.0
18946,18947,-817107240#1,13.65,0.0
18950,18951,-817107240#3,7.3500000000000005,0.0
18952,18953,-817107240#4,8.05,0.6666666666666664
18960,18961,-817110755,7.875,0.5
18962,18963,-817118469,6.825,0.5
18964,18965,-817118471,8.137500000000001,2.2500000000000004
18966,18967,-817127200,5.25,0.0
18976,18977,-817127203#0,14.700000000000001,0.0
18978,18979,-817127203#1,1.05,0.0
18982,18983,-817127205,3.1500000000000004,0.0
18984,18985,-817127206,5.25,1.0
18986,18987,-817127207,5.775,0.5
18990,18991,-817128872#0,199.15,6032.333333333334
18996,18997,-817134038,11.025,0.3333333333333333
18998,18999,-817134039,5.25,0.0
19000,19001,-817134040,7.050000000000001,2.5714285714285716
19002,19003,-817206446#1,2.94,1.2
19004,19005,-817426971#0,1.05,0.0
19010,19011,-817666072#0,17.945454545454545,2.890909090909091
19012,19013,-817666073,11.693181818181818,6.504329004329001
19014,19015,-817666074,46.003125000000004,59.362499999999976
19016,19017,-817666076,50.575,99.76666666666667
19018,19019,-817666077,4.963636363636364,0.8181818181818181
19020,19021,-817666078#0,21.56538461538462,8.602564102564104
19022,19023,-817666078#1,8.203125,0.9624999999999999
19024,19025,-817666078#2,9.781578947368422,1.4502923976608189
19026,19027,-817666078#3,22.3,25.990708478513355
19028,19029,-817666078#4,20.8359375,6.329637096774195
19030,19031,-817666078#5,8.803846153846155,0.8861538461538463
19032,19033,-817666078#6,12.317307692307692,5.964615384615384
19034,19035,-817666078#7,14.952000000000002,2.9400000000000017
19038,19039,-818707465,3.0364864864864867,0.2102102102102102
19040,19041,-819168463,8.884615384615385,81.05846153846156
19042,19043,-819333663,9.450000000000001,0.0
19044,19045,-819521343#0,28.068292682926828,4.951219512195127
19046,19047,-819521343#1,22.26,3.7000000000000015
19048,19049,-819521343#2,2.625,4.5
19050,19051,-819521343#3,3.1500000000000004,0.0
19052,19053,-819521344#0,45.15,0.0
19054,19055,-819521344#1,1.05,0.0
19056,19057,-819943655,7.3617977528089895,1.0794177732379977
19068,19069,-819943656#5,1.05,0.0
19070,19071,-819943656#6,2.1,0.0
19074,19075,-821484658,1.05,0.0
19080,19081,-823650753#0,2.975,0.5666666666666667
19082,19083,-823880344#0,2.1,0.0
19084,19085,-823880344#1,3.1500000000000004,0.0
19086,19087,-823880344#2,1.5750000000000002,0.5
19088,19089,-823880345,2.1,0.0
19092,19093,-823880349#1,4.2,0.0
19094,19095,-823880355#0,3.5000000000000004,0.33333333333333337
19096,19097,-823880355#1,4.2,0.0
19104,19105,-823880356#1,7.3500000000000005,0.0
19106,19107,-823880356#2,8.750000000000002,4.333333333333333
19108,19109,-823880357#0,9.450000000000001,0.0
19110,19111,-823880357#1,3.57,0.3
19112,19113,-823880358,13.125,4.5
19114,19115,-823880359#0,4.2,0.0
19116,19117,-823880359#1,2.1,0.0
19118,19119,-823880360,6.825,2.3
19122,19123,-824791780#0,3.1500000000000004,0.0
19132,19133,-825260741,4.2,0.0
19140,19141,-825445496#0,26.25,31.0
19142,19143,-825445496#1,63.0,6272.0
19144,19145,-825445496#1.19,4.2,4.0
19152,19153,-82626965,8.4,1.0
19154,19155,-82627284#0,17.500000000000004,1.3333333333333321
19156,19157,-82627284#1,15.75,0.0
19158,19159,-82627284#2,16.59,2.699999999999999
19166,19167,-82628963#0,3.340909090909091,0.16363636363636364
19168,19169,-82628963#1,5.918181818181819,0.4545454545454546
19170,19171,-82628963#2,3.1500000000000004,0.0
19172,19173,-82628963#3,17.563636363636363,0.8181818181818181
19174,19175,-82628963#4,1.7181818181818183,0.2545454545454545
19176,19177,-826551069#0,3.5751533742331287,0.3288646519730365
19178,19179,-826551069#1,3.6524539877300612,0.46095584336893125
19180,19181,-826578283,1.8666666666666667,10.300653594771243
19182,19183,-826578284#0,16.8,0.0
19184,19185,-826578284#1,28.40526315789474,167.27485380116957
19186,19187,-826594746#0,4.55,0.33333333333333326
19188,19189,-826596269,42.7,262.5882352941176
19190,19191,-826596271,6.7666666666666675,41.67320261437908
19194,19195,-831295614,6.450000000000001,0.47619047619047633
19196,19197,-831295615,5.716666666666667,0.5277777777777777
19198,19199,-831295616,13.3,2.424242424242424
19212,19213,-832481048,18.291000000000004,2.427878787878788
19214,19215,-832481049,13.65,1.8666666666666665
19216,19217,-832481056,28.35,0.0
19218,19219,-832481057,2.625,4.5
19220,19221,-83299769#0,6.300000000000001,0.0
19222,19223,-83299769#1,16.8,0.0
19226,19227,-83299775#1,19.95,1.0
19228,19229,-83299777,11.025,4.5
19230,19231,-83299779#0,3.5000000000000004,0.33333333333333337
19232,19233,-83299779#1,9.450000000000001,2.0
19234,19235,-83299780#0,8.4,0.6666666666666666
19236,19237,-83299780#1,3.1500000000000004,0.0
19242,19243,-83299783#1,16.8,0.0
19244,19245,-83299784,5.775,4.5
19246,19247,-83299788#0,13.65,0.0
19252,19253,-83299788#3,4.55,0.33333333333333326
19254,19255,-83299790#0,6.6000000000000005,0.23809523809523814
19260,19261,-83304166#0,2.1,0.0
19262,19263,-83304166#1,29.400000000000002,0.0
19266,19267,-83304169,13.125,0.5
19268,19269,-83304175#0,18.415957446808513,68.19311043566366
19270,19271,-83304175#1,7.228571428571429,3.82900009318796
19272,19273,-83304175#2,12.51543624161074,1.9394159259931072
19274,19275,-83304180#0,2.8,0.33333333333333337
19276,19277,-83304180#1,2.975,0.16666666666666669
19278,19279,-83304180#2,18.55,1.8666666666666685
19280,19281,-83304180#3,3.1500000000000004,0.4
19284,19285,-834006805#1,10.246808510638298,106.42715298885513
19286,19287,-834006805#2,4.259574468085106,0.3824721377912866
19288,19289,-83808285#1,8.4,0.0
19290,19291,-83808285#2,32.550000000000004,0.0
19294,19295,-83808292#0,1.7500000000000002,0.3333333333333333
19298,19299,-85404276,6.195,0.3222222222222222
19300,19301,-87288526#0,14.700000000000001,0.0
19302,19303,-87288526#1,9.450000000000001,0.0
19304,19305,-87288529,30.450000000000003,0.0
19306,19307,-885197072,10.6421875,7.128837719298245
19310,19311,-88903261,8.05,6.333333333333333
19312,19313,-88903294#1,3.1500000000000004,0.0
19320,19321,-88903294#5,2.1,0.0
19322,19323,-88903294#6,1.05,0.0
19324,19325,-88903294#7,2.45,0.33333333333333337
19328,19329,-88903294#9,10.5,1.9999999999999998
19330,19331,-88903299,5.775,4.5
19332,19333,-88903325,7.7,0.3333333333333335
19334,19335,-88903339#0,4.2,0.0
19336,19337,-88903339#1,4.2,0.0
19338,19339,-88903339#2,4.2,0.0
19340,19341,-88903339#3,3.5000000000000004,0.33333333333333326
19342,19343,-88903339#4,2.1,0.0
19344,19345,-90587320,11.755434782608695,31.866550301491593
19346,19347,-91854588,11.025,0.5
19352,19353,-91854601#0,29.400000000000002,0.0
19354,19355,-91854601#2,2.8,2.3333333333333335
19356,19357,-91854601#3,1.7500000000000002,0.3333333333333333
19358,19359,-91854602,12.600000000000001,0.0
19360,19361,-91854606,12.600000000000001,0.0
19376,19377,-92026756#3,4.2,0.0
19386,19387,-92026762,19.95,2.0
19402,19403,-92026769#0,16.45,4.333333333333333
19404,19405,-92026769#1,13.125,4.5
19406,19407,-92026769#11,5.45,0.661904761904762
19408,19409,-92026769#12,14.616,2.8266666666666675
19410,19411,-92026769#2,6.300000000000001,0.0
19412,19413,-92026769#3,18.900000000000002,1.0
19414,19415,-92026769#4,2.1,0.5
19416,19417,-92026769#5,2.45,1.3333333333333335
19418,19419,-92026769#6,5.425000000000001,0.5666666666666665
19420,19421,-92026769#7,5.1,0.47619047619047633
19422,19423,-92026769#8,5.0590909090909095,0.3636363636363636
19424,19425,-92026769#9,4.9411764705882355,0.5955882352941176
19438,19439,-97304242#1,30.853846153846153,1256.790450928382
19440,19441,-97304242#10,1.98,0.12142857142857141
19442,19443,-97304242#11,3.9899999999999998,0.4884615384615385
19444,19445,-97304242#12,1.71,1.3895604395604395
19446,19447,-97304242#13,8.270000000000001,4.3979853479853475
19448,19449,-97304242#2,95.55897435897437,1349.008547008547
19450,19451,-97304242#3,48.021794871794874,1435.1274683171239
19452,19453,-97304242#4,42.69698275862069,1483.5990254872563
19454,19455,-97304242#6,25.84166666666667,414.52024922118386
19456,19457,-97304242#8,5.57688679245283,0.483108715184187
19458,19459,-97304242#9,6.3100000000000005,0.37490842490842485
19460,19461,-978455265,12.788461538461538,78.82095490716179
19462,19463,-98323000#0,3.1500000000000004,0.0
19464,19465,-98323000#1,43.050000000000004,0.0
19466,19467,-98323000#2,49.35,0.0
19468,19469,-98323002#0,0.525,0.2777777777777778
19470,19471,-98323002#1,3.045,0.3222222222222222
19472,19473,-98323002#2,3.45,0.23809523809523805
19474,19475,-98323002#3,27.3,0.0
19476,19477,-98323012#0,3.033333333333333,0.1111111111111111
19478,19479,-98323012#1,40.95,0.0
19484,19485,-98323012#5,4.65,0.2857142857142858
19486,19487,-98323012#6,2.3625000000000003,0.21428571428571427
19488,19489,-98323022,45.36000000000001,20.200000000000003
19490,19491,-98323024#0,7.0875,1.583333333333333
19492,19493,-98323024#1,3.6750000000000003,0.5
19494,19495,-98323025#0,22.826086956521742,4.292490118577077
19496,19497,-98323025#1,3.3687500000000004,0.17210144927536222
19498,19499,-98323025#2,4.7459999999999996,0.8433333333333336
19500,19501,-98323025#3,13.65,0.0
19514,19515,-98901079#0,18.6375,0.9166666666666657
19528,19529,-E0,5.95,1.3333333333333335
19530,19531,-E1,11.55,1.0
19534,19535,-E12,3.880434782608696,0.2213438735177867
19536,19537,-E13,4.2,0.0
19538,19539,-E14,10.325000000000001,1.3235294117647052
19540,19541,-E15,5.208,0.12333333333333331
19542,19543,-E2,3.1500000000000004,0.0
19544,19545,-E3,12.8625,0.9166666666666666
19546,19547,-E4,1.05,0.0
19550,19551,-gneE103,2.625,9.714285714285714
19552,19553,-gneE104,4.141666666666667,0.7614379084967321
19554,19555,-gneE112,170.94422110552767,19267.097761534944
19556,19557,-gneE113,7.892253521126761,166.00562494463648
19558,19559,-gneE131,2.1,1.0
19560,19561,-gneE132,3.087350835322196,4.1662879263683195
19564,19565,-gneE38,2.1875000000000004,0.08333333333333331
19566,19567,-gneE39,14.215384615384616,319.6025641025641
19568,19569,-gneE4,194.33400000000003,66095.15999999999
19570,19571,-gneE58,14.175,40.5
19572,19573,-gneE7,28.950000000000003,6551.956043956045
19574,19575,-gneE9,9.8,34.333333333333336
19582,19583,101731827#0,2.625,5.428571428571428
19584,19585,101731827#1,3.85,0.33333333333333337
19592,19593,102818928#0,129.61666666666667,23821.08496732026
19594,19595,102818928#1,376.3725,242219.52368421052
19596,19597,103053747,12.600000000000001,0.0
19598,19599,103053774#1,2.8,0.33333333333333337
19600,19601,103053774#2,3.6750000000000003,0.5
19602,19603,103053774#3,10.5,0.0
19604,19605,103053774#4,6.300000000000001,0.0
19610,19611,103053774#7,2.625,4.5
19612,19613,103053803,7.3500000000000005,0.0
19614,19615,103396186,2.8,0.33333333333333326
19616,19617,103512657,12.600000000000001,2.0
19618,19619,103512667#0,8.295,0.1999999999999997
19620,19621,103512667#2,11.920588235294119,56.86764705882353
19622,19623,103512670#1,37.275,12.5
19624,19625,103512671,5.559473684210527,33.870342522974106
19632,19633,103671267#0,22.26,2.7
19634,19635,103671267#1,3.1500000000000004,0.0
19636,19637,103671267#10,3.1500000000000004,0.0
19638,19639,103671267#11,3.6750000000000003,0.5
19646,19647,103671267#2,3.1500000000000004,1.0
19648,19649,103671267#3,4.2,0.0
19650,19651,103671267#4,3.1500000000000004,0.0
19652,19653,103671267#5,4.2,0.0
19656,19657,103671267#7,5.25,0.0
19664,19665,103678458#1,2.1,0.0
19666,19667,103686129#1,79.8,162.0
19668,19669,103687101,1.4318181818181819,0.2545454545454545
19670,19671,103687353,514.71,67496.17777777778
19672,19673,103718186,39.886874999999996,3154.569462025316
19674,19675,104010328,43.800000000000004,3437.9120879120874
19676,19677,104010381#0,28.875,972.0398230088496
19678,19679,104010385#0,46.25675675675676,2133.9209753231503
19680,19681,104010393#0,26.868750000000002,1908.7943755346448
19682,19683,104010439#0,74.19113924050633,6138.76630963973
19684,19685,104010452#0,152.99711538461537,18382.915158371037
19686,19687,104010475#1,5.1051,34.20737074148301
19688,19689,104012169#0,22.683783783783785,912.7158905893853
19690,19691,104012170,9.5928,274.86723847695373
19692,19693,104012178#0,44.764453125,1080.73812746063
19694,19695,1040258009,6.307553956834533,0.8042956938796786
19696,19697,104106813#1,10.948717948717949,303.9154816156953
19698,19699,104236368#1,10.561764705882354,1.8088235294117647
19700,19701,104236369,4.265625,0.06249999999999998
19702,19703,1042557946,2.283495145631068,0.18484675423567482
19704,19705,1042557947,1.5293478260869566,0.25083612040133774
19706,19707,10425609#0,9.654878048780489,301.25003740834956
19708,19709,10425609#0.33,39.375,1122.1165644171779
19710,19711,10425610#1,195.3,21759.999999999996
19712,19713,10425611#1,6.227393617021277,0.6208613039026055
19714,19715,10427555#0,3.2475,0.24311408016443978
19716,19717,10427555#1,4.16195652173913,0.4439331429175924
19718,19719,10427692#1,9.005405405405405,27.591809991809995
19720,19721,10427692#2,2.158878504672897,0.82701463586669
19722,19723,10427692#3,3.1401869158878504,1.6885910774113906
19724,19725,10427692#4,6.233783783783784,0.25962325962325966
19726,19727,10427692#5,6.820353982300885,0.4307838179519597
19728,19729,10427692#6,3.967699115044248,19.74525916561314
19730,19731,10427692#7,10.964601769911503,232.8381795195954
19732,19733,104847200,15.225000000000001,4.5
19734,19735,105141980#0,36.225,12.5
19736,19737,105141980#1,2.1,0.0
19740,19741,105143683#1,5.25,0.0
19742,19743,105540411,8.4,0.0
19746,19747,10597454#1,15.983333333333333,142.69444444444446
19748,19749,10597454#2,4.2,0.0
19750,19751,10597455#0,1.05,0.0
19752,19753,10597455#1,5.25,0.0
19758,19759,107431496#0,5.211585365853659,0.2579042457091237
19760,19761,107431496#1,14.590909090909092,4.515379357484622
19764,19765,107671228,19.25,24.33333333333333
19766,19767,107677354#1,6.09,0.19999999999999996
19768,19769,108210906,24.4125,1.5833333333333341
19774,19775,108237964#2,2.1,0.0
19780,19781,108239938,14.663793103448276,2.60591133004926
19784,19785,108240279#1,11.55,0.0
19786,19787,108240279#2,74.55,4802.0
19792,19793,1082935357#0,39.9,0.0
19794,19795,108310250,1.70625,0.2678571428571429
19796,19797,108310251,1.640625,0.2625
19798,19799,108310252,5.971875,0.4958333333333336
19800,19801,108310253,1.5206896551724138,0.2561576354679803
19802,19803,108310254,7.3500000000000005,1.0000000000000002
19806,19807,108688795,2.52,0.30000000000000004
19808,19809,10881202,50.925000000000004,10.125786163522003
19812,19813,10941814,8.786567164179104,1.213781094527363
19814,19815,10941820,6.734210526315789,10.441330599225337
19816,19817,10941825,10.858235294117648,1.6084033613445377
19818,19819,109483352#0,9.3123786407767,2.0949325124319236
19822,19823,11014139#1,29.056603773584907,3806.044263991721
19824,19825,110212545,36.35625,6.839285714285711
19826,19827,110435734,116.025,6259.0
19828,19829,110435735,40.995652173913044,4921.498023715414
19832,19833,110778890,9.240000000000002,54.7
19834,19835,111120103,5.25,0.0
19840,19841,111525329,6.694585987261147,0.7104360607545321
19842,19843,111525330#0,16.10964566929134,1071.1747066695718
19844,19845,111525330#1,5.74182156133829,236.39918437552046
19846,19847,112979062,12.600000000000001,0.0
19854,19855,112979077,8.523529411764706,0.8602941176470587
19856,19857,112979081,24.57,8.799999999999999
19858,19859,112979094#0,4.4625,0.33333333333333315
19860,19861,112979094#1,2.8875,4.25
19866,19867,113796181#1,1.7181818181818183,0.6545454545454545
19868,19869,113796181#2,3.325,0.1666666666666667
19882,19883,113796195,2.1,0.0
19888,19889,114198606#1,5.95,1.3333333333333335
19890,19891,114198607,3.1500000000000004,0.4444444444444444
19892,19893,114198608#0,5.775,0.2777777777777777
19894,19895,114198608#1,5.670000000000001,0.26666666666666666
19896,19897,114198608#3,3.1500000000000004,0.22222222222222238
19900,19901,115082348,13.821818181818182,1157.6208754208756
19904,19905,115881035#0,13.125,7.0
19906,19907,115881035#1,17.85,0.0
19908,19909,115881035#2,23.1,0.0
19920,19921,115881039,34.65,8.0
19922,19923,115881041#0,14.000000000000002,1.333333333333333
19924,19925,115881041#1,6.510000000000001,5.199999999999999
19926,19927,115881041#2,16.8,5.5
19928,19929,115881041#3,4.83,1.3000000000000003
19930,19931,115881041#4,11.340000000000002,2.1999999999999993
19934,19935,115881043#0,14.700000000000001,0.0
19936,19937,115881043#10,2.625,0.5
19938,19939,115881043#11,14.700000000000001,2.0
19940,19941,115881043#2,4.7250000000000005,0.5
19942,19943,115881043#4,5.25,0.0
19944,19945,115881043#5,6.300000000000001,0.0
19946,19947,115881043#7,3.1500000000000004,4.0
19948,19949,115881043#8,2.625,0.5
19950,19951,115881043#9,7.875,0.5
19960,19961,115881049#0,13.65,0.0
19962,19963,115881049#1,3.1500000000000004,1.0
19964,19965,115881049#2,17.85,0.0
19966,19967,115881050,19.95,2.0
19968,19969,116297381,56.175000000000004,13.666666666666666
19970,19971,116687469#0,18.309375,311.17063492063505
19972,19973,116765451#1,22.195346062052508,268.65543387651167
19974,19975,116765451#2,2.2636690647482016,24.737663715181704
19976,19977,116765457#1,8.22195652173913,259.7309474083917
19978,19979,117070809,59.0625,8.250000000000005
19980,19981,117560677,81.375,9112.5
19984,19985,118004624#1,46.2,0.0
19986,19987,118004640#1,6.5625,59.64285714285715
19988,19989,118004640#1.25,6.9,1.2857142857142858
19990,19991,118004640#2,1.8900000000000001,0.2
19992,19993,118004640#4,2.1,0.0
19998,19999,118004649,12.600000000000001,0.0
20002,20003,118604348#1,2.8636363636363638,0.21818181818181812
20004,20005,118604350,4.9,0.3333333333333335
20006,20007,118604351#0,1.4,0.3333333333333333
20008,20009,118604351#1,7.3500000000000005,0.0
20010,20011,118604351#2,12.600000000000001,1.0
20012,20013,118604351#3,1.26,0.2
20014,20015,118604351#4,20.125000000000004,10.166666666666664
20018,20019,118604353,4.7250000000000005,0.5
20022,20023,118604355,5.25,0.0
20026,20027,118604357,5.25,0.0
20034,20035,118604361,33.6,2.5
20040,20041,118604367,5.25,0.0
20044,20045,118607469#0,14.413636363636364,0.8181818181818183
20046,20047,118607469#1,24.150000000000002,2.0000000000000004
20048,20049,118607469#2,35.61923076923077,6.076923076923077
20050,20051,118607469#3,16.71923076923077,1.91025641025641
20052,20053,118607469#4,10.5,0.0
20064,20065,118607480,4.2,0.0
20066,20067,118607482,22.05,3.0
20068,20069,118607484,6.300000000000001,1.0
20070,20071,118607485,21.0,0.0
20072,20073,118607487#0,1.2661764705882352,0.16844919786096268
20074,20075,118607487#1,11.187931034482759,1.0911330049261088
20076,20077,118607487#10,1.596,0.4266666666666666
20078,20079,118607487#11,1.8260869565217392,0.3833992094861662
20080,20081,118607487#12,1.4175000000000002,0.2394736842105264
20082,20083,118607487#13,1.7325,0.34473684210526306
20084,20085,118607487#14,1.44375,0.25
20086,20087,118607487#15,1.640625,0.2625
20088,20089,118607487#2,1.6293103448275863,0.32758620689655166
20090,20091,118607487#3,1.251923076923077,0.16153846153846152
20092,20093,118607487#4,0.9692307692307693,0.07384615384615384
20094,20095,118607487#5,1.4942307692307693,0.2538461538461538
20096,20097,118607487#6,1.5346153846153845,0.2584615384615384
20098,20099,118607487#7,1.4538461538461538,0.24615384615384617
20100,20101,118607487#8,1.4538461538461538,0.24615384615384617
20102,20103,118607487#9,1.26,0.16666666666666663
20106,20107,118607497#0,2.45,0.2666666666666666
20108,20109,118607497#1,8.82,1.3
20120,20121,118619443#2,59.1,49.904761904761905
20122,20123,118619445#0,1.6500000000000001,0.2857142857142857
20124,20125,118619445#1,5.25,3.0
20126,20127,118619457,65.10000000000001,84.0
20128,20129,118619465#0,1.8375000000000001,0.7857142857142856
20130,20131,118619465#1,8.4,0.0
20132,20133,118619467,7.9799999999999995,5.3
20138,20139,11940927#0,6.020642201834863,2.585966700645601
20140,20141,11940927#1,3.1388297872340427,0.2471974376572867
20142,20143,11940927#2,6.623936170212766,0.6242278654770078
20144,20145,11940927#3,1.6531914893617023,0.7632120796156484
20146,20147,11940927#4,5.9145569620253164,5.03018500486855
20150,20151,119621360#0,1.05,0.0
20152,20153,119621360#1,210.9,291.47619047619054
20154,20155,11962949#0,2.0027777777777778,0.08560447239692523
20156,20157,11962949#1,2.1,0.0
20166,20167,120033060#0,26.25,0.0
20182,20183,120033074#2,14.700000000000001,13.0
20192,20193,120033098#0,2.1,0.0
20194,20195,120033098#3,7.3500000000000005,0.0
20200,20201,120033098#6,2.7,0.6190476190476191
20202,20203,120033098#7,0.9,0.14285714285714288
20206,20207,120033100#0,34.78125,10.982142857142856
20208,20209,120033100#1,1.5750000000000002,2.0000000000000004
20212,20213,120033104#0,7.3500000000000005,0.0
20218,20219,120125554,8.4,0.5
20226,20227,120416766#0,5.775,0.5
20228,20229,120416766#1,17.820833333333333,4.9992063492063465
20230,20231,120416786,22.076923076923077,2.815114709851553
20234,20235,120416814#1,3.1500000000000004,0.0
20240,20241,121460649#0,2.1,0.0
20244,20245,121549474,5.25,0.0
20250,20251,124194339#0,9.450000000000001,0.0
20252,20253,124194339#1,4.2,0.0
20254,20255,124812856#0,10.32596685082873,220.6551344518968
20256,20257,124812856#0.30,19.915193370165746,465.75904670648947
20258,20259,124812857#0,29.98181818181818,1581.0046677959724
20260,20261,124812857#0.120,55.472727272727276,2341.453980801806
20262,20263,125002584,8.062209302325583,0.7793713992700502
20264,20265,125002601,1.7804347826086957,0.2424627102507141
20266,20267,125002604#0,1.4,0.2380952380952381
20268,20269,125002604#1,4.620000000000001,0.2571428571428572
20274,20275,125002614#0,3.2083333333333335,6.173202614379086
20276,20277,125002614#1,5.716666666666667,34.96732026143791
20278,20279,125002615,1.9600000000000002,6.6952380952380945
20286,20287,125014858#3,2.625,4.5
20302,20303,125496624,15.75,1.3333333333333333
20310,20311,126446061,10.89375,246.33152173913035
20312,20313,126446062#0,7.020895522388059,3.0972410673903212
20314,20315,126446062#1,2.28445945945946,0.5029618659755646
20316,20317,126446062#2,1.568,0.6317117117117116
20318,20319,126446063,10.05,27.567944250871072
20320,20321,126446076,45.50000000000001,41.33333333333333
20322,20323,126446078,77.7,0.0
20324,20325,126446083,167.146875,390.6958333333334
20326,20327,126446095,23.1,0.0
20328,20329,126446099,23.1,2.8
20330,20331,126446100,27.3,11.5
20332,20333,126446102,16.8,0.0
20334,20335,126446106,45.885000000000005,18.45555555555556
20342,20343,126446127#0,25.486363636363638,6.8181818181818175
20344,20345,126446127#1,26.6,12.606060606060606
20346,20347,126446127#2,6.5470588235294125,2.1911764705882355
20350,20351,126446130#1,11.55,0.0
20352,20353,126446130#2,118.65,239.6666666666666
20354,20355,126446134,52.15,11.250000000000004
20356,20357,126446135,112.2625,81.17424242424237
20358,20359,126909938,8.082733812949641,0.8790532791158379
20392,20393,127076894#2,3.4337837837837837,3.02184376156979
20402,20403,127076902#0,185.32500000000002,171.7272727272727
20404,20405,127076902#1,116.64545454545456,101.89090909090912
20408,20409,127076905#0,54.39,27.852631578947364
20410,20411,127076905#1,20.805555555555554,6.695156695156696
20412,20413,127076905#2,1.640625,0.2540322580645161
20414,20415,127076907,171.15,86.66666666666669
20416,20417,127076908#1,23.1,0.0
20418,20419,127076909,37.63421052631579,27.251461988304087
20420,20421,128070665#0,16.159893048128342,79.23926168707948
20422,20423,128070666#0,25.332758620689656,286.20475808607324
20424,20425,128070667#0,6.552673796791444,1.269737220401357
20426,20427,128070690,2.9308695652173915,55.35957284515638
20428,20429,128070691#1,7.3500000000000005,8.0
20430,20431,128070691#2,3.1500000000000004,0.6
20432,20433,128070698#0,2.8140000000000005,1.2424489795918363
20436,20437,128361089,3.4125,0.5
20438,20439,128361091,6.654022988505748,1.9820710246284396
20440,20441,128361093#1,5.154545454545455,6.246753246753247
20442,20443,128361094#0,2.1,0.11764705882352941
20444,20445,128361096,11.147368421052633,261.2533606744134
20446,20447,128361098,3.120170454545455,0.6220454545454548
20448,20449,128361099,9.148611111111112,121.58973693319481
20450,20451,128361102#0,18.09928057553957,3.3127932436659373
20452,20453,128361102#1,7.436301369863014,8.503542749173373
20454,20455,128361106,10.51301652892562,108.90026062206374
20456,20457,128361107#0,2.572933884297521,0.6054147662974529
20458,20459,128361107#1,3.753099173553719,2.3450670415966526
20460,20461,128361107#2,2.8419421487603307,8.191574363019104
20462,20463,128361109#0,3.6803571428571433,0.34356357927786524
20464,20465,128361109#1,12.02142857142857,1.6640502354788063
20466,20467,128361109#2,35.70519801980198,173.16912959952717
20468,20469,128361114#0,3.1500000000000004,0.5454545454545456
20470,20471,128361114#1,4.1045454545454545,0.09090909090909097
20472,20473,128361114#2,3.6,0.2857142857142857
20474,20475,128361114#3,3.9000000000000004,0.23809523809523803
20476,20477,128361114#4,3.6750000000000003,0.3333333333333333
20478,20479,128361114#5,3.6750000000000003,0.33333333333333326
20480,20481,128361114#6,3.85,0.33333333333333337
20482,20483,128361114#7,3.6750000000000003,0.5
20484,20485,128361114#8,13.65,2.0
20490,20491,128361115#2,2.625,0.5
20494,20495,128361115#4,3.5000000000000004,0.33333333333333337
20498,20499,128361115#6,4.2,0.0
20510,20511,128361117#3,3.6750000000000003,0.5
20512,20513,128361117#4,4.7250000000000005,0.5
20514,20515,128361117#5,4.2,0.0
20518,20519,128361117#7,1.05,0.0
20524,20525,128361121#0,9.975,0.3333333333333333
20534,20535,128361123#10,3.57,1.2999999999999998
20536,20537,128361123#11,13.86,5.7
20548,20549,128361123#7,3.1500000000000004,0.0
20552,20553,128361123#9,3.1500000000000004,0.0
20556,20557,128361127,10.675,0.8787878787878789
20558,20559,128361128,3.6750000000000003,0.3333333333333333
20560,20561,128361132,3.5000000000000004,0.33333333333333337
20564,20565,128361135,4.2,0.0
20566,20567,128361136,2.625,0.3333333333333333
20576,20577,128361140#1,7.875,4.5
20580,20581,128361142#1,9.7125,0.9166666666666665
20586,20587,128361145#0,8.925,6.999999999999999
20590,20591,128361146#0,7.3500000000000005,2.0
20600,20601,128361149#1,9.1875,2.25
20602,20603,128361150#0,9.1,2.3333333333333335
20608,20609,128361152#1,9.1,1.333333333333333
20622,20623,128361158#0,8.4,0.0
20630,20631,128361161#0,9.8,1.333333333333334
20638,20639,128361163#1,9.450000000000001,0.0
20640,20641,128361165#0,9.450000000000001,0.0
20646,20647,128361170#1,1.47,0.30000000000000004
20648,20649,128361171#1,27.930000000000003,1.2999999999999998
20650,20651,128361171#2,15.75,0.0
20652,20653,128361171#3,45.15,0.0
20654,20655,128668758#0,13.453125,1.3185483870967745
20656,20657,128668758#1,9.870000000000001,0.30000000000000004
20658,20659,128668758#3,11.97,0.2999999999999998
20660,20661,128668759#1,9.975,3.0000000000000013
20662,20663,128668759#2,7.612500000000001,1.5833333333333333
20664,20665,128906555,5.824439461883409,8.266917141356599
20666,20667,129130803#0,11.55,0.0
20668,20669,129130803#1,6.300000000000001,0.0
20670,20671,129130803#2,7.3500000000000005,0.0
20672,20673,129130803#3,1.05,0.0
20674,20675,129130803#4,8.4,0.0
20676,20677,129130803#5,1.05,0.0
20678,20679,129130803#6,6.300000000000001,2.0
20680,20681,129130803#7,2.1,0.0
20692,20693,129130810#3,5.25,0.0
20702,20703,129130810#7,3.1500000000000004,0.0
20704,20705,129130810#8,9.450000000000001,0.0
20712,20713,129323704#3,34.65,0.0
20714,20715,129323704#4,1.3125,0.25
20716,20717,129323706#0,3.1500000000000004,0.0
20736,20737,129323707#3,5.25,0.0
20738,20739,129323707#4,5.25,0.0
20742,20743,129323710,14.700000000000001,0.0
20744,20745,129323711,16.8,0.0
20750,20751,129323718,16.8,0.0
20754,20755,129323720,8.925,0.5
20772,20773,129323739#1,3.3600000000000003,0.20000000000000004
20774,20775,129323739#2,13.23,0.7999999999999999
20780,20781,129323741#2,1.05,0.0
20782,20783,129323741#3,3.9375,0.24999999999999997
20784,20785,129323741#4,12.600000000000001,0.0
20786,20787,129323742#0,27.3,0.0
20796,20797,129323743#2,2.1,0.0
20798,20799,129323743#3,3.1500000000000004,0.0
20814,20815,129323745#3,2.1,0.0
20826,20827,129323746#3,3.9375,2.25
20828,20829,129323746#4,13.387500000000001,354.9166666666667
20830,20831,129323746#5,3.9899999999999998,0.19999999999999998
20832,20833,129379920#1,4.936740331491713,0.7660527931246168
20834,20835,129379922,4.00268456375839,0.3157990204970072
20836,20837,129379925,6.154166666666667,2.7347920546244553
20838,20839,129379925.20,3.6750000000000003,0.339779005524862
20840,20841,129379930#0,3.2375000000000003,1.9015151515151516
20842,20843,129379930#10,22.575,12.5
20844,20845,129379930#11,2.52,2.8
20846,20847,129379930#2,3.1500000000000004,0.4
20848,20849,129379930#4,1.05,0.0
20854,20855,129379930#8,2.1,0.0
20858,20859,129379931,17.85,0.0
20862,20863,129379933,21.0,0.0
20866,20867,129379938,18.900000000000002,2.0
20870,20871,129379940,16.8,0.0
20874,20875,129379942,13.65,0.0
20876,20877,129379943,17.15,1.3333333333333321
20884,20885,129379947,22.05,0.0
20894,20895,129379952#1,3.5608695652173914,1.6126482213438735
20896,20897,129379952#10,3.1500000000000004,0.5
20898,20899,129379952#11,4.4625,0.25000000000000006
20900,20901,129379952#12,3.3600000000000003,0.20000000000000004
20902,20903,129379952#13,4.2,0.6666666666666666
20904,20905,129379952#14,4.9875,1.583333333333333
20906,20907,129379952#15,3.1500000000000004,0.0
20908,20909,129379952#16,3.1500000000000004,0.0
20910,20911,129379952#17,3.1500000000000004,0.0
20912,20913,129379952#18,3.1500000000000004,0.0
20914,20915,129379952#19,3.1500000000000004,0.0
20916,20917,129379952#2,3.2052631578947373,0.2748538011695906
20918,20919,129379952#20,17.85,0.0
20920,20921,129379952#21,3.1500000000000004,0.0
20922,20923,129379952#22,2.8,0.33333333333333337
20924,20925,129379952#23,3.1500000000000004,0.0
20926,20927,129379952#24,4.2,0.0
20928,20929,129379952#25,3.3000000000000003,0.4761904761904762
20930,20931,129379952#26,4.2,0.6666666666666669
20932,20933,129379952#27,3.54375,0.5535714285714284
20934,20935,129379952#28,3.4125,0.21428571428571427
20936,20937,129379952#29,3.5000000000000004,0.24999999999999994
20938,20939,129379952#3,3.458823529411765,0.22058823529411756
20940,20941,129379952#30,3.033333333333333,0.11111111111111117
20942,20943,129379952#4,3.4125,0.2
20944,20945,129379952#5,3.28125,0.24999999999999997
20946,20947,129379952#6,3.215625,0.19583333333333333
20948,20949,129379952#7,3.4125,0.19999999999999998
20950,20951,129379952#8,3.1500000000000004,0.0
20952,20953,129379952#9,6.09,0.7
20954,20955,129379953#0,3.3000000000000003,5.476190476190477
20956,20957,129379953#1,9.450000000000001,3.6363636363636362
20964,20965,129379958#2,2.45,1.0666666666666669
20966,20967,129379958#3,1.4,0.26666666666666666
20968,20969,129379962#0,2.1,0.6666666666666666
20970,20971,129379962#1,6.93,0.8000000000000003
20972,20973,129379962#2,10.5,0.0
20974,20975,129379962#3,4.2,0.0
20976,20977,129379962#4,4.2,0.0
20978,20979,129379964,14.875,4.566666666666666
20980,20981,129379967,12.833333333333334,176.17562724014337
20982,20983,129379968#1,10.395000000000001,5.3578947368421055
20984,20985,129778904#0,10.15,2.3333333333333326
20986,20987,129778904#1,7.3500000000000005,0.0
20988,20989,129778904#2,4.55,0.33333333333333326
20990,20991,129778904#3,21.525000000000002,4.333333333333332
20996,20997,129994350,21.0,0.0
20998,20999,130185484#0,47.400000000000006,26.47619047619047
21000,21001,130185484#1,7.500000000000001,1.1428571428571428
21004,21005,130185486#0,8.925,0.33333333333333304
21006,21007,130185486#1,12.075000000000001,0.5
21008,21009,130185486#2,11.55,2.0
21010,21011,130185488#1,4.9224,1.0389677419354846
21012,21013,130185488#1.32,5.2332,0.40296774193548396
21014,21015,130185488#2,3.891666666666667,0.9130793650793649
21016,21017,130185488#3,7.383070866141733,1.8561429821272342
21018,21019,130185488#4,6.316535433070866,6.618797650293713
21020,21021,130185490#1,20.650000000000002,64.33333333333334
21024,21025,130185490#3,76.65,0.0
21026,21027,130185490#4,33.6,32.0
21028,21029,130185494,18.724999999999998,1.7666666666666664
21032,21033,130996520,84.68275862068965,6127.802809344972
21034,21035,130996521#1,48.650000000000006,60.96969696969697
21036,21037,130996521#2,88.31666666666668,179.36111111111111
21038,21039,130996521#3,66.15,103.0
21044,21045,131118448#0,1.05,0.0
21046,21047,131118448#1,5.25,0.0
21048,21049,131118449,3.553846153846154,0.25641025641025633
21050,21051,131118453,27.825000000000003,6.57142857142857
21052,21053,131118454,3.536842105263158,1.5789473684210524
21054,21055,131118455,8.465625000000001,105.66250000000001
21056,21057,131118459#0,13.23,2.3000000000000003
21058,21059,131118459#1,9.1,2.3333333333333335
21060,21061,131118460#0,12.600000000000001,2.0
21062,21063,131118460#1,6.65,1.3333333333333335
21064,21065,131118462#0,3.5000000000000004,0.33333333333333337
21066,21067,131118462#1,3.6750000000000003,0.5
21070,21071,131118463#0,326.55,0.0
21072,21073,131118464#0,1.4,0.3333333333333333
21074,21075,131118464#1,1.05,0.0
21076,21077,131118464#2,2.1,0.0
21078,21079,131118466.32,5.1947368421052635,12.795072788353863
21080,21081,131118467,26.25,1375.3333333333333
21082,21083,131118468#0,24.03175675675676,2134.2451795687084
21084,21085,131118468#0.32,49.5824427480916,4268.88138578978
21086,21087,131634116#0,3.85,0.33333333333333337
21088,21089,131634116#1,3.6750000000000003,0.5
21092,21093,131634117#1,6.23,0.780952380952381
21094,21095,131634117#2,2.23125,0.38333333333333325
21096,21097,131634117#3,5.25,0.39999999999999997
21098,21099,131634117#5,5.25,0.0
21100,21101,131634130#0,3.1500000000000004,0.0
21102,21103,131634130#1,4.2,0.0
21104,21105,131634131,5.25,0.0
21106,21107,131634134#1,3.7058823529411766,1.1397058823529411
21108,21109,131634136,5.971875,0.7625
21110,21111,131634138#1,8.4,0.7999999999999998
21112,21113,131634138#2,3.1500000000000004,0.0
21114,21115,131634140#0,3.966666666666667,0.9444444444444444
21116,21117,131634140#1,6.4750000000000005,0.5666666666666667
21118,21119,131634140#2,5.88,0.30000000000000004
21122,21123,131634144#1,8.4,0.0
21126,21127,131634145#0,5.25,0.0
21130,21131,131634145#2,2.1,0.0
21132,21133,131634145#3,1.5750000000000002,1.0
21134,21135,131634145#4,6.9,17.952380952380953
21144,21145,131700652#0,8.925,0.5
21148,21149,131700653#0,7.3500000000000005,0.0
21150,21151,131700654#0,2.1,2.0
21152,21153,131700654#1,21.0,2.0
21158,21159,131722024,17.85,0.0
21160,21161,133765794#1,3.4575757575757575,5.4133168418882684
21162,21163,135583699,10.5,0.0
21166,21167,136435842,23.8875,4.916666666666667
21170,21171,136436468#1,24.5,902.3333333333334
21172,21173,136436468#2,10.850000000000001,40.333333333333336
21174,21175,136436469,8.6625,0.25000000000000017
21176,21177,136436470,9.1,1.333333333333333
21182,21183,136436475#0,5.25,0.0
21184,21185,136436476#1,2.180769230769231,0.873846153846154
21190,21191,136436476#2,2.7300000000000004,0.25714285714285706
21192,21193,136436476#3,11.16818181818182,4.054545454545455
21194,21195,136436476#4,7.7,1.25
21196,21197,136436476#5,17.325,8.33333333333333
21202,21203,136436476#9,6.300000000000001,0.0
21204,21205,136437407#0,4.2,0.0
21206,21207,136437407#1,1.05,0.0
21208,21209,136437407#2,10.5,0.0
21210,21211,136437411,22.05,0.0
21212,21213,136516892#0,58.725,100.53296703296708
21214,21215,136516892#1,6.759375,1.1958333333333333
21216,21217,136516892#2,4.1045454545454545,0.2909090909090909
21218,21219,136516892#3,6.0375000000000005,0.25000000000000006
21220,21221,136516892#4,13.500000000000002,8.47619047619048
21222,21223,136516892#5,39.375,17.666666666666668
21226,21227,136517436#1,4.2,2.0
21232,21233,136517436#4,19.95,0.0
21234,21235,136517439,5.536363636363636,0.4181818181818181
21236,21237,136517440,25.200000000000003,0.0
21242,21243,136618613#0,37.034745762711864,502.4899319136608
21246,21247,136618617#0,6.7666666666666675,1.6410256410256412
21248,21249,136618617#1,2.5875000000000004,0.406084656084656
21250,21251,136618617#2,14.700000000000001,1.538461538461538
21252,21253,136618617#3,9.64090909090909,0.7636363636363636
21254,21255,136618617#4,5.180000000000001,0.49523809523809526
21258,21259,136728344#0,24.51346153846154,11.082897684839427
21260,21261,136728344#3,14.35,1.215339233038348
21262,21263,136728344#4,6.555652173913044,0.6770404271548436
21264,21265,136728344#4.72,11.522844827586207,69.01671664167917
21266,21267,136728347#0,7.034529147982063,29.598513311517824
21268,21269,136728347#1,7.1296875,56.04994795003205
21270,21271,136728347#2,6.927212389380531,113.33492625368739
21272,21273,136728347#3,0.9756637168141593,1.3282989183874139
21274,21275,136728347#4,2.861946902654867,28.928849557522156
21288,21289,136728351#0,19.25,0.3333333333333339
21290,21291,136728351#1,40.95,0.0
21292,21293,136728351#2,129.15,169.0
21300,21301,136728366#0,211.3125,7414.25
21302,21303,136728366#1,6.65,4.333333333333334
21330,21331,136888519#0,11.366249999999999,0.40448717948717955
21332,21333,136888519#1,2.654166666666667,0.2563492063492064
21336,21337,137031654#0,4.7250000000000005,0.5
21340,21341,137132992#0,3.1500000000000004,0.0
21348,21349,137132993#0,1.05,0.0
21350,21351,137132993#1,1.05,0.0
21352,21353,137132994#0,1.05,0.0
21354,21355,137132994#1,1.5750000000000002,0.5
21358,21359,137132996,1.05,0.0
21360,21361,137132997,1.05,0.0
21362,21363,137132998,1.05,0.0
21364,21365,137133006#0,7.465808823529412,7.550708061002177
21366,21367,137133006#0.121,48.5752427184466,782.3913953931088
21368,21369,137133010#0,9.450000000000001,0.0
21374,21375,137246371#1,7.606666666666667,139.7598002496879
21376,21377,137246371#2,14.258522727272728,759.1660135841169
21378,21379,137246375,1.3125,0.25
21384,21385,137247859#0,16.8,0.0
21396,21397,137435070,32.13,46.3
21404,21405,137435084#0,8.4,0.0
21408,21409,137435089,12.075000000000001,0.33333333333333304
21410,21411,137435091,14.700000000000001,0.0
21414,21415,137435100#0,2.1,0.0
21416,21417,137435100#1,3.57,4.300000000000001
21418,21419,137435100#2,6.300000000000001,0.0
21420,21421,137435102#0,3.6750000000000003,13.9
21422,21423,137435102#1,2.3625000000000003,2.25
21424,21425,137435102#2,13.65,0.0
21426,21427,137435107#0,4.677272727272727,0.27272727272727265
21428,21429,137435107#2,13.125,2.9444444444444446
21430,21431,137435107#3,12.600000000000001,0.0
21434,21435,137454133#1,4.9,0.6666666666666664
21436,21437,137454133#3,5.775,0.3333333333333335
21438,21439,137454133#4,3.1500000000000004,0.0
21440,21441,137454133#5,8.4,8.0
21442,21443,137463474#0,17.22,5.3000000000000025
21444,21445,137463474#1,10.15,1.8666666666666665
21446,21447,137463475#0,1.232608695652174,0.5133485888634629
21448,21449,137463475#1,5.124358974358975,0.4855585027998821
21450,21451,137463475#2,17.85897435897436,137.69820218096078
21452,21453,137463477#0,151.62,20644.10847457627
21454,21455,137463477#1,91.41176470588236,7806.802458296751
21462,21463,137463478#2,987.0,1641672.0
21464,21465,137463478#3,33.45,13.47619047619048
21466,21467,137500982#2,13.125,3.6666666666666665
21468,21469,137500982#3,49.665,50.90000000000002
21472,21473,137672872,9.129166666666666,6.1588419405320805
21474,21475,137672874#1,4.775342465753425,3.1678082191780814
21478,21479,137685135,3.343421052631579,2.857041251778095
21480,21481,137685160#0,7.3500000000000005,0.0
21482,21483,137685160#1,1.8375000000000001,0.25
21484,21485,137685160#2,7.0875,0.24999999999999992
21486,21487,137685160#3,2.1,2.0
21496,21497,137685161#4,215.86764705882354,409.00735294117663
21498,21499,137685161#5,5.991176470588235,0.5955882352941176
21500,21501,137685161#6,45.675000000000004,9.727272727272727
21502,21503,137685161#7,61.425000000000004,24.45454545454545
21504,21505,138002148,7.570815450643777,0.7529968921118843
21506,21507,138002149#1,2.9863636363636363,1.4490772385509225
21508,21509,138002149#2,12.796000000000001,1.9376576576576572
21510,21511,138002149#3,9.376744186046512,35.85389876880986
21512,21513,138265831,11.55,0.0
21514,21515,138300617#0,5.25,0.0
21516,21517,138300617#1,2.8875,0.24999999999999997
21518,21519,138300617#2,1.3125,0.25
21520,21521,138300617#3,12.075000000000001,1.666666666666666
21522,21523,138300617#4,9.450000000000001,0.0
21524,21525,138300617#5,8.4,0.0
21526,21527,138300620#1,3.1500000000000004,0.0
21528,21529,138300620#2,7.3500000000000005,0.6666666666666665
21530,21531,138300620#6,10.65,1.8095238095238102
21534,21535,138300622,10.850000000000001,0.3333333333333335
21540,21541,138300626#0,3.5000000000000004,0.33333333333333337
21542,21543,138300626#1,12.8625,1.5833333333333328
21544,21545,138300627,4.2,0.0
21546,21547,138300628,2.1,0.0
21548,21549,138300629,4.55,2.333333333333334
21550,21551,138396236,1.672566371681416,0.26137800252844495
21552,21553,138396239#0,0.22300884955752212,0.16877370417193424
21554,21555,138396239#1,2.6719512195121955,0.5615087298413969
21556,21557,138396689#2,29.05,4.333333333333334
21560,21561,139230366,11.785344827586206,224.40841916703974
21564,21565,139429268,2.9307692307692306,1.4672753716871372
21566,21567,139429273,56.25,26.952380952380953
21574,21575,140579883,16.8,3.499999999999999
21576,21577,140684000#1,20.21842105263158,375.9570435522771
21578,21579,140684000#1.21,3.0280898876404496,1.41879980851004
21580,21581,140684003,27.475,4.878787878787877
21586,21587,140737941#2,1.05,0.0
21590,21591,140737941#4,3.1500000000000004,0.0
21600,21601,140737941#9,1.05,0.0
21604,21605,140737948#0,4.340000000000001,0.2666666666666667
21606,21607,140737948#1,5.25,1.0
21608,21609,140737948#10,2.625,0.29999999999999993
21614,21615,140737948#3,3.325,0.1515151515151516
21616,21617,140737948#4,4.025,0.1515151515151515
21618,21619,140737948#5,4.2,1.5
21620,21621,140737948#6,4.2,1.5555555555555556
21622,21623,140737948#7,3.85,1.5
21624,21625,140737948#8,4.33125,2.982142857142857
21626,21627,140737948#9,3.85,0.2666666666666666
21628,21629,140737954#0,6.9879310344827585,18.948275862068964
21630,21631,140737954#1,6.951724137931035,19.600985221674875
21632,21633,140737954#10,3.755769230769231,0.33384615384615374
21634,21635,140737954#11,4.168181818181818,9.155303030303033
21636,21637,140737954#12,3.1171875,0.2893145161290324
21638,21639,140737954#13,2.345,0.2540229885057471
21640,21641,140737954#3,6.9879310344827585,51.80541871921181
21642,21643,140737954#4,4.308620689655173,0.810344827586207
21644,21645,140737954#5,5.6482758620689655,34.67241379310345
21646,21647,140737954#6,4.55,1.8461538461538458
21648,21649,140737954#7,3.8769230769230774,2.4615384615384617
21650,21651,140737954#8,2.180769230769231,0.8738461538461538
21652,21653,140737954#9,3.616666666666667,0.6410256410256412
21656,21657,140737963,8.4,2.0
21668,21669,140737990,6.65,2.333333333333333
21680,21681,140738021,14.700000000000001,2.0
21682,21683,140738034,14.700000000000001,1.0
21686,21687,140738047#0,3.6750000000000003,0.27272727272727265
21688,21689,140738047#1,0.9625,0.08333333333333333
21690,21691,140738047#2,10.015384615384615,0.9358974358974361
21692,21693,140738054#0,14.28,58.3
21694,21695,140738054#1,7.3500000000000005,27.333333333333332
21696,21697,140738054#2,2.52,1.3777777777777775
21700,21701,140834246,51.45,0.0
21702,21703,140834247#0,13.65,0.0
21706,21707,140834248,7.3500000000000005,0.0
21708,21709,140834249#0,13.7375,1.7196969696969695
21710,21711,140834249#1,5.95,0.6060606060606061
21712,21713,140834249#10,9.1,1.333333333333333
21714,21715,140834249#11,14.000000000000002,2.3333333333333335
21716,21717,140834249#2,1.4,0.25
21718,21719,140834249#3,1.05,0.0
21720,21721,140834249#4,2.3333333333333335,0.19444444444444445
21722,21723,140834249#5,2.566666666666667,0.2777777777777778
21724,21725,140834249#6,3.1500000000000004,0.5
21726,21727,140834249#7,6.125,0.16666666666666666
21728,21729,140834249#8,16.35,2.619047619047619
21730,21731,140834249#9,5.25,1.0
21740,21741,140834254#0,6.65,0.33333333333333326
21742,21743,140834254#10,7.3500000000000005,0.0
21744,21745,140834254#11,4.55,0.33333333333333326
21746,21747,140834254#13,7.3500000000000005,0.0
21748,21749,140834254#2,5.25,0.0
21750,21751,140834254#3,4.2,0.0
21752,21753,140834254#4,4.2,0.0
21754,21755,140834254#5,4.9,0.33333333333333326
21756,21757,140834254#6,3.5000000000000004,0.33333333333333337
21758,21759,140834254#7,10.5,0.0
21760,21761,140834254#8,7.3500000000000005,0.0
21762,21763,140834254#9,8.4,0.0
21764,21765,140834255#1,8.850000000000001,2.10989010989011
21768,21769,140834256#1,1.05,0.0
21770,21771,140834257#0,14.700000000000001,32.0
21772,21773,140834257#1,14.700000000000001,0.0
21782,21783,140834257#7,13.125,4.5
21784,21785,140834258,8.884615384615385,0.6025641025641025
21786,21787,140834259,8.925,0.5
21790,21791,140834261#0,8.740540540540541,1.0030030030030028
21792,21793,140834261#1,0.7945945945945947,0.1891891891891892
21794,21795,140834261#2,1.6743243243243242,0.24774774774774755
21796,21797,140834261#3,15.693243243243243,2.941441441441442
21798,21799,140834262#0,8.386624203821656,0.9100930916217536
21800,21801,140834262#1,6.386942675159236,0.5764331210191085
21802,21803,140834263#0,10.15,1.333333333333333
21804,21805,140834263#1,3.6750000000000003,0.33333333333333326
21816,21817,141058755#0,10.070454545454547,0.9915433403805493
21818,21819,141058755#1,11.790625,1.1591312056737595
21820,21821,141058755#2,4.714285714285714,0.4634353741496599
21822,21823,141058755#3,2.4,0.20833333333333334
21824,21825,141058755#4,1.4571428571428573,0.28401360544217685
21828,21829,141058758,16.8,0.0
21830,21831,141058763,21.0,0.0
21832,21833,141058765,40.69852941176471,3460.1744672552572
21834,21835,143054330,1.5750000000000002,0.5
21836,21837,143054332#0,2.1,0.0
21838,21839,143054333#1,1.5750000000000002,0.3333333333333333
21846,21847,143054333#13,32.9,15.866666666666669
21848,21849,143054333#14,6.300000000000001,0.0
21850,21851,143054333#15,4.2,0.0
21852,21853,143054333#16,5.25,0.0
21854,21855,143054333#17,3.1500000000000004,0.0
21856,21857,143054333#18,2.1,0.0
21858,21859,143054333#19,4.9,1.333333333333333
21860,21861,143054333#2,29.400000000000002,2.0
21866,21867,143054333#22,4.2,0.0
21868,21869,143054333#23,5.25,0.0
21870,21871,143054333#4,43.575,40.5
21872,21873,143054333#5,41.737500000000004,11.928571428571445
21882,21883,143313737,12.600000000000001,2.0
21884,21885,143313739,25.200000000000003,0.0
21886,21887,143313756,86.68333333333334,26.027777777777782
21890,21891,144655546#0,9.975,3.155172413793102
21892,21893,144655546#1,11.655,2.5068965517241377
21894,21895,144655546#2,1.4120689655172414,0.37684729064039413
21896,21897,144655547#0,10.314705882352943,1.3116769095697982
21898,21899,144655547#1,4.786764705882353,0.48902546093064114
21900,21901,144655547#2,2.331617647058824,0.23419666374012288
21902,21903,144655547#3,6.716911764705883,0.6310359964881476
21904,21905,144655547#4,3.088235294117647,0.32484635645302895
21906,21907,144657087#0,10.762500000000001,0.5000000000000001
21908,21909,144657087#2,13.912500000000001,2.25
21910,21911,144657087#3,6.93,0.7999999999999997
21912,21913,144657087#4,11.55,3.0
21914,21915,144657087#5,13.125,4.5
21916,21917,144657087#6,166.65,27516.90476190476
21918,21919,144659489,13.797887323943664,2.26559356136821
21920,21921,144659492#0,3.6750000000000003,3.0
21922,21923,144659492#1,6.300000000000001,0.6666666666666666
21924,21925,144659492#2,6.300000000000001,0.0
21926,21927,144659492#3,3.1500000000000004,0.0
21928,21929,144659492#4,3.0,0.4761904761904762
21930,21931,144659492#5,3.1500000000000004,0.3333333333333333
21932,21933,144659492#6,3.6750000000000003,0.3
21934,21935,144659492#7,4.025,0.16666666666666669
21938,21939,144659495,6.087640449438203,0.6859039836567925
21940,21941,144659496,9.450000000000001,0.0
21944,21945,145069270#0,11.9,10.333333333333334
21946,21947,145069270#1,2.1,0.0
21948,21949,145069270#2,5.075,3.3666666666666663
21950,21951,145069272,24.45,2.571428571428572
21952,21953,145069278#0,42.646153846153844,7179.846153846153
21954,21955,145069278#1,124.86250000000001,46071.81884057972
21956,21957,145069278#2,43.050000000000004,10738.3
21958,21959,145069280#0,41.54029850746269,7290.96736318408
21960,21961,145069280#1,16.649257425742576,2308.750431013251
21962,21963,145069284,12.81,822.5833333333334
21964,21965,145069286#0,21.726315789473684,1680.7754613807247
21966,21967,145069286#1,2.155263157894737,42.4138755980861
21968,21969,145069287#0,4.659375,0.46409574468085074
21970,21971,145069287#1,4.790625,0.3789893617021275
21972,21973,145069287#2,3.3857142857142857,0.38605442176870747
21974,21975,145069287#3,4.757142857142857,0.420918367346939
21976,21977,145069287#4,3.428571428571429,0.19897959183673466
21978,21979,145069287#8,6.9,0.7500000000000009
21980,21981,145069291#1,19.95,0.0
21984,21985,145069294#0,6.869491525423729,515.0450693374421
21986,21987,145069294#1,9.349152542372883,1478.5532229070363
21988,21989,145069294#2,11.013068181818182,948.7198701298706
21990,21991,145069296,61.6875,1067.5833333333335
21992,21993,145069298,58.91666666666667,6289.861111111112
21994,21995,145069303#1,17.87732342007435,2436.137380014425
21996,21997,145069303#2,4.687200000000001,4.52279518072289
21998,21999,145069303#3,6.42,50.20000000000002
22000,22001,145069303#4,7.279707112970711,33.096339791146576
22004,22005,145069307#0,4.2,0.0
22006,22007,145069307#1,1.05,0.0
22008,22009,145069309,34.65,162.0
22010,22011,145069311#0,7.9490384615384615,0.8272539288668321
22012,22013,145069311#1,17.26442307692308,10.570843672456572
22014,22015,145069313#0,11.13,1.1555555555555554
22016,22017,145069313#1,3.4125,0.20454545454545447
22018,22019,145069313#2,6.7856250000000005,1.1432389937106926
22020,22021,145069316#1,6.005732484076433,1.3183896782622901
22022,22023,145069320#0,3.1500000000000004,0.0
22024,22025,145069320#1,5.25,0.0
22026,22027,145069323#1,19.70294117647059,3.066176470588237
22028,22029,145069323#2,5.411538461538462,0.47435897435897445
22030,22031,145069325#0,9.975,0.3333333333333333
22032,22033,145069325#1,27.3,2.0
22034,22035,145069325#2,25.200000000000003,0.0
22036,22037,145069328,6.405,0.766666666666667
22038,22039,145069331#1,3.2735294117647062,0.22588235294117642
22040,22041,145069331#2,1.276470588235294,0.1725490196078432
22042,22043,145069331#3,9.738235294117649,1.1231372549019616
22044,22045,145069331#4,14.823529411764707,2.7058823529411757
22046,22047,145069334,1.05,0.0
22048,22049,145069335#1,7.116666666666667,2.904040404040404
22050,22051,145069335#2,2.1466666666666665,0.22525252525252526
22052,22053,145069335#3,1.7347826086956522,0.23715415019762842
22054,22055,145069335#4,1.141304347826087,0.08300395256916997
22056,22057,145069336#0,27.552,3408.436321839081
22058,22059,145069336#1,14.901453488372095,2613.2670678634568
22060,22061,145069336#3,12.67,1273.4480446927375
22062,22063,145069339#0,10.5,0.0
22064,22065,145069339#1,5.25,0.0
22066,22067,145069339#2,2.1,0.0
22068,22069,145069342#0,50.925000000000004,40.5
22070,22071,145069342#1,54.6,21.0
22072,22073,145069342#2,2.45,0.33333333333333337
22074,22075,145069342#3,17.85,2.0
22076,22077,145069342#4,46.2,50.0
22080,22081,145069347#0,20.3,2.333333333333333
22082,22083,145069347#1,4.2,2.0000000000000004
22084,22085,145069350#1,16.05,1.904761904761905
22086,22087,145069350#2,5.075,0.16666666666666666
22088,22089,145069351,17.563636363636363,2.8181818181818175
22090,22091,145069354#0,12.695454545454547,2.8484848484848477
22092,22093,145069354#1,42.85909090909092,4643.298701298701
22096,22097,145069362#1,7.65,0.23809523809523833
22098,22099,145069362#2,8.4,0.9999999999999994
22100,22101,145069363#0,13.755,1.2111111111111112
22102,22103,145069363#1,2.3333333333333335,0.19444444444444448
22104,22105,145069363#2,9.345,0.9888888888888885
22106,22107,145069363#3,2.49375,0.26785714285714285
22108,22109,145069369#0,18.081,1479.76693877551
22110,22111,145069369#1,11.508823529411766,1561.758431372549
22112,22113,145069371#0,11.603846153846154,0.6288798920377865
22114,22115,145069371#1,3.1500000000000004,0.0
22116,22117,145069373#0,5.596500000000001,206.2031313131313
22118,22119,145069373#1,67.88,16833.82655677656
22120,22121,145069374,302.90000000000003,149648.4619047619
22122,22123,145069384,45.15,19.157894736842103
22124,22125,145069386#1,4.690760869565218,162.1637601528906
22126,22127,145069386#2,11.93804347826087,1750.367415193502
22128,22129,145069386#3,75.85108695652174,19670.535594839934
22130,22131,145069391,18.136363636363637,1272.9904306220099
22132,22133,145069394#0,15.046391752577321,881.5567010309281
22134,22135,145069394#1,51.06818181818182,2103.997607655502
22140,22141,146973149,4.089473684210526,0.8771929824561405
22142,22143,146973150#0,10.414090909090909,1.4886572143452887
22144,22145,146973150#1,6.175909090909091,0.6556296914095082
22146,22147,146973153,8.625,0.9534161490683231
22148,22149,146973156#0,10.0734375,1.316666666666665
22150,22151,146973156#1,7.264864864864865,0.9042530902996018
22154,22155,146973176#0,7.884545454545455,0.9494578815679735
22156,22157,146973176#1,5.135454545454546,0.4650542118432028
22158,22159,146973189,4.291304347826087,0.44664031620553346
22160,22161,146973196,14.700000000000001,0.6666666666666666
22162,22163,146973200#0,1.8375000000000001,0.25
22164,22165,146973200#1,14.9625,1.583333333333334
22166,22167,146973200#2,1.8375000000000001,0.25
22168,22169,146973201#0,25.59375,3.9821428571428563
22172,22173,146973206#0,18.900000000000002,0.0
22174,22175,146973206#1,17.85,0.0
22178,22179,146973210,4.169117647058823,0.09001782531194295
22180,22181,146973212,4.417241379310345,0.27223230490018163
22182,22183,146973214#1,15.160975609756099,6.133546581367453
22184,22185,146973214#10,1.5338235294117646,0.5479518540089304
22186,22187,146973214#11,1.559090909090909,0.39517625231910947
22188,22189,146973214#12,1.9645161290322581,0.570126227208976
22190,22191,146973214#13,2.935227272727273,0.23354231974921633
22192,22193,146973214#17,4.2463235294117645,0.25175592625109733
22194,22195,146973214#18,3.026470588235294,0.34416154521510084
22196,22197,146973214#2,3.9445945945945944,0.8766584766584768
22198,22199,146973214#21,4.8890625000000005,0.32440476190476214
22200,22201,146973214#22,4.235593220338983,0.2057276446522502
22202,22203,146973214#23,6.355263157894737,0.6578947368421052
22204,22205,146973214#6,6.946153846153846,1.2681105302464526
22206,22207,146973214#7,3.1500000000000004,0.8269230769230765
22208,22209,146973214#9,3.955339805825243,0.4745859508852084
22210,22211,146973218#0,11.55,0.0
22212,22213,146973218#1,6.300000000000001,0.0
22214,22215,146973218#2,6.300000000000001,0.0
22216,22217,146973218#3,14.100000000000001,3.285714285714286
22218,22219,146973218#4,0.75,0.2380952380952381
22220,22221,146973218#5,6.450000000000001,0.4761904761904762
22222,22223,146973222,1.7750000000000001,0.316492450638792
22224,22225,146973225#1,3.4160000000000004,0.7851059085841697
22226,22227,146973225#1.37,5.593000000000001,9.56517279821628
22228,22229,146973225#2,2.7798305084745762,0.4943387524501323
22230,22231,146973225#3,7.917857142857143,61.20481298321379
22232,22233,146973234#1,99.75,50.0
22234,22235,146973236#0,3.492857142857143,0.6411564625850339
22236,22237,146973236#1,10.383333333333335,0.5751633986928103
22238,22239,146973236#10,3.4125,0.25000000000000006
22240,22241,146973236#11,4.55,0.33333333333333326
22242,22243,146973236#12,13.65,0.0
22244,22245,146973236#13,5.25,0.0
22250,22251,146973236#2,6.358333333333333,0.4084967320261438
22252,22253,146973236#3,3.966666666666667,0.3006535947712417
22254,22255,146973236#4,4.41,0.1714285714285714
22256,22257,146973236#5,5.74,0.4095238095238095
22258,22259,146973236#7,4.65,0.5714285714285713
22260,22261,146973236#8,9.03,1.2999999999999998
22262,22263,146973236#9,3.4125,0.25000000000000006
22264,22265,146973241,8.146733668341708,0.931424800771535
22268,22269,146973256,15.443750000000001,2.5514184397163118
22272,22273,147014252#0,7.3500000000000005,0.0
22274,22275,147014252#1,1.4,0.3333333333333333
22276,22277,147014252#2,5.95,0.3333333333333335
22278,22279,147014252#3,6.65,0.33333333333333326
22280,22281,147014252#4,3.1500000000000004,0.0
22282,22283,147014252#6,14.700000000000001,1.0
22288,22289,147014273#0,5.25,0.0
22290,22291,147014273#1,8.05,2.333333333333334
22306,22307,147042385#0,9.450000000000001,0.0
22308,22309,147042385#1,22.05,0.0
22310,22311,147042385#2,22.575,0.5
22312,22313,148050447#0,17.85,0.0
22314,22315,148050447#1,11.13,0.7999999999999998
22316,22317,148050448#0,14.264150943396228,812.0936139332365
22318,22319,148050448#1,8.127777777777778,4.346610761705102
22320,22321,148050451#0,10.675,1.0882352941176487
22322,22323,148050451#1,5.1947368421052635,0.6081871345029239
22324,22325,148050451#2,11.850000000000001,3.1142857142857134
22326,22327,148050452#0,10.005882352941176,0.7647058823529409
22330,22331,148050453#0,8.25,0.14285714285714282
22332,22333,148050453#1,4.7250000000000005,0.3
22334,22335,148050453#3,9.8,0.6666666666666667
22336,22337,148050453#4,14.25,5.6190476190476195
22338,22339,148050453#5,19.425,17.66666666666667
22340,22341,148050455#0,16.174038461538462,90.75527903469082
22342,22343,148050455#1,46.74923076923077,1962.878365384616
22344,22345,148050456,18.375,0.5
22346,22347,148050457#0,4.2,0.0
22348,22349,148050457#1,7.3500000000000005,0.0
22350,22351,148050457#2,6.300000000000001,0.0
22360,22361,148126361#1,11.55,0.0
22362,22363,148126361#2,6.300000000000001,0.0
22364,22365,148126361#3,45.15,0.0
22366,22367,148351766,0.4179611650485437,0.2407766990291263
22368,22369,148352067,7.431159420289855,0.6638994418648279
22390,22391,148527679#0,22.05,3.0
22404,22405,148527688#0,4.2,0.0
22406,22407,148527688#1,5.25,0.0
22410,22411,148527691#1,6.510000000000001,0.17777777777777773
22412,22413,148527691#2,6.825,0.27777777777777773
22414,22415,148527691#3,7.875,0.7222222222222222
22416,22417,148527691#4,13.965000000000002,0.4555555555555558
22418,22419,148527691#5,5.88,0.26666666666666666
22420,22421,148527691#6,5.7272727272727275,0.2727272727272728
22422,22423,148527691#7,11.55,0.5999999999999999
22424,22425,148527691#8,17.46818181818182,1.2545454545454542
22426,22427,148527691#9,2.9884615384615385,0.4743589743589744
22428,22429,148527692#0,8.709712230215828,1.3399019914503192
22430,22431,148527692#1,0.8687050359712231,0.20185590657908453
22432,22433,148529632#0,25.725,12.88461538461538
22434,22435,148529632#2,14.85,2.142857142857143
22436,22437,148529632#3,25.62,6.3
22438,22439,148529632#4,14.4375,0.9166666666666665
22440,22441,148596540#0,7.504411764705883,0.7009318578916717
22442,22443,148596540#1,3.3867647058823533,0.2951854008930305
22444,22445,148596540#2,19.817777777777778,3.603427307904922
22454,22455,148680864,7.3500000000000005,0.0
22456,22457,148680865,1.05,0.0
22460,22461,148680869#0,6.300000000000001,0.0
22476,22477,149044751#0,11.55,0.9999999999999997
22478,22479,149044751#1,5.25,0.0
22480,22481,149044751#2,4.2,0.0
22482,22483,149045266,18.55,2.333333333333332
22484,22485,149045267#0,3.004166666666667,0.23730158730158724
22486,22487,149045267#1,4.141666666666667,0.45396825396825397
22488,22489,149045267#2,3.9083333333333337,0.37777777777777793
22490,22491,149045267#3,4.433333333333334,3.6063492063492064
22492,22493,149045269#0,10.14,291.5848739495798
22494,22495,149045269#1,17.55,974.3277310924371
22496,22497,149045269#3,82.16250000000001,7361.898148148147
22498,22499,149045845,11.55,1.9999999999999993
22500,22501,149626676#0,7.7,1.3333333333333335
22502,22503,149626676#1,2.85,0.5714285714285715
22504,22505,149626676#2,5.460000000000001,0.19999999999999996
22506,22507,149626676#3,583.275,288819.0
22512,22513,15057616#1,7.7,0.33333333333333326
22514,22515,15066337#0,13.65,3.0
22516,22517,15066337#1,8.4,1.0
22522,22523,15066339#0,8.137500000000001,0.24999999999999992
22524,22525,15066339#1,4.2,0.0
22526,22527,15066339#2,11.55,0.0
22528,22529,15066339#3,9.450000000000001,0.0
22530,22531,150746347#0,18.67727272727273,4.484848484848483
22532,22533,150746347#1,2.990909090909091,0.3200757575757576
22534,22535,150746347#2,23.296875,9.770161290322584
22536,22537,150746347#4,6.0046875,0.4667338709677417
22538,22539,150746361#0,7.602531645569621,11.031158714703022
22540,22541,150746361#2,29.46907894736842,12.942280701754395
22542,22543,150746364#1,7.1647058823529415,5.029411764705883
22544,22545,150746364#2,3.4125,1.9333333333333331
22546,22547,150746364#4,3.7500000000000004,0.2857142857142858
22548,22549,150746365,21.0,8.0
22550,22551,150815016,7.3500000000000005,2.0
22552,22553,150816775,2.9499999999999997,0.30429732868757253
22556,22557,151167720#0,6.720000000000001,2.3000000000000003
22558,22559,151167720#1,14.9625,4.250000000000001
22560,22561,151167728,17.028793774319066,1446.5460846303504
22562,22563,151167728.19,30.89402985074627,2601.9252736318413
22566,22567,151167733#2,11.55,0.0
22568,22569,151167733#3,10.5,0.5
22570,22571,151167733#4,11.55,1.5000000000000009
22572,22573,151167733#5,6.238235294117647,0.8088235294117646
22574,22575,151167738#1,28.35,10.000000000000002
22576,22577,151167740,7.062921348314608,2.868575934217563
22578,22579,151167747#0,3.4125,2.7435483870967747
22580,22581,151167747#0.13,35.86826923076923,523.1806038047973
22582,22583,151167753,18.900000000000002,0.0
22584,22585,151167768,9.275,875.7572944297063
22586,22587,151345397,28.087500000000002,4.916666666666667
22588,22589,151345398#1,11.55,2.0000000000000004
22592,22593,151345400,2.1,0.0
22594,22595,151345407#0,4.8125,16.81060606060606
22596,22597,151345407#1,2.3100000000000005,1.0666666666666667
22598,22599,151345407#2,23.1,0.6666666666666666
22600,22601,151345409#1,2.1,0.0
22602,22603,151345409#2,3.1500000000000004,0.0
22606,22607,152036408,25.200000000000003,0.0
22610,22611,152037913#0,4.2,0.0
22612,22613,152037913#1,2.1,0.0
22614,22615,152037914,4.7250000000000005,0.5
22618,22619,152038426,7.3500000000000005,0.0
22620,22621,152038427,7.3500000000000005,0.0
22622,22623,152039154#0,4.7250000000000005,0.5
22624,22625,152039154#1,2.1,0.0
22634,22635,152077572#0,8.495454545454546,271.7589852008456
22636,22637,152077572#1,47.18,13501.47272727273
22638,22639,152077572#2,349.67282608695655,183554.37729468598
22640,22641,152079697,8.4,2.0
22644,22645,152079703,6.300000000000001,0.0
22646,22647,152081136,10.15,1.333333333333334
22648,22649,152081143,2.1,0.0
22656,22657,153220338#0,205.93695652173912,60926.84584980236
22658,22659,153220338#1,46.34318181818182,7722.123376623375
22660,22661,153220338#2,38.85,7045.8888888888905
22662,22663,153220338#3,2.373913043478261,0.2924901185770751
22664,22665,153220338#4,23.052272727272726,2030.5216450216453
22676,22677,153692837#2,28.45,857.4904761904761
22678,22679,153692841#0,6.825,0.26666666666666666
22680,22681,153692841#1,5.4,0.47619047619047644
22682,22683,153692841#2,6.125,0.9666666666666666
22684,22685,153692841#4,3.6750000000000003,0.3333333333333333
22686,22687,153692841#5,12.075000000000001,0.5
22690,22691,153774645,21.49,23.61818181818182
22692,22693,153774646,6.510000000000001,0.2
22694,22695,153774647,5.04,1.1999999999999997
22696,22697,153774648#0,30.228947368421053,12.28654970760234
22698,22699,153774648#1,68.775,92.27777777777777
22700,22701,153774649#0,21.051851851851854,135.82253086419752
22702,22703,153774649#1,12.075000000000001,6.90322580645161
22704,22705,154658249,4.65,1.2857142857142854
22706,22707,155458987,1.5750000000000002,0.3333333333333333
22708,22709,155458988,3.3833333333333337,0.6944444444444444
22710,22711,155847370,9.126923076923077,0.8974358974358969
22714,22715,155847568,35.175000000000004,0.5
22716,22717,156041643#0,6.79,0.5523809523809523
22718,22719,156041643#1,1.61,0.2666666666666666
22720,22721,156041643#2,3.7961538461538464,0.25641025641025633
22722,22723,156041695,13.65,2.0
22724,22725,156041699,10.15,2.666666666666667
22726,22727,156041708,9.7125,1.5833333333333333
22728,22729,156041710,15.75,0.0
22730,22731,156041713#1,2.9166666666666665,0.19444444444444445
22732,22733,156041713#2,11.55,0.8571428571428573
22734,22735,156041713#3,12.950000000000001,0.6666666666666667
22736,22737,156791363,23.730000000000004,321.8
22738,22739,156791366#0,81.61363636363637,15121.218181818182
22740,22741,156791366#1,29.523529411764706,2843.3602941176478
22742,22743,156791366#2,14.000000000000002,2.266666666666667
22744,22745,156817405,3.6750000000000003,0.3333333333333333
22748,22749,156923383,7.3500000000000005,4.0
22750,22751,156923526#1,4.095,1.0421052631578949
22752,22753,156923526#2,10.08,1.0947368421052641
22754,22755,156923526#3,1.9090909090909092,1.1082251082251082
22756,22757,156923526#4,1.785,0.2210526315789474
22762,22763,157305700#2,22.448275862068968,6.172413793103449
22764,22765,157305700#3,8.442,1.1233333333333333
22766,22767,157305700#4,4.452000000000001,1.1899999999999997
22768,22769,157305700#5,2.6460000000000004,0.26
22770,22771,157305700#6,9.58125,4.461956521739131
22776,22777,157305702#1,13.65,0.0
22780,22781,157305703,7.7,6.787878787878787
22782,22783,157306362#0,2.3625000000000003,0.20454545454545447
22784,22785,157306362#1,2.8636363636363638,0.21818181818181812
22786,22787,157306362#10,14.700000000000001,0.0
22788,22789,157306362#2,2.8875,0.24999999999999997
22790,22791,157306362#3,2.8,0.33333333333333337
22792,22793,157306362#4,4.2,0.0
22794,22795,157306362#5,5.25,0.0
22796,22797,157306362#8,19.95,0.0
22798,22799,157306362#9,16.8,2.0
22804,22805,158179325#0,2.1,0.0
22806,22807,158179326,8.4,1.333333333333333
22810,22811,158179328#0,3.0625,0.6287878787878788
22812,22813,158179328#1,3.5000000000000004,0.4999999999999999
22814,22815,158179328#2,5.25,0.0
22816,22817,158179328#3,3.1500000000000004,0.0
22822,22823,158179329#2,8.19,1.6999999999999997
22824,22825,158179329#3,11.55,0.0
22826,22827,158179330#0,2.1,0.0
22832,22833,158179332,10.966666666666667,4.333333333333334
22834,22835,158180482#0,3.1500000000000004,0.0
22836,22837,158180482#1,3.1500000000000004,0.0
22838,22839,158180482#2,3.1500000000000004,0.0
22840,22841,158180482#3,2.45,0.2666666666666666
22842,22843,158180482#4,2.8,0.33333333333333326
22844,22845,158180483#0,2.1,0.0
22846,22847,158180483#2,3.1500000000000004,0.0
22848,22849,158180483#3,4.2,0.0
22850,22851,159579401#5,5.25,0.0
22852,22853,159579401#6,10.5,0.0
22854,22855,159579401#7,5.775,0.5
22860,22861,159646363#1,3.612,2.7566666666666664
22862,22863,159646363#2,3.616666666666667,2.7777777777777777
22864,22865,159646363#3,10.908333333333335,4.604575163398692
22866,22867,159743996#0,8.4,0.0
22870,22871,159743996#2,6.300000000000001,0.0
22872,22873,159743996#3,15.4,1.333333333333333
22874,22875,159961033,4.2,0.0
22876,22877,159961041,12.600000000000001,8.0
22878,22879,160090329#0,2.1,0.6666666666666666
22880,22881,160090329#1,16.1,1.333333333333333
22890,22891,160309406#0,6.300000000000001,0.0
22894,22895,160309406#2,7.3500000000000005,0.0
22896,22897,160311903#1,322.35,0.0
22898,22899,160314345#0,7.500000000000001,0.8285714285714286
22900,22901,160314345#1,12.371739130434783,0.9960474308300394
22902,22903,160314345#2,13.9,1.0904761904761904
22904,22905,160314345#3,11.660526315789474,0.7660818713450293
22906,22907,160314345#4,20.59166666666667,208.25163398692806
22908,22909,160314345#7,14.413636363636364,52.39826839826841
22910,22911,160314345#8,16.11521739130435,3.5098814229249014
22912,22913,160314346#0,8.810869565217393,0.3399209486166008
22914,22915,160314346#1,17.227777777777778,135.3276353276353
22916,22917,160314351#0,7.035,1.1222222222222222
22918,22919,160314351#1,1.3650000000000002,0.23333333333333328
22920,22921,161678034#0,5.66015625,223.9984497389035
22922,22923,161678034#1,33.8410290237467,1115.5212408035618
22924,22925,161678034#2,50.42198952879581,1991.11242115678
22926,22927,161680732,6.276923076923077,6.732844932844934
22928,22929,161680736,7.135483870967742,0.9469378214118737
22930,22931,161680739,18.395303867403314,68.2004560689307
22932,22933,161680744#0,3.880434782608696,1.1913678197397646
22934,22935,161680744#1,14.35,2.4206008583690988
22936,22937,161783474#0,2.725,0.4188571428571429
22950,22951,161783476#0,2.1942307692307694,0.08275058275058278
22952,22953,161783477,10.74418604651163,0.23034330011074194
22954,22955,161783478#0,2.0363636363636366,0.17996289424860862
22956,22957,161783478#1,1.6333333333333335,3.433106575963719
22958,22959,161783479#0,2.0681818181818183,0.05009276437847868
22960,22961,161783480,1.2833333333333334,0.17610062893081754
22962,22963,161783481#1,2.1,0.0
22964,22965,161783482#0,3.380487804878049,0.17560975609756097
22966,22967,161783483#1,5.290384615384616,40.75846153846154
22976,22977,161784059#0,25.720588235294116,6.947016094573423
22978,22979,161784059#1,8.043750000000001,0.9191558441558443
22980,22981,161784059#2,12.139473684210527,1.7863408521303263
22982,22983,161784059#3,9.43157894736842,1.017543859649123
22984,22985,161784059#4,2.5525862068965517,0.2846339987900786
22986,22987,161784059#5,11.27844827586207,32.335450695704765
22996,22997,161789031#1,16.8,0.0
22998,22999,161789031#2,5.25,0.0
23002,23003,161789031#4,16.8,0.0
23010,23011,161789032,14.700000000000001,0.0
23014,23015,161789035#1,6.300000000000001,0.0
23016,23017,161789037#1,7.3500000000000005,0.0
23018,23019,161789040,3.616666666666667,0.2777777777777777
23022,23023,161789044#1,3.1500000000000004,0.3333333333333333
23028,23029,161789381,3.1500000000000004,0.0
23032,23033,162281925,6.16875,2.6964285714285716
23036,23037,164051398,188.33769230769232,21615.29903846154
23038,23039,164051399,2.882142857142857,0.24528104757261257
23040,23041,164051401#0,2.1954545454545453,0.0909090909090909
23042,23043,164051401#1,1.3363636363636364,1.4181818181818184
23044,23045,164051403#0,4.59375,0.44551282051282076
23046,23047,164051405#1,8.724074074074075,2.9160493827160483
23048,23049,164051405#2,3.38013698630137,0.2568493150684932
23050,23051,164051408,3.17625,0.3326923076923076
23052,23053,164051410#0,61.271875,9402.673245614036
23054,23055,164051410#1,15.04669811320755,1513.099460916442
23056,23057,164051413#0,46.81071428571429,2697.4829581317063
23058,23059,164051417#0,2.1256097560975613,0.024089129780186697
23060,23061,164051417#1,3.1884146341463415,0.03568202348690154
23062,23063,164051420,1.2115384615384615,0.14102564102564102
23064,23065,164051424,5.488,0.3398198198198197
23066,23067,164051425#0,3.322602739726028,0.2503805175038052
23068,23069,164051425#1,11.636301369863014,1.6875951293759508
23070,23071,164051425#2,15.879452054794521,2.831811263318109
23072,23073,164051425#3,8.446323529411766,1.684591747146621
23074,23075,164051425#4,10.802272727272728,1.3158508158508158
23076,23077,164051429#1,21.547005988023955,737.8959558360751
23082,23083,164051431#2,14.700000000000001,0.0
23084,23085,164051431#3,13.3,0.33333333333333304
23086,23087,164051431#4,6.825,0.5
23088,23089,164051431#5,2.1,0.0
23090,23091,164051438#0,9.450000000000001,1.3333333333333333
23092,23093,164051438#0.108,1.5750000000000002,0.3333333333333333
23098,23099,164078531#0,22.331102362204724,72.73728283964502
23100,23101,164078531#1,5.6109375,50.967519685039385
23102,23103,164078536,8.779166666666667,1.9515873015873015
23112,23113,164633674#0,10.5,38.66666666666667
23114,23115,164633674#1,4.55,0.3333333333333335
23116,23117,164859338#1,5.8578947368421055,2.368421052631579
23118,23119,164859338#2,7.063636363636364,1.8181818181818183
23120,23121,164859338#3,21.21,14.700000000000001
23122,23123,164859338#4,3.85,21.466666666666665
23124,23125,165414587#0,0.75,0.2380952380952381
23126,23127,165520703#0,3.0,3.8095238095238098
23128,23129,165520703#1,4.2,0.0
23130,23131,165520703#2,3.85,0.33333333333333337
23136,23137,165520704#0,9.683333333333334,278.41830065359477
23138,23139,165520704#1,45.15,2090.222222222222
23140,23141,165520706,24.585849056603774,2454.8628447024666
23142,23143,165520725,14.000000000000002,264.66666666666663
23164,23165,166638348#0,43.050000000000004,18.0
23166,23167,166638348#1,17.85,18.0
23168,23169,166638348#2,8.4,2.0
23170,23171,166638348#3,5.775,0.5
23186,23187,166638351#10,25.200000000000003,0.0
23188,23189,166638351#11,19.95,40.66666666666667
23190,23191,166638351#12,10.762500000000001,8.916666666666668
23192,23193,166638351#13,32.025,89.66666666666667
23194,23195,166638351#14,9.625,6.5666666666666655
23196,23197,166638351#15,13.65,14.0
23198,23199,166638351#16,7.3500000000000005,2.0
23218,23219,166638353#0,11.2,2.2666666666666666
23220,23221,166638353#1,21.0,4.666666666666667
23258,23259,166638360#1,38.85,0.0
23280,23281,166638365,19.95,2.6666666666666665
23290,23291,166638367#3,35.81666666666667,77.86111111111111
23292,23293,166638367#4,26.6,6.666666666666667
23294,23295,166638367#5,27.475,10.166666666666666
23296,23297,166638367#6,68.775,0.5
23304,23305,166638371#0,8.214705882352941,4.904411764705882
23306,23307,166638371#1,12.276923076923076,2.397435897435897
23328,23329,166638371#2,14.933333333333334,4.194444444444445
23330,23331,166638371#3,7.000000000000001,1.25
23344,23345,166638372,23.45,14.333333333333336
23374,23375,166639902#0,14.700000000000001,0.0
23376,23377,166639902#1,9.450000000000001,0.0
23378,23379,166639902#2,9.450000000000001,0.0
23382,23383,166642717#1,3.1500000000000004,5.333333333333333
23384,23385,166642717#2,3.5000000000000004,1.0
23386,23387,166642719,7.3500000000000005,0.0
23388,23389,166642721,4.433333333333334,1.1944444444444444
23396,23397,166821307#0,4.3500000000000005,5.142857142857143
23398,23399,166821307#1,30.450000000000003,18.0
23400,23401,166821307#2,4.2,0.0
23402,23403,166821308#1,13.755,1.877777777777778
23404,23405,166821308#2,6.300000000000001,3.5
23406,23407,166821308#4,2.3100000000000005,0.19999999999999998
23408,23409,166822309#1,3.1500000000000004,1.3333333333333333
23410,23411,166822311#0,4.1125,4.083333333333333
23412,23413,166822311#1,4.2,0.0
23414,23415,166822311#3,1.925,0.16666666666666669
23418,23419,166822311#5,2.8,2.3333333333333335
23420,23421,166823358,5.25,0.0
23426,23427,166878978,5.95,0.3333333333333335
23428,23429,166878981,1.05,0.0
23430,23431,166878983,2.8,1.3333333333333333
23436,23437,166878986#1,5.25,0.0
23446,23447,166878990#0,4.7250000000000005,0.5
23458,23459,166878993#1,6.825,21.9
23460,23461,166878993#2,26.950000000000003,2.666666666666668
23464,23465,166878994#1,7.3500000000000005,0.0
23466,23467,166878996#1,4.2,0.6666666666666666
23468,23469,166878996#2,10.5,12.0
23474,23475,166879001#0,3.1500000000000004,0.0
23478,23479,168158792,13.475000000000001,3.7666666666666684
23480,23481,168158796#0,18.27,0.8000000000000003
23482,23483,168158796#1,0.7875000000000001,0.25
23484,23485,168158796#2,2.1,0.0
23486,23487,168158811#1,3.1500000000000004,0.0
23488,23489,168158820#1,1.6800000000000002,0.3
23490,23491,168158826,6.825,0.5
23500,23501,168243629#1,3.6750000000000003,0.3
23502,23503,168243629#2,1.7500000000000002,0.2666666666666667
23504,23505,168243629#3,7.3500000000000005,1.5
23506,23507,168243629#3.84,2.1,0.0
23510,23511,168245119#0,50.75000000000001,14649.696969696966
23512,23513,168245119#1,510.5625,294714.2045454546
23514,23515,168249926#0,9.02892030848329,135.13773089868278
23516,23517,168249928,2.625,0.33333333333333326
23518,23519,168249929,4.2,0.0
23520,23521,168434696,12.600000000000001,19.0
23524,23525,168511765#1,4.2,0.0
23526,23527,168853055#0,7.999090909090909,0.8329966329966334
23528,23529,168853055#1,29.064,6.303673469387756
23530,23531,168853055#2,19.719,4.420000000000003
23538,23539,168853061#1,45.36000000000001,12.699999999999996
23540,23541,168853061#2,33.6,9.999999999999998
23542,23543,168853069#1,44.85,47.9047619047619
23544,23545,168853069#2,223.3,1476.0
23546,23547,168853071#1,49.125,18.027472527472533
23548,23549,168853071#2,50.1375,14.916666666666666
23550,23551,168853071#3,2.625,1.0
23552,23553,168853071#4,212.625,0.5
23554,23555,169739284,3.654,0.7853061224489797
23556,23557,170398274#0,3.325,0.16666666666666669
23558,23559,170398274#1,2.52,0.30000000000000004
23560,23561,170398274#2,3.7800000000000002,0.30000000000000004
23562,23563,170398274#3,2.1,0.0
23576,23577,170425368,12.075000000000001,5.666666666666667
23580,23581,171006990#0,6.5625,2.9166666666666665
23582,23583,171006990#1,9.450000000000001,0.0
23584,23585,171006990#2,7.3500000000000005,0.0
23586,23587,171006990#3,11.55,0.0
23588,23589,171007004,14.500000000000002,209.98260073260073
23590,23591,171007007#1,9.1,0.3333333333333335
23596,23597,171007013#0,5.5209677419354835,0.2645161290322583
23598,23599,171007013#1,3.8951612903225805,0.8129032258064516
23600,23601,171007013#10,4.2,0.0
23602,23603,171007013#11,13.125,4.5
23604,23605,171007013#12,3.1500000000000004,0.0
23606,23607,171007013#2,2.275,0.14367816091954017
23608,23609,171007013#3,3.08,0.20229885057471259
23610,23611,171007013#4,21.28965517241379,3.992610837438427
23612,23613,171007013#5,6.521052631578947,0.7309941520467838
23614,23615,171007013#6,11.69,1.4095238095238096
23616,23617,171007013#7,5.925000000000001,0.24725274725274723
23618,23619,171007013#8,5.425000000000001,0.966666666666667
23620,23621,171007020#0,14.700000000000001,1.0
23622,23623,171007020#1,7.000000000000001,1.3333333333333335
23624,23625,171007020#2,6.300000000000001,2.0
23630,23631,171007036#0,8.4,0.0
23634,23635,171007040#1,2.1,0.0
23644,23645,171571099,7.612500000000001,0.25000000000000006
23646,23647,171571101#2,4.9875,0.9166666666666666
23648,23649,171571142#0,67.2,33.875
23650,23651,171571142#1,236.425,400.5666666666665
23658,23659,171571149,4.9350000000000005,1.1222222222222222
23660,23661,171571150,4.41,0.7
23662,23663,171571151#0,25.935,15.122222222222222
23664,23665,171571151#1,2.672727272727273,0.27272727272727276
23666,23667,171571151#10,4.2,0.0
23668,23669,171571151#11,5.95,1.3333333333333335
23670,23671,171571151#3,6.538636363636364,3.422077922077922
23672,23673,171571151#4,19.54615384615385,3.2564102564102573
23674,23675,171571151#5,8.26875,0.41071428571428564
23676,23677,171571151#6,9.31875,0.6964285714285717
23678,23679,171571151#7,18.76875,2.6964285714285716
23680,23681,171571151#8,3.1500000000000004,0.2857142857142857
23682,23683,171571151#9,5.25,0.5714285714285718
23684,23685,171571153,2.38,0.2095238095238095
23688,23689,171571155,13.65,2.0
23706,23707,171571161,13.65,8.0
23710,23711,171571164,13.3,0.3333333333333335
23718,23719,171571167#1,3.1500000000000004,0.0
23720,23721,171571167#2,3.5000000000000004,0.33333333333333326
23722,23723,171571169,38.02105263157895,24.953216374269022
23724,23725,171571172#2,27.3,22.333333333333332
23728,23729,171786502#1,11.2,0.33333333333333304
23734,23735,172368742,22.40721649484536,4.518470790378006
23736,23737,172368742.256,2.6953608247422682,0.3314003436426116
23738,23739,172488482#0,23.4875,288.06698221457265
23740,23741,172488483#1,6.364285714285715,0.6058149287112106
23742,23743,172488501,22.575,4.5
23744,23745,172493318#1,9.975,0.5
23754,23755,172497282#0,30.5,4530.54761904762
23756,23757,172497282#1,1.96875,0.125
23758,23759,172497282#2,12.600000000000001,0.0
23760,23761,172497282#3,1.5750000000000002,0.3333333333333333
23762,23763,172497282#4,12.600000000000001,0.0
23764,23765,172497282#5,183.75,38088.0
23766,23767,172497283,10.762500000000001,0.25000000000000017
23768,23769,172497285,2.1,0.0
23772,23773,172497291#0,3.1500000000000004,0.0
23774,23775,172497291#1,3.1500000000000004,0.0
23776,23777,172497293#0,848.4000000000001,503765.6
23778,23779,172497293#1,186.9,0.0
23780,23781,172497293#2,7.3500000000000005,0.0
23782,23783,172497295#0,1.5750000000000002,0.3333333333333333
23784,23785,172497295#1,11.55,21.0
23786,23787,172499291#0,3.9899999999999998,8.700000000000001
23788,23789,172499291#1,11.55,0.0
23796,23797,172515808,23.000093283582093,894.8713035290835
23798,23799,172515811,115.18708609271523,4705.157262693153
23800,23801,172516631#1,182.525,105942.16666666667
23802,23803,172517196,24.50744680851064,3183.6463051933197
23804,23805,172519433,5.25,0.0
23806,23807,172519434#0,8.750000000000002,21.066666666666666
23808,23809,172519434#2,12.600000000000001,0.0
23810,23811,172521266,9.450000000000001,0.0
23812,23813,172522281#1,26.366666666666667,2084.339869281046
23816,23817,172522281#3,10.5,0.0
23818,23819,172523713,11.025,0.5
23820,23821,172523714#0,1.5166666666666666,0.2777777777777778
23822,23823,172523714#1,56.7,9040.0
23824,23825,172523714#2,65.73,10564.93333333333
23832,23833,172699112#0,5.25,0.0
23834,23835,172699112#1,26.775000000000002,401.7142857142857
23836,23837,172699112#2,21.7875,10.204545454545453
23838,23839,172700927#1,7.4447368421052635,312.14331282752335
23842,23843,172701604#0,8.4,0.0
23844,23845,172701604#1,11.55,0.666666666666667
23846,23847,173148224,6.784615384615385,57.938461538461524
23848,23849,173151861,12.600000000000001,0.0
23852,23853,173151868,3.1500000000000004,0.0
23854,23855,173151871#0,39.9,0.0
23856,23857,173151871#1,2.94,0.20000000000000004
23858,23859,173151871#2,6.300000000000001,1.0
23862,23863,173151871#4,5.25,0.0
23864,23865,173151872,2.1,0.0
23866,23867,173152763#0,8.700000000000001,1.904761904761905
23868,23869,173152763#1,22.750000000000004,0.33333333333333304
23870,23871,173152763#2,8.925,14.944444444444445
23874,23875,173152765#1,3.975,0.489010989010989
23876,23877,173152765#2,3.1500000000000004,0.25000000000000006
23880,23881,173152768#1,4.4625,3.8000000000000003
23886,23887,173152768#4,15.75,0.0
23888,23889,173152776#0,5.25,0.0
23890,23891,173152776#1,18.900000000000002,0.0
23894,23895,173166289#0,44.1,57.0
23896,23897,173166289#1,21.35,6.333333333333336
23898,23899,173166289#2,5.25,0.0
23904,23905,173166291#2,39.55,1.3333333333333321
23906,23907,173166313,6.825,3.5
23908,23909,173166315,2.6526315789473682,0.263157894736842
23910,23911,173166317,5.154545454545455,2.4909090909090903
23912,23913,173166320,6.300000000000001,0.0
23914,23915,173166321#0,4.9,0.6060606060606061
23916,23917,173166321#1,3.7578947368421054,0.5906432748538009
23918,23919,173166321#2,5.5,0.39047619047619064
23920,23921,173166321#3,2.6774999999999998,1.207894736842106
23922,23923,173166321#4,3.553846153846154,0.7564102564102563
23924,23925,173166321#5,3.3750000000000004,0.489010989010989
23926,23927,173166321#6,63.60789473684211,110.14619883040938
23930,23931,173167521#0,12.075000000000001,1.0
23932,23933,173167521#1,15.959999999999999,6.199999999999999
23938,23939,173167522#2,19.95,0.0
23940,23941,173167523,57.225,12.5
23952,23953,173167527#1,24.675,4.5
23954,23955,173169611#1,13.93875,168.35833333333338
23956,23957,173169611#2,10.30909090909091,3.763636363636364
23958,23959,173169611#3,4.295454545454546,0.2909090909090909
23960,23961,173169611#4,14.89090909090909,1.563636363636364
23962,23963,173169611#5,2.4,0.23809523809523803
23964,23965,173169612,4.7250000000000005,0.2999999999999999
23966,23967,173177776#0,19.95,0.0
23970,23971,173177780#1,1.5750000000000002,0.5
23974,23975,173177783#1,2.1,2.0
23978,23979,173177790#0,12.600000000000001,0.0
23980,23981,173177790#1,12.600000000000001,0.0
23982,23983,173177790#2,21.0,0.0
23984,23985,173177791#0,2.1,0.0
23986,23987,173177791#1,8.4,0.0
23988,23989,173177791#2,1.5750000000000002,0.5
23994,23995,173177794#2,8.8375,13.356060606060606
24004,24005,173180358,10.5,0.0
24014,24015,173180361#2,23.1,3.0
24016,24017,173180362#0,4.2,0.0
24022,24023,173180362#3,29.05,2.333333333333332
24024,24025,173180363#0,4.2,0.6666666666666666
24026,24027,173180363#1,13.3,5.466666666666664
24032,24033,173182788,2.625,1.0
24036,24037,173182790,4.390909090909091,0.5636363636363635
24040,24041,173182792#0,4.55,5.333333333333333
24042,24043,173182792#1,2.1,0.0
24044,24045,173182793,3.1500000000000004,0.0
24046,24047,173182794#0,2.1,0.0
24048,24049,173182794#1,13.125,0.5
24050,24051,173182795#1,13.65,0.0
24054,24055,173182797#0,5.6,24.333333333333332
24056,24057,173182797#1,3.85,0.33333333333333337
24060,24061,173182798#0,5.25,0.0
24062,24063,173182798#1,3.3600000000000003,0.20000000000000004
24064,24065,173182798#2,3.57,0.30000000000000004
24066,24067,173182798#3,3.85,0.33333333333333326
24068,24069,173184401#1,3.1500000000000004,0.0
24070,24071,173184403#0,12.600000000000001,0.0
24076,24077,173184404#1,7.9799999999999995,41.3
24078,24079,173184404#2,6.825,1.6666666666666667
24082,24083,173185112#0,11.025,0.5
24084,24085,173185112#1,8.925,0.5
24086,24087,173186697,25.200000000000003,0.0
24088,24089,173201776,3.1500000000000004,2.0
24090,24091,173201777#0,17.325,0.5
24092,24093,173201777#1,11.025,4.5
24096,24097,173201784#0,14.175,0.5
24098,24099,173201784#1,3.1500000000000004,1.3333333333333333
24100,24101,173201784#2,2.8875,0.25000000000000006
24102,24103,173203413#0,6.300000000000001,0.0
24104,24105,173203413#1,3.1500000000000004,0.0
24106,24107,173203413#2,4.2,0.0
24122,24123,173203435,8.4,1.0
24126,24127,173203445,6.300000000000001,0.0
24128,24129,173658909,25.200000000000003,278.6666666666667
24130,24131,174321447,5.360683760683761,328.4317134717136
24132,24133,174324279#0,16.8,0.0
24134,24135,174324279#1,8.4,0.0
24136,24137,174527895#1,51.45,0.0
24138,24139,174527895#2,2.45,0.33333333333333326
24140,24141,174533456,23.364519230769233,1.3911330961908992
24142,24143,174597970#0,3.3833333333333337,1.1944444444444444
24144,24145,174597970#1,9.8,0.75
24146,24147,174597970#2,9.03,1.3
24148,24149,174597970#3,9.450000000000001,0.6666666666666664
24150,24151,174597970#4,3.7333333333333334,0.27777777777777773
24152,24153,174597970#5,6.883333333333334,0.7777777777777775
24154,24155,174597970#6,4.666666666666667,0.5277777777777777
24156,24157,174597970#7,19.1625,4.499999999999999
24158,24159,174609517#0,35.363535911602206,3631.4300798035615
24160,24161,174609517#1,2.5370270270270274,465.2116921269095
24162,24163,174609517#3,1.590909090909091,77.7840332256576
24164,24165,174609517#4,25.080310880829018,2698.601522020726
24166,24167,174609519,6.300000000000001,0.0
24172,24173,174645621,4.7250000000000005,0.5
24178,24179,174645622#4,29.400000000000002,0.0
24180,24181,174645624#1,36.09375,9.98214285714286
24184,24185,174645625#1,4.2,0.0
24186,24187,174645626#1,6.300000000000001,0.6666666666666666
24188,24189,174645627#1,14.700000000000001,3.333333333333334
24190,24191,174645627#2,0.7875000000000001,0.25000000000000006
24192,24193,174645627#3,14.175,1.6666666666666667
24194,24195,174645627#4,17.587500000000002,4.916666666666667
24198,24199,175607510#0,6.300000000000001,0.0
24208,24209,175761126,6.125,1.3666666666666667
24210,24211,175761127#0,16.8328125,10.8054435483871
24212,24213,175761127#1,13.615,3.2057471264367816
24214,24215,175761127#11,6.384,0.6057142857142859
24216,24217,175761127#12,13.461,1.9057142857142875
24218,24219,175761127#13,17.871,19.897551020408162
24220,24221,175761127#2,13.851923076923077,2.401538461538462
24222,24223,175761127#3,3.1043478260869564,0.22529644268774715
24224,24225,175761127#4,4.295454545454546,0.37229437229437246
24226,24227,175761127#5,4.24375,1.6068840579710142
24228,24229,175761127#6,6.066666666666666,0.9444444444444442
24230,24231,175761127#7,6.183333333333334,1.1111111111111103
24232,24233,175761127#9,5.5125,0.7857142857142861
24234,24235,175761129#0,11.740909090909092,59.163636363636364
24236,24237,175761129#1,2.775,0.2472527472527472
24238,24239,175761129#2,17.625,2.7967032967032988
24240,24241,175761129#3,66.0051724137931,3966.480295566503
24242,24243,175761129#4,27.615000000000002,3292.3263157894735
24244,24245,175761129#6,9.450000000000001,0.6250000000000004
24248,24249,175761134#1,6.300000000000001,0.0
24250,24251,175761134#2,11.55,2.0
24252,24253,175761134#3,7.875,0.5
24266,24267,175761137,14.700000000000001,0.6666666666666666
24268,24269,175761138#0,2.8,0.33333333333333337
24270,24271,175761138#1,3.6750000000000003,0.5
24280,24281,175761139#0,2.1,0.0
24282,24283,175761139#1,4.2,0.0
24284,24285,175761142#0,1.05,0.0
24286,24287,175761142#1,3.1500000000000004,0.0
24288,24289,175761142#2,13.65,1.0
24290,24291,175761142#3,10.762500000000001,191.58333333333334
24296,24297,175770991,16.275000000000002,0.5
24304,24305,176023661,171.675,180.5
24312,24313,176364758,6.300000000000001,0.0
24318,24319,176364761,15.75,0.0
24326,24327,176364764#2,4.2,0.0
24336,24337,176550249#0,7.3500000000000005,0.7187500000000001
24338,24339,176550249#1,2.4350194552529185,0.23373662451361868
24340,24341,176550249#2,15.395882352941177,11.539354639493585
24342,24343,176550249#3,2.2804687500000003,13.162500000000001
24344,24345,176550249#4,11.230078125,1.6322916666666663
24346,24347,176550249#5,18.941176470588236,17.50239308321755
24348,24349,176550249#6,37.882031250000004,261.2801470588237
24358,24359,179330003,2.1,2.0
24360,24361,179332240,4.2,0.4999999999999999
24362,24363,179332241,4.3500000000000005,0.14285714285714288
24364,24365,179332242,4.603846153846154,0.25641025641025644
24366,24367,179332243,3.1500000000000004,0.0
24368,24369,181221346,2.1,0.0
24372,24373,181221350#1,2.1,2.0
24374,24375,181223451#0,42.35,11.06666666666667
24376,24377,181223451#1,58.62500000000001,12.566666666666666
24378,24379,182424335,13.387500000000001,1.5833333333333337
24380,24381,182753513#0,3.9827586206896552,0.38423645320197036
24382,24383,182753513#1,3.2375000000000003,0.08333333333333331
24386,24387,182753515#0,21.525000000000002,293.2
24388,24389,182929773,7.3500000000000005,0.0
24390,24391,183036524#1,16.8,0.0
24392,24393,183036524#2,4.2,2.0
24394,24395,183036526#0,3.7500000000000004,0.2857142857142857
24396,24397,183036526#0.13,2.205,1.4333333333333333
24398,24399,18333332#0,1.758139534883721,0.22480620155038752
24406,24407,18809238#0,3.4695652173913043,0.3053140096618358
24408,24409,18809672#1,14.700000000000001,213.59999999999997
24410,24411,18809672#2,6.825,0.5333333333333333
24412,24413,18809672#3,1.9031250000000002,0.16249999999999998
24414,24415,18809672#5,4.2,0.6
24416,24417,18809672#7,10.5,1.5
24418,24419,18809672#8,8.166666666666666,8.444444444444445
24420,24421,18809673#1,28.189189189189193,6.276330876330873
24422,24423,18809673#10,3.0462962962962963,0.2901234567901234
24424,24425,18809673#11,1.114814814814815,0.083641975308642
24426,24427,18809673#12,1.1407407407407408,0.10493827160493825
24428,24429,18809673#13,5.998125000000001,0.5365506329113919
24430,24431,18809673#14,2.9020833333333336,0.26741001564945244
24432,24433,18809673#15,17.775,3.6614906832298137
24434,24435,18809673#16,2.4450000000000003,0.2238095238095238
24436,24437,18809673#3,6.583783783783784,0.9262899262899267
24438,24439,18809673#4,3.513084112149533,0.30382648562863684
24440,24441,18809673#5,2.325700934579439,0.4533591959090107
24442,24443,18809673#6,1.3629807692307694,0.25009335324869303
24444,24445,18809673#7,3.7875,0.33777969018932863
24446,24447,18809673#8,2.2,0.2558806655192197
24448,24449,18809673#9,2.7831325301204823,0.2544813399941226
24450,24451,18813598#1,7.573404255319149,2.663921299473804
24452,24453,18813598#2,7.595744680851064,0.9123770304278195
24454,24455,18813598#3,2.524468085106383,0.3079386867993594
24456,24457,18813598#4,2.8484042553191493,0.29295355753832075
24458,24459,18813598#5,2.390425531914894,0.2667581789064287
24460,24461,18813598#6,5.328191489361703,5.2954701441317775
24462,24463,18813598#7,12.110795454545455,1.9528474399164049
24464,24465,18813598#8,16.0125,3.8218390804597715
24466,24467,18813598#9,15.33,102.17037037037038
24468,24469,188625811,7.3500000000000005,0.0
24470,24471,188625812#0,6.300000000000001,0.0
24472,24473,188625813#0,1.35,0.23809523809523805
24474,24475,188625813#1,12.600000000000001,0.0
24476,24477,188627193#0,3.1500000000000004,0.0
24482,24483,188722978#0,29.400000000000002,0.0
24484,24485,188722978#1,24.150000000000002,32.0
24486,24487,188722978#2,57.75,0.0
24498,24499,188740078#0,3.85,1.3333333333333333
24504,24505,188740081#0,8.4,0.0
24512,24513,18909061#1,9.039655172413793,21.310612135792567
24514,24515,18909063#1,4.6375,2.253623188405797
24516,24517,18909063#2,6.300000000000001,83.1304347826087
24518,24519,189226234,7.3500000000000005,0.0
24522,24523,189226235#1,3.1500000000000004,0.0
24524,24525,189226235#2,5.25,0.0
24528,24529,189581966#1,10.5,0.0
24530,24531,190281933,3.0900000000000003,0.605383022774327
24532,24533,190281935#1,13.24,2.144139194139194
24534,24535,190281937#1,3.119565217391304,0.38150042625745967
24536,24537,190641749,4.55,0.23529411764705876
24540,24541,192768905,5.775,0.5
24542,24543,192768907#0,4.94375,2.4764492753623193
24544,24545,192768907#1,1.70625,0.24456521739130427
24546,24547,192768909#1,4.85625,0.5535714285714286
24548,24549,192768914,13.421287128712871,1.2920792079207921
24550,24551,192768918#1,11.025,0.5
24552,24553,192768918#2,14.4375,0.9166666666666666
24554,24555,192768918#3,4.9,0.33333333333333326
24556,24557,192768918#4,9.1,0.3333333333333335
24558,24559,192768918#5,3.1500000000000004,0.0
24560,24561,192768919#1,4.24375,4.128623188405797
24562,24563,192768919#2,3.5875,0.4275362318840582
24564,24565,192768919#3,2.975,0.2318840579710146
24566,24567,192768919#4,1.05,0.0
24568,24569,192768919#5,3.22,0.0666666666666667
24570,24571,192768919#6,3.3115384615384618,0.14102564102564105
24572,24573,192768919#7,5.896153846153846,35.256410256410255
24574,24575,192768919#8,6.0576923076923075,44.192307692307686
24582,24583,192768925,5.25,0.0
24584,24585,192768926,9.73,1.9238095238095239
24598,24599,192768978,30.402272727272727,7.569264069264064
24600,24601,192768995#1,6.405,0.5444444444444445
24602,24603,192769003#0,1.2833333333333334,0.17948717948717943
24604,24605,192769003#1,9.566666666666666,0.7948717948717948
24606,24607,192769003#2,5.970000000000001,0.8100840336134455
24608,24609,192769008,4.014705882352941,0.27941176470588236
24612,24613,192769015,3.7961538461538464,0.2564102564102564
24616,24617,192771013,74.25,60.90476190476192
24618,24619,192771014#0,4.2,0.0
24620,24621,192771014#1,6.300000000000001,0.0
24634,24635,192994892,10.5,0.0
24638,24639,192994895,9.82058823529412,0.7426470588235293
24642,24643,192994898,22.05,4.0
24644,24645,192994900,23.1,0.0
24646,24647,192994902#0,2.3817073170731704,0.201219512195122
24648,24649,192994902#1,5.25,0.21428571428571425
24650,24651,192994902#2,7.060344827586207,0.2783251231527095
24660,24661,192994907#0,0.3868421052631579,0.2389758179231863
24662,24663,192994907#1,7.985526315789475,0.8399715504978663
24672,24673,192994908#1,9.450000000000001,1.0
24678,24679,193382571,1.05,0.0
24680,24681,193382573#0,11.55,0.0
24682,24683,193382573#1,4.9,1.0666666666666667
24684,24685,193384412#0,24.36,0.7000000000000002
24686,24687,193384412#1,14.175,4.5
24688,24689,193384415,18.375,0.5
24690,24691,193384418,34.65,17.666666666666657
24692,24693,193385060#0,17.85,4.0
24694,24695,193385060#2,13.3,4.333333333333332
24696,24697,193386905,2.8875,6.407894736842106
24710,24711,193806654,30.24422110552764,9.289680726866655
24712,24713,193806655#0,39.56842105263158,36.78362573099415
24714,24715,193806655#1,10.2375,5.357142857142857
24716,24717,193806656#0,44.1,0.0
24718,24719,193838916,13.65,3.0
24720,24721,193838917#0,3.1500000000000004,0.0
24724,24725,193838918#0,2.45,0.33333333333333326
24728,24729,193838918#2,2.45,0.33333333333333337
24730,24731,194116091,12.600000000000001,0.0
24732,24733,194116093,1.05,0.0
24736,24737,194116099,7.3500000000000005,0.0
24742,24743,194116105,8.925,0.5
24752,24753,194116116,8.4,0.0
24760,24761,194116124#0,3.1500000000000004,0.0
24766,24767,194116124#3,1.05,0.0
24768,24769,194116124#4,1.05,0.0
24770,24771,194116141#1,3.5000000000000004,0.33333333333333337
24772,24773,194119645,2.625,0.5
24774,24775,194119647,6.0375000000000005,0.9166666666666666
24778,24779,194119651,2.1,0.0
24780,24781,194119652,71.1,5027.571428571428
24782,24783,194119654#0,3.6750000000000003,4.5
24784,24785,194119654#1,5.775,0.5
24786,24787,194119654#2,18.50625,9.982142857142856
24790,24791,194134001#0,9.450000000000001,0.0
24792,24793,194134001#2,2.1,3.0
24794,24795,194134004#0,9.31875,2.410714285714286
24796,24797,194134004#1,9.1,4.2666666666666675
24798,24799,194377108#0,4.241584158415842,0.31841584158415825
24800,24801,194377108#0.54,16.321782178217823,36.930495049504955
24804,24805,195073412#1,6.300000000000001,0.4444444444444444
24806,24807,195073413,7.665,0.4555555555555556
24808,24809,195073415,17.783684210526314,3.143884358784291
24810,24811,195073416,11.960869565217394,0.612648221343873
24812,24813,195073418#0,3.1500000000000004,0.18181818181818207
24814,24815,195073418#1,7.050000000000001,0.41428571428571426
24816,24817,195073423,10.013181818181819,92.80141784820681
24824,24825,195966645#3,5.25,0.0
24826,24827,195966645#4,8.4,4.0
24834,24835,195966647#0,9.450000000000001,0.0
24842,24843,195966648#1,1.05,0.0
24844,24845,195966648#2,2.1,1.3333333333333333
24846,24847,195966649#0,15.15,3.285714285714286
24848,24849,195966649#1,12.450000000000001,8.142857142857142
24850,24851,195966649#2,19.133333333333333,9.944444444444445
24852,24853,195977239,14.700000000000001,0.0
24858,24859,196172701,32.550000000000004,8.0
24860,24861,196172702#0,41.300000000000004,2139.5238095238087
24862,24863,196172703,5.25,0.0
24864,24865,196172704#1,10.679268292682927,146.2951219512195
24866,24867,196176498#1,11.55,0.0
24868,24869,196873454,1.5750000000000002,0.3333333333333333
24870,24871,198836594,9.450000000000001,1.0
24878,24879,198836601,33.6,2029.0
24880,24881,198836602,6.300000000000001,0.0
24882,24883,198836603,74.45454545454545,11135.090909090908
24884,24885,198836604,163.275,29817.666666666668
24886,24887,198836605,7.3500000000000005,0.0
24888,24889,198836606,3.2375000000000003,1.7196969696969697
24890,24891,198836608,146.1,46728.14285714285
24892,24893,198836609#1,22.680000000000003,1141.3
24894,24895,198836610#1,11.55,0.0
24896,24897,198836611#0,3.1500000000000004,0.0
24898,24899,198836611#1,202.65,0.0
24900,24901,198836613#0,12.600000000000001,0.0
24902,24903,198836613#1,19.425,4.5
24904,24905,198836614#1,4.9350000000000005,0.23333333333333328
24906,24907,198836614#2,3.7333333333333334,0.2777777777777777
24908,24909,198836614#3,152.11875,16716.125
24910,24911,198836615#1,2.8,0.33333333333333326
24916,24917,199227645#0,3.85,1.0666666666666669
24918,24919,199227645#1,4.9,0.3333333333333335
24920,24921,199227645#2,1.8375000000000001,0.25
24922,24923,199797244,2.625,0.5
24924,24925,199797251#0,9.450000000000001,0.0
24926,24927,199797251#1,2.1,0.0
24944,24945,200741048,5.786907216494845,132.0850984067478
24946,24947,200741145#0,2.1,0.0
24948,24949,200741145#2,8.925,93.10000000000001
24950,24951,200741145#3,3.1500000000000004,1.0
24952,24953,200741145#4,1.5750000000000002,1.0
24960,24961,200741145#8,3.1500000000000004,0.0
24962,24963,200741145#9,34.65,0.0
24964,24965,200741155,4.553365384615385,0.3031179985063481
24966,24967,200741156,15.225000000000001,94.57142857142857
24968,24969,200741157,6.300000000000001,0.0
24972,24973,200741161,4.8125,4.083333333333333
24974,24975,200741163,3.4125,2.25
24976,24977,200741168#0,4.9,0.3333333333333335
24978,24979,200741168#1,5.775,0.5
24980,24981,200741170#0,10.5,0.0
24982,24983,200741170#1,6.300000000000001,0.0
24984,24985,200741172,8.4,0.0
24988,24989,200741177#0,5.25,0.0
24990,24991,200741177#1,3.1500000000000004,0.0
24994,24995,200741178,6.825,4.5
24996,24997,200741179#0,8.4,0.0
24998,24999,200741179#1,2.1,0.0
25002,25003,200741181,44.1,8.0
25004,25005,200741183#1,2.8,0.2666666666666666
25006,25007,200741183#2,3.4125,0.25
25008,25009,200741183#3,5.25,0.0
25010,25011,200741183#4,4.2,0.0
25012,25013,200741183#5,7.3500000000000005,7.0
25014,25015,200741188,11.2,196.23529411764704
25016,25017,200742227#0,15.75,0.0
25018,25019,200742227#1,4.2,0.0
25020,25021,200742227#10,4.55,0.3333333333333335
25022,25023,200742227#11,0.35,0.33333333333333337
25024,25025,200742227#12,3.6750000000000003,0.5
25026,25027,200742227#13,4.2,0.0
25028,25029,200742227#14,4.7250000000000005,0.5
25030,25031,200742227#15,7.74375,0.26785714285714285
25032,25033,200742227#16,2.625,0.2857142857142857
25034,25035,200742227#17,0.7875000000000001,0.21428571428571427
25036,25037,200742227#18,1.70625,0.2678571428571429
25038,25039,200742227#2,4.2,0.0
25040,25041,200742227#28,15.4,1.333333333333334
25042,25043,200742227#29,2.8,0.33333333333333337
25044,25045,200742227#3,2.625,0.5
25050,25051,200742227#32,28.35,0.0
25052,25053,200742227#4,7.3500000000000005,2.0
25054,25055,200742227#5,2.8,1.3333333333333333
25056,25057,200742227#6,6.720000000000001,1.3000000000000003
25058,25059,200742227#7,4.55,0.3333333333333335
25060,25061,200742227#8,10.850000000000001,0.3333333333333335
25062,25063,200742227#9,3.5000000000000004,0.33333333333333337
25066,25067,200743816#1,2.625,0.5
25078,25079,200743816#7,12.600000000000001,0.0
25080,25081,200743817#0,3.1500000000000004,0.0
25082,25083,200743817#1,4.2,0.0
25084,25085,200743817#2,3.1500000000000004,0.0
25086,25087,200743817#3,4.2,0.0
25098,25099,200743818#0,11.13,1.3
25100,25101,200743818#1,3.3600000000000003,0.19999999999999996
25102,25103,200743818#2,3.3600000000000003,0.19999999999999996
25104,25105,200743818#3,3.85,0.33333333333333337
25106,25107,200743818#4,14.000000000000002,0.33333333333333304
25108,25109,200743818#5,2.1,0.0
25110,25111,200743818#6,2.45,0.33333333333333326
25112,25113,200743818#7,3.1500000000000004,0.0
25114,25115,200743818#8,2.52,0.3
25116,25117,200743818#9,3.7800000000000002,0.29999999999999993
25118,25119,200743819,5.775,0.5
25120,25121,200743820,5.25,0.0
25124,25125,200743822,4.2,0.0
25128,25129,200743824,14.700000000000001,0.0
25134,25135,200743827,24.150000000000002,0.0
25136,25137,200743828,7.3500000000000005,0.0
25142,25143,200743832,11.9,0.3333333333333335
25154,25155,200743838,16.8,4.0
25160,25161,200743840,21.0,0.0
25164,25165,200743841#1,3.1500000000000004,0.0
25166,25167,200743841#2,2.1,2.0
25168,25169,200743843#0,1.4,0.33333333333333337
25170,25171,200743843#1,3.6750000000000003,0.5
25172,25173,200743843#2,36.75,0.0
25174,25175,200743844#0,4.677272727272727,0.2727272727272727
25176,25177,200743844#1,32.2,10.499999999999998
25178,25179,200908887,9.068181818181818,1.8614718614718608
25180,25181,200908888#1,23.70576923076923,315.61384615384617
25188,25189,200908907,7.3500000000000005,0.0
25194,25195,200908911,14.700000000000001,0.0
25196,25197,200908916#0,1.5750000000000002,0.30000000000000004
25198,25199,200908916#1,1.2,0.14285714285714288
25200,25201,200908916#2,9.1,1.333333333333333
25202,25203,200908916#3,3.1500000000000004,0.0
25204,25205,200908916#4,1.05,0.0
25206,25207,200908917,25.200000000000003,0.0
25208,25209,200912350#0,6.300000000000001,27.0
25210,25211,200927707,1.05,0.0
25212,25213,200949176#0,6.289952153110048,22.201347056326227
25220,25221,200949408#1,2.1,0.0
25222,25223,200949414#1,12.8625,10.25
25226,25227,200949419,15.75,6.666666666666667
25228,25229,200949421#0,2.625,0.3
25230,25231,200949421#1,6.7666666666666675,1.0277777777777775
25238,25239,200949433,5.25,0.0
25240,25241,200978113#1,4.779310344827587,20.8832425892317
25242,25243,201078447#0,12.900000000000002,4.238095238095238
25244,25245,201078447#2,9.1,1.8666666666666671
25246,25247,201078448#0,5.95,0.3333333333333335
25248,25249,201078448#1,3.85,0.33333333333333326
25250,25251,201078448#2,3.4125,0.9166666666666666
25252,25253,201078448#3,138.8625,21170.916666666668
25254,25255,201089420#0,3.1288306451612904,0.22226394149144585
25256,25257,201089420#1,4.907056451612904,15.200584432545387
25258,25259,201089423#1,12.630582524271846,803.4403198172473
25260,25261,201089423#2,6.1470873786407765,29.400152293927285
25262,25263,201143839,2.1,0.0
25264,25265,201143840,2.1,0.0
25268,25269,201151937#1,23.1,8.0
25270,25271,201201935#1,5.0590909090909095,1.5636363636363637
25272,25273,201201935#2,3.6272727272727274,0.2727272727272726
25274,25275,201201935#3,2.5772727272727276,0.2727272727272727
25276,25277,201201935#4,4.2,0.2
25278,25279,201201935#5,2.481818181818182,0.25454545454545446
25280,25281,201201935#6,6.681818181818182,0.25454545454545446
25282,25283,201201935#7,7.063636363636364,0.41818181818181815
25284,25285,201201936#0,1.5604166666666668,0.25332550860719877
25286,25287,201201936#10,3.22,0.14414414414414414
25288,25289,201201936#11,4.269078947368421,0.4356140350877189
25290,25291,201201936#12,3.2328947368421055,0.20701754385964907
25292,25293,201201936#2,4.2,0.056338028169014086
25294,25295,201201936#3,3.7625,0.30281690140845063
25296,25297,201201936#4,3.1356164383561644,0.2636986301369864
25298,25299,201201936#5,2.7472602739726026,0.23972602739726032
25300,25301,201201936#6,0.7191780821917808,0.21879756468797573
25302,25303,201201936#7,3.3513698630136988,0.2404870624048707
25304,25305,201201936#8,3.1356164383561644,0.26369863013698636
25306,25307,201201936#9,3.2760000000000002,0.29621621621621624
25308,25309,201201938#0,5.957142857142857,2.0994897959183674
25310,25311,201201938#1,5.55,0.7083333333333335
25312,25313,201201938#3,1.436842105263158,0.2368421052631579
25314,25315,201201938#4,4.605263157894737,0.41979949874686706
25316,25317,201201939#1,3.1692660550458718,0.33299354400271824
25318,25319,201201940#0,12.794021739130436,1.8006450071667472
25320,25321,201201940#3,12.329381443298969,4.651632302405498
25322,25323,201201945#1,17.16469465648855,20.756295516363956
25324,25325,201201945#10,1.3260956175298806,0.2025816733067729
25326,25327,201201945#11,10.3375,1.9161923733636879
25328,25329,201201945#2,0.9698473282442749,5.480740545757651
25330,25331,201201945#3,11.387209302325582,10.2015503875969
25332,25333,201201945#4,3.0208333333333335,0.2597072029342946
25334,25335,201201945#5,3.4000000000000004,0.476949345475242
25336,25337,201201945#7,6.4302,1.2656867469879507
25338,25339,201201945#8,8.007831325301204,15.799455888068389
25340,25341,201201945#9,1.45996015936255,0.526948207171315
25342,25343,201201947,2.675,0.3025551684088269
25344,25345,201201948,2.503846153846154,0.42307692307692285
25346,25347,201201949#0,0.7325581395348838,0.21594684385382057
25348,25349,201201949#1,2.71046511627907,0.2491694352159469
25350,25351,201201950#1,11.010416666666666,6.1557954193748055
25352,25353,201201950#2,11.758264462809917,57.60143372448748
25354,25355,201201950#3,1.9756198347107439,0.5688020333926914
25356,25357,201201950#4,17.01404958677686,462.33401823356644
25358,25359,201201950#5,9.522115384615386,190.98976023976027
25360,25361,201201953#1,10.57777777777778,2.9944903581267206
25362,25363,201201953#10,9.462701612903226,1.5018773671150576
25364,25365,201201953#11,13.314705882352941,2.3111016558522133
25366,25367,201201953#12,19.918855932203392,219.98635052289953
25368,25369,201201953#2,15.554752066115702,7.006772744418914
25370,25371,201201953#4,4.050609756097561,0.17967479674796744
25372,25373,201201953#5,2.89390243902439,0.3239422598307618
25374,25375,201201953#6,7.128048780487806,0.6898291023726563
25376,25377,201201953#7,7.951829268292683,0.8823792931806862
25378,25379,201201953#8,6.325403225806452,29.861760480605962
25380,25381,201202386#0,3.7500000000000004,0.4175824175824174
25382,25383,201202386#1,8.025,1.0164835164835166
25384,25385,201234440,2.1,0.0
25386,25387,201238718#0,50.85818181818182,1461.5986716479865
25388,25389,201238718#1,16.677801724137932,496.09462233169114
25390,25391,201238718#1.33,28.390732758620693,693.812341394238
25392,25393,201238719#1,23.054907975460125,77.41172460804366
25394,25395,201238724#0,18.375,2.000000000000001
25396,25397,201238724#1,77.7,2142.6666666666665
25398,25399,201238725#1,14.298876404494383,8.034218590398364
25400,25401,201238725#2,4.05,0.3238095238095237
25402,25403,201238725#3,7.753846153846155,1.1710231516056766
25404,25405,201238725#4,1.324766355140187,0.21389525656850647
25406,25407,201238725#5,7.2028037383177566,1.0839358137894552
25408,25409,201238726#0,24.365887850467292,850.0327984482459
25410,25411,201238726#1,53.886,1283.2516129032263
25412,25413,201238730,7.133463035019456,3.570586089494164
25416,25417,201243226#1,3.7500000000000004,1.1877001921844978
25418,25419,201243226#2,6.624887892376682,0.7101361451137231
25420,25421,201243230#1,5.669270833333333,1.230243418505613
25422,25423,201278209#0,2.625,0.3725490196078434
25424,25425,201278209#2,5.483333333333333,0.4444444444444443
25426,25427,201278210#0,4.295454545454546,0.5031712473572939
25428,25429,201278210#1,5.317021276595745,0.7132284921369102
25430,25431,201278210#10,53.63467741935484,6420.432467873067
25432,25433,201278210#2,8.571428571428571,0.7227891156462585
25434,25435,201278210#3,4.3500000000000005,0.8750000000000001
25436,25437,201278210#4,6.6039473684210535,0.9679943100995733
25438,25439,201278210#5,17.186842105263157,2.022759601706971
25440,25441,201278210#6,6.300000000000001,0.5599999999999999
25442,25443,201278210#7,98.37058823529412,22972.499607843136
25444,25445,201278210#8,36.45975609756098,5189.414767426361
25446,25447,201278210#9,11.253629032258065,1335.960333071072
25448,25449,201278214#0,31.823076923076922,1017.4215384615386
25450,25451,201278218#0,35.09808917197452,3677.4513310468724
25452,25453,201278218#0.62,130.5045,6427.298888888885
25454,25455,201286890#0,22.05,3.0000000000000004
25456,25457,201286890#1,3.7800000000000002,0.8
25458,25459,201286890#10,10.850000000000001,1.1515151515151516
25460,25461,201286890#11,5.1625000000000005,4.265151515151515
25462,25463,201286890#12,3.7625,20.265151515151516
25464,25465,201286890#3,15.45,1.2380952380952384
25466,25467,201286890#4,12.15,1.9523809523809526
25468,25469,201286890#5,18.450000000000003,2.9523809523809526
25470,25471,201286890#6,10.8,0.5714285714285715
25472,25473,201286890#7,14.25,2.285714285714286
25474,25475,201286890#8,8.4,0.8571428571428571
25476,25477,201286890#9,11.931818181818182,0.6545454545454554
25478,25479,201286892#0,1.5750000000000002,0.2727272727272727
25480,25481,201286892#1,16.073076923076925,6.564102564102563
25482,25483,201400751#0,25.346511627906978,7.533242134062928
25484,25485,201400755#0,2.428125,0.41532258064516137
25486,25487,201400755#1,2.5921875,1.224798387096774
25488,25489,201400755#2,2.0671875,0.22479838709677427
25490,25491,201400763#0,10.709999999999999,1.6999999999999997
25492,25493,201400763#1,4.4625,2.25
25494,25495,201400763#2,1.8375000000000001,0.25
25496,25497,201400763#3,9.450000000000001,1.9999999999999998
25498,25499,201400763#4,5.775,0.5
25500,25501,201414945#0,2.3282608695652174,0.26877470355731226
25502,25503,201414945#1,4.656521739130435,0.43873517786561256
25504,25505,201414945#2,5.5,0.1904761904761904
25506,25507,201444272#0,3.1710000000000003,0.7546938775510204
25508,25509,201444272#1,5.301219512195122,0.7975609756097559
25510,25511,201444272#2,29.3625,5065.072751322751
25512,25513,201444272#3,770.4375,20524.250000000004
25514,25515,201775635,21.0,18.0
25516,25517,201775636,15.120000000000001,7.800000000000001
25520,25521,201775638#1,3.6750000000000003,0.28571428571428564
25524,25525,201775639#1,5.25,0.0
25530,25531,201775641#0,6.825,0.5
25532,25533,201775641#1,7.875,12.5
25534,25535,201775642#1,8.4,0.6666666666666666
25538,25539,201775644#1,20.1,7.14285714285714
25540,25541,201775645#1,2.1,0.0
25544,25545,201777415#0,3.3532258064516127,0.1612903225806451
25546,25547,201777415#1,5.833333333333333,0.2777777777777777
25548,25549,201777415#2,3.181818181818182,0.09280303030303029
25550,25551,201777415#3,1.185483870967742,0.11612903225806452
25552,25553,201789794#1,3.855555555555556,1.2661080936943
25554,25555,201789794#2,3.736436170212766,13.825900709219857
25556,25557,201789794#3,4.521143617021277,1.1568723404255334
25558,25559,201789795#0,6.662068965517242,38.5807622504537
25560,25561,201789796,61.03815789473684,2424.0267815556595
25562,25563,201789797#0,15.858620689655174,43.16748768472906
25564,25565,201789797#1,10.572413793103449,0.9950738916256157
25566,25567,201789798#0,4.775125628140704,111.04695193137404
25568,25569,201789798#1,5.440909090909091,50.6063682510383
25570,25571,201789799#0,2.9904411764705885,0.3166956437747513
25572,25573,201789799#1,7.653676470588236,109.97998164783161
25574,25575,201789799#2,10.077889447236181,260.94868280797925
25576,25577,201828014#0,0.9666666666666667,0.1710189452124936
25578,25579,201828014#1,1.439516129032258,0.2371760973030144
25580,25581,201828014#2,5.09758064516129,0.6179270227392913
25582,25583,201828014#3,8.467741935483872,1.0121628767847703
25584,25585,201828014#4,5.283870967741936,1.6054997355896354
25586,25587,201880159#0,25.871052631578948,1487.5505809979488
25588,25589,201880159#1,27.57735849056604,1931.624797843666
25590,25591,201880159#2,6.194036697247707,358.6100917431191
25592,25593,201880159#3,55.07638888888889,2336.7548459674626
25594,25595,201894096#0,2.3386363636363634,0.18398268398268397
25596,25597,201894096#1,3.4363636363636365,0.39826839826839816
25598,25599,201894096#2,1.4608695652173913,0.7035573122529644
25600,25601,201894096#3,2.1954545454545453,0.27705627705627706
25602,25603,201894096#4,7.9625,2.6014492753623184
25604,25605,201894096#5,3.3687500000000004,0.519927536231884
25606,25607,201894096#7,11.025,1.3095238095238084
25608,25609,201894096#8,12.25,1.4333333333333333
25610,25611,201894099,12.25,1.333333333333333
25618,25619,201894102,2.45,0.33333333333333337
25620,25621,201926265#0,17.71,10.409523809523806
25622,25623,201926265#1,3.081521739130435,0.23745819397993304
25624,25625,201926265#2,9.74013157894737,19.221157197629836
25626,25627,201926265#4,8.127777777777778,1.1994301994301992
25628,25629,201926265#5,7.69396551724138,0.9960677555958865
25630,25631,201926265#6,1.455263157894737,0.27694235588972427
25632,25633,201926267#1,9.19390243902439,1.400269340116714
25634,25635,201926267#3,1.933536585365854,0.15876103546311532
25636,25637,201926268#1,17.915625000000002,676.2112341772148
25638,25639,201926269#0,2.8,20.028169014084504
25640,25641,201926269#2,48.08125,901.7165492957746
25644,25645,201931240,8.925,0.5
25646,25647,201931241#0,26.950000000000003,5.333333333333332
25648,25649,201931241#1,1.05,0.0
25652,25653,201931241#3,14.700000000000001,0.0
25654,25655,201933877#0,3.1500000000000004,0.9230769230769231
25656,25657,201933877#1,4.41,0.45882352941176474
25658,25659,201933877#2,4.381034482758621,0.647783251231527
25660,25661,201933877#3,1.9125,0.30026455026455023
25662,25663,201933878#0,3.397058823529412,1.0661764705882353
25664,25665,201933878#1,2.5323529411764705,0.2573529411764704
25666,25667,201933878#2,19.425,2.9999999999999996
25670,25671,201933879#0,8.4525,1.1026315789473684
25672,25673,201933879#1,10.05,0.5571428571428572
25674,25675,201933879#2,13.695652173913043,2.5889328063241117
25676,25677,201933879#3,4.656521739130435,0.8023715415019761
25678,25679,201933879#4,6.421153846153846,0.5061538461538462
25680,25681,201933879#5,7.466666666666667,7.256410256410256
25682,25683,201933879#6,4.13,1.6505747126436783
25684,25685,201933880#0,6.91764705882353,0.6323529411764707
25686,25687,201933880#1,4.83,0.4
25688,25689,201933880#2,6.09,2.1714285714285717
25690,25691,201933880#3,21.525000000000002,4.7222222222222205
25692,25693,201933881#0,13.51875,1.9833333333333323
25694,25695,201933881#1,4.528125,0.3625
25696,25697,201933881#2,7.95,1.9523809523809532
25698,25699,201933881#4,9.15,1.904761904761905
25700,25701,201933881#5,2.1,0.0
25702,25703,201933881#6,7.425,1.4560439560439562
25704,25705,201933881#7,5.075,0.8787878787878788
25706,25707,201950247#0,7.0875,0.24999999999999992
25708,25709,201950247#1,11.55,2.0000000000000004
25710,25711,201950247#3,5.775,0.3333333333333335
25712,25713,201950247#4,7.3500000000000005,1.0
25714,25715,201950247#5,6.300000000000001,1.0
25716,25717,201950247#6,3.85,0.33333333333333337
25718,25719,201950247#7,10.5,1.333333333333334
25720,25721,201950247#9,52.325,3400.966666666667
25722,25723,201950250#0,5.25,0.0
25724,25725,201950250#1,11.8125,0.9166666666666665
25726,25727,201950250#2,13.125,0.5
25728,25729,201950259#0,8.4,0.0
25730,25731,201950259#2,3.6750000000000003,0.5
25732,25733,201950259#3,10.5,0.0
25734,25735,201950259#5,7.3500000000000005,0.0
25736,25737,201950259#6,8.4,0.0
25738,25739,201950263#0,1.883823529411765,0.2853380158033362
25740,25741,201950263#1,1.4360294117647059,0.23595258999122048
25742,25743,201950263#10,4.377966101694916,0.4535359438924608
25744,25745,201950263#11,4.868181818181819,0.7171717171717175
25746,25747,201950263#12,2.061818181818182,0.22087542087542097
25748,25749,201950263#13,3.7016949152542376,0.598480420806546
25750,25751,201950263#14,13.311864406779662,29.360023378141424
25752,25753,201950263#2,3.9967741935483874,0.6504494976203068
25754,25755,201950263#3,2.390769230769231,0.2346153846153845
25756,25757,201950263#4,2.7368852459016395,0.4092896174863388
25758,25759,201950263#5,2.421774193548387,0.2815970386039133
25760,25761,201950263#6,2.354032258064516,0.31755684822845043
25762,25763,201950263#7,2.7943548387096775,0.3915917503966155
25764,25765,201950263#9,2.2779661016949153,0.48801870251315027
25766,25767,201953160#0,9.225000000000001,1.1043956043956042
25768,25769,201953160#1,25.275000000000002,3899.7637362637365
25770,25771,201953160#3,54.6,10345.333333333334
25772,25773,201953161#0,3.8381355932203394,0.45441705187467907
25774,25775,201953161#2,5.688983050847458,0.47194401643554174
25776,25777,201953161#4,4.122881355932203,0.3411658962506419
25778,25779,201953161#5,3.964044943820225,0.3107979432489051
25780,25781,201953161#7,10.28296089385475,1.0974828949846216
25782,25783,201953161#8,2.340502793296089,0.18881426150273056
25784,25785,201953163#0,9.925690607734806,1.0825046040515645
25786,25787,201953163#2,8.076923076923077,0.7887802804929875
25788,25789,201953163#3,5.848255813953489,0.46878824969400246
25790,25791,201953163#4,1.4406976744186046,0.23500611995104032
25792,25793,201956811#1,16.62794117647059,326.9730347835338
25802,25803,201956816#0,3.699418604651163,0.34448524411804704
25804,25805,201956816#1,0.7691860465116279,0.24384604923160627
25806,25807,201956816#2,4.361538461538462,0.36904761904761896
25808,25809,201956816#3,6.967058823529412,0.5999303863557258
25810,25811,201956816#4,2.1679411764705887,0.17922032718412806
25812,25813,201956816#5,6.460588235294118,0.49718064740689194
25814,25815,201956816#6,4.291040462427746,0.31220594165882504
25816,25817,201956817,32.635714285714286,1434.211743400432
25818,25819,201956819#1,34.428947368421056,11511.864433811801
25820,25821,201956819#1.66,16.38157894736842,2178.7415128730922
25822,25823,201956820,15.421875,61.097465034965
25824,25825,201956821#1,15.639568965517242,223.0303704365433
25826,25827,201956821#1.76,23.7639175257732,453.7131027793055
25828,25829,201963522#0,6.300000000000001,0.6666666666666666
25830,25831,201963522#1,7.525,0.16666666666666674
25832,25833,201963522#2,7.525,0.9666666666666666
25834,25835,201963522#3,7.3500000000000005,0.4000000000000001
25836,25837,201963522#4,6.300000000000001,0.4
25838,25839,201963522#5,4.9,0.6666666666666664
25840,25841,201963522#6,3.5000000000000004,0.2666666666666666
25842,25843,201963522#7,3.1500000000000004,0.0
25844,25845,201963522#9,29.925,109.71428571428571
25846,25847,201963533#1,20.547156398104267,29.13215978334462
25848,25849,201963533#1.184,16.15568181818182,282.2016396845166
25850,25851,201963533#4,6.152045454545455,2.258592777085928
25852,25853,201963533#5,5.670000000000001,2.0219178082191767
25854,25855,201963533#6,1.390277777777778,0.22937123169681317
25856,25857,201963535,18.73846153846154,512.1428571428571
25858,25859,201963537#1,17.168270799347475,112.28364733604165
25860,25861,201963537#1.83,19.178745928338763,535.542786318156
25862,25863,202070427#0,36.258041958041964,7091.067664729637
25864,25865,202070427#0.19,34.67068965517242,7506.227332585469
25866,25867,202070427#1,17.959375,1164.0380244755243
25868,25869,202070427#2,7.754687500000001,14.03915794066317
25870,25871,202070427#3,10.71328125,81.6915085078534
25872,25873,202070429#0,1.7323607427055705,22.9568683334274
25874,25875,202070429#1,7.417021276595745,263.7452482269501
25876,25877,202070429#11,24.072443181818183,5.20820383320383
25878,25879,202070429#12,12.651219512195123,85.51935312831405
25880,25881,202070429#12.80,5.557317073170732,56.10975609756095
25882,25883,202070429#13,7.558240223463687,84.7812856986371
25884,25885,202070429#2,2.114,6.740463458110516
25886,25887,202070429#4,6.779594594594595,40.30300300300302
25888,25889,202070429#5,20.83512396694215,249.45870051595836
25890,25891,202070429#8,12.758823529411766,118.7411009347559
25892,25893,202070430,15.772281167108753,720.9303995710827
25894,25895,202070431,24.45983606557377,407.011475409836
25896,25897,202070434#0,32.3417004048583,9291.980810374907
25898,25899,202070434#1,5.879227941176471,559.5399256566094
25900,25901,202070434#2,16.953284671532845,3079.11414133312
25902,25903,202070434#2.42,2.023913043478261,44.452911725955204
25904,25905,202070435#1,4.363636363636363,3.370129870129871
25906,25907,202070435#10,2.625,0.25396825396825407
25908,25909,202070435#11,12.682031250000001,1.0890376984126977
25910,25911,202070435#12,10.699137931034484,1.1739261947973387
25912,25913,202070435#13,5.364130434782609,0.3657004830917877
25914,25915,202070435#14,9.70108695652174,0.8526570048309183
25916,25917,202070435#2,9.373913043478263,0.6858482523444165
25918,25919,202070435#3,1.3947761194029853,0.22388059701492538
25920,25921,202070435#4,11.422727272727274,1.0620046620046628
25922,25923,202070435#5,7.063636363636364,0.44755244755244755
25924,25925,202070435#6,1.55859375,0.253720238095238
25926,25927,202070435#7,0.7546875000000001,0.20535714285714285
25928,25929,202070435#8,5.971875,0.4087301587301588
25930,25931,202070435#9,3.5109375000000003,0.324404761904762
25932,25933,202071401#1,5.128421052631579,3.5290033594624868
25934,25935,202089409,8.665263157894739,0.9354983202687565
25940,25941,202092675,3.801388888888889,10.368553132571826
25942,25943,202092676#1,61.1116935483871,1123.219184369263
25946,25947,202167797#0,5.775,0.5
25952,25953,202167799#1,24.150000000000002,8.0
25954,25955,202167799#2,6.300000000000001,2.0
25956,25957,202167799#3,3.1500000000000004,0.0
25958,25959,202167978,6.028235294117647,0.646498599439776
25972,25973,20266187#0,9.240000000000002,1.2000000000000006
25974,25975,20266187#1,10.290000000000001,1.7000000000000002
25976,25977,20266187#2,40.425000000000004,24.5
25980,25981,20266189#0,10.057894736842107,2.1403508771929864
25982,25983,20266189#1,15.561538461538463,12.175158175158174
25984,25985,20266190#1,15.87824427480916,14.831121550205516
25986,25987,20266190#2,15.428731343283582,43.68763326226013
25990,25991,20266194#0,6.300000000000001,0.0
25992,25993,20266194#1,8.4,0.0
25994,25995,20266194#2,9.7125,0.9166666666666665
25996,25997,20266194#3,9.1,0.2666666666666666
25998,25999,20266194#4,8.225,0.5666666666666668
26000,26001,20266195#0,6.946153846153846,0.923076923076923
26002,26003,20266195#1,5.25,0.33333333333333326
26004,26005,20266195#2,3.9375,0.20454545454545447
26006,26007,20266195#3,2.275,0.3333333333333333
26008,26009,20266195#4,7.254545454545455,0.4909090909090911
26010,26011,20266196#0,12.075000000000001,0.5
26016,26017,202857378,3.8659090909090907,0.4177489177489177
26018,26019,202952227,3.6750000000000003,0.5
26024,26025,202952234#1,19.635,353.5666666666666
26032,26033,202952242#0,3.1500000000000004,0.0
26034,26035,202952242#1,15.75,9.0
26040,26041,202956898#1,11.55,50.0
26042,26043,202956898#2,18.55,1.333333333333334
26046,26047,203033961,6.825,1.1
26048,26049,203033962#1,22.05,0.0
26052,26053,203033966,6.510000000000001,0.6999999999999998
26056,26057,203033975,6.300000000000001,0.0
26072,26073,203127018,19.847058823529412,62.90118423607066
26074,26075,203127020#0,3.8097972972972975,4.550073210908425
26076,26077,203127020#1,4.939772727272727,10.099295920480445
26078,26079,203127020#2,25.073522727272728,300.71210913232557
26080,26081,203127020#3,32.22421875,941.543339525407
26082,26083,203127020#4,16.817872340425534,420.6948056072223
26084,26085,203127039,5.95,0.3333333333333335
26086,26087,203127050,15.575000000000001,622.5666666666667
26088,26089,203127052,4.2,0.0
26090,26091,203127053#0,3.6750000000000003,0.5
26092,26093,203127053#1,3.1500000000000004,0.0
26094,26095,203127053#2,7.5600000000000005,1.2
26096,26097,203127054,8.4,0.0
26098,26099,203127058,8.4,0.0
26100,26101,203132183,4.2,0.5555555555555555
26102,26103,203132184#0,3.528688524590164,0.6010928961748633
26104,26105,203132184#1,12.479508196721312,2.8032786885245913
26106,26107,203132184#2,10.58235294117647,3.360124247718889
26108,26109,203132184#3,13.829268292682926,40.095121951219525
26110,26111,203132184#4,7.121739130434783,10.17786561264822
26112,26113,203132184#5,3.9136363636363636,0.2181818181818182
26114,26115,203132184#7,15.525000000000002,8.335164835164834
26116,26117,203133165#1,2.1,0.0
26118,26119,203139695,14.700000000000001,0.0
26126,26127,203139703,8.4,0.0
26128,26129,203139704,5.25,0.0
26134,26135,203139709#1,10.966666666666667,0.8496732026143798
26136,26137,203139713#1,10.5,0.0
26138,26139,203139714#1,16.59,1.2000000000000002
26142,26143,20314044#0,18.2,17.33333333333333
26144,26145,20314044#1,6.300000000000001,0.5
26146,26147,20314044#2,19.95,14.000000000000002
26152,26153,203227508#2,113.4,364.0
26160,26161,203253183,21.0,2.0
26162,26163,203575316,21.7875,11.357142857142858
26164,26165,203575340,17.85,0.0
26166,26167,203621102,2.625,0.5
26176,26177,203912074,5.95,2.333333333333334
26180,26181,203912080#0,6.300000000000001,1.0
26182,26183,203912080#1,5.775,0.5
26184,26185,203912081,10.15,0.33333333333333304
26186,26187,203925326#1,9.450000000000001,0.0
26188,26189,203925327,7.000000000000001,4.333333333333334
26190,26191,203925328#1,6.65,16.333333333333332
26192,26193,203971377#0,11.605263157894736,1.830409356725146
26194,26195,203971377#1,5.415789473684211,0.584795321637427
26196,26197,203971378#0,24.700000000000003,893.5238095238094
26198,26199,203971379,43.82777777777778,6704.660968660969
26200,26201,203971380,3.9710106382978725,15.52972465581979
26202,26203,203971381#0,21.422560975609755,326.3891964686519
26204,26205,203976003#0,3.8181818181818183,0.2545454545454545
26206,26207,203976003#1,11.35909090909091,1.1636363636363636
26208,26209,203976003#10,11.025,1.1
26210,26211,203976003#11,15.959999999999999,0.7000000000000004
26212,26213,203976003#12,19.075000000000003,0.5666666666666664
26214,26215,203976003#13,5.075,0.1666666666666666
26216,26217,203976003#14,2.75625,0.5535714285714286
26218,26219,203976003#2,9.240000000000002,1.288888888888889
26220,26221,203976003#3,5.670000000000001,0.26666666666666666
26222,26223,203976003#4,11.235,1.344444444444445
26224,26225,203976003#5,6.300000000000001,0.22222222222222213
26226,26227,203976003#6,8.4,1.5555555555555554
26228,26229,203976003#7,16.38,1.5999999999999992
26230,26231,203976003#8,12.483333333333334,1.3611111111111112
26232,26233,203976003#9,5.5125,0.7857142857142857
26238,26239,203986892,3.7800000000000002,0.8
26240,26241,203986894,8.750000000000002,0.3333333333333335
26242,26243,203986896,2.1,0.5714285714285714
26248,26249,20405617#0,13.65,4.571428571428571
26250,26251,20405617#1,11.55,3.0
26252,26253,20405617#3,12.950000000000001,1.333333333333333
26254,26255,20405617#4,7.7,0.33333333333333326
26256,26257,20405618#0,12.075000000000001,0.5
26258,26259,20405618#1,9.66,1.2
26264,26265,20405621#0,8.05,1.3333333333333335
26266,26267,20405621#1,12.600000000000001,3.0
26268,26269,20405621#2,8.4,0.0
26270,26271,20405621#3,22.05,0.0
26274,26275,20405623#0,11.340000000000002,1.7000000000000004
26276,26277,20405623#2,14.700000000000001,1.0
26278,26279,20405623#3,12.075000000000001,0.5
26280,26281,20405623#4,5.25,0.0
26282,26283,20405623#5,4.2,0.0
26284,26285,20405623#6,3.6750000000000003,0.5
26286,26287,20405623#7,4.2,0.0
26288,26289,20405624#0,9.03,0.29999999999999993
26290,26291,20405624#1,12.600000000000001,1.5000000000000004
26292,26293,20405624#10,26.040000000000003,175.2
26294,26295,20405624#2,6.825,0.3333333333333335
26296,26297,20405624#3,2.1,0.0
26298,26299,20405624#4,5.25,1.0
26300,26301,20405624#5,2.45,0.33333333333333337
26302,26303,20405624#6,2.94,0.20000000000000004
26304,26305,20405624#7,5.88,0.7999999999999999
26306,26307,20405624#8,9.1875,1.583333333333334
26308,26309,20405624#9,11.025,4.333333333333333
26310,26311,20405626#0,14.700000000000001,0.0
26320,26321,20405627,11.55,0.0
26322,26323,20405628#0,21.80769230769231,7.064615384615385
26324,26325,20405628#1,10.022727272727273,0.5454545454545456
26326,26327,20405628#2,3.340909090909091,0.34632034632034653
26328,26329,20405628#3,20.796774193548387,2.6946236559139782
26330,26331,20405628#4,15.00483870967742,1.4795698924731189
26332,26333,204095914#0,10.970689655172414,0.8990147783251234
26334,26335,204095914#1,6.9719999999999995,1.406666666666667
26336,26337,204095914#2,7.300000000000001,0.8476190476190476
26338,26339,204095914#3,2.8636363636363638,0.7792207792207793
26340,26341,204131033,3.5000000000000004,1.0833333333333335
26342,26343,204388143,11.829113924050633,279.1518181085222
26344,26345,204388144#0,30.907692307692308,403.6734143049932
26346,26347,204414414,4.83,0.7111111111111111
26348,26349,204582496,5.25,0.0
26350,26351,204588664#0,14.25,5.6190476190476195
26352,26353,204588664#1,13.35,1.9047619047619042
26354,26355,204588664#2,12.731250000000001,2.982142857142857
26356,26357,204689829,4.2,0.0
26358,26359,205106791,9.450000000000001,0.0
26362,26363,205182378#0,4.844736842105263,1.169799498746867
26364,26365,205182378#1,2.4208333333333334,0.21825396825396823
26366,26367,205182378#2,12.775,1.7428571428571418
26368,26369,205182378#3,7.126595744680852,0.9972247918593898
26370,26371,205182378#4,10.611702127659575,1.4449583718778913
26372,26373,205182378#5,13.225531914893619,186.4199814986124
26374,26375,205182378#6,25.795,1656.317514124294
26376,26377,205182378#7,38.34044117647059,3527.5072431957856
26378,26379,205182378#8,22.56,1823.8186335403723
26380,26381,205182378#9,36.96000000000001,2206.3783783783783
26382,26383,205802903#0,48.089999999999996,4.199999999999998
26384,26385,205802903#1,2.45,0.33333333333333337
26386,26387,205802904,28.063636363636363,5.218181818181819
26388,26389,20588622,29.400000000000002,0.0
26390,26391,20588624#0,36.65869565217391,609.6284584980239
26392,26393,20588624#1,45.018750000000004,7636.25
26394,26395,20588624#2,77.4375,18383.133333333335
26396,26397,20588627,18.900000000000002,0.0
26398,26399,20588629#0,46.48636363636364,2735.618181818182
26400,26401,20588629#1,88.2,12094.0
26404,26405,20588633,20.475,4.5
26406,26407,20588635#1,3.1500000000000004,0.0
26408,26409,20588635#2,10.5,0.0
26412,26413,20588639#0,17.85,2.0
26414,26415,20588639#1,20.475,0.5
26416,26417,20588641#0,14.683333333333334,28.822324628776233
26418,26419,20588641#1,2.4675000000000002,0.23135593220338974
26420,26421,20588641#10,58.08813559322034,3087.8427819988315
26422,26423,20588641#2,5.43046875,0.39856150793650796
26424,26425,20588641#3,4.2984375,0.3720238095238094
26426,26427,20588641#5,10.96846153846154,1.438461538461538
26428,26429,20588641#6,7.612500000000001,0.6349206349206349
26430,26431,20588641#7,1.9359375,0.19742063492063505
26432,26433,20588641#8,2.643103448275862,0.25408348457350277
26434,26435,20588641#9,23.33135593220339,1027.5540619520748
26440,26441,206290972,14.700000000000001,0.0
26446,26447,206411593#0,31.704166666666666,8.356025039123635
26448,26449,206411593#1,10.873026315789474,1.0587719298245615
26450,26451,206411595#0,8.508620689655173,0.8817733990147781
26452,26453,206411595#1,17.125862068965517,6.150246305418719
26454,26455,206411597#0,21.167391304347827,4.0771526001705025
26456,26457,206411597#1,18.480000000000004,3.5478260869565217
26458,26459,206411601#0,2.1,0.0
26460,26461,206411601#1,3.1500000000000004,0.0
26462,26463,206411605#0,4.2,1.0
26464,26465,206411605#1,1.5750000000000002,0.5
26466,26467,206411605#2,9.450000000000001,8.0
26468,26469,206411605#3,12.600000000000001,18.0
26470,26471,206411605#4,5.775,4.5
26472,26473,206411605#5,4.2,0.0
26474,26475,206411605#6,3.1500000000000004,0.0
26476,26477,206411605#7,21.35,12.333333333333332
26478,26479,206411608,10.5,2.0
26480,26481,206413855,3.1500000000000004,2.0
26482,26483,206413856,3.1500000000000004,0.8
26488,26489,206413858#0,7.3500000000000005,0.0
26490,26491,206413858#1,12.075000000000001,4.5
26492,26493,206538518#0,2.1,0.0
26504,26505,206567932,5.25,0.0
26508,26509,206567934,6.300000000000001,0.0
26510,26511,206567935,8.750000000000002,2.3333333333333335
26512,26513,206567936#0,8.334375,0.5958333333333332
26514,26515,206567936#1,3.5000000000000004,0.9523809523809523
26516,26517,206567936#10,2.1,0.0
26522,26523,206567936#13,26.25,0.0
26524,26525,206567936#2,4.2,0.15384615384615385
26526,26527,206567936#3,3.45,0.2380952380952381
26528,26529,206567936#4,3.7500000000000004,0.28571428571428564
26530,26531,206567936#5,3.57,0.3
26532,26533,206567936#6,3.3600000000000003,0.2
26540,26541,207091116#0,13.167567567567568,285.18326545723806
26542,26543,207091132#0,2.2801775147928995,0.2078556002317701
26544,26545,207091132#1,7.188461538461539,0.7893175074183977
26546,26547,207091132#3,5.428592375366569,0.9709849922373641
26548,26549,207091132#4,9.43764705882353,2.642929030019088
26550,26551,207091134#1,4.55,0.33333333333333326
26552,26553,207218464,11.55,0.0
26554,26555,207218465#0,6.300000000000001,0.0
26556,26557,207218465#1,4.2,0.0
26558,26559,207218465#2,12.600000000000001,0.0
26562,26563,207789884#0,14.700000000000001,0.0
26564,26565,207789884#1,24.150000000000002,0.0
26568,26569,208010459#0,3.6750000000000003,0.5
26570,26571,208010459#1,7.875,0.5
26572,26573,208010462,17.85,0.0
26576,26577,208117071#1,2.1,0.0
26578,26579,208445147,8.4,0.0
26582,26583,208882310,6.300000000000001,0.0
26584,26585,209144149#0,12.600000000000001,34.666666666666664
26586,26587,20975939#0,23.1,16.0
26588,26589,20975939#1,108.56148648648649,15941.556645686785
26590,26591,20975942#0,16.738235294117647,3.3088235294117645
26592,26593,20975942#1,12.110000000000001,0.9809523809523818
26594,26595,20975942#2,5.08421052631579,0.36257309941520477
26596,26597,20975942#3,6.4105263157894745,0.7660818713450294
26598,26599,20975943#0,9.66,0.6999999999999996
26600,26601,20975943#1,2.4,0.2380952380952381
26602,26603,20975943#2,4.083333333333333,0.3611111111111111
26604,26605,20975943#3,9.916666666666668,4.777777777777779
26606,26607,20975943#4,15.166666666666668,1.717948717948718
26608,26609,20975943#5,253.20000000000002,21422.793650793643
26610,26611,20975946#0,4.025,1.7666666666666664
26612,26613,20975946#1,166.075,27743.36666666666
26614,26615,20975948#0,122.325,29703.9
26616,26617,20975948#1,14.9625,3.0714285714285716
26618,26619,20975948#2,24.150000000000002,8.0
26620,26621,20975950#0,25.953846153846158,2285.8394062078282
26622,26623,20975950#1,15.1375,4.992424242424243
26624,26625,20975952#0,16.17,3.3
26626,26627,20975952#1,410.5977272727273,127633.18831168831
26628,26629,20975954#0,15.959999999999999,0.19999999999999996
26630,26631,20975954#1,82.635,12538.011111111111
26632,26633,210464672,3.6750000000000003,0.5
26634,26635,210464673#1,13.65,0.0
26636,26637,21224499#0,13.883333333333333,1.477124183006536
26638,26639,21224499#1,8.480769230769232,1.5769230769230766
26640,26641,21224502,2.1214285714285714,0.020408163265306135
26642,26643,21224504#0,3.7800000000000002,0.29999999999999993
26644,26645,21224504#1,10.675,2.566666666666667
26646,26647,21224504#2,9.8,2.3333333333333326
26648,26649,21224504#3,13.020000000000001,6.3
26650,26651,21224504#4,25.200000000000003,0.0
26660,26661,21224509#4,40.425000000000004,0.5
26662,26663,21224509#5,8.925,0.5
26664,26665,21224509#6,11.9,0.3333333333333335
26668,26669,213233771#1,7.14,2.2
26670,26671,213233773,13.125,4.5
26672,26673,213233776,23.730000000000004,4.3
26674,26675,213233779#0,25.200000000000003,0.0
26676,26677,213252669,17.85,0.0
26678,26679,213252671#0,2.973214285714286,0.3150968079539509
26680,26681,213252671#1,2.4160714285714286,0.22174254317111453
26684,26685,213252672#1,3.1500000000000004,0.0
26686,26687,213252672#2,32.34,1055.2
26688,26689,213252673#0,7.3500000000000005,0.0
26698,26699,213252676#0,3.1500000000000004,0.0
26702,26703,213286562,22.05,0.0
26706,26707,213286567#1,7.3500000000000005,0.0
26710,26711,213286584#1,3.325,2.166666666666667
26716,26717,213286589#1,5.25,0.0
26718,26719,213286589#3,10.5,0.0
26720,26721,213286589#4,8.4,0.0
26722,26723,213286595#0,33.6,0.0
26728,26729,213286595#3,6.300000000000001,0.0
26734,26735,213328560#0,5.425000000000001,0.16666666666666666
26736,26737,213328560#2,3.5000000000000004,0.33333333333333326
26738,26739,213328560#4,4.2,0.0
26740,26741,213328563#2,18.49615384615385,2.923076923076923
26742,26743,213328563#3,5.775,0.3333333333333335
26744,26745,213328570#0,13.65,0.0
26746,26747,213328570#2,8.166666666666666,50.19444444444444
26748,26749,213328578,6.300000000000001,1.0
26750,26751,213328603#0,6.93,1.3
26752,26753,213328603#1,2.52,0.3
26754,26755,213328603#2,2.45,1.3333333333333333
26758,26759,213350768,7.3500000000000005,8.0
26766,26767,213350775#0,26.25,0.0
26768,26769,213530792#0,1.4,0.3333333333333333
26770,26771,213530792#1,3.6750000000000003,0.5
26772,26773,213842019,9.450000000000001,0.0
26776,26777,213842021#1,8.925,0.5
26778,26779,213842021#2,3.1500000000000004,0.0
26780,26781,213842022#1,2.1,0.0
26782,26783,213842022#2,2.1,0.0
26786,26787,215333129#0,1.44375,0.2678571428571429
26788,26789,215333129#1,1.35,0.2380952380952381
26790,26791,215333129#2,8.82,0.2999999999999998
26792,26793,215333129#3,7.875,0.5
26794,26795,215333131#1,1.05,0.0
26798,26799,215333450,16.8,4.0
26808,26809,215335395#1,1.05,0.0
26816,26817,215336395,2.8,0.2666666666666666
26820,26821,215336398#0,5.25,1.2
26822,26823,215336398#1,8.4,0.0
26828,26829,215337380,3.1500000000000004,0.0
26836,26837,215814551,14.700000000000001,0.0
26838,26839,215826160#0,49.875,40.5
26840,26841,215826160#1,15.75,0.0
26848,26849,215826167#2,1.05,0.0
26850,26851,215827705,36.75,0.0
26856,26857,216169409#1,4.55,0.3333333333333335
26858,26859,216169409#2,3.85,0.33333333333333326
26870,26871,217272032,10.5,2.0
26874,26875,217272034,9.975,0.5
26886,26887,217450845#0,9.450000000000001,1.0
26888,26889,217450845#1,1.26,0.2
26904,26905,217477085,12.075000000000001,3.0
26906,26907,217652169,9.450000000000001,0.0
26912,26913,217968254#0,27.825000000000003,4.5
26916,26917,218006063#0,18.900000000000002,2.0
26920,26921,218647947#0,4.85625,0.5535714285714285
26922,26923,218647947#1,23.415000000000003,14.455555555555556
26928,26929,219423250,6.825,0.5
26932,26933,21966646#0,10.850000000000001,0.33333333333333304
26934,26935,21966646#1,33.6,18.0
26936,26937,21966647#0,11.2,5.333333333333332
26938,26939,21966647#1,9.975,0.5
26940,26941,21966647#2,2.1,0.0
26948,26949,21966647#6,4.2,0.0
26950,26951,21966647#7,31.85,0.33333333333333304
26958,26959,220012723,9.927272727272728,31.021645021645018
26960,26961,220013328,10.95719557195572,2.6467404674046744
26964,26965,220275307,7.3500000000000005,0.0
26966,26967,220351054,12.600000000000001,0.0
26968,26969,220654221,7.3500000000000005,0.0
26972,26973,220658739,11.025,4.5
26982,26983,223105086,3.45,2.904761904761905
26984,26985,224251774#0,11.523076923076923,1.8434898434898428
26986,26987,224251774#1,9.675949367088608,1.8633560532294702
26992,26993,22486112#2,8.4,0.0
26994,26995,22486112#3,10.5,0.0
26996,26997,22486112#5,8.4,0.0
26998,26999,22486112#6,10.5,0.0
27004,27005,22486115#2,28.35,2.0
27006,27007,22486116#1,11.9,0.3333333333333335
27008,27009,22486116#2,13.3,0.33333333333333304
27010,27011,22486118#0,21.0,0.0
27012,27013,22486118#1,7.7,0.33333333333333326
27014,27015,22486118#2,4.2,0.0
27016,27017,22486118#3,9.975,0.5
27018,27019,22486118#4,14.175,0.5
27022,27023,22486119#1,7.3500000000000005,0.0
27024,27025,22486119#2,9.450000000000001,1.6
27026,27027,22486120#0,9.1,0.3333333333333335
27028,27029,22486120#1,13.65,1.0
27032,27033,22486121#0,12.600000000000001,0.0
27034,27035,22486121#1,9.975,0.5
27042,27043,22486126#0,6.125,0.16666666666666669
27044,27045,22486126#1,6.720000000000001,0.30000000000000004
27046,27047,22486126#2,26.512500000000003,7.583333333333333
27048,27049,22486127#1,15.09375,202.29166666666669
27050,27051,22486127#10,4.783333333333333,0.5277777777777777
27052,27053,22486127#11,4.8,0.619047619047619
27054,27055,22486127#12,10.850000000000001,2.333333333333334
27056,27057,22486127#2,2.5725000000000002,0.25384615384615383
27058,27059,22486127#3,8.366129032258065,1.3655913978494625
27060,27061,22486127#4,7.9875,0.9880952380952388
27062,27063,22486127#5,2.683333333333333,0.4102564102564103
27064,27065,22486127#7,5.082,0.5566666666666666
27066,27067,22486127#8,7.5075,0.5552631578947368
27068,27069,22486127#9,5.360526315789475,0.9883040935672514
27070,27071,22486129#0,12.425,0.966666666666667
27072,27073,22486129#1,11.025,0.5
27074,27075,22486129#2,10.5,0.0
27078,27079,224892361#0,2.2458333333333336,0.12301587301587306
27080,27081,224892361#1,3.325,0.14285714285714282
27082,27083,224892361#2,4.559210526315789,0.717638691322902
27084,27085,224892361#3,6.207352941176471,0.8707664884135469
27086,27087,224892361#4,5.790909090909092,0.5075757575757577
27088,27089,224892361#5,0.8590909090909091,0.15340909090909088
27090,27091,224892361#6,2.5772727272727276,0.25568181818181823
27092,27093,224892361#7,3.85,0.22916666666666666
27094,27095,224892361#8,42.648529411764706,680.4251336898396
27102,27103,224958871#1,7.3500000000000005,32.0
27104,27105,224999403,6.300000000000001,1.6666666666666667
27106,27107,224999404,4.2,0.0
27108,27109,224999405,2.1,0.0
27110,27111,225488970,12.950000000000001,285.38095238095235
27112,27113,225488971#1,12.191666666666666,1.3104575163398688
27114,27115,225488971#2,3.616666666666667,0.3790849673202616
27116,27117,225488971#3,3.091666666666667,0.2908496732026144
27118,27119,225488971#4,4.265625,0.4625000000000006
27122,27123,225491673,5.25,0.0
27126,27127,225491675,7.3500000000000005,0.0
27128,27129,225491676,7.3500000000000005,0.0
27130,27131,225491677,6.300000000000001,0.0
27136,27137,225491680,7.3500000000000005,0.0
27138,27139,225856329,14.700000000000001,0.0
27142,27143,22603930#0,9.975,0.5
27148,27149,22603932#0,9.975,0.8902439024390245
27150,27151,22603932#1,14.975000000000001,25.56387921022067
27156,27157,22603934#1,18.900000000000002,0.0
27162,27163,22603937#0,21.0,0.0
27164,27165,22603937#1,18.900000000000002,0.0
27166,27167,22603937#2,3.1500000000000004,0.0
27168,27169,22603937#3,25.900000000000002,32.33333333333333
27170,27171,22603937#4,11.9,2.333333333333334
27172,27173,22603937#5,19.25,1.3333333333333321
27174,27175,22603938#0,11.2,0.3333333333333335
27176,27177,22603938#1,12.25,0.3333333333333335
27178,27179,22603939#0,25.900000000000002,14.333333333333336
27180,27181,22603939#1,11.9,2.333333333333334
27182,27183,22603940#0,25.200000000000003,2.0
27184,27185,22603940#1,33.6,8.0
27192,27193,22603941#2,9.450000000000001,0.0
27194,27195,22603941#3,9.450000000000001,0.0
27196,27197,22603942,23.1,0.0
27202,27203,22603944#0,2.7100000000000004,0.2457875457875457
27204,27205,22603944#1,3.9241176470588237,0.5960475528794197
27206,27207,22603945#0,1.44375,0.24456521739130446
27208,27209,22603945#1,14.875,1.7101449275362326
27212,27213,226665981#0,37.0125,18.21428571428571
27214,27215,226665981#1,42.2625,23.35714285714285
27230,27231,226665982#3,90.3,0.0
27236,27237,226665982#6,61.95,128.0
27238,27239,226665982#7,23.1,18.0
27242,27243,226665982#9,32.550000000000004,0.0
27250,27251,226665984#0,34.65,8.0
27256,27257,226665985#0,13.65,2.0
27258,27259,226665985#1,62.475,12.5
27260,27261,226665985#2,31.5,0.0
27262,27263,226665986#1,42.839999999999996,52.7
27264,27265,226665986#2,4.2,0.0
27268,27269,226665987#1,41.2125,10.250000000000004
27270,27271,226665987#2,40.1625,8.916666666666666
27272,27273,226665987#3,25.725,0.5
27274,27275,226665987#4,46.2,0.0
27280,27281,226665989#0,22.05,18.0
27284,27285,226665989#2,24.150000000000002,0.0
27292,27293,226665990#0,49.74375,37.982142857142854
27294,27295,226665990#1,28.7,15.466666666666669
27296,27297,226665990#2,28.35,19.333333333333332
27304,27305,22690205#0,18.2,8.75
27306,27307,22690205#2,5.25,1.3333333333333333
27308,27309,22690205#3,20.3,1.9999999999999991
27310,27311,22690206#0,12.600000000000001,9.0
27316,27317,22716069#0,12.842307692307692,1.8589743589743588
27318,27319,22716069#1,19.25,244.52380952380955
27320,27321,22716069#2,131.0076923076923,24508.358974358973
27328,27329,22716072#4,8.4,0.0
27332,27333,22716073,15.75,0.0
27334,27335,22716549#1,12.450000000000001,24.439560439560434
27336,27337,22716549#2,3.957692307692308,0.19230769230769226
27338,27339,22716549#3,9.207692307692309,0.5256410256410259
27340,27341,22716549#4,3.531818181818182,0.2545454545454545
27342,27343,22716549#5,3.340909090909091,0.16363636363636366
27344,27345,22716549#6,7.875,0.5
27346,27347,22724699#0,7.48125,31.553571428571434
27348,27349,22724699#1,4.316666666666666,0.11111111111111112
27350,27351,22724699#10,2.1,0.0
27352,27353,22724699#11,2.45,0.33333333333333337
27354,27355,22724699#12,3.85,0.33333333333333326
27356,27357,22724699#2,7.3500000000000005,0.5714285714285714
27358,27359,22724699#3,6.300000000000001,0.0
27360,27361,22724699#4,5.460000000000001,1.2
27362,27363,22724699#5,2.8875,0.25
27364,27365,22724699#6,6.825,0.3333333333333335
27366,27367,22724699#7,4.4625,0.24999999999999992
27368,27369,22724699#8,4.55,0.33333333333333326
27370,27371,22724699#9,2.45,0.33333333333333337
27372,27373,22727412#0,2.344186046511628,0.18272425249169436
27374,27375,22727412#1,2.6127906976744186,0.255813953488372
27378,27379,229018941,8.613888888888889,53.9765897973445
27380,27381,229019260#0,4.9,0.33333333333333326
27386,27387,229399961,8.4,0.0
27388,27389,23009002#0,160.33043478260868,36515.32753623188
27390,27391,23009002#0.132,110.62978723404255,18281.714153561516
27392,27393,23009600#1,126.04200000000002,22980.623333333333
27394,27395,23009600#2,56.4375,10655.157407407403
27396,27397,230450339#0,13.65,0.0
27400,27401,230450343#0,11.025,0.5
27402,27403,230450343#1,9.450000000000001,0.0
27404,27405,230450345#0,12.600000000000001,0.0
27406,27407,230450345#1,9.450000000000001,0.0
27412,27413,230450350#0,1.47,0.3
27448,27449,230450350#9,3.1500000000000004,0.0
27460,27461,230450354#2,3.1500000000000004,0.0
27464,27465,230450355#1,7.3500000000000005,0.0
27466,27467,230450355#2,10.5,0.0
27468,27469,230450356#0,13.65,0.0
27472,27473,230450356#2,11.55,0.0
27476,27477,230450357#1,11.55,0.0
27480,27481,230450360#1,1.05,0.0
27482,27483,230450360#2,4.2,0.0
27484,27485,230450360#3,2.94,1.6999999999999997
27486,27487,230450360#4,1.05,0.0
27496,27497,230450364#0,4.2,0.0
27498,27499,230450364#1,6.825,8.333333333333332
27500,27501,230450364#2,6.300000000000001,0.0
27504,27505,230450366#0,2.1,0.0
27506,27507,230450366#1,2.1,2.0
27512,27513,230450366#4,3.6750000000000003,0.5
27514,27515,230450366#5,3.6750000000000003,0.5
27518,27519,23059971,73.5,237.0
27520,27521,23101640#0,22.575,24.5
27522,27523,23101640#1,7.875,4.333333333333333
27524,27525,23101640#2,7.000000000000001,0.9523809523809523
27526,27527,23101656#0,650.79,173449.95555555556
27528,27529,23101656#1,76.69375000000001,9449.346014492752
27530,27531,23101685#1,3.9899999999999998,0.3999999999999999
27534,27535,23101685#2,5.25,0.2222222222222222
27536,27537,23101685#4,2.625,0.28571428571428586
27538,27539,23101685#5,1.3125,0.21428571428571425
27540,27541,23101685#6,3.0187500000000003,0.12500000000000006
27542,27543,23101685#7,3.4125,0.24999999999999997
27544,27545,23101685#8,23.625,24.5
27546,27547,23101685#9,5.25,0.0
27548,27549,23125141,3.3276119402985076,0.2712437810945274
27550,27551,23125142,10.364179104477612,1.4631840796019904
27552,27553,23128480#2,6.825,0.5
27554,27555,23128564#0,1.7181818181818183,1.4041958041958045
27556,27557,23128564#1,2.084090909090909,0.015151515151515145
27558,27559,23128564#2,17.675,1.7410256410256417
27564,27565,231526851,136.5,211.5
27568,27569,231526854#1,3.1500000000000004,0.0
27570,27571,231526855#1,2.1,0.0
27576,27577,231526859#2,4.2,0.0
27582,27583,231526860#2,10.5,0.0
27586,27587,23166741#1,4.541860465116279,0.4003100775193797
27588,27589,23166741#2,7.2625,0.6518952062430319
27590,27591,23166741#3,7.994000000000001,35.76972129319957
27592,27593,23166741#5,35.39799331103679,333.16531615451964
27594,27595,23183627#2,56.7,0.0
27596,27597,23183634#0,38.43,7.300000000000002
27598,27599,23183634#1,18.900000000000002,7.0
27600,27601,23183634#2,23.625,4.5
27602,27603,23183634#3,55.650000000000006,0.0
27604,27605,23183635,52.237500000000004,38.916666666666664
27606,27607,23183649#0,6.65,0.24242424242424246
27608,27609,23184252#0,22.29609375,1301.3886408730164
27610,27611,23184252#1,8.513076923076923,1144.1913461538459
27612,27613,23184252#2,6.965492957746479,0.8925553319919514
27614,27615,23184252#3,5.120547945205479,0.9984779299847794
27616,27617,23184274#1,36.41129032258065,5192.838185156042
27618,27619,23184274#2,27.22758620689655,1627.0038980509746
27620,27621,23184274#3,120.16027397260275,29893.638508371387
27622,27623,23184274#4,29.834000000000003,2589.4619819819823
27624,27625,23184317,209.16976744186047,60038.55038759691
27632,27633,23202117#0,16.8,0.0
27634,27635,23202117#1,18.900000000000002,0.0
27642,27643,23202186#3,22.05,0.0
27646,27647,23202195#0,38.325,4.5
27650,27651,23206058#0,10.395000000000001,1.4333333333333327
27652,27653,23206058#1,16.8,8.0
27654,27655,23206058#2,7.875,0.5
27660,27661,23206111#0,15.75,0.0
27662,27663,23206111#1,5.133333333333334,1.1111111111111112
27664,27665,23206111#2,4.083333333333333,0.1111111111111111
27666,27667,23206114#1,10.8,1.450549450549451
27668,27669,23206120,33.075,0.5
27670,27671,23206153,24.150000000000002,0.0
27674,27675,23206325#1,11.55,7.0
27676,27677,23206325#2,6.65,2.333333333333334
27678,27679,23206325#3,5.25,1.0
27680,27681,23206325#5,2.8,1.3333333333333335
27682,27683,23206325#6,4.55,0.3333333333333335
27686,27687,23258631#0,6.071739130434783,0.1778656126482213
27688,27689,23258631#1,4.291304347826087,0.44664031620553357
27690,27691,23258631#10,3.85,0.38095238095238104
27692,27693,23258631#12,2.975,0.33333333333333326
27702,27703,23258631#4,6.91764705882353,0.5073529411764703
27704,27705,23258631#5,5.3812500000000005,0.2500000000000001
27706,27707,23258631#8,4.85625,0.3833333333333334
27708,27709,23291881,3.553846153846154,0.4230769230769231
27710,27711,23291898#0,34.08658536585366,5.654878048780494
27712,27713,23291898#1,6.684146341463415,0.5378048780487805
27714,27715,23291898#2,12.275,1.87746806039489
27716,27717,23291898#3,3.725,0.30255516840882685
27718,27719,23291898#4,8.570270270270269,3.695195195195196
27720,27721,23291898#5,9.131818181818183,1.1553030303030307
27722,27723,23291898#8,4.765384615384615,0.4358974358974359
27724,27725,23291898#9,2.625,0.2777777777777778
27726,27727,23291925#0,10.5,0.0
27728,27729,23291925#1,10.5,0.0
27732,27733,23291925#3,55.650000000000006,0.0
27736,27737,233673410#0,4.671578947368421,0.4172967630343464
27738,27739,233673410#1,3.2601398601398603,2.269660164397007
27740,27741,233673410#2,4.455105633802817,5.336522669586425
27742,27743,233673410#3,4.735135135135136,9.948549878782437
27744,27745,233673410#5,5.091279069767442,1.5373721835128036
27746,27747,233673410#6,1.7011627906976745,0.259825656803306
27748,27749,233673410#7,2.705294117647059,0.2844835572024083
27750,27751,233673410#8,1.7232824427480917,0.3382176596180281
27752,27753,233673410#8.17,1.6150763358778626,0.5253575502325173
27754,27755,233673411#0,2.1392857142857142,4.8484246941097275
27756,27757,233673411#1,21.330821917808223,337.982864943746
27758,27759,233673412#1,5.860909090909091,1.2478114478114477
27760,27761,233673413#0,1.4571428571428573,0.2380952380952381
27762,27763,233673413#1,2.256122448979592,0.2146693263771676
27764,27765,233673414#0,1.3245098039215686,0.22067423460612326
27766,27767,233673414#1,1.5962837837837838,0.2512870012870012
27768,27769,233673414#2,2.6604729729729732,0.27776245633388497
27770,27771,233673414#3,3.2857142857142856,0.25030286087037545
27772,27773,233673414#5,6.642857142857143,1.8378529493989368
27774,27775,233673414#7,6.725874125874126,6.05968679208116
27776,27777,233673414#8,11.981914893617022,78.18672745694023
27778,27779,233673415#0,4.49,1.3172161172161172
27780,27781,233673415#1,1.05,0.09615384615384612
27782,27783,233673415#2,3.81,0.3895604395604394
27784,27785,233673415#3,5.6308823529411764,0.35226169675791125
27786,27787,233673416,8.35,0.8937142857142855
27788,27789,233673418,20.63372093023256,287.75636766334446
27790,27791,233673420#0,10.760964912280702,85.67118553960657
27792,27793,233673421,9.954330708661416,100.8230221222347
27794,27795,233673423,4.231437125748503,0.35451987591082884
27796,27797,233673424#0,5.723529411764706,0.3886623956513299
27798,27799,233673424#1,8.545544554455446,24.100594059405942
27800,27801,233673425#0,32.89627659574468,979.3534867873101
27802,27803,233675413#0,6.528666666666667,85.33182539682541
27804,27805,233675413#1,11.133700440528633,161.88635920626868
27806,27807,233675413#2,12.830263157894736,201.9076435582348
27808,27809,233675413#3,16.472477064220186,228.09580180104018
27810,27811,233675413#6,7.691025641025641,101.49921132753754
27812,27813,233675413#7,2.1852564102564105,25.491232896812292
27814,27815,233675413#8,6.968589743589744,89.91469498551047
27816,27817,233675413#9,5.483333333333333,88.75727229375292
27818,27819,23422659,9.358695652173912,0.35573122529644263
27820,27821,23436553#0,11.55,0.0
27822,27823,23436553#2,29.925,0.5
27824,27825,23436553#3,4.5,0.23809523809523803
27828,27829,23441733#1,18.900000000000002,6.8
27830,27831,23442105#0,12.981818181818182,2.454545454545454
27832,27833,23442105#1,8.05,1.3333333333333335
27834,27835,23442105#2,9.975,0.5
27836,27837,23442105#3,7.3500000000000005,0.0
27838,27839,23442105#4,9.450000000000001,1.0
27840,27841,23442105#5,8.925,0.5
27842,27843,23442105#6,8.750000000000002,1.333333333333333
27856,27857,23525483#7,4.2,0.0
27864,27865,23621955#0,6.500000000000001,0.561904761904762
27866,27867,23621955#1,3.8000000000000003,0.24761904761904768
27868,27869,23621955#10,4.7250000000000005,0.39999999999999997
27870,27871,23621955#11,5.840625,0.3958333333333333
27872,27873,23621955#12,3.8769230769230774,0.39743589743589736
27874,27875,23621955#2,5.7065217391304355,0.8023715415019764
27876,27877,23621955#3,2.465217391304348,0.32806324110671947
27878,27879,23621955#4,4.6000000000000005,0.4476190476190475
27880,27881,23621955#5,4.295454545454546,0.3722943722943723
27882,27883,23621955#6,6.358333333333333,0.2908496732026145
27884,27885,23621955#7,7.000000000000001,0.4705882352941176
27886,27887,23621955#8,8.708823529411767,1.0955882352941182
27888,27889,23621955#9,4.632352941176471,0.25735294117647045
27892,27893,23622049#0,31.290000000000003,23.2
27896,27897,23622052#0,38.325,24.5
27902,27903,23622056#1,18.2,1.333333333333334
27904,27905,23622056#4,14.91,3.0666666666666664
27906,27907,23622056#5,3.5250000000000004,0.24725274725274712
27908,27909,23622056#6,5.175000000000001,0.5329670329670334
27910,27911,23622106#0,11.55,0.6666666666666666
27912,27913,23622106#1,9.450000000000001,0.6666666666666666
27914,27915,23622106#10,2.3625000000000003,0.25000000000000006
27916,27917,23622106#15,8.700000000000001,3.2380952380952377
27918,27919,23622106#16,1.2,0.14285714285714285
27920,27921,23622106#17,2.8,1.515151515151515
27922,27923,23622106#18,4.8125,0.2651515151515152
27924,27925,23622106#19,7.612500000000001,0.38636363636363646
27926,27927,23622106#2,9.450000000000001,0.6666666666666666
27928,27929,23622106#3,11.2,2.3333333333333335
27930,27931,23622106#4,10.5,0.0
27936,27937,23622106#8,1.5750000000000002,0.5
27938,27939,23622106#9,2.625,0.5
27940,27941,23622107#0,2.1636363636363636,0.057808857808857785
27942,27943,23622107#1,0.9068181818181819,0.11958041958041958
27944,27945,23622107#2,7.063636363636364,0.38601398601398607
27946,27947,23622107#3,13.246153846153847,1.5528846153846152
27948,27949,23622107#4,3.340909090909091,0.21258741258741262
27950,27951,23622107#5,2.3704545454545456,0.1941724941724941
27952,27953,23622107#6,4.571538461538461,0.2634615384615384
27954,27955,23622107#7,2.4392307692307695,0.22211538461538446
27956,27957,23622107#8,3.816666666666667,0.4290834613415259
27966,27967,23622131#1,4.2,0.0
27968,27969,23622131#2,67.2,57.0
27974,27975,23622140#2,61.95,37.0
27978,27979,23622141#1,14.700000000000001,0.0
27980,27981,23622141#2,23.1,8.0
27982,27983,23622167#0,36.75,0.0
27984,27985,23622167#1,12.016666666666667,0.5277777777777783
27986,27987,23622170#0,19.95,0.0
27988,27989,23622170#1,10.5,0.0
27990,27991,23622170#2,17.85,2.0
27992,27993,23622189#0,1.5750000000000002,0.5
28000,28001,23622189#4,1.05,0.0
28002,28003,23622201#0,12.25,0.6666666666666667
28004,28005,23622201#1,17.85,0.0
28008,28009,23622232#0,29.400000000000002,4.0
28010,28011,23622232#1,9.450000000000001,0.0
28012,28013,23622232#2,31.5,0.0
28018,28019,23622271#1,13.51875,44.69642857142856
28020,28021,23622271#3,5.775,4.5
28022,28023,23622271#4,2.625,0.5
28024,28025,23622271#6,9.450000000000001,0.0
28026,28027,23622271#7,2.1,0.0
28028,28029,23622426,9.277011494252875,0.745829649277925
28032,28033,23622517#0,16.8,1.999999999999999
28036,28037,23622517#2,8.4,2.0
28038,28039,23622517#3,7.3500000000000005,0.0
28040,28041,23622520#0,15.435,2.011111111111111
28042,28043,23622520#2,12.285,2.2333333333333334
28044,28045,23623583#0,6.0375000000000005,0.38636363636363663
28046,28047,23623583#1,26.775000000000002,4.5
28048,28049,23623595,28.980000000000004,6.2666666666666675
28060,28061,23623674#1,28.21875,134.41071428571428
28062,28063,23623674#11,22.05,124.0
28064,28065,23623674#2,0.9187500000000001,0.125
28066,28067,23623674#3,1.44375,0.2678571428571429
28068,28069,23623674#4,1.3125,0.21428571428571427
28070,28071,23623674#5,2.23125,0.12500000000000008
28072,28073,23623674#6,1.70625,0.2678571428571429
28074,28075,23623674#7,4.9,0.3333333333333335
28076,28077,23623674#8,3.1500000000000004,0.0
28078,28079,23623680,15.05,9.333333333333332
28080,28081,23623681,5.775,0.5
28082,28083,23623685,17.85,0.0
28084,28085,23623687#0,12.600000000000001,0.0
28094,28095,23623693,14.07,4.3
28096,28097,23623701#0,7.48125,0.6964285714285714
28098,28099,23623701#1,4.41,0.7000000000000002
28100,28101,23623701#2,7.65,1.238095238095238
28102,28103,23623701#3,13.65,3.333333333333332
28104,28105,23623705,15.225000000000001,0.5
28106,28107,23623713#0,4.2,8.0
28108,28109,23623713#1,10.5,0.0
28110,28111,23623713#2,1.7500000000000002,0.3333333333333333
28112,28113,23623715#1,3.0,0.14285714285714293
28116,28117,23623715#3,1.5,0.28571428571428575
28118,28119,23623717,24.150000000000002,68.66666666666667
28128,28129,23659379,34.65,0.0
28132,28133,240187995#1,5.4,1.8095238095238095
28134,28135,24061189#0,3.5000000000000004,0.33333333333333337
28136,28137,24061189#1,8.05,0.33333333333333326
28138,28139,24061189#2,3.5000000000000004,0.33333333333333326
28140,28141,24061189#3,5.95,30.333333333333336
28142,28143,24061326#0,15.05,3.866666666666666
28144,28145,24061326#1,12.075000000000001,0.5
28146,28147,24061326#2,26.775000000000002,0.5
28148,28149,24061326#3,3.4125,0.25
28150,28151,24495014#0,14.700000000000001,7.0
28152,28153,24495014#1,2.1,0.0
28156,28157,24495083#1,7.3500000000000005,0.0
28158,28159,24495083#2,7.3500000000000005,0.0
28162,28163,24498193#1,6.257142857142858,17.789965986394556
28164,28165,24498193#3,6.174,0.8600000000000004
28166,28167,24498193#4,2.6460000000000004,0.26000000000000006
28168,28169,24498193#5,3.2711538461538465,0.2661538461538462
28170,28171,24498193#6,4.00909090909091,0.15584415584415584
28172,28173,24499966#0,5.108108108108109,9.120120120120124
28174,28175,24499966#1,17.91,13.761344537815123
28176,28177,24499966#2,11.370000000000001,152.85210084033616
28178,28179,24499968#0,3.1500000000000004,0.3636363636363636
28180,28181,24499968#1,29.157692307692308,1085.0256410256409
28182,28183,24499968#2,0.3230769230769231,0.2307692307692308
28186,28187,245375072#0,2.8,1.3333333333333335
28188,28189,245375072#1,3.1500000000000004,0.0
28200,28201,24537805#0,5.007692307692308,0.29973474801061006
28202,28203,24537805#1,0.8435897435897437,0.15929855585027997
28204,28205,24537805#2,2.218695652173913,0.11868802440884825
28206,28207,24537805#3,3.186842105263158,0.17574910728147813
28208,28209,24537805#4,17.325,3.862831858407076
28210,28211,24537805#5,5.0473684210526315,0.5464989908399315
28212,28213,24537982#1,27.459269662921347,1618.1633022281471
28214,28215,24537982#2,8.244718309859156,291.30421536310064
28216,28217,24537982#3,61.51942446043166,7817.678448545508
28218,28219,24537982#4,39.03188976377953,3741.6999125109346
28220,28221,24598017,4.2,0.0
28222,28223,24599188#1,5.191011235955056,0.3718079673135854
28224,28225,24599188#2,15.05886075949367,1.561181434599156
28228,28229,246024694#1,11.55,0.0
28230,28231,246024696,2.625,4.5
28232,28233,246024697#0,9.450000000000001,0.0
28236,28237,246024698#0,10.2375,4.916666666666667
28238,28239,246024698#1,5.25,0.0
28244,28245,246024701#0,9.450000000000001,1.1111111111111114
28246,28247,246024701#1,12.600000000000001,0.0
28248,28249,246024704#1,1.05,0.0
28250,28251,24608842#0,15.815625,2.0624999999999996
28252,28253,24608842#1,4.375000000000001,0.26470588235294124
28254,28255,24608842#2,11.8125,36.46666666666666
28258,28259,24608844#0,18.401923076923076,1013.3175158175156
28260,28261,24608844#1,22.431818181818183,1123.2081339712927
28262,28263,24608844#2,67.80925925925926,3793.8216049382704
28264,28265,24608845,12.225,2.401098901098902
28266,28267,24608846#0,16.8,0.0
28268,28269,24608846#1,22.05,0.0
28270,28271,24614922#0,12.600000000000001,0.0
28274,28275,24614922#3,6.300000000000001,0.0
28280,28281,24634413#1,30.450000000000003,3.0
28282,28283,24634413#2,6.300000000000001,2.0
28284,28285,24634413#3,21.35,10.333333333333336
28286,28287,24634414#0,15.75,144.0
28288,28289,24634414#2,14.700000000000001,2.0
28290,28291,24634414#3,13.65,0.0
28296,28297,24634414#6,4.7250000000000005,0.5
28298,28299,24634414#7,4.4625,0.24999999999999992
28300,28301,24634414#8,11.025,69.5
28302,28303,24634415,9.7125,1.5833333333333333
28304,28305,24634416#0,19.95,0.0
28308,28309,24634505,8.4,2.1538461538461537
28312,28313,24634506#1,2.1,0.0
28314,28315,24634506#2,12.600000000000001,0.0
28316,28317,24634507,31.5,0.0
28318,28319,24634508#0,13.65,2.0
28320,28321,24634508#1,19.25,212.33333333333331
28322,28323,24634509#0,6.65,0.24999999999999983
28324,28325,24634509#1,9.345,0.3222222222222222
28326,28327,24634509#2,3.8850000000000002,0.23333333333333328
28328,28329,24634509#3,4.305,0.1
28330,28331,24634509#4,4.7250000000000005,0.28571428571428553
28332,28333,24634509#5,0.8166666666666668,0.19444444444444445
28334,28335,24634509#6,3.1500000000000004,0.25
28336,28337,24634509#7,7.233333333333334,0.11111111111111115
28338,28339,24634510#0,24.150000000000002,3.3333333333333344
28340,28341,24634510#1,2.165625,0.19583333333333333
28342,28343,24634510#10,4.375000000000001,0.5666666666666667
28344,28345,24634510#11,7.875,1.1
28346,28347,24634510#12,1.925,0.16666666666666669
28348,28349,24634510#13,4.2,0.4
28350,28351,24634510#14,7.875,0.3
28352,28353,24634510#15,6.4750000000000005,0.5666666666666669
28354,28355,24634510#16,3.325,0.1666666666666667
28356,28357,24634510#17,6.65,0.6666666666666665
28358,28359,24634510#18,6.825,0.7
28360,28361,24634510#2,2.7125000000000004,0.2651515151515151
28362,28363,24634510#20,5.3549999999999995,0.3222222222222222
28364,28365,24634510#21,6.300000000000001,2.4000000000000004
28366,28367,24634510#3,7.525,0.3333333333333333
28368,28369,24634510#4,3.1500000000000004,0.2222222222222222
28370,28371,24634510#5,5.775,0.2777777777777778
28372,28373,24634510#7,11.94375,0.8392857142857142
28374,28375,24634510#8,4.65,0.28571428571428575
28376,28377,24634510#9,13.65,4.4
28378,28379,24634511#0,7.3500000000000005,0.6666666666666666
28380,28381,24634511#1,13.65,1.0
28396,28397,24634514#0,5.04,9.2
28398,28399,24634514#1,10.5,0.0
28406,28407,24634514#5,24.150000000000002,2.0
28408,28409,24634516#1,50.925000000000004,144.5
28410,28411,24634516#2,43.575,60.5
28412,28413,24634517#1,7.832432432432433,1.1996996996996994
28414,28415,24634517#11,6.195,0.7666666666666666
28416,28417,24634517#13,6.16875,0.9821428571428571
28418,28419,24634517#14,5.775,0.8571428571428571
28420,28421,24634517#16,4.83,0.7999999999999999
28422,28423,24634517#17,0.8400000000000001,0.2
28424,28425,24634517#18,7.3500000000000005,0.0
28426,28427,24634517#19,4.41,0.20000000000000007
28428,28429,24634517#2,2.415,0.4241379310344827
28430,28431,24634517#20,3.1500000000000004,0.0
28436,28437,24634517#4,7.476000000000001,0.7766666666666667
28438,28439,24634517#5,1.6187500000000001,0.3460144927536231
28440,28441,24634517#6,1.1025,0.049999999999999996
28442,28443,24634517#7,5.407500000000001,0.555263157894737
28444,28445,24634517#8,5.3052631578947365,0.7192982456140352
28446,28447,24634517#9,4.531578947368422,0.7836257309941521
28448,28449,24634518#0,16.8,0.0
28454,28455,24634519#0,13.200000000000001,2.619047619047619
28456,28457,24634519#1,4.4625,4.916666666666667
28458,28459,24634519#2,5.25,0.0
28460,28461,24634521#0,14.700000000000001,8.0
28462,28463,24634521#1,69.3,50.0
28464,28465,24634521#2,14.700000000000001,0.0
28466,28467,24634522,10.5,0.0
28470,28471,24692328#0,11.725,680.3333333333334
28472,28473,24692328#1,196.79999999999998,105011.28571428572
28478,28479,24692391#2,30.1,422.3333333333333
28480,28481,24693977#0,10.644375,45.508211297071156
28482,28483,24693977#1,6.571250000000001,0.5271269177126919
28484,28485,24733323#0,3.1500000000000004,0.8888888888888888
28486,28487,24733323#1,45.99,38.84444444444445
28488,28489,24733323#2,5.95,5.529411764705883
28490,28491,24733323#3,21.332926829268292,16.871951219512194
28492,28493,24733323#4,17.46,35.299159663865545
28494,28495,24733323#5,14.91,4.7755102040816295
28496,28497,24754837#0,5.148387096774194,0.3569892473118281
28498,28499,24754837#1,28.74827586206897,7.100985221674876
28500,28501,24754837#2,5.825806451612904,0.52258064516129
28502,28503,24754837#3,3.1500000000000004,0.25
28504,28505,24754837#4,2.0681818181818183,0.09280303030303029
28506,28507,24754837#5,15.837500000000002,3.1071428571428545
28508,28509,24754837#6,7.641666666666667,0.7206349206349205
28510,28511,24754837#7,8.938461538461539,0.9932523616734144
28512,28513,24754837#8,2.9884615384615385,0.291497975708502
28514,28515,24754837#9,3.7153846153846155,0.3076923076923077
28516,28517,24754854#0,8.05,0.33333333333333326
28518,28519,24754854#1,6.300000000000001,0.0
28524,28525,24754876#0,2.826923076923077,0.22153846153846157
28526,28527,24754876#10,3.903846153846154,0.36572199730094485
28528,28529,24754876#11,3.6580645161290324,1.1062929666842942
28530,28531,24754876#12,18.205645161290324,187.63749338974085
28532,28533,24754876#2,13.48846153846154,2.2953846153846156
28534,28535,24754876#3,3.7153846153846155,0.41846153846153844
28536,28537,24754876#4,5.0625,0.5224867724867726
28538,28539,24754876#5,3.6,0.253968253968254
28540,28541,24754876#7,4.393421052631579,0.8029871977240399
28542,28543,24754876#8,3.5644736842105265,0.24537695590327172
28544,28545,24754876#9,0.8615384615384616,0.20377867746288794
28546,28547,24754881#1,4.786046511627907,0.4905869324473976
28548,28549,24754881#2,1.6750000000000003,0.2955865272938444
28550,28551,24754881#3,1.39125,0.22499999999999992
28552,28553,24754881#4,1.07625,0.1275641025641026
28554,28555,24754881#5,0.65625,0.24038461538461534
28556,28557,24754881#6,2.5941176470588236,0.2647058823529412
28558,28559,24754881#7,3.76764705882353,0.3823529411764705
28560,28561,24754890#0,55.650000000000006,98.0
28562,28563,24754890#1,14.700000000000001,0.0
28564,28565,24754890#2,9.450000000000001,0.5
28566,28567,24754893,23.52,5.299999999999998
28568,28569,24762523#0,13.697014925373136,2.2858435097241077
28570,28571,24762523#1,4.539230769230769,0.5658653846153844
28572,28573,248012815,3.9046875,1.030753968253968
28574,28575,24846867#1,8.61,1.5111111111111108
28576,28577,24846867#2,9.135,1.1222222222222231
28578,28579,24846867#4,23.625,1008.7352941176471
28580,28581,24846867#5,76.25,6884.247619047618
28582,28583,24872465,6.4750000000000005,0.5666666666666667
28584,28585,24872530#0,320.0029411764706,119143.3161764706
28586,28587,24872530#1,108.45000000000002,29213.29670329671
28588,28589,24872530#2,1.6153846153846156,4.269230769230768
28590,28591,24872530#3,269.325,70205.9
28592,28593,24872530#5,8.4,0.0
28596,28597,24890429#2,14.58515625,840.6651082677165
28598,28599,24895299#0,3.85,0.33333333333333337
28600,28601,24895299#1,8.05,1.3333333333333335
28602,28603,24895300#1,43.75,26.333333333333336
28604,28605,24895300#2,10.15,4.333333333333334
28606,28607,24895300#3,9.450000000000001,8.0
28608,28609,24895300#4,8.925,0.5
28610,28611,24895300#5,57.75,72.0
28612,28613,24895300#6,11.55,1.333333333333334
28614,28615,24895308,6.737500000000001,0.2651515151515151
28616,28617,24895312#0,12.600000000000001,0.0
28618,28619,24895312#1,23.1,2.0
28620,28621,24895312#2,8.4,0.0
28622,28623,24895312#3,16.5375,0.25000000000000017
28624,28625,24943166#0,3.9899999999999998,0.19999999999999996
28626,28627,24943166#1,8.925,0.5
28628,28629,24943166#2,11.025,0.5
28630,28631,24943166#3,7.875,0.5
28632,28633,24943166#4,8.4,0.0
28634,28635,24943168#0,10.5,0.0
28642,28643,24943168#4,14.700000000000001,0.0
28646,28647,24970784#1,32.508,3088.0659459459453
28648,28649,24970784#3,20.356,3273.213333333333
28650,28651,24970784#5,27.541216216216217,4977.0012958163625
28652,28653,24971737#0,15.628612716763007,707.2772550073934
28654,28655,24972185#2,18.450000000000003,597.3847241867045
28656,28657,24972185#3,23.897540983606557,1631.7880261814691
28658,28659,24972185#5,23.200684931506853,2953.852810581012
28660,28661,24972185#7,35.792647058823526,5028.7328976034905
28662,28663,24972185#8,86.75037313432837,12299.1999214454
28664,28665,24972185#9,52.83571428571429,5978.629950610379
28666,28667,24977473#0,12.129850746268657,985.7661691542289
28668,28669,24977473#1,45.291044776119406,5160.602894617821
28670,28671,24977473#2,12.430147058823529,1104.4361281826166
28672,28673,24977473#4,76.04545454545455,7242.771095571092
28674,28675,24977548#0,30.450000000000003,7514.000000000003
28676,28677,24977548#1,3.616666666666667,0.5277777777777777
28678,28679,24977548#2,2.975,0.9666666666666666
28680,28681,24977548#3,17.85,0.0
28682,28683,24977577#0,2.1,0.0
28684,28685,24977577#1,8.4,19.0
28686,28687,24977590#1,7.029473684210527,6.8100783874580095
28688,28689,24978943#0,6.300000000000001,0.0
28690,28691,24978943#1,13.912500000000001,62.916666666666664
28696,28697,24982784#2,10.5,0.0
28700,28701,24989903,11.55,0.0
28702,28703,24989982#2,28.41743119266055,4751.839174734707
28704,28705,24989986,2.625,0.5
28708,28709,24991571,53.97924528301887,11071.939415651623
28710,28711,24991573,3.9028301886792454,349.9004060186291
28714,28715,25000737#1,3.1500000000000004,2.0
28716,28717,25000737#2,4.2,22.0
28718,28719,25001007#1,12.950000000000001,425.58490566037744
28720,28721,25001024,12.495000000000001,3.2717948717948744
28722,28723,25012173,16.8,0.0
28724,28725,25027491#2,14.700000000000001,0.0
28728,28729,25076749#0,21.0,7.333333333333331
28730,28731,25076749#1,10.762500000000001,1.5833333333333333
28732,28733,25076749#2,9.450000000000001,0.0
28734,28735,25076787#0,19.95,0.0
28736,28737,25076787#1,12.600000000000001,0.0
28742,28743,25114091,12.600000000000001,62.8
28744,28745,25117288#1,24.675,0.5
28746,28747,25117391#0,7.393750000000001,41.27992957746479
28748,28749,25117391#1,4.9875,0.30281690140845063
28750,28751,25117391#2,5.417391304347826,0.37127024722932633
28752,28753,25117391#3,9.17608695652174,0.6074168797953959
28754,28755,25117417#1,9.450000000000001,18.991869918699194
28756,28757,25117417#2,6.1075,0.6047619047619044
28758,28759,25117417#4,9.904724409448818,5.009373828271464
28760,28761,25117417#5,1.2,0.13942857142857154
28762,28763,25122731#1,6.825,0.3333333333333333
28764,28765,25122830#0,9.216666666666669,0.44444444444444453
28766,28767,25122830#1,11.55,42.4
28770,28771,25136252,9.450000000000001,0.0
28772,28773,25136980#0,43.050000000000004,0.0
28778,28779,25136980#3,16.8,0.0
28780,28781,25136980#5,12.950000000000001,0.3333333333333335
28782,28783,25136980#6,11.9,0.3333333333333335
28784,28785,25136980#7,11.9,0.3333333333333335
28786,28787,25136980#8,10.2375,3.0714285714285707
28788,28789,25136980#9,13.950000000000001,2.2380952380952377
28792,28793,25136982#0,12.600000000000001,0.0
28794,28795,25136982#1,3.1500000000000004,0.0
28796,28797,25136982#2,7.3500000000000005,0.0
28800,28801,25136983#0,12.600000000000001,2.0
28804,28805,25136984,15.75,0.0
28806,28807,25136986,17.01,85.51111111111112
28808,28809,25141428#0,46.2,0.0
28810,28811,25141428#1,25.200000000000003,0.0
28812,28813,25141428#2,9.450000000000001,0.0
28814,28815,25141430#0,5.775,0.3333333333333335
28816,28817,25141430#1,4.2,0.0
28818,28819,25145011#0,17.515909090909094,6.036796536796538
28820,28821,25145011#1,53.093478260869574,1841.0750988142295
28822,28823,25145011#2,23.008695652173916,678.1739130434784
28836,28837,25145012#6,14.700000000000001,2.0
28838,28839,25145012#7,14.175,12.5
28840,28841,25145012#8,139.2681818181818,29984.854545454542
28842,28843,25145013#0,15.159375,2.7958333333333334
28844,28845,25145013#1,594.5333333333333,44957.477124183
28846,28847,25145014#0,21.0,0.0
28848,28849,25145014#1,15.75,0.0
28850,28851,25145014#2,16.275000000000002,12.5
28852,28853,25145014#3,4.2,0.0
28856,28857,25145014#5,7.3500000000000005,0.0
28858,28859,25145014#6,3.1500000000000004,2.0
28860,28861,25145014#7,0.525,0.5
28862,28863,25145014#8,2.625,0.5
28864,28865,25145014#9,8.4,0.0
28866,28867,25148803,5.636842105263158,2.8876244665718347
28868,28869,25148808,2.7125000000000004,0.42753623188405776
28870,28871,25148812,7.490000000000001,0.2666666666666668
28872,28873,25148889,3.6750000000000003,0.4000000000000001
28878,28879,25149001#3,11.52375,1.2557692307692314
28880,28881,25149001#4,15.120000000000001,0.2999999999999998
28882,28883,25149001#5,16.625,311.7666666666667
28884,28885,25149219#1,14.700000000000001,3.4999999999999996
28886,28887,25149219#2,663.4250000000001,593402.9666666666
28888,28889,25149251#0,21.525000000000002,5.666666666666667
28890,28891,25149251#1,32.025,9.0
28892,28893,25149251#2,17.325,3.1000000000000005
28894,28895,25149251#3,39.112500000000004,14.916666666666664
28896,28897,25149251#4,1.785,0.23333333333333328
28898,28899,25171366#1,21.0,0.0
28900,28901,25171366#2,9.450000000000001,0.0
28902,28903,25182130,13.65,0.0
28904,28905,25182154,23.1,0.0
28918,28919,25184672,21.0,0.0
28922,28923,25187891,63.525000000000006,4324.5
28924,28925,25187892,21.0,0.0
28930,28931,25187895#0,7.3500000000000005,8.0
28932,28933,25187895#1,11.025,0.5
28936,28937,25188976#0,11.146153846153846,2.6461538461538483
28938,28939,25188976#1,17.655555555555555,5.8490028490028445
28940,28941,25188977,64.6875,9678.395502645502
28944,28945,25188978#1,15.75,0.0
28946,28947,25188978#3,28.875,12.5
28948,28949,25188979#0,2.8875,4.25
28952,28953,25188982#1,6.042105263157895,5.974310776942361
28954,28955,25188986#0,40.95,0.0
28956,28957,25188986#1,16.1,5.333333333333332
28958,28959,25190140#0,14.52972972972973,1.8063063063063076
28960,28961,25190140#1,31.532812500000002,227.83770161290326
28962,28963,25190140#2,2.7363636363636363,4.996212121212118
28964,28965,25192758,3.9421052631578952,81.8671679197995
28966,28967,25194376#0,8.4,0.0
28968,28969,25194376#1,12.600000000000001,0.0
28972,28973,25195266#0,8.4,1.0
28976,28977,25195266#2,8.4,0.0
28978,28979,25195313#0,16.275000000000002,0.5
28980,28981,25195313#1,9.450000000000001,0.0
28982,28983,25195313#2,8.925,0.5
28984,28985,25195391#0,10.5,0.0
28986,28987,25195391#1,21.0,0.6666666666666666
28988,28989,25195391#2,10.5,0.6666666666666666
28992,28993,25209894#1,8.05,1.333333333333333
28996,28997,25316895,3.1750000000000003,0.7555168408826946
28998,28999,25316932#2,7.254545454545455,0.2909090909090909
29000,29001,25316932#3,13.459090909090909,2.3636363636363638
29002,29003,25316932#4,11.38846153846154,2.9743589743589745
29004,29005,25316932#5,5.25,0.4
29006,29007,25316932#6,5.184375,0.5958333333333333
29008,29009,25316932#7,14.85,2.901098901098902
29010,29011,25316932#8,1.725,3.4780219780219777
29012,29013,253294209#1,3.1500000000000004,0.0
29014,29015,253294209#2,5.25,0.0
29016,29017,253294209#3,4.2,2.0
29018,29019,25331328#1,12.600000000000001,1.9999999999999998
29020,29021,25331328#2,1.5750000000000002,0.3333333333333333
29022,29023,25331328#3,5.775,0.5
29024,29025,25331328#4,1.05,0.0
29026,29027,25331328#5,17.325,4.5
29028,29029,25331328#6,3.1500000000000004,0.0
29030,29031,25331328#7,4.7250000000000005,0.5
29032,29033,25331996#1,38.5875,21.357142857142858
29036,29037,25341073#0,6.461538461538463,0.4743589743589742
29038,29039,25341073#1,7.922727272727274,1.0727272727272728
29040,29041,25341073#10,5.460000000000001,0.19999999999999996
29042,29043,25341073#11,7.3500000000000005,1.0
29044,29045,25341073#12,5.25,0.0
29046,29047,25341073#13,10.5,0.0
29050,29051,25341073#2,4.1045454545454545,0.09090909090909097
29052,29053,25341073#3,5.88,0.7111111111111111
29054,29055,25341073#4,5.460000000000001,0.6222222222222222
29056,29057,25341073#7,12.20625,1.410714285714286
29058,29059,25341073#9,6.09,0.20000000000000007
29062,29063,25341141#0,12.5,4.53917050691244
29064,29065,25341141#2,6.8180000000000005,1.307387387387388
29072,29073,25344436,8.510526315789473,0.31294452347083934
29074,29075,25344437#0,9.450000000000001,0.0
29076,29077,25344437#2,4.4625,0.24999999999999992
29078,29079,25344437#3,2.625,0.5
29080,29081,25344437#4,5.95,2.333333333333333
29082,29083,25344437#5,3.1500000000000004,0.0
29084,29085,25344437#6,177.66,13302.699999999999
29086,29087,25344437#7,6.5625,0.9166666666666666
29088,29089,25344437#8,3.6750000000000003,0.5
29090,29091,25344439#0,45.80625,11499.410714285716
29092,29093,25344439#1,67.2,10621.0
29108,29109,25344542#4,5.25,0.0
29110,29111,25363743#1,28.35,72.0
29112,29113,25363743#2,3.1500000000000004,0.0
29114,29115,25363743#3,1.05,0.0
29120,29121,25363744,29.925,4.5
29122,29123,25363746,21.0,0.0
29126,29127,25366186#0,28.7,4.333333333333334
29128,29129,25366186#1,49.35,2.0
29138,29139,25375417#10,9.1,12.25
29140,29141,25375417#11,6.825,0.7000000000000001
29142,29143,25375417#12,4.2,0.0
29144,29145,25375417#13,11.55,0.0
29146,29147,25375417#14,19.95,8.0
29152,29153,25375417#7,7.3500000000000005,0.0
29158,29159,25375770#0,8.4,0.0
29162,29163,25375770#2,14.175,0.884615384615384
29164,29165,25375770#3,5.4,0.4395604395604395
29166,29167,25375770#4,3.0749999999999997,0.2252747252747253
29168,29169,25375770#5,4.9411764705882355,1.7205882352941182
29170,29171,25375770#6,8.06842105263158,1.1169590643274854
29172,29173,25375770#7,1.2923076923076924,0.6923076923076924
29174,29175,25375770#8,3.340909090909091,0.7636363636363637
29176,29177,25375814#1,18.27,44.300000000000004
29180,29181,25377287#0,7.497,0.4902040816326531
29182,29183,25377287#2,7.812000000000001,0.5779591836734697
29184,29185,25377287#3,3.8971153846153848,0.4053544494720967
29186,29187,25377287#4,1.8690000000000002,0.17510204081632652
29188,29189,25377287#5,15.728571428571428,2.603741496598642
29190,29191,25377287#6,18.156250000000004,2.7641843971631204
29192,29193,25377287#7,14.787500000000001,1.5248226950354618
29194,29195,25377287#8,4.620000000000001,0.3818181818181816
29196,29197,25380714#1,19.95,0.5
29198,29199,25380898#0,14.700000000000001,0.0
29210,29211,25488693#1,4.59375,2.5535714285714284
29212,29213,25488710#0,3.6750000000000003,4.5
29214,29215,25488710#1,4.2,0.0
29220,29221,25488710#4,1.05,0.0
29222,29223,25488710#5,18.900000000000002,0.0
29224,29225,25503467#1,61.425000000000004,112.5
29228,29229,25503468#1,4.7250000000000005,0.3333333333333335
29246,29247,25543966#0,13.65,0.0
29248,29249,25543966#2,37.800000000000004,0.0
29250,29251,25543966#3,17.85,0.0
29252,29253,25543966#4,12.600000000000001,18.0
29256,29257,25543966#6,12.950000000000001,2.3333333333333326
29258,29259,25543980#0,1.8666666666666667,0.19444444444444448
29260,29261,25543980#1,2.683333333333333,0.27777777777777773
29262,29263,25543980#10,25.88478260869565,432.0553359683794
29264,29265,25543980#2,2.1,0.4615384615384616
29266,29267,25543980#3,4.340000000000001,0.26666666666666666
29268,29269,25543980#5,3.08,0.3523809523809524
29270,29271,25543980#6,2.45,0.23809523809523808
29272,29273,25543980#7,3.740625,0.39583333333333326
29274,29275,25543980#8,1.6704545454545454,0.2532467532467533
29276,29277,25543980#9,5.2956521739130435,67.498023715415
29278,29279,25544013#0,43.050000000000004,157.0
29280,29281,25544013#1,8.4,1.0
29282,29283,25544013#10,3.6750000000000003,0.30000000000000004
29284,29285,25544013#11,5.25,1.0
29286,29287,25544013#2,1.05,0.0
29288,29289,25544013#3,2.8,0.33333333333333337
29290,29291,25544013#4,3.1500000000000004,1.9999999999999998
29292,29293,25544013#5,1.05,0.0
29294,29295,25544013#6,1.7500000000000002,0.3333333333333333
29296,29297,25544013#8,3.4125,0.25000000000000006
29298,29299,25573246#0,12.600000000000001,158.0
29300,29301,25573246#1,11.9,2.3333333333333326
29302,29303,25573254#0,6.300000000000001,0.0
29304,29305,25573254#1,6.300000000000001,0.0
29306,29307,25573254#2,4.2,0.0
29308,29309,25573254#3,5.25,0.0
29310,29311,25573260#0,7.2,3.142857142857143
29312,29313,25573260#1,4.9,1.8666666666666667
29314,29315,25573260#2,9.8,2.3333333333333326
29316,29317,25573267#0,27.083823529411763,306.31518876207207
29318,29319,25573267#1,12.676363636363636,253.62424242424237
29320,29321,25573267#2,703.71,284196.2
29322,29323,25595895#0,13.125,1.666666666666667
29324,29325,25595895#1,16.45,54.33333333333333
29328,29329,25596851#0,16.5,2.238095238095237
29330,29331,25596851#1,3.85,0.6666666666666667
29332,29333,25596851#2,4.9875,0.9166666666666666
29334,29335,25596851#3,3.57,0.8
29336,29337,25596851#4,2.1,0.4
29338,29339,25596851#5,2.55,0.2857142857142857
29340,29341,25596851#6,9.0,0.619047619047619
29342,29343,25596855,40.472727272727276,118.87272727272725
29344,29345,25596861#0,21.21,2.1999999999999993
29346,29347,25596861#1,6.825,0.28571428571428575
29348,29349,25596861#2,17.85,15.111111111111114
29350,29351,25596974#0,35.00000000000001,24.33333333333334
29352,29353,25596974#1,5.411538461538462,3.4953846153846166
29354,29355,25596993#0,6.300000000000001,0.0
29356,29357,25596993#1,6.300000000000001,0.0
29358,29359,25596993#2,4.7250000000000005,0.5
29360,29361,25596993#3,2.625,0.5
29362,29363,25596993#4,2.45,0.33333333333333326
29364,29365,25596993#5,1.6800000000000002,0.3
29366,29367,25596993#6,4.83,0.30000000000000004
29368,29369,25596993#7,2.1,0.0
29370,29371,25597196#0,21.065625,2938.5958333333333
29372,29373,25597196#1,6.09,0.3142857142857144
29374,29375,25597196#2,16.22727272727273,2.2727272727272725
29376,29377,25597196#4,14.816666666666666,1.6111111111111116
29378,29379,25597196#5,11.263636363636364,1.8181818181818183
29380,29381,25597196#6,5.5125,0.24999999999999992
29382,29383,25597196#7,13.65,7.0
29384,29385,25597196#9,48.825,5437.5
29386,29387,25597372,20.475,245.37037037037038
29390,29391,25616922#0,8.225,0.5666666666666667
29392,29393,25616922#1,5.075,0.9666666666666666
29394,29395,25616922#3,8.4,0.8
29396,29397,25616922#4,2.975,0.1666666666666667
29398,29399,25616922#5,1.225,0.16666666666666669
29400,29401,25616922#6,6.93,0.30000000000000004
29402,29403,25616922#7,10.762500000000001,4.916666666666667
29404,29405,25616922#8,7.3500000000000005,1.0
29406,29407,25623125#0,7.023444976076555,22.974926389400075
29408,29409,25623125#1,1.3317073170731708,0.19727403156384507
29410,29411,25623125#2,6.643170731707317,0.5936394069823052
29412,29413,25623125#3,8.502439024390245,0.7257293161166901
29414,29415,25623125#4,10.05439024390244,46.725872788139654
29416,29417,25623126#1,6.16875,0.41071428571428564
29418,29419,25623126#2,3.85,1.0
29420,29421,25623126#3,10.63125,1.8392857142857146
29422,29423,25623126#4,4.59375,0.5535714285714285
29424,29425,25623127#0,2.683333333333333,0.6143790849673202
29426,29427,25623127#1,5.716666666666667,0.26143790849673204
29432,29433,25623128#2,28.35,0.0
29434,29435,25623128#3,6.825,0.3333333333333333
29436,29437,25623128#4,7.0875,2.25
29438,29439,25623128#5,14.490000000000002,3.6999999999999997
29440,29441,25623128#6,20.212500000000002,272.9166666666667
29442,29443,25623134#0,0.65625,0.25
29444,29445,25623134#1,2.821875,0.22916666666666663
29446,29447,25623134#2,2.296875,0.16249999999999998
29448,29449,25623134#3,4.55,0.24242424242424232
29450,29451,25623135#0,7.167391304347826,0.6956521739130433
29452,29453,25623135#2,5.25,0.3333333333333333
29454,29455,25623135#3,3.5000000000000004,0.2666666666666667
29456,29457,25623135#4,4.2,0.6666666666666666
29458,29459,25623135#5,3.5000000000000004,0.33333333333333337
29460,29461,25623139,10.787903225806451,3.054732945531465
29464,29465,25625950#0,7.3500000000000005,0.8571428571428574
29466,29467,25625950#1,7.233333333333334,1.861111111111111
29470,29471,25626411,3.9375,0.4166666666666666
29472,29473,25626559#0,4.2,0.6666666666666666
29474,29475,25626559#2,4.2,0.0
29478,29479,25626605#0,14.700000000000001,2.0
29480,29481,25626605#1,5.25,0.0
29486,29487,25626605#4,8.19,0.20000000000000007
29488,29489,25626614#0,5.25,3.6
29490,29491,25626614#1,2.1,0.0
29492,29493,25626614#2,6.720000000000001,1.3000000000000003
29494,29495,25626614#3,16.45,3.866666666666666
29496,29497,25626620#0,2.45,0.33333333333333326
29498,29499,25626620#1,2.1,2.0
29500,29501,25626620#2,6.300000000000001,0.0
29502,29503,25626622#0,3.4125,0.9318181818181817
29504,29505,25626622#1,4.7250000000000005,2.9999999999999996
29506,29507,25626622#2,5.775,0.5
29508,29509,25626777#0,10.5,0.0
29514,29515,25638462#0,8.934545454545455,0.995286195286195
29516,29517,25638462#1,16.839622641509433,3.8062409288824384
29518,29519,25638462#2,7.216363636363637,0.6686868686868687
29520,29521,25638462#3,8.80090909090909,1.1292929292929297
29522,29523,25638462#4,9.781578947368422,1.2199248120300756
29526,29527,25638463#1,3.1500000000000004,0.0
29530,29531,25638468,1.35,0.2380952380952381
29536,29537,25638471#3,7.3500000000000005,0.0
29544,29545,25638471#7,3.4125,0.25000000000000006
29546,29547,25638471#8,2.1,0.0
29548,29549,25638471#9,1.5750000000000002,0.3333333333333333
29554,29555,25638527,5.529255319148936,5.810226492793412
29556,29557,25638529,14.77,3.20952380952381
29560,29561,25638617#0,8.4,0.0
29564,29565,25638625,13.65,2.0
29568,29569,25638632,10.675,1.3666666666666665
29578,29579,25638754,30.450000000000003,128.0
29580,29581,25638761#0,9.9225,0.997368421052631
29582,29583,25638761#2,7.239473684210526,1.0994152046783625
29584,29585,25638761#4,7.43953488372093,6.312984496124032
29586,29587,25638761#5,2.588372093023256,0.3288517441860466
29588,29589,25638761#6,24.906976744186046,386.48401162790714
29590,29591,25638775,8.4,0.0
29592,29593,25640093#0,11.263636363636364,1.0181818181818185
29594,29595,25640093#1,15.6625,29.901515151515152
29596,29597,25640093#2,5.7065217391304355,0.8964194373401537
29598,29599,25640093#3,139.2266129032258,17665.031464833424
29600,29601,25640093#4,25.074,205.77666666666667
29602,29603,25640093#5,16.650000000000002,4.7108013937282225
29604,29605,25640093#6,10.635483870967743,2.782795698924731
29606,29607,25640093#7,21.79655172413793,159.26108374384236
29608,29609,25640093#8,37.91666666666667,19724.333333333332
29612,29613,25640097#0,9.0,0.619047619047619
29614,29615,25640097#1,13.51875,0.4107142857142862
29620,29621,25640099#0,5.25,0.0
29622,29623,25640099#1,9.975,0.5
29624,29625,25640145#0,7.875,4.5
29626,29627,25640145#1,5.25,0.0
29628,29629,25640145#2,6.300000000000001,0.0
29630,29631,25640145#3,1.05,0.0
29632,29633,25640145#4,5.775,0.5
29634,29635,25640145#5,10.762500000000001,3.5833333333333326
29638,29639,25640147#0,12.3375,2.916666666666666
29640,29641,25640147#1,7.3500000000000005,0.6666666666666666
29642,29643,25640148#0,7.875,4.5
29644,29645,25640148#1,3.6750000000000003,0.5
29646,29647,25640148#2,7.3500000000000005,0.0
29648,29649,25640148#3,8.4,0.0
29652,29653,25640150,19.116176470588236,16.229055258467017
29654,29655,25640151,12.218181818181819,2.4545454545454546
29656,29657,25640157#0,10.64318181818182,41.74242424242424
29658,29659,25640157#1,7.612500000000001,0.6184210526315788
29660,29661,25640157#2,15.50294117647059,2.4411764705882355
29662,29663,25640375#0,4.7250000000000005,0.3333333333333335
29664,29665,25640375#1,8.750000000000002,2.3333333333333335
29666,29667,25640375#2,3.6750000000000003,0.3333333333333333
29668,29669,25640375#3,9.450000000000001,2.0
29670,29671,25650512,8.4,0.0
29672,29673,25650588#0,2.8875,2.2142857142857144
29676,29677,25650588#2,2.1,2.0
29678,29679,25650588#3,8.750000000000002,10.333333333333334
29680,29681,25650588#4,7.3500000000000005,0.0
29682,29683,25665370#0,11.783333333333333,0.7712418300653593
29684,29685,25665370#1,20.708333333333332,3.27124183006536
29686,29687,25665374,21.0,0.0
29688,29689,25665375#0,13.0375,2.628787878787879
29690,29691,25665375#1,18.900000000000002,3.0
29694,29695,25665412#0,21.729166666666664,5.905320813771517
29696,29697,25665412#1,104.07923076923078,113.54711538461535
29698,29699,25665412#2,49.88307692307693,26.222596153846165
29700,29701,25665412#3,27.61818181818182,8.706759906759908
29722,29723,25665446#4,4.2,0.0
29724,29725,25665446#5,6.300000000000001,0.0
29726,29727,25665446#6,10.5,0.0
29728,29729,25689281#1,10.865625000000001,2.8956724581724576
29730,29731,25689281#2,3.9918918918918918,2.033087633087633
29732,29733,25689281#3,6.330582524271845,0.5971825623453264
29734,29735,25689281#4,4.859302325581396,0.7069767441860462
29736,29737,25699357#0,11.025,0.3333333333333333
29738,29739,25699357#1,3.6750000000000003,0.3333333333333333
29740,29741,25699357#2,6.0,0.2380952380952381
29742,29743,25699357#3,3.6,0.6190476190476191
29744,29745,25699357#4,6.5625,23.357142857142854
29746,29747,25705489#0,53.37500000000001,59.76666666666667
29752,29753,25705489#3,105.0,0.0
29754,29755,25705489#4,1.05,0.0
29756,29757,25705904#0,1.240909090909091,0.15584415584415579
29758,29759,25705904#1,15.320454545454547,2.5389610389610384
29760,29761,25705905,6.0375000000000005,0.4907407407407402
29764,29765,25730198,2.55,1.6190476190476188
29766,29767,257907860,192.51065217391306,19030.855306626163
29768,29769,257907861,7.000000000000001,1.8095238095238098
29770,29771,25794504#1,13.86,19.414354066985638
29772,29773,25794504#2,13.315,4.0556163135110515
29774,29775,25796375#1,13.921875,787.725144787645
29776,29777,25796375#2,21.59181818181818,246.21150959132615
29778,29779,25796388,14.368421052631579,3.5614035087719293
29780,29781,25796398#0,50.7995575221239,2887.001219272369
29782,29783,25796398#1,51.8573275862069,2468.853187042841
29784,29785,25796964#0,15.75,0.666666666666667
29788,29789,25797084#0,10.850000000000001,0.33333333333333304
29790,29791,25797084#1,4.620000000000001,1.7999999999999998
29792,29793,25797084#2,11.7,1.4761904761904754
29794,29795,25797090#0,22.134,295.99346938775517
29796,29797,25797295#0,41.86875,5553.403225806452
29798,29799,25797315#0,16.275000000000002,14.7
29800,29801,25797315#1,134.2342105263158,17116.69590643275
29802,29803,25797315#2,901.4250000000001,711936.3333333335
29804,29805,25797370,16.8,0.0
29806,29807,25797433#0,23.45,28.24242424242424
29808,29809,25797433#1,64.11774193548388,10065.729032258063
29810,29811,25797433#2,38.91774193548387,9042.929032258065
29812,29813,25797433#3,173.791935483871,61794.39139784946
29814,29815,25801550#0,1.05,0.0
29816,29817,25801550#1,3.1500000000000004,0.0
29818,29819,25801550#2,9.450000000000001,0.0
29820,29821,25801550#3,5.25,0.0
29822,29823,25801550#4,5.25,0.0
29830,29831,25801569,10.773913043478261,3.460358056265985
29832,29833,25801580#0,2.1,2.0
29834,29835,25801580#1,9.450000000000001,0.0
29836,29837,25801580#2,8.4,0.0
29844,29845,25804120#0,3.1500000000000004,0.0
29846,29847,25804120#1,12.600000000000001,0.0
29856,29857,25850446,2.625,0.8793103448275862
29858,29859,25869404#0,4.2,0.0
29860,29861,25869404#1,12.075000000000001,0.5
29862,29863,25869404#4,4.55,2.333333333333333
29866,29867,25889271#0,8.4,0.0
29870,29871,25895864#0,14.35,5.333333333333334
29874,29875,25895943#0,8.61,0.7000000000000001
29876,29877,25895943#1,13.65,0.0
29878,29879,25895943#2,11.4,0.47619047619047655
29880,29881,25895945#0,8.319230769230769,1.076923076923077
29882,29883,25895945#1,9.765,0.6777777777777781
29884,29885,25895945#2,18.21521739130435,225.32806324110678
29886,29887,25895947#0,29.6625,10.214285714285717
29888,29889,25895947#1,19.95,13.0
29890,29891,25895961,162.95192307692307,52007.92153846154
29892,29893,25895966#0,38.52692307692308,3605.7307692307695
29894,29895,25895966#1,31.213636363636365,4215.618181818181
29896,29897,25895966#2,2.45,0.2666666666666666
29898,29899,25895966#3,14.875,695.7666666666665
29900,29901,25895966#5,229.6875,61666.916666666664
29902,29903,25895966#6,76.65,0.0
29904,29905,25895966#7,61.483333333333334,10487.027777777777
29906,29907,25901651#0,10.5,0.0
29908,29909,25901651#1,183.75,57800.0
29910,29911,25901651#2,24.85,1160.3333333333333
29912,29913,25901651#3,273.0,149897.2
29914,29915,25901651#4,25.55,403.4666666666667
29916,29917,25901651#5,895.125,723639.5
29918,29919,25901682,6.825,0.5
29920,29921,25901699,12.3375,7.6428571428571415
29922,29923,25901702,14.07857142857143,4.496598639455784
29924,29925,25901706,18.2,9.333333333333334
29926,29927,25902499,12.568181818181818,288.530303030303
29928,29929,25902499.18,5.25,88.875
29938,29939,25955082#0,15.75,2.0
29946,29947,25955083#2,8.4,0.0
29948,29949,25955083#4,30.450000000000003,0.0
29950,29951,25955084#1,27.825000000000003,5.666666666666667
29952,29953,25955085,81.03750000000001,5996.562419562421
29954,29955,25955087#0,30.87,1618.9333333333334
29956,29957,25955087#1,6.720000000000001,0.8
29958,29959,25955087#2,5.25,0.0
29960,29961,25955089,9.262406947890819,342.66451859807626
29962,29963,25955175#0,10.471621621621622,6.693693693693693
29964,29965,25955175#1,11.321739130434784,4.905138339920948
29966,29967,25955175#2,2.3939999999999997,0.2933333333333333
29968,29969,25955175#3,30.156,1950.6266666666668
29970,29971,25955318#0,3.1500000000000004,0.0
29972,29973,25955318#1,14.700000000000001,0.0
29974,29975,25974839#1,4.280769230769231,0.41025641025641035
29976,29977,25974839#2,2.1,0.3333333333333334
29978,29979,25974839#3,12.600000000000001,0.0
29980,29981,25974839#4,13.65,0.0
29982,29983,25974839#5,11.35909090909091,4.163636363636362
29984,29985,25974839#6,2.8,0.24999999999999997
29986,29987,25993505#1,11.676724137931036,135.862371445856
29988,29989,25993505#2,3.3036585365853663,0.32804878048780484
29990,29991,25993505#3,2.6653846153846152,0.5708502024291496
29992,29993,25993505#4,2.4397058823529414,0.22549019607843138
29996,29997,26071515#0,3.5424920127795527,1.4784140247399036
29998,29999,26071515#1,7.246721311475411,2.3323986194995694
30000,30001,26134437,7.3500000000000005,0.0
30002,30003,26134440#0,9.450000000000001,0.0
30004,30005,26134440#1,9.450000000000001,0.0
30006,30007,26134440#2,8.4,2.0
30008,30009,26134440#3,10.5,0.0
30010,30011,26134440#4,9.450000000000001,0.0
30012,30013,26134450,13.65,0.0
30024,30025,26134480#0,24.675,3.0
30026,30027,26134480#1,16.8,1.3333333333333333
30034,30035,26134507#0,14.9625,2.25
30036,30037,26134507#1,14.175,1.0000000000000002
30056,30057,26135510#0,6.300000000000001,0.0
30058,30059,26135510#1,6.300000000000001,0.0
30062,30063,26135523#0,5.7,0.28571428571428575
30064,30065,26135523#1,1.96875,0.125
30066,30067,261386207#0,4.2,0.0
30068,30069,261386207#1,18.900000000000002,0.0
30070,30071,261386347#0,10.5,0.0
30072,30073,261386347#1,7.3500000000000005,0.0
30074,30075,261445607#0,6.300000000000001,0.0
30076,30077,261445607#1,5.25,0.0
30078,30079,261448661,27.825000000000003,0.5
30080,30081,261448764#1,15.225000000000001,1.6666666666666667
30082,30083,261448764#2,9.7125,0.25
30088,30089,261448764#5,16.275000000000002,0.5
30090,30091,261448764#6,7.000000000000001,2.333333333333334
30092,30093,26176222#0,21.572727272727274,2.072727272727274
30094,30095,26176222#1,8.4,0.6000000000000006
30096,30097,26176222#2,31.150000000000002,1959.1515151515152
30098,30099,26176223#0,7.28,0.6380952380952382
30100,30101,26176223#1,24.01,5.552380952380952
30102,30103,26176224#0,8.925,0.5
30104,30105,26176224#1,8.4,1.0
30106,30107,26176224#2,9.03,5.299999999999999
30108,30109,26176225#0,6.300000000000001,0.0
30110,30111,26176225#1,5.775,0.3333333333333333
30112,30113,26176225#3,4.2,8.0
30114,30115,26176225#4,3.6750000000000003,0.5
30116,30117,26176225#5,7.3500000000000005,0.0
30118,30119,26176229,15.75,0.0
30120,30121,26179010,9.450000000000001,0.0
30124,30125,26180725,31.5,578.0
30128,30129,26180731#0,5.918181818181819,41.054545454545455
30130,30131,26180731#1,12.600000000000001,1.0
30134,30135,26180733#0,1.3125,0.25
30136,30137,26180733#1,3.1500000000000004,0.0
30140,30141,26180733#3,3.1500000000000004,0.0
30142,30143,26219867,57.225,0.5
30146,30147,26219869#0,45.15,18.500000000000004
30148,30149,26219869#1,10.2375,0.9166666666666665
30152,30153,26219870#1,46.2,0.0
30156,30157,26219871#0,22.750000000000004,10.333333333333332
30164,30165,26223313#0,186.375,264.5
30168,30169,26224134#0,8.4,0.3999999999999999
30170,30171,26224134#1,8.850000000000001,0.28571428571428575
30172,30173,26224134#2,12.600000000000001,0.8571428571428571
30174,30175,26224442,5.2343283582089555,0.7047761194029851
30176,30177,26224444#0,67.9,87.06666666666668
30178,30179,26224546#1,3.6750000000000003,0.5714285714285713
30182,30183,26224548,35.00000000000001,4.333333333333332
30190,30191,26288510#0,2.1,0.4
30192,30193,26288510#1,7.3500000000000005,0.0
30194,30195,26320091,2.841743119266055,0.5241250424736661
30212,30213,26334127,21.4421052631579,9.54765291607397
30214,30215,26334131#1,21.2625,0.9166666666666666
30216,30217,26334132#0,14.112711864406782,3.9059029807130337
30218,30219,26334132#1,51.39750000000001,5671.268644067797
30220,30221,26334133#0,7.397727272727273,1.8549783549783552
30222,30223,26334133#1,9.163636363636364,0.8744588744588746
30224,30225,26334133#2,5.3931818181818185,0.5043290043290043
30226,30227,26334133#3,10.55,13.547619047619046
30228,30229,26339174,17.92,5.780952380952383
30230,30231,26339462#0,4.581818181818182,25.766233766233768
30232,30233,26339462#1,1.05,0.0
30234,30235,26339462#2,5.11304347826087,23.482213438735187
30236,30237,26339462#4,6.750000000000001,2.7571428571428576
30238,30239,26339463#0,24.266666666666666,9.36111111111111
30240,30241,26339463#1,3.3600000000000003,0.39999999999999986
30242,30243,26339463#2,3.9899999999999998,0.39999999999999997
30244,30245,26339463#3,3.1500000000000004,0.2222222222222222
30246,30247,26339463#4,8.61,1.5111111111111115
30248,30249,26339463#5,15.4,2.333333333333334
30250,30251,26339463#6,1.8375000000000001,0.25
30252,30253,26339463#7,5.775,0.9999999999999999
30254,30255,26339463#8,4.8,0.9523809523809526
30258,30259,26339464#0,7.48125,0.6964285714285714
30260,30261,26339464#1,9.450000000000001,0.0
30262,30263,26339464#2,7.14,0.19999999999999996
30264,30265,26339464#3,4.3500000000000005,0.14285714285714288
30266,30267,26339465,16.8,11.000000000000002
30268,30269,26339466,25.200000000000003,0.0
30270,30271,26339468#0,5.734615384615385,0.4358974358974359
30272,30273,26339468#1,3.6750000000000003,0.27272727272727254
30274,30275,26339468#2,12.600000000000001,2.0
30278,30279,26339471#0,6.125,0.33333333333333337
30280,30281,26339471#1,7.65483870967742,0.8129032258064517
30282,30283,26339471#2,1.2140625,0.26512096774193555
30284,30285,26339471#3,7.1689655172413795,0.504926108374384
30286,30287,26339471#4,4.694117647058824,0.2647058823529414
30288,30289,26339471#5,107.40882352941178,6128.345588235294
30290,30291,26339472#0,17.85,0.0
30292,30293,26339472#1,3.6750000000000003,0.45454545454545436
30294,30295,26339472#2,9.012500000000001,0.810606060606061
30296,30297,26339472#3,12.3375,2.3863636363636367
30298,30299,26339472#4,5.1625000000000005,0.446969696969697
30300,30301,26339472#5,43.44375,1192.9166666666667
30302,30303,26339473#0,14.63,4.495238095238095
30304,30305,26339473#1,29.925,0.5
30306,30307,26339476#1,13.912500000000001,1.642857142857143
30308,30309,26339478#0,14.700000000000001,6.0
30310,30311,26339478#1,4.3500000000000005,0.8095238095238093
30312,30313,26339478#2,12.133333333333333,1.7777777777777777
30314,30315,26339478#3,11.418750000000001,2.4107142857142856
30316,30317,26339478#4,33.016666666666666,413.2777777777777
30322,30323,26339480#1,16.275000000000002,1.666666666666666
30324,30325,26339480#3,18.375,3.6666666666666665
30326,30327,26339623#0,9.8,0.33333333333333304
30328,30329,26339623#2,7.7,0.3333333333333335
30330,30331,26339623#3,17.85,2.0
30332,30333,26339623#4,7.875,1.9
30334,30335,26339623#5,7.000000000000001,0.3333333333333335
30336,30337,26339623#6,2.7,0.28571428571428564
30338,30339,26339623#7,6.65,5.333333333333334
30340,30341,26339624#1,10.5,0.4999999999999999
30342,30343,26339624#2,9.240000000000002,1.2000000000000002
30354,30355,26339627#1,21.0,0.0
30356,30357,26339627#2,22.05,0.0
30358,30359,26339627#3,6.300000000000001,0.0
30360,30361,26356902#0,32.550000000000004,8.0
30362,30363,26356902#1,21.525000000000002,4.5
30364,30365,26356922#1,7.3500000000000005,0.0
30368,30369,26358091#0,19.95,98.0
30370,30371,26358091#1,24.150000000000002,882.0
30372,30373,263949099#0,2.8,0.33333333333333326
30374,30375,26416597#1,23.1,0.0
30378,30379,26416599#0,10.675,1.6764705882352946
30380,30381,26416599#1,7.65,0.6142857142857142
30382,30383,26416600#0,34.65,2.0
30384,30385,26416600#1,6.3954545454545455,0.4909090909090909
30386,30387,26416600#2,11.9,1.5238095238095235
30392,30393,26416602#0,9.240000000000002,0.7000000000000003
30394,30395,26416602#1,9.450000000000001,0.0
30396,30397,26416602#2,9.450000000000001,0.0
30400,30401,26416602#4,8.4,0.666666666666667
30402,30403,26416602#5,5.25,0.0
30404,30405,26416602#6,6.825,0.5
30406,30407,26416603#0,9.1875,0.9166666666666665
30408,30409,26416603#1,8.4,1.0
30410,30411,26416603#10,1.47,0.3
30412,30413,26416603#11,2.625,1.0
30414,30415,26416603#12,8.4,1.0
30416,30417,26416603#2,3.5000000000000004,0.33333333333333326
30418,30419,26416603#3,3.1500000000000004,0.0
30420,30421,26416603#4,2.1,0.0
30422,30423,26416603#5,6.300000000000001,0.0
30424,30425,26416603#6,4.2,0.0
30426,30427,26416603#7,3.1500000000000004,0.0
30428,30429,26416603#8,3.85,2.333333333333333
30430,30431,26416603#9,2.45,0.33333333333333326
30432,30433,26416604#0,8.4,0.0
30434,30435,26416604#1,13.65,0.0
30438,30439,26416605#1,7.875,0.5
30440,30441,26416605#2,17.85,4.0
30442,30443,26416606#0,9.1875,0.25
30444,30445,26416606#1,8.05,0.33333333333333326
30446,30447,26416606#2,12.600000000000001,1.5000000000000004
30448,30449,26416606#3,4.83,0.30000000000000004
30450,30451,26416607,19.425,0.5
30452,30453,26438879#0,4.9,0.33333333333333326
30454,30455,26438879#1,6.65,2.333333333333333
30456,30457,26438879#2,2.1,0.0
30458,30459,26438880#0,11.55,0.0
30470,30471,26438881#5,2.1,0.0
30472,30473,26438881#6,21.700000000000003,9.333333333333336
30478,30479,26438884#1,9.727941176470589,5.049019607843135
30480,30481,26438884#2,9.566666666666666,1.0256410256410255
30482,30483,26438884#3,4.6375,0.4469696969696969
30484,30485,26438884#4,2.25,0.14285714285714288
30486,30487,26438884#5,13.65,1.2
30488,30489,26438884#6,4.375000000000001,0.5666666666666667
30490,30491,26438884#7,2.45,0.2666666666666666
30492,30493,26438884#8,4.41,0.2
30494,30495,26438885#1,17.325,4.5
30496,30497,26438885#2,3.1500000000000004,0.0
30500,30501,26451325#1,15.967241379310346,133.02709359605907
30504,30505,26451326,21.700000000000003,6.333333333333333
30506,30507,26451327#1,9.975,70.36842105263158
30508,30509,26451327#10,4.2,0.0
30510,30511,26451327#11,3.85,4.333333333333333
30512,30513,26451327#12,3.3500000000000005,0.2619047619047619
30514,30515,26451327#13,3.9375,0.21428571428571422
30516,30517,26451327#14,3.1500000000000004,0.0
30518,30519,26451327#15,3.1500000000000004,0.0
30520,30521,26451327#16,3.6750000000000003,0.33333333333333326
30522,30523,26451327#17,3.6750000000000003,0.3333333333333333
30524,30525,26451327#18,3.1500000000000004,0.0
30526,30527,26451327#19,6.300000000000001,1.0
30528,30529,26451327#2,10.762500000000001,1.583333333333334
30530,30531,26451327#4,3.1500000000000004,0.0
30532,30533,26451327#6,1.05,0.0
30534,30535,26451327#8,3.1500000000000004,2.0
30536,30537,26471752#1,8.82,25.3
30538,30539,26471752#2,9.870000000000001,0.2999999999999998
30540,30541,26471752#3,2.1,0.0
30542,30543,26471752#4,3.1500000000000004,0.0
30544,30545,26471752#5,3.5000000000000004,1.3333333333333335
30548,30549,26471932#0,11.25,28.57142857142857
30550,30551,26471933,5.25,1.0
30552,30553,26471934#1,4.7250000000000005,3.2142857142857144
30554,30555,26471934#2,18.178125,5.162499999999999
30556,30557,26471934#3,4.3968750000000005,0.29583333333333345
30558,30559,26471935#0,3.6750000000000003,0.30000000000000004
30560,30561,26471935#1,6.4750000000000005,0.5666666666666669
30562,30563,26471935#2,8.05,0.33333333333333326
30564,30565,26471935#3,13.3,1.333333333333333
30566,30567,26471936#0,6.300000000000001,0.0
30568,30569,26471936#1,5.775,0.5
30570,30571,26471936#2,14.700000000000001,0.0
30572,30573,26471936#3,4.2,0.0
30574,30575,26471937#0,2.1,0.0
30576,30577,26471937#1,3.1500000000000004,0.0
30584,30585,26471940#1,4.374,0.3114614121510674
30586,30587,264743653#1,90.825,12.5
30588,30589,264743654,44.1,3.0
30590,30591,26546530#1,3.069230769230769,1.0769230769230769
30592,30593,26546533,4.7372093023255815,0.25581395348837205
30594,30595,26546601,16.847727272727276,1.5792811839323446
30596,30597,26546602,16.695,3.0973154362416113
30598,30599,26546603,5.130927835051547,0.4349226804123712
30600,30601,26546605,4.163793103448276,0.10591133004926105
30602,30603,26546606,3.4363636363636365,0.41818181818181815
30604,30605,26546610,3.1500000000000004,0.0
30630,30631,26574717,1.925,0.5151515151515151
30650,30651,26642304#0,2.1,0.0
30652,30653,26642304#2,7.3500000000000005,0.0
30654,30655,26642305#1,24.150000000000002,0.0
30656,30657,26642306#0,22.05,5.5
30662,30663,26642362#0,10.709999999999999,0.6222222222222222
30664,30665,26642362#1,17.675,3.606060606060605
30666,30667,26642362#2,12.600000000000001,264.0
30668,30669,26642362#3,21.161538461538463,563.8076923076922
30670,30671,26642362#4,7.511538461538462,72.3076923076923
30672,30673,26642362#5,13.003846153846155,606.4230769230769
30678,30679,26642373#1,8.750000000000002,0.3333333333333335
30680,30681,26642373#2,9.450000000000001,0.6666666666666666
30682,30683,26642373#3,9.1875,0.25000000000000017
30688,30689,266507532,7.549647887323944,0.6908202154101071
30692,30693,266507534,111.30000000000001,392.6666666666667
30694,30695,266507535,28.26811926605505,13.341031319202784
30696,30697,266507536,8.476588235294118,20.704572697003314
30698,30699,266507537,4.554648956356736,1.26973109862122
30700,30701,266507538,6.186961722488038,0.5615239865523844
30702,30703,266507539,3.718848758465011,23.140220422254693
30704,30705,266507539.83,6.78593023255814,18.640803382663844
30706,30707,266507540,3.9029605263157894,1.9790432206343678
30708,30709,266507540.73,3.798529411764706,0.6675381263616559
30710,30711,266507541,12.0,7.9523809523809526
30712,30713,266507542#0,39.107894736842105,844.4385964912278
30714,30715,266507543,2.6841549295774647,0.27093620546810254
30716,30717,266507544,6.750000000000001,2.285714285714286
30718,30719,266507545,4.8,0.28571428571428564
30720,30721,266507546,9.41139705882353,0.7319716775599129
30722,30723,266507547#0,21.37317073170732,535.5935284227968
30724,30725,266507548,13.264285714285714,196.9412872841444
30726,30727,266507550#0,12.11496062992126,111.41236358613061
30728,30729,266507551,26.95408878504673,5724.446250738689
30730,30731,266507552#0,50.33391608391609,9631.358179203973
30732,30733,266507553,3.3075,0.45000000000000023
30734,30735,266507553.35,38.5,808.5
30736,30737,266507554#0,36.75,579.1707317073169
30738,30739,266507555,6.13421052631579,57.55626872058196
30740,30741,266507557#0,4.816783216783217,10.930928720402417
30742,30743,266507557#1,5.1906976744186055,43.90013289036541
30744,30745,266507557#2,15.338372093023256,140.77913621262448
30746,30747,266507558,12.705,69.88421052631577
30748,30749,266561174#0,12.509677419354839,158.25338943431504
30750,30751,266561177#0,2.4846534653465344,0.2944554455445545
30752,30753,266561177#1,3.3683168316831686,0.2663366336633664
30754,30755,266561178#0,30.292500000000004,407.45169491525405
30756,30757,266565295#0,5.1092783505154635,0.47143470790378
30758,30759,266565295#1,10.726470588235294,1.5965831877305374
30760,30761,266565295#2,17.07061855670103,48.38079896907217
30762,30763,266565295#3,17.3625,4.616883116883117
30764,30765,266565295#4,3.7317567567567567,0.6340244353942981
30766,30767,266565295#6,32.108695652173914,4097.306052855924
30768,30769,266565299,1.4721649484536081,0.24291237113402067
30770,30771,266565302,63.033070866141735,3290.284714410697
30772,30773,266567294#0,11.391980198019802,423.35825868301106
30774,30775,266567303,9.46861152141802,351.89317647470153
30776,30777,266567304#0,41.34842767295598,1800.2359635678176
30778,30779,266567307#0,71.82747035573122,1846.3455047368088
30780,30781,266567307#1,27.153225806451612,797.3005337665352
30782,30783,266567308#0,27.764044943820224,1360.318387194243
30784,30785,266607792#0,3.3019438444924405,9.331827999214612
30786,30787,266607792#1,2.1847533632286993,2.5013352143900858
30788,30789,266607792#2,1.0641573033707865,0.2655835610891792
30790,30791,266607792#3,5.560496613995485,1.8603209299000016
30792,30793,266607792#4,5.965909090909091,3.94864361151377
30794,30795,266607792#5,8.8675,21.192698033867472
30796,30797,266607792#7,6.597872340425533,14.97620248058889
30798,30799,266607795#0,2.569620253164557,0.34996066652363605
30800,30801,266607795#1,2.708823529411765,0.5906463851363329
30802,30803,266607795#2,5.304310344827587,46.84579788028062
30804,30805,266607795#4,4.83,0.40934579439252333
30806,30807,266607795#5,4.9875,0.8184931506849312
30808,30809,266607795#6,0.9873853211009175,0.13928465733733564
30810,30811,266607795#7,2.8513761467889913,0.22288927408785347
30812,30813,266607795#8,4.643863636363637,0.409526774595268
30814,30815,266607795#9,11.895205479452056,7.762975995978381
30816,30817,266607796,2.0847383720930233,1.5945403078174787
30818,30819,266607798,2.490697674418605,15.563767035053207
30820,30821,266607800#0,5.4396475770925115,23.184047405559227
30822,30823,266607800#1,6.337004405286344,52.963354255194744
30824,30825,266607801#0,3.48263358778626,9.788146003334216
30826,30827,266607801#1,10.47972972972973,90.7321840112538
30828,30829,266607802#1,6.658860759493671,1.2767646427805193
30830,30831,266607803#1,10.155223880597015,13.09707870901901
30832,30833,266607803#2,2.0183585313174945,0.9722962422746435
30834,30835,266607804#0,3.052890173410405,99.1798274273268
30836,30837,266607804#1,38.638842975206614,3267.9566838652713
30838,30839,266607805#0,32.597085201793725,277.19617824102147
30842,30843,26677213#0,7.7700000000000005,0.30000000000000016
30844,30845,26677213#1,6.93,0.30000000000000004
30846,30847,26677213#2,7.14,0.2
30848,30849,26677213#3,1.26,0.2
30850,30851,26677213#4,2.3100000000000005,0.20000000000000004
30852,30853,26677213#5,3.57,0.30000000000000004
30854,30855,26677213#6,3.1500000000000004,0.0
30856,30857,26677214#0,14.700000000000001,1.0
30858,30859,26677214#1,1.05,0.0
30860,30861,26677214#2,2.1,0.0
30862,30863,26677214#3,10.15,0.33333333333333304
30864,30865,26677214#4,10.5,0.0
30868,30869,26677216#0,31.150000000000002,6.333333333333336
30870,30871,26677216#1,7.3500000000000005,0.0
30872,30873,26677216#2,5.25,0.0
30874,30875,26677216#3,5.25,0.0
30876,30877,26677216#4,7.3500000000000005,0.0
30878,30879,26677216#5,9.450000000000001,0.0
30880,30881,26677416#0,2.1,0.0
30882,30883,26677416#1,14.700000000000001,2.0
30884,30885,26677416#2,15.540000000000001,1.7
30886,30887,26677416#3,14.490000000000002,0.7000000000000003
30888,30889,26677416#4,11.13,0.8000000000000003
30890,30891,26677416#5,1.47,0.30000000000000004
30892,30893,26677416#6,0.8400000000000001,0.2
30894,30895,26677416#7,2.1,0.0
30896,30897,26677417#0,14.700000000000001,4.0
30898,30899,26677417#1,4.83,0.30000000000000016
30910,30911,26677542#0,12.600000000000001,0.6666666666666666
30912,30913,26677542#1,5.775,1.6666666666666667
30914,30915,26677542#2,5.4,0.14285714285714282
30916,30917,26677542#3,13.912500000000001,0.24999999999999986
30920,30921,266885713,53.843856655290104,13.70907943335358
30922,30923,266885714,4.719020501138953,2.8213145276208915
30924,30925,266885715,14.245000000000001,2.6303370786516864
30926,30927,266885716,6.718852459016394,0.4388998979162912
30928,30929,266885717,3.4172727272727275,0.33725055432372497
30930,30931,266885717-AddedOffRampEdge,4.155454545454545,0.34575018477457514
30932,30933,266885719,5.418430034129694,6.511851886483707
30934,30935,266885720,19.194163424124515,3.149429995221518
30936,30937,266885721#0,22.316304347826087,267.6067386015021
30938,30939,266885722,4.507643312101911,1.5930916217540414
30940,30941,266885723#0,43.67236363636364,3644.497757133376
30942,30943,266887586,5.12542372881356,0.6411828344752976
30944,30945,266887587,8.270425531914894,3.2966721222040376
30946,30947,266887588#0,13.317625899280577,249.33385465540613
30948,30949,266887589#0,2.559375,150.7302215189874
30950,30951,266887589#1,53.589375000000004,7543.808702531648
30952,30953,266887589#2,31.73486842105263,4407.05596491228
30954,30955,266887589#3,61.438815789473686,7370.039824561405
30956,30957,266887591,6.505714285714285,4.920475075276015
30958,30959,266887592,13.641063829787234,186.9486452082198
30960,30961,266887593#1,8.76265060240964,65.24313382562507
30962,30963,266887593#2,5.544664031620553,40.62331388418344
30964,30965,266887593#3,2.0466796875,0.9974111519607849
30966,30967,266887593#4,16.777338129496403,3.1951829840475456
30968,30969,266887593#6,4.547482014388489,6.817224481284537
30980,30981,26766980#0,9.450000000000001,2.0
30982,30983,26766980#1,10.5,2.0
30990,30991,268133899#0,42.0,0.0
30992,30993,268133899#1,14.700000000000001,0.0
30994,30995,268133899#2,5.25,0.0
31004,31005,268133900#2,22.05,8.0
31006,31007,268133900#3,4.2,0.0
31008,31009,268133900#4,7.3500000000000005,0.0
31016,31017,268133904#0,17.994827586206895,3.3374384236453203
31018,31019,268133904#1,27.132,6.14
31020,31021,268133904#2,15.1375,1.992753623188406
31022,31023,26814848#0,3.7500000000000004,0.28571428571428564
31024,31025,26814848#1,13.912500000000001,0.9166666666666665
31026,31027,26814848#2,3.2052631578947373,0.052631578947368446
31028,31029,26814848#4,8.214705882352941,2.0294117647058822
31030,31031,26814848#5,9.882352941176471,1.5073529411764703
31032,31033,26972791,17.85,0.0
31034,31035,26973015,58.23243243243243,5485.052767052769
31036,31037,26973018#1,11.21842105263158,2.5614035087719293
31038,31039,27082004,8.900581395348837,47.946511627906986
31044,31045,27195926#1,15.225000000000001,6.999999999999999
31046,31047,27196044#0,16.05,3.6931216931216926
31048,31049,27196044#1,8.321250000000001,0.8916666666666665
31050,31051,27196044#2,3.9899999999999998,0.3692307692307694
31052,31053,27196044#3,3.28125,0.31730769230769235
31054,31055,27196044#4,3.28125,0.3685897435897436
31056,31057,27196044#5,4.01625,0.3019230769230771
31058,31059,27196044#6,4.22625,0.3326923076923077
31060,31061,27196044#7,2.33625,0.23012820512820506
31062,31063,27196044#8,10.106250000000001,1.4711538461538465
31064,31065,272042143,24.366176470588236,5.14248366013072
31066,31067,272042145,25.422199170124482,25.91753112033196
31068,31069,272255518#0,14.35,4.333333333333334
31070,31071,272255518#1,3.616666666666667,0.7777777777777778
31080,31081,272255519#4,5.25,0.5
31082,31083,272255519#5,10.5,2.0
31084,31085,272255519#6,28.35,0.0
31086,31087,27267723,2.2638297872340427,0.14690982776089168
31088,31089,27267724,6.211267605633803,0.5601837978223955
31090,31091,273078633,13.65,0.0
31092,31093,273078634#0,2.975,2.966666666666667
31094,31095,273078634#1,5.25,0.3999999999999999
31096,31097,273078634#2,12.600000000000001,0.5
31098,31099,273123309#0,998.7923076923078,233621.7846153846
31100,31101,273123311,17.881818181818183,2.7990675990675973
31102,31103,273123315,97.65,211.99999999999994
31108,31109,273123319,17.85,0.0
31110,31111,27453586#0,56.29682320441989,4174.442180254358
31116,31117,274823622#0,12.170454545454547,2.158008658008657
31118,31119,274823622#1,38.025000000000006,3336.9153439153442
31120,31121,274823622#10,750.33,615831.8285714285
31122,31123,274823622#3,55.11219512195122,9127.356097560976
31124,31125,274823622#4,3.880434782608696,53.0395256916996
31126,31127,274823622#5,28.571052631578947,2940.842105263158
31128,31129,274823622#6,181.35000000000002,28991.2967032967
31130,31131,274823622#9,224.25000000000003,54133.64835164836
31132,31133,274823623#1,3.1500000000000004,0.0
31134,31135,274823624#0,2.45,0.33333333333333326
31136,31137,274823624#1,13.200000000000001,1.2857142857142863
31142,31143,27761238#1,2.1,0.0
31144,31145,27761238#2,4.7250000000000005,0.5
31148,31149,27761238#4,15.05,0.3333333333333335
31150,31151,27761238#5,5.04,0.3789473684210524
31152,31153,27761238#6,13.65,0.0
31158,31159,27781907#0,13.125,1.666666666666667
31160,31161,27781907#1,54.6,1519.3333333333333
31170,31171,27781947#2,12.075000000000001,0.3333333333333333
31172,31173,27781947#3,25.200000000000003,2.0000000000000004
31174,31175,27781947#4,15.925,0.5666666666666662
31176,31177,27781947#5,69.95625,6621.696428571428
31178,31179,27782265#0,6.300000000000001,0.5000000000000002
31180,31181,27782265#1,6.65,1.0000000000000004
31184,31185,27782265#2,2.1,0.0
31186,31187,27782265#3,3.5000000000000004,0.33333333333333326
31188,31189,27782265#6,10.5,0.0
31190,31191,27782265#7,7.875,0.5
31202,31203,27825202#0,6.510000000000001,3.2
31204,31205,27825202#2,11.55,1.0
31206,31207,27825202#3,6.65,3.4666666666666663
31210,31211,27825654#1,5.85,0.2857142857142858
31212,31213,27825654#3,6.300000000000001,0.0
31214,31215,27825654#4,8.4,0.0
31216,31217,27825654#5,5.25,0.0
31218,31219,27825654#6,11.2,64.33333333333333
31220,31221,27827337,54.6,65.77777777777777
31228,31229,27830333#1,9.807,7.72161616161616
31230,31231,27866012#0,61.5,30.619047619047624
31232,31233,27866012#1,2.004545454545455,0.890909090909091
31236,31237,27866016,103.39,89.69523809523811
31240,31241,27872579#0,8.4,0.4
31242,31243,27872579#1,4.375000000000001,0.5666666666666667
31244,31245,27872579#2,8.925,0.5
31246,31247,27872579#3,6.825,0.5
31248,31249,27872582,15.225000000000001,0.5
31250,31251,27872583#0,2.1,0.0
31252,31253,27872583#1,5.775,0.5
31254,31255,27872583#2,6.825,0.5
31256,31257,27872583#3,3.6750000000000003,0.5
31258,31259,27872583#4,16.275000000000002,0.5
31260,31261,27872584#0,7.525,2.166666666666667
31262,31263,27872584#1,4.2,1.3333333333333337
31264,31265,27872584#2,6.0,0.5714285714285713
31266,31267,27872584#3,3.7500000000000004,0.6190476190476191
31268,31269,27872584#4,3.45,0.5714285714285715
31270,31271,27893434#1,78.58666666666667,10414.452525252527
31272,31273,27893434#2,193.89204545454547,70620.32293868922
31274,31275,27893434#3,222.2659090909091,83016.54756871035
31276,31277,27893434#4,54.4436170212766,10250.042553191488
31278,31279,27893434#5,264.8510869565217,80093.87487922705
31280,31281,27893434#6,74.309375,11559.244237588651
31282,31283,27894322#0,27.3,8.0
31284,31285,27894322#1,16.8,8.0
31286,31287,27914965#0,28.000000000000004,0.33333333333333304
31288,31289,27914965#2,14.175,0.5
31290,31291,27914966,31.5,0.0
31296,31297,27920078#0,30.347234042553193,948.5416621203851
31298,31299,27920078#1,25.32457627118644,894.0028849621343
31300,31301,27998319,3.198837209302326,0.23588039867109634
31302,31303,27998320#0,1.4,0.3333333333333333
31304,31305,27998320#1,18.55,4.333333333333335
31308,31309,27998322#1,2.625,0.5
31310,31311,27998675#2,10.675,2.5666666666666664
31312,31313,27998675#4,11.8125,0.25000000000000017
31314,31315,27998675#5,31.5,0.0
31316,31317,27998676#0,5.3025,0.36578947368421083
31318,31319,27998676#1,1.6916666666666669,0.369281045751634
31320,31321,27998676#2,4.2,0.23529411764705882
31322,31323,27998676#3,5.075,0.6176470588235295
31324,31325,27998676#4,3.8911764705882357,0.22058823529411764
31326,31327,28012818#1,13.400000000000002,5.190476190476188
31328,31329,28013725#2,13.5625,2.083333333333334
31330,31331,28013725#3,9.1,0.3333333333333335
31332,31333,28013728#0,1.6500000000000001,0.28571428571428575
31334,31335,28013728#1,2.25,0.14285714285714288
31336,31337,28013728#10,2.45,0.2666666666666666
31338,31339,28013728#11,3.57,0.3
31340,31341,28013728#13,11.76,21.699999999999996
31342,31343,28013728#2,7.525,0.16666666666666666
31344,31345,28013728#3,3.6750000000000003,0.5
31348,31349,28013728#5,8.19,1.6999999999999997
31350,31351,28013728#6,1.6800000000000002,0.3
31352,31353,28013728#8,9.333333333333334,3.1111111111111107
31354,31355,28013728#9,10.950000000000001,2.9523809523809526
31356,31357,28013743#0,1.4,0.24242424242424238
31362,31363,28013743#2,2.625,4.5
31364,31365,28013743#3,3.1500000000000004,0.0
31366,31367,28013743#4,3.1500000000000004,0.0
31368,31369,28013743#5,2.1,0.0
31378,31379,28013748#0,3.1500000000000004,0.0
31382,31383,28013748#10,11.55,0.0
31386,31387,28013748#3,4.2,0.0
31388,31389,28013748#4,4.2,0.0
31398,31399,28013748#9,3.1500000000000004,0.0
31406,31407,28014167#0,82.95,0.0
31408,31409,28014167#1,110.25,72.0
31410,31411,28014167#3,29.400000000000002,16.0
31412,31413,28014170#1,50.400000000000006,0.0
31414,31415,28035146#0,8.925,0.5
31416,31417,28035146#1,5.25,0.0
31418,31419,28091398,0.44277108433734946,0.2468410226270937
31420,31421,28098600#0,1.5750000000000002,0.5
31422,31423,28098600#1,2.625,0.5
31424,31425,28098609#0,36.900000000000006,6083.476190476191
31426,31427,28098609#1,95.55,22969.0
31432,31433,28098611#1,6.43125,52.410714285714285
31436,31437,28111926#1,3.0187500000000003,0.9821428571428571
31438,31439,28111930#0,1.8900000000000001,0.7
31440,31441,28111930#1,17.85,0.0
31444,31445,28111977#1,24.150000000000002,0.0
31450,31451,28111977#4,30.450000000000003,0.0
31452,31453,28111977#5,32.9,20.333333333333332
31462,31463,28114237,9.4171875,22.28931451612903
31464,31465,28114295#0,13.65,1.0
31466,31467,28114295#1,7.3500000000000005,0.0
31468,31469,28119595#2,19.133333333333333,5.444444444444446
31470,31471,28119595#3,9.450000000000001,2.0
31476,31477,28124258#0,19.8,3.128571428571429
31478,31479,28124258#1,5.6,0.9696969696969692
31480,31481,28124258#2,19.186363636363637,2.4181818181818198
31482,31483,28124258#3,13.3,3.0
31510,31511,28124729#0,22.4,2.333333333333335
31512,31513,28124729#1,2.8,0.33333333333333337
31514,31515,28124729#2,324.45,0.0
31516,31517,28124764#0,4.375000000000001,0.16666666666666666
31518,31519,28124764#1,20.3,3.7500000000000018
31520,31521,28124764#2,7.116666666666667,0.19444444444444445
31522,31523,28124764#3,10.903846153846155,86.75641025641023
31524,31525,28124764#4,6.219230769230769,45.57692307692307
31526,31527,28124854#1,9.856250000000001,65.01707299686339
31528,31529,28124854#1.89,13.700000000000001,130.09352723125178
31532,31533,28132014#0,6.965929203539823,5.167583040966296
31534,31535,28132014#1,7.2880530973451325,215.52905342898535
31536,31537,28132014#2,11.500295857988165,93.38647656839854
31538,31539,28132017,3.5840782122905033,0.24386416420814763
31540,31541,28132244#0,4.2,2.0
31542,31543,28132244#1,5.25,0.0
31544,31545,28132244#2,8.4,0.0
31546,31547,28132718,9.240000000000002,3.0666666666666664
31552,31553,28132749#2,3.1500000000000004,0.0
31554,31555,28132813,16.8,198.66666666666666
31556,31557,28132836#0,6.16,15.29195402298851
31558,31559,28132836#1,1.7625000000000002,0.22619047619047616
31560,31561,28132836#2,4.5375,3.263227513227515
31562,31563,28132836#3,3.709090909090909,0.35748462064251535
31564,31565,28132836#4,12.544,1.6457657657657667
31566,31567,28132865,13.65,0.0
31568,31569,28132869,9.975,0.5
31574,31575,28133087,23.1,0.0
31576,31577,28133099,26.25,0.0
31578,31579,28133108#0,3.1500000000000004,0.0
31584,31585,28133112#0,6.300000000000001,2.0
31596,31597,28133177#0,21.0,0.0
31598,31599,28133177#1,10.5,0.0
31602,31603,28133181#0,15.75,0.0
31608,31609,28161015,161.70000000000002,2.0
31610,31611,28161024#0,4.2,0.0
31612,31613,28161024#1,12.3375,2.25
31614,31615,28161024#2,9.1875,0.9166666666666665
31622,31623,28161026#3,4.2,0.0
31624,31625,28161026#4,6.300000000000001,0.0
31626,31627,28161026#5,7.3500000000000005,0.0
31628,31629,28161026#6,11.55,0.0
31636,31637,28161105#0,37.275,12.5
31642,31643,28161139,133.0,28258.333333333332
31644,31645,28161140,184.45,54467.99999999999
31648,31649,28161141#1,16.8,0.0
31650,31651,28162357#1,2.216666666666667,0.6111111111111113
31652,31653,28162375#1,16.275000000000002,312.5
31654,31655,28162375#2,19.425,0.5
31656,31657,28162390#1,9.0,18.619047619047617
31658,31659,28162390#2,13.020000000000001,1.2999999999999998
31660,31661,28232068#0,5.191666666666667,2.4084967320261437
31662,31663,28232068#1,360.32500000000005,40194.852941176476
31664,31665,28252424,8.466315789473684,24.57043673012318
31666,31667,282532460#0,7.3500000000000005,0.0
31668,31669,282532460#1,7.3500000000000005,0.0
31670,31671,282532460#2,5.775,0.5
31672,31673,28268963,25.725,4.5
31674,31675,28268964#0,11.025,0.5
31676,31677,28268964#1,26.25,2.0
31678,31679,28269269#0,21.0,2.0
31690,31691,28269326#0,8.925,0.3333333333333333
31692,31693,28269326#1,15.75,0.0
31694,31695,28269326#2,15.75,0.0
31696,31697,28269326#3,7.3500000000000005,0.0
31698,31699,28269326#4,16.8,2.0
31702,31703,28269616#1,2.1,0.0
31706,31707,28269616#3,2.55,1.9523809523809523
31708,31709,28269616#4,4.9875,0.24999999999999992
31710,31711,28269620#0,13.65,0.0
31716,31717,28269631,2.8875,1.5833333333333333
31718,31719,28269810#1,10.352803738317757,46.337062875696546
31720,31721,28269810#2,34.380628272251315,1309.1917332598512
31728,31729,283067359#3,6.300000000000001,0.0
31730,31731,283067359#4,5.25,0.0
31732,31733,283067359#5,19.95,0.0
31734,31735,283067359#6,1.05,0.0
31736,31737,283067369,42.0,18.0
31738,31739,28319300#0,20.895,15.877777777777782
31740,31741,28319300#1,5.483333333333333,0.19444444444444445
31742,31743,28319300#2,8.516666666666667,0.6111111111111114
31744,31745,28319300#4,3.6,0.28571428571428564
31746,31747,28319300#5,8.25,0.4761904761904761
31748,31749,28319300#6,1.26,0.2
31750,31751,28319300#7,7.3500000000000005,0.0
31752,31753,28320823,17.85,0.0
31754,31755,283470309,1.5,0.2857142857142857
31756,31757,28390298,56.93333333333334,18.44444444444445
31758,31759,28418763,23.55,103.3840889649273
31760,31761,28418764,22.80265486725664,44.311946902654846
31764,31765,284224052#0,14.700000000000001,0.0
31766,31767,284224052#1,3.1500000000000004,0.0
31770,31771,284224054#2,24.150000000000002,0.0
31772,31773,28444755,111.58636363636363,64.21818181818182
31774,31775,285490885,10.5,1.0
31776,31777,285548171#0,10.5,0.0
31778,31779,285548171#1,2.1,0.0
31780,31781,285549250#0,5.186148648648649,18.05750137892996
31782,31783,285549250#0.50,17.709060402684567,192.03591510974067
31784,31785,285716192#0,44.33161764705882,6155.639869281045
31786,31787,285716192#1,28.790073529411764,4242.497113289761
31788,31789,28577490#0,5.096875000000001,0.5101950354609932
31790,31791,28577490#1,1.4875,0.24822695035460993
31792,31793,28577490#3,3.1327868852459018,0.4163934426229508
31794,31795,28593900,12.272292993630575,1.6263269639065812
31796,31797,28639688#1,6.539108910891089,7.46032215161815
31798,31799,28639688#2,10.193316831683168,464.37695187429205
31800,31801,28639688#3,4.647029702970298,195.72828924683515
31802,31803,286646181,29.711111111111112,9.831908831908832
31808,31809,286646184#0,16.8,0.0
31810,31811,286646185,44.1,0.0
31812,31813,286646186#0,17.667391304347827,62.69565217391303
31814,31815,286646186#1,3.606521739130435,19.620553359683793
31820,31821,286646188#0,2.1,0.0
31824,31825,286646188#2,3.1500000000000004,0.0
31826,31827,286646188#3,1.05,0.0
31828,31829,286646188#4,20.7375,2.9166666666666665
31830,31831,286646188#5,14.175,0.5
31832,31833,286646190#0,10.5,0.0
31834,31835,286646190#1,35.7,0.0
31842,31843,286646191#3,2.1,0.0
31844,31845,286646456#0,4.040506329113924,5.258682246024018
31846,31847,286646456#2,5.565,0.5761006289308175
31848,31849,286646456#3,3.3553072625698324,0.8548113740505924
31850,31851,286646456#4,6.129888268156425,0.5972004268407509
31852,31853,28738529#1,2.1,0.0
31854,31855,28738529#12,4.95,2.2380952380952377
31856,31857,28738529#13,2.52,0.3
31858,31859,28738529#14,14.175,0.5
31860,31861,28738529#15,13.125,0.5
31862,31863,28738529#2,2.1,0.0
31866,31867,28738529#4,10.850000000000001,0.33333333333333304
31872,31873,28738529#8,21.7875,46.916666666666664
31874,31875,28738529#9,2.625,1.0
31876,31877,28738541#0,3.925568181818182,1.4136624869383494
31878,31879,28738541#1,1.2886363636363638,0.4535005224660398
31898,31899,28740443#0,2.1,0.0
31900,31901,28740443#1,4.2,0.0
31908,31909,28763451#1,4.2,0.0
31910,31911,28763451#2,1.1812500000000001,0.125
31924,31925,28781036#7,7.3500000000000005,0.0
31926,31927,288193337#0,4.2,0.0
31932,31933,288213480#0,11.025,2.9999999999999987
31934,31935,288213480#1,9.450000000000001,0.0
31936,31937,288213480#2,8.4,0.0
31938,31939,28845091#0,27.3,9.0
31942,31943,28845091#2,6.300000000000001,0.0
31946,31947,28845095#0,77.0,81.33333333333337
31954,31955,28970268#0,3.5250000000000004,0.7087912087912086
31956,31957,28970268#1,6.872727272727273,0.6727272727272726
31958,31959,28970268#2,13.125,0.33333333333333304
31960,31961,28970268#3,8.4,0.0
31968,31969,289879699,9.450000000000001,0.0
31970,31971,29001352,3.351063829787234,0.33209990749306206
31972,31973,29002239,35.30625,10.51666666666666
31974,31975,29002248#0,174.3,123245.50000000001
31976,31977,29002248#1,19.425,312.3333333333333
31978,31979,29002251#0,220.05,273242.2857142857
31980,31981,29002251#1,2.52,0.30000000000000004
31982,31983,29002252#0,10.122000000000002,2.573333333333333
31984,31985,29002252#1,4.662000000000001,149.09
31986,31987,29002252#3,30.5375,9408.166666666668
31988,31989,29002252#4,103.25,73463.36231884059
31990,31991,29002253,39.66136363636364,5608.660173160173
31992,31993,29002614,118.23,25440.299999999996
31994,31995,29002689,10.5,0.0
31996,31997,29002846,6.825,0.5
31998,31999,29027727#0,381.15000000000003,499378.0
32000,32001,29027727#1,253.26,47411.7
32002,32003,29027727#2,11.55,0.0
32004,32005,29027727#4,144.375,94623.1
32006,32007,29027727#5,7.14,0.2
32008,32009,29027727#6,1.05,0.0
32010,32011,29027727#7,84.9625,17959.537878787876
32012,32013,29027727#8,1.05,0.0
32014,32015,29027727#9,18.900000000000002,127.0
32016,32017,29027839#0,86.09036697247707,9979.76843357119
32018,32019,29027839#1,33.455504587155964,1251.9901461094123
32020,32021,29027839#2,73.03333333333333,6167.595015576325
32022,32023,29027840,6.0375000000000005,0.5999999999999999
32024,32025,29027936#1,4.206069364161849,1.0550389545111836
32026,32027,290388899,78.60211267605635,63.779879275653876
32028,32029,29048562#1,32.098101265822784,2777.5004290924703
32034,32035,29119849#0,0.9530769230769232,0.14759615384615388
32036,32037,29119849#1,18.02769230769231,244.36153846153846
32038,32039,29119850,9.235753676470589,18.29530589860255
32040,32041,29119850.76,1.90036563071298,9.879536064179574
32042,32043,29119851#0,3.7687500000000003,0.2827922077922077
32044,32045,29119851#1,2.811290322580645,1.0745637228979383
32046,32047,29119898,3.6272727272727274,0.43771043771043794
32048,32049,29146979#1,6.5625,0.5681818181818185
32050,32051,29146979#2,1.7500000000000002,0.2424242424242424
32052,32053,29146979#3,1.8375000000000001,0.20454545454545456
32054,32055,29146979#4,6.65,0.606060606060606
32058,32059,29187258#0,8.4,0.0
32060,32061,29187258#1,1.05,0.0
32062,32063,29187258#2,1.05,0.0
32064,32065,29187258#3,6.65,5.333333333333333
32066,32067,29187258#4,9.450000000000001,1.0
32068,32069,29187258#5,3.1500000000000004,0.8571428571428571
32070,32071,29187258#6,2.625,0.5
32076,32077,29205272#10,36.75,18.0
32080,32081,29205272#13,26.25,0.0
32084,32085,29205272#2,24.5,0.3333333333333339
32100,32101,29205273#0,6.0375000000000005,3.2954545454545454
32102,32103,29205273#1,4.390909090909091,0.36363636363636387
32104,32105,29205273#2,12.39,0.8444444444444447
32106,32107,29205273#5,11.316666666666668,0.4444444444444445
32108,32109,29205273#6,7.3500000000000005,0.6666666666666666
32110,32111,29205273#7,8.6625,0.25000000000000017
32112,32113,29205273#8,10.5,0.0
32114,32115,29205273#9,8.4,0.0
32118,32119,29205279,20.475,0.5
32120,32121,29212862#1,22.35483870967742,29.88218793828892
32122,32123,29212862#2,18.21,3.532919254658386
32124,32125,29213028#1,11.241176470588234,41.84558823529411
32126,32127,29213028#2,6.066666666666666,1.4871794871794877
32128,32129,29213363,46.410000000000004,1181.7
32130,32131,29213366,3.3600000000000003,2.177777777777778
32132,32133,29213402,1.647058823529412,0.24771888953601234
32134,32135,29213411,10.881818181818183,1.054545454545454
32136,32137,29213449#0,4.2,0.0
32138,32139,29213449#1,2.1,0.0
32140,32141,29213449#2,3.1500000000000004,0.0
32142,32143,29213449#3,2.1,0.0
32144,32145,29213477#0,11.55,1.2307692307692304
32146,32147,29213477#1,23.74615384615385,5.256410256410256
32148,32149,29213811,3.3750000000000004,8.51863354037267
32150,32151,29213889,2.744318181818182,0.31523247744621774
32154,32155,29238184#0,2.6372093023255814,0.27633378932968533
32156,32157,29238184#1,2.1976744186046515,0.17948016415868664
32158,32159,29238187#0,9.450000000000001,0.0
32160,32161,29238187#1,9.450000000000001,8.0
32162,32163,29238187#2,448.35,24200.0
32164,32165,29238188#0,40.618421052631575,5012.561403508772
32166,32167,29238188#0.17,18.126315789473686,4957.093567251462
32168,32169,29238188#1,23.025,1913.6098901098899
32170,32171,29238188#2,155.16666666666666,40085.00653594772
32172,32173,29238188#3,119.775,22256.587301587304
32176,32177,29254382#1,23.1,0.0
32178,32179,29254382#2,12.600000000000001,0.0
32180,32181,29254384#0,4.7250000000000005,0.5
32182,32183,29254384#1,5.25,0.0
32184,32185,29254494,51.45,0.0
32224,32225,29254590#3,5.25,2.0
32226,32227,29254706#1,14.700000000000001,5.199999999999999
32228,32229,29254706#1.167,4.83,1.3000000000000005
32230,32231,29254706#10,22.05,8.0
32232,32233,29254759#0,25.200000000000003,18.0
32234,32235,29254759#1,19.95,0.0
32236,32237,29254759#2,47.25,51.00000000000001
32238,32239,29254771#0,31.5,3.333333333333334
32240,32241,29254771#1,18.55,2.333333333333332
32244,32245,29254773,24.150000000000002,0.0
32252,32253,29254798#1,44.8,19.095238095238106
32254,32255,29254818#0,2.625,0.5
32256,32257,29254818#1,67.2,162.0
32260,32261,29254835#1,68.25,2.0
32262,32263,29255794,8.575,0.8787878787878792
32264,32265,293162564#0,26.411968085106384,3047.5215325975655
32266,32267,293162564#1,5.49972972972973,36.040951821386614
32268,32269,293162564#2,14.989459459459459,210.32032902467677
32270,32271,293162564#3,13.49108108108108,369.216098707403
32272,32273,293162564#4,5.42703488372093,22.105909152726785
32274,32275,293162564#5,2.9729651162790702,1.790119679042567
32276,32277,29353676#0,6.300000000000001,0.0
32278,32279,29353676#1,5.25,0.0
32286,32287,294213265,5.11875,0.982142857142857
32288,32289,294213267,4.280769230769231,0.24358974358974372
32294,32295,294213270#1,6.300000000000001,0.0
32296,32297,29458096#1,7.832432432432433,0.6441441441441442
32298,32299,29458097#1,29.22156862745098,504.06303749569986
32300,32301,29458640,185.39457831325302,44400.938006571734
32302,32303,29458645,28.504411764705885,1780.8395457192773
32304,32305,29458647#0,99.46730769230768,24898.12461538461
32306,32307,29459180#0,6.0375000000000005,0.5
32308,32309,29459180#1,15.61875,0.9821428571428579
32310,32311,29459182#0,10.812765957446809,1.2136910268270134
32312,32313,29459182#1,11.393617021276597,18.65124884366327
32314,32315,297594879#0,4.2,0.0
32316,32317,297594879#1,2.1,0.0
32322,32323,297778952,1.9864864864864866,0.21307353865493384
32352,32353,30054268#0,14.364,2.226666666666666
32354,32355,30054268#1,9.1875,0.7236842105263158
32356,32357,30054268#2,6.907894736842105,1.0350877192982457
32358,32359,30054268#3,15.75,2.000000000000001
32360,32361,30054268#4,6.675,0.5549450549450549
32362,32363,30054268#5,13.125,1.9999999999999996
32366,32367,30054346#0,7.875,0.5
32368,32369,30054346#1,2.1,0.0
32370,32371,30054351#0,5.775,0.5
32372,32373,30054351#1,38.85,0.0
32374,32375,30054354,66.15,0.0
32384,32385,30054410#0,20.475,0.5
32386,32387,30054410#1,25.200000000000003,0.0
32390,32391,30054413#0,3.756666666666667,0.6131313131313134
32392,32393,30054413#1,1.6187500000000001,0.33865248226950334
32394,32395,30054413#2,2.3161764705882355,0.22905525846702313
32396,32397,30054413#3,1.77,0.3394957983193277
32398,32399,30054413#4,1.41,0.23193277310924373
32400,32401,30054437#0,7.3500000000000005,0.21052631578947362
32402,32403,30054437#1,3.4125,0.40789473684210525
32404,32405,30054437#2,23.1,4.307692307692307
32406,32407,30054437#3,12.534375,2.4624999999999995
32408,32409,30054443,60.165,53.56666666666667
32418,32419,30054718,18.900000000000002,0.0
32420,32421,30054829#0,24.431250000000002,4.781493506493507
32426,32427,30054857,11.55,8.0
32430,32431,30054884#1,5.25,0.0
32432,32433,30054903#0,7.3500000000000005,0.0
32434,32435,30054903#1,4.9,0.33333333333333326
32436,32437,30054903#2,12.25,1.333333333333333
32438,32439,30054903#3,16.8,2.0
32442,32443,30054914#1,18.900000000000002,0.0
32444,32445,30054925#0,22.575,4.5
32446,32447,30054925#2,14.700000000000001,0.0
32448,32449,30056007#0,16.6,6.861904761904762
32450,32451,30056007#1,14.318181818181818,0.6545454545454548
32452,32453,30056007#2,13.125,0.6999999999999998
32456,32457,30064385#1,10.290000000000001,1.2000000000000002
32458,32459,30064385#2,3.9375,0.24999999999999997
32460,32461,30064385#3,7.875,1.0000000000000002
32462,32463,30064385#4,2.94,1.2
32464,32465,30068855,28.35,0.0
32466,32467,300750369#0,4.55,0.33333333333333326
32468,32469,300750369#1,3.1500000000000004,0.0
32470,32471,300750369#2,1.05,0.0
32474,32475,30093832#0,6.405,50.98888888888888
32476,32477,30093878,14.55234375,2.641486220472443
32478,32479,30131199,6.177906976744186,0.4569083447332422
32480,32481,30131200,13.795544554455446,1.3205940594059407
32482,32483,30131201,6.094565217391304,0.4448160535117057
32488,32489,30187448#0,3.8450704225352115,0.3983903420523139
32490,32491,30187448#1,15.291549295774647,2.878068410462775
32496,32497,302753648,4.2,0.0
32506,32507,302879156#1,6.300000000000001,7.0
32508,32509,302879156#2,5.25,0.0
32510,32511,302879162#0,3.1500000000000004,0.0
32512,32513,302879162#1,2.625,1.0
32514,32515,302879162#2,1.8900000000000001,0.2
32526,32527,30315720#0,21.926470588235297,10.771708683473385
32528,32529,30315720#1,12.682894736842107,3.3719772403982935
32530,32531,30315925,2.1451612903225805,0.04160822814399251
32532,32533,30315926#0,5.64529411764706,0.642296918767507
32534,32535,30315926#1,8.948863636363637,1.0339602925809828
32536,32537,30315927,4.7250000000000005,4.5
32538,32539,30315928#0,16.8,1.0
32540,32541,30315928#1,12.600000000000001,0.0
32542,32543,30320326,5.6,0.3333333333333335
32544,32545,30320943,3.827789934354486,1.1723098775384848
32546,32547,303210413,13.65,0.0
32552,32553,303843488,3.7227272727272727,0.27272727272727265
32554,32555,303843501,3.6750000000000003,0.5
32556,32557,303843503,4.7250000000000005,0.5
32564,32565,30399316#0,4.582941176470588,18.663025210084033
32566,32567,30399316#1,3.520588235294118,17.73109243697479
32568,32569,30399316#2,4.83,27.933333333333334
32570,32571,30399316#4,34.7445,2851.9413131313127
32572,32573,30399316#5,1.7153465346534653,0.8944554455445544
32574,32575,30399319,6.9750000000000005,45.32417582417583
32576,32577,30399322#0,80.02702702702702,13595.952610144392
32578,32579,30399322#1,37.99444444444445,6780.12777777778
32580,32581,30399322#2,208.75792682926829,66323.75624811804
32582,32583,30399325,210.8029411764706,51616.391571554
32584,32585,30399326#1,3.3111386138613863,5.284788926653858
32586,32587,30399326#1.23,5.532089552238807,9.397462686567165
32588,32589,30399663#0,12.612068965517242,478.19754076450164
32590,32591,30399663#1,41.2125,1297.5919540229886
32592,32593,30404124,32.583201581027666,1613.9989961729088
32594,32595,30404130,11.76,722.5016949152542
32596,32597,304151838#0,2.8,0.33333333333333337
32598,32599,304151838#1,1.4,0.3333333333333333
32606,32607,304151838#2,1.05,0.0
32608,32609,304151838#3,1.4,0.3333333333333333
32610,32611,304151838#4,1.05,0.0
32612,32613,304151838#5,1.4,0.33333333333333337
32614,32615,304151838#6,1.7500000000000002,0.33333333333333337
32616,32617,304151838#7,1.05,0.0
32618,32619,304151838#8,1.05,0.0
32622,32623,304151905,3.1500000000000004,2.0
32634,32635,304151955#0,2.1,2.0
32636,32637,304151955#1,5.775,0.5
32638,32639,304151955#2,12.731250000000001,2.1250000000000004
32640,32641,30417783#1,34.125,144.5
32642,32643,30417892,15.129465776293824,897.3458048810443
32644,32645,30421297#0,8.925,0.5
32646,32647,30421297#1,9.450000000000001,0.0
32648,32649,30421297#2,9.450000000000001,0.0
32650,32651,30482614,2.3625000000000003,0.25000000000000006
32654,32655,30482615#1,16.275000000000002,5.666666666666664
32656,32657,30482615#2,55.02,38.800000000000004
32658,32659,30482615#3,4.41,0.19999999999999996
32660,32661,30482615#4,15.600000000000001,1.4761904761904754
32662,32663,30482615#5,6.825,1.0000000000000002
32664,32665,30482615#6,58.800000000000004,0.0
32666,32667,30482619,14.48125,87.12429971988797
32668,32669,30482626#0,19.95,0.0
32672,32673,30482630#0,14.700000000000001,0.0
32682,32683,30482633#0,8.4,0.0
32686,32687,30482638#0,8.313782991202347,1.0461790581335197
32688,32689,30482638#1,5.76889534883721,0.47226930639365405
32690,32691,30482638#10,4.020119521912351,10.326533864541831
32692,32693,30482638#11,7.1988,0.9510682730923697
32694,32695,30482638#12,14.201250000000002,16.56004184100419
32696,32697,30482638#13,10.672058823529412,9.437169804630711
32698,32699,30482638#14,4.722803347280335,11.646004008297885
32700,32701,30482638#2,7.735404624277457,106.2851721538076
32702,32703,30482638#3,3.835227272727273,2.3056284106772718
32704,32705,30482638#4,4.700711743772242,11.371784443314693
32706,32707,30482638#5,1.8421708185053383,4.150203355363498
32708,32709,30482638#6,7.8529720279720285,29.773242546926745
32710,32711,30482638#7,3.764727272727273,20.96621101526211
32712,32713,305390325#0,16.436220472440947,426.8106974793831
32714,32715,305390325#2,30.914145383104128,1239.8612997540342
32716,32717,305390325#3,8.382389937106918,184.8400542606981
32718,32719,305390335,33.14019607843137,3540.1293429652555
32724,32725,305397289#1,1.4813953488372094,0.34416191596537266
32726,32727,305495773#0,31.07902097902098,3499.390279502425
32728,32729,305495773#2,40.11197183098592,11209.52620822977
32730,32731,305495779#0,3.3979899497487436,0.2419166539769556
32732,32733,305495779#1,3.7175675675675675,0.9640873750462796
32734,32735,305496616#0,6.645,0.48467908902691503
32736,32737,305496616#1,9.8,0.8431372549019603
32738,32739,305496616#10,71.06076923076922,1253.8783653846153
32740,32741,305496616#2,4.369852941176471,0.4062774363476732
32742,32743,305496616#3,4.0568181818181825,0.30419580419580416
32744,32745,305496616#4,3.118181818181818,4.399067599067596
32746,32747,305496616#5,1.9223076923076923,28.39278846153846
32748,32749,305496616#6,1.0338461538461539,0.14038461538461533
32750,32751,305496616#7,4.070769230769231,40.109615384615395
32752,32753,305496616#9,17.68846153846154,688.2884615384612
32754,32755,305496617#0,11.3859375,0.6522177419354841
32756,32757,305496617#1,13.807500000000001,1.59746835443038
32758,32759,305496618#0,9.959328358208955,3.153910896644595
32760,32761,305496618#2,4.647540983606557,2.7589757485435564
32762,32763,305496618#3,10.092148760330579,78.82286501377415
32764,32765,305496619#0,5.902272727272727,0.9393939393939396
32766,32767,305496619#2,8.65,1.046857142857143
32770,32771,306240160#0,33.15245901639344,437.11530054644817
32772,32773,306240161#2,2.4592105263157897,0.2447601304145318
32774,32775,306240162#1,8.414928909952607,1.6807492665312556
32776,32777,306240162#2,11.759004739336493,1.4744752877454297
32778,32779,306240162#4,21.842028985507245,5.052811781811362
32782,32783,306384636#0,3.85,0.33333333333333326
32786,32787,306431310#0,1.8083333333333336,1.2610062893081766
32788,32789,306431310#1,5.775,0.4117647058823529
32790,32791,306431419,2.1,0.0
32792,32793,306431420,1.05,0.0
32794,32795,306431425#0,10.325000000000001,0.6666666666666665
32796,32797,306431425#1,9.7125,0.8913043478260859
32798,32799,306431425#2,2.8,0.23188405797101444
32800,32801,306431425#3,0.39375000000000004,0.24456521739130435
32802,32803,306726646,154.488679245283,16115.193759071117
32804,32805,306726647#0,4.044444444444444,0.9210342417889587
32806,32807,306726647#1,7.681578947368421,7.719924812030074
32814,32815,306793480#0,1.8375000000000001,0.25
32816,32817,306793480#1,3.5000000000000004,0.33333333333333337
32818,32819,306793480#2,4.2,0.0
32820,32821,306793480#3,3.6750000000000003,0.5
32822,32823,306793480#4,3.6750000000000003,0.5
32824,32825,306793480#5,3.6750000000000003,0.5
32826,32827,306793480#6,8.137500000000001,4.249999999999999
32830,32831,306793482,5.25,0.0
32836,32837,306793486,7.3500000000000005,0.0
32840,32841,306793669,19.885185185185186,3.7336419753086423
32842,32843,306793670#0,1.4463855421686749,0.24400829122943393
32844,32845,306793670#1,27.24518072289157,6.469037440082913
32846,32847,306793671,4.795,0.254022988505747
32848,32849,306876891#0,2.1,0.0
32852,32853,306876893#0,11.55,75.0
32864,32865,307050878,5.55,0.9047619047619047
32866,32867,307050880,10.5,0.0
32868,32869,307050882#0,14.700000000000001,0.0
32870,32871,307050882#1,1.5750000000000002,0.5
32872,32873,307536275#0,71.575,100.96666666666673
32880,32881,307562643#0,7.691860465116279,0.7486157253599115
32882,32883,307562643#1,6.702127659574468,0.8936170212765957
32884,32885,307562643#2,1.5387931034482758,0.498790078644888
32886,32887,307562643#3,5.304310344827587,0.7165759225650333
32888,32889,307685696,2.975,0.16666666666666669
32890,32891,307701133,52.650000000000006,11700.142857142857
32892,32893,307837955#2,4.433333333333334,1.6944444444444442
32894,32895,307837955#3,3.28125,0.12500000000000003
32896,32897,307837955#4,3.1500000000000004,0.0
32898,32899,307837955#5,3.1500000000000004,0.0
32904,32905,307837956#1,1.05,0.0
32906,32907,30820056,5.95,0.33333333333333326
32910,32911,30820566,21.0,0.0
32914,32915,30820747#1,26.25,0.0
32916,32917,30820747#2,3.1500000000000004,0.0
32918,32919,30820747#3,4.2,0.0
32920,32921,30820819,8.6625,1.0652173913043477
32922,32923,30820919#0,2.3423076923076924,0.6646153846153845
32924,32925,30820919#1,2.8673076923076923,0.20461538461538453
32928,32929,30851877,41.475,5.666666666666667
32930,32931,308849647#0,5.321842105263158,1.108762671851132
32932,32933,308849647#1,6.313779527559055,2.760353640005524
32936,32937,309370389#0,3.1500000000000004,0.0
32938,32939,309370389#1,2.1,0.0
32946,32947,309370390#0,2.1,0.0
32948,32949,309370390#1,2.1,0.0
32950,32951,309370390#2,3.1500000000000004,0.0
32954,32955,309370390#4,2.625,0.3333333333333333
32956,32957,309370390#5,3.4125,0.25000000000000006
32958,32959,309370390#6,3.1500000000000004,0.0
32962,32963,31021477#0,10.850000000000001,1.0704225352112677
32964,32965,31021477#1,3.004166666666667,0.34663536776212844
32966,32967,31021477#2,13.810416666666669,2.6946400625978093
32968,32969,31025769#2,38.85,2.0
32970,32971,31026158#2,16.8,0.0
32980,32981,31026158#7,3.6750000000000003,0.33333333333333326
32984,32985,31026160,16.8,0.0
32986,32987,312301369,4.2,0.0
32990,32991,31342064#0,70.24344608879493,2511.909171534021
32992,32993,31342064#2,33.57138364779875,1620.1694237443398
32994,32995,31342305,11.786561264822135,464.08792897923365
32996,32997,31342347,18.46090909090909,2350.173737373738
32998,32999,31342349#0,127.97884615384616,12584.266153846153
33000,33001,31342349#1,98.05833333333334,12330.016339869282
33002,33003,31342349#2,461.60625000000005,307411.2880434782
33004,33005,31342349#3,218.51666666666668,73979.64102564102
33006,33007,31342350#0,24.032022471910114,1788.6690500510724
33008,33009,31342350#1,10.925,1.9064830751577733
33010,33011,31342350#2,4.046341463414634,0.398072869617585
33012,33013,31342350#3,2.970731707317073,0.2667871123155675
33014,33015,31342350#4,14.623170731707319,56.36495031616985
33016,33017,31342350#5,27.696951219512197,796.534327009937
33018,33019,31342351#1,10.5,314.63157894736844
33020,33021,31343367#1,51.40138888888889,4548.399705780546
33022,33023,31343381#0,9.38137254901961,194.140436876505
33024,33025,31343450,3.094736842105263,0.32698768197088457
33026,33027,31355478#0,42.0,0.0
33028,33029,31355478#1,42.0,0.0
33036,33037,31355478#5,60.900000000000006,80.0
33038,33039,31355478#6,46.2,1.0
33048,33049,31355495#0,20.475,24.5
33052,33053,31355495#2,26.25,50.0
33060,33061,31355837,9.450000000000001,0.0
33062,33063,31361632,4.0687500000000005,0.5166666666666667
33064,33065,31362504#2,10.062500000000002,60.810606060606055
33066,33067,31362504#4,5.3812500000000005,0.41071428571428575
33068,33069,31362504#5,2.625,0.2857142857142857
33070,33071,31362504#6,2.216666666666667,0.36111111111111105
33072,33073,31362504#7,9.450000000000001,0.0
33074,33075,31362731#0,9.975,0.5
33076,33077,31362731#1,14.175,0.5
33078,33079,31362731#2,16.8,0.0
33080,33081,31362731#3,3.1500000000000004,0.0
33082,33083,31363129#0,10.811111111111112,1185.1919576719574
33084,33085,31363129#1,4.447432024169184,118.41702828893153
33088,33089,31402308#1,3.2735294117647062,0.36029411764705876
33090,33091,31402308#2,4.875000000000001,3.324175824175825
33092,33093,31402308#3,8.157692307692308,3.358974358974359
33094,33095,31403616#1,39.9,0.0
33096,33097,31403616#2,50.925000000000004,13.666666666666666
33098,33099,31403616#3,11.2,85.06666666666668
33100,33101,31404757,27.0375,3.5833333333333344
33102,33103,31404759#0,1.5750000000000002,0.2571428571428571
33104,33105,31404759#1,8.4875,0.8785714285714286
33106,33107,31404759#2,4.375000000000001,0.19999999999999987
33108,33109,31404759#3,5.629166666666666,1.837301587301587
33110,33111,31404759#4,2.975,0.6571428571428571
33112,33113,31404759#5,2.8,0.28571428571428564
33124,33125,31404761,52.5,0.0
33126,33127,31404762#0,7.3500000000000005,0.0
33128,33129,31404762#1,14.700000000000001,0.0
33130,33131,31404762#2,3.1500000000000004,0.0
33132,33133,31404762#3,7.3500000000000005,0.0
33134,33135,31404762#4,2.1,0.0
33136,33137,31404767#0,24.150000000000002,9.0
33138,33139,31404767#1,2.8,0.33333333333333337
33140,33141,31404768,15.75,0.0
33146,33147,31470281,30.450000000000003,18.0
33148,33149,31470282,44.1,0.0
33150,33151,31470283,33.6,0.0
33152,33153,314970097,2.3197674418604652,0.21283141797122426
33154,33155,314970098#0,5.628488372093023,0.48823635870057075
33156,33157,314970098#1,3.6017441860465116,0.2927789340331192
33158,33159,315358242#0,6.876923076923077,0.9340052212980388
33160,33161,315358242#1,9.254918032786884,50.61364318741369
33162,33163,315358242#2,19.594354838709677,386.86303400174364
33164,33165,315358242#3,14.655555555555555,532.125858381178
33166,33167,315358242#4,44.10538461538462,2083.7989426381178
33168,33169,315358243#1,15.176538461538462,826.234287418008
33170,33171,315358244,18.15458015267176,961.9767469172049
33172,33173,315358245,3.830555555555556,35.089996538594676
33174,33175,315358246,7.437016574585636,15.220871700429717
33176,33177,315358247#0,17.430000000000003,685.1100775193803
33178,33179,315358248#0,5.30048076923077,36.74523898431665
33180,33181,315358248#1,10.399038461538462,167.00037341299472
33182,33183,315358251#0,22.307250000000003,660.4673115577889
33184,33185,315358251#1,37.30558252427185,819.3820743547236
33186,33187,315358252#0,12.67751677852349,110.2850535098857
33188,33189,315358252#1,10.25980392156863,168.71706226350193
33190,33191,315358253#0,9.0626213592233,194.88216257376737
33192,33193,315358253#1,23.08980582524272,633.9704930515894
33194,33195,315358254#0,52.443243243243245,3710.8303303303305
33196,33197,315358255#1,2.6044692737430166,0.2622559789090453
33198,33199,315358255#2,2.7334239130434783,0.3499346638156335
33200,33201,315358255#3,25.48688524590164,299.15570768029795
33202,33203,315358257#0,13.553136531365315,160.09886565532335
33204,33205,315358257#2,22.092307692307692,484.31822344322376
33208,33209,315392062#0,4.8825,0.5380753138075312
33210,33211,315392062#1,3.773029045643154,0.400622406639004
33212,33213,315392062#2,1.0238589211618256,0.09937759336099589
33214,33215,315392062#3,4.859504132231405,0.4918212681320942
33216,33217,315392062#4,9.089876033057852,7.172336339631697
33218,33219,317614084#0,1.05,0.0
33220,33221,317614084#1,8.4,0.0
33222,33223,31773007,8.81015625,1.3529265873015868
33224,33225,31860333#0,15.225000000000001,4.5
33228,33229,31860333#2,4.2,0.0
33234,33235,318763112,3.1500000000000004,0.0
33236,33237,318763113,2.1,0.0
33238,33239,31894763#0,7.751739130434783,0.8698703279938977
33240,33241,31952420#1,53.97,26.3
33246,33247,31959308#1,5.202272727272727,2.997835497835498
33248,33249,31959308#2,3.3500000000000005,0.8619047619047618
33252,33253,31959308#4,3.1500000000000004,0.0
33254,33255,31959308#5,21.0,0.0
33256,33257,31959732#1,56.25967741935484,5779.984946236557
33258,33259,31969997#0,2.1,0.0
33266,33267,31970000,3.1500000000000004,0.0
33268,33269,31982513#0,10.762500000000001,0.25000000000000017
33270,33271,31982513#1,2.1,0.6666666666666666
33272,33273,31982513#2,11.55,2.0
33274,33275,32006927#2,9.975,0.5
33276,33277,32007121,63.116666666666674,6562.361111111111
33278,33279,32008983,0.09264705882352942,0.08165057067603163
33280,33281,32009682,101.8828125,18206.72996076232
33282,33283,32009683#0,34.27526501766784,4472.365085331931
33284,33285,32009826#0,12.894664031620554,203.04394880481846
33286,33287,32009827,44.87368421052632,1411.2243183259366
33288,33289,32020916#0,19.6875,2.2500000000000004
33290,33291,32020916#1,12.8625,17.583333333333332
33292,33293,32021112,55.946035242290755,1000.8759112705163
33294,33295,32021365#0,10.588732394366199,1.7641851106639848
33296,33297,32021365#1,16.711267605633804,86.99275653923542
33298,33299,32021365#3,14.504,163.289009009009
33300,33301,32021408,8.950000000000001,0.8341013824884793
33302,33303,32061928#0,3.425531914893617,0.2520770010131712
33304,33305,32061928#1,4.605,0.3393627954779031
33306,33307,32061928#2,10.47123287671233,9.006140765233818
33308,33309,32061928#4,10.454347826086957,13.983497302443666
33310,33311,32061928#5,8.558009708737865,60.37236561686001
33312,33313,32061928#6,1.8210144927536231,0.2445945312133577
33314,33315,32061928#7,20.388349514563107,388.6151077433103
33316,33317,32061928#8,1.8439024390243903,0.5284552845528454
33318,33319,32061997,8.44468085106383,5.869137497140245
33320,33321,32061997.96,7.4505319148936175,22.130519331960656
33322,33323,32062034#3,5.980434782608697,7.4164251207729475
33324,33325,32062034#4,4.4739130434782615,0.3748792270531401
33342,33343,320733897,0.7063636363636364,0.22424242424242422
33344,33345,320733900#0,3.6750000000000003,0.5
33346,33347,320733900#1,5.625,1.1703296703296704
33348,33349,320733900#4,2.1750000000000003,0.07142857142857141
33350,33351,320733900#5,1.765909090909091,0.3225108225108226
33352,33353,320733900#6,8.209090909090909,1.012987012987013
33354,33355,320733900#7,17.659090909090907,4.822510822510823
33356,33357,320733900#9,9.25909090909091,1.2034632034632045
33358,33359,320733901#0,0.38181818181818183,0.24242424242424238
33360,33361,320733901#1,4.152272727272727,0.23593073593073596
33362,33363,320733901#2,3.531818181818182,0.6233766233766235
33364,33365,320733903#1,5.411538461538462,0.21538461538461529
33366,33367,320733903#2,2.9884615384615385,0.3753846153846154
33368,33369,320733903#3,8.198076923076924,0.8015384615384616
33370,33371,320733905#0,4.2,0.3333333333333333
33372,33373,320733905#1,5.815384615384615,0.26923076923076905
33374,33375,320733905#2,1.776923076923077,0.23076923076923075
33376,33377,320733906#0,1.19,0.12380952380952383
33378,33379,320733906#2,3.5000000000000004,0.38095238095238065
33380,33381,320733908,5.25,0.0
33382,33383,320733909#0,2.8411764705882354,0.3455882352941176
33384,33385,320733909#1,5.805882352941176,0.8897058823529418
33386,33387,320733909#2,5.5588235294117645,23.970588235294116
33392,33393,320733910#2,19.19166666666667,13.859477124183002
33394,33395,320733911#0,5.25,1.0
33396,33397,320733911#1,11.9,2.333333333333334
33398,33399,320733911#2,4.9,0.3333333333333335
33406,33407,320733913,2.18,0.571062271062271
33408,33409,320733915,3.3750000000000004,0.17247386759581881
33410,33411,320733916,1.7612903225806453,0.3591397849462366
33418,33419,32084380,14.700000000000001,2.0
33424,33425,32124561,19.845,3270.6632653061224
33426,33427,32124563#0,11.2,899.2710280373834
33428,33429,32124563#1,134.61388888888888,40521.84596746278
33430,33431,32124637#1,69.63496932515338,5902.04574717867
33432,33433,32124744,19.899519230769233,4680.589899178491
33434,33435,32124745,2.9575000000000005,587.8148459383755
33438,33439,32140179#0,1.765909090909091,0.2272727272727272
33440,33441,32140179#1,10.772222222222222,5.430199430199429
33442,33443,32140180,16.875000000000004,2.439153439153438
33444,33445,32140255,13.685593220338983,316.30917592051435
33446,33447,32140256#0,7.14,0.19999999999999996
33448,33449,32140256#1,10.2375,2.9166666666666665
33450,33451,32140444#0,0.5833333333333334,0.2777777777777778
33452,33453,32140444#2,8.283333333333333,0.3611111111111111
33454,33455,32140444#3,15.166666666666668,1.027777777777778
33456,33457,32140444#4,15.983333333333333,0.9444444444444444
33458,33459,32140444#5,9.216666666666669,0.44444444444444436
33460,33461,32141019,1.3433823529411764,1.129719051799824
33464,33465,32141020#1,2.1,0.0
33466,33467,32199969#0,28.47877358490566,3020.5086253369273
33468,33469,32199969#1,6.616981132075472,649.8889487870618
33470,33471,32199969#2,12.932500000000001,592.6946327683617
33472,33473,32199969#3,42.98,2898.097175141244
33474,33475,32199969#4,397.67,30121.520903954795
33476,33477,32199969#5,211.36216216216218,6483.910403554241
33478,33479,32199989,153.2596153846154,4482.401098901099
33480,33481,32200414#0,18.900000000000002,1275.5555555555554
33482,33483,32200415#0,8.437500000000002,562.3320105820105
33484,33485,32200415#1,4.85625,78.07065217391303
33486,33487,32200762#0,11.55,1.4117647058823535
33488,33489,32200762#2,7.415625,0.5958333333333332
33490,33491,32200762#3,11.484375,1.3958333333333324
33492,33493,32200762#4,7.575,0.7967032967032966
33494,33495,32200762#5,17.325,2.9444444444444438
33496,33497,32200983#0,76.93269230769232,16162.044615384613
33498,33499,32200983#1,190.55555555555557,61858.49002849003
33500,33501,32201042,25.010567010309277,6043.361065114043
33502,33503,32201043,69.88333333333334,9986.849673202614
33504,33505,32201044#0,20.477932960893856,3182.8918460862465
33506,33507,32201044#1,12.40204918032787,2259.8567267307944
33508,33509,32201044#2,4.376548672566372,356.462547408344
33510,33511,32201044#4,12.106410256410257,2067.3029767167695
33516,33517,32202011#0,3.5785714285714287,4.635808962760363
33518,33519,32202011#1,1.1454545454545455,0.08348794063079781
33520,33521,32202328,13.125,0.5
33522,33523,32202330,7.74375,0.26785714285714285
33528,33529,32202763,4.802205882352941,0.45719929762949985
33530,33531,32202764,11.678571428571429,2.318027210884354
33532,33533,32202927#0,22.348846153846157,905.9881335718546
33534,33535,32202927#1,15.710227272727273,887.2428290538978
33536,33537,32202927#2,331.75624999999997,133363.8677536232
33538,33539,32202968#0,99.75,0.0
33540,33541,32202968#1,38.85,0.0
33544,33545,32203023#0,1.3936363636363638,0.22424242424242427
33546,33547,32203023#1,5.9372727272727275,0.9710437710437708
33548,33549,32203023#2,12.981818181818182,14.717171717171716
33550,33551,32203023#2.136,18.72818181818182,450.250505050505
33552,33553,32203204,65.45,6.333333333333334
33556,33557,32203701#0,5.25,0.0
33558,33559,32203701#1,4.2,0.0
33560,33561,32203701#2,6.300000000000001,0.0
33562,33563,32203701#3,3.6750000000000003,0.5
33564,33565,32203701#4,7.3500000000000005,0.0
33566,33567,32203888#0,4.13,0.2909090909090909
33568,33569,32203888#1,8.75744680851064,0.8381128584643848
33570,33571,32203888#2,12.86808510638298,1.846438482886217
33572,33573,32203888#3,4.669148936170213,0.42645698427382056
33574,33575,32203959#0,12.600000000000001,2.0
33576,33577,32203959#1,6.16875,0.9821428571428571
33578,33579,32203959#3,5.04,0.7000000000000002
33580,33581,32203959#4,21.700000000000003,2.333333333333335
33582,33583,32203959#6,5.25,1.0
33584,33585,32203959#7,10.15,4.333333333333333
33586,33587,32225921,3.1500000000000004,0.0
33588,33589,32226141#0,5.6,0.6666666666666666
33590,33591,32229741,8.56613924050633,711.3442312343788
33592,33593,32229742#1,5.449270072992701,2.684306569343067
33594,33595,32229742#2,1.5441176470588236,1.9546840958605656
33596,33597,32229742#3,4.8628124999999995,1.668199685534591
33598,33599,32229742#4,3.143558282208589,0.6974929940165113
33600,33601,32229742#5,4.248275862068966,0.3446947046707859
33602,33603,32229973,10.850000000000001,1.333333333333333
33604,33605,32229975#1,10.15,1.333333333333334
33606,33607,32229975#2,5.25,1.0
33608,33609,32229976,31.5,0.0
33610,33611,32230348,15.75,0.9999999999999999
33612,33613,32230349#0,13.464705882352943,1.7794117647058822
33614,33615,32230349#1,3.871875,0.495833333333333
33616,33617,32230349#2,7.875,0.3
33618,33619,32230724#1,13.35,1.5142857142857156
33620,33621,32234776#0,3.4000000000000004,0.19047619047619047
33622,33623,32234776#1,4.3500000000000005,0.4285714285714287
33624,33625,32234776#2,7.250000000000001,0.5904761904761904
33626,33627,32253508,4.83,0.8000000000000003
33628,33629,32253723,12.833333333333334,0.6944444444444443
33632,33633,32254136,8.925,0.5
33636,33637,32259255#1,3.5765625,0.2450396825396825
33638,33639,32259255#2,5.6765625,0.5624999999999999
33640,33641,32259258,15.75,0.0
33642,33643,32274767#0,13.3,2.333333333333334
33644,33645,32274767#1,3.1500000000000004,0.0
33646,33647,32274767#2,1.5750000000000002,0.5
33650,33651,323248155#2,21.18529411764706,784.4044117647061
33652,33653,323248156#0,138.0178217821782,3467.169504950494
33654,33655,323248169#0,37.74166666666667,647.702614379085
33656,33657,32350852#0,4.9546875,38.48159843205575
33658,33659,32350852#1,17.990000000000002,1321.0750929368032
33660,33661,32350852#1.78,18.927222222222223,2101.9658680985804
33662,33663,32350852#3,31.426923076923078,2709.45469726352
33664,33665,32350901#0,1.3650000000000002,0.23333333333333325
33666,33667,32350901#1,8.475,1.1483516483516487
33668,33669,32350901#2,8.54,0.9809523809523812
33670,33671,32350901#3,3.871875,0.3625
33672,33673,32350901#4,4.659375,0.26249999999999996
33674,33675,32350901#5,4.095,0.41052631578947374
33676,33677,32350901#6,1.6800000000000002,0.2526315789473685
33678,33679,32350901#7,20.790000000000003,405.3263157894736
33686,33687,32395327#1,65.8,26.333333333333336
33692,33693,32395414#0,25.200000000000003,8.0
33694,33695,32395414#1,7.875,0.5
33698,33699,32396358#0,92.87727272727273,17078.35497835498
33700,33701,32396358#1,499.37045454545455,77617.20562770564
33704,33705,325057234,2.85,0.23809523809523805
33708,33709,32509968#0,10.5,1.0
33710,33711,32509968#1,17.325,0.5
33714,33715,32509968#5,26.25,0.0
33716,33717,32530108#0,5.221621621621622,0.47147147147147145
33718,33719,32530108#1,4.02972972972973,0.19519519519519524
33720,33721,32530108#2,3.3486486486486484,0.26876876876876876
33722,33723,32530108#3,12.31125,1.3839743589743587
33724,33725,32530108#4,7.922727272727274,0.7653276955602538
33726,33727,32530108#5,5.0829545454545455,0.4159619450317128
33728,33729,32530113#0,8.82,1.2999999999999998
33730,33731,32530113#1,2.1,0.0
33732,33733,32530113#2,7.3500000000000005,0.0
33734,33735,32530113#3,8.4,0.0
33736,33737,32530113#5,12.600000000000001,0.0
33738,33739,32530113#6,9.975,0.5
33740,33741,32530113#7,26.25,0.0
33742,33743,32545811,6.300000000000001,0.0
33752,33753,32597384#1,10.5,0.9999999999999997
33754,33755,32597384#2,7.95,0.2857142857142858
33756,33757,32597384#3,13.65,0.0
33758,33759,32598753,8.925,1.0
33760,33761,32598755#0,1.925,0.8787878787878789
33762,33763,32598755#1,4.2,2.0
33768,33769,32598887#0,10.5,0.0
33770,33771,32598887#1,13.65,0.0
33772,33773,32612308,15.225000000000001,12.5
33776,33777,32684155#0,59.22,64.30000000000001
33778,33779,32684155#1,300.3,0.0
33780,33781,32684155#2,332.0625,1436.916666666667
33782,33783,32684156#0,1.7922413793103449,0.3160919540229884
33784,33785,32684156#1,18.29491525423729,4.869082407948569
33786,33787,32684156#2,42.257894736842104,37.90288220551378
33788,33789,32684156#3,16.704545454545453,4.602693602693602
33790,33791,32684156#4,6.7323529411764715,1.087058823529412
33792,33793,32684156#5,114.39324324324325,177.10810810810824
33794,33795,32684156#6,85.44375000000001,100.91666666666661
33796,33797,32684157,17.85,2.0
33798,33799,32684165,22.05,0.0
33800,33801,32728752,7.167391304347826,0.5138339920948618
33802,33803,32787437#0,15.75,0.0
33806,33807,32787437#2,8.4,0.0
33808,33809,32787437#4,11.2875,0.24999999999999986
33810,33811,327975019,7.438805970149254,0.6878109452736316
33812,33813,327975020,5.04525,0.41907035175879415
33814,33815,327975022,17.654027504911593,196.00643534489416
33816,33817,327975024,4.320149253731344,0.3718407960199005
33818,33819,32815473,51.660000000000004,19.199999999999992
33820,33821,32875547#0,44.94,7.511111111111114
33822,33823,32875547#1,2.4088235294117646,1.7205882352941175
33824,33825,32881076#0,60.496153846153845,7602.242914979758
33826,33827,32881184,14.07,229.60000000000002
33832,33833,329028996#1,10.5,0.0
33834,33835,329028998,36.75,8.0
33836,33837,329028999#1,2.1,0.0
33838,33839,329029003,3.3923076923076927,0.1923076923076923
33840,33841,329029004,11.7,1.2087912087912085
33846,33847,329029044,3.1500000000000004,0.0
33850,33851,32903546#2,6.0375000000000005,0.9166666666666666
33852,33853,329108798#1,3.7153846153846155,0.43589743589743585
33854,33855,329108798#2,7.21875,2.5166666666666666
33858,33859,329190301,65.10000000000001,0.0
33860,33861,32923863#0,4.897885196374623,168.00538313650102
33862,33863,32923863#1,2.8459701492537315,85.27219590669407
33864,33865,32923863#2,6.041538461538462,2.2293447293447297
33866,33867,32923863#3,2.5993902439024392,0.9412993212500924
33868,33869,32923863#4,6.259131736526947,124.03151354947761
33870,33871,32923863#5,4.424566473988439,113.15992292870907
33872,33873,32923867#0,9.8025,53.001593011305246
33874,33875,32923867#1,11.201658767772512,5.222748815165878
33876,33877,32923867#2,11.358644859813085,1687.6614672458422
33878,33879,32923867#4,6.300000000000001,37.864253393665166
33880,33881,32924041#0,4.2,0.2857142857142857
33882,33883,32924041#1,0.65625,0.26785714285714285
33884,33885,32924041#2,3.54375,1.6964285714285716
33886,33887,32924041#3,1.44375,0.5535714285714286
33888,33889,32924042#1,5.8734375000000005,3.705357142857143
33890,33891,32937030,9.01764705882353,1.2212885154061628
33894,33895,32976551,1.7798780487804877,0.2145438121047876
33896,33897,32976750,10.194545454545455,1.2471380471380475
33898,33899,32976751,5.253620689655173,2.598603985204631
33900,33901,32976752,6.021686746987952,0.4654716426682339
33902,33903,32976753,13.396551724137932,1.5547489413188136
33904,33905,32976753-AddedOnRampEdge,4.833620689655173,0.41893526920750146
33906,33907,32976754,15.533823529411766,1.016934046345811
33908,33909,32976755,5.603684210526316,2.0023391812865494
33910,33911,32978638#0,15.337809917355372,2829.9489900895032
33912,33913,32978638#1,39.94585152838428,4865.09457595955
33914,33915,32978638#2,19.509825327510917,1077.1831379759446
33918,33919,32998243#1,160.65,64.0
33920,33921,32998243#2,42.7,21.86666666666667
33922,33923,32998243#3,63.45,127.28571428571432
33924,33925,32999110,17.532649253731346,2652.653627927777
33926,33927,32999110.68,27.733695652173914,2969.8069565217397
33928,33929,32999434#0,46.070901639344264,557.4640970058257
33930,33931,32999435#0,94.63125000000001,15828.984154929574
33934,33935,330047633,11.9,0.6666666666666667
33938,33939,330048410#0,15.75,1.0
33940,33941,330048410#1,11.68125,1.2678571428571426
33942,33943,330048411#0,6.300000000000001,0.0
33944,33945,330048411#1,3.1500000000000004,0.0
33946,33947,330048411#2,3.1500000000000004,0.0
33950,33951,330048413#0,11.55,0.0
33964,33965,330048687,15.225000000000001,5.666666666666667
33968,33969,330048693,16.8,0.0
33970,33971,330048695,17.85,2.0
33972,33973,330688182#0,2.1,0.0
33974,33975,330688182#1,16.8,0.0
33978,33979,330688183#1,38.85,0.0
33994,33995,330690614#0,4.2,0.0
34002,34003,330908490,3.6750000000000003,0.8571428571428571
34004,34005,330908491,21.35,12.333333333333332
34006,34007,330908492#0,6.300000000000001,0.0
34014,34015,330908495#1,9.1,1.333333333333334
34016,34017,330908496,9.450000000000001,0.0
34020,34021,330908497#1,11.55,0.0
34022,34023,330908498#1,3.81,0.887394957983193
34026,34027,330908499#1,6.300000000000001,0.0
34028,34029,330908499#3,3.1500000000000004,0.0
34030,34031,330908500#1,22.05,0.0
34034,34035,330908502,14.190909090909091,4.132575757575756
34036,34037,330908503#0,2.8,1.3333333333333335
34038,34039,330908503#1,3.4695652173913043,0.4940711462450595
34040,34041,330908503#2,3.5921052631578947,0.25730994152046777
34042,34043,330908503#3,3.28125,0.11666666666666668
34044,34045,330908503#4,3.531818181818182,0.25454545454545446
34046,34047,330908503#5,4.0687500000000005,0.4107142857142857
34050,34051,33102205#0,47.25,0.0
34056,34057,33102205#3,13.65,6.666666666666667
34058,34059,33102476,9.815469613259669,182.3948434622468
34060,34061,33102477,9.354545454545454,2.372294372294372
34062,34063,33102490#0,1.5473684210526315,0.2560455192034139
34064,34065,33102490#1,4.752631578947368,0.4182076813655759
34068,34069,332608837,20.475,24.5
34074,34075,33280102#0,17.156603773584905,1626.4662049199906
34076,34077,33280102#1,31.04594594594595,3799.838940981799
34078,34079,33280102#2,35.38765822784811,6738.452350237846
34080,34081,33280102#3,83.70750000000001,9019.482990750259
34082,34083,33280103#0,2.5722222222222224,21.15304514240685
34084,34085,33280103#1,10.947096774193549,15.674654377880184
34086,34087,33280103#2,0.8332258064516129,0.2428152492668622
34088,34089,33280103#4,5.3049019607843135,44.33935328517373
34090,34091,33280103#5,2.447770700636943,18.069083782459582
34092,34093,33280103#6,13.054777070063695,241.64453699167075
34094,34095,33280103#7,26.704777070063695,506.8881267352603
34096,34097,333213157#1,47.88,78.8
34098,34099,333213157#2,18.55,1.333333333333334
34100,34101,333213157#3,12.075000000000001,4.5
34102,34103,333213157#4,3.1500000000000004,0.0
34104,34105,333418281,22.47,0.2999999999999998
34106,34107,333420165#0,3.1500000000000004,0.0
34108,34109,333420165#1,5.25,0.0
34112,34113,333420168#0,1.4,0.3333333333333333
34116,34117,333420171#1,8.4,0.0
34118,34119,333420174#1,4.2,0.0
34120,34121,333420174#2,6.300000000000001,0.0
34122,34123,333420174#3,4.2,0.0
34136,34137,333420177#3,8.4,0.0
34158,34159,333421782#0,3.1500000000000004,0.0
34160,34161,333421782#1,3.1500000000000004,0.0
34164,34165,333421783#1,4.2,0.0
34170,34171,333421789#1,2.275,4.166666666666666
34172,34173,333421793,7.7,1.8666666666666665
34174,34175,333424243#0,17.325,177.1
34176,34177,333424243#1,2.45,0.2666666666666666
34178,34179,333424243#2,54.6,0.0
34180,34181,333424243#3,51.45,0.0
34186,34187,333428400#3,4.9875,38.24999999999999
34188,34189,333428401,5.775,1.4285714285714286
34190,34191,333428404,23.1,0.0
34194,34195,333428409#2,11.55,0.0
34196,34197,333428411#0,16.45,1.333333333333333
34198,34199,333428411#1,2.8875,1.0714285714285714
34200,34201,333428414,12.833333333333334,11.444444444444443
34202,34203,333430442,52.5,50.0
34204,34205,333434590#0,7.3500000000000005,0.0
34206,34207,333434590#1,10.5,2.0
34208,34209,333434590#2,3.1500000000000004,0.0
34210,34211,333434590#3,10.5,0.0
34212,34213,333434595,27.3,0.0
34214,34215,333434596#0,28.35,0.0
34216,34217,333434597#0,7.3500000000000005,0.0
34224,34225,333434600#1,2.625,0.5
34228,34229,333434601,25.200000000000003,0.0
34238,34239,333438878#0,28.875,12.5
34240,34241,333438878#1,25.200000000000003,8.0
34242,34243,333438880#0,9.450000000000001,36.0
34244,34245,333438880#1,43.050000000000004,8.0
34248,34249,333438885#1,3.7333333333333334,0.2777777777777778
34250,34251,333438885#2,3.4125,0.49999999999999994
34252,34253,333438885#3,3.266666666666667,0.8611111111111113
34254,34255,333438885#4,3.4125,0.5
34256,34257,333438885#5,3.1500000000000004,0.3333333333333333
34258,34259,333438885#6,12.600000000000001,23.33333333333333
34264,34265,334062994#2,30.450000000000003,1.0
34266,34267,334065604,4.2,0.0
34272,34273,334065611,7.3500000000000005,0.0
34276,34277,334065616,3.85,0.33333333333333337
34278,34279,334066858#1,7.3500000000000005,0.6666666666666666
34280,34281,334066858#11,2.625,4.5
34282,34283,334066858#2,19.6,4.333333333333331
34284,34285,334066858#3,4.7250000000000005,0.5
34290,34291,334066858#7,1.5750000000000002,0.5
34292,34293,334066858#9,1.05,0.0
34294,34295,334066859#0,3.1500000000000004,0.0
34296,34297,334066859#1,5.6,0.6666666666666667
34298,34299,334066859#2,11.55,0.0
34308,34309,334282095,23.1,1.0
34312,34313,335392792,15.959999999999999,6.700000000000001
34324,34325,335810252#3,1.05,0.0
34338,34339,336708438,13.125,4.5
34344,34345,33697953,11.025,1.6666666666666667
34348,34349,337345698,39.9,18.0
34354,34355,337345699#3,21.525000000000002,43.50000000000001
34358,34359,337346379,7.3500000000000005,0.0
34370,34371,337347472,10.5,8.0
34372,34373,337347473#1,8.4,0.0
34374,34375,337347473#2,4.2,3.0
34380,34381,337348718#2,4.2,0.0
34382,34383,337348718#3,2.625,0.5
34396,34397,337348726#2,23.1,0.0
34400,34401,337351588,47.775,40.5
34402,34403,337577541#1,13.65,0.0
34404,34405,337577542#0,16.8,0.0
34410,34411,337577550,12.600000000000001,0.0
34414,34415,337577835,33.6,0.0
34416,34417,337577836,12.075000000000001,12.5
34418,34419,337577948,11.55,0.0
34420,34421,33779209,7.537894736842106,525.3187010078389
34424,34425,337875143#1,16.8,0.0
34426,34427,337875143#2,7.3500000000000005,0.0
34432,34433,337985774#1,60.900000000000006,0.0
34440,34441,337986524#1,9.450000000000001,0.0
34442,34443,33814393#1,7.190689655172414,426.9073754789272
34444,34445,33814393#2,17.1198275862069,984.7910770048502
34446,34447,33814393#3,34.39776536312849,3037.127361747536
34448,34449,338574357#0,6.280555555555556,1.0751222921034242
34450,34451,338574357#1,4.161111111111111,0.14954577218728163
34454,34455,339189103#0,23.1,2.0
34456,34457,339189103#1,45.15,32.0
34458,34459,339189103#3,6.65,4.333333333333334
34460,34461,339417557#1,2.8,0.33333333333333337
34462,34463,339417557#2,1.9090909090909092,0.16363636363636364
34464,34465,339417557#3,4.2,0.22222222222222232
34466,34467,339417557#4,6.183333333333334,0.8611111111111114
34468,34469,339417557#5,6.09,0.6222222222222223
34470,34471,339417557#6,3.045,0.09999999999999999
34472,34473,339417557#7,1.5750000000000002,0.2777777777777778
34474,34475,339417557#8,4.9350000000000005,0.4555555555555555
34476,34477,339418351,30.450000000000003,0.0
34478,34479,339698300,19.95,0.0
34482,34483,34015253#1,37.449999999999996,2.3333333333333304
34516,34517,34026117#14,4.2,0.0
34518,34519,34026117#15,3.1500000000000004,0.0
34520,34521,34026117#16,9.450000000000001,0.0
34522,34523,34026117#2,21.0,0.0
34524,34525,34026117#3,17.85,2.0
34526,34527,34026117#4,5.25,0.0
34528,34529,34026117#5,8.4,0.0
34530,34531,34026117#6,11.025,0.5
34560,34561,34026288#1,2.1,0.0
34590,34591,34027769#1,7.3500000000000005,0.0
34596,34597,342059249#1,5.85,1.0571428571428576
34598,34599,342059249#2,5.3375,1.5579710144927537
34600,34601,342059249#3,10.45625,0.9981884057971024
34602,34603,342059249#4,3.772222222222222,0.7891737891737892
34604,34605,342059249#5,8.798275862068966,1.4581280788177342
34606,34607,342059250#0,9.7125,0.8611111111111108
34608,34609,342059250#1,9.825000000000001,0.7566137566137565
34610,34611,34230893,30.8,16.33333333333333
34612,34613,344545840,85.05,0.0
34614,34615,344545841,38.85,1.0
34616,34617,344545842#0,8.750000000000002,16.333333333333336
34618,34619,346571110#1,10.5,0.0
34620,34621,34880352#1,11.98235294117647,1.757352941176471
34622,34623,34880352#2,1.2970588235294118,0.1911764705882353
34624,34625,34880352#3,3.7153846153846155,0.43589743589743596
34626,34627,34880352#4,8.225,0.9666666666666668
34628,34629,34880352#6,13.65,1.5999999999999999
34630,34631,34880352#7,10.675,1.3666666666666665
34632,34633,34880352#8,6.300000000000001,2.0
34634,34635,350320331#0,10.779744525547446,1167.8225314831154
34636,34637,350320331#1,1.0423636363636364,0.31381552753815534
34638,34639,35064464#0,27.3,4.0
34640,34641,35064464#1,6.825,0.5
34642,34643,35064464#2,10.5,2.0
34646,34647,35064465,21.525000000000002,0.5
34648,34649,35073467#0,9.450000000000001,0.0
34656,34657,35073468#0,43.365,19.122222222222216
34658,34659,35073468#1,9.8,0.7500000000000002
34660,34661,35073468#2,10.350000000000001,2.809523809523809
34664,34665,35342077#1,12.950000000000001,71.06666666666666
34666,34667,35342077#2,11.9,2.333333333333334
34668,34669,35342077#3,4.2,0.0
34670,34671,35342077#4,10.5,0.0
34678,34679,35342079#1,6.538636363636364,5.621564482029599
34680,34681,35342079#2,4.796590909090909,2.15803382663848
34682,34683,35342079#3,2.815909090909091,0.2684989429175476
34684,34685,35342079#4,4.2,0.06451612903225801
34686,34687,35342079#5,11.090625000000001,0.7056451612903228
34692,34693,35342080#2,3.1500000000000004,0.0
34696,34697,35342080#4,5.25,0.0
34698,34699,35342080#5,6.300000000000001,0.0
34700,34701,35342080#6,11.4,0.14285714285714293
34702,34703,35342080#7,4.2,0.0
34704,34705,35342080#8,3.1500000000000004,0.0
34716,34717,35342846#0,3.3000000000000003,0.8095238095238096
34718,34719,35342846#1,16.5375,6.249999999999999
34720,34721,35342846#2,15.4,0.3333333333333335
34722,34723,35342846#3,16.8,0.0
34726,34727,35342847#1,11.6,0.6476190476190475
34728,34729,35342847#2,3.2,0.2476190476190477
34730,34731,35342847#4,2.45,0.33333333333333337
34734,34735,35342847#6,2.45,0.33333333333333337
34736,34737,35342847#7,1.05,0.0
34738,34739,35342847#9,1.7500000000000002,0.33333333333333337
34740,34741,35342848#1,3.4125,0.25000000000000006
34744,34745,35342848#3,4.2,0.0
34746,34747,35417465#1,12.16764705882353,0.6323529411764707
34748,34749,35417465#2,20.475,1.666666666666666
34750,34751,35417465#3,9.975,2.7
34752,34753,35417465#4,4.55,1.3333333333333335
34754,34755,35417466#0,126.4846153846154,73.93589743589742
34756,34757,35417466#1,43.050000000000004,7.0
34758,34759,35417467,17.85,0.0
34760,34761,354652470#0,8.4,0.0
34762,34763,35468001#0,103.16250000000001,381.64285714285705
34764,34765,35468001#1,4.2,0.6666666666666669
34766,34767,35468001#2,50.68636363636364,90.21818181818175
34768,34769,35468001#3,85.61538461538461,192.93589743589746
34770,34771,354967514#1,0.9692307692307693,0.07692307692307691
34772,34773,354967514#2,1.1550000000000002,0.09999999999999999
34774,34775,354967544#0,20.854615384615386,3408.6211538461534
34776,34777,354967544#1,66.46818181818182,11462.152913752909
34778,34779,354967545#0,15.753917910447761,1583.8913717927217
34780,34781,354967545#1,51.215799256505576,4642.21125783721
34800,34801,35588519#0,15.75,0.0
34802,34803,35588519#1,6.300000000000001,0.0
34808,34809,35588522#0,3.1500000000000004,0.0
34810,34811,35588522#1,19.1625,8.91666666666667
34826,34827,35681685#0,10.5,0.666666666666667
34828,34829,35681685#1,3.1500000000000004,0.0
34830,34831,35681685#2,3.5000000000000004,0.2666666666666666
34832,34833,35681687,12.122727272727273,1.4727272727272736
34834,34835,35681724,7.3500000000000005,0.0
34840,34841,35743389#0,14.35,2.3333333333333326
34842,34843,35743389#1,5.25,0.0
34848,34849,35743405,4.55,2.333333333333333
34850,34851,35744086#0,27.122535211267603,309.7017280990911
34852,34853,35744154#0,6.16304347826087,21.449275362318847
34854,34855,35744154#1,11.390217391304349,185.15410628019328
34856,34857,35744155#0,3.5583333333333336,0.3355555555555556
34858,34859,35744155#1,1.302325581395349,0.2621124031007753
34860,34861,35744155#2,5.805371900826446,0.5345730027548213
34862,34863,35744155#3,0.5206611570247934,0.2687327823691461
34864,34865,35744155#4,3.011842105263158,0.32766651141127157
34866,34867,35744155#5,0.2026315789473684,0.1571184598664803
34868,34869,35779587,11.55,0.0
34870,34871,35779588#0,9.870000000000001,0.7999999999999998
34872,34873,35779588#1,7.3500000000000005,0.4
34874,34875,35779588#2,12.075000000000001,4.5
34876,34877,358042226,18.375,3.6666666666666665
34902,34903,35921580#1,6.65,0.33333333333333326
34906,34907,35926298,2.1,0.0
34908,34909,35926319#0,6.700000000000001,0.24761904761904746
34910,34911,35926319#1,7.636363636363637,0.8744588744588745
34912,34913,35926319#4,6.852631578947369,0.3742690058479532
34914,34915,35926319#5,8.786842105263158,3.8011695906432745
34916,34917,35926528#0,2.94,3.525581395348839
34918,34919,35926528#1,7.614503816793893,39.71297709923663
34920,34921,35926529,1.6679012345679014,0.29275924225419164
34924,34925,35960028#0,8.4,0.0
34934,34935,361492963,16.8,0.0
34936,34937,36291830#0,1.3426229508196723,0.20437158469945355
34938,34939,36291830#1,5.060655737704918,20.483606557377062
34950,34951,36689751#0,5.685684647302905,192.30210926694326
34952,34953,36689751#1,13.751046025104603,177.00330508772547
34954,34955,36788200#0,14.91,300.7
34956,34957,36788200#1,5.775,0.3333333333333333
34958,34959,36788200#2,3.6750000000000003,0.5
34960,34961,36788201#0,13.65,0.0
34964,34965,36788203#0,13.65,2.0
34968,34969,36789282#1,18.375,84.5
34972,34973,36789284#1,1.05,0.0
34976,34977,36789284#4,9.450000000000001,50.0
34980,34981,36792010#0,6.510000000000001,0.2
34982,34983,36792010#1,13.65,0.5000000000000002
34984,34985,36792010#2,10.709999999999999,0.19999999999999996
34988,34989,36792014,23.1,0.0
34992,34993,36792015#1,6.300000000000001,2.0
34994,34995,36792017#1,11.9,0.5
34996,34997,36792017#2,9.58125,1.267857142857143
34998,34999,36792017#3,10.5,1.7142857142857146
35000,35001,36792018,14.700000000000001,0.0
35002,35003,36792019,14.700000000000001,0.0
35004,35005,36792021#0,3.1500000000000004,0.0
35006,35007,36792021#1,6.300000000000001,0.0
35008,35009,36792021#2,4.9875,1.5833333333333333
35012,35013,36793495#1,5.775,0.5
35016,35017,36793495#3,1.05,0.0
35018,35019,36793495#4,4.2,0.0
35020,35021,36793495#5,4.2,0.0
35022,35023,36793495#6,4.2,0.0
35024,35025,36793495#7,5.25,0.0
35026,35027,36793495#8,17.85,0.0
35030,35031,36793497#0,17.325,0.5
35068,35069,36793509#1,15.129545454545454,1.5865800865800868
35070,35071,36793511#0,4.2,0.0
35074,35075,36793511#2,9.450000000000001,0.0
35076,35077,36793512,18.900000000000002,0.0
35078,35079,36856995,4.4625,0.25
35080,35081,36962701#0,8.925,0.5
35082,35083,36962701#1,2.1,0.0
35086,35087,37192503#1,126.0,0.0
35088,35089,37192504,11.55,0.0
35090,35091,37192505#1,5.25,0.0
35092,35093,37192505#2,22.4,17.333333333333332
35094,35095,37192506#0,13.3,2.3333333333333326
35096,35097,37192506#1,3.1500000000000004,0.0
35104,35105,37192508#0,8.6625,0.38636363636363635
35106,35107,37192508#1,6.204545454545455,0.6909090909090909
35108,35109,37192511#0,10.5,0.0
35110,35111,37192511#1,13.65,0.0
35112,35113,37192511#2,2.1,0.0
35114,35115,37193852#0,6.300000000000001,0.0
35116,35117,37193852#1,6.300000000000001,0.0
35118,35119,37193852#2,7.3500000000000005,0.0
35120,35121,37193852#3,7.3500000000000005,0.0
35122,35123,37193852#4,6.300000000000001,0.0
35124,35125,37193853,8.4,0.0
35128,35129,37193855#0,8.61,0.20000000000000007
35130,35131,37193855#1,2.45,0.33333333333333337
35132,35133,37193855#2,9.1,0.3333333333333335
35134,35135,37193855#3,11.55,0.0
35144,35145,37193858#1,8.4,0.0
35152,35153,37193859#11,9.450000000000001,0.0
35166,35167,37193859#6,5.25,0.0
35168,35169,37193859#8,8.4,0.0
35170,35171,37193859#9,8.4,0.0
35174,35175,37193861#0,4.7250000000000005,0.5
35176,35177,37193861#1,6.825,0.5
35182,35183,37193862#1,11.55,0.0
35198,35199,37255717#0,2.1,0.0
35200,35201,37255717#1,4.1045454545454545,0.4909090909090909
35202,35203,37255717#2,9.240000000000002,1.6999999999999997
35204,35205,37255717#4,6.300000000000001,0.0
35206,35207,37255717#5,5.25,0.0
35214,35215,37255726#0,7.7700000000000005,3.1555555555555546
35216,35217,37255726#2,4.515,0.23333333333333345
35218,35219,37255726#3,3.325,0.1666666666666667
35220,35221,37255726#4,4.620000000000001,0.30000000000000004
35222,35223,37255726#5,21.7875,4.250000000000001
35226,35227,37255731,39.9,0.0
35248,35249,37256211,27.3,0.0
35250,35251,37275085,54.6,18.0
35252,35253,37282369,104.01461538461538,22128.089903846158
35254,35255,37282688#0,28.638749999999998,1812.0500000000002
35256,35257,37282688#1,10.644375,530.879588607595
35258,35259,37282688#2,141.77441860465117,16892.39945280438
35260,35261,37282688#3,75.98620689655174,4173.51430098904
35262,35263,37282688#4,16.05,749.028571428571
35264,35265,37282688#5,84.25384615384617,3850.763125763126
35266,35267,37282738,30.34367088607595,2471.963972736125
35268,35269,37386279#0,3.9375,0.24999999999999997
35270,35271,37386279#1,8.925,1.0000000000000002
35272,35273,37451605,13.3,4.333333333333334
35274,35275,37480109,11.036563876651982,96.31293126973601
35280,35281,376277111,17.85,0.0
35282,35283,376277112#1,5.775,0.5
35286,35287,376285856#2,39.9,0.0
35288,35289,376285856#3,48.300000000000004,0.0
35290,35291,376285856#4,4.2,0.0
35292,35293,376285856#5,25.200000000000003,0.0
35294,35295,376285856#6,13.65,8.0
35296,35297,376285856#7,3.1500000000000004,0.0
35298,35299,37649447#0,3.881818181818182,4.9684601113172535
35300,35301,37649447#1,6.119696969696969,88.44980416408988
35302,35303,37649447#2,3.309090909090909,10.762523191094619
35304,35305,37649447#3,10.277272727272727,286.39332096474953
35306,35307,37649448#0,10.51039603960396,973.009900990099
35308,35309,37649448#1,6.7046875,106.38673245614034
35310,35311,37649448#2,15.13298969072165,185.32817869415805
35312,35313,37681424#0,26.25,25.0
35314,35315,37681424#1,28.200000000000003,7.476190476190477
35320,35321,37681425#3,3.1500000000000004,0.0
35322,35323,37681425#4,5.25,0.0
35330,35331,37681592#0,11.673529411764706,4.610294117647059
35332,35333,37681592#2,18.71470588235294,3.5294117647058822
35334,35335,37681592#3,1.9764705882352942,0.48529411764705904
35336,35337,37681592#4,12.438461538461539,3.474358974358975
35338,35339,37681592#5,9.046153846153846,1.5897435897435903
35340,35341,37681592#6,3.7961538461538464,1.5897435897435894
35342,35343,37681592#7,2.019230769230769,0.07692307692307691
35344,35345,37681592#8,3.553846153846154,0.25641025641025644
35354,35355,37715612#0,20.475,0.5
35358,35359,37715612#2,3.1500000000000004,0.0
35360,35361,37715613#0,6.300000000000001,1.0
35362,35363,37715613#1,13.125,0.5
35364,35365,37715613#2,10.5,7.0
35372,35373,378466167,3.208928571428572,0.289141810570382
35374,35375,378946906,2.970554272517321,0.5123920109485925
35376,35377,378946906.15,2.2231034482758623,1.8364532019704447
35378,35379,378946907,1.9611111111111112,0.3494314983676685
35380,35381,378946908,1.3079584775086506,0.20679546328335263
35382,35383,378946911,8.13139534883721,0.956810631229236
35384,35385,379510292,3.4125,0.25000000000000006
35386,35387,379520414#0,1.05,0.0
35388,35389,379520414#1,3.1500000000000004,1.0
35390,35391,379718294,3.5085365853658534,0.277024992472147
35398,35399,379723622#0,1.05,0.0
35400,35401,379723622#1,8.4,0.0
35402,35403,379723623#0,6.316935483870968,0.7046536224219987
35404,35405,379723623#2,4.2,0.3870967741935486
35406,35407,379723624#1,15.578854625550662,756.5175626681224
35408,35409,379795369,1.3387499999999999,0.2072580645161289
35410,35411,379795371,1.847780678851175,0.21963555835030676
35412,35413,379795373,2.488888888888889,0.706956956956957
35414,35415,379795373.16,2.026006711409396,0.3014145933609022
35416,35417,379795383,4.615116279069768,0.2923588039867111
35418,35419,379795384,5.982558139534884,0.5016611295681062
35420,35421,379795385,1.1509615384615386,0.0886123680241327
35422,35423,379795386,1.05,0.0
35424,35425,379795387,1.85,0.24884792626728108
35426,35427,379795388,1.2923076923076924,0.17982017982017984
35428,35429,379795389,1.2378440366972476,0.17522090221113606
35430,35431,379795390,2.286075949367089,0.45537163258682267
35434,35435,379897806,6.148863636363637,5.620344668054592
35438,35439,380271165#0,18.70806451612903,299.08578775128564
35440,35441,380273341,43.83584905660378,2245.2780829551793
35442,35443,380273342,7.646370967741936,72.00907666187794
35448,35449,380273351#1,130.8125,4743.537878787879
35450,35451,380273351#2,75.60000000000001,4320.333333333333
35460,35461,381247993,0.075,0.06728778467908902
35462,35463,381247994,1.8,0.20703933747412004
35466,35467,38305646#0,9.333333333333334,0.6111111111111113
35468,35469,38305646#2,8.983333333333334,0.5277777777777778
35470,35471,38305646#3,9.66,0.6222222222222222
35472,35473,38434492#0,10.164,2.5077551020408153
35474,35475,38434492#1,6.888,1.1085714285714283
35476,35477,38434492#2,4.5360000000000005,0.7934693877551022
35478,35479,38434492#4,16.75625,5.0195035460992905
35480,35481,38434492#5,2.428125,0.3045212765957447
35482,35483,38434492#7,8.62340425531915,1.7363552266419973
35484,35485,38434492#8,14.700000000000001,3.954545454545453
35486,35487,38434577,4.55,0.45454545454545453
35488,35489,38434578,16.310000000000002,5.254545454545456
35490,35491,38435025,6.621176470588235,0.3100840336134455
35492,35493,38550961#0,39.9,0.0
35496,35497,38550961#2,29.75,4.333333333333335
35498,35499,38550961#3,39.9,110.0
35508,35509,38573373#0,34.65,0.0
35512,35513,38573374,15.75,0.0
35514,35515,38573375#0,7.875,0.5
35516,35517,38573375#1,12.25,0.3333333333333335
35524,35525,38573377#1,21.700000000000003,4.333333333333331
35528,35529,386687232#0,3.2953846153846156,3.491038858049165
35530,35531,386687232#1,40.072307692307696,884.3234469997354
35532,35533,386687235#1,14.569871794871796,142.62406001247206
35534,35535,386687235#1.84,3.5762820512820515,9.36665933017865
35536,35537,386687242#1,8.92818181818182,4.0198078344419805
35538,35539,386687242#2,1.8263636363636366,0.21825572801182555
35540,35541,386687242#3,4.9,0.5162601626016257
35542,35543,387031636,17.85,0.0
35544,35545,387031636.74,21.0,0.0
35546,35547,389552421#1,8.19,0.7
35548,35549,389552421#2,3.57,0.30000000000000004
35550,35551,389552421#3,13.020000000000001,1.3000000000000003
35552,35553,389552421#4,3.1500000000000004,0.4
35554,35555,389552421#5,1.225,0.16666666666666669
35556,35557,389565213#0,17.15,2.333333333333332
35558,35559,389831363,3.5788732394366196,1.0660273698931169
35560,35561,389831364#1,27.19161290322581,4848.10615835777
35562,35563,389831364#1.51,6.478301886792453,242.71148793885843
35564,35565,389840420#0,10.52560975609756,215.5435198469631
35566,35567,389840420#1,6.755853658536586,92.6292204686753
35568,35569,389840420#2,19.139108910891093,584.564799763559
35570,35571,389840420#3,58.59848484848485,6613.881761780237
35572,35573,389840423#0,25.096478873239437,8.34728370221328
35574,35575,389840423#2,12.177083333333332,20.159428794992166
35576,35577,390068133#0,1.3125,0.19736842105263155
35578,35579,390068133#1,7.875,0.7380952380952382
35580,35581,390068133#2,4.610869565217391,0.43083003952569193
35582,35583,390068133#3,4.886538461538462,0.47538461538461546
35584,35585,390282481,2.9289473684210527,0.39766081871345016
35586,35587,390565276#0,1.44375,0.2678571428571429
35588,35589,390565276#1,2.415,0.23333333333333334
35590,35591,390565277#0,6.300000000000001,0.0
35592,35593,390565277#1,5.5125,0.9999999999999999
35594,35595,390565278#0,3.9375,0.25
35596,35597,390565278#1,0.7,0.33333333333333337
35598,35599,390565279,3.9000000000000004,0.23809523809523803
35600,35601,390565280,1.05,0.0
35602,35603,390565281,1.646590909090909,0.2975687103594081
35606,35607,390565283,1.320967741935484,0.19784946236559148
35608,35609,390832775#0,7.772413793103449,0.31301790964982634
35612,35613,390832777#0,8.4,0.0
35616,35617,390835794#0,5.926666666666668,56.33861386138616
35618,35619,390835794#1,7.635384615384615,77.57632324830271
35620,35621,390835794#2,15.784821428571428,186.9324012213581
35626,35627,390842192#0,1.0285714285714287,0.14540816326530612
35628,35629,390842192#1,1.885714285714286,8.832482993197283
35630,35631,390842192#2,2.7363636363636363,0.5587121212121211
35632,35633,390842192#3,0.890909090909091,0.13257575757575754
35634,35635,390842192#4,3.9136363636363636,0.2670454545454545
35636,35637,391029004#0,8.770588235294118,1.326203208556149
35638,35639,391029004#1,10.966666666666667,1.3396825396825396
35640,35641,391029004#2,7.443333333333333,0.9919191919191918
35642,35643,391029005#1,4.8,0.2857142857142857
35644,35645,391029007,12.731250000000001,127.58333333333331
35646,35647,391029008#0,16.821212121212124,741.2240775097918
35648,35649,391029008#1,152.754,19927.989494949496
35650,35651,391029008#2,172.753125,12206.323600386102
35652,35653,391029008#3,71.51951219512195,1673.0361188857785
35654,35655,391029009#0,6.889887640449438,0.7489785495403468
35656,35657,391029009#0.80,9.096067415730337,56.18054136874359
35658,35659,391029010,7.6781250000000005,0.8958333333333334
35660,35661,391029011#0,7.816666666666667,1.0277777777777777
35662,35663,391029011#1,12.600000000000001,0.75
35664,35665,391029011#2,9.975,4.5
35668,35669,391029012#0,3.3600000000000003,0.2
35670,35671,391029012#1,3.1500000000000004,0.0
35672,35673,391029012#2,9.450000000000001,0.5
35674,35675,391029012#3,5.670000000000001,0.2999999999999999
35676,35677,391029012#4,9.8,1.333333333333333
35678,35679,391029012#5,8.750000000000002,0.3333333333333335
35680,35681,391029012#6,4.2,0.0
35682,35683,391029013,16.8,2.0
35684,35685,391029014#0,7.3500000000000005,1.0
35686,35687,391208987#0,3.644117647058824,0.43850267379679136
35688,35689,391208987#1,7.875,0.621212121212121
35690,35691,391208988,8.615625,569.8403314028313
35692,35693,391208990,28.606914893617024,34.01475634866163
35694,35695,391208991,4.2,0.0
35700,35701,391208993#0,19.56818181818182,2.2424242424242458
35702,35703,391208993#1,14.35,4.999999999999998
35704,35705,391208993#2,4.5,0.23809523809523805
35706,35707,391208993#3,7.050000000000001,0.9047619047619048
35708,35709,391208993#4,7.050000000000001,0.9047619047619048
35710,35711,391208993#5,8.137500000000001,23.642857142857142
35712,35713,391344206#0,17.85,0.0
35714,35715,391344206#1,16.8,0.0
35728,35729,391606911#0,16.330263157894738,2.7038596491228075
35730,35731,391606911#1,6.942352941176471,0.6212885154061626
35732,35733,391606911#2,11.916279069767443,1.3592339261285913
35734,35735,391606911#3,2.713483146067416,0.5638406537282943
35736,35737,391606911#4,3.217741935483871,8.321879382889204
35738,35739,391606914,2.718947368421053,0.3083986562150055
35740,35741,391606915,1.6223360655737706,0.4547493759697766
35742,35743,391606922,3.1500000000000004,1.6666666666666667
35744,35745,391758376,1.2,0.14285714285714285
35746,35747,391758377,2.350568181818182,0.3427272727272729
35750,35751,39227066#0,25.200000000000003,0.0
35756,35757,39227661#1,5.432608695652174,1.145780051150895
35758,35759,39227661#2,1.785,0.5028985507246377
35762,35763,39236841#4,20.3,6.333333333333336
35764,35765,392631301,3.5784000000000002,0.5983225806451614
35766,35767,39265638,5.25,0.0
35768,35769,39265639#2,9.079411764705883,1.6176470588235294
35774,35775,392714143#1,2.4423913043478263,0.45493494128848
35776,35777,392714143#1.19,3.616666666666667,0.4408888888888888
35782,35783,393244238,0.4916666666666667,0.250984126984127
35784,35785,393244241#0,3.0394736842105265,2.5601503759398505
35786,35787,393244241#0.36,2.1,1.3333333333333333
35788,35789,393244241#0.36.12,1.666304347826087,0.42560386473429956
35790,35791,393420106#0,1.05,0.0
35792,35793,393420106#1,13.172727272727272,0.8727272727272727
35794,35795,393420112#0,5.460000000000001,0.16842105263157892
35796,35797,393420112#1,8.3475,1.3131578947368416
35798,35799,393420112#2,4.305,0.5157894736842105
35800,35801,393420112#4,2.0475,0.15526315789473685
35802,35803,393420116#1,9.815217391304348,22.898550724637683
35804,35805,393420116#3,10.768604651162791,1.5758582502768557
35806,35807,393420116#4,3.966666666666667,2.2676767676767673
35808,35809,393420116#5,1.7000000000000002,0.2415795586527294
35810,35811,393420116#6,11.652439024390244,1.8402439024390254
35812,35813,393420116#7,4.097560975609756,0.3902439024390244
35814,35815,39345679#1,1.925,0.16666666666666669
35816,35817,39345679#2,3.1500000000000004,0.0
35818,35819,39345680,75.60000000000001,2.0
35820,35821,39443315#0,22.575,3.7142857142857126
35822,35823,39443315#1,316.16666666666663,160976.86111111112
35824,35825,39443316#0,498.435,325499.9052631579
35826,35827,39443316#2,92.78888888888889,16898.549857549857
35828,35829,39444328#0,19.95,237.0
35830,35831,39444328#2,4.2,0.0
35832,35833,39444740#1,4.9,5.333333333333334
35834,35835,39444740#2,6.5625,0.9166666666666666
35836,35837,39444746#0,12.600000000000001,0.0
35838,35839,39444746#1,14.175,4.5
35840,35841,39444746#2,35.7,0.0
35842,35843,39444746#3,26.25,0.0
35844,35845,39444746#4,7.525,10.966666666666669
35846,35847,39444747,18.3,11.61904761904762
35848,35849,39444748,2.45,0.33333333333333326
35850,35851,39445512#1,10.231914893617022,3.716003700277519
35856,35857,39445516,17.85,0.0
35864,35865,39445788#0,7.3500000000000005,0.0
35866,35867,39445788#1,21.525000000000002,84.5
35884,35885,39530040,8.175,20.18131868131868
35886,35887,39530041,6.2250000000000005,90.73395445134577
35896,35897,39530044#3,4.2,0.0
35898,35899,39530044#4,2.625,0.5
35900,35901,39530044#5,46.2,882.0
35902,35903,39530419,10.5,0.0
35908,35909,39577538,9.230232558139535,0.5503875968992243
35910,35911,39577540,5.653846153846154,1.2564102564102562
35912,35913,39603434,7.102941176470589,0.743529411764706
35914,35915,39603435#0,3.0,0.14285714285714288
35916,35917,39603436#0,3.879166666666667,0.3325396825396825
35918,35919,39603436#1,9.566666666666666,1.587301587301587
35920,35921,39603436#2,2.49375,0.26785714285714285
35922,35923,39603436#3,4.05,0.1428571428571429
35924,35925,39603437,2.0125,0.12056737588652482
35926,35927,39603438#0,14.034146341463414,1.6916591388136115
35928,35929,39603438#1,0.9692307692307693,0.07192807192807192
35936,35937,396370770#0,3.6750000000000003,0.5
35938,35939,396370770#1,2.625,0.5
35944,35945,396370774#1,2.1,0.0
35946,35947,396370774#2,5.25,0.0
35948,35949,39649524#0,49.31315789473684,512.1058897243109
35950,35951,39649528,17.14263157894737,75.264725643897
35952,35953,39649533,3.8569306930693075,0.3603763361410769
35954,35955,39697943,10.295454545454547,1.185235816814764
35956,35957,39698489,18.81923076923077,40.57692307692309
35958,35959,39704293#0,3.266666666666667,16.33333333333334
35960,35961,39704293#1,25.822222222222223,5.404558404558404
35962,35963,39704293#2,4.0055555555555555,0.5413105413105413
35964,35965,39704293#3,7.026923076923078,0.6215384615384615
35966,35967,39704293#4,1.9384615384615387,0.13538461538461538
35968,35969,39704919#0,16.41747211895911,301.12797536481173
35970,35971,39704920,4.066135458167331,0.3916812749003986
35972,35973,39704922,8.066896551724138,0.8569923371647512
35974,35975,39704923,14.1225,3.839473684210526
35976,35977,39704924,8.020833333333334,2.805749805749804
35978,35979,397584419,198.45000000000002,0.0
35980,35981,397587871#0,28.35,16.0
35982,35983,397587871#1,2.1,0.0
35986,35987,397587872#0,17.64,2.2
35988,35989,397587872#1,33.075,9.000000000000002
35996,35997,397588247#2,28.35,0.0
35998,35999,39857771,114.91666666666667,155.27777777777777
36000,36001,39857772#0,45.96666666666667,7.444444444444446
36002,36003,39857772#1,23.01923076923077,4.576923076923076
36006,36007,39860602,1.1586206896551725,0.16748768472906403
36008,36009,39860603,6.6899999999999995,1.5344537815126051
36010,36011,39860604#0,7.7,2.333333333333333
36012,36013,39860604#2,46.4625,40.916666666666664
36014,36015,39861421,6.300000000000001,0.0
36016,36017,39861704#1,6.43,0.30995670995670976
36018,36019,39861707,2.317241379310345,1.7950966713175198
36020,36021,39861708#0,1.8525862068965517,0.6898212743339311
36022,36023,39861708#1,9.781896551724138,14.552687529067843
36024,36025,39863083#0,16.1,0.3333333333333335
36026,36027,39863083#2,2.8,1.3333333333333333
36028,36029,39863083#3,5.25,0.0
36030,36031,39863083#4,3.1500000000000004,0.0
36032,36033,39863083#5,4.2,0.0
36034,36035,39863083#6,5.25,0.0
36036,36037,39863083#7,5.25,0.0
36038,36039,39863083#8,3.1500000000000004,0.0
36040,36041,39863084#0,8.146551724137932,0.475369458128079
36042,36043,39863084#1,7.567241379310345,1.3128078817733988
36044,36045,39863084#2,4.2,0.37037037037037035
36046,36047,39863084#3,7.9125000000000005,0.9986772486772493
36048,36049,39863084#4,11.662500000000001,1.580687830687831
36050,36051,39863084#5,83.66250000000001,20401.559523809523
36052,36053,39863101,15.540000000000001,0.7
36056,36057,39918462,5.25,0.0
36062,36063,399835085#0,5.7857142857142865,0.5467687074829932
36064,36065,399835085#1,15.504255319148937,2.2701202590194267
36066,36067,399835085#2,14.151136363636363,3.7436575052854133
36068,36069,399835087#0,6.300000000000001,0.0
36074,36075,399835087#4,36.75,0.0
36078,36079,400100580#1,3.1500000000000004,0.0
36082,36083,40059576#0,4.451086956521739,0.27487922705314
36084,36085,40059576#1,10.095,0.8780538302277432
36086,36087,402154210,1.5750000000000002,0.5
36088,36089,402600768#1,33.64708520179372,4204.41239445724
36104,36105,40493437#2,6.65,0.33333333333333326
36106,36107,40496432#0,2.1,0.0
36108,36109,40496432#1,28.35,0.0
36110,36111,40512185#1,24.79615384615385,6.08502024291498
36112,36113,40512185#2,30.53076923076923,9.072874493927126
36122,36123,4058133#1,20.650000000000002,56.33333333333333
36124,36125,4058133#2,10.5,0.0
36126,36127,4058141,13.276941176470588,2.07865704772475
36128,36129,4058147#0,2.9948863636363634,1.0493395493395492
36130,36131,4058147#1,4.672649572649573,0.631078551078551
36132,36133,40623117#0,13.202459016393442,496.1486338797814
36134,36135,40623117#1,14.175,1150.877049180328
36136,36137,40623117#2,5.825806451612904,878.0877842411421
36138,36139,40623117#3,3.8659090909090907,2.0664335664335662
36140,36141,40631191,4.2,0.0
36144,36145,40640588#0,2.1,0.0
36146,36147,40640588#1,4.2,0.0
36148,36149,40640588#2,0.525,0.3
36150,36151,40640588#3,2.3100000000000005,1.0666666666666667
36152,36153,40640588#4,2.423076923076923,1.2307692307692308
36154,36155,40640588#5,3.7961538461538464,0.7564102564102563
36156,36157,40642783#0,21.525000000000002,612.5
36158,36159,40642783#1,1.05,0.0
36160,36161,40642783#2,14.35,0.3333333333333335
36162,36163,40642783#3,9.450000000000001,0.0
36164,36165,40642787#0,13.125,0.5
36166,36167,40642787#1,4.783333333333333,16.777777777777775
36168,36169,40642787#2,13.8,6.142857142857143
36170,36171,40642790#0,3.5000000000000004,11.466666666666667
36172,36173,40642790#1,6.423529411764706,43.61029411764706
36174,36175,40642790#2,2.1700000000000004,5.066666666666667
36194,36195,40799279,16.8,0.0
36196,36197,40801033#3,6.93,20.044444444444444
36200,36201,40801034#1,3.1500000000000004,0.6666666666666669
36202,36203,40801035#1,3.966666666666667,0.44444444444444453
36204,36205,40801035#2,8.4,0.6666666666666666
36206,36207,40801035#3,31.150000000000002,12.333333333333332
36208,36209,40801035#4,3.3600000000000003,4.2
36210,36211,40801035#5,7.7,2.333333333333333
36212,36213,40801035#6,7.7700000000000005,2.2666666666666666
36214,36215,40801035#8,14.986363636363638,4.218181818181818
36216,36217,40801035#9,22.2,5.4761904761904745
36218,36219,40801036,17.85,0.0
36220,36221,40801039,21.668181818181818,12.454545454545455
36222,36223,40801168,23.1,0.0
36224,36225,40879982#0,1.05,0.0
36226,36227,40879982#1,10.5,0.0
36228,36229,40888350#1,17.15,2.333333333333332
36230,36231,40888351#0,17.500000000000004,2.333333333333332
36232,36233,40888351#1,4.9,0.33333333333333326
36234,36235,40888351#3,3.6750000000000003,0.5
36236,36237,40888351#5,4.3500000000000005,0.1428571428571428
36238,36239,40888351#6,3.1500000000000004,0.3333333333333333
36250,36251,40888356#0,4.2,0.0
36252,36253,40888356#2,3.1500000000000004,0.0
36254,36255,40888356#3,1.05,0.0
36256,36257,40888356#4,3.1500000000000004,0.0
36258,36259,40888356#5,1.05,0.0
36260,36261,40888356#6,2.1,0.0
36264,36265,40888360#1,10.5,0.0
36266,36267,40888360#2,23.625,12.5
36270,36271,40930495#0,28.35,0.0
36274,36275,41051113#0,15.75,2.0
36276,36277,41051113#1,28.000000000000004,1.3333333333333321
36278,36279,41051113#2,16.8,2.0000000000000004
36280,36281,41051113#3,7.0875,0.24999999999999992
36284,36285,41106793#0,7.875,0.5
36286,36287,41106793#1,3.1500000000000004,0.0
36294,36295,41139095,10.5,0.0
36296,36297,41139660#0,12.872222222222224,1.9686609686609686
36298,36299,41139660#1,2.255555555555556,0.20797720797720795
36300,36301,41139660#2,8.283333333333333,2.3333333333333335
36302,36303,41139660#3,2.644444444444445,0.41310541310541304
36304,36305,41139660#4,3.1500000000000004,0.31999999999999995
36306,36307,41140024,14.700000000000001,1.333333333333334
36312,36313,41190839#2,27.3,0.0
36314,36315,41190840,17.85,0.0
36316,36317,41193093#0,2.1,0.0
36318,36319,41193093#1,70.35000000000001,0.0
36320,36321,41193093#2,77.7,0.0
36322,36323,41193100#0,51.45,0.0
36324,36325,41195860#1,6.43125,12.982142857142858
36330,36331,41195860#2,1.26,0.2
36332,36333,41195860#3,3.1500000000000004,0.0
36334,36335,41195860#4,4.2,0.0
36336,36337,41195860#5,11.55,0.0
36338,36339,41195860#6,8.4,0.0
36344,36345,41195860#9,5.25,0.0
36346,36347,41195861#0,5.775,0.5
36348,36349,41195861#1,5.25,0.0
36350,36351,41195862#0,6.300000000000001,0.0
36356,36357,41195863#1,6.300000000000001,0.0
36358,36359,41195865#0,2.1,0.0
36360,36361,41195865#1,3.1500000000000004,0.0
36362,36363,41195865#2,2.1,0.0
36366,36367,41195866,3.1500000000000004,2.0
36368,36369,41195867#0,4.9,0.75
36370,36371,41195867#1,12.15,0.6190476190476196
36372,36373,41195867#2,3.45,0.2380952380952381
36374,36375,41195869#0,12.8625,14.916666666666666
36376,36377,41195869#1,4.55,5.333333333333333
36378,36379,41195869#2,4.2,1.0
36380,36381,41195869#3,3.85,1.3333333333333333
36382,36383,41195869#4,2.94,4.2
36384,36385,41195869#5,4.4625,3.5833333333333335
36386,36387,41195869#6,2.1,0.0
36394,36395,41195877,7.3500000000000005,0.0
36396,36397,41199132,17.85,0.0
36398,36399,41199133,15.75,2.0
36400,36401,41199134,14.933333333333334,1.4444444444444442
36408,36409,41203916#0,13.125,0.5
36410,36411,41203916#2,2.625,0.5
36412,36413,41203916#3,1.5750000000000002,0.5
36414,36415,41203918#0,5.775,0.5
36422,36423,41222724#0,3.9421052631578952,5.867167919799498
36430,36431,413002076#0,183.15,390.7252747252748
36432,36433,413002077#0,162.54000000000002,181.73333333333332
36434,36435,413002077#1,14.83125,3.8392857142857144
36438,36439,413002080,65.10000000000001,0.0
36442,36443,413332605,10.4125,0.8106060606060607
36448,36449,41400364,108.9375,268.5681818181818
36450,36451,41425835#0,20.289062500000004,27.336732456140343
36452,36453,41425835#0.246,8.4,100.56842105263158
36462,36463,414730021,34.3,0.33333333333333215
36464,36465,41494423#0,3.6750000000000003,0.2777777777777778
36466,36467,41494423#1,4.9350000000000005,0.6777777777777777
36468,36469,41494741#0,3.1500000000000004,0.021739130434782608
36470,36471,41494741#1,3.2058510638297877,0.2659574468085105
36472,36473,41494741#2,3.545161290322581,13.280738662926606
36474,36475,41522167#0,1.70625,0.2678571428571429
36476,36477,41522167#1,11.94375,0.2678571428571431
36478,36479,41522169#0,3.4054054054054057,0.3509811181044057
36480,36481,41522169#1,2.2105263157894735,0.2287719298245614
36482,36483,41522169#2,9.408552631578948,0.7050877192982459
36484,36485,41522169#3,4.490131578947368,0.2026315789473683
36486,36487,41522169#4,3.5853658536585367,1.0605239385727192
36490,36491,41530624#0,10.920000000000002,2.8
36492,36493,41530624#1,6.300000000000001,0.0
36496,36497,41539057#2,1.05,0.0
36498,36499,41539057#3,11.55,2.0
36500,36501,41567676#0,12.108510638297872,1.2543940795559672
36502,36503,41567676#1,5.46875,0.423758865248227
36504,36505,420153789,5.123837209302326,0.8921213766476639
36508,36509,42276507,10.5,0.0
36520,36521,42315764#1,8.4,0.0
36522,36523,423287073,7.3500000000000005,0.0
36524,36525,423804014#0,3.6750000000000003,0.5
36526,36527,423804014#1,3.1500000000000004,0.0
36528,36529,423804014#4,19.425,0.5
36542,36543,423804019,4.168181818181818,1.8428030303030303
36546,36547,424028486,18.900000000000002,9.0
36548,36549,42444460#0,3.4125,0.9166666666666669
36550,36551,42444460#1,32.49473684210526,12.052631578947366
36552,36553,42444460#2,10.66578947368421,1.3625730994152048
36554,36555,42444460#3,7.847368421052632,0.9298245614035083
36556,36557,42444460#4,3.7026315789473685,0.26315789473684204
36558,36559,42444461,3.9375,0.25
36560,36561,42485338#0,17.85,0.0
36562,36563,42485338#1,16.8,0.0
36564,36565,42485339,140.70000000000002,450.0
36568,36569,42487766#1,11.38421052631579,0.8070175438596492
36570,36571,42487766#2,6.533333333333334,11.35947712418301
36572,36573,42487767#0,16.1,4.333333333333332
36580,36581,42491774#0,12.600000000000001,1.3333333333333333
36582,36583,42491774#1,3.1500000000000004,0.0
36584,36585,42491774#2,2.1,0.0
36590,36591,42491776#1,4.2,0.0
36600,36601,42508855#0,31.762500000000003,52.24999999999999
36602,36603,42508855#1,26.950000000000003,30.33333333333333
36604,36605,42508855#2,16.275000000000002,4.5
36606,36607,42508856#1,17.325,171.0
36608,36609,42508856#2,46.4625,62.91666666666666
36610,36611,42508858#1,12.600000000000001,0.0
36612,36613,42508858#2,12.600000000000001,0.0
36618,36619,42508865#1,11.275,2.1004645760743323
36622,36623,425100437#1,11.76,1.7000000000000002
36624,36625,425100437#2,12.950000000000001,2.333333333333334
36648,36649,425100439#6,1.05,0.0
36658,36659,425100440#2,7.3500000000000005,0.0
36660,36661,425100440#3,5.25,0.0
36670,36671,425100450#0,5.25,0.0
36672,36673,425100450#1,24.675,4.5
36686,36687,425100455#3,15.75,0.0
36692,36693,425100456#1,10.5,0.0
36694,36695,425100456#2,6.300000000000001,0.0
36700,36701,425100457#0,6.300000000000001,0.0
36702,36703,425100457#1,10.5,1.0
36704,36705,425100457#2,6.65,0.33333333333333326
36710,36711,425100458#1,11.55,0.0
36722,36723,425100461#0,9.450000000000001,0.0
36736,36737,425100462#2,9.450000000000001,0.0
36746,36747,425100465#1,11.2875,0.9166666666666665
36748,36749,425100465#2,6.300000000000001,0.0
36760,36761,425100466#2,3.1500000000000004,0.0
36762,36763,425100466#3,3.1500000000000004,0.0
36764,36765,425100466#4,4.2,0.0
36770,36771,425100467#1,11.55,0.0
36784,36785,425100470#2,2.1,0.0
36790,36791,425148882#0,3.45,0.2380952380952381
36792,36793,425148882#1,2.625,0.3
36794,36795,425148883,34.65,0.0
36796,36797,425148884#0,1.05,0.0
36800,36801,42517570,6.510000000000001,0.19999999999999996
36802,36803,42517571#0,15.75,0.0
36804,36805,42517571#1,18.900000000000002,8.0
36806,36807,42517571#2,5.25,0.0
36808,36809,42517575#0,69.43125,47.94021739130434
36812,36813,426547307,11.55,1.5
36814,36815,426547308,11.55,0.0
36816,36817,42674130#1,7.3500000000000005,0.0
36830,36831,42674133#6,31.5,0.0
36832,36833,42674135#0,19.1625,10.916666666666666
36834,36835,42674135#1,25.462500000000002,8.249999999999998
36836,36837,42674135#2,23.1,0.0
36840,36841,4268816#0,29.675409836065576,173.23005464480877
36842,36843,4268966#1,9.450000000000001,0.0
36844,36845,4268967#1,8.4,0.0
36846,36847,42738708,19.920560747663554,4.801093281608182
36848,36849,42738709#0,6.741588785046729,0.8308940222183037
36850,36851,42738709#0.106,9.499065420560749,1.4223241050961026
36852,36853,42738709#1,9.53076923076923,34.96489917849141
36854,36855,42745460,6.616438356164384,80.11222339304534
36856,36857,42745461#1,11.354918032786886,218.92977019237955
36858,36859,42745545#0,15.58014705882353,109.68956656346752
36860,36861,42756909,18.900000000000002,0.0
36862,36863,429033100,37.275,20.97058823529412
36876,36877,4324820,25.08582089552239,5.259517431159221
36878,36879,4324827#1,21.332926829268292,274.1074367798893
36880,36881,4324828#1,9.58125,0.6964285714285713
36882,36883,433271143,2.7825,0.5552631578947368
36884,36885,433271144,1.47,0.3
36886,36887,433809228,7.3500000000000005,1.0
36888,36889,433809243,3.6750000000000003,0.5
36890,36891,433809256,10.828125,1.8291666666666684
36892,36893,433809259#0,14.50909090909091,4.163636363636363
36894,36895,433809259#1,1.6227272727272728,0.27272727272727276
36896,36897,433809272#0,9.7125,2.9166666666666665
36898,36899,433809272#2,6.65,2.333333333333333
36900,36901,433809275#0,14.700000000000001,2.0
36902,36903,433809275#1,2.625,0.5
36904,36905,433809279#0,5.25,0.0
36908,36909,433809279#2,1.05,0.0
36910,36911,433809279#3,14.700000000000001,8.0
36912,36913,433809279#4,7.3500000000000005,0.0
36914,36915,433809283#0,14.700000000000001,1.9999999999999998
36916,36917,433809283#2,25.200000000000003,0.0
36918,36919,433809283#3,4.7250000000000005,0.5
36922,36923,433809285#0,3.1500000000000004,0.0
36924,36925,433809285#1,4.2,0.0
36926,36927,433809285#2,3.1500000000000004,0.0
36928,36929,433809285#3,4.2,0.0
36930,36931,433809285#4,3.1500000000000004,0.0
36932,36933,433809285#5,3.1500000000000004,0.0
36938,36939,434713634,5.775,0.5
36940,36941,434992724#0,4.7250000000000005,1.5
36942,36943,434992724#1,6.93,1.3000000000000003
36944,36945,434992724#2,1.7500000000000002,0.26666666666666666
36950,36951,435127858#2,5.775,13.666666666666666
36952,36953,435127859#0,7.875,3.5
36954,36955,435127859#1,15.75,1.4999999999999998
36962,36963,435275873,4.2,0.0
36966,36967,435366812,5.25,2.0
36968,36969,43541447,23.1,0.0
36970,36971,43543903,4.2,0.0
36976,36977,438473448,21.0,9.0
36980,36981,439434275,3.6750000000000003,0.5
36982,36983,439478422,2.1,1.3333333333333333
36986,36987,4396670,1.4860169491525423,0.2619875416485586
36988,36989,4396674,1.2697674418604652,0.3217808343136367
36992,36993,439871826,5.2988372093023255,0.28349944629014395
36998,36999,441810448#0,13.379999999999999,13.961904761904766
37000,37001,441810448#1,3.2830985915492956,4.026559356136822
37002,37003,441810448#2,1.6267605633802817,4.536820925553319
37006,37007,449057052,1.85625,1.1096547314578011
37008,37009,449057052.11,2.9122137404580153,5.823583631926055
37010,37011,449057056,1.8921649484536083,0.9235494589758877
37012,37013,449057056.9,3.167319587628866,2.966669506688254
37014,37015,449057059,2.087837837837838,0.8564544611056234
37016,37017,449057060,2.188421052631579,0.4783780030551311
37018,37019,449057060.18,3.274015748031496,2.9518027351844163
37020,37021,449283358#1,11.340000000000002,2.2
37024,37025,450072140,9.450000000000001,56.885245901639344
37026,37027,450076615#0,47.14879518072289,714.4633807959108
37028,37029,450094703,5.178409090909091,1.1862211862211869
37030,37031,450094709,3.44413680781759,0.48989802218390127
37032,37033,450094710,10.878409090909091,49.87946825161804
37034,37035,450094712,4.928501628664495,0.5072491537331544
37036,37037,450094713,12.613680781758958,2.248195695216194
37038,37039,450094714,3.3961864406779663,0.2706502776844159
37040,37041,45378204#0,10.5,1.0322580645161286
37042,37043,45378204#1,17.016666666666666,3.0373783922171027
37044,37045,457182376,18.23181818181818,2.0545454545454547
37046,37047,457182377,100.32272727272728,95.27272727272725
37050,37051,457182379,45.85,2.3333333333333357
37052,37053,457182382,19.06153846153846,7.815384615384615
37054,37055,457182384,43.050000000000004,23.874999999999993
37064,37065,467634654#0,2.1,0.0
37080,37081,467634657#2,6.300000000000001,0.0
37090,37091,467634660#0,2.625,4.5
37092,37093,467634660#1,6.300000000000001,0.0
37094,37095,467634661#1,4.7250000000000005,0.5
37100,37101,467634661#4,1.7500000000000002,1.3333333333333335
37102,37103,467634661#5,4.55,0.33333333333333326
37104,37105,467634661#6,1.7500000000000002,0.3333333333333333
37106,37107,467634661#7,11.55,0.0
37120,37121,47067277,11.55,0.0
37122,37123,47067278,53.025000000000006,0.5
37124,37125,47067279,7.3500000000000005,0.0
37126,37127,472368139,5.25,0.0
37128,37129,472368140,5.460000000000001,4.7
37132,37133,472368142,5.6,1.3333333333333335
37134,37135,472368143,4.2,0.0
37136,37137,472368144,2.683333333333333,0.2777777777777778
37138,37139,472368145,6.4750000000000005,0.5666666666666665
37140,37141,472368146,3.1500000000000004,0.0
37142,37143,472368151,4.783333333333333,0.6616161616161615
37144,37145,472368152,6.0,4.175115207373272
37150,37151,475496141#0,3.1500000000000004,0.0
37152,37153,475496141#1,5.25,0.0
37158,37159,475886450,19.95,608.5
37162,37163,480213874#1,1.8750000000000002,0.48901098901098905
37166,37167,4815093#1,14.700000000000001,2.0
37168,37169,4815093#2,9.450000000000001,0.0
37170,37171,4819338#1,15.769266055045872,263.7508138502514
37172,37173,4819338#2,3.37054794520548,0.570357337354949
37174,37175,4819338#3,1.2733031674208144,0.24092965857671736
37176,37177,4819338#4,7.261682242990655,0.9036900530911325
37178,37179,48234439#4,22.575,12.5
37180,37181,4826080,8.05,0.33333333333333326
37182,37183,4826092#0,2.684105960264901,0.3018101545253862
37184,37185,4826092#1,1.2525,0.15678314491264123
37186,37187,4826092#2,2.469718309859155,1.0382579162920786
37188,37189,4826092#3,0.77,0.2
37190,37191,4826092#4,2.5398648648648647,0.9042947056645685
37192,37193,482729033,12.600000000000001,2.0
37194,37195,48444993,10.63125,0.65
37196,37197,484875201#1,10.015384615384615,11.15865384615385
37198,37199,484875201#2,60.55,53.310734463276845
37200,37201,484875201#3,28.856896551724137,6.830049261083744
37202,37203,484875201#4,35.15,7.261904761904757
37204,37205,484875201#5,98.025,141.93956043956044
37208,37209,486362408,4.2,0.0
37210,37211,48742425#0,19.095348837209304,2702.2978959025468
37212,37213,48742425#1,4.224418604651163,104.40420819490585
37214,37215,48742425#2,5.301219512195122,214.24756097560982
37216,37217,48742425#3,35.64615384615385,3732.365721997301
37218,37219,490041771,31.150000000000002,22.333333333333336
37220,37221,490041772,43.43181818181819,46.65454545454545
37222,37223,4942376#1,36.050000000000004,27.066666666666674
37224,37225,4942407,23.067692307692308,52.24903846153848
37226,37227,4942408,12.701612903225808,969.4236559139786
37230,37231,4942575#1,161.70000000000002,0.0
37238,37239,4942659#0,350.7,0.0
37242,37243,49887169#1,29.19,5.73333333333333
37244,37245,49887169#2,3.966666666666667,0.4444444444444444
37246,37247,49887169#3,3.1500000000000004,0.6666666666666666
37248,37249,500200351#1,13.125,4.5
37258,37259,50191615#1,7.3500000000000005,0.0
37260,37261,50192291#0,2.275,0.3333333333333333
37262,37263,50192291#1,8.05,0.33333333333333326
37264,37265,50192291#2,7.3500000000000005,0.0
37266,37267,50192291#3,1.4,0.33333333333333337
37268,37269,50192291#4,3.1500000000000004,0.0
37270,37271,50192291#5,1.05,0.0
37282,37283,50192550#0,2.3625000000000003,0.24999999999999997
37284,37285,50192550#1,5.25,0.0
37286,37287,50299718,3.1500000000000004,2.0
37288,37289,506207150,25.970000000000002,6.0666666666666655
37290,37291,507836375,13.65,0.0
37292,37293,507836379,15.75,7.0
37294,37295,50833756#1,60.55,306.3333333333333
37296,37297,50833756#2,123.9,450.0
37300,37301,51244813#5,12.709375,1.3293439716312052
37302,37303,51244813#6,5.534375,0.41445035460992924
37304,37305,51244813#7,12.035820895522388,2.070556309362279
37306,37307,51244813#8,3.1672131147540985,1.1830601092896171
37308,37309,51262567#0,6.8031250000000005,0.4250886524822696
37310,37311,51262567#1,6.628125000000001,0.5172872340425533
37312,37313,51262567#2,22.4,4.482269503546102
37314,37315,51262567#3,7.9799999999999995,0.5636363636363634
37316,37317,51262568,5.918181818181819,0.9696969696969696
37334,37335,515573829,17.85,0.0
37346,37347,51559018#3,11.55,0.0
37350,37351,51560240,13.65,0.0
37354,37355,51560242#1,4.7250000000000005,0.28571428571428553
37356,37357,51560242#10,3.7500000000000004,1.6190476190476188
37358,37359,51560242#11,3.9375,0.24999999999999997
37360,37361,51560242#12,4.025,0.5666666666666667
37362,37363,51560242#13,3.5000000000000004,0.6666666666666666
37364,37365,51560242#14,1.05,0.0
37366,37367,51560242#2,3.2454545454545456,1.8909090909090907
37368,37369,51560242#3,2.52,0.2666666666666667
37370,37371,51560242#4,4.433333333333334,0.6944444444444444
37372,37373,51560242#5,4.305,0.5444444444444445
37374,37375,51560242#7,4.305,0.32222222222222224
37376,37377,51560242#8,4.095,0.5444444444444445
37378,37379,51560242#9,4.666666666666667,0.2777777777777778
37380,37381,51560244#0,3.1500000000000004,0.0
37382,37383,51560244#1,4.2,0.0
37384,37385,51560244#2,2.625,4.5
37392,37393,51560245,12.25,0.3333333333333335
37394,37395,51560246#0,3.1500000000000004,0.0
37396,37397,51560246#1,15.75,0.0
37400,37401,51560246#3,1.05,0.0
37402,37403,51560556,11.55,2.0
37406,37407,51560557#1,4.2,0.0
37410,37411,51560614#1,22.575,795.0
37414,37415,51561014,12.600000000000001,2.0
37418,37419,515964574,5.775,1.6666666666666667
37420,37421,51743953#1,8.71875,2.2516233766233755
37422,37423,51743953#2,10.01949152542373,120.04558737580362
37424,37425,51743953#3,1.2991525423728814,0.18410286382232616
37426,37427,51745097#0,31.604198473282445,2693.9823840281865
37428,37429,51745097#0.53,17.75381679389313,939.391544333529
37430,37431,51745097#1,9.065267175572519,543.8185554903112
37432,37433,51856492#0,9.340116279069768,1.059507523939807
37434,37435,51856492#1,29.876162790697677,3402.1331053351564
37436,37437,51856495#1,14.835483870967742,95.58963511369646
37438,37439,51856496#0,3.7026315789473685,0.26315789473684204
37440,37441,51856496#1,1.2157894736842105,0.14035087719298245
37442,37443,51856496#10,1.436842105263158,0.2389758179231863
37444,37445,51856496#2,4.310526315789474,1.6549707602339185
37446,37447,51856496#3,13.85,5.961904761904762
37448,37449,51856496#4,5.5125,7.934782608695652
37450,37451,51856496#5,3.72,1.6084033613445379
37452,37453,51856496#6,3.3384615384615386,3.519568151147099
37454,37455,51856496#7,0.9450000000000001,0.24615384615384614
37456,37457,51856496#8,2.6802631578947373,0.47012802275960175
37458,37459,51856496#9,5.498684210526315,0.45590327169274536
37460,37461,51857517#0,33.78799126637554,4097.770435915113
37462,37463,51857517#0.59,73.06843220338983,6264.60055896142
37464,37465,51857517#1,20.820731707317073,954.4115480338473
37466,37467,51857519#0,6.875718015665797,2.803288997033614
37468,37469,51872702,13.65,2.222222222222222
37470,37471,51872703,7.9748466257668715,1.6745436643187153
37472,37473,51872705#0,50.75000000000001,6721.333333333333
37476,37477,51890699#0,29.925,40.5
37478,37479,51890699#1,17.85,0.0
37482,37483,51890700#0,47.25,0.0
37488,37489,51890708#1,10.5,0.0
37490,37491,51890709#0,1.05,0.0
37492,37493,51890709#2,9.450000000000001,0.0
37494,37495,521046800,12.600000000000001,8.0
37498,37499,521666263,6.825,0.5
37508,37509,523096474,2.1,0.0
37510,37511,523500301,6.300000000000001,0.0
37512,37513,523500303,7.65,0.9047619047619047
37514,37515,523500304,7.3500000000000005,0.0
37516,37517,523500307,6.5625,2.2500000000000004
37518,37519,52361537#1,86.80000000000001,56.333333333333314
37520,37521,52513194,3.1500000000000004,0.0
37524,37525,52513815,3.3886363636363637,3.2316017316017307
37526,37527,52564193#1,3.85,1.0666666666666667
37530,37531,52572753#0,4.733333333333333,0.5120327700972862
37532,37533,52572753#1,3.3796875,0.30059523809523814
37534,37535,52572753#2,10.171875,6.789682539682541
37536,37537,52572753#3,2.616923076923077,0.2850961538461537
37540,37541,52918687#2,8.4,0.0
37546,37547,52985189,22.837500000000002,10.25
37558,37559,53396619#6,13.65,0.0
37562,37563,53396623#0,7.3500000000000005,0.0
37564,37565,53396623#1,2.1,0.0
37566,37567,53399445#1,3.7058823529411766,4.889705882352941
37568,37569,53399445#10,3.1500000000000004,2.0
37570,37571,53399445#11,2.625,0.5
37572,37573,53399445#13,3.1500000000000004,3.0
37574,37575,53399445#2,3.266666666666667,0.8611111111111112
37576,37577,53399445#3,3.5000000000000004,0.33333333333333337
37578,37579,53399445#4,4.2,0.0
37582,37583,53399445#6,21.35,4.333333333333335
37584,37585,53399445#7,2.625,0.3333333333333333
37586,37587,53399445#8,3.1500000000000004,0.0
37588,37589,53399445#9,2.625,1.0
37602,37603,53795883#0,6.65,0.33333333333333326
37604,37605,53795883#1,11.2875,2.25
37606,37607,53795883#10,13.3,1.0666666666666662
37608,37609,53795883#2,12.600000000000001,4.0
37610,37611,53795883#3,8.750000000000002,0.3333333333333335
37612,37613,53795883#4,9.450000000000001,1.0
37614,37615,53795883#5,6.300000000000001,0.4
37616,37617,53795883#6,12.775,1.3666666666666667
37618,37619,53795883#8,11.375000000000002,1.7666666666666668
37620,37621,53898183#0,18.900000000000002,0.0
37628,37629,53898183#4,7.3500000000000005,0.0
37632,37633,54033673#0,34.60047169811321,7315.740610961364
37634,37635,54033673#0.34,28.78909090909091,7327.181317764808
37636,37637,541286865#1,5.25,0.5999999999999998
37638,37639,541286865#2,23.415000000000003,7.520408163265305
37640,37641,54154921#0,28.126229508196722,2297.970735672673
37642,37643,54154921#2,12.15375,1158.6329831932776
37644,37645,54154921#3,39.58760330578513,2393.1774104683195
37646,37647,54154922#1,7.2359424920127795,2.558675350208897
37648,37649,54154969#0,2.260169491525424,0.20046756282875508
37650,37651,54154969#1,2.5449152542372886,0.2828755113968441
37652,37653,54154969#2,5.552542372881356,0.7948568088836939
37654,37655,54154969#3,2.271428571428572,0.13945578231292513
37656,37657,54154970,7.612500000000001,0.24999999999999992
37658,37659,54154971,5.6109375,0.38789682539682574
37664,37665,54169231#2,8.4,0.0
37666,37667,54169241#1,3.7800000000000002,0.3
37668,37669,54169241#2,6.300000000000001,0.0
37672,37673,54169241#4,45.15,0.0
37674,37675,54169280#0,5.208885542168675,1.1253503439740835
37676,37677,54169280#1,12.913102409638556,3.5392112255669206
37678,37679,54169280#2,5.126283987915408,0.528499496475327
37680,37681,54169280#3,9.228614457831325,18.759036144578317
37682,37683,54169280#5,4.718636363636364,20.159537625495066
37684,37685,54169280#5.31,3.3957446808510636,31.728593668915416
37686,37687,54169287#1,4.2,0.0
37690,37691,542617943,1.5703539823008852,0.28792667509481656
37692,37693,542630099,11.18563432835821,844.8416764492154
37694,37695,542635729#1,62.40208333333334,10288.614827856027
37696,37697,542642192,3.8093023255813954,0.42967884828349956
37698,37699,542650138,6.257846715328467,26.10460950241972
37700,37701,542650138.26,2.4585365853658536,1.896981067712776
37702,37703,542650762,21.225,26.7967032967033
37704,37705,542650763#0,7.550000000000001,1.0476190476190474
37706,37707,542650763#1,9.1,51.11646586345382
37708,37709,542650763#1.87,20.825,538.983935742972
37710,37711,54268333,4.33125,11.839285714285712
37712,37713,542727960#0,57.01626506024097,12452.871583896567
37714,37715,542730346#1,6.80940594059406,1.7722772277227719
37722,37723,542769268,4.2,0.0
37724,37725,542769269#0,3.6750000000000003,0.5
37726,37727,542769269#1,11.025,0.5
37728,37729,542769272#0,30.03,8.299999999999999
37730,37731,542769272#1,3.6750000000000003,0.5
37732,37733,542769272#2,21.0,7.0
37734,37735,542769273#0,3.1500000000000004,0.0
37736,37737,542769273#1,31.5,0.0
37740,37741,542769275#0,75.775,8483.366666666665
37742,37743,542769276#0,10.756914893617022,6.466369251887441
37744,37745,542806889,17.67857142857143,210.26445578231287
37746,37747,542806891#1,6.468000000000001,0.89
37748,37749,54462051#1,11.55,0.0
37750,37751,54606419#0,9.36923076923077,1.0769230769230775
37752,37753,54606419#1,3.2454545454545456,0.490909090909091
37754,37755,54606419#2,4.515,0.23333333333333328
37756,37757,54606419#3,30.8,10.000000000000002
37758,37759,54606432#0,2.8,0.24999999999999997
37760,37761,54606432#1,42.81666666666667,18.694444444444446
37768,37769,54638300,39.27,10.266666666666664
37770,37771,54828617#0,15.75,0.0
37772,37773,54828618#1,1.5750000000000002,0.5
37776,37777,54828621#0,9.450000000000001,0.0
37778,37779,54828621#1,16.45,1.333333333333333
37780,37781,54828621#2,2.1,0.4
37782,37783,54828621#3,1.225,0.16666666666666666
37784,37785,54828622#0,2.45,2.6333333333333337
37786,37787,54828622#1,1.2,0.42857142857142866
37788,37789,54828622#2,5.976923076923077,2.3974358974358974
37790,37791,54828622#3,4.55,1.25
37792,37793,54828622#4,3.6750000000000003,0.3
37794,37795,54828622#5,4.7250000000000005,0.3000000000000001
37796,37797,54828622#6,0.63,0.3
37798,37799,54828622#7,8.4,2.0
37806,37807,54828629,11.55,0.6666666666666666
37808,37809,54844250#0,37.800000000000004,2.0
37810,37811,54844250#1,21.0,0.0
37812,37813,54844250#2,7.3500000000000005,3.0
37818,37819,54844253#0,37.800000000000004,49.0
37820,37821,54844253#1,26.25,0.0
37822,37823,54844254#0,29.400000000000002,0.0
37826,37827,54844257,18.900000000000002,0.0
37828,37829,54844264#0,6.825,0.5
37834,37835,54844264#3,4.2,0.0
37836,37837,54844264#4,5.6,0.33333333333333326
37838,37839,54844264#5,7.3500000000000005,0.0
37840,37841,54844264#6,4.2,1.0
37842,37843,54844264#7,5.85,4.6190476190476195
37844,37845,54858973#0,19.23923076923077,102.97211538461539
37846,37847,54858974#0,83.79736842105262,19193.587092731836
37848,37849,549032836,5.360080645161291,4.127130868082876
37850,37851,549401642#0,3.22,0.20952380952380953
37852,37853,549401642#1,2.0300000000000002,0.35238095238095235
37854,37855,549401642#3,34.65,0.0
37856,37857,55600044#0,21.365217391304352,11.873517786561267
37858,37859,55600044#1,178.40454545454546,22598.89090909091
37860,37861,55600044#2,522.2,14166.424242424242
37862,37863,55600046#0,13.2125,4.843971631205673
37864,37865,55600050,25.297674418604654,4.508891928864569
37866,37867,556434727#0,22.321482889733844,1629.7115200417961
37870,37871,55693689#1,10.350000000000001,43.47619047619048
37872,37873,55693689#2,17.01,3.7
37874,37875,55693689#3,2.45,0.33333333333333326
37878,37879,55693694#3,3.6750000000000003,0.5
37880,37881,55693698#0,16.8,0.0
37882,37883,55693698#1,19.95,18.0
37884,37885,55693704#0,21.0,2.0
37886,37887,55693704#1,17.85,2.0
37896,37897,55728622,4.2,0.0
37900,37901,55728625#0,12.600000000000001,0.0
37902,37903,55728625#1,22.225,2.9666666666666663
37908,37909,56031014#2,7.3500000000000005,0.0
37912,37913,56045715,22.05,0.0
37916,37917,56045717,21.0,18.0
37918,37919,56045718,19.500000000000004,3.2857142857142865
37922,37923,56045725#1,3.85,1.3333333333333333
37924,37925,56045725#2,10.5,0.0
37926,37927,56045726#0,8.925,4.5
37928,37929,56045726#1,12.600000000000001,0.0
37930,37931,56045727,4.2,0.0
37932,37933,56045730#0,8.4,0.0
37984,37985,56863461,23.175000000000004,5.917582417582414
37986,37987,57401083,28.000000000000004,14.333333333333336
37996,37997,57827550,5.25,0.0
38006,38007,57827563#0,3.1911764705882355,0.3184313725490196
38008,38009,57827563#1,7.107692307692308,0.3770739064856712
38010,38011,57827563#3,5.723529411764706,0.4525490196078432
38012,38013,57827563#4,2.375,0.19802555168408814
38014,38015,57827566#1,30.1,1.333333333333334
38016,38017,57827567,19.95,1.0
38018,38019,57827572,9.8,2.3333333333333335
38020,38021,582810637,5.935169491525423,0.5534550195567144
38022,38023,582810638#1,6.714473684210526,0.6687719298245615
38024,38025,582810639#1,10.1218009478673,2.953090700318581
38026,38027,582810640,4.622916666666667,0.49745696400625966
38028,38029,582810642#0,0.6278350515463917,0.2429123711340205
38030,38031,582810642#1,1.331443298969072,0.19823883161512026
38032,38033,582810642#2,1.1257731958762887,0.06765463917525776
38034,38035,582810642#3,18.13144329896907,2.4690721649484515
38036,38037,582810642#4,5.715463917525773,0.3743556701030926
38038,38039,582810643,7.184210526315789,1.0292397660818713
38044,38045,58295043,5.082478632478633,694.4030443630442
38046,38047,58622231#0,3.9000000000000004,0.2380952380952381
38048,38049,58622231#10,5.25,0.0
38050,38051,58622231#2,4.8,0.2857142857142858
38052,38053,58622231#3,3.033333333333333,0.36111111111111105
38054,38055,58622231#4,3.1500000000000004,0.6666666666666666
38056,38057,58622231#5,2.1,0.0
38058,38059,58622231#7,6.300000000000001,0.0
38060,38061,58622231#8,1.05,0.0
38062,38063,58622231#9,14.175,12.5
38064,38065,58622232#0,31.828125,20.931451612903235
38066,38067,58622232#1,21.031818181818185,10.405303030303033
38084,38085,589179144,18.195205479452056,2393.2237442922365
38086,38087,591545485#1,2.0596153846153844,0.43846153846153846
38090,38091,591898302#0,4.5,1.6043956043956042
38092,38093,591898302#1,10.5,0.6666666666666666
38094,38095,591898302#10,3.1500000000000004,0.0
38100,38101,591898302#5,6.825,0.5
38110,38111,591899018#0,3.7227272727272727,0.27272727272727276
38112,38113,591899018#1,2.004545454545455,0.2909090909090909
38114,38115,591899019,14.700000000000001,0.0
38116,38117,591899020#0,0.8076923076923078,0.19230769230769237
38118,38119,591899020#1,1.8375000000000001,0.38636363636363635
38120,38121,591899020#2,0.9625,0.26515151515151514
38122,38123,591899020#3,1.4,0.24242424242424238
38124,38125,594229006,1.5272727272727273,0.2895622895622896
38132,38133,595914503#1,15.75,2.0
38134,38135,596787045,3.1500000000000004,0.0
38136,38137,596846686#0,6.09,1.511111111111111
38138,38139,596846686#1,7.245000000000001,1.8777777777777775
38140,38141,596846686#2,9.683333333333334,2.4444444444444446
38142,38143,596846686#3,2.9166666666666665,0.4444444444444445
38144,38145,596846686#4,21.7875,233.07142857142853
38146,38147,596846691,8.925,1.666666666666666
38148,38149,596846692,4.425000000000001,1.2582417582417582
38150,38151,60064938#0,7.641666666666667,0.3300653594771241
38152,38153,60064938#1,4.7250000000000005,1.4285714285714286
38154,38155,60064938#2,5.6,1.0666666666666669
38156,38157,60064938#3,7.875,0.7
38158,38159,60064938#4,2.1,1.0
38160,38161,60066780,27.51,2.177777777777778
38162,38163,60100821#0,9.25909090909091,1.035940803382664
38164,38165,60100821#1,5.763333333333334,0.4373737373737372
38166,38167,60100821#3,9.543333333333333,27.264646464646475
38168,38169,60100821#4,16.24148936170213,211.5587419056429
38170,38171,60135599#1,227.115,22509.06315789474
38172,38173,602098904#1,3.1500000000000004,0.0
38174,38175,602098904#2,4.2,0.0
38176,38177,602098904#3,4.2,0.0
38188,38189,60773453#0,15.75,0.0
38190,38191,60773453#1,9.450000000000001,0.0
38192,38193,60773453#2,7.3500000000000005,0.0
38194,38195,60931370,3.198214285714286,0.5876242804814231
38198,38199,60995199#2,119.7,200.0
38200,38201,60995199#3,69.19322033898305,102.57568673290471
38202,38203,611319803,51.45,0.0
38206,38207,611319805,25.725,0.5
38208,38209,611319807#0,2.2183098591549295,0.21569416498993962
38210,38211,611319807#2,14.520000000000001,2.7527950310559
38212,38213,611319807#3,1.0804347826086955,0.14620630861040065
38214,38215,611319808#0,2.9142857142857146,0.2583631390700609
38216,38217,611319808#1,2.662886597938144,0.3137886597938144
38218,38219,611319808#2,9.4609375,2.3472587719298246
38220,38221,611319809#0,2.52,0.3
38222,38223,611319809#1,1.05,0.0
38224,38225,611319809#2,2.8875,0.25
38226,38227,611319809#3,2.625,0.3333333333333333
38228,38229,611319809#4,4.4625,0.24999999999999992
38230,38231,611319809#6,14.175,0.5
38232,38233,611319809#7,1.5750000000000002,0.5
38234,38235,611319810,31.752,16.273333333333326
38236,38237,611319811#1,20.475,7.0
38238,38239,611319817,21.0,0.0
38240,38241,611319827,13.810416666666669,3.398865414710487
38242,38243,611569239#0,5.25,2.0
38244,38245,611569243,14.700000000000001,0.0
38246,38247,611569255,6.300000000000001,0.6666666666666665
38250,38251,611569263,3.1500000000000004,0.0
38256,38257,611624472,3.1500000000000004,0.0
38258,38259,611624476#1,5.25,0.0
38260,38261,611624476#3,2.1,0.0
38262,38263,612075145#0,3.1500000000000004,0.0
38264,38265,612075145#1,1.05,0.0
38266,38267,612075145#2,10.5,0.0
38268,38269,612075145#3,2.1,0.0
38270,38271,612075153#0,160.65,17356.823529411766
38272,38273,612075155#0,1.6961538461538463,0.25641025641025644
38274,38275,612075155#1,7.7,1.4666666666666668
38276,38277,612075155#2,10.5,11.333333333333334
38278,38279,612075155#3,19.95,0.0
38280,38281,612075155#4,2.23125,0.4107142857142857
38282,38283,612075156,4.2,0.0
38284,38285,612075157,5.25,0.0
38286,38287,612075158#1,2.7300000000000004,0.4888888888888887
38288,38289,612075159#0,2.1,2.0
38290,38291,612075159#1,44.1,0.0
38292,38293,612084388,8.4,0.0
38296,38297,612084394,6.300000000000001,0.0
38300,38301,612084401#1,12.46875,8.696428571428571
38304,38305,61318930#1,1.2,0.14285714285714288
38306,38307,61318930#2,1.7500000000000002,0.2666666666666667
38308,38309,61318930#3,5.25,0.0
38310,38311,61326419,3.85,1.3333333333333333
38316,38317,61326427#0,22.38157894736842,5.561403508771932
38318,38319,61326427#1,22.35,1.5714285714285692
38328,38329,614738717,3.1500000000000004,0.0
38330,38331,614738718#0,5.5125,0.5000000000000003
38332,38333,614738718#1,5.3812500000000005,0.12499999999999999
38334,38335,614738718#2,3.3833333333333337,0.9444444444444445
38336,38337,614738718#3,3.54375,0.2678571428571428
38338,38339,614738718#4,3.54375,0.26785714285714285
38340,38341,614738718#5,6.300000000000001,0.0
38342,38343,614738719#0,2.45,0.33333333333333337
38344,38345,614738719#1,7.3500000000000005,1.0
38346,38347,614738719#2,1.6800000000000002,0.3
38348,38349,614738719#3,3.6750000000000003,0.28571428571428564
38350,38351,614738719#4,3.8062500000000004,0.2678571428571428
38352,38353,614738719#5,3.6750000000000003,0.28571428571428564
38354,38355,614738719#6,46.9,10587.75
38358,38359,614738721,4.2,0.6666666666666665
38360,38361,614738722,5.25,0.0
38364,38365,61671904,196.72500000000002,6791.785714285715
38374,38375,61909838#1,7.525,0.6264367816091955
38376,38377,61909838#2,1.9949999999999999,0.09310344827586205
38378,38379,61909838#3,2.0300000000000002,0.27126436781609203
38380,38381,61909838#4,9.17,1.098850574712644
38382,38383,61909838#5,6.2148648648648654,0.5210210210210211
38386,38387,61940355,38.34149722735675,4004.2835489833633
38388,38389,61940356,4.88623595505618,127.7878203371489
38392,38393,62011796#0,6.825,0.3333333333333333
38394,38395,62011797#4,8.4,0.0
38396,38397,62011798#0,8.05,9.333333333333334
38398,38399,62011798#1,15.75,3.5
38406,38407,62011808,6.300000000000001,0.0
38408,38409,620167544,18.83823529411765,3.3764705882352968
38412,38413,623402296#0,12.8625,1.583333333333334
38414,38415,623402296#1,11.55,0.0
38416,38417,623402296#2,16.275000000000002,40.5
38422,38423,623402297#2,14.175,0.5
38424,38425,624350642,10.845731707317075,1.2853056308340864
38430,38431,627181818#0,12.91298076923077,204.89087005227785
38432,38433,627181818#0.45,8.458333333333334,170.0903426791277
38434,38435,631766893,42.13125,22.41071428571429
38448,38449,636801029,28.35,18.0
38450,38451,63709069#0,5.25,0.0
38452,38453,63709069#1,2.1,0.0
38454,38455,63709074,9.450000000000001,0.0
38456,38457,63709075#0,4.2,0.0
38458,38459,63709075#1,4.7250000000000005,0.5
38468,38469,63709082#1,1.05,0.0
38472,38473,638602238,10.332,1.3066666666666669
38474,38475,638758710#1,6.300000000000001,0.0
38476,38477,640370488,7.875,0.5
38478,38479,640370489,6.300000000000001,0.0
38480,38481,640370491,8.4,0.0
38486,38487,64080426#0,3.1500000000000004,0.0
38488,38489,64080426#1,2.1,0.0
38490,38491,64089736,9.079411764705883,52.11764705882353
38492,38493,64092194,18.433333333333337,3.527777777777777
38500,38501,64203761,7.3500000000000005,0.0
38502,38503,64215831,19.95,8.0
38504,38505,64215833,29.400000000000002,12.666666666666666
38506,38507,64215835#0,9.975,0.3333333333333333
38508,38509,64215835#1,32.2875,15.583333333333334
38512,38513,64279742,31.5,26.499999999999996
38518,38519,64442509#0,6.207894736842106,0.48781245148268876
38520,38521,64442509#1,1.4460526315789475,0.23699736065828295
38522,38523,64442509#2,18.58684210526316,4.547430523210678
38524,38525,64442509#3,43.07763157894737,234.07894736842096
38526,38527,644489725#1,4.581818181818182,3.0545454545454542
38528,38529,644489725#2,2.5772727272727276,0.27272727272727276
38530,38531,644489725#3,7.875,1.9
38532,38533,644489726,8.05,0.33333333333333326
38534,38535,64464377#1,15.225000000000001,1.7272727272727273
38536,38537,64464377#2,5.670000000000001,0.30000000000000004
38538,38539,64464377#3,2.1,0.0
38540,38541,64464405,107.64811320754718,21177.213119974516
38542,38543,64464420,28.86570048309179,1346.4890343358786
38544,38545,64464430,34.10806451612903,1491.0016048788318
38548,38549,65047492#0,6.65,5.833333333333334
38550,38551,65047492#1,22.181250000000002,7.267857142857143
38552,38553,65047492#2,24.150000000000002,6.923076923076923
38554,38555,65047492#3,1.823684210526316,1.8713450292397664
38556,38557,65047492#4,10.530000000000001,3.9109243697478995
38558,38559,65047492#5,17.46818181818182,60.051136363636374
38560,38561,653473568#0,2.1763636363636363,0.29090909090909095
38562,38563,653473568#1,8.571818181818182,95.43569023569023
38564,38565,653473569#0,1.660909090909091,2.729292929292928
38566,38567,653473569#2,43.0875,2176.725974025974
38568,38569,653473569#3,32.72027027027027,1800.3569048500551
38570,38571,653473569#4,21.13125,1522.3132911392406
38572,38573,653473569#5,37.183125000000004,3635.1568037974685
38574,38575,653473569#6,14.24825581395349,525.3538987688098
38576,38577,653473569#7,70.39827586206897,3299.4862336273713
38580,38581,659389384,25.125,4.840659340659344
38582,38583,666132823#0,2.1,0.0
38584,38585,666132823#1,14.700000000000001,0.0
38586,38587,666132823#2,2.1,0.0
38598,38599,666132827,80.85000000000001,0.0
38602,38603,672008260#1,10.2375,4.25
38604,38605,67237927,22.05,0.0
38606,38607,67237928#0,17.277272727272727,2.354978354978353
38608,38609,67237928#1,6.576315789473685,0.5380116959064326
38610,38611,67237928#2,11.625,23.60989010989011
38612,38613,67237947#1,6.65,1.0666666666666664
38614,38615,67237950,10.5,0.0
38616,38617,67237955#0,9.781578947368422,1.6273115220483647
38618,38619,67237955#1,1.9306451612903226,1.1397849462365592
38620,38621,67237955#2,17.85,0.0
38622,38623,67237957,25.725,12.5
38624,38625,67237958#1,12.170454545454547,1.5993006993006995
38626,38627,67237958#2,1.46015625,0.24181547619047614
38628,38629,67237958#3,1.640625,0.2817460317460318
38630,38631,67237958#4,3.2033898305084745,1.531852717708942
38632,38633,67237958#5,2.2105263157894735,0.1507823613086771
38636,38637,67237970#0,5.7246575342465755,0.3622526636225267
38638,38639,67237970#1,3.3657534246575342,0.16552511415525115
38640,38641,67237970#3,5.192465753424657,0.3858447488584479
38650,38651,67237972#4,2.45,0.33333333333333326
38652,38653,67237972#5,3.1500000000000004,0.0
38654,38655,67237972#6,3.1500000000000004,0.0
38656,38657,67237972#7,3.1500000000000004,0.0
38658,38659,67237976#0,2.1,2.0
38660,38661,67237976#1,8.4,0.0
38662,38663,67237976#2,2.1,0.0
38664,38665,67237979#0,2.625,0.3333333333333333
38666,38667,67237979#1,8.4,2.0
38668,38669,67237979#2,4.7250000000000005,0.5
38670,38671,67237985#0,7.7700000000000005,1.2999999999999998
38672,38673,67237985#1,32.550000000000004,0.0
38674,38675,67237985#2,5.95,0.3333333333333335
38676,38677,67237994,21.35,1.333333333333334
38690,38691,67238006#4,3.1500000000000004,0.0
38692,38693,67238006#5,5.25,0.0
38700,38701,67238013,24.31153846153846,189.97435897435898
38702,38703,67238016#0,4.9,0.33333333333333326
38704,38705,67238016#1,4.2,0.75
38706,38707,67238016#2,5.366666666666666,1.1111111111111107
38708,38709,67238018#0,31.5,0.0
38714,38715,67238029#1,2.975,0.9666666666666666
38716,38717,67238030,2.1,0.0
38718,38719,67238031#1,4.7250000000000005,0.5
38720,38721,675026434#1,5.25,0.0
38722,38723,675026434#2,29.925,4.5
38724,38725,675026435#0,6.300000000000001,0.0
38728,38729,675026436#0,6.300000000000001,0.0
38730,38731,675757784#0,13.125,0.5
38732,38733,675757784#1,11.55,0.0
38734,38735,675757784#2,8.4,0.0
38736,38737,675757784#3,4.85625,1.1141304347826086
38738,38739,675757784#4,4.41875,3.1286231884057987
38746,38747,675757785#3,30.66,17.200000000000003
38748,38749,675757785#4,5.25,0.0
38750,38751,676400899,9.450000000000001,0.0
38752,38753,677165951,12.075000000000001,4.5
38760,38761,677541740#0,7.9799999999999995,0.9894736842105264
38762,38763,677541740#1,17.325,4.5
38766,38767,679514632,6.300000000000001,0.0
38768,38769,679514635,12.600000000000001,8.0
38784,38785,69556532#0,3.8062500000000004,0.2678571428571428
38786,38787,69556532#1,3.45,7.238095238095238
38788,38789,69556532#2,3.6750000000000003,0.3333333333333333
38790,38791,69556532#3,2.1,1.3333333333333333
38794,38795,700272065,3.6617647058823533,0.40450078336419304
38796,38797,700272066,5.342920353982301,0.634955752212389
38798,38799,700272066.5,7.575596816976128,3.381906428128001
38800,38801,700272067#0,14.476184210526316,194.02568393278705
38802,38803,700272068,2.295762711864407,0.22135303491235683
38804,38805,700272069,6.459782608695653,1.6429951690821256
38806,38807,700272074#0,15.378384798099763,26.214919126795593
38810,38811,700272076#0,49.631443298969074,1303.510738831615
38812,38813,700272077,3.9835051546391753,0.35287800687285226
38820,38821,701585558,6.300000000000001,0.6666666666666666
38822,38823,701585559,4.2,2.0
38824,38825,701585562,3.1500000000000004,0.0
38834,38835,708784616#1,10.310106382978725,0.7948981926332651
38836,38837,708784621,5.25,0.0
38838,38839,708784622,7.3500000000000005,0.0
38840,38841,708784623,7.875,2.2777777777777777
38842,38843,708784624#1,5.25,52.25
38844,38845,708784625#1,3.531818181818182,6.654545454545454
38846,38847,710645377#0,1.4,0.3333333333333333
38848,38849,710645378,5.25,0.0
38850,38851,710645391,8.4,0.0
38852,38853,710645392,1.8277777777777777,0.2711390635918938
38854,38855,714371902,12.075000000000001,5.666666666666665
38858,38859,71809618#0,4.957377049180328,0.4043715846994536
38860,38861,71809618#1,2.392622950819672,0.2043715846994534
38862,38863,71809618#3,6.0613636363636365,0.5475524475524476
38864,38865,71809618#4,7.9625,35.992957746478865
38866,38867,71809618#5,15.849324324324325,227.56627175120335
38868,38869,718469828#1,4.2,0.0
38872,38873,718469828#2,5.25,0.0
38874,38875,718469828#3,3.1500000000000004,0.0
38876,38877,718469828#4,3.1500000000000004,0.0
38878,38879,718469828#6,3.1500000000000004,0.0
38886,38887,718469829#0,2.1,0.0
38890,38891,718469830,33.6,0.0
38892,38893,718481091#0,42.68613861386139,7618.948712871288
38894,38895,718481092,15.745023696682464,1064.7315689342684
38896,38897,718481093#0,25.74712643678161,1638.388977306219
38898,38899,718481093#1,64.6663043478261,1852.9595366550298
38900,38901,718481094#0,7.6312500000000005,23.617857142857147
38902,38903,718481095,99.71111111111111,6265.883190883191
38904,38905,718481096#0,4.680508474576271,1.3904149620105202
38906,38907,718481096#1,2.900847457627119,0.25306838106370544
38908,38909,718481096#2,7.527966101694916,0.625949736995909
38910,38911,718481096#3,7.766379310344828,0.6645493042952209
38912,38913,718481097#1,35.07,793.7
38914,38915,718481097#2,1.05,0.0
38918,38919,718481098,1.4692015209125475,0.6148085798043712
38922,38923,718481100,94.22,20332.547126436784
38924,38925,718481103#0,2.158333333333333,0.09119496855345909
38926,38927,718481103#1,4.826315789473685,708.4235588972431
38928,38929,718481103#2,16.93867924528302,2434.232220609579
38930,38931,718481103#3,141.6138888888889,43358.83193570929
38932,38933,718481107,15.276219512195123,969.0654923215898
38934,38935,718797712#0,91.35000000000001,0.0
38940,38941,718800194#0,8.4,0.7692307692307693
38942,38943,718800194#1,77.55000000000001,39.978021978021985
38948,38949,718828178#1,72.3871794871795,1807.4877689360455
38950,38951,718828179#0,6.354739336492892,0.38298352516361994
38952,38953,718828183#0,8.6625,0.24999999999999986
38954,38955,718828183#1,5.25,0.0
38956,38957,718828183#2,2.1,0.0
38960,38961,718828183#5,19.95,0.0
38962,38963,718828184#0,8.4,0.5263157894736842
38964,38965,718828184#1,14.700000000000001,186.79999999999998
38966,38967,718828185#0,10.022727272727273,0.9264069264069266
38968,38969,718828185#1,8.793750000000001,1.8097826086956512
38970,38971,718828185#2,18.900000000000002,3.3333333333333335
38972,38973,718828185#3,3.4125,0.25000000000000006
38974,38975,718828186#0,14.568750000000001,2.2010869565217392
38976,38977,718828186#1,2.40625,0.30253623188405787
38980,38981,718844697#0,5.775,0.3333333333333333
38982,38983,718844697#1,3.5000000000000004,0.33333333333333337
38992,38993,718844698#4,3.1500000000000004,0.0
38994,38995,718844698#6,5.25,1.5
38996,38997,718844698#7,21.39375,163.125
38998,38999,718850685#2,37.480042918454934,16.609331064081665
39000,39001,718850685#3,8.287339055793993,0.9496448127867396
39002,39003,718850686#1,8.741566265060241,1.8075227740229218
39004,39005,718850686#1.194,44.517469879518075,806.6570672935645
39006,39007,718850686#1.58,9.677710843373493,47.903614457831345
39008,39009,718850688,9.912357954545454,1.5861742424242418
39010,39011,718850689,5.733823529411765,0.557473481195757
39016,39017,718926969#0,4.2,0.0
39018,39019,718926969#1,8.4,0.6666666666666666
39020,39021,71900674#0,8.8125,65.0064935064935
39022,39023,71900674#1,5.961864406779661,1.0841613091759206
39024,39025,71900674#2,4.63125,0.3918831168831168
39026,39027,71900674#3,13.856250000000001,3.542532467532468
39030,39031,719015092,8.341666666666667,13.882539682539681
39032,39033,719015093,3.106020942408377,0.6087627445577294
39034,39035,719015094#0,2.5265625000000003,0.2427279874213836
39036,39037,719015094#1,2.9990625000000004,0.22448899371069186
39038,39039,719015097,13.715625000000001,30.4625
39040,39041,719015099,7.7102941176470585,21.098912832459717
39042,39043,719015101,6.094565217391304,233.12202475404638
39044,39045,719015101.12,12.133333333333333,1234.2880116959066
39058,39059,72475188#0,1.05,0.0
39080,39081,72475192,29.400000000000002,0.0
39092,39093,72475204#0,49.35,0.0
39094,39095,72475204#1,24.150000000000002,0.0
39108,39109,72562658,21.387500000000003,3.344090648307516
39122,39123,72562699,1.5750000000000002,0.5
39124,39125,72562708,7.800000000000001,1.2857142857142858
39126,39127,72562710,6.300000000000001,0.0
39130,39131,726080889#1,1.05,0.0
39132,39133,726080889#2,2.1,0.0
39134,39135,726080889#3,2.1,0.0
39136,39137,726080889#4,2.1,0.0
39138,39139,726080889#5,8.715000000000002,29.90526315789474
39148,39149,726514442#0,5.929710144927537,0.8993011584822477
39150,39151,726514442#1,3.4746376811594204,0.27287650673045355
39152,39153,726514443#0,4.999253731343284,0.9326865671641791
39154,39155,726514443#1,4.003448275862069,0.4202311856801446
39156,39157,726514443#2.43,25.746000000000002,356.07999999999976
39158,39159,726514445,3.9250000000000003,46.738857142857135
39160,39161,726514446,1.4274793388429754,0.5288742877675687
39162,39163,726514447,35.525000000000006,4810.966666666666
39164,39165,726514448#0,8.4,3.0
39166,39167,726514448#1,2.8,0.33333333333333326
39168,39169,726514448#2,80.85000000000001,0.0
39170,39171,726514449,5.0492647058823525,0.6643985952589994
39172,39173,726514450,56.74285714285714,10018.472543656635
39174,39175,726514451#0,8.897368421052631,27.152046783625735
39176,39177,726514451#2,2.004545454545455,0.49090909090909085
39178,39179,726514451#3,3.2550000000000003,0.5444444444444447
39180,39181,726514451#4,2.7300000000000004,0.48888888888888893
39182,39183,726514452#0,15.46930693069307,3.2778217821782176
39184,39185,726514452#1,4.44950495049505,0.40297029702970305
39186,39187,726514453#1,7.170731707317073,1.674194519722976
39188,39189,726514453#2,11.225,1.5656913367756735
39190,39191,726514453#3,7.1625,67.04001721170391
39192,39193,726514454,2.625,0.2777777777777777
39194,39195,726515357,4.551988636363636,1.328897953897954
39198,39199,726515361,1.828448275862069,0.2301875378100423
39200,39201,726515362,8.4,32.0
39204,39205,727164240,4.5248054474708175,0.6429145713397193
39206,39207,727164241#0,10.5,90.66666666666667
39208,39209,727164244,10.99,1.7117117117117113
39210,39211,72883541#0,7.71,0.6436974789915968
39212,39213,72883541#1,6.189473684210526,0.5221052631578942
39218,39219,72883544#1,6.825,0.5
39220,39221,72883546,4.2,0.0
39222,39223,72883554,7.3500000000000005,0.0
39224,39225,72883558#0,10.15,6.266666666666667
39226,39227,72883558#1,3.2307692307692313,0.7435897435897436
39230,39231,737320746,2.2830882352941178,0.834794338788147
39232,39233,737320746.8,3.9003722084367247,6.3686159771860344
39234,39235,737320747#1,7.371052631578948,35.8086422085364
39236,39237,737320747#2,6.7461832061068705,55.1888663862491
39238,39239,737320747#3,9.693129770992368,107.19369579893022
39240,39241,737320747#4,24.42155172413793,377.39602925809834
39242,39243,737320747#4.146,13.192887931034484,210.4200440364233
39244,39245,737320748#2,6.4787234042553195,0.9038661131292162
39246,39247,746482758#0,318.15000000000003,0.0
39248,39249,746482758#1,636.3000000000001,0.0
39250,39251,746483005#0,103.96640625,28220.96800595238
39252,39253,746483006#1,19.339285714285715,1862.8231643172742
39254,39255,746483006#2,10.90764705882353,755.8355742296918
39256,39257,746483006#3,27.020000000000003,3307.2522522522527
39258,39259,746483006#4,6.920454545454546,363.1993006993009
39260,39261,746483006#5,46.88157894736842,7663.588972431078
39262,39263,746483006#6,30.48684210526316,3994.248746867168
39264,39265,746700169,5.065277777777778,0.25848044305988227
39268,39269,746700170#1,1.05,0.0
39270,39271,746700171,2.4078947368421053,0.7845750740487583
39272,39273,746700172#0,13.65,1.0
39274,39275,746700172#1,2.8,0.33333333333333337
39276,39277,746700173#0,28.000000000000004,248.80952380952382
39280,39281,746700175,3.9136363636363636,0.21818181818181817
39282,39283,746700176,24.150000000000002,3.0
39284,39285,746700179,2.497727272727273,0.5773892773892775
39286,39287,746700180#0,10.334210526315792,60.29473684210525
39288,39289,746700181#0,10.134782608695653,219.74581939799344
39290,39291,746700182,5.875757575757576,0.365697794269223
39292,39293,746700183#1,4.115151515151515,13.95258709544423
39294,39295,746700186#0,3.1500000000000004,0.0
39296,39297,746700186#2,5.25,0.6666666666666666
39298,39299,747007933#0,4.7250000000000005,0.3333333333333333
39316,39317,747324457,3.513461538461539,0.5553846153846154
39322,39323,749560259#1,14.053846153846155,90.00615384615385
39324,39325,749560260,5.220212765957448,0.48490374873353576
39326,39327,749560261,70.11492537313433,18198.206693803713
39328,39329,749560262,6.626946107784431,130.99884568212974
39330,39331,749560262.18,29.617682926829268,486.2512344755343
39332,39333,749560268,22.316417910447765,5349.161917684305
39334,39335,749560269#1,25.576119402985075,7329.6879240162825
39338,39339,749560273,58.94538461538462,9316.371153846154
39340,39341,749560274#1,10.635365853658538,105.77003484320554
39344,39345,75123338,29.400000000000002,0.0
39346,39347,75123439,84.7,34.333333333333314
39348,39349,75123444,121.275,161.6666666666667
39350,39351,75123449,62.212500000000006,8.916666666666666
39352,39353,752837945#0,5.64375,0.2678571428571426
39354,39355,752837945#1,3.1500000000000004,0.0
39356,39357,752837946,14.175,0.5
39358,39359,753083360#0,52.445454545454545,4081.3656869446336
39360,39361,753083360#1,32.29090909090909,2592.398838004101
39362,39363,753083360#2,3.957692307692308,168.12787212787208
39364,39365,753083360#3,44.2993670886076,14374.283998701721
39366,39367,753083361,73.47439024390243,23230.56729900632
39368,39369,753083363,25.258333333333336,4638.58088888889
39370,39371,75405815,23.1,4.666666666666667
39400,39401,765244913#1,83.82073170731708,32161.797651309855
39402,39403,765244913#1.57,147.5625,56189.21557659207
39404,39405,765244914#0,7.14,0.7428571428571429
39406,39407,765244915,17.252307692307692,3.9052884615384627
39408,39409,765541113,2.1,2.0
39414,39415,768560222,16.275000000000002,6.333333333333332
39416,39417,77033039,12.600000000000001,0.0
39418,39419,77033040,9.66,0.7000000000000002
39420,39421,770768078#0,3.1500000000000004,0.0
39422,39423,770768078#1,16.275000000000002,4.5
39424,39425,770768081,12.806818181818183,4.159380060143419
39426,39427,770847746,15.225000000000001,0.5
39428,39429,771682702,13.65,8.0
39430,39431,771682710#1,3.1500000000000004,0.0
39434,39435,771705191#0,3.1500000000000004,0.0
39444,39445,772879616,11.025,1.999999999999999
39450,39451,772913612#3,12.600000000000001,11.333333333333334
39452,39453,772913613,1.0576923076923077,0.7058284852402491
39454,39455,772913614,1.8160377358490567,1.261842210015127
39458,39459,77414793#0,22.732499999999998,47.29210526315789
39460,39461,77414793#1,1.9500000000000002,9.82857142857143
39462,39463,77414799,3.7,1.2534562211981568
39464,39465,77414800#0,1.7666666666666668,0.22017409114183317
39466,39467,77414800#1,9.466666666666667,0.6932923707117257
39468,39469,77414800#2,25.0,301.3179723502305
39470,39471,77414803#0,2.1,0.0
39472,39473,77414807#0,3.001630434782609,0.1446488294314381
39474,39475,77414810#0,17.01,2.6222222222222222
39476,39477,77414810#1,5.04,55.288888888888884
39482,39483,774543489,9.975,0.5
39500,39501,77526509#0,9.765,0.677777777777778
39502,39503,77526509#1,19.425,2.0000000000000004
39504,39505,77526509#2,13.912500000000001,1.5833333333333328
39516,39517,775904955,16.5375,10.25
39518,39519,775906581#0,25.200000000000003,0.0
39520,39521,775906581#1,17.85,0.0
39522,39523,775906582#0,1.7500000000000002,0.3333333333333333
39524,39525,775906582#1,16.8,4.0
39526,39527,775906582#2,2.1,0.0
39532,39533,776461317,9.450000000000001,0.0
39536,39537,77670320,29.400000000000002,0.0
39538,39539,776815479,6.300000000000001,0.0
39542,39543,776943061#1,234.15,0.0
39544,39545,777420322,1.9833333333333334,0.3611111111111111
39546,39547,778163219#0,5.6,0.33333333333333326
39548,39549,778163219#1,2.1,1.0
39550,39551,778163219#2,11.55,3.0
39552,39553,778163219#3,6.65,1.3333333333333335
39558,39559,778486949#1,2.1,0.0
39560,39561,778486950,616.35,150152.0
39568,39569,77912230#1,9.216666666666669,9.944444444444445
39570,39571,77912233,20.475,3.6666666666666647
39572,39573,77912241#0,11.2875,2.9166666666666665
39578,39579,77912268,18.375,0.5
39582,39583,779463170,10.5,0.0
39588,39589,779561594,17.85,0.0
39592,39593,779963063#0,6.16875,0.41071428571428564
39594,39595,779963063#1,3.9375,0.25
39600,39601,779963066,3.1500000000000004,0.0
39606,39607,779963083#1,3.1500000000000004,0.0
39610,39611,779963086,5.25,0.0
39614,39615,779963104#0,4.5,0.23809523809523803
39616,39617,779963104#1,3.4125,0.24999999999999997
39620,39621,779963108#0,10.08,154.8
39622,39623,779963108#1,1.26,0.2
39624,39625,779963108#2,23.1,0.0
39626,39627,779963108#3,13.65,432.0
39628,39629,779963109,12.46875,8.410714285714286
39632,39633,779963111#1,6.300000000000001,1.0
39634,39635,779963112,2.8,0.33333333333333337
39636,39637,779963113#0,20.37,5.800000000000001
39638,39639,779963113#1,11.2875,242.25000000000003
39644,39645,780108803#0,1.4,0.33333333333333337
39650,39651,780108804,1.05,0.0
39652,39653,780108805,45.78,6225.685714285714
39660,39661,780151719,10.5,0.0
39664,39665,780151721#0,5.25,2.0
39668,39669,780151723,5.95,4.333333333333334
39670,39671,780206711,3.6750000000000003,0.3333333333333333
39672,39673,780208933#1,27.3,0.0
39674,39675,780399589,8.4,0.0
39676,39677,780400470,16.8,0.0
39682,39683,780403241,3.1500000000000004,0.0
39690,39691,780592075#0,4.2,0.0
39692,39693,780592075#1,4.2,0.0
39716,39717,780913598#0,2.3625000000000003,0.25000000000000006
39720,39721,780913598#2,42.525,60.5
39722,39723,780913599#0,3.1500000000000004,0.0
39726,39727,780913600,12.600000000000001,0.0
39728,39729,780913601,46.2,0.0
39730,39731,780951181#0,1.05,0.0
39732,39733,780951181#1,7.000000000000001,4.333333333333334
39744,39745,781741850#1,5.25,0.0
39750,39751,782710385#1,2.1,0.0
39774,39775,785039017#0,11.41451612903226,1.2265039232781165
39778,39779,785858199#0,4.7250000000000005,0.5
39780,39781,785858199#1,5.25,0.0
39786,39787,785899677#0,9.450000000000001,0.0
39788,39789,785899677#1,7.3500000000000005,0.0
39790,39791,786179513,16.0125,2.9166666666666665
39796,39797,786572368,7.875,4.5
39800,39801,787084670#0,5.04,0.7000000000000001
39802,39803,787084670#1,7.875,0.5
39804,39805,787084671,17.0625,0.2499999999999997
39812,39813,787965027,9.450000000000001,0.0
39820,39821,788776521#0,51.45,106.4
39822,39823,788776521#1,29.05,31.06666666666667
39824,39825,788776521#2,3.3833333333333337,1.4444444444444444
39830,39831,790001123,11.55,2.0000000000000004
39832,39833,790651031,23.45,0.33333333333333304
39834,39835,791207676,14.35,2.333333333333334
39838,39839,791264657#0,4.85625,0.8392857142857143
39840,39841,791264657#1,6.300000000000001,0.0
39842,39843,791264658,7.3500000000000005,0.0
39846,39847,791367882,14.175,0.5
39848,39849,791808809,10.15,2.3333333333333335
39850,39851,791808810#0,2.1,0.0
39852,39853,791808810#1,4.2,0.0
39854,39855,791808810#2,7.3500000000000005,0.0
39860,39861,791808814,4.2,0.0
39862,39863,79203276,54.6,0.0
39864,39865,792046573,23.625,40.5
39866,39867,792511578#0,4.7250000000000005,0.5
39870,39871,792797765,17.85,0.0
39872,39873,792867568,9.450000000000001,4.0
39876,39877,794349351,14.700000000000001,0.0
39880,39881,794349353,0.525,0.3333333333333333
39882,39883,794349354#0,1.05,0.0
39884,39885,794349354#1,10.5,0.0
39886,39887,794349354#2,5.25,16.666666666666668
39888,39889,794349355,16.8,0.0
39890,39891,794669422,7.3500000000000005,0.0
39900,39901,797226140#0,1.5750000000000002,0.2777777777777778
39902,39903,797226140#1,26.950000000000003,6.333333333333333
39904,39905,797226140#2,27.0375,2.2499999999999996
39906,39907,797327371#0,3.1500000000000004,0.0
39908,39909,797327371#1,13.65,0.0
39910,39911,797327372,21.0,0.0
39912,39913,797840524,7.3500000000000005,0.0
39914,39915,798269066#0,7.3500000000000005,0.0
39918,39919,798269067#0,8.4,0.0
39930,39931,799719652#1,72.45,18.0
39938,39939,801880267,16.1,2.333333333333334
39942,39943,802847229,4.2,0.0
39944,39945,803024904,17.500000000000004,9.333333333333336
39946,39947,8033459#1,6.16875,0.4107142857142857
39956,39957,8033460#1,9.1,30.333333333333332
39960,39961,8033475#0,1.9661764705882354,0.13211026985051447
39962,39963,8033475#1,2.223529411764706,0.10483401281304602
39964,39965,803546304#1,35.35,2.3333333333333304
39968,39969,803586532#1,12.075000000000001,0.5
39970,39971,803727017#0,6.300000000000001,3.3333333333333335
39976,39977,804518764,7.3500000000000005,0.0
39980,39981,8050409#0,8.625,1.5659340659340657
39982,39983,8050409#1,8.82,1.377777777777778
39984,39985,805074682,1.986923076923077,0.12884615384615386
39986,39987,805074683#0,9.700746268656717,1.0936227951153317
39988,39989,805074683#1,6.469852941176471,0.8838893766461811
39990,39991,805074685,9.450000000000001,0.0
39992,39993,80518321#0,22.983333333333334,6.158730158730157
39994,39995,80518321#1,4.6824324324324325,0.36636636636636627
39996,39997,80518321#2,47.42027027027027,946.6396396396397
39998,39999,805893591,13.440000000000001,2.7
40000,40001,805906399,12.600000000000001,0.0
40002,40003,805978013,7.875,0.5
40004,40005,806941700#0,1.954878048780488,0.34959349593495964
40006,40007,806941700#1,0.9849557522123894,0.14791403286978502
40008,40009,806941701,1.415217391304348,0.23715415019762845
40010,40011,806941702,2.52,0.2571428571428572
40012,40013,806941703,0.5625,0.250513874614594
40014,40015,806941704,1.9600000000000002,0.4095238095238095
40016,40017,806941705,0.9,0.6523109243697485
40018,40019,806941706,1.0953237410071943,0.08507976227713482
40020,40021,806941707,2.18546511627907,0.19957469912225134
40026,40027,806941711#0,4.212162162162163,0.4611056238963215
40028,40029,806941711#1,0.9324324324324325,0.12307323935230927
40030,40031,806941712,1.05,0.0
40032,40033,806941713,3.0770270270270275,0.6773218401125377
40034,40035,806941714,1.05,0.0
40036,40037,806941715,1.7554687500000001,0.3191964285714287
40038,40039,806941716,1.2632812500000001,0.16443452380952378
40040,40041,806941717,1.3691176470588236,0.21364783537177248
40046,40047,807102008,9.450000000000001,0.0
40048,40049,807111100#0,3.0,1.8095238095238095
40050,40051,807111100#1,2.94,0.7
40052,40053,807111100#2,4.2,0.0
40054,40055,807111100#3,3.1500000000000004,0.5
40056,40057,807111100#4,3.4125,0.24999999999999997
40058,40059,807111100#5,7.612500000000001,4.916666666666667
40066,40067,807111104,6.300000000000001,0.0
40072,40073,807310151#0,15.225000000000001,2.5
40074,40075,807310151#1,4.295454545454546,0.8909090909090913
40076,40077,807310151#2,77.49,75.2888888888889
40078,40079,807310151#3,29.7,25.571428571428573
40080,40081,807310151#4,64.68,74.8
40082,40083,807310152,27.3,1.0
40084,40085,807310153,38.85,0.0
40090,40091,808377741,12.600000000000001,0.0
40100,40101,808797810,10.5,0.0
40104,40105,810275622,8.161363636363637,0.6601731601731603
40106,40107,810275624,3.325,0.9666666666666666
40108,40109,810275626,2.975,0.1666666666666667
40114,40115,812603023,10.5,0.0
40124,40125,812648595#3,10.5,2.0
40126,40127,812648595#4,14.700000000000001,0.0
40128,40129,812648598,29.400000000000002,0.0
40132,40133,812648600,5.25,0.0
40136,40137,812648603,13.65,0.0
40138,40139,812713147,65.415,8762.67777777778
40158,40159,813263431#0,6.300000000000001,0.0
40160,40161,813263431#1,5.25,0.0
40162,40163,813396199,4.7250000000000005,0.5
40164,40165,813607518,15.75,0.0
40170,40171,814691983#0,119.47090909090909,58666.247811447814
40172,40173,814691983#1,19.854545454545455,5328.602693602692
40174,40175,814691983#2,66.03545454545454,17479.69158249158
40176,40177,814691983#3,159.58432835820895,60379.954319312536
40178,40179,814691983#4,168.54782608695652,38431.312020460355
40180,40181,814691984#1,36.75415019762846,3393.2103017755176
40182,40183,814691988#0,26.15232558139535,983.0863787375416
40184,40185,814691989#0,19.11,1141.2179775280892
40186,40187,814691989#1,8.244059405940595,425.6677227722773
40188,40189,814691990,7.768852459016394,1.3949438539602472
40190,40191,814691990.7,21.807370517928288,1037.3383904382465
40192,40193,814691991,31.886320754716984,550.4061994609167
40194,40195,815004589,1.8375000000000001,0.25
40198,40199,815412592#0,15.475,2.539488966318236
40200,40201,815412597#0,5.0122641509433965,2.4862119013062407
40202,40203,815412597#1,4.0806818181818185,0.614693446088795
40204,40205,815412597#2,4.9350000000000005,0.3551724137931035
40206,40207,815412597#3,7.525,7.178160919540231
40208,40209,815412597#4,12.034615384615385,1.9358974358974361
40210,40211,815412603#0,6.811538461538462,2.097236097236097
40212,40213,815412603#1,16.813461538461542,82.50632700632703
40214,40215,815412608,11.06,1.5798882681564246
40216,40217,815412622,10.529166666666669,7.111370716510901
40218,40219,815413474,14.365555555555556,3.20375898286346
40220,40221,815517012,16.267134831460677,310.4455347794618
40222,40223,815517019,50.1124203821656,6053.020659807284
40224,40225,815822086#3,8.4,1.75
40226,40227,815822086#4,2.1,0.0
40232,40233,816083237#0,3.1500000000000004,0.0
40240,40241,816087545,7.3500000000000005,0.0
40312,40313,816120721,3.1500000000000004,0.0
40316,40317,816126529,4.2,0.0
40320,40321,816133972,14.37215189873418,730.7665021812195
40322,40323,816133986#1,22.428488372093025,4.280300957592337
40330,40331,816162128#0,3.1500000000000004,1.0
40332,40333,816162128#1,14.700000000000001,0.666666666666667
40334,40335,816162128#2,8.925,0.5
40336,40337,816162128#3,3.1500000000000004,0.0
40350,40351,816162132#0,2.3100000000000005,1.2000000000000002
40352,40353,816162132#1,18.55,9.333333333333336
40360,40361,816170759,27.3,0.0
40362,40363,816170760,46.2,0.0
40372,40373,816175256,7.3500000000000005,0.0
40374,40375,816175257#0,18.2,9.333333333333336
40380,40381,816178097#0,1.9500000000000002,2.142857142857143
40382,40383,816178097#1,9.31875,2.6964285714285716
40384,40385,816178099,3.6750000000000003,1.9999999999999998
40386,40387,816178100,6.720000000000001,2.8000000000000007
40388,40389,816178101,5.775,0.5
40390,40391,816178102,2.1,2.0
40396,40397,816195564,17.325,0.5
40400,40401,816206615#1,13.65,2.0
40408,40409,816209589,2.625,4.5
40416,40417,816209593#1,3.1500000000000004,0.0
40418,40419,816209593#2,4.2,0.0
40420,40421,816209593#4,28.35,0.0
40422,40423,816209594#0,2.625,0.5
40434,40435,816287457#0,62.8997487437186,3928.0966545574206
40436,40437,816287485,40.280625,3793.9555379746835
40438,40439,816287490,35.32416974169742,4713.956594232611
40440,40441,816287496,30.2670814479638,642.6702629769856
40442,40443,816287498,6.360431654676259,1.0256490459806058
40444,40445,816287498.31,5.025,0.3997944501541622
40450,40451,816433143,8.4,0.0
40452,40453,816436539#0,5.775,0.5
40454,40455,816438820,133.0875,13169.583333333334
40456,40457,816438821#1,42.01711956521739,3664.5516452839147
40458,40459,816461641,18.900000000000002,0.0
40460,40461,816461642,5.25,0.5
40462,40463,816461643,11.55,0.0
40464,40465,816461644#1,19.95,0.0
40470,40471,816461647,7.3500000000000005,0.0
40480,40481,816466985,23.1,0.0
40482,40483,816466986#1,27.51,9.7
40484,40485,816466986#2,9.975,0.5
40492,40493,816466989#0,2.3625000000000003,0.21428571428571427
40494,40495,816466989#1,11.55,2.0
40496,40497,816466989#2,14.100000000000001,3.6190476190476173
40500,40501,816476703#0,8.4,8.0
40502,40503,816476703#1,9.450000000000001,0.0
40504,40505,816476703#2,75.60000000000001,0.0
40508,40509,816476704,8.4,0.0
40518,40519,816483539#1,3.1500000000000004,0.0
40520,40521,816483539#2,8.4,0.0
40528,40529,816483541,18.900000000000002,2.0
40530,40531,816483542,4.2,0.0
40548,40549,816501621,10.850000000000001,0.33333333333333304
40550,40551,816501622#0,26.55,4.904761904761906
40552,40553,816501622#1,28.087500000000002,14.214285714285717
40556,40557,816504079,28.35,0.0
40564,40565,816504083,11.55,0.0
40580,40581,816506796#0,2.8,0.33333333333333326
40582,40583,816506796#1,15.225000000000001,0.5
40584,40585,816506796#2,2.625,0.5
40586,40587,816506796#3,3.6750000000000003,0.5
40600,40601,816508405#1,2.1,0.0
40602,40603,816508406,8.4,0.0
40608,40609,816511118#1,2.1,0.0
40610,40611,816511119,6.0375000000000005,0.9166666666666666
40616,40617,816511121,11.55,0.0
40622,40623,816511123#2,3.1500000000000004,0.0
40624,40625,816511123#3,11.55,0.0
40626,40627,816531488,8.925,0.5
40628,40629,816531489,11.2,0.3333333333333335
40632,40633,816532197,5.25,0.0
40634,40635,816603268,5.192727272727272,3.795162635529608
40636,40637,816603269#0,3.4851063829787234,1.1443605582246628
40640,40641,816603269#2,6.066666666666666,0.4444444444444443
40644,40645,816603270#1,3.1500000000000004,0.0
40646,40647,816603270#2,4.2,0.0
40648,40649,816603270#3,11.55,0.0
40650,40651,816603270#4,13.65,1.0
40654,40655,816603272,4.2,0.0
40656,40657,816603273#0,5.407500000000001,0.660526315789474
40658,40659,816603273#1,3.1500000000000004,2.1428571428571432
40660,40661,816603274#0,10.15,1.8787878787878787
40662,40663,816603274#1,1.6961538461538463,0.7564102564102564
40664,40665,816603274#2,28.116666666666667,2.9444444444444455
40668,40669,816623824,12.276923076923076,800.6244177840507
40670,40671,816623825,31.919999999999998,1586.0444444444443
40672,40673,816623827,67.84166666666667,14705.545751633987
40674,40675,816623833#1,18.55966850828729,494.8947490027391
40676,40677,816623833#2,8.216972477064221,523.0522800863464
40678,40679,816623833#4,66.72536900369003,1266.0928886645622
40680,40681,816623837#0,7.820091743119266,13.141102266594702
40682,40683,816623837#1,7.534954128440368,37.30347409606042
40684,40685,816626563,17.78527397260274,2436.4306565895135
40686,40687,816734244,22.575,0.5
40692,40693,816734247#0,10.15,0.26666666666666694
40694,40695,816734247#1,2.52,0.7999999999999999
40696,40697,816734247#2,19.425,3.6666666666666665
40698,40699,816734247#3,401.1,16429.0
40700,40701,816734248,9.8,2.333333333333334
40702,40703,816734249#0,1.3125,0.25
40704,40705,816734249#1,6.300000000000001,0.6666666666666666
40706,40707,816734249#2,34.65,0.0
40712,40713,816734581,31.5,0.0
40718,40719,816734584#0,2.1,0.0
40720,40721,816734584#1,3.85,0.33333333333333326
40722,40723,816734584#2,4.9875,0.9166666666666666
40724,40725,816736906,7.3500000000000005,0.0
40726,40727,816736907,12.600000000000001,0.0
40728,40729,816736908,10.5,0.0
40740,40741,816736914#0,8.4,0.0
40742,40743,816736914#1,3.1500000000000004,0.0
40744,40745,816736914#2,3.1500000000000004,0.0
40746,40747,816736914#3,3.1500000000000004,0.0
40756,40757,816736915,23.1,0.0
40758,40759,816736916,7.3500000000000005,2.0
40760,40761,816739558,9.450000000000001,0.0
40762,40763,816739559#0,12.25,2.3333333333333335
40764,40765,816739559#1,98.7,15156.666666666666
40772,40773,816740258,14.700000000000001,0.0
40774,40775,816749704,6.300000000000001,0.0
40778,40779,816749706#2,17.85,169.0
40780,40781,816749706#3,3.6750000000000003,0.5
40784,40785,816749707,22.05,0.0
40788,40789,816749709#0,7.875,40.5
40790,40791,816749709#1,5.775,0.5
40792,40793,816751256#0,11.132876712328768,1481.4686820973075
40794,40795,816751256#1,35.12465753424658,3309.8632026452533
40796,40797,816754679,136.75890410958905,26501.993911719932
40798,40799,816754680,37.22389380530974,5243.106984829327
40800,40801,816754681,12.852,21.52333333333333
40802,40803,816754682,64.1375,5275.992753623187
40804,40805,816766055,8.4,0.0
40836,40837,816779852#0,6.300000000000001,0.0
40838,40839,816779852#1,33.6,0.0
40840,40841,816785931#0,11.215486725663718,681.0624975417896
40842,40843,816785931#3,14.707,1470.6912304250563
40844,40845,816785932#0,54.979787234042554,7181.803248684514
40846,40847,816785932#3,28.97267441860465,3489.326538987688
40848,40849,816796147#0,2.856617647058824,0.6222563652326603
40850,40851,816796147#1,6.239130434782608,2.114236999147485
40856,40857,816799874,1.05,0.0
40866,40867,816799877,7.3500000000000005,2.0
40870,40871,816799879,11.55,0.0
40872,40873,816799880,17.55,7.23809523809524
40878,40879,816803337#1,9.450000000000001,0.0
40886,40887,816806959,13.65,0.0
40888,40889,816806960,11.55,7.0
40892,40893,816806962,14.175,0.5
40896,40897,816806964,17.85,0.0
40904,40905,816806966#2,5.25,1.0
40912,40913,816806969,8.4,0.0
40914,40915,816806970,11.55,0.0
40916,40917,816806971,10.5,0.0
40918,40919,816813501,18.900000000000002,0.0
40920,40921,816813502#0,120.75,0.0
40922,40923,816813502#1,91.35000000000001,0.0
40928,40929,816813505,12.600000000000001,0.0
40930,40931,816813506,16.8,0.0
40932,40933,816813507,6.65,0.33333333333333326
40934,40935,816813508#0,15.540000000000001,0.7
40936,40937,816813508#1,12.600000000000001,0.0
40944,40945,816816928,55.125,760.5
40946,40947,816816929#0,2.625,0.5
40948,40949,816816929#1,1.05,0.0
40950,40951,816816929#2,64.05,0.0
40952,40953,816816929#3,3.1500000000000004,0.0
40954,40955,816816929#5,17.15,420.3333333333333
40956,40957,816816929#6,320.77500000000003,0.5
40958,40959,816816930#0,2.625,0.3333333333333333
40964,40965,816818164,6.300000000000001,0.0
40970,40971,816839813#0,4.2,0.0
40972,40973,816839813#1,7.7,0.33333333333333326
40974,40975,816839813#2,1.05,0.0
40976,40977,816839813#3,5.5125,0.25
40978,40979,816841507,14.700000000000001,0.0
40994,40995,816855274#0,7.3500000000000005,0.0
40996,40997,816855274#1,8.925,0.5
40998,40999,816855275#0,3.3600000000000003,1.2
41002,41003,816858722,8.925,0.5
41004,41005,816858723,10.5,2.0
41006,41007,816858724#0,6.825,0.5
41008,41009,816858724#1,2.625,0.5
41012,41013,816858725,13.65,0.0
41014,41015,816858726,11.55,0.0
41016,41017,816858727#0,2.1,0.0
41018,41019,816858727#1,1.5750000000000002,0.5
41020,41021,816858727#2,2.1,2.0
41024,41025,816858728#0,2.7,1.2857142857142856
41026,41027,816858728#1,2.625,0.5714285714285713
41028,41029,816858728#2,2.52,0.30000000000000004
41030,41031,816858728#3,9.450000000000001,0.0
41034,41035,816858729,4.2,3.0
41036,41037,816858730,18.900000000000002,0.0
41060,41061,817081321,10.5,0.0
41062,41063,817081322#1,3.1500000000000004,0.0
41066,41067,817081323#0,8.925,2.9999999999999987
41068,41069,817081323#1,17.85,0.0
41070,41071,817081323#2,27.3,8.0
41072,41073,817081324#0,50.983333333333334,9572.527777777777
41074,41075,817081324#1,0.6681818181818182,0.4545454545454545
41076,41077,817081325,35.00000000000001,9.333333333333329
41078,41079,817081326,6.300000000000001,0.0
41090,41091,817086043,11.55,0.0
41092,41093,817095973,4.2,0.0
41098,41099,817095976,6.825,0.5
41104,41105,817095977#2,2.1,0.0
41106,41107,817095977#3,12.600000000000001,0.0
41116,41117,817095981,10.5,0.0
41138,41139,817101515#0,5.25,0.0
41146,41147,817105858#0,9.450000000000001,1.0
41148,41149,817105858#1,4.7250000000000005,4.5
41156,41157,817107238,10.5,0.0
41158,41159,817107239,2.1,0.0
41160,41161,817107240#0,2.45,0.33333333333333326
41162,41163,817107240#1,16.8,0.0
41168,41169,817107240#4,9.8,0.266666666666667
41170,41171,817107241,5.25,0.0
41176,41177,817110755,9.03,4.3
41178,41179,817118469,10.5,2.0
41180,41181,817118471,7.875,0.5
41182,41183,817127200,10.15,2.3333333333333326
41200,41201,817127206,6.300000000000001,0.0
41206,41207,817128872#0,11.2,0.3333333333333335
41212,41213,817134038,10.850000000000001,0.3333333333333335
41216,41217,817134040,7.525,0.16666666666666666
41218,41219,817206446#1,4.5,1.2380952380952381
41220,41221,817426971#0,3.1500000000000004,0.0
41222,41223,817426971#1,12.600000000000001,0.0
41226,41227,817666077,5.25,0.0
41228,41229,817666078#1,7.913414634146341,1.6548780487804873
41230,41231,817666078#2,10.173333333333334,2.128282828282827
41232,41233,817666078#3,20.837323943661975,6.047082494969822
41234,41235,817666078#4,23.8,11.809523809523808
41236,41237,817666078#5,32.1,6470.10989010989
41238,41239,817666078#6,60.834375,14355.6625
41240,41241,817666078#7,247.14375,28495.85
41242,41243,818627482,29.400000000000002,0.0
41244,41245,818707465,3.1500000000000004,0.18181818181818193
41246,41247,819168463,158.844,34666.543333333335
41250,41251,819521343#0,27.175,9.326945412311263
41252,41253,819521343#1,19.95,2.0
41254,41255,819521343#2,2.625,0.5714285714285714
41256,41257,819521343#3,1.05,0.0
41258,41259,819521344#0,47.25,31.333333333333343
41260,41261,819521344#1,1.5750000000000002,0.5
41262,41263,819521345,1.1666666666666667,0.1111111111111111
41264,41265,819521346,1.0363636363636364,0.2235133287764867
41266,41267,819521347,1.53125,0.2517605633802816
41268,41269,819521348,1.6415492957746478,0.24949698189134817
41270,41271,819521349,2.4532710280373835,0.22535707988009174
41272,41273,819943655,7.836956521739131,0.5758738277919866
41274,41275,819943656#0,6.300000000000001,0.0
41276,41277,819943656#1,12.600000000000001,0.0
41278,41279,819943656#2,48.300000000000004,0.0
41280,41281,819943656#3,3.1500000000000004,0.0
41282,41283,819943656#4,2.1,0.0
41284,41285,819943656#5,1.05,0.0
41290,41291,819943657,50.400000000000006,0.0
41292,41293,821484658,4.2,0.0
41298,41299,823650753#0,2.1,0.0
41300,41301,823880344#0,4.55,0.33333333333333326
41302,41303,823880344#1,1.05,0.0
41304,41305,823880344#2,2.8875,0.24999999999999997
41306,41307,823880345,1.05,0.0
41308,41309,823880349#0,10.5,0.0
41310,41311,823880349#1,3.1500000000000004,0.0
41312,41313,823880355#0,1.4,0.2424242424242424
41314,41315,823880355#1,5.775,0.5
41316,41317,823880355#2,4.2,0.0
41318,41319,823880355#3,9.450000000000001,0.0
41320,41321,823880356#0,2.1,0.0
41322,41323,823880356#1,9.450000000000001,8.0
41328,41329,823880357#1,1.05,0.0
41330,41331,823880358,12.600000000000001,0.0
41332,41333,823880359#0,2.8,2.3333333333333335
41334,41335,823880359#1,2.1,0.0
41336,41337,823880360,7.3500000000000005,0.0
41340,41341,824791780#0,3.1500000000000004,0.0
41342,41343,824791780#1,4.2,0.0
41350,41351,825260741,9.450000000000001,2.0
41358,41359,825402588#0,4.2,2.5517241379310347
41360,41361,825402588#0.12,10.255,1.0126436781609198
41362,41363,825402588#1,5.5875,0.5965608465608466
41364,41365,825402588#2,14.925,2.767195767195767
41366,41367,825445496#0,11.830603448275863,150.6323088455772
41368,41369,825445496#1,5.258974358974359,928.0602711464782
41370,41371,825445496#1.47,7.161538461538462,100.5623342175066
41374,41375,82626964#0,35.35,44.33333333333334
41376,41377,82626964#1,28.7,34.33333333333334
41380,41381,82627284#1,14.175,0.5
41382,41383,82627284#2,15.600000000000001,5.054945054945052
41384,41385,82627286#0,4.926923076923077,24.397435897435898
41394,41395,82628963#0,3.2720930232558145,0.2480620155038759
41396,41397,82628963#1,6.0558139534883715,0.46843853820598
41398,41399,82628963#2,3.198837209302326,0.2358803986710964
41400,41401,82628963#3,18.11860465116279,3.1949058693244745
41402,41403,82628963#4,2.0755813953488373,0.16611295681063126
41404,41405,82628965,5.25,0.0
41406,41407,82628966,3.4125,0.24999999999999997
41408,41409,826551069#0,5.878205128205128,22.104031400168747
41410,41411,826551069#1,5.74385593220339,171.41613775694194
41414,41415,826578284#1,28.875,144.5
41418,41419,826594746#0,1.05,0.0
41420,41421,826596269,31.5,0.0
41426,41427,831295614,6.750000000000001,1.1868131868131866
41430,41431,831295616,12.25,1.333333333333334
41434,41435,832481042#0,5.25,0.0
41436,41437,832481042#1,12.600000000000001,0.0
41440,41441,832481045#0,4.2,0.0
41442,41443,832481045#1,4.2,0.6666666666666666
41444,41445,832481048,18.756818181818183,8.042331714087435
41446,41447,832481049,14.875,2.6969696969696972
41448,41449,832481050,4.038461538461538,0.4743589743589744
41450,41451,832481051,6.09,0.6222222222222222
41452,41453,832481052,3.1500000000000004,0.0
41454,41455,832481053,7.3500000000000005,0.9999999999999997
41456,41457,832481056,30.450000000000003,15.249999999999996
41460,41461,83299769#0,7.3500000000000005,0.0
41462,41463,83299769#1,19.425,0.5
41464,41465,83299775#0,6.65,1.0666666666666669
41468,41469,83299777,9.450000000000001,0.0
41470,41471,83299779#0,3.4125,0.19999999999999993
41472,41473,83299779#1,10.709999999999999,2.1999999999999993
41476,41477,83299780#1,2.7300000000000004,0.29999999999999993
41478,41479,83299780#2,13.65,2.0
41482,41483,83299783#1,18.900000000000002,1.0
41484,41485,83299784,9.975,0.5
41496,41497,83299790#1,22.750000000000004,12.26666666666667
41504,41505,83304167,4.2,0.0
41506,41507,83304175#1,6.706875,0.4175632911392404
41508,41509,83304175#2,10.950000000000001,4.440619621342511
41512,41513,83304180#1,1.925,0.16666666666666669
41514,41515,83304180#2,26.25,0.0
41516,41517,83304180#3,4.2,0.0
41522,41523,834006805#0,6.552631578947369,1.2295511506037826
41524,41525,834006805#0.47,3.0402985074626865,0.575468522051397
41526,41527,83808285#1,5.25,0.0
41528,41529,83808285#2,28.35,0.0
41532,41533,83808292#0,2.1,1.0
41536,41537,85404276,4.2,0.0
41538,41539,87288526#0,18.900000000000002,0.0
41540,41541,87288526#1,9.450000000000001,0.0
41542,41543,87288529,39.9,0.0
41544,41545,885197072,8.72621359223301,0.7652769845802396
41546,41547,88888406,1.05,0.0
41552,41553,88903261,7.875,0.5
41554,41555,88903294#1,4.55,0.33333333333333326
41564,41565,88903294#6,4.2,0.0
41566,41567,88903294#7,1.05,0.0
41572,41573,88903308#1,6.300000000000001,18.666666666666668
41574,41575,88903325,24.150000000000002,0.0
41576,41577,88903339#0,4.7250000000000005,0.2857142857142857
41578,41579,88903339#1,3.6750000000000003,0.5
41580,41581,88903339#2,3.6750000000000003,0.5
41582,41583,88903339#3,3.85,0.33333333333333337
41584,41585,88903339#4,3.1500000000000004,0.0
41586,41587,90587321#0,147.7,626.3333333333331
41588,41589,90587322#1,6.300000000000001,0.28571428571428564
41590,41591,91806117,54.6,0.0
41594,41595,91854591,1.9833333333333334,0.1111111111111111
41602,41603,91854601#2,1.7500000000000002,0.3333333333333333
41604,41605,91854601#3,2.8,0.33333333333333326
41608,41609,91854606,12.075000000000001,0.5
41654,41655,92026769#0,14.9625,10.25
41656,41657,92026769#1,13.387500000000001,2.916666666666666
41658,41659,92026769#11,4.7250000000000005,0.8571428571428568
41660,41661,92026769#12,14.215384615384616,2.9358974358974357
41662,41663,92026769#2,6.300000000000001,0.0
41664,41665,92026769#3,18.55,2.333333333333333
41666,41667,92026769#4,3.6750000000000003,0.5
41668,41669,92026769#5,2.1,0.0
41670,41671,92026769#6,5.6,0.8095238095238091
41672,41673,92026769#7,4.879411764705883,0.24264705882352938
41674,41675,92026769#8,4.807894736842105,0.7017543859649126
41676,41677,92026769#9,5.1692307692307695,1.243589743589744
41686,41687,93128019#1,6.300000000000001,3.0
41688,41689,93128040#0,5.25,0.0
41690,41691,93386922,9.450000000000001,0.0
41694,41695,97304242#1,5.742000000000001,1.0435467980295572
41696,41697,97304242#10,4.086,0.6260755336617407
41698,41699,97304242#11,2.238,0.11481116584564861
41700,41701,97304242#12,1.668,0.2435467980295567
41702,41703,97304242#13,7.754310344827586,0.8855557770247826
41704,41705,97304242#2,7.096551724137932,0.5772373928642615
41706,41707,97304242#3,4.175862068965517,0.3116072021792572
41708,41709,97304242#4,7.095086705202313,0.8476945826051895
41710,41711,97304242#6,16.079289940828403,10.799873203719354
41712,41713,97304242#8,6.7827586206896555,0.6428808717028777
41714,41715,97304242#9,8.40596590909091,4.7942532467532475
41716,41717,978455265,3.697340425531915,0.2737359871882864
41718,41719,978455265.52,6.087765957446809,0.4855868222374748
41720,41721,978455266#1,7.160106382978723,1.461564859299931
41722,41723,98323000#0,3.1500000000000004,0.0
41724,41725,98323000#1,51.45,0.0
41726,41727,98323000#2,44.1,0.0
41728,41729,98323002#0,2.1,0.0
41730,41731,98323002#1,0.8400000000000001,0.2
41732,41733,98323002#2,4.2,0.0
41734,41735,98323002#3,29.400000000000002,0.0
41740,41741,98323012#3,45.85,52.33333333333335
41742,41743,98323012#4,25.200000000000003,39.0
41744,41745,98323012#5,5.25,3.0
41746,41747,98323012#6,1.05,0.0
41748,41749,98323022,54.337500000000006,27.58333333333334
41750,41751,98323024#0,7.7,3.3623188405797104
41752,41753,98323024#1,4.765384615384615,0.2692307692307692
41754,41755,98323025#0,24.150000000000002,4.545454545454545
41756,41757,98323025#1,4.025,1.969696969696969
41760,41761,98323025#3,13.892307692307693,9.525641025641024
41762,41763,98323027#0,1.26,0.17777777777777778
41764,41765,98323027#1,48.825,426.94444444444446
41768,41769,98901074#0,2.1,0.0
41770,41771,98901074#1,6.300000000000001,0.0
41778,41779,98901079#0,18.55,0.33333333333333304
41780,41781,98901087#0,10.709999999999999,0.7000000000000002
41782,41783,98901087#1,6.65,0.3333333333333335
41784,41785,98901087#3,7.000000000000001,0.3333333333333335
41786,41787,98901091,2.1,0.0
41798,41799,E0,6.65,0.7878787878787878
41800,41801,E1,10.89375,0.5535714285714283
41804,41805,E12,2.3333333333333335,0.4444444444444444
41806,41807,E13,4.702173913043479,0.5335968379446641
41808,41809,E14,11.221875,1.5625000000000002
41810,41811,E15,6.490909090909091,0.36363636363636365
41812,41813,E16,4.83,1.2999999999999998
41814,41815,E17,3.8769230769230774,0.2215384615384615
41816,41817,E2,3.57,0.3
41818,41819,E3,12.18,0.7999999999999998
41824,41825,E7,5.25,1.0476190476190481
41826,41827,E8,26.88688524590164,692.5426229508194
41830,41831,gneE101,10.743157894736843,353.1798432250839
41832,41833,gneE102,208.54615384615386,39679.58974358974
41834,41835,gneE103,5.95,370.4057971014492
41836,41837,gneE104,23.025,3635.3280423280416
41838,41839,gneE11,4.7250000000000005,5.666666666666667
41840,41841,gneE112,60.70864485981309,2576.21545785617
41842,41843,gneE113,52.37950819672131,6458.136612021856
41844,41845,gneE114,75.12272727272727,11588.112421929209
41846,41847,gneE114.33,31.826666666666668,4244.633830845768
41848,41849,gneE118,12.49311377245509,382.27270759685456
41850,41851,gneE119,21.0,696.4000000000002
41852,41853,gneE12,8.004347826086956,82.50294910684197
41856,41857,gneE132,0.7959677419354839,0.7017955945297003
41858,41859,gneE134,47.86046511627907,826.6359011627907
41862,41863,gneE137,14.658823529411766,305.74102116093957
41864,41865,gneE138,56.587786259541986,1579.8346447445688
41866,41867,gneE14,13.14,149.2679089026916
41868,41869,gneE14.25,4.347887323943662,30.208450704225335
41870,41871,gneE141,37.449999999999996,16.333333333333336
41874,41875,gneE143,6.51242774566474,5.429762064793655
41876,41877,gneE144,23.407758620689656,5.572553318716368
41878,41879,gneE146,236.25,14450.0
41880,41881,gneE147,9.490384615384615,3.87846153846154
41882,41883,gneE150,5.775,0.5
41884,41885,gneE151,5.918181818181819,0.2545454545454547
41886,41887,gneE153,7.000000000000001,0.33333333333333326
41890,41891,gneE18,106.06750000000001,5092.728531073445
41892,41893,gneE21,72.114,5640.809999999999
41894,41895,gneE22,12.40909090909091,100.76363636363638
41896,41897,gneE23,70.01129032258065,3469.425806451612
41898,41899,gneE24,3.5000000000000004,3.8666666666666663
41900,41901,gneE25,28.69396551724138,6312.364488808227
41902,41903,gneE26,4.33125,6.125000000000001
41904,41905,gneE260,7.3500000000000005,3.090909090909091
41906,41907,gneE27,40.31363636363636,525.808712121212
41908,41909,gneE28,3.9365019011406845,0.28029489449394834
41910,41911,gneE289,3.5875,0.6287878787878787
41912,41913,gneE290,3.85,0.33333333333333337
41914,41915,gneE291,2.85,0.23809523809523805
41916,41917,gneE293,3.7800000000000002,0.30000000000000004
41918,41919,gneE30,4.7250000000000005,0.5
41920,41921,gneE34,4.9,3.75
41922,41923,gneE34.31,3.85,1.0000000000000002
41924,41925,gneE38,10.5,194.33333333333334
41926,41927,gneE39,14.83125,871.5535714285712
41928,41929,gneE4,132.8758064516129,39856.0559139785
41930,41931,gneE58,7.3500000000000005,0.0
41932,41933,gneE63,5.25,3.1428571428571423
41934,41935,gneE64,3.8208333333333333,42.46587301587302
41936,41937,gneE65,3.7275,0.7031772575250834
41938,41939,gneE66,2.294758064516129,0.15978842888859873
41940,41941,gneE67,101.85000000000001,10721.5
41942,41943,gneE7,200.25000000000003,35578.214285714275
41948,41949,gneE9,8.132053941908714,194.83911025612284
