from_node,to_node,edge_id,edge_tt,edge_var
0,1,-1006817039#1,8.0113,1.3594771241830068
2,3,-1006817039#4,15.8015,3.947712418300653
4,5,-1007105130,12.6126,3.8333333333333335
6,7,-1007696318#2,25.498,9.58333333333333
12,13,-1011550312#2,0.8140000000000001,1.66890179720089
14,15,-1011550313#3,9.683300000000001,1.3313666595151266
18,19,-1018200867,20.537000000000003,0.9444444444444446
20,21,-1018511006,3.8885000000000005,1.4465306122448982
22,23,-1018511009#0,3.5156000000000005,1.4371929824561407
24,25,-1018511009#10,7.546000000000001,0.8426229508196722
26,27,-1018511010#10,2.1912000000000003,0.2741258741258741
28,29,-1018511010#3,7.191800000000001,1.1172494172494176
30,31,-1018511010#8,3.9699000000000004,0.5475409836065577
34,35,-1020927804#2,3.4144000000000005,0.8444444444444446
36,37,-1022656065,5.1557,1.5380116959064325
38,39,-1023577198#3,31.0255,16.785714285714285
40,41,-1025916124#2,5.3856,0.0
42,43,-1026477620#2,71.1238,22.700000000000003
44,45,-1026481746,9.8076,1.1773109243697473
46,47,-1026482587#1,5.644100000000001,1.7690291074985536
48,49,-1027093575,1.4740000000000002,0.39999999999999986
50,51,-1031379293#3,9.131100000000002,0.2222222222222222
52,53,-1031379294#1,3.8214000000000006,0.40339446589446565
54,55,-103335175,14.370400000000002,4.425688073394498
56,57,-1037102222#1,2.5762000000000005,0.35943892460549387
60,61,-104178895#10,14.1339,3.0969128768258547
62,63,-104178895#3,11.4015,36.067263311944174
64,65,-104178895#6,7.773700000000001,1.1373631840796026
66,67,-1042975685#1,13.439800000000002,3.133333333333333
68,69,-1042975685#4,6.582400000000001,1.3666666666666667
70,71,-104405209#1,4.3516,0.516706762897621
72,73,-104405210#1,8.0212,0.981818181818181
74,75,-1044541592,5.3614,157.77204374572793
76,77,-1044541593,8.176300000000001,43.53520589730556
82,83,-1050809452#1,3.1053,0.17777777777777776
84,85,-1052726233,20.1025,3.1999999999999993
88,89,-1053387542#1,6.787000000000001,0.8974358974358972
90,91,-1054840087#1,3.9050000000000002,0.6380952380952382
92,93,-1056364553#2,40.073,6.711111111111113
96,97,-1056364673#3,1.287,0.2619047619047619
98,99,-1056366243#1,2.4134,0.6464646464646463
100,101,-1056366248#1,6.913500000000001,1.179296066252588
102,103,-1059952450#1,1.0604,0.1778656126482213
104,105,-1059952451,7.8507,0.9705882352941174
108,109,-1060016495#1,5.6364,1.1709956709956708
110,111,-1060458931#1,6.3074,2.1829760969588157
112,113,-1060490109#1,3.6069,0.4235294117647059
114,115,-1061155061,7.4294,0.8392857142857147
116,117,-1061840671,7.029,0.7894736842105265
118,119,-10630916#1,26.0557,14.360929110929108
120,121,-106412904#2,1.6104,0.1818822203437589
122,123,-1064424518,23.058200000000003,7.499999999999999
124,125,-1066019131#0,3.5464000000000007,0.8285714285714282
126,127,-1066019132,2.1758,0.2619274304453613
128,129,-1073367264,13.1483,27.232026143790854
130,131,-1073733970#3,21.169500000000003,6.425882352941175
132,133,-1073791856#3,4.686,0.6557109557109557
134,135,-1073791857#2,2.4706,0.23333333333333328
136,137,-107440946#0,3.4980000000000007,0.30000000000000004
138,139,-107440946#3,9.3115,1.8380952380952384
140,141,-107440946#4,11.414700000000002,1.8095238095238089
142,143,-1074505532#5,13.6873,2.6982800982800983
144,145,-1075515371,6.0181000000000004,1.0672268907563025
146,147,-1075817469#2,2.2275,0.23333333333333328
150,151,-1075827538,9.392900000000001,2.862745098039216
152,153,-1075829175,5.254700000000001,59.669739923579435
154,155,-1075829183#2,2.5663000000000005,1.1325362910324746
158,159,-1076894533,4.9676,0.9110663983903421
160,161,-1077048394#1,14.373700000000001,1.0285714285714287
162,163,-1077048396#1,14.386900000000002,1.8222222222222224
164,165,-1078576469,7.540500000000001,0.20000000000000007
166,167,-1078663441,9.5557,0.9238095238095244
168,169,-1078663652,30.378700000000002,11.118736383442268
170,171,-1078663668,0.6853,0.07702156997931646
172,173,-107990164,4.3318,0.64
174,175,-1079997538#2,13.785200000000001,2.1035996488147495
176,177,-1082387578#12,20.579900000000002,5.199999999999998
178,179,-1082387578#21,38.1458,18.209523809523816
180,181,-1082387578#4,8.4161,1.4289795918367343
182,183,-1082387578#5,3.9380000000000006,0.5244360902255638
184,185,-1082387578#6,8.9441,0.45714285714285735
186,187,-1082387601#0,30.2874,13.042105263157893
188,189,-1082389421,3.124,0.0
190,191,-1082389492,6.5054,0.30000000000000004
192,193,-1082683182#0,19.9265,16.06436781609195
194,195,-1082683182#1,0.0792,0.0
198,199,-1082683187#1,14.234,3.1678160919540224
200,201,-108481093#12,20.8637,21.324306509200763
204,205,-1086509243#0,21.112300000000005,3.6492450638792095
206,207,-1086509243#3,2.3056,0.46515679442508717
208,209,-108918727#1,19.742800000000003,4.676870748299321
210,211,-1089917568,0.66,0.29999999999999993
212,213,-1089917569#1,52.595400000000005,19.0
214,215,-1091914555#1,9.838400000000002,1.2999999999999998
216,217,-1091914557#1,11.050600000000001,2.0444444444444443
224,225,-1091960707#7,19.6493,3.452525252525255
226,227,-1091960708#5,8.840700000000002,1.2972972972972974
228,229,-1091961841#1,2.5289,0.43178212585933384
230,231,-1093316379#1,35.65540000000001,19.500000000000004
232,233,-1093620238,42.3731,30.488888888888894
234,235,-1093620277,5.3559,0.30000000000000004
236,237,-1093795367#2,6.1149000000000004,0.2666666666666667
238,239,-109860640#1,29.5548,11.74033354348935
240,241,-109860646,5.2063,12.2549049364015
242,243,-1098613985#1,2.6015000000000006,0.3455149501661129
244,245,-1098614014#3,6.666,40.91655553979287
246,247,-1098926674#2,33.123200000000004,9.699999999999998
248,249,-1099418498#1,33.462,6.455555555555558
250,251,-1099418562,63.57450000000001,106.7
252,253,-1101621068,2.8138,0.23333333333333345
254,255,-1101800565,18.8133,6.044444444444448
256,257,-1101800583#0,8.846200000000001,1.3202614379084976
258,259,-1101800620,8.9001,1.124183006535948
260,261,-1101800625,4.2526,0.5261437908496727
262,263,-1101800627,11.3091,1.0999999999999999
266,267,-1103306569#0,0.026400000000000003,0.2
270,271,-1103306570#1,3.3154,0.6777777777777777
272,273,-1103375976#0,5.182100000000001,1.6353276353276363
274,275,-1103375976#2,11.479600000000001,7.963636363636364
276,277,-1103375976#3,7.3007,2.595833333333333
278,279,-1103375976#5,8.873700000000001,6.1777777777777745
280,281,-1103644159#2,2.5498000000000003,0.6421052631578947
282,283,-1103644287,3.1405000000000003,0.5570854847963279
286,287,-1103644649#1,5.9312000000000005,10.277777777777779
288,289,-1103644654,5.123800000000001,1.6000000000000005
290,291,-1105486997,1.4311,0.3252361673414304
292,293,-1107297578,0.2288,0.27272727272727276
294,295,-1107420806#2,20.542500000000004,5.850930996714129
296,297,-1110497124#2,3.762,47.32540201005027
300,301,-1112105427#0,16.2283,2.6777777777777794
302,303,-1112105427#1,8.6064,1.6666666666666667
304,305,-111628106#2,3.4529,0.3047375160051219
306,307,-111636189#16,51.1137,31.629747170210486
308,309,-111636206#5,14.187800000000001,1.6857142857142864
310,311,-1116756785,52.9122,0.0
312,313,-1116758652#0,0.4202,0.24242424242424246
314,315,-1116981912#2,6.1248000000000005,0.5999999999999995
316,317,-1116981912#3,13.360600000000002,2.4729064039408866
318,319,-1116981963#3,8.4689,2.766666666666667
320,321,-1116982074#3,14.391300000000001,3.344444444444441
322,323,-1116982084#10,8.332500000000001,0.7000000000000002
326,327,-1116982084#9,9.235600000000002,0.9333333333333338
328,329,-1118986376#1,10.347700000000001,4.102298850574713
330,331,-1119854904#2,11.654500000000002,3.3757620918574682
332,333,-1119854960,5.0842,0.6723484848484848
334,335,-112297307#1,15.427500000000002,2.691176470588236
336,337,-112297307#4,8.0234,0.47619047619047655
338,339,-112297307#5,7.9365000000000006,0.5
340,341,-112297307#6,19.807700000000004,3.619047619047617
342,343,-112297309#12,14.676200000000001,1.6291666666666662
344,345,-112297309#16,8.918800000000001,1.132352941176471
346,347,-112297309#17,4.0293,0.2222222222222222
348,349,-112297309#3,9.8978,1.2155797101449282
350,351,-112297309#6,9.1465,1.2222222222222223
352,353,-112602870#1,83.8772,383.7
356,357,-112602876#1,17.8057,15.333333333333334
360,361,-113054552#6,12.1462,3.0016528925619843
362,363,-113078530#3,12.190200000000003,2.532769556025369
364,365,-113078530#8,10.3609,1.3832425892317004
366,367,-113078532#1,3.5002000000000004,0.4888888888888888
368,369,-1131704044#10,28.5329,14.455555555555557
370,371,-1132693873,19.0806,4.239473684210525
374,375,-1133070114#1,10.2608,1.1666666666666667
376,377,-1133377391,7.984900000000001,0.7352941176470594
378,379,-113470996#1,4.3340000000000005,0.9019819819819822
380,381,-113470997,1.9833,0.2
382,383,-1136828359#3,15.756400000000001,2.5258799171842643
384,385,-1141500748#0,17.316200000000002,13.102564102564108
388,389,-1143691192#0,3.9479,0.6952380952380954
390,391,-1143691192#1,3.4386,0.4061538461538464
392,393,-1143691192#2,3.6366000000000005,0.5538461538461538
394,395,-1143691192#3,4.1624,0.6285714285714288
396,397,-1143691196#0,8.707600000000001,1.171428571428571
398,399,-1143691585,20.098100000000002,5.455197132616488
400,401,-1143691615#1,4.645300000000001,0.8444444444444446
402,403,-1143691639#0,7.660400000000001,1.0126436781609194
408,409,-1144624279,17.5978,5.305747126436784
414,415,-1146783332#1,7.727500000000001,0.8999999999999999
416,417,-1146783332#2,11.176000000000002,0.45555555555555594
418,419,-1147633970#0,6.0467,0.7466340269277845
420,421,-1147633970#1,0.015400000000000002,0.24427093252078974
422,423,-1148164786#1,15.2141,4.7
424,425,-1149710650#1,97.10250000000002,82.90000000000002
426,427,-1149710667#0,26.681600000000003,15.359477124183002
428,429,-1149710710#1,5.3504000000000005,0.7000000000000001
430,431,-1149710710#3,17.138,5.971428571428571
432,433,-1150110368#3,46.7456,31.685714285714305
434,435,-1150110945#1,7.978300000000001,1.457142857142857
436,437,-1150111109,21.3653,6.326315789473685
438,439,-1150976671#3,22.970200000000002,5.300000000000002
442,443,-1151181347,4.5232,0.30000000000000004
444,445,-1151182472#1,1.0791000000000002,0.2571428571428571
446,447,-1151183128#1,37.1822,25.876666666666694
448,449,-1151184999#1,3.6971000000000007,0.4166666666666668
450,451,-1151285235,5.3020000000000005,1.2181818181818183
452,453,-1151285243#0,10.3345,2.606884057971016
454,455,-1151285247,11.908600000000002,16.750000000000004
456,457,-1151285252#1,6.506500000000001,0.6503105590062115
458,459,-1151435937,2.0922,0.39583333333333315
460,461,-1151535808#0,28.105000000000004,15.788888888888899
462,463,-11526678#2,10.8955,1.9090909090909098
464,465,-11526678#5,12.0219,2.952380952380951
466,467,-11526678#6,12.581800000000001,8.700000000000001
468,469,-11526678#7,14.287900000000002,9.1
470,471,-1152714215,8.5272,1.1999999999999995
472,473,-1154677975,2.508,0.24358974358974358
474,475,-1154677976,14.9215,1.3571428571428572
476,477,-1154849086#0,14.828000000000001,3.356666666666664
478,479,-1154849092,8.890200000000002,1.9294117647058822
480,481,-1154849095#1,7.299600000000001,1.3436781609195396
482,483,-1154849101#1,5.5605,0.7658730158730159
484,485,-1155184434#3,28.9025,7.238095238095235
486,487,-1155184437,4.5012,0.0
488,489,-1157125514#0,3.9347000000000003,0.531187122736418
490,491,-1157125514#2,2.1395000000000004,0.7052252252252252
494,495,-1157125539,6.6638,0.8333333333333336
502,503,-1157158088#2,12.886500000000002,2.5142857142857147
504,505,-1157158088#3,2.0757000000000003,0.20952380952380942
506,507,-1157158088#7,11.344300000000002,4.266666666666668
508,509,-1157158088#9,14.866500000000002,2.8
514,515,-1157357278#1,26.4913,22.700000000000003
516,517,-115785376#1,4.4253,0.2999999999999999
518,519,-1158503741,4.1173,0.30000000000000004
520,521,-1158503838#2,13.4695,4.544444444444443
522,523,-1159196383,4.6816,0.0
526,527,-1160388322#1,0.5423,0.18939393939393934
528,529,-1160388322#4,12.7006,2.046825396825397
530,531,-1160388322#5,2.1626000000000003,0.20975609756097563
532,533,-11610479,0.1947,42.63122923588038
536,537,-1162386121#4,21.952700000000004,10.299999999999997
538,539,-1162386122#0,0.0792,1.2
540,541,-1162386122#3,14.699300000000001,6.299999999999999
542,543,-1162733661#1,12.6621,7.155555555555556
546,547,-1162733669,12.773200000000001,10.177777777777777
548,549,-1162733681,30.5404,9.3
550,551,-1163570031#1,6.661600000000001,13.11111111111111
552,553,-1163570031#3,9.1289,18.997368421052627
554,555,-1165333705#2,26.3582,8.926666666666668
558,559,-1166164530,23.3651,0.0
560,561,-1167302174,47.39020000000001,24.54444444444443
562,563,-1167302176,14.517800000000001,2.7146274777853723
564,565,-1167302178#5,8.2676,1.17852684144819
566,567,-1167483585#0,8.677900000000001,1.2772683397683404
570,571,-1167483590,8.154300000000001,1.2798573975044572
574,575,-1167566266#0,6.0984,0.7276898734177218
576,577,-1167566266#2,2.9040000000000004,0.36430951499444625
578,579,-1167566266#4,11.206800000000001,1.7839221710189455
582,583,-1167897907,28.993800000000004,9.333333333333336
584,585,-1167897920#0,21.8867,11.3
586,587,-1167897921#0,16.218400000000003,5.155555555555556
588,589,-1167898077#4,16.5319,2.7037037037037037
590,591,-1167898097#1,24.53,14.633333333333331
592,593,-1167898268,11.679800000000002,2.879120879120879
594,595,-1169236534,29.231400000000004,14.548685671973345
596,597,-1169236539,8.2027,1.6571428571428573
598,599,-1169240234,13.257200000000001,1.5666666666666664
600,601,-1169240238,1.8898000000000001,0.10000000000000007
602,603,-1169240239#1,2.5146,0.30000000000000016
604,605,-1169240240#1,9.172900000000002,0.8888888888888888
608,609,-1170520012#1,10.12,4.410714285714286
612,613,-1172656244#1,5.6397,1.7860962566844918
614,615,-1172656249,1.0131000000000001,0.0
616,617,-1172656251,0.3531,0.24561403508771928
618,619,-1172656258,2.8842000000000003,0.6096256684491974
620,621,-1172656259#2,26.3318,14.8
624,625,-1172656308#0,5.1381000000000006,0.7471074380165287
626,627,-1172656308#2,4.695900000000001,0.7072576018359147
628,629,-1172656314,2.9854000000000003,0.5894736842105263
632,633,-1173245043#2,37.4946,15.288888888888891
634,635,-1173248154#1,3.0635000000000003,0.23657595662600342
636,637,-1173249810,9.2521,1.4331612162937455
638,639,-1173257673,1.8084,0.23624234461047372
642,643,-1173262122,0.8382000000000001,0.25823416349732137
644,645,-1173262123#1,1.584,0.2567174348697395
646,647,-1173262124,0.43450000000000005,0.3475396629049549
648,649,-1173262126#1,2.2297000000000002,0.5641025641025641
650,651,-1173262126#2,1.1374000000000002,0.3333333333333333
652,653,-1173262128#1,4.1074,0.7684779719655074
654,655,-1173262129#3,11.663300000000001,2.7403035705442487
656,657,-1173262130,0.4631,0.23909010735030242
658,659,-1173681273#4,13.7786,2.599999999999999
660,661,-1173681276#6,22.587400000000002,66.18505747126437
662,663,-1173697288#1,7.0818,8.069753086419755
668,669,-1173874835#0,10.854800000000001,1.7636363636363632
670,671,-1173874836#0,11.926200000000001,2.129166666666666
672,673,-1174502377#3,44.02310000000001,7.3000000000000025
680,681,-1174502383#4,16.1579,5.348898071625344
682,683,-1174502387#1,29.2864,0.30000000000000004
684,685,-1174502390,27.700200000000002,8.026153846153845
686,687,-1175023585#3,4.5815,1.5394985397564067
688,689,-1175366460#1,13.1417,4.073333333333334
690,691,-1175370229#4,5.3988000000000005,1.2534562211981561
692,693,-1175370230,0.29150000000000004,0.21919191919191922
698,699,-1175984708,0.30910000000000004,0.0
700,701,-1175984923#1,2.6796,0.26470588235294135
702,703,-1177913776#1,39.62530000000001,13.655555555555555
706,707,-1181076292#0,8.635,0.20000000000000007
708,709,-1181975781#1,2.3518,0.23333333333333328
712,713,-1182175653#5,6.5681,0.5
716,717,-1187531871#3,22.2772,6.93684210526316
718,719,-1187586139,3.1207000000000003,0.43589743589743596
720,721,-1187586140#0,14.0822,2.3
722,723,-1187586141,30.846200000000003,6.2666666666666675
724,725,-1187671354,3.5959000000000003,0.4338875744543642
726,727,-1187769792,3.6443000000000003,0.5887640449438203
728,729,-1188526668#3,10.9054,0.9809523809523816
730,731,-118916215#1,10.1365,0.2999999999999998
732,733,-1191607936#1,9.845,1.8108108108108094
734,735,-1194464327,5.890500000000001,0.6777777777777779
736,737,-1194464328,2.64,0.4888888888888888
738,739,-1194824694,27.5946,0.0
742,743,-1194824701#10,18.355700000000002,4.322222222222223
744,745,-1194824706,29.087300000000003,9.880281690140844
746,747,-119925917#1,0.6677000000000001,0.09473684210526319
748,749,-1203936127,9.444600000000001,3.111111111111111
750,751,-1203936651#2,26.760800000000003,11.377777777777776
752,753,-1205527065,0.1573,0.15440969287123135
756,757,-1207124658,22.658900000000003,4.936842105263158
760,761,-1215659170#1,10.741500000000002,2.266666666666666
762,763,-1215659171#1,29.535000000000004,3.885714285714285
764,765,-1221928943#1,17.812300000000004,20.700000000000003
766,767,-1222261301,17.0313,4.449999999999997
768,769,-1222294826#2,20.478700000000003,4.999999999999999
770,771,-1222588065,5.545100000000001,0.4000000000000001
772,773,-1222694073#1,9.1014,1.6996996996996998
774,775,-1224943549,5.0105,0.5000000000000001
776,777,-122688706,4.734400000000001,1.9587315714119833
778,779,-122688707#5,8.7791,29.635245579126067
780,781,-122798265#3,32.5809,36.5
782,783,-1228389305#2,2.5872,32.27465214761041
784,785,-1236052176,6.746300000000001,1.0960591133004927
786,787,-1236052177#8,25.137200000000004,11.217391304347824
788,789,-123900703,3.9347000000000003,0.19999999999999996
792,793,-124768369,6.1347000000000005,3.7
794,795,-1251294733,4.6101,0.4872340038888589
796,797,-1251294863,3.3264000000000005,0.5251151062129211
800,801,-1252126947,0.0946,0.2
806,807,-1259136474#2,3.7422000000000004,0.7503850347936547
808,809,-1263001493,4.503400000000001,10.940718210862618
810,811,-1270686454#2,6.457000000000001,3.249853372434017
812,813,-1270686454#5,5.486800000000001,2.39295628036086
814,815,-1271080432,0.026400000000000003,0.0
816,817,-1271094345#1,2.4464000000000006,0.4154882154882155
818,819,-1271382121,1.6247000000000003,0.32397959183673475
820,821,-1279825053,3.9765000000000006,0.5103743092482537
822,823,-1280470925,15.149200000000002,0.5
824,825,-1282570523,2.7665,1.0714285714285714
826,827,-1282623902,5.1854000000000005,2.8112676056338035
828,829,-1286120530,11.3223,1.5309200603318251
830,831,-1286120542#1,24.2088,6.565217391304345
834,835,-128648105#13,23.827100000000005,3.0233333333333334
836,837,-128648105#6,30.483200000000004,8.700000000000001
838,839,-1288641268,13.9997,0.0
840,841,-1288641269#6,45.6676,40.94254032258064
842,843,-1291137211#1,6.732000000000001,0.9415204678362572
844,845,-129512264#3,7.098300000000001,1.3308641975308644
846,847,-1297143168#3,17.8717,4.050755631593953
848,849,-1303137705#2,10.914200000000001,2.8787878787878793
850,851,-1308110841,4.4011000000000005,0.5545634920634919
852,853,-1315489390#1,6.0632,0.9883820998278828
856,857,-1317643239,15.384600000000002,2.1621243885394823
860,861,-1323216742#1,2.0911000000000004,0.3222222222222223
864,865,-13234675#16,25.681700000000003,9.749147040312694
866,867,-13234675#17,0.9757000000000001,0.48503211731911267
868,869,-13234675#25,9.726200000000002,2.108515755574579
870,871,-13234675#3,5.8091,16.870241471169546
872,873,-13234675#4,0.0187,0.27692527392636446
874,875,-13234675#43,15.7718,3.541106856943961
876,877,-13234675#5,0.11110000000000002,0.17985264019647976
878,879,-13234675#52,4.075500000000001,0.4880266075388023
880,881,-13234675#57,6.5054,1.2793678948641456
882,883,-13246859#1,1.5664,0.10000000000000003
884,885,-1327195034,11.5357,0.7
890,891,-133186296#0,2.5421,0.40081359176836556
892,893,-133186686,0.19140000000000001,0.840336134453782
894,895,-133399929#2,25.556300000000004,6.639676113360323
898,899,-133664978#18,47.7037,24.94444444444446
900,901,-1351535321,0.015400000000000002,9.702380952380947
904,905,-1354374540,0.04510000000000001,0.1777777777777778
906,907,-136071661#3,44.581900000000005,31.822222222222226
908,909,-136278554#1,3.6564,0.0
912,913,-136278554#12,37.89170000000001,32.0
914,915,-136441320#6,34.214400000000005,16.029411764705877
918,919,-1367612076#1,25.247200000000003,6.8272604588394055
920,921,-1368782934#1,5.381200000000001,0.6945484672742336
926,927,-1374204588,18.139,4.66895986895987
928,929,-1376856664,3.0745,0.5619047619047619
930,931,-137699102#2,18.419500000000003,5.830409356725145
932,933,-137699103#5,19.3325,7.700000000000003
934,935,-137730212#4,51.5097,52.199999999999974
936,937,-137732185,2.0801000000000003,0.4081632653061224
938,939,-137732187#6,17.344800000000003,6.618635332921048
944,945,-1392163360#1,14.094300000000002,1.377777777777778
948,949,-1396268307#1,12.3816,1.5
952,953,-1396269091#0,11.6325,1.1876876876876874
954,955,-1410097953#0,14.386900000000002,3.3367252543940804
956,957,-1410097954#0,2.7797000000000005,0.2516339869281045
958,959,-1410097955,9.563400000000001,1.019762845849802
962,963,-141137364#1,4.1129,0.5633001422475109
964,965,-141138038#10,25.206500000000002,4.250000000000001
966,967,-141138038#4,30.186200000000003,15.831541218637987
970,971,-141252791,0.013200000000000002,0.8606060606060607
972,973,-1414389615,4.799300000000001,0.5333333333333334
974,975,-1414407548#1,22.5357,3.8000000000000003
976,977,-141509559#16,17.7496,3.1868131868131857
978,979,-141509559#17,4.490200000000001,0.519927536231884
980,981,-141509559#3,14.892900000000001,6.199999999999999
984,985,-141551684#2,18.2094,5.7
986,987,-141613056#12,13.805000000000001,1.941520467836256
988,989,-141613056#6,24.233000000000004,7.923809523809526
990,991,-141613056#8,21.5831,10.996732026143789
994,995,-1420688737#2,8.814300000000001,1.495238095238095
996,997,-1420688738,4.0337000000000005,0.26666666666666683
998,999,-1420688739,0.4565,0.48888888888888893
1000,1001,-1422669211#1,15.0469,0.19999999999999973
1002,1003,-1424949184#2,5.3878,1.5448136184176804
1008,1009,-142769014#5,14.503500000000003,1.7000000000000002
1010,1011,-142769014#9,10.100200000000001,0.19999999999999984
1012,1013,-142769016#2,5.5616,0.0
1018,1019,-142891708#1,0.08800000000000001,0.20952380952380953
1020,1021,-14331348#1,3.4771000000000005,0.5229826353421865
1022,1023,-143731348#6,21.2278,8.711111111111112
1024,1025,-143731350#1,20.2037,26.700000000000003
1028,1029,-143905172#9,25.155900000000003,9.899686520376173
1034,1035,-144038257#1,2.3848000000000003,0.15564764385507937
1036,1037,-144038258#2,14.187800000000001,4.349376114081995
1038,1039,-144038260#13,13.615800000000002,4.133861236802409
1040,1041,-144038260#19,18.7638,3.8200757575757565
1042,1043,-144038260#8,22.6446,76.6528822055138
1044,1045,-144069760,32.208000000000006,5.696428571428574
1046,1047,-144159769#5,31.326900000000002,24.7
1048,1049,-144159769#7,4.807,0.6777777777777778
1050,1051,-144159771#7,17.304100000000002,1.8000000000000003
1054,1055,-144159781#5,13.4365,1.0
1058,1059,-144159799#14,22.0594,9.377777777777778
1060,1061,-144159799#23,33.3509,22.828571428571426
1062,1063,-144159799#24,3.8918,1.2087301587301589
1064,1065,-144159799#6,20.0321,9.700000000000001
1066,1067,-144159805#3,10.918600000000001,1.466666666666667
1068,1069,-144328216#6,31.900000000000002,9.047348484848484
1070,1071,-144328216#9,14.120700000000001,2.4206773618538318
1072,1073,-144328219#0,7.553700000000001,1.0442967884828354
1074,1075,-144328219#11,49.3218,27.49999999999999
1076,1077,-144435601#3,2.5773,93.19922931170296
1078,1079,-144464776#0,0.0286,0.2
1082,1083,-145037483#0,13.960100000000002,0.30000000000000027
1088,1089,-145037490,17.4955,4.933333333333334
1090,1091,-145037491,12.599400000000001,1.5
1094,1095,-145037492#7,22.765600000000003,3.5
1098,1099,-145430789#0,4.3098,0.5169606512890095
1100,1101,-145430789#11,6.486700000000001,1.512711864406779
1102,1103,-145430789#5,14.327500000000002,4.148490945674043
1104,1105,-145430789#7,6.942100000000001,1.1865384615384624
1106,1107,-145430790#1,8.8121,1.3069458631256377
1108,1109,-145672554#5,114.58480000000002,124.0111111111112
1110,1111,-1456936767#1,1.0494,0.0
1112,1113,-145787848#5,60.3526,10.8
1114,1115,-146390387#1,11.2398,2.5274725274725274
1116,1117,-146390389#3,10.984600000000002,1.3142857142857143
1118,1119,-146390389#4,13.9733,4.285714285714289
1120,1121,-146390389#5,10.2608,1.9714285714285713
1122,1123,-146390389#6,12.896400000000002,0.8444444444444458
1124,1125,-146523570#0,11.630300000000002,0.7000000000000004
1126,1127,-146523574#4,34.2232,15.377777777777775
1128,1129,-146523580#5,39.271100000000004,17.357142857142854
1130,1131,-146645330#1,1.5334,29.231915427567603
1132,1133,-146791396#2,26.8598,17.38949275362318
1134,1135,-147571850#7,35.9931,23.9390243902439
1136,1137,-147571850#9,31.790000000000003,17.107308048103622
1138,1139,-147571851#21,41.4392,15.197120708748614
1140,1141,-147571853#1,6.3833,0.8869295363271268
1144,1145,-147571854,4.115100000000001,0.20000000000000007
1146,1147,-147571855#1,9.606300000000001,1.341672412094946
1154,1155,-151406643#15,32.9164,13.772204968944106
1156,1157,-152508620,13.005300000000002,2.414208945787893
1160,1161,-152962047,0.015400000000000002,31.7
1162,1163,-153095159,0.011000000000000001,123.07668711656434
1164,1165,-153448797#1,14.018400000000002,1.884615384615382
1166,1167,-153674044,8.228000000000002,0.9578947368421056
1170,1171,-154029239#5,15.2075,2.8999999999999995
1176,1177,-154029243#2,6.782600000000001,0.0
1184,1185,-154029243#6,12.5411,1.2000000000000006
1188,1189,-154333524#0,23.974500000000003,9.828571428571426
1192,1193,-154333525,5.606700000000001,0.49673202614379075
1194,1195,-154333526#0,7.285300000000001,2.25
1196,1197,-154333526#7,16.0072,2.994708994708994
1200,1201,-154333528,19.0729,4.322222222222221
1202,1203,-154456892#1,33.2354,12.105454545454542
1204,1205,-154456895#1,8.020100000000001,1.4309603440038228
1206,1207,-154456895#2,6.1545000000000005,0.9962468723936613
1210,1211,-154916174#3,4.203100000000001,0.6624999999999999
1214,1215,-156448307#1,4.8081000000000005,0.6830065359477122
1218,1219,-156448317#6,200.9601,523.9962121212124
1220,1221,-156998776#7,136.13930000000002,355.30000000000007
1222,1223,-156998793,0.015400000000000002,0.3505747126436784
1230,1231,-157006821#2,4.4088,0.20000000000000007
1232,1233,-157006823#10,23.001,6.233333333333334
1234,1235,-157006823#4,31.947300000000002,16.699999999999992
1236,1237,-157006823#7,29.276500000000002,7.399999999999997
1238,1239,-157006825#1,22.3124,9.066666666666666
1242,1243,-15783545#1,29.256700000000002,30.322222222222226
1244,1245,-15783549,5.8003,22.642105263157898
1248,1249,-157959489#12,30.483200000000004,1.2999999999999994
1250,1251,-157959489#8,20.5733,4.141025641025638
1252,1253,-157959490#10,1.6929,0.30526315789473685
1254,1255,-157959490#11,9.8274,2.988888888888889
1256,1257,-157959490#14,8.820900000000002,2.0444444444444443
1258,1259,-157959490#6,19.841800000000003,100.11578947368422
1260,1261,-157959490#8,6.360200000000001,1.123809523809526
1262,1263,-157959493#0,14.102000000000002,3.038690476190477
1264,1265,-157959493#1,9.115700000000002,2.7415884194053204
1266,1267,-157959493#10,11.3344,2.4421935483870967
1268,1269,-157959493#13,6.3448,0.4902027796764637
1270,1271,-157959493#4,10.717300000000002,1.6478521478521473
1272,1273,-157959493#5,19.791200000000003,5.006327006327006
1274,1275,-157959493#8,14.8016,3.412637362637364
1276,1277,-15802018#3,22.070400000000003,1.3444444444444439
1278,1279,-158027398#1,3.3858,0.23333333333333328
1280,1281,-158027398#11,29.102700000000002,9.192307692307692
1282,1283,-158027398#13,3.0371000000000006,0.3768939393939396
1284,1285,-158027398#2,9.5623,1.9555555555555557
1288,1289,-158027398#5,9.700900000000003,1.1102941176470589
1290,1291,-158027398#6,3.0250000000000004,0.37229437229437234
1292,1293,-160489235#1,5.731000000000001,0.8819672131147538
1294,1295,-160792610,4.268,0.3447368421052632
1298,1299,-163006337#1,13.699400000000002,3.7784946236559147
1300,1301,-163006337#2,4.7146,0.7566666666666668
1302,1303,-163006337#3,5.7915,0.9333333333333331
1304,1305,-163019451#2,9.6195,18.573333333333334
1306,1307,-163019497#4,23.800700000000003,9.832482993197281
1310,1311,-16386379#1,24.2055,14.8
1320,1321,-16386608#2,47.971000000000004,20.40952380952381
1322,1323,-16386629#0,10.373000000000001,1.2000000000000006
1324,1325,-16386629#2,8.6152,0.0
1328,1329,-16386713#10,17.780400000000004,0.7000000000000006
1330,1331,-16386713#3,25.6036,8.368421052631579
1332,1333,-16386713#4,22.6171,6.299999999999998
1336,1337,-16386713#9,20.7746,4.999999999999999
1338,1339,-16386752#1,19.3974,8.0
1342,1343,-16387246#3,17.349200000000003,1.155555555555556
1344,1345,-16387302#3,7.4217,0.7
1348,1349,-16388188#1,9.2807,1.119047619047619
1352,1353,-16388189#4,94.4141,150.79999999999998
1354,1355,-16388515,25.4463,3.952380952380952
1356,1357,-16389305,25.238400000000002,5.758241758241757
1358,1359,-163918104#22,69.04700000000001,8.0
1360,1361,-168729339#1,11.897600000000002,2.3743386243386246
1362,1363,-17095329#1,10.175,0.30000000000000004
1364,1365,-17095330#0,26.777300000000004,10.8
1366,1367,-17095330#1,22.322300000000002,1.861111111111111
1372,1373,-17095331#2,24.1153,5.733333333333333
1374,1375,-17095381#0,4.713500000000001,0.1944444444444446
1376,1377,-17095381#3,4.3615,2.8406593406593412
1378,1379,-17100790#1,25.2252,27.895402298850563
1380,1381,-17100790#3,25.9215,27.560000000000006
1382,1383,-17100790#4,6.2601,7.333333333333333
1386,1387,-17100970#1,10.818500000000002,8.100000000000001
1388,1389,-17100973#0,4.2691,2.4999999999999996
1390,1391,-17100973#1,0.0792,0.4761904761904761
1392,1393,-173172673#11,20.443500000000004,2.301923076923078
1394,1395,-173172673#2,17.328300000000002,10.9477503628447
1396,1397,-173172673#9,23.958000000000002,3.001107419712072
1398,1399,-173172674,10.2399,1.841491841491841
1400,1401,-174304830#1,1.4443000000000001,0.15843933928232393
1402,1403,-174648568,15.138200000000001,2.8380952380952387
1404,1405,-174648574,38.61000000000001,19.612144529943162
1408,1409,-174739550,1.6335000000000002,0.446969696969697
1410,1411,-174739553,2.1175,0.27704763697985296
1412,1413,-174739555,17.5439,3.9439111159761393
1414,1415,-174739561#1,9.6646,1.5448856645878408
1416,1417,-17477439,2.123,0.0
1418,1419,-176534650#2,2.6290000000000004,0.332010582010582
1420,1421,-176827008,0.011000000000000001,0.2887880888140797
1422,1423,-177092492#18,39.3668,24.33333333333334
1424,1425,-177092492#4,16.687,4.188505747126438
1426,1427,-177092492#9,30.905600000000003,17.80952380952381
1428,1429,-177092493,5.3658,9.412643678160919
1430,1431,-177092494#2,16.1931,3.5534967905657604
1432,1433,-177092494#4,7.7374,1.0357054214090697
1434,1435,-177095164,1.4894000000000003,0.28929851510496674
1436,1437,-177095166#0,10.8922,1.5804597701149425
1438,1439,-177095166#16,9.606300000000001,2.7135265700483098
1440,1441,-177095166#3,9.3731,1.4897260273972601
1442,1443,-177095166#8,13.7643,5.0955102040816325
1446,1447,-17947677#1,5.5396,0.5960591133004925
1448,1449,-184190500#5,44.503800000000005,23.40396085922576
1450,1451,-187084387,0.026400000000000003,0.07653061224489795
1456,1457,-190576757#1,14.397900000000002,3.1846994535519126
1458,1459,-19095057,9.776800000000001,1.7000000000000002
1468,1469,-19566276#18,79.08340000000001,74.28571428571425
1470,1471,-19799437#17,33.2288,13.75
1486,1487,-19848864#0,9.7669,1.5
1488,1489,-19848864#1,7.805600000000001,0.3222222222222221
1490,1491,-19848864#2,9.240000000000002,0.5
1494,1495,-19848865#0,6.653900000000001,0.30000000000000004
1498,1499,-19848865#2,5.726600000000001,0.0
1500,1501,-19848877,29.5086,3.6999999999999993
1504,1505,-20336623#2,25.5684,10.455555555555552
1506,1507,-20340572#3,25.9765,15.377777777777778
1510,1511,-20347040#1,34.4322,8.63809523809523
1512,1513,-20347040#5,53.7933,68.7
1514,1515,-20356890#0,3.9732000000000003,3.2380952380952377
1516,1517,-20356890#5,38.3295,32.22222222222222
1518,1519,-20365221#1,25.265900000000002,1.7000000000000006
1520,1521,-206575917,12.045,1.5527777777777771
1522,1523,-206575918#1,6.095100000000001,1.179487179487179
1526,1527,-20847974#7,19.538200000000003,2.5894736842105277
1528,1529,-20848305#3,10.607300000000002,0.6999999999999998
1532,1533,-20850531#0,5.848700000000001,1.0666666666666667
1534,1535,-20850531#1,13.6389,4.4
1536,1537,-216870761#3,111.27820000000001,714.3
1538,1539,-218907681#0,1.8315000000000001,0.2857142857142857
1540,1541,-218907681#10,14.1141,1.5164835164835162
1542,1543,-218907681#12,13.350700000000002,1.3623188405797104
1544,1545,-218907681#14,6.330500000000001,0.5066666666666667
1548,1549,-218907682,0.47190000000000004,0.0
1552,1553,-222874792,1.8447000000000002,0.22732654511011116
1554,1555,-222874793#2,4.785,1.6869524035046173
1556,1557,-225751052,1.7699,1.9360613810741696
1558,1559,-225780905#0,11.5445,3.2666666666666653
1560,1561,-225780905#2,12.416800000000002,2.3000000000000003
1562,1563,-226297192,43.88120000000001,16.638095238095236
1564,1565,-226612387#1,2.1285000000000003,0.7896825396825398
1566,1567,-22689738,22.487300000000005,7.443678160919541
1570,1571,-22700317#6,20.7328,2.0
1572,1573,-227558566,9.630500000000001,0.2777777777777778
1574,1575,-227558567,10.4478,2.166666666666667
1580,1581,-22983215#3,1.2584,0.3222222222222223
1582,1583,-22985076#1,5.705700000000001,0.46748591909882226
1588,1589,-230041575#4,16.1172,4.799999999999997
1594,1595,-230359738#0,2.2726,0.4446219382321621
1596,1597,-230359738#11,10.1695,2.60515873015873
1598,1599,-230359738#2,4.557300000000001,0.7762769654448883
1600,1601,-230359738#3,8.0454,1.4139590854392294
1602,1603,-230359738#8,9.468800000000002,1.7610123539605342
1604,1605,-23092803#4,22.7645,2.8000000000000007
1608,1609,-23092804,7.419500000000001,0.30000000000000004
1610,1611,-23093327#0,7.3249,0.20000000000000007
1614,1615,-23093333#0,7.346900000000001,0.30000000000000004
1618,1619,-23093440#1,9.8131,3.619047619047618
1620,1621,-23093440#2,3.8379000000000003,0.0
1626,1627,-231427517#4,28.443800000000003,6.916666666666667
1630,1631,-23214483#10,6.0654,0.6124748490945673
1632,1633,-23214483#24,12.772100000000002,2.0133333333333345
1634,1635,-23214483#3,6.319500000000001,0.9311871227364183
1638,1639,-23389601#5,20.4215,10.711111111111114
1640,1641,-23394535,2.1758,0.1462184873949581
1642,1643,-23394536#0,8.077300000000001,1.1042016806722694
1644,1645,-23394536#14,54.926300000000005,33.84369747899158
1646,1647,-23394788#5,11.8756,2.4562220927975136
1648,1649,-23394789#2,6.494400000000001,1.2195402298850575
1650,1651,-23394789#3,10.6304,1.5
1654,1655,-23394790#6,12.4498,3.288888888888889
1656,1657,-23395312#1,2.7797000000000005,101.12726321297752
1658,1659,-23395313#12,43.342200000000005,17.94333333333334
1660,1661,-23624770,17.4416,4.8
1662,1663,-23697531,3.0096000000000003,0.1
1666,1667,-23982928#1,15.3824,3.7000000000000006
1668,1669,-23982929#1,17.3888,2.0
1670,1671,-23982930,19.7219,9.700000000000001
1672,1673,-240616787#1,4.3219,0.4
1674,1675,-242802481#1,0.8701000000000001,48.333333333333336
1676,1677,-24405236,11.584100000000001,1.9473684210526312
1678,1679,-24508528#2,26.314200000000003,10.085508735868451
1680,1681,-24520303#7,8.660300000000001,0.20000000000000018
1682,1683,-24522025#8,49.988400000000006,64.375
1684,1685,-245487369,21.2102,8.673684210526313
1686,1687,-24633269#3,18.3568,0.8000000000000003
1688,1689,-246631282#1,2.2638,0.37053273855304303
1690,1691,-246631284#2,3.0514,4.4163498634225995
1692,1693,-246631285,2.0229,0.29082901439152953
1696,1697,-24748596#4,11.0649,1.6555555555555557
1702,1703,-24769657#2,15.709100000000001,3.207894736842105
1704,1705,-24769702#1,17.501,7.466666666666667
1710,1711,-24769794#0,1.1869,0.34722222222222227
1712,1713,-24769794#2,11.486200000000002,1.6616915422885583
1714,1715,-24769794#3,5.217300000000001,0.4919254658385096
1716,1717,-24770481#1,10.5039,3.1999999999999993
1718,1719,-24770481#2,6.706700000000001,1.8666666666666665
1720,1721,-24770929#0,1.562,0.2687937062937063
1722,1723,-24770929#2,13.557500000000001,3.0764411027568945
1724,1725,-24770929#7,20.763600000000004,7.293061023622043
1726,1727,-24770929#9,9.2554,2.0205902539464646
1728,1729,-24805872#6,8.1609,1.0
1730,1731,-24888128#2,4.4836,9.137844611528822
1732,1733,-24888128#3,8.411700000000002,11.265597147950087
1734,1735,-24888128#8,47.3748,38.916666666666664
1736,1737,-24888129#0,4.125,0.6025170604574607
1738,1739,-24888129#5,31.084900000000005,16.10945509777862
1740,1741,-24888130,2.1846,0.0
1742,1743,-24903291#6,24.970000000000002,15.799999999999999
1748,1749,-24939272#1,10.671100000000001,1.3226600985221677
1750,1751,-24947430#4,11.6853,1.9845365901703933
1752,1753,-24947430#7,8.996900000000002,1.2500230407162358
1754,1755,-24947433#0,11.5973,1.9848452017466105
1756,1757,-24947433#1,1.2298000000000002,0.22677358600094177
1758,1759,-24986163#1,0.0781,0.22060606060606067
1760,1761,-24986163#2,0.015400000000000002,0.2283395755305867
1764,1765,-250074100#3,3.4595000000000002,0.0
1766,1767,-250074100#5,7.9882,0.5
1770,1771,-251534694,4.423100000000001,1.8471321220796015
1772,1773,-251534696,2.0515000000000003,0.30599025071156705
1774,1775,-251534700,4.9522,1.5056107482088146
1776,1777,-25200067#1,15.3824,2.197368421052631
1778,1779,-25200067#7,9.5238,1.3206896551724137
1788,1789,-25200308#0,4.6431000000000004,0.4888888888888888
1790,1791,-25200308#3,9.494100000000001,1.5411764705882347
1792,1793,-25200308#7,9.6998,0.7087912087912087
1798,1799,-25200468#1,0.29040000000000005,0.25641025641025644
1800,1801,-25304846#0,8.769200000000001,1.3192982456140352
1802,1803,-25304846#2,20.0376,5.764976958525343
1804,1805,-25409999#1,19.740600000000004,3.670329670329669
1806,1807,-25409999#6,23.4674,6.699999999999999
1810,1811,-254844701#2,2.6675,1.2402104032729397
1812,1813,-254854437#1,5.848700000000001,11.923951597756973
1814,1815,-255277386#1,51.7242,53.29999999999999
1816,1817,-255834276,8.1829,1.387859531772574
1818,1819,-255834310,8.5855,2.85351011725127
1820,1821,-255834317#1,4.532000000000001,0.9342105263157897
1822,1823,-255834365,0.6765,1.2403361344537813
1824,1825,-255834389#2,27.811300000000003,9.478335899990933
1826,1827,-25727003#16,43.2443,10.125000000000009
1828,1829,-25858898,5.190900000000001,0.5319203268641473
1830,1831,-25858899#7,25.413300000000003,11.553684210526315
1832,1833,-258949951#1,10.132100000000001,1.8380769230769245
1834,1835,-258949951#3,1.6698000000000002,0.32239488817891365
1836,1837,-258949951#8,20.8714,6.113793103448275
1838,1839,-260345644#5,20.0376,7.700000000000001
1840,1841,-260345647,3.9127,0.9745558566696775
1844,1845,-260510496#2,3.4771000000000005,0.3857449582087266
1846,1847,-260510496#3,5.885,0.5579635362917098
1848,1849,-260510496#4,1.6071000000000002,0.27870657034743734
1850,1851,-260510499,0.7480000000000001,0.22804992424788972
1852,1853,-260510502,2.2352000000000003,0.25369770837300837
1854,1855,-260510503,4.6794,63.551019518996156
1856,1857,-260510505,0.28600000000000003,0.08132450331125829
1858,1859,-260510507#2,3.3121000000000005,1.0653208912588081
1860,1861,-260510509#2,3.1603000000000003,1.353422818791946
1862,1863,-260510511#4,11.3916,2.428804643569744
1866,1867,-26228566,23.1121,7.700000000000002
1868,1869,-262486741#11,9.9671,0.7000000000000004
1870,1871,-262486741#12,10.106800000000002,0.20000000000000007
1872,1873,-262486741#5,20.3874,8.393333333333329
1874,1875,-262486741#9,28.514200000000002,8.638095238095238
1878,1879,-2640070#1,6.419600000000001,38.47538461538461
1880,1881,-2640070#6,18.330400000000004,5.314285714285712
1882,1883,-264018843#6,20.845000000000002,7.171428571428571
1886,1887,-26414291#4,6.150100000000001,0.16666666666666674
1888,1889,-26422170#15,13.227500000000001,3.4333333333333345
1890,1891,-26422170#6,16.6045,4.766666666666669
1892,1893,-264512860,0.5533,0.1560066368721063
1894,1895,-264512866#3,7.911200000000001,1.3974417683606026
1896,1897,-264512869#0,12.356300000000001,2.1728822484776167
1898,1899,-264512869#1,17.055500000000002,3.525782886115636
1900,1901,-264512871#1,15.515500000000001,3.3486787309759953
1902,1903,-264512871#3,2.1461,0.4192509575826357
1904,1905,-26609961#1,28.1809,19.2
1906,1907,-26609961#4,0.0792,0.26666666666666666
1908,1909,-26609961#5,0.0792,9.733333333333333
1910,1911,-26696137#0,3.0118,0.2777777777777777
1912,1913,-26696137#2,12.188,0.0
1914,1915,-26696141#3,10.2432,1.7865546218487396
1916,1917,-26696144#10,9.9792,2.285714285714285
1918,1919,-26696144#3,7.647200000000001,45.47058823529412
1920,1921,-26696144#4,11.4829,2.429402432575357
1922,1923,-26696144#6,9.3863,1.5748792270531409
1924,1925,-26696144#7,2.7016,0.46258503401360535
1926,1927,-26696144#9,5.0875,0.7727272727272727
1928,1929,-26696145#6,28.730900000000002,5.333333333333336
1930,1931,-26710956,0.015400000000000002,5.064516129032258
1936,1937,-272007306#8,32.9164,58.800000000000004
1940,1941,-27370895,6.757300000000001,22.166666666666668
1944,1945,-2746738#0,1.7677,42.31735827001753
1946,1947,-2746738#2,11.707300000000002,3.291057860900058
1948,1949,-2746738#3,9.694300000000002,1.6738775510204071
1950,1951,-2746738#4,11.430100000000001,2.028205128205129
1952,1953,-2746738#5,12.0978,2.8600000000000008
1954,1955,-2746738#7,1.8689000000000002,1.3333333333333333
1956,1957,-27488738,29.770400000000002,12.225274725274726
1958,1959,-27583804#1,29.063100000000002,8.725274725274728
1960,1961,-27583804#14,21.7778,3.8879492600422836
1962,1963,-27583804#15,1.6291000000000002,0.2558139534883721
1964,1965,-27583804#24,26.932400000000005,6.676633444075306
1966,1967,-27583804#5,19.7142,3.915966386554621
1968,1969,-27583804#7,15.3978,2.738461538461538
1970,1971,-27583805#0,1.7941000000000003,0.3024390243902439
1972,1973,-27583805#13,6.573600000000001,0.9839743589743589
1974,1975,-27583805#18,7.750600000000001,1.1692307692307693
1976,1977,-27583805#2,6.430600000000001,0.5932203389830509
1978,1979,-27583805#21,6.6077,2.4183673469387763
1980,1981,-27583805#24,11.284900000000002,5.933932346723045
1982,1983,-27583805#29,22.620400000000004,6.906763285024155
1984,1985,-27583805#30,27.0435,11.383401519579197
1986,1987,-27583805#33,11.2222,1.6110523532522483
1988,1989,-27583805#34,3.2054000000000005,11.646448087431697
1990,1991,-27583805#9,16.1238,2.4927536231884035
1992,1993,-27606774#2,17.1116,6.5
1994,1995,-27608071,4.1349,0.6222222222222221
1996,1997,-276744482#1,7.504200000000001,1.4933333333333325
2000,2001,-27991592#1,35.8842,15.3
2002,2003,-280294403#3,8.891300000000001,1.8076923076923075
2004,2005,-282753026#4,15.420900000000001,2.4767676767676767
2008,2009,-283457127,14.565100000000001,11.700000000000003
2010,2011,-283457128#1,13.113100000000001,2.9166666666666665
2012,2013,-283457129,10.4577,7.566666666666666
2014,2015,-283457130#0,12.0054,2.0
2016,2017,-283457130#1,9.7416,12.980952380952383
2018,2019,-283485936,25.3209,1.2999999999999998
2020,2021,-284032700#7,69.8544,129.70000000000002
2024,2025,-28446482#4,18.9255,4.208194905869325
2026,2027,-28451439#1,9.9121,0.30000000000000004
2028,2029,-28451503#0,1.903,0.722222222222222
2030,2031,-28451503#2,12.840300000000001,0.0
2034,2035,-28451507#0,0.5379,8.328571428571427
2036,2037,-28451507#1,1.3332000000000002,0.20952380952380958
2038,2039,-28451508#4,18.2589,4.171428571428568
2040,2041,-28451509#0,2.5718,6.708791208791208
2042,2043,-28451509#1,3.5057,33.55555555555556
2044,2045,-28451510#1,24.1351,7.7
2046,2047,-28451511#0,3.5211000000000006,6.142857142857143
2048,2049,-28451511#1,0.25300000000000006,0.17777777777777773
2050,2051,-28451512#6,27.905900000000003,9.655555555555555
2052,2053,-28451512#8,9.401700000000002,1.1403508771929838
2054,2055,-28451532,0.0792,2.1944444444444446
2056,2057,-28493700#12,18.966200000000004,3.184729064039408
2058,2059,-28493700#9,44.0407,29.105263157894736
2060,2061,-285071123#0,9.484200000000001,11.058823529411764
2062,2063,-285071123#1,11.9889,2.0
2064,2065,-285071123#4,7.8661,2.7
2066,2067,-28606950#17,28.5681,11.608108108108107
2068,2069,-28606950#7,34.0857,12.700000000000003
2070,2071,-28606951#9,33.6897,2.0
2072,2073,-28606952#3,16.780500000000004,3.2545454545454526
2076,2077,-28606953#12,50.935500000000005,23.199999999999996
2078,2079,-28606953#23,45.270500000000006,20.400000000000006
2080,2081,-28606954#5,24.404600000000002,6.8999999999999995
2082,2083,-28682563#1,19.938600000000005,14.5
2084,2085,-2884303#10,9.803200000000002,1.553604318831376
2086,2087,-2884303#5,11.842600000000001,2.2685443507518035
2088,2089,-2884303#7,21.0606,28.208941151544067
2090,2091,-2884303#8,2.9821,0.5436392914653789
2092,2093,-288681495#10,10.2432,2.2
2094,2095,-288681495#3,10.9021,2.5
2096,2097,-288681495#5,6.960800000000001,0.5000000000000001
2098,2099,-28960948#2,19.9782,1.0545454545454551
2100,2101,-2897620,1.5686,0.23502722323049002
2102,2103,-2897622#0,9.196,1.1666666666666667
2104,2105,-2897622#2,9.7064,2.9809523809523806
2106,2107,-2897623#1,4.3428,0.6961352657004832
2108,2109,-2897623#3,8.820900000000002,1.4559139784946227
2110,2111,-2897623#4,8.904500000000002,1.3541666666666674
2112,2113,-2897623#5,27.976300000000002,9.95238095238095
2114,2115,-2898048#4,14.5024,44.63546798029556
2116,2117,-2898049#3,11.4422,20.04444444444444
2118,2119,-2898053#2,13.1197,1.2111111111111115
2120,2121,-2898055#3,18.5196,5.298305084745764
2122,2123,-2898067#10,5.768400000000001,1.0989304812834224
2124,2125,-2898067#11,2.3056,0.7624999999999997
2126,2127,-2898067#13,5.3064,0.5666666666666665
2128,2129,-2898067#17,10.833900000000002,1.0958333333333339
2130,2131,-2898067#2,6.849700000000001,6.346320346320345
2132,2133,-2898067#20,6.757300000000001,1.148351648351648
2134,2135,-2898067#23,4.997300000000001,0.3791208791208793
2136,2137,-2898067#27,6.825500000000001,0.4
2138,2139,-2898067#28,12.4234,1.3777777777777773
2140,2141,-2898067#3,8.211500000000001,1.6725146198830414
2142,2143,-2898067#30,7.6494,1.1400000000000001
2146,2147,-2898067#6,12.1385,2.619883040935673
2148,2149,-2898067#7,1.9052000000000002,0.16374269005847955
2150,2151,-2898068#1,27.172200000000004,7.23809523809524
2152,2153,-2898068#7,30.708700000000004,19.719696969696972
2154,2155,-2898069#10,6.737500000000001,1.7529411764705873
2156,2157,-2898069#12,13.057,2.095766129032257
2158,2159,-2898069#16,10.455500000000002,1.2217741935483881
2160,2161,-2898069#18,10.6898,1.9117647058823537
2162,2163,-2898069#2,11.363000000000001,2.1777777777777785
2164,2165,-2898069#4,12.5983,2.1714285714285717
2166,2167,-2898069#5,13.8325,1.2
2168,2169,-2898069#6,18.5361,4.30263157894737
2170,2171,-2898069#9,12.530100000000001,1.6727272727272715
2172,2173,-29129862#2,0.7722,0.6222222222222222
2174,2175,-29129862#4,5.6045,0.9452347083926035
2176,2177,-29131113#0,6.0093000000000005,1.0647226173541962
2178,2179,-29131113#2,10.5633,2.376811594202898
2180,2181,-2921417#2,12.673100000000002,7.566666666666666
2182,2183,-2921417#3,1.7974,0.0
2184,2185,-2921417#6,14.771900000000002,3.0666666666666678
2186,2187,-292748634#2,1.6478000000000002,45.23175687115523
2188,2189,-292748634#4,16.61,6.239070581682179
2190,2191,-292748634#5,10.8702,2.086960626947406
2192,2193,-292748634#6,8.784600000000001,1.3595480298738065
2194,2195,-293213676#14,17.727600000000002,2.238095238095237
2196,2197,-293213676#4,5.4186000000000005,1.0
2198,2199,-293224799#10,23.6676,6.058775510204077
2200,2201,-293224801#11,23.7578,7.885714285714288
2202,2203,-293233330#1,7.7583,0.20000000000000007
2236,2237,-294669436#1,15.631000000000002,3.3552631578947385
2238,2239,-294669436#2,14.4837,2.2222222222222223
2240,2241,-295931062#14,21.9417,7.507967995169085
2242,2243,-295931062#7,9.2477,4.640000000000002
2244,2245,-295931063#3,8.253300000000001,1.656944084348804
2246,2247,-299988911#2,17.660500000000003,6.852631578947368
2248,2249,-299988912#2,15.244900000000001,5.256666666666668
2250,2251,-299988913,0.7172000000000001,0.6766666666666666
2252,2253,-299988915#1,6.706700000000001,0.79
2254,2255,-30017692#11,7.896900000000001,1.1237958761245115
2256,2257,-30017692#15,6.539500000000001,1.0224565756823822
2258,2259,-30017692#20,6.446000000000001,0.76036946671314
2260,2261,-30017692#5,9.945100000000002,1.7210481825866435
2262,2263,-30127481#5,15.460500000000001,1.0
2264,2265,-30171114#1,4.4561,76.48066298342542
2266,2267,-30323265#1,16.5561,4.339945280437757
2268,2269,-30323265#3,5.328400000000001,0.625
2270,2271,-30323346#2,6.897,0.9007458072494015
2272,2273,-30323347#9,30.877000000000002,11.73595384060584
2274,2275,-30323348#2,20.4193,6.491251238032357
2276,2277,-30323349#13,12.034,2.8850012159533063
2278,2279,-30323349#9,9.7878,2.2297508637934174
2280,2281,-30428204#1,6.1017,0.0
2282,2283,-305295506#2,18.425,8.654545454545454
2284,2285,-305901256#2,14.865400000000001,0.19999999999999984
2286,2287,-30604409#6,11.9603,108.10222867426778
2288,2289,-306390406#2,5.3108,0.8494999090743768
2290,2291,-306396967#10,10.367500000000001,1.476827094474154
2292,2293,-306396967#2,13.3991,1.5087719298245617
2294,2295,-306396967#4,7.647200000000001,0.5985221674876849
2296,2297,-306396967#5,9.1806,0.8380952380952381
2298,2299,-306396967#9,21.204700000000003,5.621052631578949
2300,2301,-307620321,33.8778,3.2
2306,2307,-30772535#3,12.892000000000001,0.4555555555555557
2310,2311,-30890656#0,0.41030000000000005,0.1993827160493827
2312,2313,-31000984#2,4.7894000000000005,10.99
2318,2319,-310804139#2,41.554700000000004,105.70000000000002
2324,2325,-31097133#1,6.061,0.4999999999999999
2328,2329,-31097133#4,7.813300000000001,0.7564102564102564
2334,2335,-31097291#4,6.8222000000000005,0.5
2336,2337,-311181481#3,7.238,1.82174462705436
2338,2339,-311773063#16,34.918400000000005,37.16666666666666
2342,2343,-3138669#11,20.5469,3.0545454545454547
2344,2345,-3138669#12,9.249900000000002,1.0666666666666667
2346,2347,-3138669#13,8.778,0.7000000000000002
2348,2349,-3138669#14,0.013200000000000002,0.10000000000000003
2350,2351,-3138669#16,7.932100000000001,0.4444444444444443
2352,2353,-3138669#18,18.2391,1.655555555555555
2354,2355,-3138669#3,17.7012,3.6666666666666665
2356,2357,-3138669#7,13.014100000000001,2.839869281045753
2358,2359,-314095467,3.2208,0.3068656716417909
2360,2361,-3156749#0,9.385200000000001,3.443100995732574
2362,2363,-3156749#1,10.6689,4.568990042674253
2364,2365,-3156749#2,6.2073,1.4754856614246075
2366,2367,-3156749#7,5.508800000000001,3.009132420091324
2368,2369,-3156901#18,28.657200000000003,7.285714285714286
2374,2375,-317222609#0,10.0166,3.986842105263159
2376,2377,-317222609#2,8.5668,3.7333333333333325
2378,2379,-317222609#4,9.510600000000002,9.299999999999999
2380,2381,-317222610,3.7279,0.5928853754940706
2382,2383,-317222611#0,6.5879,0.7709447415329764
2384,2385,-317222611#1,10.045200000000001,1.473333333333333
2386,2387,-317222611#3,25.380300000000002,8.306666666666668
2388,2389,-317222612#0,20.3137,6.780141843971632
2390,2391,-317222612#1,22.409200000000002,7.654654654654653
2392,2393,-317543382#2,6.3063,11.200240891297804
2394,2395,-318248788#2,4.1844,1.343084415584416
2396,2397,-3185634#0,10.847100000000001,1.7
2398,2399,-3185634#2,30.015700000000002,6.988888888888887
2400,2401,-3189024#1,10.9076,1.5692640692640691
2402,2403,-3189024#2,8.4656,0.6857142857142862
2404,2405,-3189024#3,12.260600000000002,1.5636363636363635
2406,2407,-3189024#4,4.848800000000001,0.28571428571428575
2408,2409,-3189024#7,12.936,2.198668714797747
2412,2413,-3189025#11,36.7136,4.700000000000001
2414,2415,-3189025#15,8.1125,2.666666666666666
2420,2421,-3189026#0,0.6457,0.06666666666666672
2422,2423,-3189026#1,4.863100000000001,0.7320261437908497
2424,2425,-3189026#2,1.5411000000000001,0.17543859649122806
2426,2427,-3189026#3,15.622200000000001,12.916666666666664
2436,2437,-32136688#3,6.5758,0.970493345879823
2438,2439,-32198773#3,10.380700000000001,2.884615384615384
2442,2443,-3243054#10,15.5639,3.099124215031963
2444,2445,-3243054#3,35.013,14.21405981246185
2446,2447,-3243056#2,6.5802000000000005,1.2729907773386033
2448,2449,-3243056#4,2.5674,0.3109800796812748
2454,2455,-3243063#2,16.061100000000003,6.1342105263157904
2456,2457,-3243064#1,14.505700000000001,3.5489130434782594
2458,2459,-3243064#2,8.0487,0.25
2460,2461,-3243064#4,18.383200000000002,1.6666666666666667
2462,2463,-3243065#0,7.763800000000001,0.27777777777777785
2468,2469,-3243068#0,0.0792,2.349782293178521
2470,2471,-3243068#1,8.5899,7.533033033033037
2474,2475,-3243068#2,8.138900000000001,17.35897435897436
2476,2477,-3243068#5,30.705400000000004,9.428571428571429
2478,2479,-3245456#2,11.0748,1.3809523809523803
2480,2481,-3245457#6,23.865600000000004,5.199999999999999
2482,2483,-3245457#7,0.026400000000000003,0.2319327731092437
2486,2487,-3245460#4,2.7907,0.6923076923076924
2488,2489,-3245477#1,23.8865,12.25
2490,2491,-326512438,3.8313000000000006,3.268907563025211
2492,2493,-326512439,6.117100000000001,160.26666666666665
2496,2497,-3283201#2,14.377,3.6555555555555563
2498,2499,-3283202#1,15.600200000000001,5.799999999999999
2502,2503,-3283202#3,8.0014,0.5444444444444444
2506,2507,-3283202#5,6.501,1.1555555555555557
2508,2509,-3283203#0,27.958700000000004,2.0
2510,2511,-3283203#1,27.234900000000003,10.055555555555555
2512,2513,-3283321#1,9.799900000000001,1.7888888888888888
2514,2515,-3283321#3,4.867500000000001,0.33333333333333326
2516,2517,-32853221#4,7.949700000000001,93.93591880018178
2518,2519,-32958392#2,1.6159000000000001,34.48554455445546
2520,2521,-32958392#6,9.3588,1.549890350877193
2522,2523,-32958392#7,5.4021,0.555123080159899
2524,2525,-32958392#9,8.146600000000001,1.4202608878602998
2526,2527,-32958393,0.4136,0.30669934640522883
2528,2529,-32958394#2,4.037,70.47803617571061
2530,2531,-32992028,2.9293,110.54872843169571
2532,2533,-32992029#1,5.1370000000000005,77.68053415867463
2536,2537,-3301995#1,1.2628,0.2933333333333333
2538,2539,-3301995#2,15.098600000000003,3.0666666666666664
2540,2541,-3301995#3,3.4518,0.542857142857143
2542,2543,-3301995#5,25.143800000000002,7.6000000000000005
2544,2545,-3301995#7,20.845000000000002,0.9999999999999991
2546,2547,-3301996#0,9.776800000000001,1.3560606060606062
2548,2549,-3301996#1,8.3842,1.6470588235294117
2550,2551,-3301997,0.5115000000000001,0.0
2554,2555,-3301998#4,31.0101,0.0
2556,2557,-3301998#8,20.9275,0.0
2558,2559,-3301999#2,9.3808,2.1714285714285713
2560,2561,-3302000#1,8.792300000000001,1.288888888888889
2562,2563,-3302000#3,11.341000000000001,2.8611111111111107
2564,2565,-3302001#0,1.1803000000000001,0.5256410256410257
2566,2567,-3302001#1,13.748900000000003,7.023655913978495
2568,2569,-3302001#5,31.7867,2.699999999999999
2570,2571,-3302175#2,8.239,10.962994550628883
2572,2573,-3303591#1,25.824700000000004,8.953846153846154
2576,2577,-3322001#0,0.4587,0.41346322535371105
2578,2579,-3322001#4,5.7959000000000005,1.1025750151867326
2580,2581,-3322003#1,14.701500000000001,6.014705882352941
2586,2587,-3322006#0,1.6269000000000002,5.142857142857143
2588,2589,-3322006#1,1.045,0.0
2590,2591,-3322008#3,20.757,12.3
2592,2593,-3322008#6,20.4325,4.4874316939890715
2594,2595,-3322008#7,0.8426000000000001,0.2532656023222061
2596,2597,-3322008#9,10.142000000000001,1.3399897593445975
2600,2601,-3322009#2,8.2665,2.0
2602,2603,-3322010,10.2872,3.7000000000000006
2604,2605,-3322011#10,12.1143,1.7420718816067653
2606,2607,-3322011#2,13.443100000000001,6.490927419354839
2608,2609,-3322011#5,25.067900000000005,12.69254032258065
2610,2611,-3322011#6,6.8156,0.9264902432504685
2612,2613,-3322011#7,9.249900000000002,1.8405928614640052
2614,2615,-3322012,12.5389,1.494901960784314
2618,2619,-3322015#1,12.455300000000001,0.0
2620,2621,-3322015#3,14.984200000000001,0.0
2624,2625,-3322015#6,11.8184,2.8000000000000003
2626,2627,-3322015#7,15.504500000000002,1.9999999999999998
2628,2629,-3322016#0,12.376100000000001,2.3000000000000007
2632,2633,-3322016#4,9.9253,0.5
2634,2635,-3322016#6,8.888000000000002,6.753623188405799
2638,2639,-3322099,16.2481,2.1238095238095225
2640,2641,-3322100#0,12.2276,2.2222222222222223
2642,2643,-3322100#2,7.191800000000001,0.8778966131907313
2644,2645,-3322100#3,3.0118,2.3747899159663857
2646,2647,-3322101#2,29.7946,10.093406593406595
2648,2649,-3322102#6,28.663800000000002,2.9047619047619047
2650,2651,-3322103#3,13.3463,1.2599999999999987
2652,2653,-3322103#4,10.5853,0.9836956521739129
2654,2655,-3322103#6,14.555200000000001,1.8600000000000005
2656,2657,-3322103#9,13.055900000000001,4.346336633663364
2658,2659,-3322132#1,16.5077,5.17225225225225
2660,2661,-3322132#2,8.4337,1.7565392354124751
2662,2663,-3322132#3,24.5135,19.126666666666665
2664,2665,-3322132#4,10.2036,3.080645161290322
2666,2667,-3322132#7,11.058300000000003,4.576666666666666
2668,2669,-3322132#8,13.7863,7.263157894736841
2670,2671,-3322132#9,11.620400000000002,4.9763157894736825
2674,2675,-3322133#4,43.16400000000001,2.8000000000000007
2676,2677,-3322134#0,8.5822,1.6285714285714286
2678,2679,-3322134#2,9.401700000000002,4.000000000000001
2680,2681,-3322134#4,42.83180000000001,24.606060606060602
2682,2683,-3322135#1,8.498600000000001,0.0
2686,2687,-3322136#0,8.715300000000001,1.1025641025641024
2688,2689,-3322136#4,11.504900000000001,1.4095238095238096
2690,2691,-3322136#6,7.613100000000001,1.5111111111111113
2692,2693,-3322136#7,7.048800000000001,0.6777777777777777
2694,2695,-3322139#0,0.026400000000000003,0.0
2696,2697,-3322139#2,23.647800000000004,18.066666666666674
2698,2699,-3322139#4,23.133000000000003,17.7
2700,2701,-3322139#5,13.357300000000002,3.2500000000000004
2702,2703,-3322140,23.2969,8.5
2704,2705,-3322286#1,49.5803,54.33333333333332
2712,2713,-334186514#2,10.351,1.500956754688097
2714,2715,-334186514#5,7.271000000000001,1.0068555539575237
2716,2717,-334186514#7,5.1722,0.5869222970958312
2718,2719,-3342911#3,22.839300000000005,14.695238095238084
2720,2721,-3343134#2,22.0638,6.809523809523805
2722,2723,-3343135#1,21.099100000000004,1.8777777777777764
2724,2725,-3343136#0,20.9407,4.151515151515152
2726,2727,-3343136#1,9.973700000000001,1.5378787878787887
2728,2729,-3343137,12.008700000000001,0.19999999999999984
2730,2731,-3343194,12.5169,0.6944444444444443
2732,2733,-3343238#13,29.355700000000002,11.383399209486164
2734,2735,-3343238#22,27.7068,6.734453781512609
2736,2737,-3343238#25,10.710700000000001,1.326839826839827
2738,2739,-3343238#26,6.4438,0.45714285714285713
2740,2741,-3343243#0,17.114900000000002,0.933333333333334
2742,2743,-3343243#1,17.3547,3.0
2746,2747,-3343243#14,6.7771,1.4022177419354847
2750,2751,-3343243#16,5.5055000000000005,0.6777777777777777
2752,2753,-3343243#17,3.7521000000000004,0.2666666666666666
2754,2755,-3343243#4,8.3039,1.564102564102564
2756,2757,-3343243#6,3.2252,0.7
2758,2759,-3343243#7,3.3407,0.4230769230769229
2760,2761,-3343243#8,3.4705,0.5073529411764706
2762,2763,-3343243#9,10.263000000000002,0.0
2764,2765,-3343297,20.4875,2.0
2766,2767,-334738101#1,21.4676,5.614206196739079
2768,2769,-33525635#4,12.410200000000001,2.5286533678493464
2770,2771,-33525635#5,9.115700000000002,1.5322293140129943
2772,2773,-33525635#6,8.328100000000001,1.4654131447300327
2774,2775,-33525635#8,8.8682,1.1114390909668002
2776,2777,-33525636#2,11.981200000000001,0.4102564102564103
2778,2779,-33525636#6,10.2047,0.0
2780,2781,-33525636#9,10.6293,0.6666666666666662
2782,2783,-33525637,8.2269,0.923333333333333
2784,2785,-33525638#1,4.1877,0.25000000000000006
2788,2789,-33525639#1,32.049600000000005,15.199999999999992
2790,2791,-33525639#4,40.125800000000005,1.7666666666666675
2792,2793,-33525640,11.323400000000001,1.9886363636363638
2794,2795,-33525641,0.026400000000000003,2.0779639175257736
2796,2797,-33616844#3,8.027800000000001,0.7000000000000002
2798,2799,-33633168#11,29.7374,7.907801418439716
2800,2801,-33633168#7,50.56150000000001,23.89411764705882
2804,2805,-33633170#1,33.0748,9.3
2810,2811,-33633172,12.673100000000002,1.4333333333333333
2814,2815,-3425483,7.0059000000000005,0.25
2816,2817,-3425485#0,20.023300000000003,2.766304347826084
2818,2819,-3425485#1,9.5579,0.7252747252747249
2820,2821,-3425485#2,10.923,1.8380952380952367
2822,2823,-3425489#3,18.7374,5.437908496732026
2824,2825,-3425499#1,3.1405000000000003,0.4363636363636363
2826,2827,-3425499#10,32.3829,4.204545454545452
2828,2829,-3425499#17,28.3272,11.88888888888889
2830,2831,-3425499#20,18.566900000000004,2.295833333333332
2832,2833,-3425499#21,14.196600000000002,0.7000000000000004
2834,2835,-3425499#22,7.893600000000001,0.6222222222222225
2836,2837,-3430495#4,19.558000000000003,3.6000000000000005
2844,2845,-3447778#0,0.0396,0.2
2846,2847,-3447778#1,0.5159,0.30000000000000004
2850,2851,-345733058,3.0547000000000004,0.055555555555555566
2852,2853,-34946878#10,17.2711,4.145137880986938
2854,2855,-34946878#6,46.6301,26.66531986531986
2856,2857,-34955715,0.1584,0.07692307692307691
2860,2861,-34955717#4,4.540800000000001,0.2777777777777777
2862,2863,-34955717#5,3.7323,0.26666666666666666
2866,2867,-350136806#1,2.2242,0.40952380952380957
2868,2869,-350136806#12,19.742800000000003,9.323333333333334
2872,2873,-35039843#2,11.598400000000002,4.495238095238095
2874,2875,-35039843#6,8.3666,2.074866310160428
2876,2877,-35039843#7,3.1097,0.4413319238900635
2878,2879,-35039844,7.814400000000001,0.5636363636363637
2880,2881,-35039845#4,35.41010000000001,10.650000000000006
2884,2885,-35043607,10.0177,3.955555555555555
2886,2887,-35052911#3,5.9796000000000005,0.7142462209847656
2888,2889,-35063721#4,15.283400000000002,0.9444444444444426
2890,2891,-35064461#3,70.93790000000001,43.999999999999986
2892,2893,-35078030#0,2.1054,0.19999999999999996
2894,2895,-35078030#1,4.6134,0.42857142857142855
2898,2899,-35078034,26.166800000000002,1.2999999999999998
2902,2903,-35078618,11.497200000000001,39.99622851090762
2904,2905,-35108718,6.7342,1.0539419087136928
2906,2907,-35108719#2,0.7051000000000001,10.24494029548674
2908,2909,-35108720#23,27.8135,8.435570553680796
2910,2911,-35108720#5,3.4595000000000002,136.07008192122098
2912,2913,-35108720#9,6.5758,0.9567862054374272
2914,2915,-351615223#0,0.7788,0.5050420168067227
2916,2917,-351615223#6,14.331900000000001,2.97080745341615
2918,2919,-351615223#7,1.2320000000000002,0.25865384615384623
2920,2921,-351615223#8,4.059,0.3887468030690537
2922,2923,-351615235#13,7.999200000000001,1.5501683501683503
2924,2925,-351615235#3,6.5637,0.8228956228956228
2926,2927,-351615235#6,4.3692,1.5158653846153847
2928,2929,-351615245#2,10.971400000000001,1.4645161290322581
2930,2931,-3526897#0,12.6445,1.3391812865497073
2932,2933,-3526897#1,6.9157,0.45714285714285724
2934,2935,-3526898#1,12.7512,0.4230769230769232
2936,2937,-3526898#2,7.627400000000001,0.7999999999999997
2938,2939,-3526898#4,5.2019,0.2777777777777778
2940,2941,-352875086#1,6.2744,1.031430513081889
2942,2943,-353258540#4,1.7809000000000001,1.6847460791635545
2944,2945,-353666023#0,11.789800000000001,2.537356321839081
2946,2947,-353666023#1,19.574500000000004,6.928164396822954
2948,2949,-353666023#2,7.524,1.4236147298940418
2950,2951,-353666023#6,8.310500000000001,1.615362169199344
2952,2953,-353666023#7,5.634200000000001,0.843838660397199
2954,2955,-3550327#32,64.6041,166.23333333333332
2956,2957,-3551567#12,20.750400000000003,15.557142857142864
2958,2959,-3551567#19,14.641000000000002,1.4999999999999996
2960,2961,-3551567#4,44.3905,43.673414304993244
2962,2963,-3551567#7,14.525500000000001,7.335384615384624
2964,2965,-3551810#18,27.870700000000003,7.171428571428571
2966,2967,-3551810#6,26.761900000000004,5.972549019607843
2968,2969,-3551828#1,20.7262,6.099999999999999
2970,2971,-3551833#4,23.200100000000003,6.2333333333333325
2974,2975,-3551855#0,0.5379,0.2666666666666666
2976,2977,-3551855#13,16.4263,3.0434782608695654
2978,2979,-3551855#4,16.687,2.576923076923074
2980,2981,-3551934#5,18.6065,3.3000000000000003
2982,2983,-3551936#2,20.2862,2.3000000000000007
2988,2989,-3552681#8,16.0908,2.5444444444444447
2990,2991,-3552688#1,8.608600000000001,1.5378787878787876
2992,2993,-3552688#2,0.0517,0.0
2994,2995,-3552734#2,66.70290000000001,48.751722440944874
2996,2997,-3552734#5,54.79760000000001,33.42984960974679
2998,2999,-3552735,0.027500000000000004,0.0
3002,3003,-35921905#1,1.5411000000000001,0.19999999999999996
3004,3005,-35994258#12,3.3253000000000004,0.31428571428571433
3006,3007,-35994258#3,10.045200000000001,1.5858250276854933
3010,3011,-35994258#9,6.264500000000001,0.30000000000000004
3014,3015,-360015946#0,8.3908,1.2319327731092435
3016,3017,-360015946#1,8.7428,1.1275862068965516
3018,3019,-360015946#2,8.8264,1.154022988505747
3020,3021,-361074024,28.226000000000003,17.971428571428575
3022,3023,-361156401#3,7.833100000000001,11.25546218487395
3024,3025,-361462507#3,9.3797,1.5428571428571427
3028,3029,-3615536#2,15.460500000000001,0.0
3030,3031,-3615537,0.026400000000000003,0.21241830065359474
3032,3033,-3615539#4,15.5672,0.0
3034,3035,-3615540,18.0653,1.2999999999999994
3040,3041,-3625904#1,11.66,0.7999999999999998
3042,3043,-3625904#2,11.8679,0.5
3044,3045,-3625906#0,12.366200000000003,1.5073529411764706
3046,3047,-3625906#1,12.4564,1.6923076923076918
3048,3049,-3625906#2,5.775,0.2777777777777778
3052,3053,-363470954#15,19.033300000000004,4.988888888888891
3054,3055,-363470954#6,12.646700000000001,3.299999999999999
3058,3059,-363470957#2,12.3068,3.150197628458497
3060,3061,-363470959#4,36.759800000000006,11.583333333333334
3062,3063,-363470960#9,44.060500000000005,9.655555555555564
3064,3065,-363801259#2,1.0934000000000001,0.628372823984525
3068,3069,-3655020#2,29.784700000000004,6.700000000000005
3070,3071,-3655024#1,12.416800000000002,0.5000000000000001
3072,3073,-3655024#2,8.7318,1.2000000000000002
3074,3075,-3655028#3,33.613800000000005,10.2
3076,3077,-3655033#0,7.3634,0.7352941176470588
3078,3079,-3655033#1,9.5579,0.9230769230769225
3080,3081,-3655033#5,10.7514,3.061904761904762
3082,3083,-3655042#0,29.099400000000003,5.299999999999997
3086,3087,-3655064#11,6.941,0.3333333333333335
3088,3089,-3655064#4,8.259900000000002,0.5
3090,3091,-3655064#6,8.1455,0.0
3092,3093,-3655072#14,21.0716,5.943019943019946
3094,3095,-3655072#19,14.0646,4.336182336182334
3096,3097,-3655072#7,44.21670000000001,12.299999999999999
3098,3099,-3655072#8,15.802600000000002,2.2095238095238074
3100,3101,-3655076#1,5.7805,0.8088235294117644
3102,3103,-3655078#0,9.853800000000001,1.1360887096774195
3104,3105,-3655078#2,9.9594,2.080672268907563
3106,3107,-3655080,22.488400000000002,14.67777777777778
3110,3111,-366102515#13,39.0346,15.195850540806287
3112,3113,-366102516,2.3056,0.32601797990481196
3114,3115,-366102518#1,5.313000000000001,0.398995240613432
3116,3117,-366102520#2,15.422,3.7556729264475757
3118,3119,-366137227#1,46.61800000000001,37.30920191295356
3120,3121,-3661678#5,23.276000000000003,8.8
3122,3123,-3661678#6,6.595600000000001,0.5636363636363637
3124,3125,-3661678#7,10.710700000000001,1.083333333333333
3126,3127,-3689660#2,22.4147,30.47272727272728
3128,3129,-3689660#3,24.191200000000002,8.944444444444443
3130,3131,-3689776#3,18.2897,4.266666666666668
3132,3133,-3689777,14.161400000000002,2.099999999999999
3134,3135,-3689778#1,2.8633000000000006,0.40000000000000013
3136,3137,-3689778#2,7.801200000000001,0.30000000000000004
3142,3143,-3689781,10.290500000000002,1.1524064171123007
3144,3145,-3689782#2,22.355300000000003,9.700000000000003
3148,3149,-3689881#1,7.771500000000001,0.7000000000000002
3150,3151,-3689882,6.6671000000000005,0.30000000000000004
3156,3157,-3692212#2,8.511800000000001,0.21428571428571438
3158,3159,-3693729#1,5.4582,0.7999999999999998
3160,3161,-3693729#4,10.6469,2.2666666666666684
3164,3165,-3693731#2,30.1598,7.019762845849801
3166,3167,-3693731#4,29.058700000000005,7.730769230769233
3170,3171,-3701102#5,9.207,1.2987012987012985
3172,3173,-37018082#1,11.3289,1.1428571428571437
3176,3177,-37018139#0,11.5896,2.3333333333333375
3182,3183,-37018150#3,13.900700000000002,7.489361702127654
3184,3185,-37018549#1,36.7466,13.75
3186,3187,-37018549#6,32.296,11.700000000000001
3188,3189,-3709038#3,27.064400000000003,13.93589743589744
3192,3193,-371609622#1,28.032400000000003,11.894957983193276
3194,3195,-371609624#0,10.527000000000001,1.5816696914700543
3196,3197,-371609624#12,18.7572,5.186234817813766
3198,3199,-371609624#17,6.7903,0.20000000000000018
3200,3201,-371609624#8,10.4115,2.483130904183536
3202,3203,-37253337#0,14.517800000000001,10.828947368421055
3204,3205,-37253337#4,25.2648,13.95555555555556
3208,3209,-37253348#3,27.737600000000004,18.95538461538463
3212,3213,-37299313#5,10.498400000000002,3.7342105263157888
3214,3215,-3732656,11.298100000000002,1.8404558404558409
3216,3217,-3732685#2,36.513400000000004,12.800000000000002
3218,3219,-373269563#1,16.2448,1.7333333333333334
3220,3221,-373269567#2,11.7832,0.7
3224,3225,-3732706#1,41.4326,29.494444444444454
3226,3227,-3732737#0,10.635900000000001,2.1999999999999993
3230,3231,-3732784,13.960100000000002,2.0
3232,3233,-3732880#5,32.2894,12.299999999999997
3234,3235,-3732947#1,9.6294,0.5
3238,3239,-3733064,10.159600000000001,0.2999999999999998
3240,3241,-3747321,15.703600000000002,4.299999999999999
3242,3243,-374909783#2,1.859,0.30819209039548023
3244,3245,-3753328#13,26.2548,10.766666666666667
3246,3247,-375792027#5,14.069,2.7668825161887156
3248,3249,-37640569#1,9.3148,2.2538461538461543
3250,3251,-37640569#3,13.2528,3.7553846153846164
3252,3253,-37640569#4,9.660200000000001,1.9261538461538472
3254,3255,-37640569#7,11.5687,2.904615384615383
3256,3257,-37642925#4,18.0213,5.299999999999999
3258,3259,-37642925#9,23.777600000000003,8.166666666666663
3262,3263,-37665849#2,5.6078,37.330268332176736
3264,3265,-37739521#5,15.9016,5.344444444444445
3268,3269,-37768220#1,12.444300000000002,51.2
3278,3279,-37855480#4,20.3907,3.2078947368421047
3282,3283,-38273891,9.8681,16.357591740545406
3286,3287,-3846270#8,37.587,35.199999999999996
3288,3289,-3846298#3,50.35690000000001,0.0
3290,3291,-3846306#1,50.853,29.575757575757578
3292,3293,-3846337#1,10.875700000000002,1.066666666666666
3294,3295,-3846337#2,7.746200000000001,0.6500000000000002
3296,3297,-3846341#1,11.5995,2.3333333333333335
3298,3299,-3846341#3,7.3161000000000005,2.7
3300,3301,-3846341#4,10.3389,2.1640211640211637
3304,3305,-38522958,7.817700000000001,1.7368695240350476
3306,3307,-38522959#1,12.6401,2.4783105022831062
3308,3309,-38522961#6,9.109100000000002,3.1664931760351585
3310,3311,-38609704#12,32.4335,8.250000000000005
3312,3313,-38609704#18,10.7635,1.5833333333333328
3314,3315,-38609709#2,26.0392,12.219780219780223
3316,3317,-38609710#2,14.991900000000001,3.4333333333333327
3322,3323,-386516182,0.24750000000000003,0.07699742672440844
3324,3325,-386516183,0.6094,0.2520811868295795
3326,3327,-386516184#1,0.5456000000000001,0.18594346396583628
3328,3329,-386516185#5,3.2868000000000004,1.3373655584181896
3330,3331,-386516186#2,2.0405,0.2778019223259385
3332,3333,-38684265#1,9.1377,4.30408555232341
3334,3335,-38684265#3,13.773100000000001,3.5254119954617997
3336,3337,-38684265#9,27.0776,10.20747729133366
3338,3339,-387912823#5,11.805200000000001,0.48888888888888954
3340,3341,-38876178#1,25.071200000000005,9.087423746616574
3342,3343,-38876178#10,9.972600000000002,4.123271889400921
3344,3345,-38876178#2,0.8316000000000001,0.2813973259139037
3346,3347,-38876178#6,7.425000000000001,1.3359788359788363
3348,3349,-38876179#0,18.164300000000004,29.799999999999994
3350,3351,-38876179#1,11.2376,4.15126050420168
3352,3353,-38876179#10,16.379,15.466666666666669
3354,3355,-38876179#2,10.8922,0.5
3356,3357,-38876179#4,11.7491,0.7999999999999998
3358,3359,-38876179#6,23.677500000000002,3.2
3360,3361,-38876180#1,16.4483,16.322023922536534
3362,3363,-38876180#10,15.053500000000001,3.4882547078237223
3364,3365,-38876180#11,11.3674,1.8525554047942112
3366,3367,-38876180#12,2.0823,0.43361285814115996
3368,3369,-38876180#15,13.1516,1.8222222222222229
3370,3371,-38876180#3,18.0191,3.897384481255449
3372,3373,-38876180#4,2.6026000000000002,0.3995702885205649
3374,3375,-38876180#6,13.97,2.855491329479768
3376,3377,-38876180#7,14.180100000000001,3.1159740642499263
3378,3379,-39306504#1,10.1233,1.1625615763546804
3380,3381,-3931766#9,37.658500000000004,45.8
3382,3383,-3931767#12,32.1486,11.699999999999998
3384,3385,-3931767#14,17.894800000000004,11.066666666666666
3386,3387,-3931767#4,24.653200000000002,7.866666666666663
3390,3391,-3960574,8.3314,0.0
3392,3393,-3960575#14,16.2041,4.606060606060605
3394,3395,-3960575#21,24.033900000000003,7.985294117647056
3396,3397,-3960575#22,2.5047,0.4940711462450592
3398,3399,-3960575#5,22.1936,8.931818181818182
3400,3401,-3960575#8,2.3001000000000005,0.6666666666666664
3408,3409,-3960690#1,8.525,0.9333333333333338
3410,3411,-3960691#0,8.5844,0.8106060606060602
3412,3413,-3960691#1,8.5767,0.0
3414,3415,-3960692#2,12.32,18.3
3416,3417,-3960693#0,2.6488,0.3280632411067193
3418,3419,-3960693#10,16.4813,6.173913043478263
3420,3421,-3960693#11,2.0878,0.30499325236167335
3422,3423,-3960693#14,22.004400000000004,16.590643274853804
3424,3425,-3960693#3,21.0298,9.776666666666666
3426,3427,-3960694#0,22.4466,5.611111111111111
3428,3429,-3960694#2,16.332800000000002,5.955555555555557
3430,3431,-3960694#3,2.1791000000000005,0.23333333333333328
3432,3433,-3960694#4,23.4278,6.971428571428571
3434,3435,-3960695,17.1457,1.6923076923076923
3436,3437,-3960862#0,13.156000000000002,3.6952380952380954
3438,3439,-3960862#1,7.608700000000001,0.0
3440,3441,-3960862#2,7.9244,0.4
3444,3445,-3979002#0,12.008700000000001,3.1400000000000006
3446,3447,-3979002#1,8.201600000000001,1.1222222222222218
3450,3451,-3979003#0,24.422200000000004,7.377777777777778
3452,3453,-3979003#1,9.486400000000001,1.4736842105263157
3462,3463,-3979006#1,6.825500000000001,0.9476190476190476
3464,3465,-3979006#2,8.423800000000002,1.5000000000000002
3470,3471,-3979008,22.623700000000003,14.299999999999999
3474,3475,-3979010#1,12.3398,3.4285714285714284
3476,3477,-3979010#3,6.062100000000001,0.5157894736842107
3478,3479,-3979011#1,16.494500000000002,4.221052631578948
3480,3481,-3986114#0,11.863500000000002,4.5
3482,3483,-3986114#2,11.66,0.8444444444444446
3486,3487,-3986114#5,14.5442,1.3777777777777764
3490,3491,-3986115#1,20.124500000000005,3.2229885057471264
3492,3493,-3986116#0,19.000300000000003,4.611111111111111
3494,3495,-3986116#1,17.981700000000004,3.211111111111111
3496,3497,-3986117#1,18.0213,4.800000000000002
3500,3501,-3986119,10.231100000000001,0.8611111111111114
3502,3503,-3986698,40.5625,17.090909090909093
3504,3505,-3994235#3,28.158900000000003,12.123809523809525
3506,3507,-3994239#0,19.8792,4.455555555555556
3510,3511,-3994239#2,4.4990000000000006,0.26470588235294135
3512,3513,-3994239#3,2.4816,0.9696969696969695
3514,3515,-3994239#4,7.516300000000001,0.0
3518,3519,-3994239#6,5.7453,0.29999999999999993
3520,3521,-3994240#0,13.724700000000002,2.761904761904762
3522,3523,-3994240#1,4.229500000000001,0.25000000000000017
3524,3525,-3994240#2,22.973500000000005,9.0
3526,3527,-3994241,19.945200000000003,4.131868131868133
3528,3529,-3994242#0,16.7849,1.6938405797101452
3532,3533,-3994243#0,6.747400000000001,0.872727272727273
3534,3535,-3994243#1,10.5149,0.2999999999999998
3536,3537,-3994243#4,13.0702,1.4184210526315788
3538,3539,-3994245,19.6933,7.730769230769231
3540,3541,-3994246#2,7.1412,0.9743589743589741
3542,3543,-3994246#3,8.957300000000002,4.333333333333334
3546,3547,-3994246#5,14.279100000000001,5.699999999999999
3548,3549,-3994246#7,28.290900000000004,14.916666666666663
3550,3551,-3994246#8,6.975100000000001,1.5833333333333328
3552,3553,-3994250#6,15.713500000000002,2.9358974358974343
3554,3555,-3994254,15.687100000000001,2.1142857142857143
3556,3557,-3996182#1,15.0304,2.3
3558,3559,-3996183#1,8.901200000000001,1.9999999999999996
3560,3561,-3996183#3,17.8552,3.316666666666664
3562,3563,-3996991,0.0176,0.26666666666666666
3566,3567,-4000002#2,2.8644000000000003,0.2666666666666667
3568,3569,-4003710#1,3.3154,8.878160919540232
3572,3573,-4005487#1,22.5522,5.155555555555557
3574,3575,-4005487#8,32.239900000000006,2.666666666666668
3576,3577,-4005488#10,16.8113,4.3
3578,3579,-4005488#6,21.3917,3.999999999999999
3580,3581,-4005488#8,32.182700000000004,7.974358974358977
3582,3583,-4005489#2,20.341200000000004,3.7032258064516115
3584,3585,-4005489#3,32.4082,7.583333333333331
3586,3587,-4005489#5,13.3529,3.066666666666667
3588,3589,-4005490#0,11.66,1.3625730994152037
3590,3591,-4005490#1,10.6227,13.97992397244001
3592,3593,-4005490#10,21.750300000000003,5.621612466124661
3594,3595,-4005490#2,14.229600000000001,1.3769521843825252
3596,3597,-4005490#4,9.3192,5.510298102981025
3598,3599,-4005491#0,8.3963,1.3333333333333337
3600,3601,-4005491#1,9.736100000000002,5.257352941176471
3602,3603,-4005492#0,8.9694,1.5026315789473688
3604,3605,-4005492#1,8.6823,1.0
3606,3607,-4005492#2,11.104500000000002,2.1157894736842104
3608,3609,-4005493,13.586100000000002,0.0
3610,3611,-4005494#13,9.7416,0.0
3612,3613,-4005494#16,16.192000000000004,0.7999999999999992
3614,3615,-4005494#2,8.5184,1.3809523809523803
3618,3619,-4005494#7,8.6152,0.875
3620,3621,-4005494#8,8.759300000000001,0.9047619047619051
3622,3623,-4005495,16.0303,4.192307692307692
3624,3625,-4005496,14.0998,2.1777777777777767
3626,3627,-4005497#1,14.621200000000002,1.2999999999999998
3628,3629,-4005499#2,15.425300000000002,3.7608695652173907
3630,3631,-4005500#1,20.7009,6.840677966101696
3632,3633,-4005500#3,29.495400000000004,10.010975609756098
3634,3635,-4061607#3,8.680100000000001,1.5579710144927537
3636,3637,-4061607#7,20.5887,6.591133004926107
3638,3639,-4061622,0.026400000000000003,0.25236167341430504
3642,3643,-4068433#1,8.192800000000002,0.20000000000000018
3646,3647,-4068434#2,35.9854,6.8
3650,3651,-4068435#4,26.6365,82.8
3652,3653,-4073022,4.059,133.42795482572873
3654,3655,-4073031#1,4.0623000000000005,49.4032258064516
3656,3657,-40742406#3,13.8325,1.6999999999999997
3666,3667,-4074424#1,15.450600000000001,2.5
3668,3669,-4074424#3,9.296100000000001,0.8999999999999999
3672,3673,-4076473#0,19.0102,7.393753200204809
3674,3675,-4076473#1,9.4743,1.5666666666666669
3676,3677,-4076474#0,12.060400000000001,3.549152542372881
3678,3679,-4076474#3,11.825000000000001,2.9396078431372548
3680,3681,-4076474#4,13.0592,5.523684210526315
3682,3683,-4076475#1,18.867200000000004,0.5714285714285718
3684,3685,-4076476#1,3.7752000000000003,0.643925366756872
3686,3687,-4076476#18,28.1809,8.618253968253967
3688,3689,-4076476#3,13.307800000000002,1.8946236559139789
3690,3691,-4076476#8,12.0978,1.4431216931216937
3694,3695,-4076479#13,30.308300000000003,10.0
3696,3697,-4076482#1,1.4861000000000002,0.3233333333333334
3698,3699,-4076483,6.884900000000001,0.32222222222222263
3704,3705,-4076496#1,13.0669,2.441176470588236
3706,3707,-4076496#12,17.5131,0.26666666666666633
3708,3709,-4076496#3,5.014900000000001,0.5619047619047618
3710,3711,-4076503#2,5.8894,0.8000000000000003
3712,3713,-4076551#1,9.161900000000001,102.84874973880342
3714,3715,-4076563#14,13.526700000000002,1.4666666666666661
3716,3717,-4076563#21,18.218200000000003,4.3919540229885055
3726,3727,-4076566#5,32.001200000000004,3.500000000000001
3732,3733,-4080255#6,12.7996,68.93369249173851
3734,3735,-4082054#13,11.0715,1.9281628917867764
3736,3737,-4082054#9,21.1717,6.250495049504951
3740,3741,-4083291#3,12.232,8.0
3742,3743,-4083292#1,9.7394,2.0
3744,3745,-4083293#3,23.3398,4.3
3746,3747,-4083293#8,15.651900000000001,4.57142857142857
3748,3749,-4083300,16.277800000000003,4.700000000000001
3752,3753,-4083305#19,34.4806,16.273001508295618
3756,3757,-41532482,59.9643,46.71380471380472
3758,3759,-41821146#1,5.4747,1.3
3760,3761,-41821147#2,7.805600000000001,2.2095238095238097
3764,3765,-421117035,0.026400000000000003,0.2651515151515152
3766,3767,-42150868#1,1.2287000000000001,36.57603686635945
3768,3769,-42150869,0.8998,0.30678812812224504
3770,3771,-42150870#10,6.583500000000001,1.075157773952954
3772,3773,-42150870#14,6.6055,0.8186068256194483
3774,3775,-42150870#16,11.052800000000001,1.8758678729223641
3776,3777,-42150870#2,8.052000000000001,0.8542644757433492
3778,3779,-42150870#4,5.6595,1.435260463715748
3780,3781,-42150870#7,3.4276000000000004,0.5653568564554933
3782,3783,-42150872#1,12.9052,2.3740122914837585
3784,3785,-42150873#7,12.4212,3.096830985915491
3788,3789,-4228620#3,25.2615,3.388888888888888
3792,3793,-4228623#1,27.222800000000003,9.700000000000001
3794,3795,-4228624#0,8.872600000000002,0.0
3800,3801,-4228627#0,5.3867,0.5
3802,3803,-4228627#1,9.1355,1.1666666666666667
3804,3805,-4228628#15,13.9909,2.027472527472528
3806,3807,-4228628#16,12.224300000000001,2.3144360023378137
3808,3809,-4228628#18,5.811300000000001,1.7049319727891168
3810,3811,-4228628#2,7.1797,2.3
3812,3813,-4228628#5,7.256700000000001,1.5833333333333328
3814,3815,-4228628#8,6.5263,0.9166666666666666
3818,3819,-4228633#1,45.8909,65.3
3822,3823,-4228637#1,14.7796,0.0
3826,3827,-4228898#15,23.346400000000003,4.8999999999999995
3830,3831,-4228902#1,7.7319,1.3523809523809531
3832,3833,-4228904#0,6.468,0.09999999999999992
3834,3835,-4228904#1,2.0669,0.45714285714285735
3836,3837,-4228904#3,4.965400000000001,0.9000000000000001
3838,3839,-4228904#4,2.8072000000000004,0.39999999999999974
3840,3841,-4228906#3,20.986900000000002,2.0
3844,3845,-4228914,4.491300000000001,0.2
3846,3847,-4228924#1,2.4596000000000005,3.9480769230769237
3848,3849,-4228924#3,10.8141,1.9643678160919553
3850,3851,-4228926#0,6.6583000000000006,1.1043956043956042
3852,3853,-4228926#2,11.363000000000001,4.730942452043371
3854,3855,-4228940#2,27.8795,67.66666666666667
3856,3857,-4228941#2,6.1644000000000005,0.43873517786561284
3858,3859,-4228947,1.2584,0.08658008658008656
3860,3861,-4228952#2,2.2275,0.27388316151202746
3864,3865,-4228986#1,31.322500000000005,26.204440333024976
3866,3867,-4228986#7,93.36580000000001,99.39037433155083
3872,3873,-4228988#6,163.1003,588.7
3876,3877,-4229042#17,51.865,56.3
3878,3879,-4229043#16,46.582800000000006,29.70000000000001
3880,3881,-4229044#2,41.041000000000004,0.0
3886,3887,-4229077#2,6.835400000000001,0.7
3888,3889,-4229686#1,3.3913000000000006,1.4952380952380953
3890,3891,-4229686#3,32.4258,26.799999999999997
3892,3893,-4230954,1.4014000000000002,0.16263729366723162
3894,3895,-4231195#11,3.4969,0.47677762286511005
3896,3897,-4231195#14,3.6916,0.9212188777406166
3898,3899,-4231195#3,4.607900000000001,47.106183198481695
3900,3901,-4231195#7,4.5628,0.5658174097664538
3902,3903,-42376205#8,22.6446,9.71
3904,3905,-42506321#2,13.6389,2.6285714285714286
3906,3907,-42506322#1,22.2299,5.023259623259623
3908,3909,-4256770#1,33.3091,39.3152709359606
3910,3911,-4256770#4,58.007400000000004,63.86029411764706
3916,3917,-4268724#1,11.8547,1.1000000000000003
3918,3919,-4268724#4,23.464100000000002,0.0
3920,3921,-4268725#0,8.046500000000002,1.3777777777777773
3922,3923,-4268725#1,6.427300000000001,0.7111111111111114
3926,3927,-4268727#0,10.5182,2.0505747126436775
3928,3929,-4268727#1,10.3543,2.2988505747126435
3930,3931,-4268727#3,9.3478,1.870588235294116
3932,3933,-4268732#2,9.919800000000002,39.43790849673202
3934,3935,-4268732#3,10.624900000000002,8.0
3938,3939,-4268745#2,2.3199,0.38095238095238093
3942,3943,-4268941#1,1.5081000000000002,0.3792689579923624
3944,3945,-4268943#1,41.981500000000004,21.63809523809525
3948,3949,-4287765#6,23.844700000000003,7.205042016806723
3950,3951,-4288235#3,18.3755,6.569842738205369
3952,3953,-4288235#5,13.6796,4.187202538339503
3958,3959,-4291898#4,30.2456,6.700000000000001
3962,3963,-4291901#4,59.2339,95.00000000000001
3964,3965,-4300404#1,10.469800000000001,0.5
3968,3969,-4300404#9,8.2225,3.200000000000002
3978,3979,-4300423,27.789300000000004,13.729166666666668
3980,3981,-4300425#0,8.4876,7.936842105263159
3982,3983,-4300425#2,6.2403,3.5657894736842106
3984,3985,-4300425#3,12.6896,5.250000000000001
3986,3987,-4300430#2,29.434900000000003,26.333333333333336
3988,3989,-4300450#6,14.686100000000001,15.565614035087725
3990,3991,-4300452#1,9.243300000000001,3.611111111111111
3992,3993,-4300453#3,39.4493,33.3
3994,3995,-4300453#5,2.5564,0.6947368421052631
3998,3999,-4300455,9.895600000000002,4.299999999999999
4000,4001,-4300456#3,11.242,2.6584615384615393
4004,4005,-4300496#2,39.6946,162.3
4006,4007,-4300496#3,16.017100000000003,15.0
4008,4009,-4300496#4,31.040900000000004,41.066666666666656
4010,4011,-4300497,9.300500000000001,1.771264367816092
4012,4013,-4300498#0,19.448,29.58947368421052
4014,4015,-4300498#1,2.7698,26.01111111111111
4016,4017,-4300500#0,14.775200000000002,3.3333333333333366
4020,4021,-4300502#1,8.907800000000002,1.52102102102102
4022,4023,-4300504#0,28.9201,15.699999999999996
4024,4025,-4300504#3,20.939600000000002,8.933333333333332
4026,4027,-4300505#0,0.0792,5.326315789473685
4028,4029,-4300505#1,10.153,1.6999999999999997
4030,4031,-4300506#1,23.9426,7.5
4032,4033,-4300927#0,11.795300000000001,26.27777777777778
4036,4037,-4300928,1.3453000000000002,10.84065934065934
4038,4039,-4300930#0,12.503700000000002,3.4666666666666663
4040,4041,-4300930#1,16.385600000000004,10.209523809523807
4042,4043,-4300930#2,2.706,12.809999999999997
4044,4045,-4300930#4,29.0191,15.609195402298845
4046,4047,-4300931,9.7812,2.3
4048,4049,-4300932#0,7.323800000000001,0.8
4054,4055,-4300934#1,7.833100000000001,1.8421052631578947
4056,4057,-4300934#3,9.318100000000001,2.2046783625730995
4058,4059,-4300935#1,4.888400000000001,0.7532467532467532
4060,4061,-4300935#2,6.428400000000001,2.227272727272728
4064,4065,-4300936#1,1.6885000000000001,0.0
4066,4067,-4300936#2,3.6685000000000003,2.3
4070,4071,-4300937#1,5.777200000000001,0.0
4072,4073,-4300937#3,10.264100000000001,1.2999999999999994
4074,4075,-4300943#0,5.3262,3.410714285714285
4076,4077,-4300943#2,10.9725,4.8235294117647065
4080,4081,-4300945#0,0.7084,18.696428571428573
4084,4085,-4300946#0,0.36410000000000003,0.5
4086,4087,-4300946#1,6.4383,0.30000000000000004
4088,4089,-4307723,12.540000000000001,2.093791789394561
4090,4091,-4313310#8,18.964,6.447580645161288
4094,4095,-4313346#11,19.257700000000003,6.78957928015564
4096,4097,-4313346#8,18.0213,7.738326693227094
4102,4103,-4350121#5,18.5229,6.028571428571423
4104,4105,-4350121#6,7.902400000000001,0.6933333333333337
4106,4107,-4350122#3,41.4117,33.23809523809524
4110,4111,-4350124#4,16.060000000000002,4.857142857142857
4118,4119,-4350128#1,4.6948,1.0666666666666669
4120,4121,-4350128#2,2.7753000000000005,0.8888888888888888
4122,4123,-4350132#2,30.497500000000002,3.8666666666666645
4124,4125,-43558218#2,36.064600000000006,14.485294117647054
4126,4127,-43558218#4,15.736600000000001,2.7000000000000006
4130,4131,-43558219,8.7857,1.4489795918367336
4140,4141,-4391188,16.1667,3.0000000000000004
4144,4145,-4391195#1,8.369900000000001,1.5236842105263158
4146,4147,-4391195#7,19.0146,8.050000000000004
4152,4153,-4391199#1,13.239600000000001,0.6999999999999997
4154,4155,-4391199#2,9.0871,0.5000000000000002
4156,4157,-4391200#1,7.181900000000001,0.5000000000000001
4158,4159,-4391200#3,15.7674,1.6666666666666676
4164,4165,-4391203,4.0689,0.9523809523809523
4166,4167,-4391204#1,14.4441,0.933333333333334
4170,4171,-4391205#1,1.6522000000000001,0.0
4172,4173,-4391205#2,3.6839000000000004,0.8000000000000002
4174,4175,-4391205#4,8.8264,2.6666666666666665
4176,4177,-4391206,14.614600000000001,0.9333333333333331
4178,4179,-4391207,14.044800000000002,2.3
4180,4181,-4391208#1,11.590700000000002,1.9999999999999991
4184,4185,-4391209,7.812200000000001,1.0
4186,4187,-4391211#0,7.475600000000001,1.0264550264550265
4188,4189,-4391211#1,3.1603000000000003,0.43873517786561284
4190,4191,-4391211#2,2.0262000000000002,0.5261437908496732
4192,4193,-4391212#2,38.633100000000006,22.025603864734297
4194,4195,-4391213#1,3.3946,0.39538461538461533
4196,4197,-4391214,18.5482,5.743589743589745
4198,4199,-4391215#1,20.1311,6.643790849673205
4200,4201,-4391216#0,9.610700000000001,1.1231884057971013
4202,4203,-4391216#1,8.7142,0.23333333333333353
4208,4209,-4391219#0,10.0463,1.7999999999999998
4210,4211,-4391219#2,12.249600000000001,3.6999999999999993
4212,4213,-4391221#0,16.0589,4.861111111111107
4216,4217,-4426247,15.962100000000001,2.6380952380952394
4218,4219,-4426293,1.8348,0.25000000000000006
4222,4223,-4432946#0,2.8149000000000006,0.19999999999999996
4224,4225,-4432946#1,4.598,0.6421052631578946
4228,4229,-4432948#0,2.7533000000000003,0.30000000000000004
4232,4233,-4432949#2,7.0455000000000005,2.2999999999999994
4234,4235,-4432949#3,2.7225,0.4999999999999996
4236,4237,-4432949#5,6.3998,0.5
4238,4239,-4432950#2,21.4951,4.25
4240,4241,-4432951#0,5.0798000000000005,0.2066666666666667
4244,4245,-4432952#0,6.740800000000001,1.2000000000000002
4246,4247,-4432952#2,6.6000000000000005,0.8289473684210529
4248,4249,-4432952#4,13.6796,2.4210526315789465
4250,4251,-4432952#6,10.699700000000002,1.6289473684210527
4252,4253,-4432952#9,22.6523,4.621052631578947
4254,4255,-4434009#4,9.6195,1.1684210526315792
4256,4257,-4434009#9,20.616200000000003,5.650362318840577
4260,4261,-4434031#10,20.832900000000002,3.820689655172417
4262,4263,-4434031#2,13.770900000000001,25.98214285714286
4264,4265,-4434031#3,3.2483,0.6190476190476191
4266,4267,-4434031#8,13.838000000000001,2.224798387096774
4268,4269,-4434046#1,5.1007,0.7000000000000002
4270,4271,-4434046#4,36.05030000000001,0.5
4272,4273,-4434047#5,49.5275,48.199999999999996
4276,4277,-4434054#1,3.0547000000000004,4.5
4278,4279,-4434056#0,17.3866,5.809523809523809
4282,4283,-4435387,8.6592,1.4999999999999996
4284,4285,-4435388#11,29.896900000000002,17.87777777777778
4286,4287,-4435389#13,28.547200000000004,6.982456140350875
4290,4291,-4435389#7,5.7805,0.30000000000000004
4292,4293,-4435389#8,3.4188000000000005,0.39999999999999997
4294,4295,-4435391#0,10.0309,0.6222222222222223
4296,4297,-4435391#1,9.3797,0.2999999999999998
4298,4299,-4435391#4,11.4488,0.566666666666667
4300,4301,-4435392#0,12.761100000000003,2.544444444444444
4302,4303,-4435392#2,19.224700000000002,3.397435897435898
4306,4307,-4435393#1,6.8695,0.7428571428571428
4314,4315,-4435394#6,16.2965,21.583333333333332
4318,4319,-4435395#1,15.873000000000001,1.8
4320,4321,-4435396#1,2.1989,1.217508417508418
4322,4323,-4435396#3,10.7481,1.427272727272728
4326,4327,-4435400,12.6401,2.457142857142857
4332,4333,-4435407,35.95680000000001,7.066666666666666
4334,4335,-4435409,11.7491,0.7
4336,4337,-4435410#0,6.757300000000001,0.0
4340,4341,-4435411#0,12.2144,1.7142857142857142
4342,4343,-4435411#2,5.7090000000000005,0.5
4346,4347,-4435413#0,10.1937,1.7666666666666662
4348,4349,-4435413#1,10.7437,2.2666666666666666
4350,4351,-4435432#2,34.230900000000005,13.299999999999999
4354,4355,-4438150#10,12.433300000000003,1.2566666666666666
4356,4357,-4438150#5,20.031000000000002,47.40952380952381
4358,4359,-4438150#6,5.8883,0.20000000000000007
4360,4361,-4438153#2,51.220400000000005,0.0
4362,4363,-4438158,18.352400000000003,2.7999999999999994
4364,4365,-4438159#0,4.488,0.5246153846153845
4368,4369,-4438160,16.324,1.4952380952380968
4372,4373,-4438162#1,7.5086,0.5428571428571433
4374,4375,-4438162#2,3.3803,0.0
4378,4379,-4438168#1,9.0717,0.9166666666666665
4380,4381,-4438168#2,9.1465,1.3777777777777782
4382,4383,-4438168#4,8.1279,0.9052631578947367
4386,4387,-4438177#1,18.924400000000002,9.788888888888886
4388,4389,-4438177#3,10.3741,4.68157894736842
4390,4391,-4438179,11.353100000000001,1.1428571428571435
4394,4395,-4438181#1,2.9205,0.5444444444444445
4396,4397,-4438181#2,18.087300000000003,5.695238095238095
4398,4399,-4438181#4,3.6685000000000003,1.3142857142857138
4400,4401,-4438183#1,20.498500000000003,5.0
4404,4405,-4446643#2,18.825400000000002,2.5000000000000013
4406,4407,-4446664#3,31.897800000000004,22.800000000000004
4408,4409,-4446930#5,9.8626,1.7840136054421771
4410,4411,-4446930#9,18.581200000000003,7.298780487804878
4412,4413,-4446933#0,12.835900000000002,0.2999999999999998
4414,4415,-4446933#2,9.970400000000001,0.17777777777777787
4416,4417,-4446936,0.026400000000000003,0.0
4418,4419,-4446938#1,26.7344,2.8444444444444463
4420,4421,-4446938#3,12.018600000000001,0.7000000000000002
4422,4423,-4446941#1,5.219500000000001,0.7
4434,4435,-45033879#1,2.9865,0.9444444444444444
4436,4437,-45667818,16.593500000000002,3.9447368421052618
4438,4439,-464786789#1,11.884400000000001,1.9116833736605612
4452,4453,-472367993,8.1235,1.0
4454,4455,-474008060,28.936600000000002,18.299999999999997
4456,4457,-4825286#3,12.738000000000001,3.2888888888888896
4458,4459,-4827199#0,6.0962000000000005,4.303007722530821
4460,4461,-4827199#1,6.079700000000001,1.3021680216802165
4462,4463,-4863242#2,1.9217000000000002,0.2777777777777778
4464,4465,-48653218,2.1978,0.5211461046649302
4470,4471,-488244956#1,16.838800000000003,2.2333333333333325
4474,4475,-4887315#3,9.267500000000002,1.4211822660098525
4476,4477,-4887315#6,8.0806,1.5080213903743311
4480,4481,-4887449#5,12.461900000000002,0.0
4482,4483,-4887454#0,6.795800000000001,1.1555555555555554
4486,4487,-4887454#3,6.2205,0.0
4488,4489,-4887469#4,29.7264,6.566666666666667
4490,4491,-4890655#1,6.0027,0.19999999999999996
4492,4493,-4890655#10,10.506100000000002,1.6380952380952392
4494,4495,-4890655#13,32.12220000000001,12.365789473684206
4496,4497,-4890655#3,19.8121,6.695238095238095
4498,4499,-4890655#5,10.6392,1.5428571428571423
4500,4501,-4890750#13,17.105,5.200000000000002
4502,4503,-4890750#17,8.5063,0.7999999999999999
4504,4505,-4890750#5,15.335100000000002,4.277777777777779
4510,4511,-4890764#2,7.010300000000001,1.3976608187134503
4512,4513,-4890764#5,15.426400000000001,3.999999999999999
4514,4515,-4890924#2,6.5494,0.5
4516,4517,-4890924#7,10.573200000000002,1.777777777777779
4520,4521,-4890940#5,8.8,1.441176470588235
4522,4523,-4890977#5,14.895100000000001,1.1999999999999993
4524,4525,-4890985#5,20.9583,14.800000000000002
4528,4529,-4891063#1,0.41250000000000003,0.7435897435897436
4530,4531,-4891065#0,12.8975,1.7
4532,4533,-4891065#1,2.1615,0.39999999999999997
4534,4535,-4891077#3,3.6234,0.6153846153846153
4536,4537,-4891077#5,10.4709,3.384615384615384
4538,4539,-4891091#10,3.9677000000000007,0.0
4542,4543,-48920011#1,8.8396,4.685714285714286
4544,4545,-48920011#2,3.0173,0.6000000000000002
4546,4547,-48920011#3,5.0721,0.5714285714285715
4548,4549,-48920012#0,2.7357000000000005,0.23809523809523805
4550,4551,-48920012#2,8.7527,0.9666666666666657
4556,4557,-49014483#2,10.7118,1.5172413793103459
4558,4559,-49014485,1.2661000000000002,0.26877470355731237
4562,4563,-49073480#1,1.5719,45.53616293143025
4564,4565,-4913264#6,112.20440000000002,388.8444444444444
4566,4567,-4913450#2,10.566600000000001,0.9444444444444442
4574,4575,-4919532#1,4.323,1.0000000000000002
4576,4577,-4919532#33,99.4389,89.28571428571428
4578,4579,-4919533#16,62.44370000000001,42.478160919540244
4580,4581,-4919534#3,6.0489,3.285714285714286
4584,4585,-4920889#2,1.8887000000000003,0.36363636363636365
4586,4587,-4920889#5,33.4675,13.010000000000003
4596,4597,-4920913,0.026400000000000003,0.23188405797101452
4598,4599,-4921075#1,13.036100000000001,1.8777777777777775
4600,4601,-4921197#11,25.8522,4.333333333333333
4602,4603,-4921197#18,16.8729,4.854545454545457
4604,4605,-4921199,20.9935,3.8222222222222237
4606,4607,-49302413#1,8.907800000000002,2.400116144018583
4608,4609,-49302413#2,9.5315,2.162195121951219
4610,4611,-49302974#1,5.7596,1.4753694581280787
4612,4613,-49302974#3,8.943000000000001,1.4991596638655464
4616,4617,-4931717#3,10.7437,1.2999999999999994
4618,4619,-494444399#2,4.2746,3.78884234367956
4620,4621,-494444404#1,3.9204000000000003,1.0985971668271228
4622,4623,-4944884#6,15.808100000000001,2.527777777777778
4624,4625,-4944901,1.8678000000000001,0.4091954022988506
4626,4627,-4944907#2,17.3349,4.265120967741934
4628,4629,-4944907#4,13.7544,2.485739750445633
4630,4631,-4944938,19.7153,6.199999999999999
4634,4635,-4945011#6,11.729300000000002,3.3905878355419654
4638,4639,-4945020#4,70.62660000000001,12.300000000000008
4640,4641,-4945020#6,25.463900000000002,3.7000000000000037
4642,4643,-4945020#7,19.454600000000003,8.044444444444446
4646,4647,-4945030#6,10.7371,2.988888888888889
4648,4649,-4945094#4,6.419600000000001,36.571556550951854
4650,4651,-4948412#2,9.0332,1.0766488413547237
4652,4653,-4948412#5,8.2379,0.6081871345029245
4654,4655,-4948412#9,48.71790000000001,13.777777777777779
4656,4657,-4948413#2,40.1467,28.090476190476192
4658,4659,-4948420#0,3.5728000000000004,0.20000000000000007
4662,4663,-4953842#3,13.173600000000002,3.067816091954023
4664,4665,-4953842#8,12.433300000000003,0.5444444444444443
4666,4667,-4953894#8,27.995,11.090322580645156
4668,4669,-4953945#3,3.9446000000000003,2.76578947368421
4670,4671,-4954089#13,51.6076,35.2
4672,4673,-4954113#11,39.29090000000001,28.8731182795699
4674,4675,-4954113#2,14.633300000000002,3.884210526315792
4676,4677,-4954113#3,2.4904,0.2426470588235294
4678,4679,-4954113#8,12.576300000000002,3.94871794871795
4680,4681,-4954130#13,21.0914,0.30000000000000027
4684,4685,-4954152#1,7.826500000000001,0.6380952380952379
4686,4687,-4954153#2,20.413800000000002,5.410714285714286
4688,4689,-4954164#1,19.035500000000003,4.479166666666664
4690,4691,-4954167#1,6.091800000000001,2.8
4692,4693,-4954167#3,6.1699,0.6060606060606063
4696,4697,-4955087#1,20.5315,10.090909090909093
4702,4703,-4955183#1,33.5852,2.5000000000000013
4704,4705,-4955183#12,30.621800000000004,14.222222222222218
4708,4709,-4955183#9,50.446000000000005,63.7
4710,4711,-4955184#12,20.4864,4.7827260458839405
4712,4713,-4955184#4,14.221900000000002,19.61490196078431
4714,4715,-4955205#2,15.4792,1.300000000000001
4716,4717,-4955205#8,15.878500000000003,1.7000000000000002
4718,4719,-4955218,2.7621,0.8
4720,4721,-4955222,8.933100000000001,0.8000000000000002
4722,4723,-4955226#0,3.9567,0.9241379310344829
4724,4725,-4955226#1,8.4931,0.7111111111111111
4728,4729,-4955226#3,16.676000000000002,6.766666666666666
4730,4731,-4955226#4,14.021700000000001,3.2095238095238092
4734,4735,-4955248#2,8.662500000000001,1.3
4736,4737,-4955248#3,7.958500000000001,0.5
4738,4739,-4955248#4,8.8858,1.3974358974358978
4740,4741,-4955248#5,11.1661,1.2095238095238092
4742,4743,-4955257#1,9.8582,1.5999999999999996
4744,4745,-4955257#3,4.1866,0.5
4746,4747,-4955278#0,29.598800000000004,13.5
4750,4751,-4955328#1,5.140300000000001,1.3333333333333344
4752,4753,-4955328#5,20.746000000000002,14.222222222222225
4754,4755,-4955342#10,26.334000000000003,8.668188736681891
4756,4757,-4955342#14,13.491500000000002,2.0057471264367814
4758,4759,-4955342#15,7.220400000000001,0.9809523809523808
4762,4763,-4955388#16,26.206400000000002,7.199999999999999
4764,4765,-4955388#2,39.564800000000005,36.699999999999996
4766,4767,-4955388#3,39.7507,84.5
4772,4773,-4956972#0,12.191300000000002,0.7999999999999998
4778,4779,-4957002#1,12.089,2.0
4788,4789,-496156855#1,10.375200000000001,7.300000000000001
4790,4791,-4962257#0,23.191300000000002,24.988888888888894
4792,4793,-4962257#1,0.0792,0.0
4798,4799,-4968452#1,7.990400000000001,1.154022988505747
4800,4801,-4968471,15.0722,5.799999999999999
4802,4803,-4968472#2,14.722400000000002,1.1555555555555557
4806,4807,-4968532#0,1.7611,0.3578947368421054
4814,4815,-4968721#0,11.578600000000002,3.4945054945054954
4816,4817,-4968721#5,11.499400000000001,4.027472527472527
4820,4821,-49712177#6,14.781800000000002,2.6712041884816755
4824,4825,-4972205#3,11.8404,3.4999999999999996
4828,4829,-4972263#7,12.3167,3.2
4830,4831,-4972265#1,14.4067,4.4499999999999975
4832,4833,-4972276#0,3.3704000000000005,0.25000000000000006
4834,4835,-4972276#2,7.0433,1.0277777777777775
4836,4837,-4972277,17.3701,6.666666666666667
4838,4839,-4972294#10,12.068100000000001,2.0
4844,4845,-4972294#8,10.6491,2.0000000000000004
4848,4849,-4972298#0,6.2315000000000005,0.16666666666666669
4856,4857,-4972299#2,7.6153,0.9624999999999999
4858,4859,-4972321#12,35.4189,15.980952380952386
4860,4861,-4972329#8,35.17250000000001,6.699999999999996
4862,4863,-4972332#10,34.5653,2.500000000000002
4864,4865,-4972345#4,42.031000000000006,7.299999999999999
4868,4869,-4972398#4,9.655800000000001,3.0666666666666664
4872,4873,-4972519#12,14.201,5.333333333333332
4880,4881,-4972809#3,4.7322,0.2666666666666665
4882,4883,-4972874#7,8.473300000000002,0.9888888888888894
4884,4885,-4972885#5,7.5526,9.285714285714283
4886,4887,-4973584#1,14.824700000000002,1.9555555555555553
4890,4891,-4973609#3,30.158700000000003,10.444444444444445
4892,4893,-4973617#5,22.6523,5.699999999999999
4894,4895,-4973617#9,21.571,15.211111111111117
4900,4901,-4973636,10.2223,3.511111111111111
4904,4905,-4973644#4,15.019400000000001,4.700000000000002
4906,4907,-4973644#6,3.5189,0.7111111111111109
4908,4909,-4973674#3,15.753100000000002,2.699999999999999
4920,4921,-4973746#4,16.9631,5.199999999999999
4922,4923,-4974618#2,184.1433,551.5
4924,4925,-4974619#2,3.7169000000000003,0.4888888888888887
4926,4927,-4974729#4,4.268,0.30000000000000004
4928,4929,-4974762,0.026400000000000003,0.16666666666666669
4930,4931,-4974861#1,3.8544000000000005,0.19999999999999996
4934,4935,-4975444#3,5.9433,0.6688710439300894
4936,4937,-4975444#6,7.113700000000001,0.9704184704184697
4938,4939,-4975447#11,12.870000000000001,2.7666666666666657
4950,4951,-4975723#3,9.200400000000002,1.4184210526315786
4952,4953,-4975732#1,10.826200000000002,1.5111111111111106
4954,4955,-4998403#2,12.6247,0.5000000000000001
4956,4957,-4998510,4.8268,0.41657458563535904
4958,4959,-4998511,1.8788,0.4932473910374462
4960,4961,-4998853#0,4.8554,0.7984147000540446
4962,4963,-4998853#20,19.503000000000004,17.44926708547497
4964,4965,-4998853#6,12.653300000000002,2.0347293156281903
4966,4967,-4998853#9,11.5588,1.869212098581031
4968,4969,-5004895#1,38.219500000000004,38.23333333333333
4970,4971,-5004920#11,6.963000000000001,0.5444444444444443
4974,4975,-5004922#2,14.5233,0.7666666666666667
4976,4977,-5004925,17.296400000000002,2.666666666666668
4978,4979,-5004926#1,8.136700000000001,1.6571428571428566
4980,4981,-5004926#6,27.822300000000002,9.73333333333334
4982,4983,-5004927#2,5.4659,0.6941176470588236
4984,4985,-5004927#3,8.5778,1.1051282051282048
4986,4987,-5004927#6,8.7912,0.999358974358974
4990,4991,-502149182,3.6498000000000004,0.20000000000000007
4992,4993,-5037652#4,23.796300000000002,41.99621212121212
4996,4997,-5037764#1,1.6093000000000002,0.27272727272727265
5000,5001,-5057760#0,11.1672,1.3406593406593408
5002,5003,-5057760#1,9.539200000000001,0.5000000000000001
5004,5005,-5057760#2,8.620700000000001,1.495238095238095
5006,5007,-5057761#0,20.015600000000003,4.619047619047619
5008,5009,-5057761#1,7.350200000000001,0.9751454257006874
5010,5011,-5057761#2,24.962300000000003,8.527027027027028
5012,5013,-5057762#0,9.4985,3.2246376811594186
5014,5015,-5057762#1,9.3709,1.4451219512195126
5016,5017,-5057762#2,11.184800000000001,2.2571428571428567
5020,5021,-5058288#2,9.4457,0.8106060606060606
5024,5025,-5058336#1,12.4366,1.5523809523809526
5026,5027,-5058387#1,61.14900000000001,61.79999999999997
5028,5029,-5061525#2,25.6344,15.037704918032796
5030,5031,-5061525#5,15.042500000000002,10.935960591133009
5032,5033,-5061526,12.5235,2.5940375414059624
5034,5035,-5061527#1,25.5871,5.199999999999999
5036,5037,-5061527#4,13.313300000000002,3.123188405797101
5040,5041,-5061528#5,19.4513,2.0000000000000027
5046,5047,-5061529#0,11.323400000000001,2.111111111111111
5050,5051,-5061529#2,6.688000000000001,0.48888888888888904
5052,5053,-5061529#5,13.4266,2.177777777777778
5054,5055,-5061529#8,12.997600000000002,1.1999999999999995
5056,5057,-5061530#7,27.874000000000002,10.982142857142849
5058,5059,-5061531#0,13.506900000000002,5.111111111111111
5060,5061,-5061531#3,18.499800000000004,4.115384615384613
5062,5063,-5061531#7,24.6367,6.77777777777778
5064,5065,-5061531#9,3.047,0.7528899651186249
5066,5067,-5061532#4,10.307,0.5
5068,5069,-5061534#3,19.406200000000002,19.59999999999999
5070,5071,-5061535#1,19.599800000000002,6.563636363636364
5074,5075,-5061536,17.897000000000002,5.714285714285713
5076,5077,-5061537#0,20.3456,3.054545454545453
5078,5079,-5061537#1,26.944500000000005,6.418181818181817
5080,5081,-5061540#1,8.0949,0.48888888888888904
5082,5083,-5061540#7,21.422500000000003,1.9555555555555566
5088,5089,-5069266,0.026400000000000003,1.039024390243902
5090,5091,-5069268#1,26.587000000000003,18.499999999999996
5092,5093,-5069268#2,27.893800000000002,2.0833333333333353
5094,5095,-5069270#0,28.051100000000005,6.7625
5098,5099,-5069270#3,27.856400000000004,9.3
5100,5101,-5069270#5,48.4418,28.450000000000003
5102,5103,-5069270#9,30.519500000000004,9.33333333333334
5106,5107,-512877751,0.015400000000000002,0.013698630136986304
5108,5109,-513387307,11.947100000000002,1.4566666666666679
5110,5111,-51696606#0,2.6312,0.17777777777777778
5114,5115,-517974851,2.9370000000000003,0.3341050335432357
5116,5117,-517974852#1,7.7286,0.9770259564751398
5120,5121,-51893900,0.026400000000000003,0.0
5122,5123,-51982059#1,12.4641,1.3
5124,5125,-5212658#2,19.6614,4.199999999999998
5126,5127,-5212659,4.5771,0.48888888888888904
5132,5133,-52382001#1,9.3269,2.587878787878788
5134,5135,-52706832#1,2.2099,1.0971888773426022
5138,5139,-529236340#1,16.201900000000002,4.2333333333333325
5140,5141,-53178982#2,9.603000000000002,1.7119746650203502
5142,5143,-53215269#10,21.3686,1.5000000000000007
5146,5147,-53298708#1,0.7205000000000001,0.8062834601296138
5152,5153,-53815844,8.504100000000001,1.0
5154,5155,-53815849,2.4508000000000005,0.4555555555555553
5156,5157,-548754521#0,0.0792,2.711111111111111
5164,5165,-56314194#1,18.351300000000002,4.7447530864197525
5166,5167,-56314194#2,4.6651,0.5631846635367762
5168,5169,-56314194#21,31.0002,11.967641843971627
5170,5171,-56314194#5,6.4064000000000005,0.9236172080772598
5172,5173,-56314194#7,20.714100000000002,5.619047619047619
5174,5175,-56314194#8,9.1542,1.1523947750362846
5176,5177,-56314195#0,13.239600000000001,1.7500000000000004
5178,5179,-56314195#4,21.1002,2.48888888888889
5180,5181,-56314195#5,1.056,0.24242424242424246
5182,5183,-58134301,5.863,1.4566666666666668
5184,5185,-58149345,5.381200000000001,0.6666666666666666
5186,5187,-5832619#1,3.0734000000000004,3.5017903512368433
5188,5189,-60093645,5.5242,0.2
5190,5191,-60771197,6.1534,1.5833333333333328
5192,5193,-61583903#1,7.0455000000000005,0.9274537695590324
5194,5195,-61583903#3,25.440800000000003,5.576354679802954
5196,5197,-61583903#7,17.2062,4.628306878306876
5198,5199,-61584891#6,12.839200000000002,4.951612903225806
5200,5201,-624237809#3,12.6577,2.2777777777777772
5204,5205,-6275621#1,30.9232,9.849999999999998
5206,5207,-6275621#2,10.280600000000002,1.9415204678362572
5208,5209,-6275621#4,10.3169,1.367647058823531
5210,5211,-6275621#5,10.103500000000002,1.2777777777777777
5212,5213,-6275621#6,11.3498,3.9562289562289545
5214,5215,-6275621#7,7.948600000000001,3.852100840336133
5218,5219,-6277167,8.5481,1.3583333333333338
5220,5221,-6277595#4,19.328100000000003,2.285714285714286
5224,5225,-6277595#6,11.574200000000001,2.9233333333333333
5228,5229,-6277596#6,19.0267,7.3
5230,5231,-6277596#8,15.698100000000002,1.8095238095238095
5232,5233,-6277696,25.1548,11.833333333333334
5234,5235,-6277723,24.465100000000003,21.36363636363636
5236,5237,-6277724#2,12.8689,2.5746799431009944
5238,5239,-6277767#0,25.6377,7.377777777777776
5240,5241,-6277767#1,23.8183,6.409523809523817
5242,5243,-6277842,23.475100000000005,1.4999999999999991
5246,5247,-6277843#1,25.1306,14.4
5248,5249,-6278110#0,8.173,1.9714285714285718
5250,5251,-6278110#10,5.8267,0.5000000000000001
5252,5253,-6278110#11,7.7616000000000005,0.8666666666666667
5254,5255,-6278110#12,6.974,1.1428571428571435
5256,5257,-6278110#13,8.0234,1.6689075630252104
5258,5259,-6278110#2,5.559400000000001,1.6047430830039524
5260,5261,-6278110#4,7.075200000000001,1.1238095238095245
5262,5263,-6278110#5,7.5174,1.1043956043956045
5264,5265,-6278110#7,6.8189,0.4666666666666668
5266,5267,-6278110#8,8.5228,1.3142857142857136
5268,5269,-6278186#1,7.826500000000001,0.5523809523809519
5270,5271,-6278186#10,9.190500000000002,0.9166666666666656
5272,5273,-6278186#12,6.6726,0.6176470588235295
5274,5275,-6278186#14,7.773700000000001,1.3506493506493504
5276,5277,-6278186#4,6.969600000000001,0.4952380952380953
5278,5279,-6278186#6,6.688000000000001,0.56140350877193
5280,5281,-639190831,10.742600000000001,1.3666666666666671
5282,5283,-65084801#4,70.0117,59.582793709528225
5286,5287,-659124987#0,11.623700000000001,1.8789261328367493
5288,5289,-659124987#7,11.915200000000002,2.1761628509271724
5290,5291,-66324263#2,1.2804,0.0
5294,5295,-67408434#2,7.5152,1.2467630353441548
5296,5297,-675898530#0,18.263300000000005,2.903812056737586
5300,5301,-675898534#6,9.320300000000001,1.5833333333333328
5304,5305,-69144565,3.1823,0.7000000000000002
5308,5309,-703165692#1,17.5197,5.420402515211327
5310,5311,-704487749,3.9611000000000005,4.503968253968254
5312,5313,-704868501#4,17.194100000000002,3.3405797101449277
5314,5315,-714449182,1.9393,0.3222222222222222
5316,5317,-714449183#1,3.9259000000000004,0.17777777777777776
5318,5319,-72597392#3,45.1946,45.123809523809534
5320,5321,-732162445#2,24.884200000000003,13.210526315789474
5322,5323,-732165853#10,14.136100000000003,1.0277777777777777
5324,5325,-732165853#4,40.487700000000004,22.76608187134503
5326,5327,-732165856#2,70.4649,19.699999999999996
5328,5329,-732165856#21,24.687300000000004,3.6999999999999984
5330,5331,-732168391,2.7929000000000004,0.4
5332,5333,-732170616#3,16.2833,3.7161290322580642
5334,5335,-7383109#2,11.8613,4.8909090909090915
5336,5337,-7389333#1,37.48030000000001,5.799999999999999
5338,5339,-7389333#2,34.93600000000001,70.30000000000001
5340,5341,-74921173#9,22.674300000000002,8.260526315789477
5342,5343,-75007261,16.5836,4.189393939393939
5344,5345,-75021657,2.9601,0.3657894736842105
5346,5347,-75021658#1,4.5694,0.6499999999999999
5348,5349,-75070560#1,6.428400000000001,0.7081945369753497
5350,5351,-75078151#2,19.806600000000003,38.30898021308982
5352,5353,-75078151#5,15.632100000000001,2.8341346153846136
5354,5355,-75078151#7,7.095000000000001,0.7794871794871792
5356,5357,-75078151#8,5.132600000000001,0.628879892037787
5358,5359,-75345163,2.2473000000000005,0.44744744744744724
5360,5361,-753675471#0,15.879600000000002,4.11785920497446
5362,5363,-753675471#4,6.7628,1.8898422935456234
5364,5365,-753675472#3,8.0916,2.200787401574802
5366,5367,-753675472#4,6.0841,0.9687104930467763
5368,5369,-753675472#5,5.0094,0.6007571345369835
5372,5373,-755452828#6,10.8064,2.0
5374,5375,-756253808#1,4.471500000000001,0.48557692307692296
5376,5377,-756253809#4,37.431900000000006,18.950650587115216
5378,5379,-758517008#3,20.845000000000002,6.015259740259742
5384,5385,-76255648#0,1.8656000000000001,0.29999999999999993
5386,5387,-76255648#1,3.4760000000000004,0.4158730158730158
5388,5389,-7651318#0,8.261000000000001,0.9014778325123158
5392,5393,-7651318#2,12.003200000000001,2.2999999999999994
5394,5395,-7651318#4,17.5054,2.6333333333333346
5396,5397,-7651319#0,15.8939,1.052631578947369
5398,5399,-7651319#1,12.8161,0.6287878787878786
5400,5401,-7651319#5,21.718400000000003,0.6666666666666666
5404,5405,-772547703,3.9534000000000002,2.93446088794926
5406,5407,-773560595#6,13.9997,1.5833333333333328
5408,5409,-773561842#2,5.478000000000001,0.6666666666666665
5410,5411,-790019432#1,16.5726,1.333333333333333
5412,5413,-790019433#2,17.024700000000003,5.800000000000001
5414,5415,-790019433#6,10.8141,3.0105263157894733
5418,5419,-804605165#2,5.894900000000001,0.742336296027572
5420,5421,-8060514#2,38.60340000000001,26.944444444444443
5422,5423,-8060516#1,24.9117,9.400000000000002
5424,5425,-8060516#3,11.6567,1.2999999999999998
5426,5427,-8069179#9,15.0469,42.730267673301306
5428,5429,-8127373#3,13.7126,4.19571865443425
5430,5431,-8127375#1,9.405000000000001,2.431403031480763
5434,5435,-8128115#2,7.7792,0.0
5436,5437,-8128695,3.1306000000000003,0.4117543859649121
5440,5441,-8128696#11,6.5494,1.5111111111111115
5442,5443,-8128696#3,20.398400000000002,9.733333333333333
5444,5445,-8128696#5,9.511700000000001,3.111111111111111
5450,5451,-8129174,12.871100000000002,1.7
5452,5453,-8135793#10,30.457900000000002,12.16842105263158
5454,5455,-8135821#1,20.8604,6.766666666666666
5456,5457,-8137315,10.0738,1.9926470588235288
5458,5459,-8141786#4,14.2263,5.877777777777777
5464,5465,-8143644#3,16.2679,5.415384615384617
5468,5469,-818072229,1.1660000000000001,0.29928541403951225
5470,5471,-818072230#3,6.5472,1.0157041540020266
5472,5473,-8226750,2.6257,2.063262460787731
5474,5475,-82494454#4,8.840700000000002,0.9238095238095235
5476,5477,-82528691#1,18.959600000000002,5.300000000000001
5480,5481,-82528696#2,10.716200000000002,1.8700564971751408
5482,5483,-82528696#5,10.987900000000002,1.8051282051282043
5484,5485,-82528696#8,18.1269,3.623333333333333
5486,5487,-82528702#2,4.9896,2.217241379310345
5488,5489,-82528702#3,4.0403,0.7868421052631576
5490,5491,-82528702#5,1.9063000000000003,0.4095238095238095
5492,5493,-82528705#3,13.926000000000002,2.2475409836065565
5494,5495,-82528705#5,11.746900000000002,1.741379310344827
5496,5497,-82528705#7,11.3993,1.1447368421052637
5498,5499,-82528705#9,17.2733,2.7400000000000007
5500,5501,-82528709#12,14.999600000000001,1.8000000000000007
5502,5503,-82528709#2,6.2832,1.2111111111111112
5504,5505,-82528709#8,21.2773,7.444444444444445
5506,5507,-82528711#0,15.3153,3.866666666666667
5508,5509,-82528711#12,6.285400000000001,1.754545454545454
5510,5511,-82528711#2,6.070900000000001,0.3333333333333335
5512,5513,-82528711#4,3.5442000000000005,0.21428571428571425
5514,5515,-82528711#6,10.1167,0.8888888888888888
5516,5517,-82528711#9,11.9625,1.1673414304993248
5518,5519,-82531385#1,6.7628,1.4022988505747125
5522,5523,-8275515#0,9.065100000000001,12.8
5524,5525,-8275515#1,6.006,4.426900584795323
5526,5527,-8275515#3,17.916800000000002,7.467320261437909
5530,5531,-8284658#1,17.795800000000003,5.999999999999998
5532,5533,-8284658#2,4.1316,0.6013277428371772
5534,5535,-8284660#5,44.87780000000001,45.09398084815323
5536,5537,-828773457#6,35.71920000000001,17.89144223107571
5538,5539,-828773461#1,25.792800000000003,9.096043943849523
5540,5541,-82914002#1,13.42,3.590476190476192
5542,5543,-829373691,2.1318,0.33546610973988994
5544,5545,-829373692#1,1.0384,0.24956175298804784
5546,5547,-829373693,6.8981,1.3795059760956172
5550,5551,-829752492#0,52.00030000000001,98.1157894736842
5552,5553,-829752493,13.2748,3.0000000000000004
5554,5555,-829753465#0,31.852700000000002,13.511111111111127
5558,5559,-83281790,17.700100000000003,9.420101010101012
5560,5561,-834682036#2,2.1186000000000003,38.75
5562,5563,-834766051#3,3.696,0.6347291162869625
5564,5565,-834766052#2,4.755300000000001,35.50848795535999
5566,5567,-834766055,1.4542000000000002,0.30086994854078947
5568,5569,-834766056#1,20.308200000000003,7.285614035087718
5570,5571,-834766056#3,7.106000000000001,0.9401364231829065
5572,5573,-834766059#4,5.471400000000001,1.6828780812791466
5574,5575,-834773007,0.5522,0.20926168632590617
5576,5577,-834950891#2,3.3561000000000005,0.9804330561903369
5578,5579,-834950892#2,7.2633,1.1915395897374077
5580,5581,-834950895,1.7798000000000003,0.2695235116254823
5582,5583,-834950896#3,2.7335000000000003,91.93915724563207
5584,5585,-834950901#3,4.1041,0.860044430339574
5586,5587,-834950902#2,2.3628000000000005,8.656666666666666
5588,5589,-834994013#2,1.4036000000000002,37.04514649150244
5592,5593,-836219391#1,2.5025,0.71780303030303
5596,5597,-8378865#2,51.3282,66.56410256410257
5600,5601,-839004987,0.8404,0.24725274725274723
5602,5603,-839414388,0.23320000000000002,9.095238095238097
5604,5605,-839414389#1,17.0225,17.700000000000003
5606,5607,-839414401#2,10.7789,7.799999999999999
5610,5611,-839414431,1.8557000000000001,0.45714285714285713
5614,5615,-839414432#1,0.1188,2.0390572390572395
5618,5619,-839414433#3,0.2574,0.2619047619047619
5620,5621,-839414436#1,16.5077,25.777777777777775
5622,5623,-839414437#2,17.758399999999998,4.699999999999999
5624,5625,-839414438#1,20.354400000000002,48.5
5626,5627,-839414438#2,0.0792,0.3
5628,5629,-839414459#2,10.3312,5.21111111111111
5630,5631,-839414460#2,18.422800000000002,9.495238095238095
5632,5633,-839414461#1,18.201700000000002,10.552380952380952
5634,5635,-839414478#1,2.9678,0.17777777777777792
5636,5637,-839414479#3,10.663400000000001,3.638095238095238
5646,5647,-841788517,16.326200000000004,4.300000000000001
5648,5649,-844323102#1,16.036900000000003,2.13421052631579
5650,5651,-844323102#4,15.016100000000002,2.3138461538461526
5656,5657,-851607377,0.5126000000000001,4.32523616734143
5658,5659,-851883287,3.5486000000000004,0.4555555555555555
5660,5661,-851883288#0,3.2483,0.8380952380952383
5662,5663,-854186705,10.995600000000001,2.5
5664,5665,-856106096#1,11.915200000000002,2.4530235452753884
5666,5667,-856106098#1,19.977100000000004,6.548576049657944
5668,5669,-858281758#1,24.325400000000002,6.799999999999999
5670,5671,-858281759#1,4.8345,6.314285714285715
5672,5673,-858281760#1,2.1483000000000003,0.6642208245981832
5674,5675,-858283716#2,4.7476,0.35984848484848486
5676,5677,-858283717,16.656200000000002,2.4921763869132283
5678,5679,-858283718,4.763000000000001,0.4828349944629015
5680,5681,-8585758#1,19.7527,1.694444444444445
5682,5683,-8585916#3,18.093900000000005,1.8589743589743606
5684,5685,-859217058#2,4.5562000000000005,11.419172932330826
5686,5687,-859217059#2,2.1076,65.82134831460675
5688,5689,-859217062#2,3.2560000000000002,0.840336134453782
5690,5691,-859233598#1,11.739200000000002,3.10919540229885
5692,5693,-860130441#3,3.4661,84.39999999999999
5694,5695,-86020922,2.3969,0.8613945578231291
5696,5697,-86038766,11.374,1.596774193548387
5698,5699,-862167814#2,1.4410000000000003,0.5803633822501747
5700,5701,-863026043#1,1.3673000000000002,89.21592841163313
5702,5703,-874212317#1,10.036400000000002,2.543650793650795
5704,5705,-875226004#2,12.199000000000002,1.0625000000000002
5706,5707,-875227922#1,0.34540000000000004,65.26666666666668
5708,5709,-875240228#1,4.521000000000001,0.7079414838035526
5710,5711,-87727467#1,32.9384,27.5
5712,5713,-87729084,3.4452000000000003,0.3724137931034482
5714,5715,-87730347#1,4.0513,0.28048780487804864
5716,5717,-87730349,3.2791,0.2727272727272727
5718,5719,-87932255#2,8.1059,1.1833333333333336
5720,5721,-87932255#4,14.397900000000002,2.018181818181818
5722,5723,-87976142#3,21.950499999999998,5.75838779956427
5724,5725,-884420085#1,11.2585,1.4152823920265778
5726,5727,-884420085#2,1.837,0.12292358803986711
5728,5729,-89070366#0,15.776200000000001,15.066666666666666
5732,5733,-89221670#0,8.417200000000001,0.6625000000000003
5734,5735,-89221670#1,17.3624,3.072727272727273
5736,5737,-89221670#3,13.329800000000002,3.0476190476190474
5740,5741,-90104680#1,37.5419,12.622222222222229
5750,5751,-911580385#2,9.928600000000001,1.5833333333333328
5752,5753,-913817165#0,5.526400000000001,0.6489473684210528
5754,5755,-914000971#1,3.7103000000000006,0.20000000000000007
5756,5757,-920216324,0.015400000000000002,0.06666666666666667
5758,5759,-926330092,9.049700000000001,1.1999999999999995
5760,5761,-92881833#2,6.1534,2.119815668202765
5762,5763,-92881833#3,6.835400000000001,0.8494623655913975
5764,5765,-92881833#5,3.4298,0.30000000000000016
5768,5769,-92914307#0,6.784800000000001,0.8627450980392152
5770,5771,-92914307#3,11.4235,1.9238095238095254
5772,5773,-92917956#2,47.31980000000001,19.92958748221906
5774,5775,-92917956#6,35.35620000000001,12.707070707070706
5776,5777,-92917956#7,5.896000000000001,0.5910773787486114
5782,5783,-93460489#2,6.1193,0.09999999999999998
5784,5785,-937672142#1,6.4889,0.5444444444444447
5786,5787,-937672143#3,13.8985,3.8433333333333324
5788,5789,-937802013#2,7.844100000000001,0.8095238095238101
5800,5801,-946966316#11,6.9828,9.623157894736844
5802,5803,-946966316#2,2.5773,0.7000000000000002
5804,5805,-958184908#10,9.1102,1.6766570266547411
5806,5807,-958184908#11,14.700400000000002,2.880463491522534
5808,5809,-958184908#3,15.208600000000002,14.33761087315773
5810,5811,-958184908#5,11.6666,2.191311057036025
5812,5813,-958184908#9,21.214600000000004,6.183168955664131
5814,5815,-962499182,15.534200000000002,11.154857142857141
5818,5819,-966543432,6.0379000000000005,2.923076923076922
5824,5825,-975575189,0.4026,0.2342913496759649
5828,5829,-976706273#3,4.7003,1.0076400679117146
5830,5831,-979190031,11.3718,1.8899999999999997
5832,5833,-979190032#0,11.144100000000002,1.825609756097561
5834,5835,-980981276#0,0.015400000000000002,0.19979296066252591
5836,5837,-985165443#0,8.2379,8.42982971227246
5838,5839,-985165443#5,11.502700000000003,2.5942956150872973
5840,5841,-985165444#4,17.3217,5.546462063086103
5842,5843,-990643849#0,18.0543,2.5965608465608443
5844,5845,-992186675#5,7.5471,2.6999999999999993
5846,5847,-992186675#8,13.096600000000002,4.714285714285714
5848,5849,-995533031#1,8.473300000000002,2.190140845070424
5850,5851,-995533033,3.3803,0.324748490945674
5852,5853,1006817039#0,8.0113,0.5904761904761902
5854,5855,1006817039#2,15.807,2.141025641025641
5858,5859,1009352360,31.238900000000005,10.700000000000003
5862,5863,1011550312#0,0.8107000000000001,11.608108108108109
5864,5865,1011550313#0,9.677800000000001,1.4355464159811984
5868,5869,1018201790,20.698700000000002,2.6999999999999993
5870,5871,1018511002#1,2.7643,0.33333333333333337
5872,5873,1018511007#0,7.1709000000000005,1.5380281690140853
5874,5875,1018511008,3.5145,0.9684210526315784
5876,5877,1018511009#1,7.5394000000000005,0.9698189134808852
5878,5879,1018511010#4,3.9644000000000004,0.5195663670015864
5880,5881,1018511010#9,2.1923000000000004,0.3260179799048122
5886,5887,1020633579#0,15.808100000000001,4.012549019607841
5888,5889,1020927804#0,3.4122000000000003,0.32222222222222224
5890,5891,1022656066,3.1141,0.2
5892,5893,1025338508,0.132,0.1650777066736319
5894,5895,1026477617,5.6991000000000005,0.30000000000000004
5896,5897,1026477621#0,5.665000000000001,0.20000000000000007
5898,5899,1027093575,1.4091,0.5523809523809523
5902,5903,1031379293#4,5.332800000000001,0.4555555555555555
5904,5905,1031379294#1,3.8280000000000003,0.6157167530224527
5906,5907,103151349#0,1.3552000000000002,0.0
5908,5909,103335175,14.253800000000002,5.713109128345914
5910,5911,103504671#0,8.8187,0.7307692307692307
5912,5913,1037102222#0,2.5795000000000003,0.46666666666666656
5914,5915,1037102233#0,25.578300000000002,9.815384615384616
5916,5917,1037418354#0,71.1095,24.799999999999983
5918,5919,104178895#4,7.763800000000001,1.7410945595854914
5920,5921,104178895#7,14.1339,3.9371697917745774
5922,5923,10422829#0,9.402800000000001,3.459247648902822
5924,5925,1042974881,17.6176,61.07575757575757
5926,5927,1042975685#0,13.439800000000002,3.4119496855345908
5928,5929,1042975685#2,6.582400000000001,1.346194503171247
5930,5931,1043835447#0,53.155300000000004,66.0
5932,5933,104405209#0,4.3527000000000005,0.6824751580849143
5934,5935,104405210#0,8.4337,1.16
5936,5937,1047453318,11.449900000000001,2.1071929824561404
5940,5941,1050809452#0,3.1053,0.3263157894736841
5942,5943,1053387519,20.8868,4.816169828364952
5944,5945,1053387541,1.7567000000000002,0.12380952380952391
5946,5947,1053387542#0,6.7804,0.31428571428571445
5950,5951,1054141906,16.8685,0.0
5952,5953,1054141907#0,11.5335,2.6605263157894727
5954,5955,1054840087#0,4.035900000000001,0.48888888888888893
5956,5957,1056044838,8.913300000000001,0.20000000000000018
5958,5959,1056364583#0,3.2857000000000003,0.4230769230769231
5960,5961,1056364673#0,1.2881000000000002,0.17116217116217125
5962,5963,1056913530,1.6544,1.5839743589743591
5964,5965,1057893819,19.1147,4.172764074955139
5966,5967,10594589#0,25.7818,8.672707393740604
5968,5969,10594590#0,1.3761,0.2852328431372549
5970,5971,1059952450#0,0.6325,0.0
5972,5973,1059952452,8.2049,2.177777777777776
5974,5975,1059959975#0,36.64430000000001,3.4999999999999982
5976,5977,1060490109#0,3.4397,0.6620689655172414
5978,5979,106103489,2.9491000000000005,0.2095238095238096
5982,5983,1061840663,7.029,1.8733333333333329
5984,5985,1061841084,17.501,6.007389162561575
5986,5987,10633006#0,9.281800000000002,2.3400000000000003
5988,5989,106412904#0,1.6181000000000003,0.3802353195164074
5990,5991,1066019114,11.564300000000001,4.011111111111111
5992,5993,1066019131#1,2.1758,0.314229801509645
5994,5995,1069532973,2.8149000000000006,0.3
5996,5997,107225103,0.015400000000000002,0.0
6000,6001,1073791857#0,2.4321,0.20000000000000004
6002,6003,107440946#0,3.6861,0.3
6006,6007,107440946#4,11.414700000000002,1.833333333333333
6010,6011,1074505248#0,15.783900000000001,1.7888888888888899
6012,6013,1075515371,6.0181000000000004,1.4095238095238092
6014,6015,1075817469#0,2.3507000000000002,0.23333333333333328
6016,6017,1075820838#0,10.330100000000002,2.4166666666666674
6018,6019,1075828984#0,9.2598,1.9840425531914891
6020,6021,1075829183#0,2.5663000000000005,49.08583610926048
6024,6025,1077048393#0,13.728000000000002,2.233333333333334
6026,6027,1077048394#0,14.377,3.2888888888888896
6028,6029,1078576469,7.540500000000001,0.7000000000000002
6030,6031,1078593922,9.375300000000001,1.223707664884135
6032,6033,1078663668,0.781,0.18058596600980087
6034,6035,1079997538#3,5.4582,0.9300937766410912
6036,6037,1082387578#1,8.4953,3.1141304347826093
6038,6039,1082387578#13,37.9445,21.99470899470899
6040,6041,1082387578#5,3.9732000000000003,0.8043478260869563
6042,6043,1082387578#6,9.0299,1.3611111111111107
6044,6045,1082387578#7,20.627200000000002,4.455555555555555
6046,6047,1082387601#1,10.3609,2.0058479532163753
6048,6049,1082389491,6.3866000000000005,0.7
6050,6051,1082389493,43.319100000000006,6.700000000000001
6052,6053,1082389992#0,29.576800000000006,9.8
6058,6059,1082683187#0,14.234,9.2
6060,6061,108481093#13,17.546100000000003,4.082874586270175
6062,6063,1085298367#0,29.614200000000004,1.7
6064,6065,1086374505#0,7.0785,9.238480959394067
6066,6067,1086509243#1,2.2484,10.116666666666667
6070,6071,1089917567#0,1.1187,0.26052631578947366
6072,6073,1089917568,0.7128000000000001,0.0
6074,6075,1091914554,11.092400000000001,0.5
6076,6077,1091914556,10.162900000000002,1.0815789473684212
6078,6079,1091914557#0,11.013200000000001,0.6666666666666667
6080,6081,1091914558#0,7.563600000000001,0.7000000000000004
6082,6083,1091960699#0,5.140300000000001,2.2
6084,6085,1091960707#0,19.6152,5.1248979591836745
6086,6087,1091960708#0,8.745000000000001,1.8711440481704504
6088,6089,1091961019,2.1131,47.83928571428572
6090,6091,1091961208#0,17.061,5.166666666666668
6092,6093,1091961664,8.1719,1.1582329317269082
6094,6095,1091961709,34.8766,12.07282250570246
6096,6097,1091961715,3.1405000000000003,0.3310502283105023
6098,6099,1093620276#0,44.597300000000004,18.27777777777778
6100,6101,109377388#0,3.7939000000000003,4.314565826330529
6102,6103,1093795367#0,5.6001,2.3
6104,6105,109754456#0,12.9943,34.52666666666667
6106,6107,109860646,5.1931,1.1284859763050124
6108,6109,1098614014#0,6.6561,1.9073502571760403
6112,6113,109931495#0,3.6663000000000006,68.10162162162159
6114,6115,1099418472#0,14.006300000000001,2.488888888888889
6118,6119,1101621058,40.0686,19.254545454545454
6120,6121,1101621068,2.8138,0.2999999999999999
6124,6125,1101800624,4.2526,0.0
6130,6131,1103306570#0,3.2648,0.2571428571428572
6132,6133,1103375976#0,5.182100000000001,0.5291666666666667
6134,6135,1103375976#1,11.479600000000001,3.1999999999999997
6136,6137,1103375976#3,7.3007,0.0
6138,6139,1103375976#4,8.873700000000001,0.0
6140,6141,1103644159#0,2.5564,0.6952380952380952
6142,6143,1103644166,9.8978,1.0218487394957985
6144,6145,1103644276#0,10.043000000000001,1.2784090909090902
6148,6149,1103644649#0,7.1379,3.4095238095238103
6150,6151,1103644654,5.638600000000001,0.7
6152,6153,1105486997,1.4311,0.9909909909909906
6154,6155,1107297578,0.2288,0.0
6156,6157,1107420806#0,20.658,5.9554362416107365
6158,6159,1110497124#0,3.7576,1.1111111111111114
6162,6163,1113041312#0,14.312100000000001,4.75
6164,6165,1113421805,5.633100000000001,76.69486531986533
6166,6167,1113421806#0,0.015400000000000002,0.23111603843311163
6168,6169,1113421806#1,3.3429000000000006,74.24086132725266
6170,6171,1113421808#0,3.4375000000000004,32.7167290886392
6172,6173,1113421809,2.3364000000000003,1.4975732867404392
6174,6175,1115458817#0,15.254800000000001,1.3560606060606064
6176,6177,111628106#0,3.4606000000000003,0.3501533904580558
6178,6179,111636189#0,51.029,27.11668097896093
6180,6181,111636206#0,14.253800000000002,6.844444444444444
6184,6185,1116758652#1,14.9215,7.2
6186,6187,1116981912#0,6.112700000000001,0.8315789473684212
6188,6189,1116981912#3,13.1868,5.995833333333334
6194,6195,1116982074#0,14.3924,1.833333333333333
6198,6199,1116982084#10,8.332500000000001,3.45054945054945
6200,6201,1116982084#6,9.241100000000001,1.8777777777777775
6202,6203,1119854959,4.985200000000001,0.8282352941176468
6204,6205,1119854984,0.6886000000000001,1.198415180898759
6206,6207,112297307#0,15.427500000000002,1.655555555555555
6208,6209,112297307#2,8.0234,0.30000000000000004
6210,6211,112297307#5,7.9365000000000006,0.48888888888888904
6212,6213,112297307#6,19.807700000000004,4.442687747035573
6214,6215,112297309#13,8.918800000000001,1.1428571428571428
6216,6217,112297309#17,4.0293,0.7666666666666668
6218,6219,112297309#4,9.1465,1.552380952380952
6220,6221,112297309#7,14.6773,4.266666666666667
6222,6223,112572407,0.8800000000000001,0.13568868407578086
6228,6229,112602876#0,17.8046,4.6952380952380945
6232,6233,113054552#1,12.144,42.44756756756758
6234,6235,113054559,1.5862,0.26666666666666666
6236,6237,113078530#0,12.190200000000003,3.118226600985223
6238,6239,113078530#4,10.3609,1.9088669950738915
6242,6243,113078534,0.6358,0.2238726790450927
6244,6245,113129681#0,11.437800000000001,2.6591316199376944
6246,6247,113129681#5,17.9069,35.087651830370284
6248,6249,113129688#0,2.6455,4.4766666666666675
6250,6251,1131704043,3.124,0.4444444444444444
6252,6253,1131704044#0,28.554900000000004,1.5
6254,6255,1131704044#11,10.730500000000001,0.6777777777777776
6258,6259,1133070114#0,10.255300000000002,0.29999999999999993
6260,6261,113470996#0,4.323,0.4576527525710828
6262,6263,113470997,1.9833,0.3
6264,6265,113510915,1.8865000000000003,0.27128712871287125
6268,6269,114143810,16.577,3.7341162965252312
6270,6271,114143813#0,0.38830000000000003,55.293896713615055
6272,6273,1141500747#0,17.380000000000003,3.7218855218855227
6274,6275,1141500748#1,17.8035,4.228365384615382
6276,6277,1143691192#1,3.4386,0.5988505747126436
6278,6279,1143691192#2,3.6366000000000005,0.3589743589743589
6280,6281,1143691192#3,4.1624,0.41295546558704466
6282,6283,1143691194#1,8.707600000000001,2.177777777777778
6284,6285,1143691196#1,7.660400000000001,4.322222222222223
6286,6287,1143691574,8.0212,2.4580645161290327
6288,6289,1143691615#2,11.271700000000001,2.9624999999999995
6290,6291,1143691639#1,4.661800000000001,0.6932447397563677
6292,6293,1144271601#2,4.5144,3.0
6300,6301,1146782742#0,10.0067,1.8241758241758244
6302,6303,1146783332#0,9.504000000000001,0.6999999999999997
6304,6305,1146783332#1,7.727500000000001,0.6666666666666663
6306,6307,1146783332#2,11.176000000000002,1.7000000000000002
6308,6309,1147633970#1,0.015400000000000002,0.0996673794250416
6310,6311,1147633971#0,7.2347,10.89260385005067
6312,6313,1149710572#0,97.10250000000002,51.30000000000001
6314,6315,1149710651,4.6816,0.4415868673050613
6316,6317,1149710652,12.311200000000001,1.974358974358973
6318,6319,1149710667#1,5.613300000000001,0.30769230769230754
6320,6321,1149710710#0,5.3504000000000005,0.7000000000000002
6324,6325,115008623#0,13.9161,3.5
6326,6327,115008623#5,12.740200000000002,0.7999999999999998
6328,6329,115008623#9,2.9403,0.23809523809523808
6330,6331,1150110945#0,7.968400000000001,1.4554367201426024
6332,6333,1150111094,21.3433,13.655555555555551
6334,6335,1151182263,28.073100000000004,34.33333333333333
6336,6337,1151182472#0,1.0791000000000002,0.5523809523809524
6338,6339,1151183217,16.3504,4.873333333333331
6340,6341,1151285236,5.3020000000000005,0.41818181818181815
6342,6343,1151285243#1,11.5775,3.0359477124183014
6344,6345,1151285252#0,6.416300000000001,0.8752314485116083
6346,6347,115214299,0.013200000000000002,0.2299076485910491
6348,6349,11526678#0,10.808600000000002,1.470860314523589
6350,6351,11526678#3,12.031800000000002,2.064367816091954
6352,6353,11526678#6,12.581800000000001,1.324175824175824
6354,6355,11526678#7,14.287900000000002,0.9888888888888892
6356,6357,1152701202#0,6.3239,0.7002644725242432
6358,6359,1152714140,8.501900000000001,2.011111111111111
6360,6361,11527686,0.9845000000000002,1.2
6362,6363,1154443998#0,20.603,6.000000000000001
6364,6365,1154677975,2.508,0.2666666666666667
6366,6367,1154677977,11.612700000000002,2.488888888888889
6368,6369,1154849086#2,8.846200000000001,3.0455128205128204
6370,6371,1154849087,14.9699,5.843697478991601
6372,6373,1154849094#0,7.2842,1.944669365721998
6374,6375,1154849101#0,5.5737000000000005,1.4129172714078377
6376,6377,1155184436#0,28.913500000000003,13.901515151515143
6380,6381,1157125514#1,2.1406,0.6009615384615387
6382,6383,1157125515#0,3.9347000000000003,0.6792452830188679
6384,6385,1157125538,6.6638,1.1666666666666672
6394,6395,1157158088#0,12.8843,2.1861861861861867
6396,6397,1157158088#3,2.0757000000000003,0.33033033033033066
6398,6399,1157158088#4,11.344300000000002,2.980952380952382
6400,6401,1157158088#8,14.866500000000002,1.8000000000000003
6402,6403,1157357247,0.0792,1.0416666666666665
6404,6405,1157357248,3.047,0.912280701754386
6406,6407,1157357251#0,26.5375,2.2
6408,6409,115785376#0,4.4088,0.30000000000000004
6410,6411,1158503737,19.1411,4.699999999999999
6414,6415,1158503838#0,13.4717,0.25000000000000017
6416,6417,1158503854#0,20.413800000000002,1.8777777777777809
6418,6419,1158503860,14.747700000000002,3.788888888888889
6420,6421,1159196327#0,13.887500000000001,1.6736842105263157
6422,6423,1159196385,7.7814000000000005,1.568421052631579
6424,6425,1160388322#1,0.5423,2.1153846153846154
6426,6427,1160388322#2,12.7468,2.3463203463203466
6428,6429,1160388322#5,2.1021,1.1978494623655915
6430,6431,11610479,0.1947,8.227936879018118
6432,6433,11610480#0,13.435400000000001,5.715027588445311
6434,6435,11610482#0,5.764000000000001,61.719540229885055
6438,6439,1162386121#0,21.968100000000003,9.759999999999996
6440,6441,1162386122#0,0.0792,0.1625000000000001
6444,6445,1162733668#1,12.639000000000001,3.276666666666667
6446,6447,1162733670,12.9404,1.5555555555555551
6448,6449,1162733671#0,30.3479,7.700000000000001
6450,6451,1163570031#0,6.640700000000001,3.8000000000000003
6452,6453,1163570031#2,9.114600000000001,40.96969696969697
6456,6457,1165333634#0,26.362600000000004,7.492647058823532
6458,6459,1167302177#0,9.812000000000001,1.9785610465116292
6460,6461,1167302178#0,8.2676,1.4110435663627146
6462,6463,1167352042,14.525500000000001,3.187984496124032
6464,6465,1167483585#1,6.2898000000000005,0.8029485604401471
6466,6467,1167483587,14.557400000000001,7.0
6468,6469,1167483590,8.154300000000001,1.4242424242424239
6470,6471,1167483592,20.358800000000002,8.495073891625617
6472,6473,1167566266#0,6.1149000000000004,1.1942645698427379
6474,6475,1167566266#1,2.8985,0.30655391120507397
6476,6477,1167566266#3,11.189200000000001,1.9857549857549865
6480,6481,1167897906#0,28.9993,18.75
6482,6483,1167897919,21.885600000000004,8.250000000000002
6484,6485,1167897920#2,16.218400000000003,8.0
6486,6487,1167897921#1,20.5403,2.9000000000000004
6488,6489,1167898096#0,23.780900000000003,12.49488491048593
6492,6493,116862210,0.013200000000000002,94.4779745345878
6494,6495,1169236533,17.457,7.428571428571432
6496,6497,1169240236,13.9524,2.7000000000000006
6498,6499,1169240237,1.8898000000000001,1.1505747126436778
6500,6501,1169240239#0,2.5245,0.3919540229885058
6502,6503,1169240239#2,9.183900000000001,1.7428571428571427
6506,6507,1171085645,4.1734,22.233333333333334
6508,6509,1172656244#0,5.866300000000001,3.6952380952380954
6510,6511,1172656248,2.1923000000000004,0.23333333333333328
6512,6513,1172656251,0.6655,0.7000000000000001
6516,6517,1172656277#0,17.312900000000003,4.700000000000001
6518,6519,1172656305,11.192500000000003,0.5
6520,6521,1172656306,10.079300000000002,0.9821428571428571
6522,6523,1172656308#0,5.0765,1.070588235294118
6524,6525,1172656308#1,4.6948,0.7619047619047621
6526,6527,1172656309,29.214900000000004,13.947619047619042
6528,6529,1172656314,2.9854000000000003,0.3523809523809524
6530,6531,1173245043#0,35.714800000000004,27.299999999999994
6534,6535,1173248154#0,3.0624000000000002,0.2592435189120271
6536,6537,1173257673,1.8084,0.20573689416419394
6538,6539,1173257675,4.625500000000001,0.42646814610227923
6540,6541,1173262120#0,6.229300000000001,28.3
6542,6543,1173262122,0.8382000000000001,0.24779549777660204
6544,6545,1173262123#0,1.5895000000000001,0.3293869269230042
6546,6547,1173262124,0.43450000000000005,0.22063459698542914
6548,6549,1173262126#0,2.2297000000000002,0.4555555555555556
6550,6551,1173262126#2,1.1374000000000002,0.0
6552,6553,1173262127#0,17.593400000000003,4.505448863121655
6554,6555,1173262128#0,4.1074,0.5932221063607928
6556,6557,1173262129#0,11.6501,51.336213237845406
6558,6559,1173262130,0.4631,0.16149271599037107
6560,6561,1173681272,38.2426,16.699999999999996
6562,6563,1173681273#0,13.7786,1.1428571428571426
6564,6565,1173681276#0,22.7788,10.17948717948718
6568,6569,1173874835#0,10.854800000000001,0.9523809523809524
6570,6571,1173874835#1,11.926200000000001,2.980952380952379
6572,6573,1173874836#1,26.3395,10.78153846153846
6578,6579,1174502379#1,23.190200000000004,5.542857142857143
6582,6583,1174502388,8.533800000000001,1.2549019607843133
6584,6585,1174562480,3.9787000000000003,0.5444444444444447
6586,6587,1175023584,6.6484000000000005,1.2989247311827958
6588,6589,1175023585#0,4.578200000000001,88.35311636159145
6590,6591,1175023586#0,5.0193,57.64994482641543
6592,6593,1175023590#0,9.6294,6.887141535615171
6594,6595,1175023591#0,1.4784000000000002,34.4
6596,6597,1175023592,1.5763000000000003,0.09473684210526319
6598,6599,1175023594#0,2.6026000000000002,0.8252525252525256
6600,6601,1175364892,6.7683,1.418253968253968
6602,6603,1175370229#0,5.3966,36.58693244739756
6604,6605,1175370230,0.29150000000000004,0.2389162561576356
6606,6607,1175984647,0.026400000000000003,0.0
6608,6609,1175984648,13.120800000000003,0.7
6610,6611,1175984708,0.30910000000000004,0.0
6612,6613,1175984923#0,2.6917000000000004,0.26470588235294135
6614,6615,1177940377#0,33.7821,9.666666666666664
6616,6617,1177940381,4.4286,1.2540322580645156
6618,6619,1181076291#0,8.635,2.322222222222222
6620,6621,1181076292#1,14.650900000000002,4.322222222222222
6622,6623,1181975781#0,1.9668,0.2934472934472935
6624,6625,1182175653#0,25.6839,8.21818181818182
6626,6627,1182175653#5,6.5681,0.5789473684210531
6630,6631,1182175743#0,13.817100000000002,2.778947368421053
6632,6633,1182175765#0,6.490000000000001,1.06
6634,6635,1186228314,28.0819,25.79999999999999
6636,6637,1187531871#0,22.276100000000003,1.8222222222222224
6638,6639,1187586140#0,14.2417,2.456632653061224
6640,6641,1187586140#1,30.881400000000003,12.267045454545451
6642,6643,1187769792,3.6465,0.4661835748792269
6648,6649,1191613361,86.99130000000001,113.90476190476194
6650,6651,1194464327,5.890500000000001,0.7999999999999999
6652,6653,1194464328,2.64,0.6842105263157895
6654,6655,1194824698,29.447000000000003,11.155555555555559
6656,6657,1194824701#0,18.496500000000005,4.666666666666667
6658,6659,119925917#0,0.6545,0.09999999999999999
6660,6661,119925919#3,5.6793000000000005,0.5000000000000001
6664,6665,1205527064,23.7325,4.861111111111111
6666,6667,1205527065,0.1573,0.21335276338514678
6668,6669,1206046581#0,19.021200000000004,4.379952862674276
6670,6671,1206046581#6,14.296700000000001,2.5296735905044505
6672,6673,1207124481,0.10120000000000001,0.0
6676,6677,1214718424,13.9205,3.588972431077701
6678,6679,1214718470#0,1.7743000000000002,1.8046153846153847
6680,6681,121553854,16.570400000000003,3.484693877551022
6682,6683,1215659173,30.517300000000002,8.899999999999997
6684,6685,1221928943#0,17.8959,6.75
6686,6687,1222261294,3.4650000000000003,35.2611570247934
6688,6689,1222261300,11.789800000000001,76.87088607594939
6692,6693,1222588063,25.245,11.099502487562182
6694,6695,1222694073#0,8.660300000000001,1.7019027484143765
6696,6697,1223724815#0,15.819100000000002,5.2105263157894735
6698,6699,1223724816#0,7.390900000000001,0.75
6700,6701,1224943549,4.5375000000000005,0.2999999999999999
6702,6703,122688707#0,8.7989,2.349859656329156
6706,6707,1228389305#1,2.5883000000000003,2.853260869565218
6708,6709,1235878231#0,15.078800000000001,3.0359287054409
6710,6711,1235878232,5.333900000000001,10.372237708560577
6712,6713,1236052177#0,25.2813,53.19117647058826
6714,6715,123900703,3.9413000000000005,0.6222222222222223
6716,6717,124091494#0,58.213100000000004,6.0
6718,6719,1243539046,9.567800000000002,1.5008818713943406
6720,6721,124484963#0,7.0818,1.0456790123456792
6722,6723,124768369,5.6595,0.4095238095238095
6724,6725,1251294863,3.3264000000000005,0.3347708826298245
6726,6727,125136376#0,1.9536000000000002,9.742756804214226
6728,6729,1252126946,0.026400000000000003,0.1111111111111111
6732,6733,1252126956#1,7.839700000000001,0.666666666666667
6736,6737,1252126957#1,0.026400000000000003,0.2777777777777778
6740,6741,1252536808#1,1.0252000000000001,0.33333333333333326
6742,6743,1252536809,10.434600000000001,0.7000000000000002
6744,6745,1254217945#0,0.7711,1.7333333333333334
6746,6747,1254217946#0,0.7568,0.0
6748,6749,1254217954,0.0473,0.0
6750,6751,1254217955#0,2.1087000000000002,0.2666666666666667
6752,6753,1254217956#0,1.9305,0.05000000000000003
6754,6755,1259136474#0,3.7422000000000004,0.41144597290769674
6756,6757,1263001495#0,6.6374,0.7772272852803092
6758,6759,1263001497,2.3705,91.97791605784252
6760,6761,1266275802#0,16.4813,3.19108419990347
6762,6763,1270686454#0,6.4416,0.8626909518213859
6764,6765,1270686454#3,5.4791,2.2834375569182206
6766,6767,1270686454#6,6.0929,3.2692278199524565
6768,6769,1271080431,11.077000000000002,1.4184210526315788
6770,6771,1271080432,0.026400000000000003,1.355263157894737
6772,6773,1271094345#0,2.4464000000000006,0.7663043478260867
6774,6775,1271382121,1.6247000000000003,0.32147937411095306
6776,6777,1273525665,2.7357000000000005,0.29759635134138757
6778,6779,1279825053,3.9644000000000004,0.8442879499217527
6780,6781,1280199531#0,25.067900000000005,10.54795911889799
6784,6785,1283726489,6.719900000000001,0.9556781246922093
6786,6787,1286120542#0,24.4871,8.948164682539684
6788,6789,128648105#0,30.442500000000003,8.566666666666666
6790,6791,128648105#7,23.659900000000004,6.035087719298246
6792,6793,1291137211#0,6.732000000000001,0.9821428571428569
6794,6795,1303137704,18.1808,3.9433080070134405
6798,6799,1316223186,1.8832000000000002,1.0714285714285714
6800,6801,1318124649,8.680100000000001,1.4116199589883802
6802,6803,1323216742#0,2.1175,0.09999999999999999
6804,6805,1323216743,3.6971000000000007,0.41666666666666674
6806,6807,1323216744,2.0944000000000003,0.5894736842105263
6810,6811,13234675#0,5.8036,1.585752360301758
6812,6813,13234675#17,0.9757000000000001,0.2361111111111112
6814,6815,13234675#19,9.7306,2.1269377269908745
6816,6817,13234675#26,15.7674,2.985772357723576
6818,6819,13234675#4,0.020900000000000002,0.1945213616233264
6820,6821,13234675#44,4.0392,0.5536867142371728
6822,6823,13234675#5,0.11110000000000002,0.5771628912728564
6824,6825,13234675#53,6.507600000000001,1.3120134651798867
6826,6827,13234675#6,25.680600000000002,8.316078291178828
6832,6833,133186296#0,2.5421,0.2866445733222866
6834,6835,133186686,0.19140000000000001,69.47115384615384
6836,6837,133664978#0,77.47850000000001,53.12222222222223
6838,6839,133664978#13,47.69160000000001,37.49999999999999
6840,6841,1338114143,1.9492000000000003,0.28958691910499146
6842,6843,1338114144,0.913,1.4510725830149873
6844,6845,1339409833#0,5.0798000000000005,0.3900000000000002
6846,6847,134136139#0,35.77530000000001,38.66666666666665
6848,6849,1351535321,0.015400000000000002,3.6461128310973536
6850,6851,1353098856#0,15.375800000000002,3.7386877828054317
6854,6855,1354374062,1.265,0.23193277310924376
6856,6857,1354374540,0.04510000000000001,0.36764705882352944
6858,6859,136071661#4,5.2019,0.9368421052631579
6866,6867,1364204798,0.4081,26.992424242424246
6874,6875,1374543931,34.9921,11.57027746947836
6876,6877,1375651683#0,8.041,66.09248936240388
6878,6879,1375651684#0,4.081,74.97026207743369
6880,6881,1376856660,4.1063,0.33333333333333326
6882,6883,1376856662,3.9149000000000007,1.531182795698925
6884,6885,137699102#0,18.416200000000003,8.027777777777779
6886,6887,137699103#0,19.385300000000004,0.0
6888,6889,137730212#0,51.3909,83.69999999999999
6890,6891,137732185,1.8568,0.2518366147516897
6892,6893,137732187#0,17.415200000000002,5.471936526594181
6894,6895,137732187#9,29.7264,41.04573934837091
6896,6897,137732189#0,4.565,0.6289424860853433
6898,6899,1379138445,0.5137,69.57599067599065
6900,6901,1379140878,1.3178,1.8312841530054633
6902,6903,1379140880,9.3797,0.9166666666666665
6906,6907,1382919884#0,44.6853,19.555555555555564
6908,6909,1387944442,3.5409,1.9999999999999998
6910,6911,1388042043#1,10.734900000000001,9.344444444444443
6912,6913,1388042043#2,2.7973000000000003,0.2333333333333332
6914,6915,1392163371,13.8061,3.7999999999999994
6918,6919,1396268226#0,12.378300000000001,3.3
6920,6921,1396268565,12.7644,0.0
6922,6923,1396268845#0,11.657800000000002,0.0
6924,6925,1396269091#1,12.560900000000002,0.0
6926,6927,1396269246,15.325200000000002,2.7341430499325257
6928,6929,1402454140,1.9206,0.3995157384987893
6930,6931,1410097954#1,9.6151,0.8888888888888888
6934,6935,141137364#0,3.8346000000000005,0.5923076923076924
6936,6937,141138038#0,30.206000000000003,10.167471466198425
6938,6939,141138038#5,24.8963,7.0666666666666655
6940,6941,141160515#0,44.028600000000004,26.400000000000006
6942,6943,141161387,9.119,15.801378446115288
6944,6945,141161388#0,4.6574,0.9288824383164004
6946,6947,141252791,0.013200000000000002,0.2503556187766714
6948,6949,1414389615,4.799300000000001,1.9238095238095236
6950,6951,1414390226#0,14.661900000000001,9.23809523809524
6952,6953,1414405642#0,7.403000000000001,1.1596902704522498
6954,6955,1414405642#1,5.742,0.7586575133485887
6956,6957,1414406533#0,8.831900000000001,1.989473684210526
6958,6959,1414410470#0,30.048700000000004,5.0
6960,6961,141509559#0,14.664100000000001,3.7
6962,6963,141509559#17,4.224,1.2111111111111112
6964,6965,141509559#4,15.1294,2.5
6968,6969,141551684#0,18.707700000000003,9.3
6970,6971,141552522,17.5868,2.788405797101451
6972,6973,141613056#0,24.278100000000002,5.093333333333335
6974,6975,141613056#7,21.6095,5.166666666666663
6976,6977,141613056#9,13.8138,1.8103448275862069
6978,6979,141614007#0,4.296600000000001,6.098619072433561
6980,6981,141617503,9.867,2.545454545454545
6982,6983,141617506,8.4337,1.1522665596452997
6984,6985,1418992098#0,6.464700000000001,96.37232980081018
6986,6987,1420688727#0,8.0212,1.9504102612468166
6988,6989,1420688729#0,13.6224,2.350140974362337
6990,6991,1420688730#1,1.7754000000000003,12.680424300867893
6992,6993,1420688739,0.4565,0.5444444444444444
6994,6995,1420896601#1,3.6091000000000006,0.5538461538461542
6996,6997,1420896602,1.4707000000000001,0.4319327731092438
6998,6999,1422667622,3.7609000000000004,0.3464646464646467
7000,7001,1424949170#0,4.4352,1.3715140014950267
7002,7003,1424949171#0,5.032500000000001,67.31581168032065
7004,7005,1424949172,1.4542000000000002,0.16331258644536656
7006,7007,1424949173#0,6.468,99.56666666666666
7008,7009,1424949174#0,6.9487000000000005,57.96625421822274
7010,7011,1424949175#0,12.3156,2.527971563351272
7012,7013,1424949176,4.5859,0.48863862866254765
7014,7015,1424949177#0,6.0346,35.70158730158729
7016,7017,1424949178#0,4.6244000000000005,31.89053873976774
7018,7019,1424949179#0,2.3331000000000004,1.149782958591425
7020,7021,1424949180,5.456,0.6083012242110909
7022,7023,1424949181#0,6.109400000000001,8.50990003844675
7024,7025,1424949182,1.4674000000000003,0.2993988467672679
7026,7027,1424949183#0,6.242500000000001,0.7533459178857953
7028,7029,1424949184#0,5.371300000000001,37.39182129346066
7030,7031,142702186,21.1871,5.918803418803415
7034,7035,142769013,18.916700000000002,4.711111111111111
7036,7037,142769014#0,14.613500000000002,7.799999999999998
7038,7039,142769014#6,10.146400000000002,1.7
7040,7041,142769016#0,5.4197,0.5
7042,7043,142769016#3,8.067400000000001,0.7435897435897436
7044,7045,142769016#6,44.03300000000001,18.474358974358974
7046,7047,142770955,2.2253000000000003,0.4920981699531847
7048,7049,142771700#0,0.0352,2.018255578093306
7050,7051,142771701,10.288300000000001,0.9459459459459463
7052,7053,142771702#0,3.4111000000000002,0.24827586206896549
7054,7055,142771970#0,2.2737000000000003,12.031802911534156
7058,7059,142891705,5.3878,0.19999999999999996
7060,7061,142891708#0,0.08800000000000001,0.2571428571428572
7062,7063,142891711#0,36.7631,21.058620689655182
7064,7065,142968327#0,9.0112,2.1096270534260753
7066,7067,142968329#0,1.9976000000000003,0.9571881606765329
7068,7069,142968334#0,6.1644000000000005,67.20975609756098
7070,7071,142978716,0.341,0.2415601105185374
7072,7073,142978716-AddedOnRampEdge,3.8071,2.4001984581329676
7074,7075,142978717,1.8117,0.1165496049165935
7076,7077,142978718,4.1173,0.8881483893286668
7078,7079,143093799,8.041,0.8989068539839552
7080,7081,143179839,1.4608,0.2
7082,7083,14331348#0,3.4837000000000002,0.37543231961836604
7084,7085,14331348#2,0.7799,0.3108090097294414
7086,7087,143627214#0,2.6972,15.211111111111112
7088,7089,143627217#0,1.7710000000000004,0.9797979797979797
7090,7091,143731348#0,21.2311,2.025641025641026
7092,7093,143731349#0,13.432100000000002,2.7296022257615755
7094,7095,143731350#0,20.1993,15.8
7098,7099,143869730#0,8.2192,1.5500000000000007
7100,7101,143905172#0,24.869900000000005,7.440936426116838
7104,7105,143926710#0,12.871100000000002,3.5
7106,7107,144038256#0,8.754900000000001,116.57931034482756
7108,7109,144038257#0,2.3859000000000004,0.1444386611146699
7110,7111,144038258#0,14.1812,6.941798941798941
7112,7113,144038260#0,22.6853,4.537815126050424
7114,7115,144038260#14,18.418400000000002,3.57142857142857
7116,7117,144038260#9,13.6202,2.0333333333333323
7118,7119,144069760,32.239900000000006,4.785714285714287
7120,7121,144159765#0,3.2010000000000005,0.6111111111111115
7126,7127,144159771#0,17.6594,3.714285714285713
7134,7135,144159799#0,19.9276,2.7000000000000006
7136,7137,144159799#15,33.0187,6.666666666666675
7138,7139,144159799#24,3.9776000000000002,0.2808743169398908
7140,7141,144159799#7,22.0605,3.095238095238094
7142,7143,144159805#0,10.894400000000001,0.5
7144,7145,144328216#0,31.901100000000003,19.020408163265305
7146,7147,144328216#7,14.120700000000001,3.791602662570403
7148,7149,144328219#0,7.5493000000000015,1.3871929824561409
7150,7151,144328219#1,49.339400000000005,41.210107367641605
7152,7153,144435600#0,3.8324000000000003,1.8058411214953274
7154,7155,144435600#2,28.4658,8.979136056420803
7156,7157,144435601#0,2.5982000000000003,5.356906077348066
7158,7159,1444518269,4.0282,93.9224358974359
7160,7161,144464776#0,0.015400000000000002,0.26666666666666666
7164,7165,144464777,1.1990000000000003,0.10000000000000006
7166,7167,144882346#0,64.0629,75.27777777777779
7168,7169,1450210388,3.4826,0.3617120572816772
7170,7171,145037483#1,7.627400000000001,0.9238095238095241
7172,7173,145037484,5.4065,0.19999999999999996
7174,7175,145037485#0,14.577200000000001,2.8710526315789475
7176,7177,145037486#0,19.8638,3.9264367816091927
7180,7181,145037490,17.3811,2.2
7182,7183,145037491,12.328800000000001,3.2
7184,7185,145037492#0,28.029100000000003,25.299999999999997
7188,7189,145178196#0,1.5851000000000002,0.8100407055630939
7190,7191,145178196#2,8.905600000000002,1.0854045478582761
7192,7193,145178196#3,29.788,13.367211131276465
7194,7195,145178197#3,7.617500000000001,1.118065433854908
7196,7197,145178199,6.615400000000001,0.772804774083546
7198,7199,145178206#0,3.5332000000000003,0.7
7200,7201,145178215#0,8.648200000000001,1.3000000000000005
7202,7203,145338646#0,14.865400000000001,2.7599999999999993
7204,7205,145348808#0,1.0769,11.276819923371644
7208,7209,145430789#0,4.266900000000001,0.7282051282051283
7210,7211,145430789#1,14.391300000000001,4.559714795008913
7212,7213,145430789#13,4.965400000000001,0.6117561683599421
7214,7215,145430789#6,6.942100000000001,1.292490118577075
7216,7217,145430789#8,6.539500000000001,1.1923076923076925
7218,7219,145430790#0,8.813200000000002,1.5856597120188063
7222,7223,1456936767#0,1.0032,0.23333333333333334
7224,7225,146256531#0,4.3351,2.882051282051282
7226,7227,146256534#0,16.9114,3.9524948735475047
7228,7229,146256534#4,15.671700000000001,3.485974409448818
7232,7233,146390389#0,10.992300000000002,1.7766666666666657
7234,7235,146390389#4,13.9733,3.0105263157894733
7236,7237,146390389#5,10.2608,0.8947368421052632
7238,7239,146390389#6,12.896400000000002,3.266666666666667
7240,7241,146514528,27.186500000000002,7.789727667215319
7242,7243,146514531,5.837700000000001,0.6666666666666669
7244,7245,146523570#1,15.138200000000001,6.2
7246,7247,146523574#0,34.5037,5.800000000000001
7248,7249,146523580#0,39.026900000000005,18.79583333333333
7250,7251,146523598#0,3.5354,0.2692307692307691
7252,7253,146645330#0,1.5444,2.023401719053893
7254,7255,146791396#0,26.995100000000004,12.444444444444441
7256,7257,147571850#0,36.040400000000005,17.68024132730013
7258,7259,147571850#8,31.790000000000003,14.113783533765028
7260,7261,147571851#0,41.44690000000001,13.130904183535758
7262,7263,147571853#0,6.303000000000001,0.635823754789272
7264,7265,147571853#2,24.108700000000002,0.0
7266,7267,147571854,4.161300000000001,0.3823529411764706
7268,7269,147571855#0,9.626100000000001,1.0808111077814408
7272,7273,147706192,0.015400000000000002,0.3283996299722479
7274,7275,147896286#0,1.7655,25.74
7276,7277,14823558#0,34.2738,94.91666666666664
7284,7285,151406643#17,11.7117,2.365051517683097
7286,7287,151883469,7.524,0.9497905409507618
7288,7289,151883470,1.551,0.25344544957804616
7290,7291,151883472,7.0708,0.911112720950449
7292,7293,151899869#0,15.963200000000002,4.870587721023761
7294,7295,151899872,5.469200000000001,0.513991967871486
7296,7297,152508614,3.6333,0.36425640226481737
7298,7299,152508615,0.35530000000000006,0.12879116117850944
7300,7301,152508616#0,7.317200000000001,0.9577771852502461
7302,7303,152508617,5.074300000000001,0.5232464375120351
7304,7305,152508619#0,4.8609,43.399987922705336
7310,7311,152579191#0,3.9523,1.0092592592592589
7312,7313,152962047,0.015400000000000002,0.2
7314,7315,152962050#0,21.6051,5.799794450154167
7316,7317,153095159,0.011000000000000001,2.2747474747474747
7318,7319,153095225,8.5965,131.55446288525187
7320,7321,153095895,4.8653,0.9726432532347508
7322,7323,153097298,19.0487,3.685651618675197
7324,7325,153097300,4.880700000000001,1.2625469646035203
7326,7327,153461496,4.6596,0.3102139320782209
7328,7329,153674044,8.352300000000001,0.8444444444444446
7330,7331,154029239#0,17.0093,1.2000000000000002
7334,7335,154029241#0,30.9463,5.200000000000001
7336,7337,154029242#0,12.7765,0.7000000000000002
7338,7339,154029242#3,13.311100000000001,1.0
7340,7341,154029243#2,6.782600000000001,0.8444444444444446
7342,7343,154029243#3,5.672700000000001,0.7777777777777778
7344,7345,154029243#4,1.9349,0.4078947368421053
7346,7347,154029243#5,8.806600000000001,1.8380952380952382
7348,7349,154029243#6,12.562000000000001,2.9981884057971007
7352,7353,154333523,23.337600000000002,6.542857142857144
7358,7359,154333526#0,7.285300000000001,0.7000000000000002
7360,7361,154333526#1,16.249200000000002,5.852631578947369
7362,7363,154359840,5.2019,0.45903330386089053
7364,7365,154359841#0,2.0207,65.0336808340016
7366,7367,154359890,3.7972,0.6834019009788621
7368,7369,154456892#0,33.2354,11.923423423423424
7370,7371,154456895#2,6.4152000000000005,1.750445632798574
7372,7373,154456896#0,20.098100000000002,12.20952380952381
7378,7379,154916174#1,4.2009,1.4571428571428573
7380,7381,154916174#4,34.324400000000004,3.700000000000001
7384,7385,156356253,1.1242,39.119640951603785
7386,7387,156356254#0,1.5389000000000002,0.24033613445378144
7388,7389,156448307#0,4.466,0.24725274725274712
7392,7393,156448317#0,206.91880000000003,543.3181818181821
7394,7395,156998776#0,138.58790000000002,303.1999999999999
7396,7397,156998786#0,16.522000000000002,2.6222222222222222
7400,7401,156998794,3.2593000000000005,0.0
7402,7403,157006820#0,15.731100000000001,4.621052631578945
7404,7405,157006821#0,0.21890000000000004,0.23333333333333334
7406,7407,157006821#1,5.459300000000001,1.5666666666666667
7408,7409,157006823#0,31.964900000000004,11.566666666666666
7410,7411,157006823#5,29.2479,4.147186147186148
7412,7413,157006823#8,22.889900000000004,3.8095238095238084
7414,7415,157006825#0,22.8151,11.125
7420,7421,157959489#0,20.5733,10.264822134387353
7424,7425,157959490#0,19.9661,6.0739130434782584
7426,7427,157959490#11,9.838400000000002,1.601139601139601
7428,7429,157959490#12,8.901200000000001,7.324675324675324
7430,7431,157959490#7,6.3558,0.9181184668989546
7432,7433,157959490#9,1.6929,0.3484320557491289
7434,7435,157959493#0,14.102000000000002,2.9166666666666665
7436,7437,157959493#1,9.115700000000002,1.5375494071146247
7438,7439,157959493#12,6.3448,1.6356801093643198
7440,7441,157959493#3,10.7151,2.275396825396826
7442,7443,157959493#5,19.7956,3.954123112659698
7444,7445,157959493#6,14.8269,2.253469387755102
7446,7447,157959493#9,11.3289,1.3439849624060156
7448,7449,15802018#0,22.1309,7.2
7450,7451,158027398#0,3.3858,0.3304347826086956
7452,7453,158027398#12,3.0316,1.2631578947368416
7454,7455,158027398#2,9.5128,1.2155797101449275
7456,7457,158027398#3,8.976,1.1323529411764701
7458,7459,158027398#5,9.700900000000003,1.822222222222222
7460,7461,158027398#6,3.0250000000000004,0.4181818181818181
7462,7463,158027398#7,29.164300000000004,2.2637362637362624
7464,7465,158027400#0,3.7829,1.418421052631579
7466,7467,158193259#0,7.0345,1.275132275132276
7468,7469,158193260#0,2.8457000000000003,95.11822660098518
7470,7471,159486641#0,3.2274000000000003,1.437405731523378
7472,7473,160489234#0,2.4816,0.3
7474,7475,160489234#1,9.9847,1.5
7476,7477,160489235#0,5.7387,0.580289193302892
7478,7479,160545484#0,2.5971000000000006,14.200000000000001
7480,7481,160792610,4.268,2.933333333333333
7484,7485,163006337#0,13.810500000000001,4.846153846153845
7486,7487,163006337#2,4.742100000000001,0.6544117647058825
7488,7489,163006337#3,5.883900000000001,1.3602941176470582
7490,7491,163019497#0,24.488200000000003,9.013513513513514
7492,7493,16385596#0,14.7631,3.3098272206243555
7494,7495,16385596#3,2.178,0.34194644880434133
7496,7497,16385596#4,3.5959000000000003,0.39610234726513854
7500,7501,16386379#0,24.1747,2.4107142857142856
7506,7507,16386607#5,24.938100000000002,12.799999999999997
7512,7513,16386629#0,10.373000000000001,2.2333333333333334
7516,7517,16386629#3,8.357800000000001,0.9211822660098525
7520,7521,16386713#10,17.9091,6.844444444444448
7522,7523,16386713#4,22.621500000000005,16.257142857142856
7524,7525,16386713#5,28.924500000000005,9.90151515151515
7526,7527,16386713#7,20.757,9.666666666666666
7530,7531,16386959,4.431900000000001,1.0
7532,7533,16387246#0,17.3536,3.6857142857142837
7534,7535,16387302#0,7.4294,0.20000000000000018
7538,7539,16388188#0,9.273,3.221052631578947
7544,7545,16388515,25.444100000000002,0.0
7546,7547,16389305,25.219700000000003,4.409523809523811
7548,7549,163918104#0,69.7103,59.16666666666664
7552,7553,165316000#0,16.9213,1.1999999999999993
7554,7555,165636083,0.7535000000000002,0.37894736842105264
7556,7557,165636085,1.7798000000000003,0.05263157894736842
7558,7559,165636087,16.703500000000002,2.628787878787878
7560,7561,165636091#0,0.3146,7.068690008726004
7562,7563,165636093#0,0.6116000000000001,0.679298245614035
7564,7565,165636095#0,1.2881000000000002,0.29999999999999993
7566,7567,165636097,1.1044,0.4010928961748634
7568,7569,165636099#0,0.1958,2.1975510204081647
7572,7573,165636102,2.4332000000000003,0.5026799942054178
7574,7575,165636639,14.567300000000001,2.712014616055844
7576,7577,168729339#0,11.891000000000002,2.9324473975636765
7578,7579,168729340#0,0.38830000000000003,0.35238095238095235
7582,7583,17095329#0,10.1761,0.5
7584,7585,17095330#0,26.8686,13.0
7586,7587,17095330#1,22.250800000000005,10.696428571428571
7590,7591,17095331#0,31.966,11.822222222222223
7592,7593,17095331#2,24.162600000000005,6.484210526315793
7594,7595,17095381#0,4.713500000000001,1.4107142857142854
7596,7597,17095381#1,4.358200000000001,87.2490118577075
7598,7599,17100790#0,25.3913,18.995967741935484
7600,7601,17100790#2,25.7862,18.04679802955665
7602,7603,17100790#4,6.2601,23.63970588235294
7606,7607,17100970#0,12.9899,19.124183006535944
7610,7611,17100973#1,0.0792,3.2
7612,7613,172496578#0,0.9845000000000002,1.5227272727272736
7614,7615,172496578#2,24.3276,6.988387588044932
7616,7617,17253246#0,5.8509,0.7465218991534782
7618,7619,172887967#0,7.5669,1.1222222222222225
7620,7621,173016207#0,3.3374,1.148351648351648
7622,7623,173172673#0,17.668200000000002,2.8913043478260883
7624,7625,173172673#10,20.509500000000003,4.0
7626,7627,173172673#3,23.785300000000003,5.555555555555554
7628,7629,173172674,10.2531,1.8880666049953756
7630,7631,174304830#0,1.4399,0.1693474264705882
7632,7633,17467474#0,14.542000000000002,5.838095238095237
7634,7635,174739548#0,39.904700000000005,12.871052631578939
7636,7637,174739550,1.6335000000000002,0.15526315789473688
7638,7639,174739553,2.1164,0.28912380862754916
7640,7641,17477439,2.123,0.8444444444444446
7642,7643,174960052#0,5.681500000000001,114.76666666666668
7644,7645,174960053,0.7953,0.19897959183673466
7646,7647,17560905#0,1.1341,0.29999999999999993
7648,7649,17560905#1,2.6059000000000005,0.19999999999999996
7650,7651,176534650#0,2.4024000000000005,0.43569023569023557
7652,7653,176827008,0.011000000000000001,0.25999999999999995
7654,7655,177092492#0,16.723300000000002,4.773109243697481
7656,7657,177092492#10,39.641799999999996,11.982142857142852
7658,7659,177092492#5,31.002400000000005,15.695238095238091
7660,7661,177092494#0,16.0974,3.3382973442541553
7662,7663,177092494#3,7.753900000000001,1.194380250174242
7664,7665,177092495,2.6301,0.22019961082166856
7666,7667,177092496#0,30.6801,12.697280138518137
7668,7669,177095164,1.6412000000000002,0.47290640394088673
7670,7671,177095166#0,11.196900000000001,2.1354679802955667
7672,7673,177095166#1,9.3709,1.9231306778476598
7674,7675,177095166#10,9.578800000000001,38.70909090909091
7676,7677,177095166#4,13.7643,5.366292134831462
7680,7681,17947675,8.833,0.9088669950738916
7682,7683,17947676#0,9.102500000000001,1.5248078266946197
7684,7685,17947677#0,5.4538,0.7300150829562592
7686,7687,179606416,2.1021,3.5854680950163003
7688,7689,184436925,26.7894,2.300000000000001
7696,7697,187084387,0.026400000000000003,0.11735419630156474
7698,7699,187720237#0,9.042000000000002,1.2678571428571428
7700,7701,190576757#1,14.2417,2.3697478991596648
7702,7703,19095057,9.776800000000001,0.838095238095238
7704,7705,19414015#0,26.957700000000003,34.027777777777786
7706,7707,195549661,10.635900000000001,1.895186293499965
7710,7711,19566275#5,10.0562,2.5
7712,7713,19566275#6,8.6218,1.7888888888888899
7714,7715,19566275#8,78.53890000000001,93.83947368421052
7716,7717,19799437#0,5.9411000000000005,1.3333333333333335
7718,7719,19799437#3,33.591800000000006,36.277777777777786
7720,7721,19799486#0,21.414800000000003,3.6999999999999984
7730,7731,19848864#0,9.7669,1.2999999999999996
7732,7733,19848864#1,7.801200000000001,0.7
7738,7739,19848865#0,6.545000000000001,0.9766666666666666
7742,7743,19848865#2,5.726600000000001,0.7999999999999999
7744,7745,20136152#0,3.3869000000000007,0.5
7746,7747,20136152#1,24.638900000000003,15.285714285714285
7748,7749,201795990,0.9493,2.642857142857143
7750,7751,20336623#0,25.566200000000002,2.944444444444443
7752,7753,20340572#0,25.3275,21.51111111111111
7754,7755,20347040#0,20.714100000000002,21.3
7756,7757,20347040#1,34.4322,11.04999999999999
7758,7759,20347040#2,53.875800000000005,36.699999999999996
7760,7761,20356890#0,4.189900000000001,2.7657894736842104
7762,7763,20356890#1,38.8795,22.300000000000004
7768,7769,206575918#0,6.0555,1.4567099567099568
7772,7773,20847974#1,19.5085,3.1026315789473666
7774,7775,20848060#0,39.216100000000004,21.14285714285714
7776,7777,20848060#4,1.8117,0.2571428571428572
7778,7779,20848105#0,14.388000000000002,2.8380952380952356
7780,7781,20848196#0,15.814700000000002,1.6000000000000012
7786,7787,20850531#0,5.848700000000001,0.5636363636363636
7788,7789,20850531#1,13.708200000000001,4.408403361344537
7790,7791,210368197#0,3.8665000000000003,59.999122807017535
7792,7793,210377056,5.761800000000001,9.799999999999999
7794,7795,218907681#0,1.8315000000000001,0.23595258999122026
7796,7797,218907681#1,17.1776,6.041666666666669
7798,7799,218907681#11,13.3518,3.738738738738739
7800,7801,218907681#13,6.285400000000001,1.2439124487004103
7802,7803,218907681#7,14.130600000000001,3.8725961538461555
7804,7805,218907682,0.40480000000000005,0.17777777777777778
7808,7809,222874792,1.8447000000000002,0.20634920634920623
7812,7813,225780905#0,11.562100000000001,1.7777777777777775
7816,7817,22689738,22.522500000000004,4.333333333333332
7818,7819,22700317#0,20.8549,8.91666666666667
7820,7821,227207543#0,5.6375,16.71729994493233
7824,7825,227558567,10.4478,0.0
7830,7831,22983215#0,1.2452,6.430199430199431
7832,7833,22985076#0,5.702400000000001,0.7177884615384617
7838,7839,230041575#2,16.0325,5.368421052631579
7840,7841,230115571#0,3.7730000000000006,64.4923273657289
7842,7843,230122229#0,5.6199,48.26209223847021
7844,7845,230122234#0,3.4144000000000005,1.400560224089636
7846,7847,230139210#0,12.535600000000002,7.114285714285716
7848,7849,230139211#0,9.4732,1.1142857142857134
7850,7851,230139223#0,9.0046,47.89227856090893
7854,7855,230251443#0,1.4751,83.26043417366948
7856,7857,230251445,1.8073000000000001,0.21820728291316532
7858,7859,230251449#0,7.689000000000001,1.870247933884297
7860,7861,230251450#0,21.844900000000003,5.555413469735718
7862,7863,230251452,13.939200000000001,6.499999999999999
7864,7865,230251453,15.669500000000001,4.914478114478113
7866,7867,230251455#1,20.015600000000003,131.44039548022602
7868,7869,230252868,2.0603000000000002,0.3358974358974358
7870,7871,230252869#0,4.3032,41.937500000000014
7872,7873,230252870,3.2450000000000006,0.5630861040068201
7874,7875,230252871#0,1.7820000000000003,0.25000000000000006
7876,7877,230252871#1,2.3529,0.7403726708074534
7878,7879,230254188,2.4420000000000006,0.19487179487179482
7880,7881,230254189,2.8996000000000004,0.48202959830866804
7882,7883,230254190,2.3144000000000005,0.24358974358974364
7884,7885,230254191#0,4.0766,47.3
7886,7887,230254192#0,1.4828000000000001,0.25402298850574706
7888,7889,230254192#1,0.015400000000000002,0.4379310344827586
7890,7891,230254193#0,2.5410000000000004,0.32293868921775903
7892,7893,230254193#1,0.9339000000000001,0.23333333333333328
7894,7895,230254195#0,7.1544,1.5643678160919536
7896,7897,230254195#1,0.0748,0.3853820598006645
7898,7899,230254196#0,5.6463,92.40840336134454
7900,7901,230254197#0,2.9018,0.5684210526315787
7902,7903,230254197#2,3.3132,0.6554621848739498
7904,7905,230254198,7.2765,1.6155498281786933
7906,7907,230359734,3.4661,0.39768761526457636
7908,7909,230359737,2.1692,0.3140816930590501
7910,7911,230359738#0,2.3199,0.34115347018572806
7912,7913,230359738#2,4.557300000000001,0.7206261510128913
7914,7915,230359738#3,8.037700000000001,0.9313689379987723
7916,7917,230359738#5,9.494100000000001,1.511064967573104
7918,7919,230359738#9,10.1728,47.09465406536326
7920,7921,230359739#0,7.366700000000001,0.8870365246264529
7922,7923,230359739#5,8.6867,37.264243544635946
7924,7925,230359740#0,11.6006,155.32393693263262
7926,7927,230359741#0,5.8212,71.67567108392798
7934,7935,23093327#0,7.3249,1.2066666666666666
7936,7937,23093327#1,3.1471000000000005,0.6000000000000003
7938,7939,23093333#0,7.346900000000001,0.30000000000000004
7942,7943,23093440#0,9.8131,5.199999999999999
7948,7949,23095625,4.7036,0.19999999999999996
7950,7951,23118482,30.063,4.799999999999997
7952,7953,231427517#0,28.255700000000004,7.433333333333331
7954,7955,231855940#0,10.288300000000001,1.9181286549707606
7956,7957,23209253,66.72380000000001,144.99999999999997
7958,7959,23214483#11,12.783100000000001,1.904862085086489
7960,7961,23214483#4,6.059900000000001,1.0393435724805382
7964,7965,23389601#1,20.498500000000003,5.333333333333335
7966,7967,23389780#0,23.523500000000002,4.966666666666667
7968,7969,23394535,2.1758,0.3130904183535764
7970,7971,23394536#0,8.077300000000001,1.0211416490486258
7972,7973,23394536#1,54.19700000000001,92.29554655870444
7974,7975,23394788#0,11.897600000000002,1.6547740400951407
7976,7977,23394788#6,17.792500000000004,75.39778683750728
7978,7979,23394789#0,6.4966,0.5490196078431371
7980,7981,23394789#3,10.6304,1.5579710144927532
7982,7983,23394790#2,12.486100000000002,1.0666666666666667
7984,7985,23395312#0,2.7797000000000005,0.8089453532892442
7986,7987,23611509#0,20.8868,6.646450959905968
7988,7989,23611528,2.9216,0.2741820379269663
7990,7991,23624770,17.4416,3.7333333333333325
7994,7995,23697531,3.0096000000000003,0.30000000000000016
7998,7999,23911532#1,3.3902,0.6469970665431526
8000,8001,23982928#0,15.262500000000001,3.838095238095239
8006,8007,23982933#0,14.923700000000002,2.3222222222222206
8008,8009,24042707,0.5016,0.2777777777777778
8010,8011,24042708,20.4127,4.3
8014,8015,242284225#0,14.337400000000002,0.0
8016,8017,242802481#0,0.8668000000000001,0.9166666666666666
8018,8019,24330008,1.1858000000000002,1.4053911205073988
8022,8023,24405913,11.7524,0.19999999999999996
8024,8025,24508528#0,26.511100000000003,7.920400822199383
8028,8029,24522025#0,49.781600000000005,43.333333333333336
8032,8033,245487369,21.149700000000003,7.042105263157896
8034,8035,24633269#0,18.3073,4.099999999999999
8036,8037,246631281,6.449300000000001,1.007918379777677
8038,8039,246631282#0,2.1549,0.24003807969536242
8040,8041,246631283,1.8964,0.26718691936083255
8042,8043,246631285,2.0229,0.28573109549329795
8044,8045,246631286#0,13.005300000000002,1.9385208711433755
8046,8047,246631288,4.354900000000001,100.89530408006166
8048,8049,24687207,6.0852,0.2
8050,8051,24687411,1.8249000000000002,0.4388198129503122
8052,8053,24687411-AddedOffRampEdge,3.7345,0.3484899409420466
8058,8059,24730765#0,15.584800000000001,3.200000000000001
8060,8061,24730765#3,7.806700000000001,0.5000000000000001
8062,8063,247441050,2.5542000000000002,0.3078087103237371
8064,8065,247441051,1.5543000000000002,0.23110374818803067
8066,8067,247441053,2.8204000000000002,0.2612214630012181
8068,8069,247441057#0,7.107100000000001,104.59158032425741
8070,8071,247441059#0,5.6254,41.75663984236583
8072,8073,247441061,10.5545,1.458158172007535
8074,8075,247441063,14.1394,1.7706272010732864
8076,8077,247441065,1.1583,0.20055554201895642
8078,8079,247441067,2.0988,0.26710754655034946
8080,8081,247441068#0,3.1064000000000003,0.39238525097368354
8082,8083,247441069,0.5016,0.09570244480044574
8084,8085,247441070,3.5728000000000004,0.29980316999896395
8086,8087,247441072#0,7.8771,37.6465814639378
8088,8089,247441073#0,8.8275,69.45988148622675
8090,8091,247441075#0,6.369000000000001,0.6352428059745132
8092,8093,247441077,1.2045000000000001,0.31730769230769224
8094,8095,247441097#0,4.792700000000001,56.41727140783746
8096,8097,24748597,1.5587000000000002,0.29999999999999993
8100,8101,24748598#3,13.6796,1.2000000000000006
8104,8105,24769656,36.0701,10.457142857142857
8106,8107,24769657#0,15.691500000000001,5.65057471264368
8108,8109,24769703,12.1473,32.0
8110,8111,24769704,21.3785,32.0
8112,8113,24769794#0,1.1869,0.326938775510204
8114,8115,24769794#1,11.488400000000002,2.204545454545455
8116,8117,24769794#3,5.217300000000001,0.5642601126472097
8122,8123,24770929#0,1.562,0.24773844939590794
8124,8125,24770929#1,13.561900000000001,2.3909628722970226
8126,8127,24770929#3,20.7999,5.985324675324672
8128,8129,24770929#8,9.253200000000001,1.7316518972960695
8130,8131,24805872#0,8.446900000000001,0.20000000000000007
8132,8133,24888128#0,5.266800000000001,7.130204081632653
8134,8135,24888128#3,8.411700000000002,17.030303030303035
8136,8137,24888128#4,46.7852,25.877777777777773
8138,8139,24888129#0,4.3868,1.3667857142857138
8140,8141,24888129#1,31.321400000000004,11.948730158730166
8142,8143,24888130,2.1846,0.8444444444444443
8148,8149,24939272#0,3.3649000000000004,0.0
8150,8151,24939272#1,10.671100000000001,1.4791666666666665
8152,8153,24943997#0,10.695300000000001,3.5454545454545454
8154,8155,24947430#0,11.6853,1.9222531035760602
8156,8157,24947430#5,8.996900000000002,1.321305136365192
8158,8159,24947430#8,11.553300000000002,2.0605566506021584
8160,8161,24947433#1,1.2298000000000002,2.414355131232249
8162,8163,24986163#0,0.0781,0.31497175141242945
8164,8165,24986163#2,0.015400000000000002,0.2031372549019608
8166,8167,24992427,3.0767,2.0546494030603655
8168,8169,250074100#3,3.5563000000000002,1.8666666666666667
8170,8171,250074100#5,7.949700000000001,2.861111111111111
8172,8173,250558135#0,0.5225,0.2386954309662055
8174,8175,250558135#1,0.2508,0.11465407228476367
8176,8177,250558135#2,0.5247,0.2132486388384755
8178,8179,250558136,0.33440000000000003,0.16843971631205673
8180,8181,250558137#0,0.5082000000000001,0.2245150953697984
8182,8183,250558137#1,0.25630000000000003,0.13099916111086582
8184,8185,250558137#2,0.0649,0.16882092956291628
8188,8189,251534690#0,5.953200000000001,23.66026666666665
8190,8191,251534691,5.0633,4.2857142857142865
8192,8193,251534692#0,1.7611,51.82534449988121
8196,8197,251534696,2.0515000000000003,0.274876113458791
8198,8199,251534697,29.602100000000004,10.431513860490657
8200,8201,251534698#0,4.4395999999999995,43.23849161306591
8202,8203,251534700,4.9247000000000005,54.64666451197505
8204,8205,251922208#0,52.003600000000006,8.0
8206,8207,25200067#2,9.124500000000001,1.9264367816091954
8208,8209,25200068#0,18.4426,1.8222222222222229
8212,8213,25200252,19.521700000000003,3.2
8214,8215,25200255,26.6717,16.333333333333353
8218,8219,25200308#0,4.6431000000000004,0.33511586452762926
8220,8221,25200308#1,9.500700000000002,2.1333333333333337
8222,8223,25200308#4,9.7141,0.4444444444444446
8228,8229,25200468#1,0.29040000000000005,0.23333333333333328
8230,8231,25304846#1,20.0376,5.87200467562829
8232,8233,25409999#0,20.1707,5.650362318840579
8234,8235,25409999#3,23.480600000000003,3.3000000000000003
8236,8237,25409999#7,0.8965,0.0
8238,8239,254844701#0,2.6631,22.0165882967607
8240,8241,254854437#0,5.8146,1.4511311905090343
8242,8243,254854440#0,0.06160000000000001,0.014400694389647282
8244,8245,254854440#1,0.3201,0.08560116988265505
8246,8247,254854440#2,0.5302,0.22655888986212916
8248,8249,25506442#0,4.524300000000001,13.261637784573567
8254,8255,255834242,11.7832,1.9560497111268134
8258,8259,255834262,7.927700000000001,1.149409273679055
8260,8261,255834266,8.364400000000002,1.2852981421659222
8262,8263,255834270,4.0865,0.6181818181818182
8264,8265,255834273,14.7873,2.324437506194867
8266,8267,255834279#0,25.681700000000003,8.351936180260406
8268,8269,255834317#0,5.0105,0.4551724137931035
8270,8271,255834320,14.96,2.7500000000000018
8272,8273,255834365,0.6765,0.11643341981811993
8274,8275,255834389#0,27.7651,9.113463655648351
8278,8279,25797045#0,12.1979,0.0
8280,8281,25858898,5.190900000000001,0.6428571428571429
8282,8283,25858899#0,25.392400000000002,8.569640062597808
8284,8285,258919937,1.5312000000000001,0.17306052855924983
8286,8287,258919938#0,12.680800000000001,61.35218253968258
8288,8289,258919939#0,3.5926000000000005,75.4721246707638
8290,8291,258919940#0,10.7987,2.124228121927237
8292,8293,258932725,2.0878,0.27393740604072675
8294,8295,258932726,2.8666,0.5277299439661065
8296,8297,258932727#0,3.1581,67.65340055782025
8298,8299,258932728#0,5.0798000000000005,4.639613735674832
8300,8301,258932729,0.015400000000000002,0.19311796348511212
8302,8303,258932730#0,1.9635,0.4940808286839845
8304,8305,258932732#0,5.2063,77.54919073310063
8306,8307,258932733#0,0.8338000000000001,60.78531073446329
8308,8309,258932734#0,1.6555,1.2392376382780226
8310,8311,258932735#0,15.3626,4.0903846153846155
8312,8313,258932736#0,4.422,0.49283402681460936
8314,8315,258932736#1,15.455000000000002,2.5818825194621358
8316,8317,258932738,19.224700000000002,24.70634084993128
8318,8319,258932739,0.7876000000000001,0.24518005359126854
8320,8321,258932740,1.9877,0.3402901203690891
8322,8323,258932744#0,2.2825,0.24788859457176848
8324,8325,258932745#0,8.662500000000001,0.9584619782733
8326,8327,258932745#2,0.4015,0.09433962264150943
8328,8329,258932746#0,5.3482,80.50850613540634
8330,8331,258932747#0,9.1696,1.4270605397520062
8332,8333,258932748#0,8.046500000000002,101.1760252152678
8334,8335,258932749#0,2.827,0.29243343444556796
8336,8337,258932750#0,2.8457000000000003,0.3879961740793881
8338,8339,258932751#0,6.2876,3.052740167633784
8340,8341,258932753#0,17.826600000000003,4.169128067427461
8342,8343,258932758#0,4.266900000000001,77.03719362745096
8344,8345,258932759#0,5.5132,70.82663847780128
8346,8347,258932764#0,5.2833000000000006,54.41000000000002
8348,8349,258932765#0,10.720600000000001,4.98095238095238
8350,8351,258932770,0.17490000000000003,0.0990099009900991
8352,8353,258932774,1.5026000000000002,1.5411569894770571
8354,8355,258932775,1.6995,0.2792982456140351
8356,8357,258942637#0,2.3914,60.66561607406681
8358,8359,258942638#0,1.4410000000000003,0.1789441375076734
8360,8361,258942639,0.015400000000000002,0.28355930681512065
8362,8363,258942642#0,6.430600000000001,2.2757728034109936
8364,8365,258942643#0,5.7079,70.83352355673522
8366,8367,258942646#0,1.0186000000000002,68.59023740310084
8368,8369,258942647,4.1492,0.5223449969306323
8370,8371,258942648#0,4.096400000000001,91.33204334365327
8372,8373,258942649#0,10.766800000000002,2.3453245705061674
8374,8375,258942651,0.7986000000000001,0.2651515151515152
8376,8377,258942655,3.718,0.4469696969696969
8378,8379,258942656,0.9449000000000001,0.3791836734693879
8380,8381,258942661,2.0625,17.855864197530867
8382,8383,258942664,8.7791,1.4999999999999998
8384,8385,258942665,3.3220000000000005,24.157578359811072
8386,8387,258942666,11.155100000000001,1.9640403606698147
8388,8389,258942668,19.809900000000003,4.997388632872507
8390,8391,258942669,7.6197,1.0904761904761904
8392,8393,258942671,12.9019,2.6282352941176486
8394,8395,258942672,1.6654000000000002,0.20451580759126717
8396,8397,258942673,28.035700000000002,7.826880779440512
8398,8399,258949951#0,10.131000000000002,1.6728167281672799
8400,8401,258949951#2,1.6731,0.5291028260685072
8402,8403,258949951#4,20.7999,52.229037416053714
8404,8405,258949952,1.8172000000000001,0.2555674645706801
8406,8407,258949953#0,5.5440000000000005,0.6744905935692317
8408,8409,260345644#0,12.0131,2.1552631578947365
8410,8411,260345647,3.9127,0.8908418131359856
8412,8413,260345653,3.7048,12.16216216216216
8414,8415,260345676#0,3.5937,30.0
8416,8417,260510496#0,3.4892000000000003,0.36072871464910977
8418,8419,260510496#3,5.9004,0.8802869577043385
8420,8421,260510496#4,1.6071000000000002,0.31513957307060747
8422,8423,260510496#5,6.0654,0.8558659217877097
8424,8425,260510499,0.7480000000000001,0.2019582981121443
8426,8427,260510502,2.244,0.4015205511998101
8428,8429,260510505,0.28600000000000003,0.23575840768702816
8430,8431,260510507#0,3.3066,58.94163007992797
8432,8433,260510509#0,3.1328,112.03026196928636
8434,8435,260510511#0,11.355300000000002,2.0196952805648447
8436,8437,260510554#0,4.2999,77.88571428571429
8438,8439,260510555#0,4.7399000000000004,63.85312231628024
8442,8443,260756022#2,14.906100000000002,98.23333333333333
8444,8445,261597263,6.0808,0.7192541378587892
8446,8447,262486741#0,20.3852,12.233333333333333
8448,8449,262486741#10,9.9649,1.511111111111111
8452,8453,262486741#6,28.5285,6.799999999999999
8454,8455,26390367#0,10.9219,2.0
8458,8459,2640070#2,18.2589,4.352380952380953
8460,8461,264018843#0,20.761400000000002,5.0073002754820966
8466,8467,26422170#0,16.332800000000002,3.045751633986926
8468,8469,26422170#7,13.187900000000003,1.5256410256410253
8470,8471,264353284#0,2.4464000000000006,0.24725274725274712
8472,8473,264353284#2,1.3882,0.26373626373626374
8474,8475,264479689#0,6.185300000000001,120.07910414095986
8476,8477,264479690#0,2.6367,132.25576985943107
8478,8479,264479692,4.3747,18.224883462819097
8480,8481,264479693,4.5925,18.201008500513538
8482,8483,264512860,0.5599000000000001,0.6648777919449891
8484,8485,264512866#0,7.884800000000001,1.1353482428115007
8486,8487,264512869#1,17.023600000000002,4.7946627299568485
8488,8489,264512871#0,15.5815,3.6249202471172297
8490,8491,264512871#2,2.1373,0.40567427463265443
8492,8493,26609961#0,28.1809,18.26515151515151
8494,8495,26609961#2,22.7601,23.5
8498,8499,26696135#0,3.4254000000000002,43.662827756048095
8500,8501,26696137#0,3.0118,0.23529411764705874
8502,8503,26696137#1,12.188,1.666666666666667
8504,8505,26696144#0,7.634000000000001,1.3203830369357044
8506,8507,26696144#10,9.9792,2.3903846153846158
8508,8509,26696144#11,13.801700000000002,3.2088661551577156
8510,8511,26696144#4,11.4829,2.2217510259917925
8512,8513,26696144#5,9.3863,1.9649831649831648
8514,8515,26696144#7,2.7016,0.4020202020202018
8516,8517,26696144#8,5.0875,0.792592592592592
8520,8521,26710956,0.015400000000000002,64.6025641025641
8522,8523,267120934#0,4.2548,1.5555555555555558
8524,8525,26984582,1.5059,0.4433333333333333
8526,8527,26984583,0.9966000000000002,104.03700564971751
8528,8529,27007966,2.6543,0.4555555555555555
8530,8531,27151613#0,5.4615,72.88985214338895
8532,8533,272007305#0,33.5379,14.8
8534,8535,272007306#0,32.8966,29.5
8536,8537,272007307#0,31.6107,13.777777777777779
8538,8539,27201104,0.6347,0.17777777777777784
8540,8541,27201406#0,2.7269,0.7830188679245284
8542,8543,272024122#0,4.842200000000001,107.90090471335782
8544,8545,27370895,6.7606,5.205747126436781
8546,8547,2746200,16.9213,1.7
8548,8549,2746738#1,11.707300000000002,2.6661538461538465
8550,8551,2746738#3,9.694300000000002,2.323333333333333
8552,8553,2746738#4,11.430100000000001,2.555263157894738
8554,8555,2746738#5,11.979000000000001,2.177777777777778
8556,8557,2746738#6,1.7567000000000002,0.29999999999999993
8558,8559,27583804#0,29.179700000000004,7.777777777777778
8560,8561,27583804#15,1.6291000000000002,0.42192192192192185
8562,8563,27583804#16,27.1579,5.677419354838711
8564,8565,27583804#2,19.580000000000002,4.525641025641023
8566,8567,27583804#6,15.3978,6.944444444444443
8568,8569,27583804#8,21.6128,3.9909274193548363
8570,8571,27583805#0,1.7941000000000003,0.06250000000000004
8572,8573,27583805#1,6.430600000000001,1.0158730158730158
8574,8575,27583805#11,6.567,1.6684088269454125
8576,8577,27583805#14,7.793500000000001,1.1025641025641026
8578,8579,27583805#19,6.624200000000001,0.9948717948717949
8580,8581,27583805#23,11.2827,2.9577218728162116
8582,8583,27583805#26,22.710600000000003,7.2499999999999964
8584,8585,27583805#3,16.001700000000003,4.3919540229885055
8586,8587,27583805#30,26.8928,11.85592497868712
8588,8589,27583805#31,11.2156,2.9078768453768444
8590,8591,27583805#34,3.2054000000000005,12.964629250927823
8592,8593,27606775,4.0865,0.9888888888888884
8594,8595,27608071,3.3132,0.42307692307692296
8596,8597,276744482#0,7.496500000000001,3.38095238095238
8600,8601,280294403#0,8.879199999999999,1.3523809523809525
8602,8603,280299709#0,5.6375,0.5
8604,8605,28213143,15.283400000000002,2.7854393163839455
8606,8607,282753026#0,15.4242,2.2880434782608696
8608,8609,282805626#0,5.7552,0.980952380952381
8610,8611,283457127,12.032900000000001,0.8
8614,8615,283457129,12.9822,1.3333333333333321
8616,8617,283457130#0,14.529900000000001,15.800000000000002
8618,8619,283457130#1,9.7416,2.933333333333333
8620,8621,283485936,25.3209,12.700000000000001
8622,8623,284032700#0,69.8544,66.67063492063492
8626,8627,28446482#0,18.924400000000002,3.249999999999997
8630,8631,28451503#0,1.903,0.26666666666666666
8632,8633,28451503#1,12.840300000000001,0.0
8636,8637,28451507#0,0.5379,0.3958333333333333
8638,8639,28451507#1,1.3332000000000002,0.9888888888888889
8640,8641,28451508#0,18.2578,1.5833333333333324
8642,8643,28451509#0,2.5718,1.4999999999999996
8644,8645,28451509#1,3.5057,3.344444444444444
8646,8647,28451510#2,11.679800000000002,1.5333333333333337
8648,8649,28451511#0,3.5211000000000006,0.8444444444444442
8650,8651,28451511#1,0.25300000000000006,0.30000000000000004
8654,8655,28451512#7,9.401700000000002,1.4269005847953216
8656,8657,28451532,0.0792,0.2222222222222222
8658,8659,28493700#0,44.157300000000006,20.69999999999999
8660,8661,28493700#10,18.936500000000002,0.7
8662,8663,285071123#0,9.484200000000001,2.399999999999999
8664,8665,285071123#1,11.9889,15.61904761904762
8666,8667,285071123#2,7.8661,1.7
8668,8669,28606949#0,16.590200000000003,4.072727272727272
8670,8671,28606950#0,34.1715,18.125000000000007
8672,8673,28606950#8,28.565900000000003,11.149387755102035
8674,8675,28606951#0,33.00770000000001,15.699999999999992
8676,8677,28606952#0,16.7816,3.304347826086958
8678,8679,28606953#0,14.425400000000002,1.3777777777777784
8680,8681,28606953#13,45.90410000000001,18.19117647058824
8682,8683,28606953#2,51.5328,22.439999999999998
8684,8685,28606953#24,16.052300000000002,2.523185483870966
8686,8687,28606954#0,24.0482,13.538011695906428
8688,8689,28606954#6,33.9262,14.892105263157886
8690,8691,28606955,7.0939000000000005,0.8407559919755042
8692,8693,286302667#1,3.1493,0.6784039489921845
8694,8695,28682563#0,19.9309,6.7
8696,8697,2884303#0,11.8514,41.32553747237296
8698,8699,2884303#6,21.062800000000003,6.779335548172756
8700,8701,2884303#8,2.9821,0.5022275459168662
8702,8703,2884303#9,9.814200000000001,2.0600884738264935
8704,8705,288681495#0,10.901000000000002,1.861660079051383
8706,8707,288681495#4,6.960800000000001,1.2371541501976282
8708,8709,288681495#6,10.230000000000002,1.9920948616600789
8710,8711,288791824,10.923,1.49708198239926
8712,8713,288791828,2.519,1.028919330289193
8714,8715,288791829,6.4823,3.3565449010654493
8716,8717,28960948#0,19.9078,9.558823529411764
8720,8721,2897620,1.3354000000000001,0.2389162561576354
8722,8723,2897622#0,9.196,3.4499999999999997
8724,8725,2897622#2,9.7064,3.8
8726,8727,2897622#3,9.8131,0.30000000000000004
8728,8729,2897623#0,4.3417,0.8476190476190475
8730,8731,2897623#2,8.820900000000002,1.5151515151515151
8732,8733,2897623#4,8.904500000000002,1.4891774891774894
8734,8735,2897623#5,27.976300000000002,12.7
8736,8737,2898048#0,14.773000000000001,1.2999999999999996
8738,8739,2898049#0,11.6468,1.523684210526316
8740,8741,2898051,0.7227000000000001,0.0
8742,8743,2898055#0,17.9575,4.916666666666668
8744,8745,2898067#0,6.835400000000001,1.503225806451614
8746,8747,2898067#11,2.3056,0.5075075075075073
8748,8749,2898067#12,5.304200000000001,1.092741935483871
8750,8751,2898067#14,10.836100000000002,3.4308300395256923
8752,8753,2898067#18,6.758400000000001,2.5000000000000004
8754,8755,2898067#21,5.006100000000001,2.123809523809524
8756,8757,2898067#24,6.8222000000000005,0.8566666666666669
8758,8759,2898067#28,12.4234,0.9140211640211642
8760,8761,2898067#29,7.6494,0.9454209065679927
8762,8763,2898067#3,8.211500000000001,1.746438746438746
8764,8765,2898067#31,11.084700000000002,19.230769230769226
8766,8767,2898067#4,12.1462,3.8400000000000007
8768,8769,2898067#7,1.9052000000000002,0.41384615384615386
8770,8771,2898067#8,5.7717,1.1110083256244219
8772,8773,2898068#0,27.190900000000003,8.8
8774,8775,2898068#2,30.646,26.2
8778,8779,2898069#10,6.737500000000001,0.6736842105263158
8780,8781,2898069#12,13.057,1.0
8782,8783,2898069#13,10.459900000000001,1.8787878787878793
8784,8785,2898069#17,10.6964,2.9547101449275366
8786,8787,2898069#3,12.5983,1.1999999999999995
8788,8789,2898069#5,13.871,3.2
8790,8791,2898069#6,18.5361,5.140350877192985
8792,8793,2898069#7,12.529000000000002,2.5897435897435894
8794,8795,290582410#0,21.838300000000004,1.4999999999999998
8796,8797,290582411#0,19.574500000000004,4.300000000000001
8798,8799,290582412#0,10.2289,1.2689655172413794
8800,8801,290582412#2,8.581100000000001,1.3394957983193279
8802,8803,290582413#0,14.219700000000001,2.4284958561100325
8804,8805,290582413#3,12.395900000000001,2.3087151841868834
8806,8807,29129862#0,1.0681,0.0
8808,8809,29129862#3,5.6045,0.8552447552447555
8810,8811,29129863#0,4.1591000000000005,0.3746530989824236
8812,8813,29129869,0.20790000000000003,0.08755760368663595
8814,8815,29131113#0,6.0093000000000005,0.7294372294372294
8816,8817,29131113#1,10.7811,1.5233333333333343
8818,8819,2921417#3,1.7974,0.0
8820,8821,2921417#4,14.5585,8.700000000000001
8822,8823,292748634#0,1.6434000000000002,1.5289732577972717
8824,8825,292748634#3,16.6078,4.661182635406788
8826,8827,292748634#5,10.868000000000002,2.2210875016014207
8828,8829,292748634#6,8.784600000000001,1.7233976636961705
8830,8831,292755364,9.355500000000001,12.127858414719682
8832,8833,292755366#0,0.6072000000000001,0.1754385964912282
8834,8835,292755367#0,35.659800000000004,18.07953072336011
8836,8837,292756440,11.2299,2.0541054323137837
8838,8839,292756441,2.9579000000000004,0.37744780405290224
8840,8841,292756442,2.7797000000000005,0.3241588148217768
8844,8845,293213676#0,5.401000000000001,0.7707070707070703
8846,8847,293213676#5,17.727600000000002,3.0266666666666673
8848,8849,293224799#0,23.6676,5.125641025641024
8850,8851,293224801#0,23.769900000000003,2.0
8852,8853,293233330#0,7.838600000000001,0.20000000000000007
8886,8887,294669436#0,15.631000000000002,12.5
8890,8891,295931061#0,6.0984,69.78305792972458
8892,8893,295931062#0,9.240000000000002,1.4233762324076171
8894,8895,295931062#8,21.939500000000002,7.0897931717277975
8896,8897,295931063#0,8.3237,88.92941609367882
8898,8899,299988912#0,15.3153,7.144153225806453
8900,8901,299988913,0.7172000000000001,0.1129032258064516
8902,8903,299988915#0,6.7540000000000004,4.301994301994302
8904,8905,30017692#12,6.539500000000001,0.8187246238356821
8906,8907,30017692#16,6.446000000000001,0.848073899371069
8908,8909,30017692#21,10.8031,0.8857142857142856
8910,8911,30017692#6,7.901300000000001,1.0203602848764135
8912,8913,30127481#0,14.936900000000001,4.333333333333331
8914,8915,30171114#0,4.4759,0.7631921218877733
8916,8917,30323265#2,5.328400000000001,0.764455782312925
8918,8919,30323346#0,6.891500000000001,0.8014894709809961
8920,8921,30323347#0,30.818700000000003,10.453195533380853
8922,8923,30323349#0,9.834,1.6295069707814753
8924,8925,30323349#10,11.9746,2.0971787534650805
8926,8927,30323349#14,6.736400000000001,1.0002560163850487
8928,8929,303512839#0,1.9822000000000002,0.19999999999999996
8930,8931,304216798#0,41.1092,15.946365248226952
8934,8935,305295506#0,18.425,0.8857142857142853
8936,8937,305295509,3.1834000000000002,0.4226142742582199
8938,8939,30604409#0,11.9548,53.25929482782279
8940,8941,306390407,3.0679000000000003,0.21978021978021972
8942,8943,306396967#0,13.713700000000001,2.2637362637362637
8944,8945,306396967#10,10.2993,1.5666666666666662
8946,8947,306396967#3,7.647200000000001,0.5714285714285714
8948,8949,306396967#5,9.479800000000001,0.7000000000000002
8950,8951,306396967#6,20.7548,6.799999999999999
8952,8953,30772531#0,3.5552000000000006,0.5428571428571428
8954,8955,30772531#2,3.5156000000000005,0.8380952380952377
8958,8959,307852346,30.032200000000003,7.599999999999997
8960,8961,30890656#0,0.5214,0.0790424570912376
8962,8963,30890656#1,27.682600000000004,10.261427425821978
8964,8965,31000984#0,4.642,0.44444444444444436
8976,8977,31097133#0,5.8674,0.8624999999999999
8978,8979,31097133#2,5.652900000000001,1.125
8980,8981,31097133#3,7.813300000000001,0.9999999999999997
8982,8983,31097291#2,6.8112,1.3000000000000003
8986,8987,311181482#0,4.997300000000001,0.6942355889724311
8988,8989,311181487#0,1.6973,125.69729041643932
8990,8991,311181488#0,4.3703,0.44906832298136634
8992,8993,311181489#0,3.8302000000000005,0.4759725400457665
8994,8995,311181490#0,3.9336,0.2
8996,8997,311644189#0,2.1901,2.5963091118800468
8998,8999,311743097#0,5.9851,76.47899159663866
9000,9001,311743098#0,3.1823,38.7
9002,9003,311743450,7.426100000000001,0.5
9004,9005,311773063#0,34.3387,22.694736842105257
9006,9007,311956417#0,41.1433,92.44696969696969
9010,9011,3138669#12,9.249900000000002,1.4924731182795696
9012,9013,3138669#13,8.6438,1.3806451612903226
9014,9015,3138669#14,0.013200000000000002,0.17777777777777773
9016,9017,3138669#15,7.932100000000001,1.5892473118279575
9018,9019,3138669#17,18.1005,5.39047619047619
9020,9021,3138669#4,12.976700000000001,1.7000000000000004
9024,9025,314095467,3.2208,0.6880919111939142
9026,9027,3156749#0,9.4325,2.0370370370370363
9028,9029,3156749#1,10.6689,2.7242937853107336
9030,9031,3156749#2,6.2073,1.028108108108108
9032,9033,3156749#3,5.538500000000001,34.352145045965294
9034,9035,3156901#0,22.3927,3.7333333333333325
9040,9041,317222609#0,10.0166,1.4999999999999998
9044,9045,317222609#3,9.5172,3.2
9046,9047,317222611#0,6.5879,1.2021116138763197
9048,9049,317222611#1,10.045200000000001,1.300813008130081
9050,9051,317222611#2,25.413300000000003,6.845345345345344
9052,9053,317222612#1,22.504900000000003,10.606884057971016
9056,9057,317543380#0,11.6699,1.2000000000000004
9058,9059,317543380#4,2.4156000000000004,0.0
9060,9061,317543381,3.9611000000000005,0.47431077694235624
9062,9063,317543382#0,6.319500000000001,1.1014492753623195
9064,9065,318248788#0,4.1844,85.0336928857108
9066,9067,3185634#0,10.847100000000001,1.8577075098814242
9070,9071,3189024#0,10.9076,2.666666666666666
9072,9073,3189024#2,8.4656,0.6956521739130441
9074,9075,3189024#3,12.260600000000002,1.88235294117647
9076,9077,3189024#4,4.848800000000001,0.5560253699788581
9078,9079,3189024#5,12.962400000000002,3.189625850340136
9080,9081,3189025#0,11.880000000000003,1.527777777777778
9082,9083,3189025#10,36.776300000000006,16.46490384615385
9084,9085,3189025#12,8.1202,38.483560545308755
9088,9089,3189025#8,17.8035,5.955555555555555
9090,9091,3189026#0,0.6457,0.2666666666666666
9092,9093,3189026#1,4.863100000000001,1.0641025641025639
9094,9095,3189026#2,1.5411000000000001,0.7868421052631579
9096,9097,3189026#3,15.6552,3.3553846153846165
9106,9107,32136688#0,6.578000000000001,0.7370241208950894
9108,9109,32136688#4,17.8673,4.052670349907927
9112,9113,32256065,5.4538,1.739487973960535
9114,9115,32256066#0,2.7797000000000005,47.409143787808304
9116,9117,32293100#0,2.8578,0.2573529411764706
9118,9119,323760851,4.312,0.8147368421052635
9120,9121,323760853#0,1.4949000000000001,0.2554385964912282
9122,9123,323760853#1,12.443200000000001,2.3097308488612835
9124,9125,323760853#2,0.5203,0.04754098360655737
9128,9129,3243054#4,15.570500000000001,3.037160952774337
9130,9131,3243055#0,35.50470000000001,17.953168044077145
9132,9133,3243056#0,6.624200000000001,0.8732071457393344
9134,9135,3243056#3,2.5938000000000003,0.42354248065578765
9136,9137,3243059#0,26.669500000000003,21.5
9138,9139,3243059#1,31.983600000000003,24.944444444444436
9142,9143,3243064#0,14.505700000000001,7.910256410256409
9144,9145,3243064#2,8.0487,2.410714285714285
9146,9147,3243064#3,18.383200000000002,8.571428571428571
9154,9155,3243068#0,0.0792,0.14801110083256244
9156,9157,3243068#1,8.5899,8.647619047619049
9158,9159,3243068#2,7.791300000000001,1.0
9160,9161,3243068#3,33.9262,2.1999999999999993
9162,9163,3243068#6,29.430500000000002,13.7
9164,9165,32431609,5.83,100.0949841269841
9166,9167,3245455#0,42.68110000000001,46.844444444444434
9168,9169,3245456#0,10.836100000000002,3.607894736842106
9170,9171,3245457#0,23.868900000000004,10.444444444444443
9172,9173,3245457#7,0.026400000000000003,0.18151260504201683
9174,9175,3245460#0,22.6413,5.377777777777777
9176,9177,3245460#3,2.8501000000000003,0.6731182795698921
9178,9179,3245477#0,24.303400000000003,6.795833333333334
9180,9181,32507257#0,27.9829,10.970588235294116
9182,9183,326512436#0,6.8277,0.6952380952380951
9184,9185,326512437,2.1417,0.9260599859719566
9186,9187,326512438,3.9776000000000002,1.625121765702771
9188,9189,326512439,5.908100000000001,1.3662396322892068
9190,9191,326516911,1.5785000000000002,0.2535726479051845
9194,9195,326516913,1.4322000000000001,0.2504938427268524
9196,9197,326520690,14.9138,2.519625143712735
9198,9199,326520695,3.0569,0.31153348105090506
9200,9201,326520698,5.1898,0.7165964963221058
9202,9203,326520701,7.5702,0.8071444453709103
9204,9205,326520704#0,15.5166,3.3348055453318604
9206,9207,326520706,9.687700000000001,1.3892853266767955
9208,9209,326520707,2.5927000000000002,0.3287539124308469
9210,9211,326520708,13.281400000000001,2.0617544249015154
9212,9213,326520709,15.547400000000001,2.9293638862741247
9214,9215,326520710,18.363400000000002,3.909517578791672
9216,9217,326520711,89.02520000000001,82.16399321857062
9222,9223,32732035,27.281100000000002,2.499999999999999
9224,9225,32732041,8.280800000000001,0.7
9226,9227,32733182,12.536700000000002,1.8952982381659933
9228,9229,3283200,23.592800000000004,5.822222222222221
9232,9233,3283202#0,15.8917,3.2999999999999985
9236,9237,3283202#3,8.004700000000001,0.6964285714285714
9240,9241,3283202#5,6.501,0.1777777777777779
9242,9243,3283203#0,27.955400000000004,5.433333333333334
9244,9245,3283203#1,27.234900000000003,10.267857142857142
9246,9247,3283321#0,9.736100000000002,0.30000000000000004
9248,9249,3283321#2,4.775100000000001,0.8545454545454547
9250,9251,32853221#0,7.918900000000001,1.8075319346085115
9252,9253,32854649#0,5.6023000000000005,1.0475409836065568
9254,9255,32958392#0,1.5928,1.4092707258341937
9256,9257,32958392#3,9.3566,1.2312234293811997
9258,9259,32958392#7,5.4472000000000005,0.7775625885687297
9260,9261,32958392#8,8.1653,1.139869281045752
9262,9263,32958393,0.4136,0.6716998398535804
9264,9265,32958394#0,4.0227,1.194914060298675
9266,9267,32992027#0,0.07370000000000002,0.25000000000000006
9268,9269,32992027#1,0.026400000000000003,0.2394736842105264
9270,9271,32992028,2.9293,33.60570340547376
9272,9273,32992029#0,5.1370000000000005,3.3299235894021635
9276,9277,32992031,0.6336,0.3692373363688106
9278,9279,3301995#0,1.2716,0.2500000000000002
9280,9281,3301995#2,15.098600000000003,3.333333333333332
9282,9283,3301995#3,3.4518,1.3333333333333333
9284,9285,3301995#4,25.136100000000003,6.858974358974364
9286,9287,3301995#6,20.8417,6.2
9288,9289,3301996#0,9.776800000000001,1.7809523809523817
9290,9291,3301996#1,8.3842,0.7000000000000003
9294,9295,3301998#0,16.5506,2.7666666666666657
9296,9297,3301998#2,31.003500000000003,22.785714285714285
9298,9299,3301998#5,20.911000000000005,4.276666666666668
9300,9301,3301999#0,9.374200000000002,1.0
9302,9303,3302000#0,8.7329,0.7
9304,9305,3302000#2,10.854800000000001,2.6964285714285703
9306,9307,3302001#0,1.1803000000000001,2.4999999999999996
9308,9309,3302001#1,13.748900000000003,2.0588235294117654
9310,9311,3302001#2,31.763600000000004,5.333333333333338
9312,9313,3302001#6,15.755300000000002,2.4970760233918123
9314,9315,3302074#0,1.7215,1.0871609028784428
9316,9317,3302175#0,8.239,1.322260606254464
9318,9319,3303591#0,25.824700000000004,10.74
9322,9323,3322000,0.7403000000000001,0.4116172324264809
9324,9325,3322001#0,0.4587,0.2986972088583986
9326,9327,3322001#1,5.8179,13.9607727397466
9328,9329,3322002#0,1.7743000000000002,0.9552318256827014
9332,9333,3322005#1,7.747300000000001,0.7999999999999998
9334,9335,3322006#1,1.0043000000000002,0.2835820895522389
9338,9339,3322008#4,20.445700000000002,2.715384615384614
9340,9341,3322008#7,0.8426000000000001,0.0
9342,9343,3322008#8,10.142000000000001,1.3787878787878787
9346,9347,3322009#2,8.2665,3.8000000000000003
9350,9351,3322011#0,13.443100000000001,0.9444444444444446
9352,9353,3322011#3,25.047,1.6111111111111107
9354,9355,3322011#6,6.8156,0.6589147286821708
9356,9357,3322011#7,9.249900000000002,1.3961038961038963
9358,9359,3322011#8,12.1132,1.256410256410256
9360,9361,3322013,23.7545,11.511111111111108
9362,9363,3322015#0,12.4542,1.7
9368,9369,3322015#6,11.8184,3.2095238095238092
9370,9371,3322015#7,15.493500000000003,4.831578947368421
9372,9373,3322016#0,12.376100000000001,3.111111111111111
9374,9375,3322016#1,9.8417,3.1026315789473684
9376,9377,3322016#3,9.933,2.5413105413105415
9378,9379,3322016#5,8.792300000000001,27.639639639639643
9384,9385,3322100#0,12.2276,2.339945280437758
9386,9387,3322100#1,7.1984,1.1077856025039121
9388,9389,3322100#3,3.0118,0.3769841269841271
9390,9391,3322101#0,29.7935,18.74285714285714
9394,9395,3322103#0,13.3463,2.2
9396,9397,3322103#4,10.5798,1.5619047619047621
9398,9399,3322103#5,14.555200000000001,4.129166666666664
9400,9401,3322103#7,12.944800000000003,3.6444444444444453
9402,9403,3322132#0,16.5968,3.164705882352941
9404,9405,3322132#2,8.4722,1.2823529411764707
9406,9407,3322132#3,24.5135,6.585057471264369
9408,9409,3322132#4,10.2036,1.2142857142857149
9410,9411,3322132#5,11.030800000000001,1.6468253968253974
9412,9413,3322132#8,13.7863,2.225296442687748
9414,9415,3322132#9,11.496100000000002,1.6727272727272733
9416,9417,3322133#0,30.917700000000004,11.114130434782615
9418,9419,3322133#3,43.136500000000005,0.0
9420,9421,3322134#0,8.5822,1.2921052631578944
9422,9423,3322134#1,9.401700000000002,0.8333333333333334
9424,9425,3322134#3,42.788900000000005,36.85294117647059
9426,9427,3322135#0,8.498600000000001,0.5523809523809524
9428,9429,3322135#2,11.310200000000002,0.0
9430,9431,3322136#0,8.715300000000001,0.7777777777777778
9432,9433,3322136#1,11.5082,0.5666666666666668
9434,9435,3322136#5,7.6153,0.7999999999999999
9436,9437,3322136#7,7.048800000000001,0.30000000000000004
9438,9439,3322139#0,0.026400000000000003,0.2
9440,9441,3322139#1,23.6522,9.099999999999998
9442,9443,3322139#3,23.133000000000003,0.0
9444,9445,3322139#5,13.357300000000002,2.8000000000000003
9448,9449,3322286#0,49.5803,25.142857142857142
9450,9451,33287754,0.132,0.17543859649122803
9452,9453,33288051,0.015400000000000002,0.1741450068399453
9454,9455,33288054,0.015400000000000002,0.9961777353081693
9458,9459,332918969#0,18.2611,4.700000000000002
9460,9461,334186514#0,10.3455,2.1930673989497516
9462,9463,334186514#3,7.271000000000001,1.2029339853300736
9464,9465,334186514#6,5.2327,0.7659344258459951
9472,9473,3343135#0,21.367500000000003,1.1944444444444413
9474,9475,3343136#0,20.9407,2.0
9476,9477,3343136#1,9.973700000000001,0.9166666666666666
9482,9483,3343238#0,29.355700000000002,3.485380116959064
9484,9485,3343238#14,27.7068,6.461956521739129
9486,9487,3343238#23,10.710700000000001,3.4107142857142847
9488,9489,3343238#26,6.4438,0.6291666666666667
9490,9491,3343238#27,16.2283,4.699999999999999
9492,9493,3343243#0,17.1061,7.999999999999999
9494,9495,3343243#1,17.3547,2.5960591133004938
9496,9497,3343243#10,19.574500000000004,8.642105263157895
9498,9499,3343243#13,6.826600000000001,1.0933333333333337
9500,9501,3343243#15,4.287800000000001,0.7733333333333334
9502,9503,3343243#16,5.5616,1.0899999999999996
9504,9505,3343243#17,3.7521000000000004,0.27666666666666667
9506,9507,3343243#18,4.3318,0.5839743589743591
9508,9509,3343243#2,8.305,0.5
9512,9513,3343243#7,3.2670000000000003,0.32298850574712645
9514,9515,3343243#8,3.4705,0.6258064516129035
9516,9517,3343243#9,10.428,4.698924731182794
9518,9519,3343297,20.114600000000003,12.200000000000001
9520,9521,33525635#0,12.410200000000001,3.4287437185929663
9522,9523,33525635#5,9.115700000000002,1.9732297063903277
9524,9525,33525635#6,8.328100000000001,1.624148606811144
9526,9527,33525635#7,8.8704,1.971204920324293
9528,9529,33525636#0,11.9801,3.8
9530,9531,33525636#3,10.1761,0.0
9532,9533,33525636#7,10.626000000000001,0.0
9534,9535,33525637,8.2269,1.778947368421054
9536,9537,33525638#0,4.1690000000000005,0.2666666666666666
9542,9543,33525639#2,40.08840000000001,10.700000000000006
9544,9545,33525640,11.372900000000001,2.55195681511471
9546,9547,33525641,0.026400000000000003,0.4418604651162789
9548,9549,33525642,4.5606,0.42307692307692324
9550,9551,33616844#0,7.960700000000001,8.0
9552,9553,33633168#0,50.5692,23.547348484848477
9554,9555,33633168#8,29.8243,6.605758582502771
9556,9557,33633169#0,10.9725,1.0666666666666669
9560,9561,33633171#0,29.9266,0.0
9562,9563,33633171#4,54.1464,0.0
9564,9565,33633172,12.6401,2.844444444444445
9566,9567,337993105#0,30.9584,10.57887902330743
9568,9569,337993106,5.0369,0.5338850731998278
9572,9573,33871990#0,16.5715,2.780952380952381
9574,9575,339795927,3.6267000000000005,0.3793799871673964
9576,9577,33997359,2.4442000000000004,0.380952380952381
9582,9583,3425485#0,19.995800000000003,3.212121212121208
9584,9585,3425485#1,9.592000000000002,2.1428571428571432
9586,9587,3425485#2,10.923,2.606060606060606
9588,9589,3425489#0,18.7341,1.1999999999999997
9590,9591,3425499#0,3.19,0.5630252100840337
9592,9593,3425499#11,28.3173,4.98095238095238
9594,9595,3425499#18,18.568,2.998188405797102
9596,9597,3425499#2,32.3763,0.0
9598,9599,3425499#21,14.196600000000002,1.1238095238095236
9600,9601,3425499#22,8.0927,0.39999999999999986
9610,9611,34340978,3.6157000000000004,0.4651208324009843
9612,9613,34340980#0,4.4143,0.3532940663176267
9614,9615,34340980#1,15.241600000000002,2.7838750527648797
9616,9617,34340981#0,8.5184,1.101135847877727
9618,9619,34340982#0,14.286800000000001,2.911295754488624
9620,9621,3447778#1,3.3396000000000003,0.6222222222222222
9622,9623,3447778#2,0.42900000000000005,0.17777777777777778
9626,9627,345733058,3.0690000000000004,0.2857142857142857
9628,9629,34946878#7,17.268900000000002,3.0459830866807605
9630,9631,34955715,0.1584,0.0
9632,9633,34955716#0,39.28320000000001,6.952380952380953
9634,9635,34955717#3,4.540800000000001,0.6999999999999998
9636,9637,34955717#5,3.7323,0.2999999999999999
9638,9639,34955718,12.467400000000001,0.5
9640,9641,34955724#0,13.6917,12.743333333333332
9642,9643,35004102#0,0.7513000000000001,0.0
9644,9645,35004102#1,4.1690000000000005,0.2999999999999999
9646,9647,350136806#0,2.2242,0.2777777777777778
9648,9649,350136806#2,19.742800000000003,6.123809523809524
9652,9653,35039839#0,31.6976,10.186258902387928
9654,9655,35039839#4,0.2574,0.1578616352201258
9656,9657,35039843#0,11.5599,3.0233333333333334
9658,9659,35039843#3,8.320400000000001,1.2571428571428562
9660,9661,35039843#7,3.0701,0.35999999999999993
9662,9663,35039844,7.814400000000001,0.6770981507823611
9664,9665,35039845#0,35.327600000000004,13.025641025641017
9666,9667,35039845#5,8.423800000000002,0.5714285714285716
9668,9669,35042657#0,17.578000000000003,3.9238095238095236
9670,9671,35043027#0,28.001600000000003,9.611677852348999
9672,9673,35043034#0,14.936900000000001,3.574171029668413
9674,9675,35043036#0,11.916300000000001,2.82894736842105
9676,9677,35043039#0,20.6536,5.582356155171694
9678,9679,35043041#0,11.011000000000001,2.295810055865924
9680,9681,35043607,10.0771,3.3994032395566927
9682,9683,35052911#0,5.9796000000000005,0.7862879933984327
9684,9685,35064461#0,71.50440000000002,26.79999999999999
9686,9687,35078030#0,2.1054,0.6222222222222222
9688,9689,35078030#1,4.6134,0.711111111111111
9696,9697,35078618,11.497200000000001,2.3185185185185184
9698,9699,35078621,10.1266,1.2158651781880632
9700,9701,35108720#0,3.4254000000000002,1.1886392009987512
9702,9703,35108720#10,27.8311,26.506153131711844
9704,9705,35108720#6,6.556,0.5383753501400561
9706,9707,351615223#1,14.296700000000001,2.4365171811298776
9708,9709,351615223#7,1.1924000000000001,0.24082702387885851
9710,9711,351615223#8,4.027100000000001,0.9192439862542962
9712,9713,351615235#4,4.3703,1.2385509227614495
9714,9715,351615235#7,8.0014,1.5603480192521277
9716,9717,35218416#0,2.8974,0.9444444444444442
9718,9719,35262511#0,22.7667,17.688518246013036
9720,9721,3526897#0,12.6621,2.3523809523809525
9722,9723,3526897#1,6.9157,0.48888888888888893
9724,9725,3526898#0,12.752300000000002,0.9999999999999999
9730,9731,353258540#0,1.7710000000000004,28.737879989426375
9732,9733,353666023#0,11.789800000000001,2.677584720773035
9734,9735,353666023#1,19.574500000000004,7.414781505822673
9736,9737,353666023#2,7.520700000000001,1.5921882995053733
9738,9739,353666023#3,8.374300000000002,1.7822490816447436
9740,9741,353666023#7,5.644100000000001,1.1375982676646434
9742,9743,354927560,7.502000000000001,0.532967032967033
9744,9745,3550327#0,64.93740000000001,59.05000000000002
9746,9747,3551567#13,14.840100000000001,2.5
9748,9749,3551567#5,14.5024,3.3496732026143796
9750,9751,3551567#8,20.7218,4.912280701754387
9752,9753,3551810#0,26.761900000000004,8.022702702702698
9754,9755,3551810#7,27.909200000000002,9.53636363636364
9758,9759,3551833#0,23.746800000000004,8.972972972972977
9760,9761,3551833#5,17.5549,5.626893939393938
9762,9763,3551855#0,0.5379,0.1714285714285714
9764,9765,3551855#1,16.72,6.63235294117647
9766,9767,3551855#5,16.337200000000003,3.265120967741935
9768,9769,3551934#0,18.614200000000004,2.785714285714287
9770,9771,3551936#0,20.2862,2.6999999999999997
9774,9775,3552681#0,15.338400000000002,0.7999999999999998
9776,9777,3552681#6,16.020400000000002,2.6999999999999997
9778,9779,3552688#0,8.7813,1.5
9780,9781,3552688#2,0.0517,0.0
9782,9783,3552734#0,66.60610000000001,61.406824146981606
9784,9785,3552734#3,54.697500000000005,45.4146133029483
9786,9787,3552735,0.027500000000000004,0.5
9788,9789,3576881#0,1.8117,1.2755500207555002
9790,9791,3576881#2,35.4585,14.028919146885174
9792,9793,3576882#0,7.2248,1.9728209812108548
9794,9795,3576882#2,13.1164,2.1927317702165747
9796,9797,3576883#0,8.8528,1.953862115403113
9798,9799,3576883#3,4.5804,0.5574947796151023
9800,9801,3576883#4,12.202300000000001,2.450592822471552
9802,9803,3576883#6,6.606600000000001,0.8843194694823588
9804,9805,3576883#7,6.2788,0.9061292814833894
9806,9807,3576883#8,5.439500000000001,0.6197621650269963
9808,9809,3576884#0,1.5004000000000002,1.573548456723505
9810,9811,3576884#2,46.02400000000001,21.860671157774036
9812,9813,35882499#0,41.547000000000004,60.69999999999999
9814,9815,35921905#0,1.3024,0.39999999999999997
9818,9819,359232666#1,4.3043000000000005,0.06666666666666667
9820,9821,35952612#0,47.4782,44.90231325301208
9822,9823,35994258#0,10.0529,1.7069078947368423
9824,9825,35994258#11,3.3264000000000005,0.0
9826,9827,35994258#13,12.4817,0.4
9828,9829,35994258#5,5.9092,0.0
9830,9831,35994258#8,6.264500000000001,1.0666666666666664
9832,9833,360015946#0,8.4931,1.9367816091954024
9834,9835,360015946#1,8.7428,2.1482758620689655
9836,9837,360015946#2,8.774700000000001,1.5678160919540225
9838,9839,36002290#1,5.0809,0.642857142857143
9840,9841,361074024,28.226000000000003,21.511111111111113
9842,9843,361156377#0,13.1956,2.4173215433132684
9844,9845,361156380#0,5.085300000000001,77.6767239393042
9846,9847,361156385#0,3.9633000000000007,33.747552447552444
9848,9849,361156389#0,4.506700000000001,72.75894119876948
9850,9851,361156393#0,3.7587,62.02286946007046
9852,9853,361156396#0,4.3439000000000005,41.65524231865693
9854,9855,361156397#0,5.9257,32.63874216245641
9856,9857,361156398#0,16.111700000000003,3.410006323362969
9858,9859,361156401#0,7.5526,41.25
9860,9861,361262464#0,21.734900000000003,6.215918367346936
9862,9863,361262466#0,24.453000000000003,9.125641025641029
9864,9865,361262466#5,9.700900000000003,2.2304439746300213
9866,9867,361262470,4.0403,2.169461914744933
9868,9869,361462507#4,15.6574,2.9999999999999987
9870,9871,361462508,59.9852,41.31914893617022
9872,9873,3615536#0,15.7146,4.2571428571428545
9874,9875,3615537,0.026400000000000003,0.26666666666666666
9876,9877,3615539#0,15.726700000000003,1.6999999999999993
9878,9879,3615540,18.012500000000003,1.5
9884,9885,3625904#0,11.66,3.6380952380952385
9886,9887,3625904#2,11.8679,4.171428571428572
9888,9889,3625906#0,12.453100000000001,2.9047619047619047
9890,9891,3625906#1,12.443200000000001,3.238095238095238
9894,9895,363470954#2,12.300200000000002,1.3444444444444443
9896,9897,363470954#7,19.3501,6.259057971014494
9898,9899,363470957#3,26.7344,5.4107142857142865
9900,9901,363470959#5,22.320100000000004,0.0
9902,9903,363801259#0,1.1088,125.4094147330927
9906,9907,3654979#0,4.947800000000001,0.7378048780487805
9908,9909,3655020#0,29.8078,6.285714285714291
9910,9911,3655021,0.13970000000000002,0.2421383647798742
9912,9913,3655024#0,12.496,2.916666666666666
9914,9915,3655024#2,8.751600000000002,1.5714285714285714
9916,9917,3655028#0,33.6391,6.500000000000002
9918,9919,3655033#0,7.3634,0.7134920634920635
9920,9921,3655033#1,9.5579,1.3728222996515689
9922,9923,3655033#2,10.7536,1.5695121951219506
9924,9925,3655042#0,29.087300000000003,13.80952380952381
9926,9927,3655042#1,29.495400000000004,13.495238095238093
9928,9929,3655054#0,5.4054,0.9615384615384616
9930,9931,3655064#0,8.5107,1.2678571428571428
9938,9939,3655072#15,14.231800000000002,4.643333333333335
9942,9943,3655072#9,20.9341,10.473333333333331
9944,9945,3655076#0,5.7827,2.3
9946,9947,3655078#0,9.853800000000001,2.9821428571428577
9948,9949,3655078#1,9.9638,2.0
9950,9951,3655080,22.488400000000002,7.0
9952,9953,3655093#0,24.820400000000003,12.799999999999999
9954,9955,366102515#0,38.98950000000001,14.755821078431357
9956,9957,366102516,2.3056,0.2352941176470588
9958,9959,366102517#0,2.1967000000000003,0.1901587301587302
9960,9961,366102518#0,5.313000000000001,0.4235294117647061
9962,9963,366102519#0,5.3647,2.08888888888889
9964,9965,366102520#0,15.418700000000001,2.297979797979797
9966,9967,366102521,2.5289,12.133333333333333
9968,9969,366137236,4.1107000000000005,0.7307873090481791
9970,9971,366137237#0,3.0701,0.4472306420501515
9972,9973,366137237#1,2.2132,0.6916996047430831
9974,9975,366137238,2.2462,0.518981018981019
9976,9977,366137239#0,2.0207,69.04347826086956
9978,9979,366137240#0,7.3227,4.444947209653092
9982,9983,3661678#6,6.740800000000001,0.8000000000000003
9984,9985,3661678#7,10.710700000000001,2.7666666666666666
9986,9987,3689660#0,22.4015,4.314285714285718
9990,9991,3689776#0,18.3095,2.233333333333332
10002,10003,3689781,10.343300000000001,0.6666666666666665
10004,10005,3689782#0,22.7535,8.333333333333336
10006,10007,3689783,7.928800000000001,3.0
10008,10009,3689881#0,7.8078,0.9333333333333331
10012,10013,3689895#0,3.1471000000000005,0.8795321637426899
10014,10015,3689896#0,3.1999,0.9193054136874359
10016,10017,3692212#0,9.5073,2.2
10018,10019,3692212#1,10.2773,0.6999999999999997
10020,10021,3692212#2,8.4161,1.7
10024,10025,3693729#2,10.643600000000001,1.5000000000000002
10028,10029,3693731#0,30.158700000000003,10.589126559714787
10030,10031,3693731#3,29.060900000000004,11.609195402298852
10034,10035,3701102#4,9.183900000000001,1.5849462365591394
10040,10041,37018082#4,36.743300000000005,13.499999999999988
10042,10043,37018139#0,11.1144,1.6000000000000016
10044,10045,37018139#1,0.0792,0.6222222222222223
10046,10047,37018139#2,4.7487,2.066666666666667
10048,10049,37018150#0,13.576200000000002,26.6400580551524
10052,10053,3709038#0,27.064400000000003,13.839473684210532
10054,10055,3709253,14.537600000000001,2.2
10056,10057,371609623,10.571,0.30000000000000004
10058,10059,371609624#1,10.4115,1.9224358974358977
10060,10061,371609624#10,18.7572,6.20909090909091
10062,10063,371609624#14,6.980600000000001,0.7000000000000004
10064,10065,37253337#0,13.675200000000002,1.7789473684210528
10066,10067,37253337#1,25.2846,8.488888888888887
10070,10071,37253348#2,27.737600000000004,54.87719298245615
10072,10073,37253365#0,7.830900000000001,2.4555555555555553
10078,10079,37299313#6,33.827200000000005,2.3
10082,10083,3732664,9.9,1.3703703703703702
10084,10085,3732685#0,36.647600000000004,15.7
10088,10089,373269567#3,16.151300000000003,2.844444444444444
10098,10099,3732947#0,9.6294,2.9333333333333327
10104,10105,37416404#0,1.8425000000000002,2.8035696279116666
10106,10107,37416406,0.1199,2.335604705372148
10108,10109,37416407,0.36080000000000007,134.64433511001766
10110,10111,3747321,15.703600000000002,0.8000000000000005
10112,10113,374909783#0,1.8183000000000002,0.3154121863799283
10114,10115,3753328#0,26.2834,3.3444444444444446
10116,10117,375792027#0,14.0492,2.4709851551956823
10118,10119,37640569#0,9.5381,1.652884615384616
10120,10121,37640569#2,13.247300000000001,3.2274038461538455
10122,10123,37640569#4,9.6239,1.9024844720496894
10124,10125,37640569#5,11.419100000000002,2.4437853107344623
10126,10127,37642925#0,18.231400000000004,3.4095238095238107
10128,10129,37642925#5,23.928300000000004,5.974358974358974
10130,10131,37642928#0,16.340500000000002,3.5714285714285716
10132,10133,37665284#0,1.5543000000000002,5.363205519737586
10134,10135,37666014,5.032500000000001,2.6467465227502105
10136,10137,37666015#0,0.07370000000000002,127.10494949494952
10138,10139,37666017#0,7.319400000000001,1.2987273361227338
10140,10141,37666023#0,5.6397,60.69265463917528
10144,10145,37739521#6,10.9307,0.9333333333333331
10148,10149,37740361#0,1.2199,11.249074563722896
10150,10151,37742464#0,5.9796000000000005,0.7531477111845213
10152,10153,37742464#2,1.3783,0.27776309579990544
10154,10155,37742467#0,12.602700000000002,2.549881422924902
10156,10157,37743290#0,13.427700000000002,3.861953105242242
10158,10159,37743291#0,11.926200000000001,2.489155514536226
10160,10161,37768220#0,12.444300000000002,1.3
10162,10163,37768220#2,11.136400000000002,0.7000000000000002
10164,10165,37768220#5,43.5204,8.233333333333334
10166,10167,377972366#0,2.4871000000000003,42.0
10168,10169,377972370#0,3.5189,24.2
10174,10175,377972377#0,5.6628,63.642857142857146
10176,10177,377972385#1,14.5904,3.6964714479590803
10178,10179,377972386#0,7.5559,33.341722284019276
10180,10181,377972387#0,6.746300000000001,35.47810169856522
10182,10183,377972388#0,22.9801,6.682498271540919
10184,10185,377972389#0,7.454700000000001,37.45782372966838
10190,10191,379604041,13.817100000000002,1.93873731901901
10192,10193,381152735#0,9.9506,1.4076142783769905
10198,10199,38273890#0,9.928600000000001,2.5506081220366936
10200,10201,38273892#0,16.869600000000002,27.967532467532457
10202,10203,38273893,9.634900000000002,4.177777777777777
10206,10207,3846298#0,50.1985,16.0
10210,10211,3846325,52.91330000000001,3.333333333333337
10212,10213,3846337#0,11.0154,0.0
10214,10215,3846337#2,7.746200000000001,1.339971550497866
10216,10217,3846337#3,7.953000000000001,2.085714285714286
10218,10219,3846341#2,7.3161000000000005,2.1428571428571423
10220,10221,3846341#4,10.333400000000001,2.45
10224,10225,38522958,7.8672,2.1564974382859803
10226,10227,38522960#0,43.8669,16.699999999999996
10228,10229,38562403#0,10.129900000000001,8.777777777777779
10234,10235,38562406#0,5.404300000000001,0.8304093567251463
10236,10237,38609704#0,32.0452,11.480519480519476
10238,10239,38609704#13,10.7536,1.2777777777777772
10240,10241,38609705#0,2.5256,0.47011603125739987
10242,10243,38609707#0,3.9391000000000003,0.4954996186117471
10244,10245,38625064#0,15.098600000000003,3.3040638606676356
10246,10247,38625066#1,2.2352000000000003,1.0803185745140393
10248,10249,38625066#3,10.282800000000002,1.5620906175181817
10250,10251,38625066#4,7.404100000000001,1.1768669732043768
10252,10253,38625066#5,5.167800000000001,0.675805074145324
10254,10255,38625066#6,1.3222,0.2101638485393903
10256,10257,38634656#0,1.0769,0.30000000000000004
10258,10259,386516182,0.24750000000000003,0.08492681133531123
10260,10261,386516183,0.6094,0.19953364597874215
10262,10263,386516184#0,0.5456000000000001,0.16094718533390448
10264,10265,386516185#0,3.3352000000000004,10.541787914288948
10266,10267,386516186#0,2.0405,0.3155019138165207
10268,10269,386516210#0,9.680000000000001,1.3588063312833951
10270,10271,38684263,4.0711,0.5428571428571429
10272,10273,38684265#0,9.0442,2.485272803777641
10274,10275,38684265#2,13.745600000000001,4.163754663754663
10276,10277,38684265#4,27.0765,11.596260093497657
10278,10279,38684615#0,8.613000000000001,2.1645971055922835
10282,10283,38876178#2,0.8316000000000001,0.2314413484692123
10284,10285,38876178#3,7.4217,1.3018474842767294
10286,10287,38876178#7,9.9924,41.29919760641916
10288,10289,38876179#0,18.2325,2.80952380952381
10290,10291,38876179#1,11.236500000000001,1.4710144927536235
10292,10293,38876179#2,10.8922,2.4999999999999996
10294,10295,38876179#3,11.746900000000002,1.3000000000000003
10296,10297,38876179#5,23.6731,4.800000000000001
10298,10299,38876179#7,16.533,10.300000000000002
10300,10301,38876180#11,11.361900000000002,2.987192982456139
10302,10303,38876180#12,2.0823,0.493599590373784
10304,10305,38876180#13,13.154900000000001,4.158775510204084
10306,10307,38876180#2,18.0224,4.467005076142135
10308,10309,38876180#4,2.5993000000000004,0.34810544646610203
10310,10311,38876180#5,14.0085,2.8246281914623634
10312,10313,38876180#7,14.227400000000001,3.3785421785421783
10314,10315,38876180#8,15.009500000000001,3.842376237623765
10316,10317,3903524#0,4.5133,1.6197823204760593
10320,10321,39306504#0,10.213500000000002,0.7000000000000002
10322,10323,3931767#0,24.652100000000004,6.322222222222222
10324,10325,3931767#13,17.9575,1.288888888888888
10326,10327,3931767#5,32.1167,7.9999999999999964
10330,10331,3960574,8.3017,2.0
10332,10333,3960575#0,22.136400000000002,5.7
10334,10335,3960575#15,24.024,19.0
10336,10337,3960575#22,2.4915000000000003,0.25000000000000006
10340,10341,3960575#9,16.203000000000003,4.299999999999999
10342,10343,3960689#0,8.3589,3.7000000000000006
10344,10345,3960689#1,8.2346,1.6666666666666667
10346,10347,3960690#0,8.5569,1.5
10348,10349,3960690#1,8.525,1.3
10350,10351,3960691#0,8.5844,0.8181818181818186
10352,10353,3960691#1,8.5767,1.1
10354,10355,3960692#0,12.507,1.8499999999999994
10356,10357,3960693#0,2.6488,0.4502923976608186
10358,10359,3960693#1,21.0298,13.500000000000002
10360,10361,3960693#11,2.0878,0.4555555555555555
10362,10363,3960693#12,22.416900000000002,8.699999999999998
10366,10367,3960694#0,22.4466,0.0
10368,10369,3960694#1,16.3394,7.466666666666664
10370,10371,3960694#3,2.1791000000000005,0.21818181818181812
10372,10373,3960694#4,23.4278,4.666666666666668
10376,10377,3960862#0,13.156000000000002,2.7222222222222214
10378,10379,3960862#1,7.608700000000001,0.6111111111111113
10380,10381,3960862#2,7.9244,0.25000000000000017
10382,10383,3978998#0,22.6677,8.840659340659336
10384,10385,3978999#0,15.8488,6.700000000000001
10386,10387,3979001#0,17.512,7.2666666666666675
10388,10389,3979002#0,12.1044,3.3052631578947387
10390,10391,3979002#1,8.201600000000001,0.19999999999999996
10396,10397,3979003#1,9.486400000000001,1.7885057471264367
10406,10407,3979006#0,6.824400000000001,1.2951219512195122
10408,10409,3979006#2,8.423800000000002,1.526050420168068
10410,10411,3979006#3,8.8748,0.8888888888888888
10412,10413,3979007#0,40.766000000000005,18.300000000000004
10414,10415,3979008,22.623700000000003,8.114285714285712
10418,10419,3979010#0,12.335400000000002,1.3
10420,10421,3979010#2,6.1325,1.1238095238095243
10426,10427,3979021#0,2.0119000000000002,5.294117647058824
10428,10429,3986114#0,11.888800000000002,0.553571428571429
10430,10431,3986114#1,11.657800000000002,1.7000000000000006
10432,10433,3986114#3,11.037400000000002,5.199999999999999
10434,10435,3986114#4,14.509,2.299999999999999
10438,10439,3986115#0,20.124500000000005,6.527777777777777
10440,10441,3986115#2,19.0806,6.200000000000001
10442,10443,3986116#0,19.000300000000003,11.3
10446,10447,3986117#0,18.029000000000003,4.177777777777778
10450,10451,3986119,10.231100000000001,4.4625
10452,10453,3986698,40.6142,31.4095238095238
10454,10455,3994235#0,28.297500000000003,14.853260869565217
10456,10457,3994239#0,19.9936,2.3
10458,10459,3994239#1,8.990300000000001,1.8766666666666667
10460,10461,3994239#2,4.4990000000000006,0.4534412955465584
10462,10463,3994239#3,2.4816,0.3
10464,10465,3994239#4,7.516300000000001,0.7666666666666677
10466,10467,3994239#5,7.2248,1.2
10468,10469,3994239#6,5.7453,0.20000000000000004
10470,10471,3994240#0,13.526700000000002,1.9000000000000008
10472,10473,3994240#1,4.2152,0.0
10476,10477,3994241,19.8308,0.5666666666666663
10478,10479,3994242#0,16.7849,2.206666666666666
10480,10481,3994242#1,7.474500000000001,1.2
10482,10483,3994243#0,6.747400000000001,0.0
10484,10485,3994243#1,10.5149,1.6428571428571423
10486,10487,3994243#2,13.182400000000001,4.545454545454545
10488,10489,3994245,19.924300000000002,2.2999999999999985
10490,10491,3994246#0,7.139000000000001,0.30000000000000004
10492,10493,3994246#3,8.957300000000002,1.3161764705882355
10494,10495,3994246#4,9.296100000000001,2.1714285714285717
10496,10497,3994246#5,14.292300000000001,3.854545454545454
10498,10499,3994246#6,28.290900000000004,10.700000000000006
10500,10501,3994246#8,7.001500000000001,10.860294117647062
10502,10503,3994247#0,19.4095,0.0
10504,10505,3994248#0,13.237400000000003,1.2000000000000002
10508,10509,3994250#0,15.697000000000001,2.435897435897435
10510,10511,3994252#0,9.9187,1.3777777777777778
10512,10513,3994252#2,15.8917,1.5
10514,10515,3994254,15.746500000000001,2.800000000000001
10516,10517,3996182#0,14.919300000000002,1.3973684210526325
10518,10519,3996183#0,8.901200000000001,0.6727272727272727
10520,10521,3996183#2,17.844200000000004,3.3000000000000003
10522,10523,3996991,0.0176,0.0
10528,10529,4003710#0,3.5530000000000004,5.941414141414142
10530,10531,4003710#2,1.8359,2.028571428571429
10532,10533,4003710#3,6.196300000000001,7.8181818181818175
10534,10535,4003820,0.9768000000000001,0.39999999999999997
10536,10537,4004659,7.019100000000001,0.6742424242424245
10538,10539,4005487#0,22.5522,7.706153846153845
10540,10541,4005487#2,32.239900000000006,15.772079772079783
10544,10545,4005488#7,32.1816,1.5833333333333315
10546,10547,4005488#9,16.8113,4.638095238095239
10548,10549,4005489#0,20.341200000000004,2.9411764705882355
10550,10551,4005489#3,32.4082,6.333333333333336
10552,10553,4005489#4,13.3529,3.5999999999999988
10554,10555,4005490#0,11.654500000000002,10.654545454545453
10556,10557,4005490#1,10.6172,1.2360752056404234
10558,10559,4005490#2,14.229600000000001,2.311686368397426
10560,10561,4005490#3,9.568900000000001,1.3248081841432222
10562,10563,4005490#5,21.9538,5.934907207029977
10564,10565,4005491#0,8.3963,2.344736842105263
10566,10567,4005491#1,9.736100000000002,2.5714285714285716
10568,10569,4005492#0,8.9694,0.6102941176470589
10570,10571,4005492#1,8.6823,0.8444444444444446
10572,10573,4005492#2,11.104500000000002,1.5999999999999994
10574,10575,4005493,13.586100000000002,3.566666666666665
10576,10577,4005494#0,8.5184,0.9924242424242418
10578,10579,4005494#14,16.192000000000004,7.85
10580,10581,4005494#3,10.1332,0.6666666666666666
10582,10583,4005494#5,8.6152,0.7352941176470589
10584,10585,4005494#8,8.759300000000001,1.9
10586,10587,4005494#9,9.7416,0.0
10590,10591,4005496,14.0998,3.8000000000000003
10592,10593,4005497#0,14.621200000000002,4.238095238095238
10594,10595,4005499#0,15.401100000000001,2.244565217391304
10596,10597,4005500#0,20.710800000000003,6.23225806451613
10598,10599,4005500#2,29.495400000000004,9.623333333333338
10600,10601,4006223#0,2.0779,0.13150266971777272
10604,10605,4061600#0,2.0119000000000002,0.2736842105263158
10606,10607,4061600#2,36.8808,14.99311104987599
10608,10609,4061601#0,8.7131,0.2999999999999998
10610,10611,4061603#0,6.030200000000001,2.26888391890917
10612,10613,4061604#0,3.6289000000000002,0.3779597536977084
10614,10615,4061606#0,15.853200000000003,6.064945226917058
10616,10617,4061606#11,25.392400000000002,6.455130784708248
10618,10619,4061606#14,15.1734,3.0153846153846144
10620,10621,4061606#4,23.7402,6.325553319919517
10622,10623,4061607#0,8.632800000000001,1.8233333333333326
10624,10625,4061607#4,20.424800000000005,7.508771929824557
10626,10627,4061607#8,6.776000000000001,1.134502923976608
10628,10629,4061608#0,11.798600000000002,2.643589743589742
10630,10631,4061622,0.026400000000000003,11.492436974789914
10632,10633,4061623#0,14.412200000000002,2.874481371629439
10634,10635,4061626#0,3.3231,0.28571428571428564
10636,10637,4061627#0,3.4287,0.42233766233766223
10638,10639,4061628,0.8976000000000001,4.031851771615639
10640,10641,4068433#0,9.5172,1.7
10642,10643,4068433#1,8.192800000000002,0.5444444444444445
10646,10647,4068434#1,35.976600000000005,14.011111111111111
10650,10651,4068435#1,26.653000000000002,8.552380952380952
10652,10653,4073022,4.0975,0.7829260345389378
10654,10655,4073031#0,4.115100000000001,2.0227272727272725
10656,10657,40742406#0,13.790700000000003,3.1666666666666665
10658,10659,4074422#0,20.005700000000004,3.1999999999999993
10660,10661,4074422#6,24.541,5.066666666666666
10664,10665,4074423#1,10.1024,1.3888888888888888
10668,10669,4074424#2,9.3269,1.054945054945055
10670,10671,4076446#0,1.1132000000000002,0.0
10672,10673,4076473#0,19.0102,9.824175824175827
10674,10675,4076473#1,9.4743,1.9809523809523815
10676,10677,4076474#0,12.060400000000001,8.383333333333333
10678,10679,4076474#2,11.8338,2.430499325236167
10680,10681,4076474#4,13.0592,1.7291666666666665
10682,10683,4076475#0,18.867200000000004,4.243842364532024
10684,10685,4076476#0,3.7752000000000003,0.48512926103866383
10686,10687,4076476#2,13.307800000000002,2.7885245901639357
10688,10689,4076476#20,31.248800000000003,13.5
10690,10691,4076476#4,12.105500000000001,1.953654188948307
10692,10693,4076476#9,28.1842,9.412549019607845
10694,10695,4076479#0,9.630500000000001,0.7
10696,10697,4076479#2,29.810000000000002,12.409523809523813
10698,10699,4076482#0,1.6973,4.823333333333333
10700,10701,4076483,6.884900000000001,0.7142857142857144
10704,10705,4076484#1,9.2169,0.7999999999999999
10706,10707,4076496#0,12.991000000000001,2.7114624505928857
10708,10709,4076496#2,5.0248,0.40711462450592906
10710,10711,4076496#4,17.5879,4.254545454545454
10712,10713,4076499#0,5.3823,0.5721301722719385
10714,10715,4076501,4.859800000000001,0.0
10718,10719,4076551#0,9.6811,2.2320248736883035
10720,10721,4076563#15,18.298500000000004,3.999999999999999
10726,10727,4076565#0,11.8041,1.788888888888889
10728,10729,4076565#3,2.7005000000000003,0.30000000000000004
10736,10737,4080242#0,3.6157000000000004,0.4801616077903243
10738,10739,4080255#0,13.1109,2.7388192699285425
10740,10741,4080257#0,12.3167,2.8088092463092442
10742,10743,4080258,0.8811000000000001,0.27864546691055775
10744,10745,4080259#0,1.5455,42.96767676767677
10746,10747,4080260,2.1296,0.2963966520073771
10748,10749,4080261,2.1934,0.2857863304578633
10750,10751,4082054#0,21.2696,6.249271986022129
10752,10753,4082054#10,11.084700000000002,13.832304708164358
10754,10755,4082061#0,2.6807,2.4334975369458127
10756,10757,4082066#0,6.618700000000001,2.289954337899543
10758,10759,4083286#0,0.6050000000000001,0.0
10762,10763,4083287#0,7.727500000000001,0.5
10764,10765,4083287#2,14.751000000000001,2.4888888888888903
10772,10773,4083289#5,7.0906,0.2999999999999999
10774,10775,4083290#0,34.276,8.300000000000004
10776,10777,4083291#0,11.693000000000001,4.5
10778,10779,4083292#0,9.999,2.0
10780,10781,4083293#0,23.3134,5.654545454545454
10782,10783,4083293#4,15.483600000000003,5.828571428571429
10784,10785,4083295#0,20.887900000000002,4.113978494623656
10786,10787,4083297#0,70.42420000000001,56.0796370967742
10790,10791,4083302#0,13.080100000000002,7.0666666666666655
10792,10793,4083305#0,34.067,21.586580086580085
10794,10795,41405070,0.026400000000000003,0.2526315789473684
10796,10797,414460382,4.7014000000000005,0.792956387062019
10798,10799,41821146#0,3.2703,0.17777777777777776
10802,10803,41873406#0,5.044600000000001,0.7000000000000002
10804,10805,421117035,0.026400000000000003,0.22105263157894733
10806,10807,42150869,0.8998,0.30429732868757264
10808,10809,42150870#0,8.0553,1.0923344947735187
10810,10811,42150870#11,6.5978,1.1285310734463276
10812,10813,42150870#15,11.0462,1.858474576271187
10814,10815,42150870#3,5.6694,1.4764107308048104
10816,10817,42150870#5,3.4232000000000005,0.341350601295097
10818,10819,42150870#8,6.585700000000001,1.1539115646258502
10820,10821,42150872#0,12.963500000000002,2.5381479324403027
10822,10823,42150873#0,12.4388,1.6858552631578947
10824,10825,42150873#8,6.567,1.07177033492823
10828,10829,4228620#0,25.274700000000003,3.2727272727272716
10830,10831,4228622#0,12.819400000000002,0.9333333333333336
10832,10833,4228622#4,19.855000000000004,3.0666666666666713
10836,10837,4228624#0,8.695500000000001,0.5444444444444448
10838,10839,4228624#1,9.2345,0.2999999999999998
10840,10841,4228624#2,9.394,1.0
10846,10847,4228627#2,8.846200000000001,0.0
10848,10849,4228628#0,7.376600000000001,1.3000000000000003
10850,10851,4228628#16,12.1264,3.4791836734693877
10852,10853,4228628#17,5.8091,0.9587301587301582
10858,10859,4228628#9,13.867700000000001,3.2111111111111117
10860,10861,4228629,30.839600000000004,17.33333333333334
10862,10863,4228630,0.8283,0.2638655462184874
10864,10865,4228633#0,46.1879,59.999999999999986
10866,10867,4228633#2,65.9846,200.4999999999999
10868,10869,4228634#0,90.35400000000001,117.60000000000001
10872,10873,4228637#0,15.3076,4.0
10876,10877,4228898#7,23.421200000000002,4.7
10878,10879,4228902#0,7.6263000000000005,1.8394736842105253
10880,10881,4228904#0,6.468,0.1777777777777777
10882,10883,4228904#1,2.0669,0.3600000000000001
10884,10885,4228904#2,4.965400000000001,0.5368421052631578
10886,10887,4228904#4,2.8072000000000004,0.36842105263157887
10888,10889,4228904#5,3.9446000000000003,1.9052631578947365
10894,10895,4228907,23.058200000000003,2.7
10896,10897,4228908,25.103100000000005,3.4999999999999996
10898,10899,4228910,16.5396,2.8444444444444446
10900,10901,4228913#0,40.0191,32.5
10904,10905,4228917#0,7.987100000000001,2.8318681318681334
10906,10907,4228917#3,8.0531,2.4780487804878057
10908,10909,4228924#0,2.4497,0.7109243697478992
10910,10911,4228924#2,10.7437,1.8184210526315792
10912,10913,4228926#0,6.9003000000000005,1.008220837660089
10914,10915,4228926#1,11.3641,4.98889659958362
10916,10917,4228927#0,2.0812,0.2563869992441419
10918,10919,4228928#0,2.1934,0.3193424734436818
10920,10921,4228929,0.7194,1.9411764705882353
10922,10923,4228930,0.9482,0.39826839826839816
10924,10925,4228931#0,2.5366000000000004,0.2610040781887222
10926,10927,4228932#0,2.4706,0.27237813364339447
10930,10931,4228935,15.644200000000001,4.14410569527805
10934,10935,4228941#0,6.158900000000001,0.3263157894736841
10936,10937,4228942#0,1.6093000000000002,1.7288359788359786
10938,10939,4228943,1.0230000000000001,0.13333333333333328
10940,10941,4228944,2.6477000000000004,0.2698667842776755
10942,10943,4228945,2.6598,0.3082004485820505
10944,10945,4228946,2.8809000000000005,0.3933333333333333
10946,10947,4228947,1.2584,0.26052631578947366
10948,10949,4228948,2.3364000000000003,0.2646309307300679
10950,10951,4228949#0,2.3738,0.2778875683730396
10952,10953,4228952#0,2.2275,0.3975867038524668
10954,10955,4228983#0,9.757,0.6666666666666666
10956,10957,4228986#0,28.884900000000002,26.920512820512833
10958,10959,4228986#2,93.76950000000001,160.16615384615386
10970,10971,4229043#0,46.7808,25.700000000000003
10972,10973,4229044#0,41.20270000000001,27.495238095238086
10974,10975,4229048#0,88.54450000000001,97.30000000000001
10978,10979,4229077#0,6.835400000000001,2.476190476190476
10980,10981,4229686#1,3.3913000000000006,2.638095238095238
10982,10983,4229686#2,31.120100000000004,26.952380952380963
10984,10985,4230954,1.4014000000000002,0.2910320958221584
10986,10987,4230962,5.8432,0.34266308404239443
10988,10989,4230962-AddedOffRampEdge,3.7257000000000002,0.34242051052395867
10990,10991,4230968,4.345000000000001,0.890909090909091
10992,10993,4231195#0,4.635400000000001,1.0704256495301274
10994,10995,4231195#12,3.6894000000000005,1.0208492864601464
10996,10997,4231195#15,44.503800000000005,19.87520173805089
10998,10999,4231195#4,4.570500000000001,0.6667262969588548
11000,11001,4231195#8,3.5046000000000004,0.601438848920863
11002,11003,4231198#0,4.661800000000001,1.461834853436083
11004,11005,42376205#0,22.2838,9.74712643678161
11006,11007,42506321#0,13.607000000000001,2.6177370030581026
11008,11009,42506322#0,22.235400000000002,5.584621727478873
11012,11013,4252498,63.705400000000004,93.5
11014,11015,4252547#0,46.728,17.212765957446802
11016,11017,4256770#0,33.3091,81.28125000000001
11018,11019,4256770#2,58.284600000000005,89.67666666666666
11020,11021,4256770#5,32.351000000000006,13.500000000000004
11024,11025,4265489,2.3386,0.661904761904762
11026,11027,4265491,0.9229,0.24009661835748788
11028,11029,4265495#0,0.6248,0.2651515151515152
11030,11031,4268724#0,11.8547,8.5
11032,11033,4268724#2,23.433300000000003,1.2000000000000004
11038,11039,4268726#0,26.474800000000005,3.2888888888888914
11040,11041,4268727#0,10.5391,0.0
11042,11043,4268727#1,10.3763,0.2999999999999998
11044,11045,4268727#2,9.2521,2.621052631578947
11046,11047,4268728,11.4334,3.064513350559863
11048,11049,4268732#0,9.9418,3.1884057971014497
11050,11051,4268732#3,10.624900000000002,1.7076023391812862
11052,11053,4268745#0,2.3749,0.33978494623655914
11054,11055,4268745#3,7.4976,0.7625000000000003
11056,11057,4268745#8,10.904300000000001,0.5
11058,11059,4268747#0,37.4011,15.34350775193798
11060,11061,4268941#0,1.5048000000000001,0.2808753954662871
11064,11065,4268945,11.394900000000002,3.1666666666666674
11070,11071,4287765#0,23.8227,9.24033613445378
11074,11075,4288235#0,18.3535,5.331118493909189
11076,11077,4288235#4,13.6917,4.486211901306241
11078,11079,4288241#0,9.8593,1.7000000000000004
11080,11081,4291898#0,30.4282,5.6999999999999975
11082,11083,4291898#10,14.731200000000001,3.2999999999999985
11084,11085,4291898#5,22.391600000000004,5.199999999999997
11088,11089,4291902#0,24.214300000000005,4.63809523809524
11090,11091,4300404#0,9.8164,2.2
11092,11093,4300404#2,50.469100000000005,21.799999999999994
11094,11095,4300404#8,8.2258,18.98888888888889
11098,11099,4300421#0,60.757400000000004,88.22105263157896
11102,11103,4300421#6,6.109400000000001,1.7
11104,11105,4300423,27.789300000000004,55.9904761904762
11106,11107,4300425#0,8.4876,2.168421052631578
11108,11109,4300425#2,6.2403,2.2666666666666666
11110,11111,4300425#3,13.489300000000002,3.9999999999999996
11114,11115,4300450#0,14.719100000000001,4.530612244897959
11118,11119,4300453#0,40.6054,30.677777777777788
11120,11121,4300453#4,1.8601000000000003,2.7111111111111112
11124,11125,4300455,9.895600000000002,0.7000000000000004
11126,11127,4300456#0,11.2332,1.0666666666666669
11128,11129,4300457#0,48.1558,149.0
11130,11131,4300496#0,39.61540000000001,0.0
11132,11133,4300496#3,16.017100000000003,8.410256410256412
11134,11135,4300496#4,31.040900000000004,25.877777777777776
11136,11137,4300497,9.300500000000001,2.677777777777778
11138,11139,4300498#0,19.448,15.733333333333333
11140,11141,4300498#1,2.7698,1.0
11142,11143,4300500#0,14.775200000000002,7.17142857142857
11144,11145,4300500#1,4.910400000000001,1.8736263736263734
11146,11147,4300502#0,8.8594,1.6259497369959077
11148,11149,4300504#1,20.955000000000002,12.8
11150,11151,4300505#0,0.0792,5.885714285714285
11156,11157,4300927#1,6.7144,2.111111111111111
11160,11161,4300930#0,12.503700000000002,5.199999999999998
11162,11163,4300930#1,16.385600000000004,9.699999999999996
11166,11167,4300930#3,28.9993,19.3
11176,11177,4300934#0,8.0927,1.4071146245059294
11178,11179,4300934#2,9.318100000000001,2.2261904761904763
11180,11181,4300935#0,4.888400000000001,0.8458498023715415
11182,11183,4300935#2,6.6385000000000005,1.8752228163992863
11186,11187,4300936#1,1.6885000000000001,1.4761904761904763
11188,11189,4300936#2,3.6685000000000003,0.7368421052631579
11192,11193,4300937#1,5.777200000000001,2.3
11194,11195,4300937#2,10.276200000000001,0.8000000000000003
11196,11197,4300943#0,5.3262,0.9047619047619042
11198,11199,4300943#1,10.802000000000001,22.25714285714285
11202,11203,4300945#0,0.7084,3.2424242424242427
11208,11209,4300946#1,6.4383,3.583333333333334
11210,11211,43030597#0,0.36080000000000007,0.2
11214,11215,4307724#0,38.599000000000004,93.53869157158633
11216,11217,4313310#0,18.9431,6.367531120331946
11218,11219,4313345#0,40.987100000000005,27.12222222222222
11220,11221,4313346#0,18.0213,3.944444444444445
11222,11223,4313346#9,19.251100000000005,9.333333333333336
11224,11225,4318948#0,1.6192000000000002,0.2930176948828312
11226,11227,4318948#1,4.4165,12.888040201005012
11228,11229,4318950#1,1.7380000000000002,0.15886220697541453
11230,11231,4350116,85.5899,99.70000000000002
11232,11233,4350118#0,24.1615,3.799999999999999
11234,11235,4350121#0,18.4107,5.67741935483871
11236,11237,4350121#6,7.902400000000001,0.8999999999999998
11248,11249,4350125#1,9.375300000000001,3.1428571428571423
11250,11251,4350125#3,13.609200000000001,5.714285714285714
11254,11255,4350128#3,5.869600000000001,0.7000000000000002
11256,11257,4350132#0,30.4964,12.409523809523806
11258,11259,43558218#3,15.728900000000001,2.9444444444444446
11260,11261,43558218#5,18.8111,2.800000000000001
11262,11263,43636416#0,6.108300000000001,42.28538938410181
11264,11265,43636417#0,5.2558,2.0510188626776213
11266,11267,4391164#0,8.2621,0.4999999999999998
11268,11269,4391164#1,22.544500000000003,4.971428571428572
11272,11273,4391195#0,8.3721,1.2500000000000004
11274,11275,4391195#2,19.0696,3.611111111111111
11282,11283,4391199#2,9.166300000000001,0.30000000000000004
11286,11287,4391200#2,15.777300000000002,1.7333333333333334
11288,11289,4391201#0,13.040500000000002,2.0
11290,11291,4391201#3,19.2071,11.799999999999999
11292,11293,4391203,4.2889,0.6857142857142856
11294,11295,4391205#0,7.1984,0.20000000000000007
11296,11297,4391205#1,1.6522000000000001,0.25714285714285723
11298,11299,4391205#2,3.6839000000000004,0.28654970760233944
11300,11301,4391205#3,8.8187,0.368421052631579
11304,11305,4391207,14.044800000000002,7.700000000000001
11312,11313,4391211#1,3.1603000000000003,0.4223484848484851
11314,11315,4391211#2,2.0262000000000002,0.3414634146341464
11316,11317,4391212#0,39.06210000000001,20.105413105413106
11318,11319,4391213#0,3.4397,0.535064935064935
11320,11321,4391214,18.5229,4.017316017316018
11322,11323,4391215#0,20.1003,2.844444444444444
11324,11325,4391216#0,9.610700000000001,0.8392857142857143
11326,11327,4391216#1,8.7142,1.9999999999999996
11328,11329,4391216#2,8.186200000000001,0.9888888888888889
11330,11331,4391218,17.2007,6.685714285714282
11332,11333,4391219#0,10.013300000000001,4.844444444444444
11336,11337,4391221#0,15.730000000000002,1.3
11338,11339,4391221#1,10.2047,1.2999999999999998
11340,11341,4426247,15.912600000000001,4.4
11342,11343,4426293,1.6896000000000002,0.6666666666666666
11346,11347,4432946#0,2.8149000000000006,0.0
11348,11349,4432946#1,4.598,1.7999999999999996
11350,11351,4432947,3.311,0.38095238095238093
11354,11355,4432948#1,4.708000000000001,0.7999999999999999
11356,11357,4432949#0,7.095000000000001,1.3008658008658007
11358,11359,4432949#3,2.7225,0.5
11360,11361,4432949#4,6.388800000000001,1.3333333333333333
11364,11365,4432951#0,5.0809,0.0
11366,11367,4432951#1,12.067000000000002,0.0
11368,11369,4432952#0,6.740800000000001,0.0
11370,11371,4432952#1,6.601100000000001,0.29999999999999993
11372,11373,4432952#3,13.6719,0.0
11374,11375,4432952#5,10.633700000000001,2.2666666666666666
11376,11377,4432952#7,22.710600000000003,5.466666666666665
11378,11379,4432953,21.0595,9.219999999999995
11380,11381,4434009#5,20.7933,4.6723484848484835
11384,11385,4434025#0,1.5818,0.3625730994152046
11386,11387,4434025#2,10.7404,2.029239766081871
11390,11391,4434031#0,13.699400000000002,5.160000000000002
11392,11393,4434031#3,3.2483,0.2666666666666668
11394,11395,4434031#5,13.840200000000001,4.493846153846152
11396,11397,4434031#9,20.8747,8.21538461538462
11398,11399,4434046#0,4.6530000000000005,1.7999999999999998
11404,11405,4434052#0,5.3658,1.174242424242424
11406,11407,4434053,18.106,4.699999999999999
11408,11409,4434054#0,3.047,19.87777777777778
11412,11413,4434056#0,17.1809,12.455555555555556
11416,11417,4435385#0,8.6174,1.3888888888888888
11418,11419,4435386,8.508500000000002,1.4608974358974367
11420,11421,4435388#0,30.201600000000003,9.5
11426,11427,4435389#8,3.4188000000000005,0.20000000000000007
11428,11429,4435389#9,28.5923,20.7
11430,11431,4435391#0,9.940700000000001,1.1739130434782608
11432,11433,4435391#1,9.443500000000002,1.102564102564102
11434,11435,4435391#2,11.561,2.102298850574712
11436,11437,4435392#0,12.727000000000002,3.4999999999999996
11438,11439,4435392#1,19.294,6.800000000000002
11440,11441,4435393#0,6.7133,4.3
11442,11443,4435393#1,6.8695,1.3560606060606062
11444,11445,4435394#0,8.1796,0.455555555555556
11448,11449,4435394#4,15.286700000000002,0.0
11452,11453,4435395#0,11.195800000000002,0.9999999999999997
11454,11455,4435395#1,15.931300000000002,3.9444444444444455
11456,11457,4435396#0,2.1813000000000002,0.5615384615384617
11458,11459,4435396#2,10.6062,2.6959064327485383
11460,11461,4435397,24.839100000000002,2.1999999999999993
11462,11463,4435398,9.0706,0.2999999999999998
11464,11465,4435400,12.690700000000001,0.7
11468,11469,4435406#0,36.0635,6.4
11472,11473,4435408#0,7.1258,0.8342245989304816
11474,11475,4435408#1,8.5481,0.7192118226600982
11476,11477,4435408#3,7.516300000000001,1.137651821862348
11480,11481,4435410#0,6.697900000000001,1.0
11482,11483,4435410#1,7.2578000000000005,0.8000000000000003
11484,11485,4435411#0,12.3398,1.5641025641025632
11486,11487,4435411#1,5.7244,0.8406593406593407
11490,11491,4435413#0,10.065000000000001,0.20000000000000007
11492,11493,4435413#1,10.7437,0.7999999999999998
11496,11497,4438085#0,14.8632,3.360156536627124
11498,11499,4438085#2,15.539700000000002,5.410056224899598
11500,11501,4438086,0.2882,0.557832422586521
11502,11503,4438149#0,40.482200000000006,5.2
11504,11505,4438150#0,20.141000000000002,3.980952380952379
11506,11507,4438150#6,5.8883,0.9888888888888889
11508,11509,4438150#7,12.4014,43.575471698113226
11512,11513,4438158,18.352400000000003,1.2999999999999998
11514,11515,4438159#0,4.488,1.3777777777777775
11522,11523,4438162#0,7.5086,0.5000000000000002
11524,11525,4438162#2,3.3803,0.12380952380952388
11528,11529,4438168#0,9.0717,1.389655172413793
11530,11531,4438168#2,9.1465,1.9600000000000009
11532,11533,4438168#3,7.847400000000001,2.352536997885835
11534,11535,4438177#1,18.924400000000002,2.766666666666667
11536,11537,4438177#2,10.540200000000002,2.2
11538,11539,4438179,11.353100000000001,9.8
11540,11541,4438181#0,2.0394,0.10000000000000006
11542,11543,4438181#1,2.9205,0.7999999999999998
11544,11545,4438181#2,18.087300000000003,3.7066666666666674
11546,11547,4438181#3,3.8346000000000005,0.7272727272727273
11548,11549,4438183#0,19.7417,0.5
11556,11557,4446930#0,9.8626,1.9249299719887958
11558,11559,4446930#6,18.566900000000004,6.346651445966512
11560,11561,4446931#0,24.4255,4.552380952380953
11562,11563,4446931#4,17.237000000000002,7.700000000000002
11564,11565,4446933#0,12.835900000000002,0.5444444444444445
11566,11567,4446933#1,9.970400000000001,0.6815789473684223
11568,11569,4446936,0.026400000000000003,0.3
11570,11571,4446938#0,27.3867,8.49047619047619
11572,11573,4446938#2,12.018600000000001,2.854545454545455
11574,11575,4446941#0,5.219500000000001,0.0
11576,11577,4446943,8.407300000000001,0.5329670329670328
11588,11589,45033879#0,3.0701,0.5
11590,11591,45667817#0,13.178,4.657572312744728
11592,11593,460402165,3.762,1.5833333333333337
11594,11595,463422401,3.3132,34.33292393351346
11596,11597,463422402,6.3668000000000005,33.692384546079
11598,11599,464786789#0,12.038400000000001,1.92272628608639
11614,11615,473316452#0,0.8910000000000001,0.2306055447470815
11616,11617,473316452#1,0.8316000000000001,0.2811018131101812
11620,11621,47995595#0,8.806600000000001,4.804639804639805
11622,11623,4825286#0,12.738000000000001,2.666666666666667
11624,11625,4825306#0,10.381800000000002,1.6072472238457043
11626,11627,4827199#1,6.0808,1.4800539083557958
11628,11629,4827199#2,6.0654,1.17590206185567
11630,11631,484771397,0.48840000000000006,0.2
11632,11633,484774421,0.41140000000000004,0.24973583155073326
11634,11635,484774422,0.1716,0.14907691382524507
11636,11637,484774423,0.4565,0.24576686167882264
11638,11639,484774424,0.3289,0.25
11640,11641,4863145#0,36.7862,5.944444444444445
11642,11643,4863167,5.6463,0.0
11644,11645,4863242#0,1.8876000000000002,2.011111111111111
11648,11649,4881701#0,39.002700000000004,0.0
11650,11651,4881701#12,20.947300000000002,2.8
11652,11653,488244952#0,9.577700000000002,1.6570555407919214
11654,11655,488244956#0,16.799200000000003,6.63532763532764
11656,11657,48868527#0,6.9069,1.3430482560917343
11662,11663,4887315#2,9.4072,1.2582417582417582
11664,11665,4887315#4,8.193900000000001,0.8444444444444446
11668,11669,4887449#0,12.727000000000002,1.3000000000000003
11670,11671,4887454#0,6.795800000000001,0.2777777777777778
11672,11673,4887454#1,7.1203,0.20000000000000007
11674,11675,4887454#2,6.2205,0.0
11676,11677,4887469#0,30.016800000000003,9.502631578947364
11680,11681,4890655#11,32.12220000000001,18.544444444444448
11682,11683,4890655#2,19.806600000000003,4.838095238095237
11684,11685,4890655#4,10.640300000000002,1.3000000000000003
11686,11687,4890655#6,10.517100000000001,1.3
11688,11689,4890750#0,15.2988,4.923809523809522
11690,11691,4890750#14,8.490900000000002,1.7999999999999998
11692,11693,4890750#6,17.108300000000003,6.711111111111113
11698,11699,4890757#0,61.7441,48.22222222222223
11700,11701,4890764#0,6.996000000000001,1.2999999999999998
11704,11705,4890890,11.598400000000002,93.12614205717651
11706,11707,4890924#0,6.571400000000001,0.5
11708,11709,4890924#3,10.5809,1.4107142857142854
11712,11713,4890940#0,8.6526,0.5
11714,11715,4890985#0,20.9176,5.200000000000001
11716,11717,4891007#0,1.5356,0.4397463002114164
11718,11719,4891008#0,2.0625,0.6666666666666667
11720,11721,4891011#0,18.010300000000004,40.681818181818194
11726,11727,4891065#0,12.8975,1.764705882352941
11728,11729,4891065#1,2.1615,0.33384615384615385
11730,11731,4891077#0,3.6168,0.0
11732,11733,4891077#4,10.420300000000001,0.5
11736,11737,4891091#0,38.854200000000006,10.3
11738,11739,4891091#9,3.8467000000000002,0.19999999999999996
11740,11741,4891111#0,32.6315,6.5
11742,11743,48920011#0,8.838500000000002,2.6815789473684215
11744,11745,48920011#2,3.0173,0.17142857142857157
11746,11747,48920011#3,4.713500000000001,0.30000000000000004
11748,11749,48920012#0,2.7357000000000005,0.35846153846153844
11750,11751,48920012#1,8.8176,1.2766666666666664
11756,11757,49014483#0,11.072600000000001,2.5467515364354703
11758,11759,49014485,1.2661000000000002,0.0
11762,11763,49073480#0,1.5708,1.1181644130668897
11764,11765,49073481,0.3124,0.0
11766,11767,49073484#0,19.737300000000005,4.628236672524901
11768,11769,4913264#0,112.2,451.83809523809526
11774,11775,4913466#0,11.739200000000002,2.2386554621848735
11778,11779,4919532#0,4.3285,0.8888888888888888
11780,11781,4919532#2,98.92300000000002,14.299999999999997
11782,11783,4919533#0,62.495400000000004,49.20574712643678
11784,11785,4919534#0,6.0467,86.30000000000001
11786,11787,4920864,0.9372,0.26785714285714285
11788,11789,4920867#0,43.736000000000004,15.799999999999997
11794,11795,4920890#0,10.993400000000001,1.3
11796,11797,4920890#1,15.780600000000002,2.266666666666665
11798,11799,4920891#0,26.012800000000002,12.997368421052627
11800,11801,4920901#0,47.9182,29.199999999999992
11802,11803,4920901#9,7.6824,0.8
11804,11805,4920913,0.026400000000000003,0.3159663865546219
11808,11809,4921197#0,25.934700000000003,4.6380952380952385
11810,11811,4921197#12,16.8993,4.535384615384616
11812,11813,4921199,21.1244,7.500000000000002
11816,11817,49302404#0,10.434600000000001,1.896005727263751
11818,11819,49302404#2,3.8159,0.45180452629751944
11820,11821,49302407#0,46.5861,22.303269581162603
11822,11823,49302412#0,16.534100000000002,3.1051535087719313
11824,11825,49302413#0,8.8946,1.1707096774193555
11826,11827,49302413#2,9.5315,1.5516853932584271
11828,11829,49302974#0,5.8157000000000005,0.8999999999999999
11830,11831,49302974#2,8.950700000000001,1.4499999999999997
11834,11835,4931718#0,18.0422,5.838095238095238
11836,11837,49434779,8.6669,2.221415607985481
11838,11839,49434780#0,3.7873000000000006,0.5608952116585705
11840,11841,494444406,3.8863000000000003,47.76045461329675
11842,11843,4944865#0,20.3654,48.49999999999999
11844,11845,4944884#0,16.0699,1.6428571428571428
11846,11847,4944901,1.8678000000000001,0.8
11848,11849,4944907#0,17.3349,4.571428571428572
11854,11855,4944938,19.8792,8.933333333333332
11856,11857,4944944,2.9458,0.6952380952380952
11860,11861,4945011#1,11.809600000000001,3.04516129032258
11864,11865,4945016#5,27.079800000000002,3.7777777777777777
11866,11867,4945017#1,8.1785,0.828571428571428
11876,11877,4945030#3,10.7371,0.9047619047619051
11878,11879,4945094#0,6.393200000000001,1.2812826768909031
11880,11881,4945177#0,12.4223,3.401306240928884
11882,11883,4948412#0,8.9991,1.507246376811594
11884,11885,4948412#3,8.174100000000001,1.186842105263158
11886,11887,4948412#6,48.72780000000001,31.73333333333331
11888,11889,4948413#0,40.757200000000005,18.177777777777784
11890,11891,4948420#0,4.4836,0.0
11894,11895,4953820#0,32.705200000000005,18.431578947368422
11896,11897,4953842#0,13.445300000000001,3.8000000000000003
11900,11901,4953894#0,28.288700000000002,24.8
11902,11903,4953945#0,3.9072000000000005,0.5142857142857142
11912,11913,4954113#0,14.646500000000001,1.1222222222222225
11914,11915,4954113#12,12.6247,3.2571428571428553
11916,11917,4954113#3,2.4904,0.2608695652173913
11924,11925,4954130#4,21.0914,1.1428571428571426
11928,11929,4954157,2.5696,0.36578947368421055
11930,11931,4954164#0,18.9816,6.233333333333331
11932,11933,4954167#0,6.0665000000000004,0.19999999999999996
11934,11935,4954167#2,6.0929,0.5444444444444448
11938,11939,4955087#0,21.694200000000002,8.052631578947366
11940,11941,4955138#0,24.706000000000003,15.199999999999992
11946,11947,4955183#10,30.609700000000004,37.09523809523811
11952,11953,4955184#0,14.2263,2.937611408199643
11954,11955,4955184#6,20.6415,12.649999999999999
11964,11965,4955226#0,3.9567,0.4091954022988506
11966,11967,4955226#1,8.4931,1.7777777777777777
11970,11971,4955226#3,16.676000000000002,1.8000000000000007
11972,11973,4955226#4,14.048100000000002,3.433333333333335
11976,11977,4955248#2,8.642700000000001,1.3000000000000003
11978,11979,4955248#3,7.958500000000001,2.711111111111111
11980,11981,4955248#4,8.8858,1.904761904761905
11982,11983,4955248#5,11.1661,1.0588235294117647
11984,11985,4955257#0,9.856000000000002,2.4555555555555557
11988,11989,4955278#0,29.598800000000004,22.800000000000004
11992,11993,4955328#0,5.1392,0.9230769230769231
11994,11995,4955328#2,20.7405,11.380952380952381
11996,11997,4955342#11,13.5014,2.0833333333333335
11998,11999,4955342#15,7.220400000000001,2.2
12006,12007,4955388#4,71.8718,44.7
12010,12011,4955398,24.524500000000003,6.109788359788361
12012,12013,4956931#0,18.982700000000005,2.1999999999999993
12020,12021,4957002#0,12.089,1.288888888888889
12026,12027,4957027#2,13.008600000000001,1.7999999999999998
12030,12031,49609559,7.659300000000001,0.8341851220897215
12032,12033,49609562,42.35,18.002742957093258
12034,12035,49609565#0,7.440400000000001,1.815191653100489
12036,12037,49609567,0.4312,2.7868421052631573
12038,12039,49609569,7.247900000000001,0.8488772787905738
12040,12041,49609571,79.8831,68.57418659931666
12042,12043,49609573,7.7957,0.9973269425753517
12044,12045,49609578,2.6587,0.31483613955370193
12046,12047,49609580,0.7458000000000001,110.50653388062707
12048,12049,49609582,1.1143,1.2767839195979895
12050,12051,49612443#0,6.9036,2.2907591287636144
12052,12053,49612444,7.884800000000001,0.771574808487561
12054,12055,49612446#0,11.906400000000001,10.294573643410855
12056,12057,49612446#3,4.3989,1.5570802919708018
12058,12059,49613026#0,9.955000000000002,1.5666666666666662
12060,12061,496156855#0,9.049700000000001,3.9999999999999996
12062,12063,496156858#0,17.0456,7.822222222222223
12064,12065,4962257#0,23.191300000000002,19.700000000000006
12068,12069,4968341#0,56.982200000000006,140.80000000000004
12070,12071,4968376,9.468800000000002,4.499999999999999
12072,12073,4968452#0,7.9838000000000005,2.0
12074,12075,4968471,15.0722,4.8
12076,12077,4968472#0,14.713600000000001,4.11111111111111
12078,12079,4968528#0,23.384900000000002,3.5555555555555545
12086,12087,4968721#1,11.499400000000001,3.8161764705882364
12088,12089,4968721#6,12.719300000000002,4.8392857142857135
12090,12091,4968753#0,47.3913,39.7
12092,12093,4968754#0,48.0249,6.200000000000002
12094,12095,49712177#0,14.8786,3.1908988447449977
12096,12097,4972205#0,6.670400000000001,0.9945054945054945
12098,12099,4972205#1,11.847000000000001,4.177777777777777
12104,12105,4972265#0,14.423200000000001,5.655555555555555
12108,12109,4972276#1,7.066400000000001,1.3888888888888888
12112,12113,4972293#0,27.610000000000003,6.299999999999997
12114,12115,4972294#0,7.560300000000001,1.0000000000000004
12118,12119,4972294#3,16.553900000000002,5.2
12120,12121,4972294#6,10.573200000000002,0.20000000000000018
12122,12123,4972294#9,8.016800000000002,1.7000000000000006
12124,12125,4972298#0,6.2315000000000005,0.7291666666666664
12126,12127,4972298#1,8.811,1.6999999999999997
12130,12131,4972299#0,19.254400000000004,1.7000000000000006
12132,12133,4972299#1,7.6736,1.523809523809524
12136,12137,4972329#0,35.1736,9.699999999999998
12138,12139,4972332#0,34.5653,9.000000000000004
12140,12141,4972345#0,41.9793,27.700000000000003
12144,12145,4972398#1,9.669,1.7
12146,12147,4972407#0,18.194,5.199999999999998
12148,12149,4972519#5,14.205400000000001,3.500000000000001
12156,12157,4972809#0,4.722300000000001,0.6421052631578947
12158,12159,4972838#0,12.034,2.663991132515384
12160,12161,4972874#1,8.4722,0.4999999999999999
12166,12167,4973606,28.421800000000005,6.799999999999998
12170,12171,4973609#1,30.768100000000004,65.26666666666668
12172,12173,4973617#0,22.5973,8.0
12174,12175,4973617#6,21.584200000000003,7.040935672514617
12176,12177,4973618#0,19.4403,0.7000000000000002
12178,12179,4973618#1,20.627200000000002,2.0
12180,12181,4973636,10.2223,0.30000000000000004
12184,12185,4973644#1,15.039200000000001,2.300000000000001
12186,12187,4973644#5,3.5189,0.0
12194,12195,4973727#0,32.8427,13.666666666666666
12206,12207,4974619#0,3.7191,0.2999999999999999
12208,12209,4974619#3,21.0397,6.299999999999999
12210,12211,4974762,0.026400000000000003,0.0
12216,12217,4974870#0,14.0404,2.7111111111111112
12218,12219,4975444#0,5.945500000000001,0.875766283524904
12220,12221,4975444#4,7.155500000000001,1.1704153818247773
12222,12223,4975444#7,9.8406,1.9898444938114903
12224,12225,4975447#5,13.030600000000002,1.5666666666666667
12226,12227,4975502,14.071200000000001,3.604395604395604
12228,12229,4975573#0,19.4997,28.5
12230,12231,4975573#3,1.4168,2.299999999999999
12232,12233,4975597#0,0.034100000000000005,0.26666666666666666
12236,12237,4975704#0,3.2362000000000006,0.32222222222222224
12238,12239,4975723#0,9.2301,1.7809523809523806
12244,12245,4975838,43.213499999999996,0.0
12246,12247,49863568#1,0.7425000000000002,0.20000000000000004
12248,12249,49863569#0,7.520700000000001,1.2196762141967619
12250,12251,49863570#0,1.9932000000000003,1.6412088668594245
12252,12253,49863572#0,23.877700000000004,6.882837049229384
12254,12255,49863573#0,12.307900000000002,2.342710997442455
12256,12257,49863575#0,1.4916000000000003,0.25396825396825384
12258,12259,49863575#2,12.182500000000001,1.6551577152600179
12260,12261,49915865#1,15.450600000000001,3.0164220824598167
12262,12263,49915865#2,15.141500000000002,45.97101449275362
12264,12265,49915866#0,11.001100000000001,2.76637039724288
12270,12271,4998510,4.842200000000001,0.39332497212932
12272,12273,4998853#0,4.8554,0.7423753921226904
12274,12275,4998853#1,12.653300000000002,3.2252747252747254
12276,12277,4998853#10,19.4843,39.78916715200934
12278,12279,4998853#7,11.5588,11.762509335324868
12280,12281,5004895#0,38.2349,62.48888888888887
12284,12285,5004920#8,6.959700000000001,0.5256410256410257
12286,12287,5004925,17.5791,4.557471264367818
12288,12289,5004926#0,8.138900000000001,2.5535714285714284
12290,12291,5004926#3,27.9499,28.267857142857146
12292,12293,5004927#0,5.4648,0.9973684210526317
12294,12295,5004927#3,8.624,0.9846153846153843
12296,12297,5004927#4,8.792300000000001,1.0712250712250713
12302,12303,5037652#5,16.578100000000003,7.300170068027213
12304,12305,5037694#0,66.51480000000001,2.0
12306,12307,5037764#0,1.5884,0.3523809523809523
12308,12309,5057757,20.5788,2.3000000000000007
12310,12311,5057760#0,11.160600000000002,2.6338461538461537
12312,12313,5057760#1,9.5172,1.2984615384615374
12314,12315,5057760#2,8.7604,0.9999999999999996
12316,12317,5057761#0,19.8638,8.426257459505551
12318,12319,5057761#1,7.332600000000001,1.2878563495001856
12320,12321,5057761#2,24.9986,5.677462887989203
12322,12323,5057762#0,9.4985,1.6286196911196917
12324,12325,5057762#1,9.342300000000002,1.0930232558139532
12326,12327,5057762#2,11.1804,0.8861538461538464
12330,12331,5058288#0,9.4105,0.2999999999999998
12332,12333,5058309#0,16.847600000000003,1.285714285714287
12336,12337,5058336#0,12.646700000000001,0.0
12338,12339,5058384#0,11.9746,1.2666666666666677
12342,12343,5061525#0,25.6355,8.832091963405098
12344,12345,5061525#3,15.042500000000002,3.85714285714286
12346,12347,5061526,12.5235,2.5843969249141643
12348,12349,5061527#0,25.675100000000004,2.6999999999999993
12350,12351,5061527#2,13.324300000000001,6.299999999999999
12352,12353,5061528#0,19.4513,5.195384615384614
12354,12355,5061528#10,18.640600000000003,4.322222222222219
12356,12357,5061528#6,18.3502,6.058823529411763
12358,12359,5061528#7,9.059600000000001,1.3444444444444446
12360,12361,5061529#0,11.323400000000001,2.8947368421052615
12362,12363,5061529#1,6.8420000000000005,0.7666666666666663
12364,12365,5061529#3,13.626800000000001,2.2
12366,12367,5061529#6,13.054800000000002,1.2888888888888905
12372,12373,5061531#0,13.358400000000001,7.384615384615381
12374,12375,5061531#1,18.4019,6.374338624338626
12376,12377,5061531#4,24.733500000000003,8.530303030303031
12378,12379,5061531#8,3.047,0.8634365257905017
12382,12383,5061534#0,19.1598,6.500000000000002
12384,12385,5061535#0,19.646,4.328571428571427
12386,12387,5061535#2,19.593200000000003,3.859649122807019
12388,12389,5061536,17.9399,2.0
12390,12391,5061537#0,20.207000000000004,4.410256410256409
12392,12393,5061537#1,27.0061,9.117647058823529
12394,12395,5061540#0,8.0949,1.2
12396,12397,5061540#2,21.422500000000003,9.0
12400,12401,5069207#0,14.470500000000001,1.7000000000000002
12402,12403,5069266,0.026400000000000003,4.348370927318296
12404,12405,5069268#0,26.5848,6.558823529411766
12406,12407,5069268#2,27.893800000000002,7.8932806324110665
12410,12411,5069270#1,27.853100000000005,13.3
12416,12417,5069270#6,30.5239,7.377777777777776
12418,12419,512877751,0.015400000000000002,3.2879551820728303
12420,12421,513387308#0,11.973500000000001,2.1157894736842104
12422,12423,514704190,4.7916,145.30269058295949
12424,12425,51696606#0,2.6312,0.4010989010989011
12428,12429,51779795,0.015400000000000002,0.4066115702479337
12430,12431,51781237#0,0.7689,12.455555555555556
12432,12433,51785576#0,6.9476,1.7808203072006759
12434,12435,51785576#2,7.604300000000001,1.0899031485566653
12436,12437,517974851,2.9370000000000003,0.3213776419658773
12438,12439,517974852#0,7.727500000000001,0.9232183222793563
12440,12441,51809070,0.8624,0.5714285714285715
12442,12443,51851809#0,6.474600000000001,1.6648083895364705
12444,12445,51851809#2,4.122800000000001,0.5603634870876244
12446,12447,51893716#0,18.164300000000004,5.199999999999999
12448,12449,51893900,0.026400000000000003,1.5789473684210529
12452,12453,5212658#0,19.6614,2.700000000000001
12454,12455,5212659,4.5771,0.48888888888888893
12456,12457,5212660#0,13.0174,2.3000000000000007
12458,12459,5212660#1,1.5125000000000002,0.19999999999999996
12460,12461,5212664#0,55.257400000000004,106.5
12462,12463,52382001#0,9.1223,1.3584656084656086
12464,12465,52706831,2.3320000000000003,49.57026338047324
12466,12467,52706906#0,12.452000000000002,2.6078481882191302
12468,12469,529236339#0,2.068,0.4999999999999999
12470,12471,53178982#0,9.5997,1.7551020408163256
12472,12473,53215269#0,7.8573,0.30000000000000004
12474,12475,53215269#4,21.3686,2.2999999999999994
12476,12477,53221218#0,1.8854000000000002,30.451388888888875
12478,12479,53221219#0,3.3770000000000002,0.36507936507936506
12480,12481,53298708#0,0.7018000000000001,0.24834528405956988
12482,12483,53298710#0,6.9575000000000005,1.9714285714285715
12484,12485,53298715,4.1503000000000005,1.2536528345996494
12488,12489,53501915#0,12.2562,0.5000000000000002
12490,12491,53501915#9,2.7852,23.07516339869281
12492,12493,53815844,8.504100000000001,0.6380952380952379
12494,12495,53815849,2.4508000000000005,0.35897435897435886
12496,12497,539221182,8.824200000000001,1.6380952380952387
12498,12499,539659133#0,1.4575,1.8088836937463473
12500,12501,539659136#2,7.172,1.4331453200074773
12502,12503,539659136#3,2.4068000000000005,0.33142250288337455
12504,12505,539659140,11.712800000000001,2.2292686575282863
12506,12507,5460028,0.7942,0.4555555555555555
12508,12509,54730134,5.5748,37.07923497267758
12510,12511,548754521#0,0.0792,0.09473684210526313
12512,12513,548754521#1,0.396,1.0666666666666667
12518,12519,56314194#0,18.364500000000003,7.48282828282828
12520,12521,56314194#2,4.6651,0.9717948717948718
12522,12523,56314194#3,6.402000000000001,1.3865546218487395
12524,12525,56314194#6,20.7207,9.297379032258066
12526,12527,56314194#8,9.1542,2.4
12528,12529,56314194#9,31.0002,25.366666666666667
12532,12533,56314195#1,21.1046,0.0
12534,12535,56314195#5,1.056,0.0909090909090909
12536,12537,58134301,6.2799000000000005,1.1540229885057476
12538,12539,58149345,5.374600000000001,0.7789473684210525
12540,12541,5832127#0,19.7296,6.334723069622397
12542,12543,5832619#0,3.0657,40.099066390041465
12544,12545,60093645,5.5242,2.6999999999999993
12546,12547,60771197,6.1534,0.8351648351648341
12548,12549,607886496#0,16.661700000000003,3.4214248749353096
12550,12551,607886497#0,18.0587,3.5455120464608108
12552,12553,61583903#0,7.048800000000001,1.2266666666666666
12554,12555,61583903#2,25.479300000000002,4.800000000000001
12558,12559,61583920#0,8.3611,1.1741838487972516
12560,12561,61583920#1,2.9755000000000003,0.7203533809038399
12562,12563,61584891#0,12.829300000000002,13.542857142857143
12564,12565,624237809#0,12.840300000000001,9.300000000000002
12566,12567,6275605#0,5.831100000000001,0.6964285714285717
12568,12569,6275621#0,30.775800000000004,3.5714285714285716
12570,12571,6275621#2,10.280600000000002,0.9891774891774892
12572,12573,6275621#3,10.3191,0.8106060606060609
12574,12575,6275621#5,10.103500000000002,3.295454545454545
12576,12577,6275621#6,11.3498,0.25000000000000017
12578,12579,6275621#7,7.948600000000001,1.3
12580,12581,6277167,8.5481,1.0769230769230773
12582,12583,6277595#0,19.3941,3.8304093567251476
12584,12585,6277595#5,28.545,6.852631578947368
12586,12587,6277595#6,11.574200000000001,2.4571428571428555
12588,12589,6277596#0,28.908000000000005,4.523809523809524
12590,12591,6277596#3,19.003600000000002,10.166666666666668
12592,12593,6277596#7,15.694800000000003,1.6000000000000008
12594,12595,6277696,25.186700000000002,0.2500000000000003
12596,12597,6277723,24.465100000000003,8.513157894736842
12598,12599,6277724#0,12.8689,1.8777777777777784
12600,12601,6277767#0,25.6839,19.65454545454545
12602,12603,6277767#1,23.7765,11.495238095238092
12608,12609,6277843#1,25.1306,11.555555555555555
12610,12611,6278110#0,8.163100000000002,0.8152709359605907
12612,12613,6278110#11,7.7616000000000005,4.3
12616,12617,6278110#13,8.0234,4.322222222222224
12618,12619,6278110#2,5.559400000000001,0.4888888888888888
12620,12621,6278110#4,7.075200000000001,2.4105263157894727
12622,12623,6278110#5,7.5174,0.9473684210526304
12624,12625,6278110#7,6.8189,0.5444444444444446
12626,12627,6278110#8,8.5228,1.7000000000000004
12628,12629,6278110#9,5.8135,0.30000000000000004
12630,12631,6278186#0,7.824300000000001,2.2424242424242435
12632,12633,6278186#11,6.6726,1.2380952380952384
12634,12635,6278186#13,7.7781,1.357142857142857
12636,12637,6278186#2,6.975100000000001,0.0
12638,12639,6278186#5,6.688000000000001,3.466666666666666
12640,12641,6278186#7,9.190500000000002,1.7666666666666668
12642,12643,639190831,10.742600000000001,0.565359477124184
12644,12645,645747433#0,14.7763,6.8061538461538476
12648,12649,658487656#0,4.764100000000001,0.2857142857142858
12650,12651,658487656#2,20.5854,0.9047619047619051
12652,12653,659124987#1,11.935,1.859120022277919
12654,12655,659124992#0,21.469800000000003,6.423341677096371
12656,12657,66324263#0,1.3002,34.74999999999999
12658,12659,66324265#0,20.658,42.92068965517242
12660,12661,66889603#0,0.026400000000000003,1.2307692307692308
12662,12663,66889603#1,2.0009,0.2692307692307692
12664,12665,66889619#0,6.1787,0.9532163742690063
12666,12667,66889622#0,24.062500000000004,8.71111111111111
12668,12669,672522990,13.340800000000002,1.8239681148533045
12670,12671,672522991,19.2137,2.92521717444615
12672,12673,672687182,4.9522,1.33054269673988
12674,12675,672689453#0,35.0779,8.557040998217467
12676,12677,672710084,7.126900000000001,0.6222222222222223
12678,12679,672710088,17.336000000000002,1.655555555555556
12680,12681,67408434#0,7.4811000000000005,1.1980091471616916
12682,12683,675898530#1,11.718300000000001,1.59327731092437
12684,12685,675898532#0,11.8998,1.7000000000000006
12686,12687,675898533#0,11.704000000000002,1.5711805555555554
12688,12689,675898534#0,9.571100000000001,1.8399999999999999
12690,12691,679588387#0,5.2305,1.3122031122031124
12694,12695,686496139#0,1.4586000000000001,0.47849986355307794
12696,12697,686496139#2,24.867700000000003,94.44396657655444
12698,12699,686496140,10.400500000000001,1.6270361098727752
12700,12701,686496142,9.928600000000001,1.4448818897637803
12706,12707,695989022,4.9379,0.6433333333333335
12708,12709,697281100#0,1.5906,34.0739064856712
12710,12711,704868501#0,17.1468,5.194844039310639
12712,12713,705103344#0,20.869200000000003,5.4907307369107015
12716,12717,714449182,1.9393,0.16842105263157894
12718,12719,714449183#0,6.5472,0.5684210526315789
12720,12721,72597392#0,45.1869,34.82894736842106
12722,12723,72597392#4,13.073500000000001,9.300000000000002
12724,12725,72597393#0,18.9959,3.054732945531464
12726,12727,72597397#0,1.8656000000000001,7.295794183445194
12728,12729,72597397#2,7.502000000000001,1.9147884373690807
12730,12731,72597399#0,11.6292,3.64102564102564
12734,12735,732162445#0,25.3308,10.650000000000004
12736,12737,732165852#0,39.824400000000004,68.09999999999998
12738,12739,732165853#5,14.136100000000003,12.0
12740,12741,732165856#3,24.687300000000004,0.0
12742,12743,732168391,2.7929000000000004,0.5958333333333334
12744,12745,732168392,14.7125,3.111111111111112
12746,12747,732472145,3.5816,1.1714285714285715
12748,12749,7380410#0,9.958300000000001,1.4044897959183664
12750,12751,7380410#4,9.3445,1.0555555555555558
12752,12753,7380410#7,5.665000000000001,0.6666666666666667
12758,12759,7389333#0,37.359300000000005,29.3
12760,12761,7389333#2,34.9426,5.956043956043955
12762,12763,74916338,0.015400000000000002,0.3066088840736729
12764,12765,74921173#0,22.599500000000003,0.0
12766,12767,75021657,2.9601,0.380952380952381
12768,12769,75058242#0,4.3494,0.40952380952380957
12770,12771,75058245#0,3.2692,3.111111111111111
12772,12773,75070560#0,6.3756,1.4519350930278285
12774,12775,75078151#0,19.838500000000003,4.736773774748454
12776,12777,75078151#3,15.620000000000001,3.8617332035053575
12778,12779,75078151#6,7.095000000000001,1.1694620253164552
12780,12781,75078151#8,5.132600000000001,0.7567567567567569
12782,12783,75345163,2.2473000000000005,0.35666666666666663
12784,12785,75345166,2.4937,0.38955162484574235
12786,12787,75345167#0,3.7103000000000006,0.923994526575622
12788,12789,753675471#1,6.7639000000000005,17.804331254331252
12790,12791,753675472#0,8.1906,1.567879499217528
12792,12793,753675472#4,6.050000000000001,0.6798642533936651
12794,12795,753675472#5,5.0006,0.47147147147147134
12798,12799,755452828#7,7.817700000000001,0.8
12800,12801,756253807,4.4891000000000005,0.5732237228420434
12802,12803,758517006,11.144100000000002,1.9269406392694068
12804,12805,759403261,3.2483,0.23809523809523803
12806,12807,759403262,3.2516000000000003,0.9523809523809522
12808,12809,76255648#0,1.8656000000000001,0.26143790849673204
12810,12811,76255648#1,3.4760000000000004,0.5803698435277383
12812,12813,7651318#0,8.261000000000001,1.1481481481481477
12814,12815,7651318#1,13.2649,3.1818181818181803
12816,12817,7651318#2,12.003200000000001,1.9047619047619044
12818,12819,7651318#3,17.6176,4.285714285714285
12820,12821,7651319#0,15.8939,3.2250712250712255
12822,12823,7651319#1,12.8161,2.2333333333333325
12824,12825,7651319#2,21.733800000000002,4.7142857142857135
12826,12827,7651355,5.992800000000001,0.5
12830,12831,772547684#0,5.149100000000001,40.97341597796143
12832,12833,772547685#0,3.3506,36.255119825708036
12834,12835,772547686#0,8.399600000000001,2.249183006535949
12836,12837,772547687#0,0.9570000000000001,1.192351408950983
12838,12839,772547687#2,6.078600000000001,0.6790433341226613
12840,12841,772547688#0,3.531,37.72796590101826
12842,12843,772547689#0,4.081,37.75070297469291
12844,12845,772547690#0,25.7752,8.869478772757395
12846,12847,772547691#2,13.755500000000001,2.2208460089816024
12848,12849,772547693#0,9.1212,2.0278963741010814
12850,12851,772547695#0,3.7719,9.156629827331274
12852,12853,772547696#0,2.2066,29.33438267718477
12854,12855,772547697#0,4.4429,8.904646052425052
12856,12857,772547698,7.404100000000001,0.871474912363313
12858,12859,772547699#0,23.254,6.709070425236108
12860,12861,772547700,1.5334,0.19419837951479932
12862,12863,772547701#0,2.4585,76.95827939977946
12864,12865,772547702#0,3.4518,83.1934409161895
12866,12867,772547703,3.9534000000000002,0.5648148148148151
12868,12869,773560595#0,14.2428,3.3444444444444485
12870,12871,773561842#0,5.6287,0.3766666666666665
12872,12873,790019433#0,17.024700000000003,3.340659340659341
12874,12875,790019433#3,10.635900000000001,1.7500000000000004
12884,12885,8069179#0,15.082100000000002,137.5904204491161
12886,12887,808068120,3.5761000000000003,46.04891591750397
12892,12893,8127373#0,13.563,4.8272006007574735
12894,12895,8128115#1,7.7407,0.6111111111111113
12896,12897,8128696#0,20.532600000000002,4.099999999999999
12898,12899,8128696#10,3.4782,0.2
12900,12901,8128696#11,6.5494,0.19999999999999996
12902,12903,8128696#4,9.511700000000001,0.9238095238095244
12904,12905,8128696#6,12.441,4.300000000000001
12908,12909,8129174,12.871100000000002,1.7000000000000004
12910,12911,8135793#11,29.951900000000002,13.174242424242426
12912,12913,8135820#0,8.364400000000002,0.2999999999999999
12914,12915,8135821#0,20.840600000000002,16.780952380952378
12916,12917,8137315,9.306000000000001,4.769230769230773
12918,12919,8141786#0,14.2263,6.028571428571429
12924,12925,81525434,24.101000000000003,16.700000000000006
12926,12927,817230875,11.834900000000001,37.46288798920378
12928,12929,818072229,1.1682000000000001,0.2456780333068991
12932,12933,82511977,3.5915000000000004,0.19999999999999996
12934,12935,82528691#0,18.959600000000002,2.1999999999999997
12936,12937,82528694#0,38.386700000000005,7.200000000000004
12938,12939,82528696#0,10.857,2.057347670250896
12940,12941,82528696#3,10.987900000000002,2.282392026578073
12942,12943,82528696#7,18.1269,6.273333333333331
12944,12945,82528702#0,4.9896,2.0887445887445883
12946,12947,82528702#3,3.9919000000000002,1.696969696969697
12948,12949,82528702#4,1.8942,0.38636363636363635
12950,12951,82528705#4,11.7491,1.9494949494949494
12952,12953,82528705#6,11.3993,1.4816091954022987
12954,12955,82528705#8,17.2645,3.063157894736848
12956,12957,82528709#0,6.2832,0.24999999999999994
12958,12959,82528709#3,21.2421,5.199999999999999
12960,12961,82528709#9,14.7125,8.166666666666664
12962,12963,82528711#0,15.3648,25.700000000000003
12964,12965,82528711#1,6.1138,4.666666666666667
12966,12967,82528711#10,6.272200000000001,43.23886639676113
12968,12969,82528711#3,3.5431000000000004,1.2888888888888888
12970,12971,82528711#5,10.1167,4.515669515669516
12972,12973,82528711#7,11.9702,3.9462184873949573
12974,12975,8275514,1.0087000000000002,0.3333333333333333
12976,12977,8275515#1,6.006,2.619047619047619
12978,12979,8275515#2,16.8487,16.933333333333337
12984,12985,8284658#2,4.1316,0.9986320109439121
12986,12987,8284658#3,10.095800000000002,1.4184210526315788
12988,12989,8284660#0,44.87780000000001,24.905907668231606
12990,12991,828773458,0.9262,0.1932444852941178
12992,12993,828773463,1.7402000000000002,0.2661750067867161
12996,12997,828809143,0.2706,0.3
12998,12999,828809144,0.5852,0.23442381373415852
13000,13001,828809145,0.8019000000000001,0.1961360962808797
13002,13003,82914002#0,13.213200000000002,3.526599326599324
13004,13005,829373691,2.4431000000000003,0.3826011417225118
13006,13007,829373692#0,1.0384,0.24523098138358992
13008,13009,829373693,6.592300000000001,0.7218647054317012
13010,13011,8296775#0,15.000700000000002,1.3666666666666667
13018,13019,829753466#0,32.5292,7.699999999999997
13020,13021,829775007,3.1955,40.64072707393737
13028,13029,834702311,0.39380000000000004,0.125
13030,13031,834766051#0,3.7268000000000003,34.53923958079456
13032,13033,834766052#0,4.754200000000001,0.8475424419897695
13034,13035,834766055,1.4542000000000002,0.2963420280907546
13036,13037,834766056#0,20.258700000000005,6.712006787499067
13038,13039,834766056#2,7.119200000000001,1.2297434980784705
13040,13041,834766059#0,5.597900000000001,75.73381977079727
13042,13043,834773007,0.55,0.4242186402329426
13044,13045,834950891#0,3.3605000000000005,113.15476015740225
13046,13047,834950892#0,7.218200000000001,26.133354467163354
13048,13049,834950895,1.7798000000000003,0.277511961722488
13050,13051,834950896#0,2.8886000000000003,18.069377990430628
13052,13053,834950901#0,4.0854,13.347027027027028
13054,13055,834950902#0,2.3793,10.985547061634021
13056,13057,834994013#0,1.5004000000000002,1.9640580414061077
13058,13059,835292273,45.57520000000001,35.35573122529643
13060,13061,835815053#0,2.1758,1.7021329365079365
13062,13063,836116464#0,7.764900000000001,0.6552188552188546
13064,13065,836134439,12.239700000000001,3.100832562442183
13068,13069,836219391#0,2.6004,0.30186690755796447
13070,13071,836885869#0,3.4232000000000005,13.333914027486193
13072,13073,8378853#0,51.92990000000001,100.89999999999999
13076,13077,8378865#0,52.05200000000001,76.8073593073593
13080,13081,839004987,0.8404,0.13186813186813184
13082,13083,839414388,0.23320000000000002,0.13421052631578947
13084,13085,839414400#0,16.4483,15.211111111111112
13086,13087,839414401#0,10.0936,5.699999999999999
13088,13089,839414431,1.4916000000000003,0.22222222222222232
13092,13093,839414432#1,0.1188,4.74040404040404
13096,13097,839414433#2,0.23320000000000002,2.722222222222222
13098,13099,839414435#0,20.223500000000005,8.699999999999998
13100,13101,839414436#2,15.617800000000003,2.3000000000000016
13102,13103,839414437#0,17.758399999999998,0.5
13104,13105,839414438#2,0.0792,0.33333333333333326
13110,13111,839414461#2,18.5933,12.488888888888887
13112,13113,839414478#0,2.2473000000000005,0.2333333333333334
13114,13115,839414479#0,10.189300000000001,3.4095238095238094
13118,13119,84168424#0,6.3096000000000005,1.9292929292929286
13120,13121,84168424#2,5.538500000000001,0.7326315789473685
13122,13123,84168424#3,5.313000000000001,0.6925553319919519
13124,13125,84168424#5,5.416400000000001,32.02062588904694
13126,13127,84168424#9,0.023100000000000002,0.9266666666666666
13128,13129,84168465,5.9202,1.907952572172781
13136,13137,841788517,16.326200000000004,4.685714285714285
13138,13139,843411829,1.7831000000000001,0.830049261083744
13144,13145,851195266#0,26.5716,15.700000000000001
13146,13147,85156140#0,14.9534,3.0611969712685405
13148,13149,851607376,1.6016000000000001,0.29243708269132
13150,13151,851883288#1,4.3923000000000005,0.5
13154,13155,856106097#0,12.098900000000002,3.3088631381146265
13156,13157,856636352,8.734000000000002,77.28388131515636
13158,13159,858281760#0,2.145,0.2340425531914894
13160,13161,858283716#0,4.7696000000000005,0.6176470588235292
13162,13163,858283718,4.750900000000001,0.7237076648841354
13164,13165,8585758#0,19.7527,8.7
13166,13167,8585916#0,18.0818,0.0
13168,13169,859217059#0,2.1054,11.06043165467626
13170,13171,859217059#3,4.5551,1.18513076697032
13174,13175,859233597,3.2560000000000002,57.121288515406164
13176,13177,86020919#0,1.8854000000000002,86.12159863945577
13178,13179,86020922,2.3969,1.8981481481481477
13180,13181,86029036#0,33.865700000000004,13.1456074130223
13182,13183,860434113,4.4583,0.6307043650793652
13184,13185,860434114,4.4143,0.6632814979371626
13186,13187,862167811,2.0548,115.86716791979951
13188,13189,862167814#0,1.4311,0.6891327063740855
13190,13191,867836846#1,0.0099,2.3229885057471256
13192,13193,874212318#0,10.0441,0.6777777777777779
13194,13195,875226004#0,12.1781,0.933333333333333
13196,13197,875227922#0,0.35200000000000004,4.177777777777778
13198,13199,875231666,0.3718000000000001,0.0
13202,13203,87729084,3.4452000000000003,0.6516233766233768
13204,13205,87729746#0,10.1838,2.322580645161291
13206,13207,87730347#0,4.0513,0.30039525691699603
13208,13209,87730349,3.2791,0.27272727272727276
13210,13211,87932251#0,1.5499,0.1944444444444444
13212,13213,87932255#0,8.042100000000001,0.8677536231884053
13214,13215,87932255#3,14.3858,1.4095238095238103
13216,13217,87932260#0,0.7986000000000001,2.2666666666666666
13218,13219,87932260#2,0.30030000000000007,0.07971014492753624
13220,13221,87976142#0,21.806400000000004,13.977294685990346
13222,13223,884420085#2,1.837,0.3697478991596639
13224,13225,89070366#0,15.776200000000001,5.000000000000001
13226,13227,89070366#2,21.6084,75.6
13228,13229,89221670#1,17.4922,1.9636363636363616
13230,13231,89221670#2,13.326500000000001,2.6320346320346317
13232,13233,899230737#0,20.386300000000002,5.10513186029936
13236,13237,90104680#0,37.6387,7.0
13238,13239,90364620#0,11.5324,2.1658895158895164
13240,13241,90364620#2,17.447100000000002,47.55188595188594
13242,13243,90364638,0.4697,10.455555555555556
13244,13245,90378682#0,18.953000000000003,3.6
13254,13255,911580385#0,10.12,1.0666666666666669
13256,13257,913817165#1,8.851700000000001,1.7838874680306906
13260,13261,920216324,0.026400000000000003,0.06666666666666667
13262,13263,92215230,0.5489,0.23069036226930958
13264,13265,92434938#0,0.7073,0.24935064935064938
13266,13267,92434944#0,0.6204,0.180501231348689
13272,13273,926330093#2,4.246,5.299999999999999
13274,13275,926330093#4,0.4312,0.8888888888888887
13276,13277,92881833#0,6.145700000000001,0.6054421768707482
13278,13279,92881833#3,6.835400000000001,1.174242424242424
13284,13285,92890178#1,0.0429,0.4999999999999998
13286,13287,92890178#6,0.015400000000000002,0.17777777777777778
13288,13289,92914307#1,11.8118,1.7000000000000002
13290,13291,92917956#0,47.36600000000001,21.400000000000006
13292,13293,92917956#3,35.3716,21.673684210526314
13294,13295,92917956#7,5.896000000000001,0.6938405797101449
13296,13297,92917962#0,4.722300000000001,0.5014224751066856
13298,13299,92917970#0,26.724500000000003,16.7
13300,13301,929288017,1.4014000000000002,0.19999999999999996
13302,13303,929661880,6.094,2.036968885915022
13308,13309,937672142#0,6.465800000000001,1.788888888888889
13310,13311,937802014,7.849600000000001,0.7833333333333335
13314,13315,938584300,12.7116,3.066666666666666
13316,13317,938584301,0.015400000000000002,12.7
13318,13319,938898647,18.664800000000003,4.299999999999999
13320,13321,945077740#0,1.5697,0.30000000000000004
13324,13325,946966316#3,6.9828,0.8833333333333335
13326,13327,951211029#0,39.64620000000001,17.142857142857146
13328,13329,958184908#0,15.200900000000003,3.5222629291982606
13330,13331,958184908#10,9.0035,1.556650246305418
13332,13333,958184908#11,14.7598,3.805125544120616
13334,13335,958184908#4,11.6666,2.4829462421711894
13336,13337,958184908#6,21.1717,6.42981710093383
13338,13339,966020408#0,32.815200000000004,12.185138670852949
13340,13341,966543429,22.419100000000004,8.044444444444446
13342,13343,966975867,0.06160000000000001,0.0
13344,13345,96841510#0,4.0876,0.35238095238095235
13346,13347,96841510#3,3.2439,0.3142857142857142
13352,13353,975575189,0.4026,0.06703367875647674
13356,13357,976706272#0,13.6895,2.801058530510586
13358,13359,976706273#0,4.7597000000000005,0.8800075318928589
13360,13361,976706273#4,18.111500000000003,4.170114150003833
13362,13363,979190032#1,2.4178,0.5487269534679542
13364,13365,980981276#0,0.015400000000000002,0.09143996581683525
13366,13367,980981276#1,6.38,38.32533401849948
13368,13369,985165443#1,11.520300000000002,3.136781609195402
13370,13371,985165443#6,16.1458,5.02016806722689
13372,13373,990580359,3.7477000000000005,0.20229885057471267
13376,13377,992186675#6,13.0911,1.1222222222222227
13378,13379,995533031#3,3.8885000000000005,0.7766666666666665
13380,13381,995533032,8.4722,2.370221327967807
13382,13383,995533033,3.3803,0.21634615384615372
