from_node,to_node,edge_id,edge_tt,edge_var
0,1,--153692837#1,9.59391304347826,2.482213438735178
2,3,-101238042,8.26,0.0
4,5,-101731827#0,4.020740740740741,1.9430199430199424
6,7,-101731827#1,4.27047619047619,2.447619047619047
8,9,-101731827#2,4.9559999999999995,0.6
12,13,-102461801,28.188888888888886,2.611111111111111
14,15,-102818928#0,5.906519337016575,0.38330263965623057
16,17,-102818928#1,15.437790055248618,3.2653161448741566
18,19,-103053747,11.799999999999999,4.0
20,21,-103053774#0,4.064444444444445,0.26143790849673204
22,23,-103053774#1,3.4778947368421047,0.2748538011695907
24,25,-103053774#2,4.785555555555555,0.8790849673202611
26,27,-103053774#3,9.44,0.4000000000000002
32,33,-103053774#6,2.36,0.0
38,39,-103396186,6.489999999999999,1.0000000000000002
40,41,-103512657,11.862105263157893,2.4970760233918132
42,43,-103512667#0,10.31813953488372,1.8139534883720927
44,45,-103512667#2,4.9282352941176475,0.45276292335115864
46,47,-103512672,42.48,7.0
52,53,-103671264,4.344070796460176,0.2904551201011378
58,59,-103671267#10,2.9499999999999997,0.27777777777777773
60,61,-103671267#11,2.9499999999999997,0.5
62,63,-103671267#12,2.36,0.0
66,67,-103671267#14,25.959999999999997,0.0
70,71,-103671267#3,3.54,0.0
72,73,-103671267#4,2.36,0.0
74,75,-103671267#5,3.61375,0.8625
76,77,-103671267#6,3.1466666666666665,0.24242424242424238
82,83,-103671270,5.748717948717948,0.4748010610079576
84,85,-103678452,2.36,0.6666666666666666
86,87,-103678458#0,2.9499999999999997,0.5
88,89,-103678458#1,3.202857142857143,0.9047619047619048
90,91,-103686129#1,90.29185185185185,302.7977207977208
92,93,-103687101,4.798666666666666,9.638095238095236
94,95,-103718186,52.27148936170213,758.661001556824
98,99,-1040258009,9.682017738359201,0.89301890296168
100,101,-104236368#0,16.814999999999998,72.91666666666667
102,103,-104236369,0.885,0.19736842105263164
104,105,-1042557946,2.451846965699208,0.12859095935978815
106,107,-1042557947,1.3926336633663365,0.15046627516120165
108,109,-10425610#1,23.27956896551724,151.07312658605755
110,111,-10425611#0,13.42952380952381,16.051457000710727
112,113,-10425611#1,7.202551928783383,1.36715769393811
114,115,-10427692#1,23.24430622009569,243.25966139124026
116,117,-10427692#2,2.1511004784688996,0.1560084652189915
118,119,-10427692#3,4.804688995215311,0.249631947000368
120,121,-10427692#4,4.889377990430622,0.29660471107839514
122,123,-10427692#5,5.787619047619048,0.3832308042834358
124,125,-10427692#6,3.2815238095238093,0.24843928001822746
126,127,-10427692#7,7.349714285714286,0.5312371838687627
132,133,-105141980#1,2.36,0.0
134,135,-105143683#0,30.68,2.0
136,137,-105143683#1,9.44,0.0
138,139,-105467137,13.766666666666666,2.3333333333333326
142,143,-105540411,10.738,1.877777777777778
144,145,-10597452#0,14.665714285714285,0.619047619047619
146,147,-10597452#1,14.069230769230769,2.410256410256409
148,149,-10597454#1,31.489142857142856,983.9867494824016
150,151,-10597454#2,8.045454545454545,106.42797202797199
152,153,-10597455#0,1.18,0.0
154,155,-10597455#1,4.523333333333333,2.1515151515151514
160,161,-107431496#0,6.473860182370821,4.726184298317148
162,163,-107431496#1,21.253615384615383,1.1929165429165418
166,167,-108237964#0,2.5285714285714285,0.14285714285714288
170,171,-108237964#2,3.4219999999999997,0.5444444444444445
172,173,-108239224#0,9.833333333333334,0.7500000000000003
174,175,-108239224#1,16.78222222222222,21.944444444444443
176,177,-108239938,10.62,0.9189189189189187
178,179,-108240279#0,8.802162162162162,2.0330330330330333
180,181,-108240279#1,16.946111111111108,2.9945226917057903
182,183,-108240279#2,21.139336492890994,117.64983073798247
184,185,-1082935356#0,22.92571428571428,74.61904761904762
188,189,-1082935357#1,40.71,4.5
190,191,-108310250,1.1105882352941177,0.2994652406417113
192,193,-108310251,2.006,0.22105263157894728
194,195,-108310252,6.962,2.094736842105262
196,197,-108310253,4.906315789473684,0.9473684210526316
198,199,-1092460667,14.553333333333333,2.75
200,201,-10941814,8.918231292517007,1.1935513931600048
202,203,-10941825,12.137142857142857,1.1746031746031746
204,205,-109483355,9.911999999999999,0.29999999999999993
206,207,-11014139#1,17.869435897435896,82.06174993391488
208,209,-110212545,33.6064,40.26
210,211,-110750652,49.166666666666664,10.266666666666662
212,213,-111120103,5.113333333333332,0.3333333333333335
222,223,-112979075,9.833333333333334,0.3333333333333335
224,225,-112979077,8.024,1.6999999999999997
228,229,-112979094#0,6.436363636363636,1.6727272727272726
230,231,-112979094#1,3.54,0.0
232,233,-112979110,8.486923076923077,0.721538461538462
234,235,-113796178#0,4.13,5.5
236,237,-113796178#1,4.064444444444445,1.7777777777777777
238,239,-113796181#1,3.3167567567567566,3.08700481303221
240,241,-113796181#2,3.754545454545454,1.6796536796536796
242,243,-113796181#3,2.0228571428571427,2.681318681318681
244,245,-113796181#4,6.293333333333333,0.33333333333333326
246,247,-113796181#5,9.44,5.428571428571429
248,249,-113796182,7.08,1.1428571428571428
252,253,-113796194#0,15.045,0.9166666666666666
256,257,-113796197,5.2444444444444445,2.0277777777777777
260,261,-114198606#1,27.041666666666668,198.1357142857143
264,265,-115082348,46.628879999999995,440.3069718875506
266,267,-115082374#0,6.843999999999999,7.115789473684211
268,269,-115881035#0,11.013333333333334,1.333333333333333
270,271,-115881035#1,20.846666666666668,19.249999999999996
272,273,-115881035#2,12.717777777777778,6.194444444444444
284,285,-115881039,36.875,0.916666666666667
286,287,-115881041#0,14.435333333333332,5.495402298850575
292,293,-115881041#3,5.506666666666667,0.5
294,295,-115881041#4,13.11111111111111,0.8611111111111108
296,297,-115881043#0,15.125454545454545,0.5367965367965368
298,299,-115881043#10,3.624285714285714,0.07142857142857141
300,301,-115881043#11,18.88,2.769230769230769
302,303,-115881043#2,5.363636363636364,0.25974025974025977
304,305,-115881043#4,5.270666666666666,0.26666666666666644
306,307,-115881043#5,9.44,0.8333333333333334
308,309,-115881043#7,2.5415384615384613,0.14102564102564102
310,311,-115881043#8,3.4219999999999997,0.09999999999999999
312,313,-115881043#9,7.847,1.3973684210526316
314,315,-115881046,30.54888888888889,8.61111111111111
316,317,-115881047,14.16,0.0
318,319,-115881048#0,5.8999999999999995,0.0
320,321,-115881048#1,7.473333333333333,0.3333333333333335
328,329,-115881050,17.83111111111111,2.3611111111111107
332,333,-116765451#1,13.21043771043771,1.9766624011907052
334,335,-116765451#2,1.6172427706792198,0.29127177575777835
336,337,-116765457#1,6.090030674846625,3.8159485660745136
338,339,-117070809,65.40571428571428,23.15714285714286
340,341,-117560677,12.979999999999999,0.0
344,345,-118004624#1,48.085,67.32608695652176
346,347,-118004640#1,6.843999999999999,1.2000000000000002
348,349,-118004640#1.47,5.427999999999999,12.8
350,351,-118004640#2,2.596,0.20000000000000004
352,353,-118004640#4,2.36,0.0
354,355,-118004640#5,4.326666666666666,0.33333333333333337
360,361,-118604348#0,4.605806451612903,0.35698924731182796
362,363,-118604348#1,2.4741935483870967,0.15698924731182792
364,365,-118604350,3.2449999999999997,2.25
366,367,-118604351#0,3.304,0.20000000000000004
368,369,-118604351#1,6.555555555555555,0.5277777777777775
370,371,-118604351#2,15.34,3.0
372,373,-118604351#3,1.9666666666666666,0.3333333333333333
374,375,-118604351#4,21.711999999999996,6.3000000000000025
376,377,-118604352,2.36,0.0
380,381,-118604354,4.248,6.8
382,383,-118604355,3.54,0.0
384,385,-118604356,3.0974999999999997,0.8392857142857142
386,387,-118604357,5.8999999999999995,0.0
388,389,-118604358,2.36,0.0
390,391,-118604359,5.506666666666667,0.33333333333333326
398,399,-118604367,3.54,0.0
400,401,-118607467,20.355,6.916666666666667
402,403,-118607469#0,15.263870967741935,1.5956989247311824
404,405,-118607469#1,24.894193548387097,4.156989247311827
406,407,-118607469#2,36.61806451612903,9.832258064516136
408,409,-118607469#3,19.385714285714283,1.4391534391534397
410,411,-118607469#4,16.52,0.0
412,413,-118607471,4.72,0.0
416,417,-118607475#1,71.685,4.916666666666667
418,419,-118607475#2,31.466666666666665,3.466666666666666
422,423,-118607480,7.08,0.0
424,425,-118607482,23.937142857142856,3.2380952380952395
430,431,-118607487#0,1.4422222222222223,0.2879499217527386
432,433,-118607487#1,12.175454545454546,2.158741258741259
434,435,-118607487#10,1.77,0.3444444444444444
436,437,-118607487#11,2.103478260869565,0.5294685990338165
438,439,-118607487#12,1.9666666666666666,0.6178861788617886
440,441,-118607487#13,1.8741176470588232,0.43137254901960775
442,443,-118607487#14,1.6748387096774193,0.2516129032258065
444,445,-118607487#15,1.18,0.0
446,447,-118607487#2,1.663606557377049,0.3125683060109289
448,449,-118607487#3,1.1189655172413793,0.08499697519661223
450,451,-118607487#4,1.4444827586206894,0.21203871748336364
452,453,-118607487#5,1.8450909090909091,0.28754208754208754
454,455,-118607487#6,1.8236363636363635,0.4006734006734007
456,457,-118607487#7,1.6338461538461537,0.31975867269984914
458,459,-118607487#8,1.77,0.2555555555555556
460,461,-118607487#9,1.5391304347826087,0.21642512077294687
462,463,-118607492,29.794999999999998,17.583333333333332
464,465,-118607497#0,3.1185714285714283,0.24725274725274726
466,467,-118607504#4,105.02,0.0
468,469,-118607504#5,28.45111111111111,7.11111111111111
470,471,-118607504#6,27.645714285714284,6.952380952380952
472,473,-118607504#7,1.18,0.0
474,475,-118607504#8,178.57333333333332,56.333333333333336
476,477,-118619445#0,2.7533333333333334,0.33333333333333337
478,479,-118619445#1,5.506666666666667,0.33333333333333326
482,483,-118619465#0,2.36,0.0
484,485,-118619465#1,5.31,0.9444444444444441
486,487,-118619467,10.62,4.0
494,495,-11940927#0,5.036585365853658,0.7012195121951218
496,497,-11940927#1,2.934871794871795,0.25641025641025644
498,499,-11940927#2,7.957435897435897,0.3535762483130905
500,501,-11940927#3,2.4205128205128204,0.15519568151147103
502,503,-11940927#4,9.288717948717947,0.5883940620782736
506,507,-119621356#0,246.3604,1412.7057142857132
508,509,-119621360#0,3.086153846153846,2.611336032388664
512,513,-120033060#0,26.432,8.26666666666667
514,515,-120033060#1,21.83,544.5
516,517,-120033065,13.148571428571428,2.1285714285714272
518,519,-120033067,17.817999999999998,1.4333333333333333
520,521,-120033068#0,26.168235294117643,5.779411764705882
522,523,-120033068#1,6.637499999999999,3.0161290322580645
524,525,-120033074#0,37.76,11.2
526,527,-120033074#1,7.276666666666666,0.16666666666666666
528,529,-120033077,26.549999999999997,3.499999999999999
530,531,-120033091#0,25.959999999999997,16.0
532,533,-120033091#1,61.654999999999994,8.916666666666666
534,535,-120033097,3.776,2.694736842105263
538,539,-120033098#3,8.03875,0.8669354838709675
542,543,-120033098#5,15.61230769230769,7.525641025641026
544,545,-120033098#6,1.5487499999999998,0.774525316455696
546,547,-120033098#7,2.2272499999999997,0.3542721518987342
548,549,-120033100#0,35.197714285714284,11.793277310924369
550,551,-120033100#1,2.7533333333333334,1.0701754385964914
552,553,-120033103,21.83,37.32352941176471
554,555,-120033104#0,7.798260869565217,0.43083003952569177
556,557,-120033104#1,4.13,0.5333333333333334
558,559,-120125554,12.07230769230769,3.5256410256410255
560,561,-120365432,12.811428571428571,1.6285714285714288
566,567,-120416766#0,8.85,0.45454545454545436
568,569,-120416766#1,20.420941176470585,3.286274509803919
570,571,-120416786,24.28405797101449,4.4825234441602735
572,573,-120416814#0,23.431428571428572,5.142857142857143
576,577,-121110648#0,15.192499999999999,1.8392857142857142
578,579,-121110648#1,13.452,2.3
580,581,-121460647,2.36,0.2222222222222222
584,585,-121460649#1,21.83,12.5
586,587,-121549474,5.427999999999999,1.7999999999999998
588,589,-124194339#0,8.915555555555555,1.2777777777777775
590,591,-124194339#1,5.8999999999999995,0.0
592,593,-125002584,10.053811659192826,0.8194669933831874
594,595,-125002604#0,2.405167464114833,0.5177585572322413
596,597,-125002604#1,4.283173076923077,0.31157097733184697
600,601,-125014858#0,20.06,2.0
610,611,-125014865,8.26,1.0
622,623,-125496624,18.486666666666665,4.333333333333334
628,629,-126446062#0,18.162207468879668,194.10890117312965
630,631,-126446062#1,2.6928205128205125,0.5955695994206901
632,633,-126446062#2,2.405136612021858,1.0765102075904704
634,635,-126446076,46.14756756756756,18.932432432432428
636,637,-126446078,67.68142857142857,569.0164835164835
638,639,-126446083,160.80860759493672,463.4888333467713
640,641,-126446095,27.41230769230769,5.445344129554654
642,643,-126446099,23.23125,3.2958333333333334
644,645,-126446100,27.746857142857145,8.433613445378153
646,647,-126446102,24.779999999999998,0.0
648,649,-126446106,43.732244897959184,41.93367346938774
650,651,-126446109,27.198999999999998,33.102631578947374
654,655,-126446115,21.33833333333333,17.297101449275363
656,657,-126446127#0,24.863098591549296,24.89496981891348
658,659,-126446127#1,26.48934579439252,10.702521601128547
660,661,-126446127#2,8.250166666666665,11.621778711484593
662,663,-126446130#0,1.18,0.0
664,665,-126446130#1,13.687999999999999,10.833333333333334
666,667,-126909938,8.31411049723757,0.6728545730524784
668,669,-126909946#0,4.012,0.48888888888888893
670,671,-126909946#1,36.97333333333333,30.333333333333336
672,673,-126909949,2.9499999999999997,4.5
674,675,-126909971#0,8.474545454545455,1.3636363636363633
676,677,-126909971#1,9.911999999999999,0.26666666666666655
680,681,-126954023,17.7,4.666666666666666
682,683,-126954029#0,16.52,1.4999999999999998
684,685,-126954029#1,9.44,0.0
686,687,-126954030,50.62199999999999,28.54444444444444
688,689,-126954032,15.782499999999999,27.125
692,693,-126987999,74.33999999999999,1.0
700,701,-126988003,1.18,0.0
702,703,-126988004,187.22666666666666,152.33333333333337
712,713,-127076894#2,0.9747826086956521,0.36908212560386483
720,721,-127076901#1,3.776,2.7
722,723,-127076902#0,221.16571428571427,392.2857142857143
724,725,-127076904,61.36,0.0
726,727,-127076905#0,63.26274999999999,48.27180962343093
728,729,-127076905#1,21.50894586894587,6.079332519332518
730,731,-127076905#2,1.425076923076923,0.1701206248764089
732,733,-127076907,186.73499999999999,656.9166666666669
734,735,-127076908#1,28.91,3.6666666666666683
736,737,-127076909,36.815999999999995,49.75000000000001
738,739,-128070665#1,13.677341935483872,3.5252895728774054
740,741,-128070666#0,7.0624317617866,4.417169366397985
742,743,-128070667#1,25.306041412911082,448.4156561005315
744,745,-128070698#0,3.2242253521126756,0.7416498993963779
746,747,-128070718,102.94319999999999,48.856666666666655
748,749,-128361102#0,18.617605263157895,2.8529904306220133
750,751,-128361102#1,7.177687253613666,0.6365585448509578
752,753,-128361114#0,3.54,0.0
754,755,-128361114#1,1.18,0.0
764,765,-128361114#6,2.9499999999999997,0.5
788,789,-128361133,3.54,0.0
792,793,-128361137#0,9.44,0.666666666666667
798,799,-128361139#1,9.44,1.0
800,801,-128361140#0,7.08,0.0
802,803,-128361140#1,8.26,0.0
804,805,-128361142#0,8.26,2.5
816,817,-128361146#0,11.799999999999999,0.0
818,819,-128361146#1,8.653333333333332,1.3333333333333335
820,821,-128361148#0,8.26,0.0
824,825,-128361149#0,10.62,18.0
826,827,-128361149#1,10.62,0.5000000000000001
828,829,-128361150#0,8.26,0.0
838,839,-128361153#1,7.866666666666666,0.3333333333333335
842,843,-128361155#1,7.473333333333333,22.333333333333336
844,845,-128361157#0,2.36,0.0
860,861,-128361163#0,9.833333333333334,0.6666666666666666
862,863,-128361163#1,10.03,0.5
866,867,-128361165#1,5.8999999999999995,0.0
868,869,-128668758#0,3.6555670103092783,0.39968484589498426
870,871,-128668758#0.24,11.382083333333334,1.0362129144851655
872,873,-128668758#1,6.27031914893617,0.5159574468085104
874,875,-128668758#1.44,5.202727272727272,0.3231168831168832
876,877,-128668758#3,12.44603351955307,1.305316678174628
878,879,-128668759#1,8.26,0.0
880,881,-128906555,5.236893542757416,0.5118787961925668
882,883,-129130803#0,12.508,0.2999999999999998
884,885,-129130803#1,5.8999999999999995,0.5
886,887,-129130803#2,6.372,0.30000000000000016
888,889,-129130803#3,2.36,0.0
890,891,-129130803#4,8.26,0.9999999999999998
892,893,-129130803#5,1.0488888888888888,0.1111111111111111
894,895,-129130803#6,6.6866666666666665,3.5
896,897,-129130803#7,2.5285714285714285,0.8095238095238094
898,899,-129130805#0,31.597777777777775,7.194444444444446
900,901,-129130805#1,17.306666666666665,12.333333333333336
902,903,-129130810#0,19.27333333333333,2.095238095238095
904,905,-129130810#1,6.136,0.457142857142857
906,907,-129130810#2,28.791999999999998,7.114285714285715
908,909,-129130810#3,5.42,0.4868497954412625
910,911,-129130810#4,0.6218918918918918,0.250965250965251
912,913,-129130810#5,5.947837837837837,0.43371943371943367
914,915,-129130810#6,10.934666666666667,1.7270693512304254
916,917,-129130810#60,3.8908108108108106,0.3191763191763192
918,919,-129130810#7,8.265130434782607,0.7379722802354279
922,923,-129323704#1,5.034666666666666,0.6380952380952379
924,925,-129323704#2,6.424444444444444,0.5277777777777777
926,927,-129323704#3,38.60285714285714,13.604395604395599
928,929,-129323704#4,3.6711111111111108,0.10457516339869286
934,935,-129323706#2,19.27333333333333,2.333333333333333
936,937,-129323706#3,3.54,0.6666666666666666
938,939,-129323706#4,2.36,0.2857142857142857
944,945,-129323706#7,2.36,0.0
946,947,-129323707#0,8.26,1.0
948,949,-129323707#1,4.72,0.0
950,951,-129323707#2,2.9499999999999997,0.3333333333333333
952,953,-129323707#3,3.54,0.0
958,959,-129323710,18.236363636363635,19.87272727272727
962,963,-129323714,12.979999999999999,3.75
964,965,-129323715,18.88,0.0
966,967,-129323718,19.424615384615382,2.7287449392712553
968,969,-129323719,8.26,0.0
970,971,-129323720,9.735,0.25000000000000017
974,975,-129323722,11.406666666666665,1.333333333333333
978,979,-129323724,21.004,9.700000000000001
984,985,-129323730,18.88,7.0
986,987,-129323739#0,20.977777777777778,6.300653594771239
988,989,-129323739#1,4.635714285714285,0.532967032967033
990,991,-129323739#2,13.373333333333333,4.266666666666667
992,993,-129323741#0,3.202857142857143,0.23809523809523805
994,995,-129323741#1,3.3433333333333333,0.15151515151515157
998,999,-129323741#3,4.326666666666666,0.33333333333333337
1000,1001,-129323741#4,11.799999999999999,1.0
1002,1003,-129323742#0,23.718,37.65555555555555
1004,1005,-129323742#1,4.3981818181818175,0.41818181818181815
1006,1007,-129323742#2,22.81333333333333,4.333333333333335
1008,1009,-129323743#0,3.624285714285714,0.2252747252747253
1010,1011,-129323743#1,3.0155555555555553,0.5277777777777778
1012,1013,-129323743#2,4.72,0.0
1014,1015,-129323743#3,3.1466666666666665,0.33333333333333337
1016,1017,-129323743#4,3.54,0.6666666666666666
1018,1019,-129323743#5,3.54,0.0
1020,1021,-129323744#0,24.845555555555556,25.93790849673202
1022,1023,-129323744#1,5.8999999999999995,1.7857142857142854
1024,1025,-129323744#2,13.078333333333333,0.8106060606060606
1030,1031,-129323745#2,3.54,0.0
1032,1033,-129323745#3,3.933333333333333,0.33333333333333337
1034,1035,-129323745#4,3.933333333333333,0.33333333333333337
1036,1037,-129323746#0,3.933333333333333,0.23529411764705888
1038,1039,-129323746#1,3.5871999999999997,0.37333333333333335
1040,1041,-129323746#2,3.8896296296296295,0.37037037037037046
1042,1043,-129323746#3,3.057272727272727,0.31991672449687736
1044,1045,-129323746#4,3.80569536423841,0.5356291390728478
1046,1047,-129323746#5,4.302083333333333,0.7430191972076788
1048,1049,-129379920#1,2.344018058690745,0.30252726481546993
1050,1051,-129379920#1.28,1.7961926260346124,4.299393964118327
1052,1053,-129379922,3.3562295081967215,0.33739807581814507
1054,1055,-129379925,8.244722010662604,109.34663101629113
1056,1057,-129379925.33,18.051489361702124,248.05417037456502
1058,1059,-129379930#0,4.760689655172413,3.605911330049261
1060,1061,-129379930#10,29.5,4.999999999999999
1062,1063,-129379930#11,1.6806060606060607,0.25189393939393945
1064,1065,-129379930#2,3.6426086956521737,3.2648221343873516
1066,1067,-129379930#4,3.54,0.25
1068,1069,-129379930#5,30.68,4.399999999999999
1070,1071,-129379930#6,4.72,0.1818181818181819
1072,1073,-129379930#8,3.54,0.2500000000000001
1076,1077,-129379931,13.274999999999999,37.64285714285715
1078,1079,-129379932,19.666666666666668,8.380952380952381
1080,1081,-129379933,18.51125,20.62916666666666
1082,1083,-129379938,20.2075,2.410714285714285
1084,1085,-129379939,14.16,0.0
1086,1087,-129379940,18.29,9.5
1088,1089,-129379941,13.924,37.7
1090,1091,-129379942,18.958666666666666,4.638095238095237
1092,1093,-129379943,20.65,6.0
1094,1095,-129379944,16.25777777777778,2.1944444444444438
1096,1097,-129379945,19.01111111111111,1.86111111111111
1098,1099,-129379947,21.152592592592594,5.07122507122507
1100,1101,-129379950#0,4.982222222222222,0.9444444444444443
1102,1103,-129379951#0,4.467142857142857,1.7197802197802194
1104,1105,-129379952#1,6.630795454545454,34.76282467532466
1106,1107,-129379952#10,2.36,0.5
1108,1109,-129379952#11,3.304,0.4000000000000001
1110,1111,-129379952#12,2.7139999999999995,0.23333333333333328
1112,1113,-129379952#13,5.8999999999999995,0.0
1114,1115,-129379952#14,4.72,0.0
1116,1117,-129379952#15,2.6705263157894734,0.42690058479532156
1118,1119,-129379952#16,3.54,0.0
1120,1121,-129379952#17,4.72,1.6
1122,1123,-129379952#18,1.9175,0.3942307692307692
1124,1125,-129379952#19,2.475121951219512,0.6902439024390244
1126,1127,-129379952#2,3.355838150289017,0.39991934399784956
1128,1129,-129379952#20,18.97076923076923,1.5769230769230769
1130,1131,-129379952#21,3.973469387755102,1.3622448979591832
1132,1133,-129379952#22,3.659710144927536,0.6807331628303492
1134,1135,-129379952#23,4.169333333333333,0.5213483146067412
1136,1137,-129379952#24,4.386262626262626,0.3477633477633477
1138,1139,-129379952#25,3.738504672897196,0.25445247751719263
1140,1141,-129379952#26,4.248,0.3014925373134329
1142,1143,-129379952#27,4.052689655172414,0.28908045977011515
1144,1145,-129379952#28,3.6910975609756096,0.27184647613347307
1146,1147,-129379952#29,4.009318181818182,0.2523376623376623
1148,1149,-129379952#3,3.3924999999999996,0.40943113772455064
1150,1151,-129379952#30,3.2011881188118814,0.2554553962858973
1152,1153,-129379952#4,3.4873885350318465,0.33774293646905135
1154,1155,-129379952#5,3.4166013071895422,0.3047815617475059
1156,1157,-129379952#6,3.3934640522875816,0.33316133470932235
1158,1159,-129379952#7,3.602933333333333,0.2521700223713647
1160,1161,-129379952#8,1.8895424836601307,0.3071035431716547
1162,1163,-129379952#9,5.664,0.7428571428571429
1164,1165,-129379953#0,1.7464,0.6628571428571429
1166,1167,-129379953#1,11.5168,4.716734693877551
1168,1169,-129379956,10.488888888888889,1.6111111111111107
1170,1171,-129379958#0,6.237142857142857,0.904761904761905
1172,1173,-129379958#1,2.5075,0.1166666666666667
1174,1175,-129379958#2,1.2410344827586206,0.0499092558983666
1176,1177,-129379958#3,2.502413793103448,0.5992135511191775
1178,1179,-129379962#0,1.77,1.0
1180,1181,-129379962#1,5.8999999999999995,0.0
1182,1183,-129379962#2,14.021176470588236,5.197860962566844
1184,1185,-129379962#3,3.2777777777777777,2.1944444444444446
1186,1187,-129379962#4,2.9499999999999997,0.5
1188,1189,-129379964,15.34,2.5454545454545454
1190,1191,-129778904#0,11.013333333333334,1.333333333333334
1192,1193,-129778904#1,7.08,1.5
1194,1195,-129778904#2,5.664,0.19999999999999996
1196,1197,-129778904#3,24.426,7.344444444444444
1200,1201,-129994349,25.959999999999997,5.714285714285715
1204,1205,-130185484#0,44.315555555555555,15.08496732026144
1206,1207,-130185484#1,2.556666666666666,0.16666666666666669
1208,1209,-130185484#2,3.54,0.0
1212,1213,-130185486#1,14.16,0.0
1214,1215,-130185486#2,11.547142857142857,6.027472527472527
1216,1217,-130185488#1,5.387655068078669,0.6005868060330991
1218,1219,-130185488#1.58,19.82722306525038,121.29841198094199
1220,1221,-130185488#2,3.8812048192771083,0.2661869196241983
1222,1223,-130185488#3,6.327211678832116,0.36580868228966607
1224,1225,-130185488#4,5.730945558739254,0.3869058141112336
1226,1227,-130185490#1,9.44,24.5
1228,1229,-130185490#2,70.04142857142857,36.4010989010989
1230,1231,-130185490#3,69.61999999999999,32.0
1232,1233,-130185490#4,8.26,0.0
1234,1235,-130185494,19.233999999999998,2.4555555555555553
1236,1237,-130185495,19.217142857142854,8.238095238095235
1238,1239,-130996521#1,59.0,99.74285714285716
1240,1241,-130996521#2,86.20840579710143,120.17306052855926
1242,1243,-130996521#3,30.09,1012.5
1244,1245,-130996528,8.26,0.0
1248,1249,-131118449,3.3433333333333333,0.2647058823529411
1250,1251,-131118454,3.295862068965517,1.027093596059113
1252,1253,-131118455,2.36,1.0
1254,1255,-131118458,30.09,3.6666666666666665
1256,1257,-131118459#0,12.154,11.344444444444443
1258,1259,-131118459#1,10.62,0.0
1260,1261,-131118460#0,13.373333333333333,1.4666666666666672
1264,1265,-131118462#0,3.54,0.0
1266,1267,-131118462#1,1.9666666666666666,0.6666666666666667
1270,1271,-131118464#0,1.5733333333333333,0.23809523809523808
1272,1273,-131118464#1,1.4749999999999999,0.19999999999999998
1274,1275,-131118464#2,2.0228571428571427,0.37362637362637374
1276,1277,-131634116#0,2.556666666666666,0.1666666666666667
1278,1279,-131634116#1,7.08,19.333333333333332
1280,1281,-131634116#2,19.666666666666668,6.333333333333336
1282,1283,-131634117#1,3.7366666666666664,0.16666666666666666
1284,1285,-131634117#2,2.124,0.2
1286,1287,-131634117#3,6.489999999999999,0.5
1288,1289,-131634117#5,4.326666666666666,4.333333333333333
1290,1291,-131634130#0,2.36,0.0
1294,1295,-131634134#0,11.6525,3.2678571428571432
1296,1297,-131634134#1,2.8458823529411763,1.8823529411764703
1298,1299,-131634136,5.506666666666667,0.3333333333333335
1300,1301,-131634138#1,8.26,0.0
1302,1303,-131634138#2,2.36,2.0
1304,1305,-131634140#0,4.326666666666666,0.33333333333333337
1312,1313,-131634144#1,5.8999999999999995,0.0
1314,1315,-131634145#0,1.9175,0.26785714285714285
1316,1317,-131634145#1,3.54,3.0
1318,1319,-131634145#2,6.293333333333333,0.3333333333333335
1320,1321,-131634145#3,1.18,0.0
1322,1323,-131634145#4,5.664,0.7
1332,1333,-131700652#0,8.60258064516129,2.0795698924731183
1334,1335,-131700652#1,14.094444444444443,0.9967320261437905
1336,1337,-131700653#0,5.083076923076923,0.7307692307692307
1338,1339,-131700654#0,3.835,1.9285714285714286
1340,1341,-131700654#1,22.81333333333333,5.066666666666668
1344,1345,-131722023,18.88,1.0
1346,1347,-131722024,16.52,2.5
1350,1351,-136435839,11.799999999999999,0.0
1352,1353,-136435842,19.175,103.58333333333333
1356,1357,-136436468#1,5.266829268292683,0.25487804878048764
1358,1359,-136436468#2,5.390454545454546,7.87896405919662
1360,1361,-136436469,13.4225,22.116666666666664
1362,1363,-136436470,10.738,0.32222222222222224
1364,1365,-136436471,21.004,38.84444444444444
1366,1367,-136436473,6.489999999999999,0.5
1368,1369,-136436475#0,7.67,1.6666666666666667
1370,1371,-136436476#1,4.641333333333333,6.333333333333334
1372,1373,-136436476#10,6.555555555555555,2.9673202614379086
1376,1377,-136436476#2,3.329285714285714,6.818783068783067
1378,1379,-136436476#3,11.328,2.2666666666666666
1380,1381,-136436476#4,6.424444444444444,2.0277777777777777
1382,1383,-136436476#5,15.845714285714285,1.6190476190476193
1396,1397,-136437411,1.18,0.0
1400,1401,-136517436#1,2.36,0.0
1402,1403,-136517436#2,11.209999999999999,0.5
1404,1405,-136517436#3,3.1466666666666665,0.24999999999999994
1408,1409,-136517439,6.8676,12.803673469387755
1410,1411,-136517442#0,5.427999999999999,0.4888888888888887
1416,1417,-136618617#0,6.555555555555555,1.438697318007663
1418,1419,-136618617#1,2.449620253164557,0.1480038948393379
1420,1421,-136618617#2,17.519529411764704,3.1549019607843136
1422,1423,-136618617#3,11.08578947368421,0.7859174964438127
1424,1425,-136618617#4,4.171162790697674,0.3023255813953489
1428,1429,-136728344#0,23.628566108007448,2.2251591205981267
1430,1431,-136728344#3,16.46150427350427,4.146510947195878
1432,1433,-136728344#4,11.482082644628097,2.7666958568222864
1434,1435,-136728344#4.82,6.348126036484245,0.4585268563054057
1436,1437,-136728347#0,6.797088055797733,0.662362244020748
1438,1439,-136728347#1,5.850359333917615,0.4789304549717856
1440,1441,-136728347#2,4.80369527145359,0.3727036074601971
1442,1443,-136728347#3,1.287460595446585,0.11615153082603366
1444,1445,-136728347#4,2.829106830122592,0.3185917045145823
1458,1459,-136728351#0,31.288437499999997,745.4600694444443
1460,1461,-136728351#1,33.72076923076923,44.973846153846154
1462,1463,-136728351#3,135.36285714285714,282.7142857142857
1470,1471,-136728366#0,8.446315789473683,10.251461988304094
1472,1473,-136728366#1,258.85703703703706,13749.596086652695
1474,1475,-136728367#0,1.18,0.0
1482,1483,-136728372#1,5.31,0.5
1484,1485,-136728372#2,12.979999999999999,0.0
1486,1487,-136728372#3,15.34,0.0
1500,1501,-136888519#0,11.961085526315788,28.38825273129286
1502,1503,-136888519#1,2.737908496732026,0.3064300461046395
1506,1507,-136900855,3.4662499999999996,0.14921171171171166
1508,1509,-137031654#0,62.613749999999996,7401.529166666666
1510,1511,-137031654#1,6.136,55.51111111111111
1512,1513,-137132992#0,2.2558823529411764,0.5071301247771836
1514,1515,-137132992#1,4.108148148148148,1.1054131054131051
1516,1517,-137132992#2,4.930714285714286,0.3743386243386246
1518,1519,-137132992#3,2.36,0.22222222222222227
1520,1521,-137133010#0,8.653333333333332,0.3333333333333335
1526,1527,-137246371#1,3.6445569620253164,0.23579960777322165
1528,1529,-137246371#2,2.7446047156726765,0.372784712590538
1530,1531,-137246375,4.058381502890173,3.817515795133755
1540,1541,-137247860,33.04,1.0
1550,1551,-137435076,5.355384615384615,2.6025641025641026
1552,1553,-137435081,3.9614285714285713,0.7087912087912087
1554,1555,-137435083,3.835,2.7857142857142856
1556,1557,-137435084#0,8.39111111111111,1.1111111111111112
1558,1559,-137435084#1,1.18,0.0
1562,1563,-137435091,17.194285714285712,3.285714285714285
1566,1567,-137435100#0,4.72,0.0
1568,1569,-137435100#1,4.9559999999999995,0.2
1570,1571,-137435100#2,1.18,0.0
1572,1573,-137435102#0,2.989333333333333,1.2999999999999994
1574,1575,-137435102#1,4.0906666666666665,0.2666666666666667
1576,1577,-137435102#2,12.979999999999999,32.5
1578,1579,-137435107#0,6.579393939393939,2.814393939393939
1580,1581,-137435107#2,11.46285714285714,1.2380952380952386
1582,1583,-137435107#3,12.389999999999999,3.6666666666666665
1586,1587,-137454133#1,4.098947368421053,5.174964438122333
1588,1589,-137454133#3,6.2105263157894735,2.036984352773827
1590,1591,-137454133#4,4.13,0.26
1592,1593,-137454133#5,12.237037037037036,0.39601139601139584
1594,1595,-137463474#0,16.415882352941175,26.082887700534755
1596,1597,-137463474#1,11.6525,0.4107142857142857
1598,1599,-137463475#0,7.417532767925983,321.858701704789
1600,1601,-137463475#1,14.087551803530314,1046.4877789998975
1602,1603,-137463475#2,13.574068965517242,283.93729638248385
1604,1605,-137463478#1,6.960552147239263,26.4751444215129
1606,1607,-137463478#1.16,11.380122699386503,3.6581380226739424
1608,1609,-137463478#2,14.244931087289434,51.2877563674968
1610,1611,-137463478#3,11.068101265822785,163.7224417741578
1612,1613,-137500982#2,20.06,0.0
1616,1617,-137672872,11.285607886089812,2.5539744032168503
1620,1621,-137685135,3.900941176470588,0.21357466063348415
1624,1625,-137685160#1,1.6857142857142857,0.2637362637362638
1626,1627,-137685160#2,7.787999999999999,0.8285714285714286
1628,1629,-137685160#3,3.835,1.666666666666667
1638,1639,-137685161#4,250.75,381.90909090909093
1640,1641,-137685161#5,1.77,0.8571428571428571
1642,1643,-137685161#6,53.49333333333333,65.33333333333334
1644,1645,-137685161#7,68.44,93.5
1646,1647,-138002149#1,2.9603179650238474,0.842678197118062
1648,1649,-138002149#2,14.260346456692911,1.7309272460816192
1650,1651,-138002149#3,9.792991452991453,1.1086725922674567
1652,1653,-138002150,8.26,0.0
1654,1655,-138265831,9.243333333333332,0.16666666666666674
1656,1657,-138300617#0,1.618285714285714,0.2403361344537815
1658,1659,-138300617#1,3.304,0.5176470588235293
1660,1661,-138300617#2,1.5171428571428571,0.30662020905923343
1662,1663,-138300617#3,12.577073170731706,1.5804878048780486
1664,1665,-138300617#4,12.225573770491804,0.7010928961748633
1666,1667,-138300620#1,3.6604081632653056,4.5935374149659856
1668,1669,-138300620#2,9.076923076923077,0.6215384615384615
1670,1671,-138300620#6,10.03,1.9761904761904758
1672,1673,-138300621#0,34.22,18.0
1676,1677,-138300624#0,9.735,23.583333333333332
1678,1679,-138300624#1,11.406666666666665,5.333333333333334
1680,1681,-138300626#0,1.18,0.0
1684,1685,-138300627,3.54,0.0
1686,1687,-138396689#2,30.68,4.666666666666668
1690,1691,-139230366,2.0408507223113963,0.24887801607714974
1694,1695,-139429268,3.3690631448617414,0.736644726954356
1696,1697,-139429275#0,15.564761904761903,1.961904761904762
1698,1699,-139429275#1,5.8999999999999995,0.0
1704,1705,-140684000#1,34.13791304347826,402.6711104378122
1706,1707,-140684000#1.23,5.594074074074073,27.694149980369072
1708,1709,-140684003,26.94333333333333,8.166666666666666
1710,1711,-140737941#0,12.586666666666666,2.333333333333334
1712,1713,-140737941#1,4.326666666666666,0.33333333333333337
1714,1715,-140737941#2,4.72,0.0
1716,1717,-140737941#3,4.326666666666666,0.33333333333333337
1718,1719,-140737941#4,4.326666666666666,0.33333333333333337
1720,1721,-140737941#5,1.18,0.0
1722,1723,-140737941#6,1.18,0.0
1730,1731,-140737946,15.93,312.5
1732,1733,-140737948#0,7.67,0.4999999999999999
1734,1735,-140737948#1,5.8999999999999995,0.0
1736,1737,-140737948#10,4.425,0.25000000000000006
1738,1739,-140737948#11,8.85,19.666666666666664
1740,1741,-140737948#2,4.72,0.0
1742,1743,-140737948#3,2.8024999999999998,0.5535714285714286
1744,1745,-140737948#4,3.54,0.0
1746,1747,-140737948#5,2.9499999999999997,4.5
1748,1749,-140737948#6,4.72,0.0
1750,1751,-140737948#7,4.72,0.0
1752,1753,-140737948#8,4.72,0.0
1754,1755,-140737948#9,2.556666666666666,2.166666666666667
1756,1757,-140737954#0,3.068,0.3
1758,1759,-140737954#1,4.13,0.5
1762,1763,-140737954#11,5.31,3.5
1764,1765,-140737954#12,2.36,3.0
1766,1767,-140737954#13,4.326666666666666,0.33333333333333337
1768,1769,-140737954#3,2.36,2.0
1770,1771,-140737954#4,2.36,0.0
1776,1777,-140737954#7,1.9666666666666666,0.3333333333333333
1778,1779,-140737954#8,2.36,0.0
1782,1783,-140737957,6.136,1.7
1794,1795,-140737986,7.473333333333333,0.33333333333333326
1802,1803,-140738003,7.866666666666666,2.333333333333333
1806,1807,-140738011,7.08,0.6666666666666665
1808,1809,-140738021,19.47,0.5
1814,1815,-140738047#0,1.18,0.0
1824,1825,-140738054#2,1.4749999999999999,0.25
1826,1827,-140739763,7.316,0.622222222222222
1828,1829,-140834247#0,18.29,1.4999999999999998
1830,1831,-140834247#1,27.139999999999997,0.0
1834,1835,-140834249#0,15.93,1.1
1836,1837,-140834249#1,8.85,0.3333333333333333
1838,1839,-140834249#10,10.62,8.571428571428571
1840,1841,-140834249#11,16.734545454545454,4.563636363636364
1842,1843,-140834249#2,0.295,0.25000000000000006
1844,1845,-140834249#3,1.4749999999999999,0.25
1846,1847,-140834249#4,4.72,0.0
1852,1853,-140834249#7,5.8999999999999995,0.0
1854,1855,-140834249#8,16.52,1.0
1856,1857,-140834249#9,4.045714285714285,0.28571428571428564
1860,1861,-140834251,15.143333333333333,0.966666666666667
1862,1863,-140834252,14.946666666666665,0.33333333333333304
1866,1867,-140834254#0,8.152727272727272,0.6477272727272727
1868,1869,-140834254#10,9.132173913043477,0.6561264822134383
1870,1871,-140834254#11,5.848695652173912,0.22529644268774704
1872,1873,-140834254#13,7.594358974358975,1.4102564102564101
1874,1875,-140834254#2,5.152666666666666,1.2057471264367807
1876,1877,-140834254#3,5.083076923076923,0.7307692307692305
1878,1879,-140834254#4,4.72,0.0
1880,1881,-140834254#5,5.506666666666667,0.2666666666666667
1882,1883,-140834254#6,5.8999999999999995,1.3333333333333333
1884,1885,-140834254#7,13.569999999999999,4.5
1886,1887,-140834254#8,7.906,0.6777777777777777
1888,1889,-140834254#9,9.777142857142858,0.7142857142857142
1890,1891,-140834255#1,9.125333333333334,3.780952380952381
1894,1895,-140834256#1,2.36,0.0
1896,1897,-140834257#0,13.822857142857142,23.57142857142857
1898,1899,-140834257#1,11.799999999999999,0.0
1900,1901,-140834257#3,23.796666666666667,4.56666666666667
1902,1903,-140834257#4,10.226666666666665,1.066666666666666
1904,1905,-140834257#5,6.883333333333333,0.5666666666666669
1906,1907,-140834257#6,22.22333333333333,3.3666666666666685
1908,1909,-140834257#7,13.11111111111111,1.3611111111111112
1912,1913,-140834261#0,10.462666666666667,1.2666666666666668
1914,1915,-140834261#1,0.8653333333333332,0.35238095238095235
1916,1917,-140834261#2,2.517333333333333,0.12380952380952383
1918,1919,-140834261#3,18.88,3.4285714285714275
1920,1921,-140834262#0,9.153592233009707,0.5973729297544257
1922,1923,-140834262#1,7.194563106796116,0.40224633542737465
1930,1931,-140834270#2,36.58,0.0
1934,1935,-140834271#1,18.88,2.0
1936,1937,-140834271#2,21.24,0.0
1938,1939,-141058755#0,10.392660550458716,1.1014271151885833
1940,1941,-141058755#1,13.43171875,2.6160802165354315
1942,1943,-141058755#2,4.595192307692307,0.2896751306945482
1944,1945,-141058755#3,2.3940384615384613,0.047703510082150846
1946,1947,-141058755#4,1.2934615384615384,0.1071695294996266
1952,1953,-141058763,23.993333333333332,5.866666666666669
1954,1955,-143054330,1.5077777777777777,0.21241830065359468
1956,1957,-143054332#0,5.782,5.778947368421052
1958,1959,-143054333#1,2.7230769230769227,0.2307692307692308
1960,1961,-143054333#10,10.03,1.6666666666666667
1962,1963,-143054333#11,6.136,6.7
1964,1965,-143054333#12,5.192,1.8285714285714287
1966,1967,-143054333#13,33.748,114.82857142857145
1968,1969,-143054333#14,7.401818181818181,0.39204545454545475
1970,1971,-143054333#15,4.511764705882353,0.9882352941176467
1972,1973,-143054333#16,4.262089552238806,0.3016734509271823
1974,1975,-143054333#17,2.9499999999999997,0.3271604938271604
1976,1977,-143054333#18,3.256346153846154,0.3008775205377147
1978,1979,-143054333#19,6.480327868852458,0.4834033328817231
1980,1981,-143054333#2,34.61333333333333,5.696969696969697
1982,1983,-143054333#20,4.72,0.31007751937984485
1984,1985,-143054333#21,4.552624113475177,0.5654508611955422
1986,1987,-143054333#22,4.826527777777778,0.4603243978243981
1988,1989,-143054333#23,7.08,0.8590604026845637
1990,1991,-143054333#4,44.053333333333335,7.000000000000008
1992,1993,-143054333#5,41.96564102564102,109.98920377867744
1994,1995,-143054333#6,24.779999999999998,0.0
1996,1997,-143054333#7,17.88631578947368,2.807017543859649
1998,1999,-143054333#8,11.750833333333333,3.606884057971015
2000,2001,-143054333#9,5.256363636363636,2.2727272727272725
2002,2003,-143313737,8.85,84.5
2004,2005,-143313739,20.45333333333333,6.249999999999999
2006,2007,-143313756,89.67999999999999,115.58333333333333
2008,2009,-144654970,20.65,480.5
2010,2011,-144655546#0,8.58057803468208,0.6873907783304208
2012,2013,-144655546#1,13.116416184971097,1.4051619841376533
2014,2015,-144655546#2,0.9856470588235294,0.15022624434389142
2016,2017,-144655547#0,11.229666666666667,0.7624293785310728
2018,2019,-144655547#1,4.823508771929824,0.36716791979949853
2020,2021,-144655547#2,2.36,0.10714285714285728
2022,2023,-144655547#3,7.611,0.6245762711864405
2024,2025,-144655547#4,2.576333333333333,0.253954802259887
2026,2027,-144657087#0,12.586666666666666,0.33333333333333304
2028,2029,-144657087#2,12.979999999999999,0.6666666666666666
2030,2031,-144657087#3,7.552,0.3
2032,2033,-144657087#4,12.586666666666666,0.3333333333333335
2034,2035,-144657087#5,15.34,0.0
2038,2039,-144659492#0,4.72,2.0
2040,2041,-144659492#1,10.62,0.0
2042,2043,-144659492#2,8.26,0.0
2044,2045,-144659492#3,2.9499999999999997,0.5
2046,2047,-144659492#4,4.484,0.7
2048,2049,-144659492#5,3.218181818181818,0.41818181818181815
2050,2051,-144659492#6,4.076363636363636,0.2727272727272728
2052,2053,-144659492#7,5.8999999999999995,0.37500000000000033
2054,2055,-144659493,12.979999999999999,0.0
2060,2061,-145069278#0,7.08,12.222222222222221
2062,2063,-145069278#1,18.669285714285714,4.596560846560848
2064,2065,-145069278#2,16.421666666666667,10.253623188405797
2066,2067,-145069284,5.462962962962963,1.1652421652421652
2068,2069,-145069287#0,4.523333333333333,0.5666666666666667
2070,2071,-145069287#1,5.113333333333332,0.6666666666666669
2072,2073,-145069287#2,3.933333333333333,0.6666666666666667
2074,2075,-145069287#3,5.113333333333332,0.6666666666666669
2076,2077,-145069287#4,6.096666666666667,0.9666666666666665
2078,2079,-145069287#8,4.72,0.36363636363636365
2080,2081,-145069294#0,25.63222222222222,335.97712418300654
2082,2083,-145069294#1,8.063333333333333,36.85294117647057
2084,2085,-145069294#2,4.72,0.5882352941176471
2086,2087,-145069303#1,16.475887850467288,83.43185449451727
2088,2089,-145069303#2,3.4407727272727273,0.7195640919445028
2090,2091,-145069303#3,4.711880733944954,0.24133185700727622
2092,2093,-145069303#4,6.133318181818181,0.3548923172499485
2098,2099,-145069309,27.23076923076923,46.41025641025641
2100,2101,-145069316#1,4.214285714285714,0.619047619047619
2106,2107,-145069334,3.304,0.2
2116,2117,-145069347#0,21.476,2.2
2118,2119,-145069347#1,8.26,9.000000000000002
2120,2121,-145069357,9.021290322580645,0.7032258064516127
2122,2123,-145069369#0,3.6754098360655734,4.969945355191257
2124,2125,-145069369#1,3.9979104477611935,0.3016734509271823
2126,2127,-145069371#0,12.886349206349205,2.009728622631848
2128,2129,-145069371#1,1.5487499999999998,0.36250000000000004
2130,2131,-145069391,4.829259259259259,0.1408791969539633
2134,2135,-145577009,63.32666666666666,16.333333333333332
2140,2141,-146973200#0,0.7304761904761905,0.24761904761904768
2142,2143,-146973200#1,17.11,1.105263157894736
2144,2145,-146973200#2,1.4303030303030302,0.17234848484848486
2146,2147,-146973201#0,29.446363636363632,3.1883116883116878
2148,2149,-146973212,8.307676767676767,2.093740876977872
2150,2151,-146973214#1,26.29506172839506,261.51821242730335
2152,2153,-146973214#10,1.3900523560209423,0.15761917883714538
2154,2155,-146973214#11,1.4703664921465969,0.2075502893359053
2156,2157,-146973214#12,2.137591623036649,0.7011297878203365
2158,2159,-146973214#13,7.222637362637362,2.128953919009168
2160,2161,-146973214#17,0.5760629921259842,0.25184351956005496
2162,2163,-146973214#18,5.807086614173228,0.48581427321584814
2164,2165,-146973214#2,8.111171171171172,0.7984998573233869
2166,2167,-146973214#21,2.655,1.4488188976377958
2168,2169,-146973214#22,4.592432432432433,1.4427518427518433
2170,2171,-146973214#23,8.246436781609196,2.3370756482224007
2172,2173,-146973214#6,3.1181900452488684,0.2489099136157959
2174,2175,-146973214#7,4.918454545454545,0.4601701951017018
2176,2177,-146973214#9,2.745769230769231,0.6558900037160907
2178,2179,-146973218#0,9.108539325842695,0.7042900919305413
2180,2181,-146973218#1,8.89089108910891,0.9312871287128718
2182,2183,-146973218#2,7.782025316455695,0.8285092316375071
2184,2185,-146973218#3,13.873149171270718,1.7294659300184154
2186,2187,-146973218#4,0.8735911602209945,0.20441988950276252
2188,2189,-146973218#5,11.633969849246231,4.161920714684535
2190,2191,-146973225#1,9.867014147431124,11.69756190125318
2192,2193,-146973225#1.38,20.000734632683656,169.12950857654437
2194,2195,-146973225#2,12.680623145400594,92.3498377535308
2196,2197,-146973225#3,12.404599708879184,76.03007258937434
2198,2199,-146973234#0,9.203999999999999,2.7000000000000006
2200,2201,-146973234#1,99.90666666666667,37.33333333333336
2202,2203,-146973236#0,4.869052631578947,0.7711086226203806
2204,2205,-146973236#1,11.799999999999999,1.0256410256410253
2206,2207,-146973236#10,4.523333333333333,0.5151515151515152
2208,2209,-146973236#11,8.102666666666666,0.6952380952380952
2210,2211,-146973236#12,20.06,0.0
2212,2213,-146973236#13,7.473333333333333,0.33333333333333326
2214,2215,-146973236#14,5.8999999999999995,0.0
2216,2217,-146973236#15,2.36,0.0
2218,2219,-146973236#2,6.5785,0.507051282051282
2220,2221,-146973236#3,4.8084999999999996,0.22500000000000014
2222,2223,-146973236#4,4.5725,0.31730769230769224
2224,2225,-146973236#5,8.9385,0.8660256410256408
2226,2227,-146973236#7,5.015,1.5483870967741935
2228,2229,-146973236#8,10.957142857142857,2.835164835164837
2230,2231,-146973236#9,2.851666666666666,0.446969696969697
2232,2233,-146973258,24.071999999999996,5.800000000000001
2234,2235,-147014252#0,8.26,0.0
2236,2237,-147014252#1,3.54,0.0
2238,2239,-147014252#2,7.08,0.0
2240,2241,-147014252#3,8.26,0.0
2250,2251,-147014273#0,4.72,0.6666666666666665
2252,2253,-147014273#1,9.833333333333334,3.0666666666666664
2256,2257,-147042365#1,3.54,0.5714285714285714
2258,2259,-147042366,7.473333333333333,1.3333333333333335
2270,2271,-148050447#0,17.18375,4.6625000000000005
2272,2273,-148050447#1,13.1275,0.41071428571428575
2274,2275,-148050448#0,15.782499999999999,40.53591954022988
2276,2277,-148050448#1,6.56972972972973,0.6597556460570165
2278,2279,-148050451#0,11.078888888888889,6.251633986928104
2280,2281,-148050451#1,5.664,0.39999999999999986
2282,2283,-148050451#2,12.137142857142857,1.2967032967032972
2284,2285,-148050452#0,9.56102564102564,3.673414304993253
2286,2287,-148050452#1,19.63090909090909,3.2545454545454553
2288,2289,-148050453#0,9.010909090909092,21.254545454545454
2290,2291,-148050453#1,4.72,2.0000000000000004
2292,2293,-148050453#3,10.62,0.0
2296,2297,-148050453#5,19.588,0.30000000000000027
2298,2299,-148050455#0,11.585454545454546,2.245243128964061
2300,2301,-148050455#1,13.539743589743589,24.356476856476856
2302,2303,-148050456,17.7,1.9999999999999993
2304,2305,-148050457#0,4.562666666666667,1.9809523809523812
2306,2307,-148050457#1,8.26,23.333333333333332
2308,2309,-148050457#2,5.562857142857142,0.23809523809523825
2318,2319,-148126361#1,26.195999999999998,115.7
2320,2321,-148126361#2,7.08,0.0
2322,2323,-148126361#3,11.799999999999999,0.0
2324,2325,-148351766,1.9428381742738587,0.24607514352299228
2326,2327,-148352067,11.34764960971379,1.1202780186951928
2334,2335,-148354432#0,7.08,0.0
2336,2337,-148354432#1,4.72,0.0
2344,2345,-148527678#2,8.26,0.0
2346,2347,-148527679#0,24.976666666666667,13.06060606060606
2348,2349,-148527679#1,1.18,0.0
2350,2351,-148527686,16.165999999999997,0.4555555555555558
2352,2353,-148527687#0,10.62,0.0
2358,2359,-148527687#3,20.65,0.9444444444444444
2366,2367,-148527691#1,7.017894736842106,1.6536053790864829
2368,2369,-148527691#2,7.455929203539823,0.7958308751229102
2370,2371,-148527691#3,9.604890829694323,1.0944227380678775
2372,2373,-148527691#4,15.432347826086957,2.7362065692044832
2374,2375,-148527691#5,7.30987012987013,0.679277244494636
2376,2377,-148527691#6,5.864700854700854,0.5355819669124389
2378,2379,-148527691#7,13.25268907563025,1.7986916285501555
2380,2381,-148527691#8,19.103109243697478,3.470428677800234
2382,2383,-148527691#9,4.199411764705882,0.3319682303301067
2384,2385,-148529632#0,28.47733333333333,1.5523809523809522
2388,2389,-148529632#3,2.36,0.0
2390,2391,-148529632#4,16.52,0.0
2392,2393,-148596540#0,8.827326246933769,0.7686566664837742
2394,2395,-148596540#1,3.8899509803921566,0.287281756529267
2396,2397,-148596540#2,23.780382165605097,15.392609103187688
2406,2407,-148680864,8.26,0.0
2408,2409,-148680865,1.18,0.0
2410,2411,-148680866#0,2.36,0.0
2412,2413,-148680869#0,9.44,0.0
2428,2429,-149044751#0,12.695172413793102,16.118226600985224
2430,2431,-149044751#1,7.15375,1.1291666666666667
2432,2433,-149044751#2,6.529333333333333,2.9809523809523806
2434,2435,-149045266,22.81333333333333,5.333333333333336
2436,2437,-149045269#0,4.9559999999999995,0.2
2438,2439,-149045269#1,6.372,0.30000000000000004
2440,2441,-149045269#3,7.473333333333333,0.3333333333333335
2442,2443,-149045845,11.041428571428572,5.016483516483517
2444,2445,-150391230,4.5336842105263155,0.14035087719298253
2446,2447,-15057616#0,14.455,2.9318181818181817
2448,2449,-15057616#1,9.600909090909092,0.9805194805194807
2450,2451,-15066337#0,12.389999999999999,0.2999999999999998
2452,2453,-15066337#1,9.243333333333332,11.366666666666667
2456,2457,-15066337#3,16.52,0.0
2458,2459,-15066339#0,6.237142857142857,0.23809523809523814
2460,2461,-15066339#1,5.8999999999999995,0.857142857142857
2462,2463,-15066339#2,13.148571428571428,0.47619047619047633
2466,2467,-150746347#0,20.169767441860465,7.567715458276336
2468,2469,-150746347#1,3.8830232558139532,0.5850889192886457
2470,2471,-150746347#2,26.73153846153846,4.6708291708291725
2472,2473,-150746347#4,5.67875,0.6099683544303797
2474,2475,-150746361#1,22.49375,212.0625
2476,2477,-150746361#2,34.574,25.344444444444445
2478,2479,-150746364#1,7.496470588235293,1.8676470588235294
2480,2481,-150746364#2,3.624285714285714,0.6868131868131868
2482,2483,-150746364#4,3.192941176470588,0.5955882352941176
2484,2485,-150816775,5.551619047619048,0.3062271062271064
2488,2489,-151167720#0,9.44,8.666666666666666
2492,2493,-151167730,17.7,0.0
2494,2495,-151167733#2,14.455,0.25
2496,2497,-151167733#3,12.957735849056604,1.4034833091436858
2498,2499,-151167733#4,9.911999999999999,1.0592592592592591
2500,2501,-151167733#5,5.395572519083969,0.3850851438637695
2502,2503,-151167738#2,1690.1775384615385,358808.0759615386
2504,2505,-151167753,17.11,0.5
2510,2511,-151345400,1.18,0.0
2512,2513,-151345407#0,1.77,0.5
2514,2515,-151345407#1,4.72,0.0
2516,2517,-151345408#0,32.449999999999996,7.0
2518,2519,-151345409#0,23.599999999999998,3.4999999999999996
2520,2521,-151345409#1,2.655,0.25000000000000006
2522,2523,-151345409#2,1.18,0.0
2526,2527,-151345410,33.04,13.0
2528,2529,-152036408,22.419999999999998,0.0
2530,2531,-152037912,9.046666666666667,0.3333333333333335
2532,2533,-152037913#0,8.537647058823529,48.94117647058823
2534,2535,-152037913#1,2.36,0.0
2536,2537,-152037914,3.54,0.0
2538,2539,-152038425,1.18,0.0
2540,2541,-152038426,7.316,0.2
2542,2543,-152038427,9.945714285714285,0.879120879120879
2544,2545,-152039154#0,8.26,0.0
2546,2547,-152039154#1,2.6222222222222222,0.19444444444444448
2550,2551,-152039157,14.069230769230769,9.076923076923078
2552,2553,-152040623#0,3.068,0.30000000000000004
2554,2555,-152040623#1,9.945714285714285,1.2857142857142867
2556,2557,-152077572#0,1.5271923076923077,7.549099599822133
2558,2559,-152077572#1,6.235846153846153,0.5700904105528386
2560,2561,-152077572#2,8.427923076923078,0.7388617163183645
2562,2563,-152079697,8.26,0.0
2564,2565,-152079698,9.44,22.666666666666668
2566,2567,-152079703,7.08,0.0
2568,2569,-152081136,5.113333333333332,1.333333333333333
2570,2571,-152081143,5.506666666666667,0.3333333333333335
2574,2575,-152508766#0,2.9499999999999997,0.5
2578,2579,-153220338#0,5.876241610738254,1.330672954834028
2580,2581,-153220338#1,2.81841726618705,0.2392868314044417
2582,2583,-153220338#2,7.583235294117647,0.30566448801742907
2584,2585,-153220338#3,1.7312408759124087,0.2507513954486904
2586,2587,-153220338#4,4.154583333333333,0.3492132867132867
2588,2589,-153222274#1,4.484,2.7
2590,2591,-153222274#2,1.18,0.0
2594,2595,-153222276,2.36,0.0
2598,2599,-153692837#1,14.075714285714286,65.97683397683397
2600,2601,-153692837#2,21.05846153846154,2.4695304695304694
2602,2603,-153692841#0,7.67,0.7000000000000001
2604,2605,-153692841#1,5.113333333333332,0.3333333333333335
2606,2607,-153692841#2,6.293333333333333,0.33333333333333326
2608,2609,-153692841#4,1.18,0.0
2612,2613,-153692841#6,17.11,0.3333333333333333
2614,2615,-153774648#0,32.1904,22.858775510204083
2616,2617,-153774648#1,61.831999999999994,219.1142857142857
2618,2619,-153774649#0,14.626403162055334,3.120929794842834
2620,2621,-153774649#1,9.523098591549296,0.8092555331991951
2622,2623,-154658249,5.8999999999999995,0.4
2624,2625,-155458987,0.06742857142857142,0.05465838509316768
2626,2627,-155847370,10.03,2.777777777777777
2630,2631,-155847568,36.58,7.500000000000002
2632,2633,-156041643#0,4.834193548387097,0.42365591397849456
2634,2635,-156041643#1,3.0451612903225804,0.2516129032258065
2636,2637,-156041643#2,2.992142857142857,0.25793650793650785
2638,2639,-156041695,12.253846153846153,3.756410256410257
2640,2641,-156041699,8.732,1.8285714285714287
2642,2643,-156041708,9.995294117647058,1.8897058823529411
2644,2645,-156041710,22.616666666666667,2.1666666666666665
2646,2647,-156041713#1,4.2775,1.596774193548387
2648,2649,-156041713#2,10.662142857142857,4.183862433862433
2650,2651,-156041713#3,10.62,2.0
2652,2653,-156791366#0,5.6049999999999995,2.022727272727273
2654,2655,-156791366#1,18.558181818181815,2.618181818181818
2656,2657,-156791366#2,16.6675,1.839285714285715
2658,2659,-156817405,1.906153846153846,0.923076923076923
2664,2665,-156923526#1,3.6830303030303027,0.30698287220026366
2666,2667,-156923526#2,10.522943722943722,1.2584227366836067
2668,2669,-156923526#3,2.048398268398268,0.1951816299642386
2670,2671,-156923526#4,1.8478297872340426,0.25524640843789764
2674,2675,-157118751,6.784999999999999,0.24999999999999992
2676,2677,-157305700#2,23.485806451612902,3.290322580645161
2678,2679,-157305700#3,8.670434782608694,0.6007905138339921
2680,2681,-157305700#4,4.451818181818182,0.3744588744588744
2682,2683,-157305700#5,3.764761904761905,0.16190476190476194
2684,2685,-157305700#6,10.1775,0.7833333333333334
2688,2689,-157305702#0,4.72,8.0
2690,2691,-157305702#1,10.7675,8.410714285714286
2692,2693,-157305702#2,17.7,1.1428571428571426
2694,2695,-157305703,5.637777777777777,2.6944444444444438
2696,2697,-157306362#0,2.36,0.769230769230769
2698,2699,-157306362#1,3.1466666666666665,0.5
2700,2701,-157306362#10,20.06,0.0
2702,2703,-157306362#2,3.2449999999999997,0.21428571428571427
2704,2705,-157306362#3,3.3254545454545457,0.36363636363636365
2706,2707,-157306362#4,4.72,1.0000000000000002
2708,2709,-157306362#5,7.08,0.8000000000000002
2710,2711,-157306362#8,23.7475,54.69642857142857
2712,2713,-157306362#9,21.914285714285715,0.952380952380952
2718,2719,-158179325#0,3.4993103448275864,1.7487684729064041
2720,2721,-158179326,6.031111111111111,3.111111111111111
2722,2723,-158179327,7.131304347826087,2.0434782608695645
2724,2725,-158179329#0,33.04,0.0
2726,2727,-158179329#1,14.16,0.0
2728,2729,-158179329#2,8.39111111111111,0.7301587301587303
2732,2733,-158179332,9.898888888888889,77.8590937306021
2734,2735,-158180482#0,2.9499999999999997,0.2857142857142857
2736,2737,-158180482#1,4.2775,0.2678571428571428
2738,2739,-158180482#2,4.29090909090909,0.2545454545454547
2740,2741,-158180482#3,2.36,0.0
2742,2743,-158180482#4,3.1466666666666665,2.3333333333333335
2744,2745,-158180483#0,3.54,0.0
2750,2751,-159579401#5,7.866666666666666,0.33333333333333326
2752,2753,-159579401#6,8.26,11.0
2754,2755,-159579401#7,6.0685714285714285,0.14285714285714288
2756,2757,-159579413,26.845,179.58333333333334
2758,2759,-159633435,21.24,0.0
2760,2761,-159646351,4.425,1.0092592592592593
2762,2763,-159646354,21.620330578512394,12.836914600550958
2764,2765,-159646363#0,6.399230769230769,1.6938461538461536
2766,2767,-159646363#1,3.041777777777778,0.5676767676767676
2768,2769,-159646363#2,2.5016,1.1933333333333336
2770,2771,-159646363#3,9.799130434782608,4.675889328063241
2772,2773,-159743996#0,6.911428571428571,3.1428571428571423
2774,2775,-159743996#1,6.489999999999999,1.0000000000000002
2776,2777,-159743996#2,8.09142857142857,0.4761904761904761
2778,2779,-159743996#3,17.7,1.3333333333333333
2782,2783,-159961041,15.447272727272727,1.6909090909090914
2784,2785,-160090329#0,1.854285714285714,0.2637362637362638
2786,2787,-160090329#1,18.236363636363635,4.672727272727275
2788,2789,-160090329#2,3.068,0.9333333333333333
2790,2791,-160090330,11.701666666666666,1.5378787878787876
2792,2793,-160090331,11.902608695652173,7.17391304347826
2796,2797,-160309406#0,8.788965517241378,0.7561576354679803
2798,2799,-160309406#1,7.67,2.9333333333333327
2800,2801,-160309406#2,10.915,6.916666666666667
2804,2805,-160314345#0,11.887407407407407,55.76353276353278
2806,2807,-160314345#1,12.10782608695652,5.65612648221344
2808,2809,-160314345#2,15.201176470588235,1.7352941176470582
2810,2811,-160314345#3,13.433846153846154,1.423076923076924
2812,2813,-160314345#4,14.507058823529412,0.9705882352941178
2814,2815,-160314345#7,13.390434782608695,2.1462450592885385
2816,2817,-160314345#8,17.630588235294116,1.8088235294117645
2818,2819,-160314346#0,10.342352941176472,1.0392156862745094
2820,2821,-160314346#1,10.34504854368932,4.611840852845991
2822,2823,-160314351#0,4.13,24.5
2824,2825,-160314351#1,1.18,0.33333333333333326
2826,2827,-161678034#0,4.737455621301774,0.5071989184064053
2828,2829,-161678034#1,19.77457227138643,3.0714946501195675
2830,2831,-161678034#2,11.888670520231214,3.4204238921001946
2832,2833,-161783475#0,4.210454545454545,0.6231501057082451
2834,2835,-161783475#1,0.8781395348837209,0.19490586932447393
2836,2837,-161783475#2,4.226046511627907,0.5348837209302324
2838,2839,-161783475#3,1.4825641025641025,0.19568151147098511
2840,2841,-161783475#4,10.135897435897435,0.24831309041835326
2842,2843,-161783475#5,5.536923076923077,0.3238866396761132
2844,2845,-161783477,12.552087912087911,0.5307510169388624
2846,2847,-161783480,2.413772151898734,0.7913301567438354
2848,2849,-161784059#0,28.199763033175355,21.646991069146015
2850,2851,-161784059#1,11.094990253411307,1.1734179622497987
2852,2853,-161784059#2,12.30719298245614,1.4082413350449285
2854,2855,-161784059#3,9.97982404692082,1.0038163339091322
2856,2857,-161784059#4,2.7260878048780484,0.2317797256097567
2858,2859,-161784059#5,11.141901066925314,0.39253999792830035
2868,2869,-161789031#0,4.523333333333333,0.9666666666666666
2874,2875,-161789031#3,5.427999999999999,0.4888888888888888
2876,2877,-161789031#4,22.184,34.177777777777784
2878,2879,-161789031#5,4.888571428571429,0.8095238095238094
2880,2881,-161789031#6,5.647142857142857,1.565934065934066
2882,2883,-161789031#7,4.9282352941176475,0.27941176470588247
2884,2885,-161789032,16.913333333333334,6.333333333333332
2886,2887,-161789034,21.24,0.0
2888,2889,-161789040,4.667164179104478,2.6191768430574403
2890,2891,-161789044#1,2.636170212765957,0.2266419981498612
2892,2893,-161789044#2,3.3536842105263154,1.8070175438596496
2894,2895,-161789046#0,29.162857142857142,112.23809523809524
2896,2897,-161789379#1,8.39111111111111,1.1111111111111112
2898,2899,-161789381,3.3714285714285714,0.5714285714285715
2900,2901,-161904232#1,25.959999999999997,0.0
2904,2905,-164051403#0,8.446315789473683,0.6959064327485378
2906,2907,-164051405#1,8.356326530612245,1.2848639455782311
2908,2909,-164051405#2,3.0121052631578946,0.30796586059743963
2910,2911,-164051408,1.9873684210526315,0.2280701754385965
2912,2913,-164051410#0,8.367272727272727,0.7532467532467535
2914,2915,-164051410#1,1.7306666666666664,0.25747126436781614
2916,2917,-164051413#0,8.634063400576368,31.75471006646567
2918,2919,-164051417#0,0.870609756097561,0.2552025061535019
2920,2921,-164051417#1,2.7233536585365856,0.2565730588498542
2922,2923,-164051420,3.6150909090909087,0.3720600500417014
2924,2925,-164051425#0,2.525614035087719,0.15852130325814537
2926,2927,-164051425#1,12.317543859649122,0.964912280701754
2928,2929,-164051425#2,17.16175438596491,1.2525062656641617
2930,2931,-164051425#3,8.299999999999999,0.5160724722384572
2932,2933,-164051425#4,13.432333333333332,0.6471751412429372
2934,2935,-164051429#2,32.909292307692304,255.61114909781594
2936,2937,-164051431#0,9.877037037037036,7.0883190883190865
2938,2939,-164051431#1,2.691875,0.402217741935484
2940,2941,-164051431#2,15.391304347826086,1.9525691699604744
2942,2943,-164051431#3,12.508,1.6000000000000003
2944,2945,-164051431#4,6.293333333333333,1.3333333333333335
2946,2947,-164051431#5,1.18,0.0
2948,2949,-164051438#0,2.1175342465753424,0.915525114155251
2950,2951,-164051438#0.17,9.472328767123287,0.5270167427701674
2952,2953,-164051438#1,4.72,0.3777777777777781
2954,2955,-164051438#2,3.3843956043956043,0.2935286935286933
2956,2957,-164064646,29.68153846153846,2.8076923076923066
2958,2959,-164078531#0,13.757603686635944,6.907448010569669
2960,2961,-164078531#0.144,19.679354838709674,204.06803699387572
2962,2963,-164078531#1,4.069278033794163,2.0845904898866663
2964,2965,-164078536,6.853076923076922,0.6653726086608498
2972,2973,-164633674#0,13.766666666666666,98.06060606060605
2974,2975,-164633674#1,7.294545454545454,3.563636363636364
2976,2977,-164859338#1,4.771304347826087,0.31620553359683795
2978,2979,-164859338#2,7.2275,5.267857142857143
2980,2981,-164859338#3,21.83,3.999999999999998
2982,2983,-164859338#4,0.6883333333333334,0.26515151515151514
2984,2985,-165414587#0,3.2013162705667275,0.620197333538505
2986,2987,-165520703#0,1.5715742397137746,0.33830474869595456
2988,2989,-165520703#1,4.41025,0.5297810545129581
2990,2991,-165520703#2,3.3302692998204666,0.27026765450260565
2992,2993,-165520703#3,3.343685152057245,0.4432009455431826
2994,2995,-165520703#4,9.348093106535362,0.7582650661173204
3018,3019,-166638348#0,46.77857142857143,135.93956043956044
3032,3033,-166638348#7,24.779999999999998,0.0
3044,3045,-166638351#13,27.139999999999997,0.0
3046,3047,-166638351#14,9.692857142857141,0.6428571428571428
3048,3049,-166638351#15,12.881666666666666,4.628787878787879
3050,3051,-166638351#16,5.427999999999999,1.2999999999999998
3072,3073,-166638353#1,17.306666666666665,2.333333333333334
3074,3075,-166638354#0,12.979999999999999,0.0
3112,3113,-166638360#0,5.8999999999999995,0.7999999999999998
3130,3131,-166638364,47.199999999999996,1.0
3134,3135,-166638366,43.66,0.0
3142,3143,-166638367#3,33.43333333333333,5.433333333333332
3144,3145,-166638367#4,28.657142857142855,3.4142857142857155
3146,3147,-166638367#5,27.308571428571426,27.628571428571433
3156,3157,-166638371#0,9.27142857142857,1.4761904761904763
3158,3159,-166638371#1,8.597142857142856,0.9047619047619045
3226,3227,-166639902#0,14.16,0.0
3240,3241,-166821307#0,1.18,0.0
3244,3245,-166821307#2,3.6711111111111108,0.3611111111111111
3246,3247,-166821308#1,13.264827586206895,1.5467980295566506
3248,3249,-166821308#2,7.08,1.5
3250,3251,-166821308#4,2.556666666666666,0.15151515151515155
3254,3255,-166822309#1,4.72,0.4
3256,3257,-166822311#0,3.54,0.0
3260,3261,-166822311#3,2.7533333333333334,0.6666666666666667
3264,3265,-166822311#5,3.54,0.0
3266,3267,-166823358,3.1466666666666665,0.9411764705882351
3268,3269,-166823359#0,5.152666666666666,3.274712643678161
3272,3273,-166878981,4.13,0.5
3274,3275,-166878983,4.13,0.5
3280,3281,-166878986#1,5.8999999999999995,1.0
3286,3287,-166878988#0,2.36,0.0
3302,3303,-166878993#1,4.076363636363636,1.8727272727272726
3304,3305,-166878993#2,24.779999999999998,8.400000000000002
3306,3307,-166878994#0,7.08,0.0
3310,3311,-166878996#1,4.523333333333333,1.3666666666666667
3312,3313,-166878996#2,12.979999999999999,0.6666666666666666
3314,3315,-166878996#3,13.766666666666666,1.333333333333334
3316,3317,-166878996#4,12.979999999999999,0.0
3318,3319,-168158771,4.72,0.0
3320,3321,-168158796#0,14.3075,2.4107142857142856
3322,3323,-168158796#1,1.596470588235294,0.24264705882352933
3324,3325,-168158796#2,4.347368421052631,0.22807017543859645
3326,3327,-168158811#0,7.08,0.0
3332,3333,-168158826,4.13,12.5
3334,3335,-168172762#0,1.18,0.0
3338,3339,-168172763#0,1.18,0.0
3344,3345,-168243629#1,3.877142857142857,0.23809523809523805
3346,3347,-168243629#2,3.54,0.3333333333333334
3350,3351,-168245119#0,3.974736842105263,0.4678362573099415
3352,3353,-168245119#1,15.34,1.1111111111111112
3354,3355,-168249926#0,5.9895572733661275,3.060339826024725
3358,3359,-168249929,2.36,0.0
3362,3363,-168511765#0,6.293333333333333,0.33333333333333326
3366,3367,-168853055#0,11.245866261398177,0.5356044098393259
3368,3369,-168853055#1,33.67959420289855,7.456141015123781
3372,3373,-168853060#1,40.01272727272727,26.49090909090909
3374,3375,-168853061#0,4.326666666666666,0.2666666666666666
3376,3377,-168853061#1,46.904999999999994,13.477272727272727
3378,3379,-168853061#2,36.58,20.75
3380,3381,-168853069#0,70.21,56.57142857142856
3382,3383,-168853069#1,52.13454545454545,30.96363636363636
3384,3385,-168853069#2,250.8407692307692,595.0538461538458
3386,3387,-168853071#0,79.7342857142857,34.72527472527477
3388,3389,-168853071#1,50.23428571428571,14.571428571428562
3390,3391,-168853071#2,41.536,354.7
3396,3397,-169739284,3.810334448160535,3.0043780776793683
3398,3399,-170398274#0,9.762589928057553,84.86675007819834
3400,3401,-170398274#1,2.889264705882353,0.32325708061002195
3402,3403,-170398274#2,3.830597014925373,0.6832566490854002
3404,3405,-170398274#3,1.3526829268292682,0.35545781687325073
3406,3407,-170425366#1,25.075,11.671052631578943
3408,3409,-170425366#2,38.35,8.115384615384613
3410,3411,-170425366#3,15.34,0.0
3412,3413,-170425366#4,23.599999999999998,0.0
3414,3415,-170425366#5,23.009999999999998,0.5
3416,3417,-170425368,7.08,50.0
3418,3419,-171006984,13.924,0.8444444444444447
3420,3421,-171006990#0,6.6866666666666665,2.666666666666667
3422,3423,-171006990#1,10.62,0.8
3424,3425,-171006990#2,9.145,0.9166666666666664
3426,3427,-171006990#3,15.812,1.7999999999999998
3428,3429,-171007007#1,7.5225,1.1249999999999998
3430,3431,-171007012#0,1.18,0.0
3434,3435,-171007013#0,5.648524590163934,0.4371584699453551
3436,3437,-171007013#1,4.823508771929824,0.7957393483709269
3438,3439,-171007013#10,4.495238095238094,1.2619047619047623
3440,3441,-171007013#11,15.575999999999999,3.2
3442,3443,-171007013#12,2.124,0.7
3444,3445,-171007013#2,3.139642857142857,0.37370129870129853
3446,3447,-171007013#3,2.3146153846153843,0.2730015082956261
3448,3449,-171007013#4,22.973877551020408,3.795918367346939
3450,3451,-171007013#5,7.08,1.567567567567568
3452,3453,-171007013#6,11.881379310344826,4.280788177339901
3454,3455,-171007013#7,6.310434782608695,0.6916996047430829
3456,3457,-171007013#8,6.436363636363636,0.6727272727272726
3458,3459,-171007020#0,17.404999999999998,6.250000000000001
3460,3461,-171007020#1,8.024,0.20000000000000007
3462,3463,-171007020#2,7.08,1.0
3466,3467,-171007032,5.637777777777777,0.888888888888889
3468,3469,-171007036#0,8.398823529411764,1.3602941176470584
3472,3473,-171007040#0,31.86,3.0
3474,3475,-171007040#1,2.36,0.0
3476,3477,-171007045,28.32,0.0
3484,3485,-171571099,7.965,0.25
3486,3487,-171571101#2,3.2449999999999997,0.24999999999999997
3488,3489,-171571142#0,58.20064516129032,107.35913978494627
3490,3491,-171571142#1,267.565,799.3796296296294
3492,3493,-171571153,2.743855421686747,0.2221569203643843
3496,3497,-171571160#0,42.48,0.0
3508,3509,-171571169,38.58242424242424,9.414452214452218
3510,3511,-171571171,361.55199999999996,9307.666666666666
3512,3513,-171571172#2,26.35333333333333,64.5
3516,3517,-171639938#0,129.79999999999998,144.5
3518,3519,-171786502#1,13.60470588235294,1.2647058823529411
3520,3521,-171786505,15.34,0.5714285714285723
3522,3523,-172488500#0,32.898399999999995,296.9433333333334
3524,3525,-172488501,24.308,2.2999999999999994
3526,3527,-172493318#0,14.867999999999999,16.26666666666667
3528,3529,-172493318#1,9.608571428571427,0.8095238095238096
3530,3531,-172493318#2,11.209999999999999,3.0
3532,3533,-172493319,4.612727272727272,0.890909090909091
3534,3535,-172493322,10.62,0.0
3536,3537,-172493328,19.27333333333333,5.333333333333332
3538,3539,-172497282#0,3.861818181818182,4.218181818181818
3540,3541,-172497282#1,3.54,1.0
3542,3543,-172497282#2,18.88,0.0
3544,3545,-172497282#3,3.1466666666666665,0.33333333333333326
3546,3547,-172497282#4,14.356666666666666,0.5666666666666668
3548,3549,-172497282#5,12.035999999999998,1.7
3550,3551,-172497283,13.569999999999999,0.5
3552,3553,-172497285,2.065,0.9166666666666666
3554,3555,-172497289,12.193333333333333,0.75
3556,3557,-172497291#0,2.7533333333333334,1.2499999999999998
3558,3559,-172497291#1,5.8999999999999995,0.6956521739130433
3560,3561,-172497293#0,10.758823529411764,1.4852941176470589
3562,3563,-172497293#1,13.029166666666665,1.7807971014492752
3564,3565,-172497293#2,4.551428571428572,1.2087912087912087
3566,3567,-172497295#0,1.609090909090909,0.30113636363636365
3568,3569,-172497295#1,6.316470588235293,2.4926470588235303
3570,3571,-172499291#0,2.36,0.0
3572,3573,-172499291#1,10.226666666666665,0.3333333333333335
3574,3575,-172499291#2,14.16,1.0
3576,3577,-172503791,14.897499999999999,1.9821428571428577
3580,3581,-172516631#1,8.26,0.0
3584,3585,-172519434#0,10.226666666666665,65.33333333333333
3586,3587,-172519434#2,1.18,0.0
3588,3589,-172522281#1,6.329090909090908,39.67613636363636
3590,3591,-172522281#2,12.389999999999999,0.5
3592,3593,-172522281#3,11.209999999999999,0.5
3596,3597,-172523714#0,0.944,0.3142857142857142
3598,3599,-172523714#1,12.443636363636362,11.872727272727273
3600,3601,-172699110,1.298,0.09999999999999999
3602,3603,-172699111#0,3.54,0.0
3604,3605,-172699111#1,3.54,0.8571428571428571
3606,3607,-172699112#0,3.2253333333333334,0.4952380952380952
3608,3609,-172699112#1,11.603333333333333,3.242424242424242
3610,3611,-172699112#2,18.987272727272725,29.690909090909095
3612,3613,-172701602,8.456666666666667,1.366666666666667
3614,3615,-172701604#0,10.03,0.5
3616,3617,-172701604#1,10.03,13.666666666666666
3622,3623,-173151868,3.176923076923077,0.22153846153846143
3624,3625,-173151871#0,50.15,4.5
3626,3627,-173151871#1,3.6307692307692307,0.9102564102564102
3628,3629,-173151871#2,4.183636363636364,2.4727272727272727
3630,3631,-173151871#3,10.226666666666665,2.3333333333333335
3632,3633,-173151871#4,4.425,0.9166666666666666
3634,3635,-173152763#0,6.883333333333333,0.9666666666666666
3636,3637,-173152763#1,25.173333333333332,4.333333333333334
3638,3639,-173152763#2,7.787999999999999,2.8000000000000003
3640,3641,-173152763#3,7.473333333333333,0.6666666666666667
3642,3643,-173152765#1,4.986451612903226,3.313978494623656
3644,3645,-173152765#2,2.832,0.6857142857142858
3646,3647,-173152765#3,17.503333333333334,1.7878787878787883
3648,3649,-173152768#1,4.4023076923076925,0.39668174962292607
3650,3651,-173152768#2,126.25999999999999,0.0
3652,3653,-173152768#3,10.62,1.0
3654,3655,-173152768#4,16.284,1.7
3656,3657,-173152776#0,5.256363636363636,1.2727272727272727
3658,3659,-173152776#1,19.14222222222222,10.194444444444445
3660,3661,-173152776#2,13.766666666666666,1.333333333333334
3662,3663,-173166289#0,32.07454545454546,25.763636363636362
3664,3665,-173166289#1,17.11,44.3
3666,3667,-173166289#2,4.248,0.9333333333333331
3668,3669,-173166291#0,3.933333333333333,4.333333333333333
3670,3671,-173166291#1,17.7,0.0
3672,3673,-173166291#2,25.369999999999997,1.9000000000000004
3674,3675,-173166313,3.54,0.0
3676,3677,-173166315,1.77,0.30000000000000004
3678,3679,-173166317,4.597931034482758,1.7389162561576355
3680,3681,-173166320,3.9468965517241377,1.9482758620689655
3682,3683,-173166321#0,5.359166666666667,0.9547101449275365
3684,3685,-173166321#1,3.511219512195122,0.6743902439024391
3686,3687,-173166321#2,6.871764705882352,2.228235294117648
3688,3689,-173166321#3,4.601999999999999,1.425641025641026
3690,3691,-173166321#4,3.0974999999999997,4.3315217391304355
3692,3693,-173166321#5,2.0977777777777775,1.4444444444444444
3694,3695,-173166321#6,49.1175,248.8392857142857
3696,3697,-173166321#7,48.171764705882346,111.90441176470588
3698,3699,-173167518,5.216842105263158,0.47953216374269014
3700,3701,-173167521#0,11.209999999999999,0.5
3706,3707,-173167522#1,15.34,0.0
3708,3709,-173167522#2,18.88,18.0
3712,3713,-173167525#0,5.8999999999999995,1.4999999999999998
3716,3717,-173167526#0,10.62,1.0
3724,3725,-173169611#1,26.585856353591158,227.51292450375718
3726,3727,-173169611#2,9.010909090909092,0.7524570024570026
3728,3729,-173169611#3,5.0894949494949495,0.3306715806715806
3730,3731,-173169611#4,17.918518518518518,2.529779779779779
3732,3733,-173169611#5,3.528487804878049,0.9901004304160687
3734,3735,-173169612,6.20208,0.9984516129032257
3736,3737,-173177776#0,15.93,3.5
3740,3741,-173177780#1,3.0036363636363634,1.0727272727272728
3742,3743,-173177780#2,13.148571428571428,0.8095238095238093
3744,3745,-173177783#1,4.523333333333333,0.5666666666666665
3748,3749,-173177790#0,11.156363636363636,0.47272727272727266
3750,3751,-173177790#1,17.27090909090909,2.0545454545454547
3752,3753,-173177790#2,23.546363636363633,5.95021645021645
3754,3755,-173177791#0,1.652,0.3
3756,3757,-173177791#1,8.968,0.2999999999999999
3758,3759,-173177791#2,1.6857142857142857,0.4175824175824176
3760,3761,-173177791#3,28.71333333333333,0.33333333333333304
3764,3765,-173177794#2,5.722999999999999,0.6605263157894737
3766,3767,-173178641,10.03,2.9999999999999996
3768,3769,-173180357#0,3.54,0.0
3770,3771,-173180357#1,15.635,0.25000000000000017
3772,3773,-173180357#2,9.44,0.0
3776,3777,-173180359,16.52,0.0
3778,3779,-173180360,22.419999999999998,3.3333333333333353
3780,3781,-173180361#0,1.4749999999999999,0.25
3782,3783,-173180361#1,3.54,0.0
3786,3787,-173180362#0,2.36,3.0
3788,3789,-173180362#1,15.93,220.5
3790,3791,-173180362#2,5.782,2.5444444444444447
3792,3793,-173180362#3,23.337777777777777,3.694444444444444
3798,3799,-173180364#0,29.618,37.25263157894737
3800,3801,-173180365,37.288,22.299999999999997
3802,3803,-173182788,3.0483333333333333,0.8106060606060607
3804,3805,-173182789,19.706,3.7888888888888874
3806,3807,-173182790,3.9825,2.1166666666666667
3808,3809,-173182791,3.54,1.0
3810,3811,-173182792#0,5.113333333333332,0.3333333333333335
3812,3813,-173182792#1,1.18,0.0
3814,3815,-173182793,3.54,0.0
3816,3817,-173182794#0,2.36,0.2
3820,3821,-173182795#1,15.34,0.0
3822,3823,-173182795#2,7.08,0.0
3824,3825,-173182797#0,2.36,0.0
3826,3827,-173182797#1,5.8999999999999995,0.0
3832,3833,-173182798#1,3.0974999999999997,0.26785714285714274
3834,3835,-173182798#2,2.36,0.6666666666666666
3838,3839,-173184401#1,2.36,0.0
3840,3841,-173184403#0,13.945454545454545,1.3636363636363638
3842,3843,-173184403#1,11.209999999999999,1.166666666666667
3844,3845,-173184403#2,5.546,0.23333333333333345
3846,3847,-173184404#1,2.517333333333333,0.2666666666666667
3848,3849,-173184404#2,6.843999999999999,0.20000000000000007
3850,3851,-173185107,3.54,0.0
3854,3855,-173201770,52.98199999999999,6.988888888888888
3856,3857,-173201776,3.6711111111111108,0.7873015873015868
3858,3859,-173201777#0,17.5858064516129,2.4236559139784943
3860,3861,-173201777#1,11.3988,2.188163265306124
3862,3863,-173201780#0,16.618333333333332,84.8623188405797
3864,3865,-173201780#1,5.452413793103448,4.529556650246307
3866,3867,-173203413#0,4.72,0.0
3868,3869,-173203413#1,3.54,0.0
3870,3871,-173203413#2,2.36,0.0
3872,3873,-173203413#3,2.36,0.0
3874,3875,-173203413#4,7.08,0.0
3876,3877,-173203413#5,8.456666666666667,1.3666666666666667
3878,3879,-173203413#7,5.113333333333332,0.26666666666666666
3880,3881,-173203428,3.54,0.0
3882,3883,-173203430#0,11.799999999999999,3.0
3884,3885,-173203431,4.9559999999999995,0.2
3892,3893,-173658909,20.695384615384615,17.86123680241327
3894,3895,-174324279#0,14.16,2.0
3896,3897,-174324279#1,8.85,0.5
3898,3899,-174527895#1,52.628,29.299999999999997
3900,3901,-174527895#2,1.77,0.5
3902,3903,-174597970#0,2.388780487804878,3.524390243902438
3904,3905,-174597970#1,12.253846153846153,2.137651821862348
3906,3907,-174597970#2,9.505555555555555,0.2908496732026144
3908,3909,-174597970#3,10.03,0.6363636363636364
3910,3911,-174597970#4,4.366,0.23333333333333328
3912,3913,-174597970#5,6.342499999999999,3.6964285714285716
3914,3915,-174597970#6,5.427999999999999,0.29999999999999993
3916,3917,-174597970#7,20.902857142857144,3.904761904761901
3918,3919,-174609517#0,6.373197969543147,0.5067336579301771
3920,3921,-174609517#1,0.5031472081218273,0.2560343934528127
3922,3923,-174609517#3,0.5598979591836735,0.2506279434850862
3924,3925,-174609517#4,3.785583756345177,0.328913291204807
3926,3927,-174609519,2.7533333333333334,0.2666666666666666
3930,3931,-174611972#1,2.681818181818182,0.6181818181818182
3932,3933,-174645621,3.2449999999999997,2.25
3934,3935,-174645622#0,46.256,5.2
3936,3937,-174645622#2,5.375555555555555,0.5277777777777777
3938,3939,-174645622#3,32.64666666666667,4.333333333333334
3940,3941,-174645622#4,39.13666666666666,6.166666666666663
3942,3943,-174645623#0,25.77846153846154,42.97435897435898
3946,3947,-174645625#1,3.933333333333333,0.33333333333333337
3948,3949,-174645627#0,36.501333333333335,26.495238095238097
3950,3951,-174645627#1,16.52,0.0
3952,3953,-174645627#2,2.36,0.0
3954,3955,-174645627#3,13.766666666666666,0.33333333333333304
3956,3957,-174645627#4,15.34,17.0
3958,3959,-174645627#5,13.924,1.7000000000000002
3962,3963,-175723854#0,1.18,0.0
3964,3965,-175723854#1,14.75,0.7
3966,3967,-175726347#0,5.8999999999999995,0.0
3970,3971,-175761127#0,15.950344827586207,2.401477832512316
3972,3973,-175761127#1,14.532631578947369,1.8947368421052633
3974,3975,-175761127#11,6.194999999999999,3.0714285714285716
3984,3985,-175761127#4,4.72,0.0
3986,3987,-175761127#5,4.72,0.0
3988,3989,-175761127#6,7.08,0.0
3990,3991,-175761127#7,8.26,0.0
3994,3995,-175761134#0,80.04333333333332,177.36666666666667
3998,3999,-175761134#2,10.226666666666665,3.466666666666666
4000,4001,-175761134#3,9.118181818181817,1.018181818181818
4012,4013,-175761138#0,1.18,0.0
4014,4015,-175761138#1,2.9499999999999997,0.3
4016,4017,-175761138#2,3.54,0.0
4018,4019,-175761138#3,3.54,0.0
4020,4021,-175761138#4,2.36,0.0
4024,4025,-175761139#0,1.4749999999999999,0.25
4028,4029,-175761142#0,1.77,0.26315789473684204
4030,4031,-175761142#1,5.31,0.26315789473684204
4032,4033,-175761142#2,9.28774193548387,1.4494623655913978
4034,4035,-175761142#3,4.288292682926829,4.8878048780487795
4038,4039,-175770990,1.18,0.0
4040,4041,-175770991,20.846666666666668,2.333333333333333
4060,4061,-176364763#0,43.66,24.800000000000004
4066,4067,-176364765#0,2.36,0.0
4068,4069,-176364765#1,2.7533333333333334,0.33333333333333326
4070,4071,-176364765#2,2.36,0.0
4074,4075,-176550257,31.86,2.0
4078,4079,-178402483,7.866666666666666,0.8095238095238093
4080,4081,-178402484,16.224999999999998,1.5833333333333328
4082,4083,-179330001,2.909236363636363,0.32270736562707364
4084,4085,-179330003,3.6386909090909088,0.23750497677504984
4092,4093,-181223451#0,40.87857142857143,7.478021978021976
4094,4095,-181223451#1,61.57454545454545,23.76363636363637
4096,4097,-182424335,15.045,2.25
4098,4099,-182753513#0,3.212222222222222,0.6063492063492062
4100,4101,-182753513#1,3.3714285714285714,3.3626373626373627
4104,4105,-182929773,6.739615384615385,1.561414392059553
4106,4107,-183036524#1,16.309285714285714,2.0039682539682535
4108,4109,-183036524#2,6.637499999999999,7.725806451612901
4114,4115,-183728412#3,1.18,0.0
4116,4117,-18809672#1,26.994520547945204,330.27435049598483
4118,4119,-18809672#2,11.537777777777778,100.01422222222226
4120,4121,-18809672#3,2.655,0.4243697478991596
4122,4123,-18809672#5,6.8557999999999995,0.7211111111111106
4124,4125,-18809672#7,8.986153846153845,0.9903846153846153
4126,4127,-18809672#8,8.3153125,0.5850694444444442
4128,4129,-18809673#1,54.80254083484573,220.28718033327843
4130,4131,-18809673#10,3.1376393442622947,0.482031924072476
4132,4133,-18809673#11,0.869054054054054,0.2082913421896473
4134,4135,-18809673#12,2.0211486486486487,0.5579363261566649
4136,4137,-18809673#13,6.3414388489208635,1.0580993688803468
4138,4139,-18809673#14,2.6666141732283464,0.20889483676200538
4140,4141,-18809673#15,18.310823529411763,2.5341361741546997
4142,4143,-18809673#16,2.804235294117647,0.2514126910606763
4144,4145,-18809673#3,6.199306569343065,1.2719244985921896
4146,4147,-18809673#4,3.7806732673267325,0.33331761747603345
4148,4149,-18809673#5,1.9823061630218688,0.2618868462531586
4150,4151,-18809673#6,3.040318091451292,1.2884525516225347
4152,4153,-18809673#7,3.3141975308641975,0.2976340633719376
4154,4155,-18809673#8,2.873518518518518,0.44470244238046114
4156,4157,-18809673#9,3.205032258064516,0.47579079235828386
4158,4159,-18813598#1,25.91916955017301,248.56129853902328
4160,4161,-18813598#2,7.798615916955017,0.6903354479046527
4162,4163,-18813598#3,2.6866435986159165,0.23560649750096113
4164,4165,-18813598#4,2.935709342560554,0.2923875432525951
4166,4167,-18813598#5,2.886712802768166,0.25492599000384475
4168,4169,-18813598#6,5.683598615916955,0.4419454056132256
4170,4171,-18813598#7,11.791945392491467,1.3150217401468047
4172,4173,-18813598#8,16.608600682593856,2.692973023516761
4174,4175,-18813598#9,12.664163568773233,1.0325694945347617
4176,4177,-188625811,5.057142857142857,0.5714285714285713
4178,4179,-188625812#0,5.8999999999999995,0.0
4180,4181,-188625813#0,2.36,0.0
4182,4183,-188625813#1,10.816666666666665,1.3666666666666667
4184,4185,-188627193#0,2.0902857142857143,0.41680672268907554
4186,4187,-188627193#1,18.698461538461537,52.97435897435898
4188,4189,-188627193#2,17.11,0.3333333333333333
4190,4191,-188722978#0,27.139999999999997,2.0
4192,4193,-188722978#1,27.729999999999997,12.5
4194,4195,-188740075#2,18.037142857142857,24.57142857142857
4198,4199,-188740075#4,2.832,0.3
4200,4201,-188740075#5,10.816666666666665,0.5666666666666668
4202,4203,-188740076,2.7533333333333334,0.6666666666666666
4204,4205,-188740078#0,2.655,3.5833333333333335
4206,4207,-188740078#1,4.326666666666666,5.333333333333334
4208,4209,-188740080#1,38.851499999999994,657.0455128205126
4212,4213,-188740084#3,15.733333333333333,2.3333333333333326
4214,4215,-188740084#4,2.7533333333333334,0.33333333333333337
4216,4217,-18909061#1,23.009999999999998,138.88461538461542
4218,4219,-18909063#1,3.2777777777777777,0.19444444444444448
4220,4221,-18909063#2,5.2444444444444445,0.5277777777777777
4222,4223,-189226234,6.588333333333333,0.44696969696969674
4224,4225,-189226235#0,13.766666666666666,8.333333333333332
4226,4227,-189226235#1,4.9559999999999995,1.288888888888889
4228,4229,-189226235#2,4.798666666666666,1.2095238095238092
4236,4237,-190247857,45.34571428571429,14.285714285714283
4238,4239,-190281932,17.42235294117647,2.043098427489808
4240,4241,-190281933,4.3960784313725485,0.41894777713065445
4242,4243,-190281935#1,10.913071895424835,7.608961128310969
4244,4245,-190281937#1,0.2884444444444444,0.19444444444444434
4246,4247,-192768909#1,74.69573529411764,1733.145479302832
4248,4249,-192768914,14.616579115951314,5.327111154913845
4250,4251,-192768918#1,7.965,6.214285714285714
4252,4253,-192768918#2,14.16,1.0
4254,4255,-192768918#3,5.506666666666667,0.3333333333333335
4256,4257,-192768918#4,8.85,20.333333333333336
4258,4259,-192768918#5,0.19666666666666666,0.16666666666666669
4260,4261,-192768919#0,29.63111111111111,10.025641025641026
4262,4263,-192768919#1,3.764761904761905,0.661904761904762
4264,4265,-192768919#2,3.2590476190476187,0.19047619047619047
4266,4267,-192768919#3,1.2361904761904763,0.04761904761904761
4268,4269,-192768919#4,2.9999999999999996,0.2869666861484511
4270,4271,-192768919#5,3.6225174825174826,0.3753570373288684
4272,4273,-192768919#6,3.7844285714285713,0.48196300102774925
4274,4275,-192768919#7,3.802222222222222,0.33830845771144286
4276,4277,-192768919#8,4.842774566473988,0.8495765559887081
4278,4279,-192768923,1.18,0.0
4282,4283,-192768925,3.3714285714285714,0.14285714285714293
4284,4285,-192768926,9.833333333333334,0.7916666666666664
4286,4287,-192768929,2.36,0.6666666666666666
4292,4293,-192768952,3.54,0.0
4294,4295,-192768954,3.54,0.0
4296,4297,-192768976,3.54,0.0
4298,4299,-192768995#1,3.708571428571428,4.201058201058201
4300,4301,-192769003#0,2.7326315789473683,0.5614035087719298
4302,4303,-192769003#1,11.57875,2.6958333333333337
4304,4305,-192769003#2,5.156086956521739,1.7048309178743968
4306,4307,-192769008,3.388285714285714,0.983229813664596
4308,4309,-192769009#0,5.73142857142857,0.8872180451127815
4310,4311,-192769015,3.48,0.4973699590882524
4312,4313,-192769021,2.124,0.7000000000000001
4314,4315,-192771013,85.15666666666667,56.6969696969697
4316,4317,-192771014#0,6.194999999999999,0.9166666666666666
4318,4319,-192771014#1,3.54,0.0
4322,4323,-192994888#0,18.407999999999998,1.3
4324,4325,-192994888#1,2.655,0.21428571428571427
4326,4327,-192994888#2,13.373333333333333,2.3333333333333335
4328,4329,-192994888#3,12.586666666666666,2.333333333333334
4330,4331,-192994888#4,10.62,0.0
4332,4333,-192994893,9.44,2.0
4334,4335,-192994897,20.355,4.0666666666666655
4336,4337,-192994902#0,2.204860557768924,0.3146454183266934
4338,4339,-192994902#1,5.7329203539823,0.46191529709228857
4340,4341,-192994902#2,8.26,0.9999999999999999
4342,4343,-192994904,26.098823529411764,3.360294117647062
4344,4345,-192994905,30.68,0.0
4348,4349,-192994906#1,11.406666666666665,0.3333333333333335
4350,4351,-192994906#2,14.16,1.0
4352,4353,-192994907#0,2.8715021459227468,0.5397365694834985
4354,4355,-192994907#1,13.620862068965515,490.7686968204211
4356,4357,-192994907#2,14.16,8.33333333333333
4358,4359,-192994907#3,11.522352941176472,0.8161764705882351
4360,4361,-192994907#4,2.7326315789473683,0.22807017543859637
4362,4363,-192994908#0,19.190526315789473,2.4269005847953213
4364,4365,-192994908#1,8.85,0.6296296296296298
4368,4369,-193026072,23.075555555555557,5.277777777777778
4370,4371,-193382571,2.6903999999999995,0.21000000000000008
4372,4373,-193382573#0,13.176666666666666,2.6969696969696977
4374,4375,-193382573#1,6.010625,0.34576612903225806
4376,4377,-193384412#0,26.16701754385965,6.504385964912285
4380,4381,-193384415,18.407999999999998,1.3
4382,4383,-193384418,36.2748275862069,12.054748941318806
4384,4385,-193385060#0,20.256666666666668,2.166666666666667
4386,4387,-193385060#2,10.148,0.9333333333333331
4388,4389,-193386905,4.084615384615384,1.2692307692307692
4392,4393,-193387819#0,1.77,0.5
4394,4395,-193387819#1,11.799999999999999,0.8
4398,4399,-193388832,3.54,0.0
4400,4401,-193797087,73.455,27.583333333333343
4402,4403,-193806654,29.823662940670676,6.447075120282146
4404,4405,-193806656#0,43.66,0.0
4406,4407,-193838916,14.455,2.204545454545454
4408,4409,-193838917#0,2.36,0.0
4410,4411,-193838917#1,2.5415384615384613,0.14102564102564114
4412,4413,-193838918#0,3.933333333333333,0.5
4418,4419,-194116091,13.260952380952379,5.7904761904761894
4420,4421,-194116093,2.1914285714285713,0.1318681318681319
4422,4423,-194116097,13.849473684210524,1.6586059743954482
4424,4425,-194116099,7.754285714285714,1.032967032967033
4426,4427,-194116101,4.72,0.5
4428,4429,-194116103,15.34,0.0
4430,4431,-194116105,14.29111111111111,3.6410256410256414
4432,4433,-194116108,12.279375,1.9264112903225814
4434,4435,-194116110,9.046666666666667,0.33333333333333326
4436,4437,-194116112,6.784999999999999,4.916666666666667
4438,4439,-194116114,15.635,12.999999999999998
4440,4441,-194116116,10.62,0.6153846153846152
4442,4443,-194116118,3.54,0.0
4444,4445,-194116121#0,8.456666666666667,0.9666666666666665
4446,4447,-194116121#1,3.086153846153846,0.24615384615384614
4448,4449,-194116124#0,3.9938461538461536,0.25641025641025644
4450,4451,-194116124#1,2.7533333333333334,0.3529411764705883
4452,4453,-194116124#2,3.54,0.0
4454,4455,-194116124#3,2.36,1.0
4458,4459,-194116141#0,69.81666666666666,380.6969696969696
4460,4461,-194116141#1,1.18,0.0
4462,4463,-194116146,73.9152,191.07333333333327
4464,4465,-194119645,2.090877192982456,1.464912280701754
4466,4467,-194119647,6.539166666666667,4.780797101449275
4468,4469,-194119649,15.143333333333333,29.76666666666667
4470,4471,-194119651,2.070566037735849,0.6117561683599418
4472,4473,-194119652,20.40705882352941,3.3455882352941164
4474,4475,-194119654#0,5.8999999999999995,5.5
4476,4477,-194119654#1,6.0685714285714285,0.8095238095238093
4478,4479,-194119654#2,16.52,0.666666666666667
4482,4483,-194134001#0,12.488333333333333,8.81060606060606
4484,4485,-194134001#2,4.897,1.2921052631578949
4486,4487,-194134004#0,9.647017543859649,4.647243107769425
4488,4489,-194134004#1,14.097894736842106,80.21337126600284
4490,4491,-194377108#1,17.651048034934497,3.254422261918101
4492,4493,-194377108#1.168,5.093344262295081,0.4241706925758952
4494,4495,-195073412#0,2.470738461538461,0.3933364940144599
4496,4497,-195073412#1,3.7707051282051283,0.4849878585833646
4498,4499,-195073416,12.946477272727272,1.330616883116883
4500,4501,-195966643#0,1.18,0.0
4504,4505,-195966645#1,2.546315789473684,1.3625730994152043
4506,4507,-195966645#3,3.618666666666667,1.8818181818181814
4508,4509,-195966645#4,6.221818181818181,2.112554112554114
4510,4511,-195966645#5,8.26,0.0
4512,4513,-195966646#1,3.9030769230769224,2.0641025641025643
4514,4515,-195966646#2,3.218181818181818,0.30303030303030304
4516,4517,-195966647#0,8.208695652173912,2.225296442687748
4518,4519,-195966647#1,5.542424242424242,0.5303030303030305
4520,4521,-195966647#2,5.231333333333334,0.8057471264367815
4522,4523,-195966647#3,3.933333333333333,0.49999999999999994
4524,4525,-195966648#1,3.933333333333333,0.33333333333333326
4526,4527,-195966648#2,3.4443243243243242,0.5765765765765765
4528,4529,-195966649#0,14.645882352941175,3.68705882352941
4530,4531,-195966649#1,10.959999999999999,2.036236119228521
4532,4533,-195966649#2,20.098478260869566,5.5044194935499275
4534,4535,-195977239,12.612888888888888,1.7646464646464646
4536,4537,-195982603,18.054,28.899999999999995
4538,4539,-196021038,12.586666666666666,3.466666666666666
4540,4541,-196172701,33.72177777777778,40.976767676767686
4542,4543,-196172703,7.245937499999999,7.646577380952381
4544,4545,-196176498#1,13.452,1.377777777777778
4546,4547,-196873454,1.3846242774566473,0.21394004570506783
4548,4549,-198836594,5.31,24.5
4554,4555,-198836597,9.608571428571427,6.747252747252748
4558,4559,-198836602,5.1625,1.9821428571428574
4560,4561,-198836603,10.62,0.0
4562,4563,-198836605,8.12888888888889,0.36111111111111127
4564,4565,-198836608,9.44,0.0
4566,4567,-198836609#1,9.44,0.0
4570,4571,-198836611#0,1.18,0.0
4574,4575,-198836613#0,10.62,28.666666666666668
4576,4577,-198836613#1,23.599999999999998,8.0
4578,4579,-198836614#1,4.72,0.0
4580,4581,-198836614#2,2.36,0.0
4582,4583,-198836614#3,8.702499999999999,0.26785714285714274
4584,4585,-198836615#1,4.248,1.2999999999999998
4586,4587,-198836615#2,16.224999999999998,8.25
4590,4591,-199227645#0,4.72,1.8181818181818181
4592,4593,-199227645#1,5.041818181818181,0.8181818181818183
4594,4595,-199227645#2,1.18,0.0
4596,4597,-199797244,1.6224999999999998,0.5535714285714286
4600,4601,-199797251#1,1.18,0.0
4618,4619,-200741048,2.1879166666666667,0.12721631205673758
4620,4621,-200741145#0,3.4416666666666664,1.3560606060606062
4622,4623,-200741145#2,6.489999999999999,13.666666666666666
4624,4625,-200741145#3,4.72,2.0
4626,4627,-200741145#4,4.484,0.19999999999999998
4628,4629,-200741145#5,3.933333333333333,0.33333333333333326
4630,4631,-200741145#6,4.543,0.2394736842105263
4632,4633,-200741145#7,3.708571428571428,0.32857142857142857
4634,4635,-200741145#8,3.714814814814815,1.1310541310541313
4636,4637,-200741145#9,3.214482758620689,3.064039408866995
4642,4643,-200741159,12.979999999999999,0.0
4644,4645,-200741161,5.31,11.0
4646,4647,-200741163,3.068,0.30000000000000004
4652,4653,-200741170#0,1.18,0.0
4654,4655,-200741170#1,7.67,1.9
4656,4657,-200741172,8.26,0.0
4658,4659,-200741176,14.553333333333333,3.8666666666666663
4666,4667,-200741178,14.455,72.91666666666667
4672,4673,-200741179#2,4.72,0.0
4674,4675,-200741183#0,9.341666666666667,98.08333333333334
4676,4677,-200741183#1,2.6222222222222222,0.4444444444444444
4678,4679,-200741183#2,3.54,0.0
4680,4681,-200741183#3,4.045714285714285,0.28571428571428564
4682,4683,-200741183#4,2.36,0.0
4686,4687,-200741188,2.596,1.7000000000000002
4692,4693,-200742227#10,4.72,0.0
4694,4695,-200742227#11,2.36,0.0
4696,4697,-200742227#12,3.933333333333333,0.33333333333333326
4698,4699,-200742227#13,4.72,0.0
4700,4701,-200742227#14,7.473333333333333,0.3333333333333335
4702,4703,-200742227#15,6.843999999999999,0.6999999999999997
4704,4705,-200742227#16,3.068,0.30000000000000004
4706,4707,-200742227#17,1.652,0.3
4708,4709,-200742227#18,14.867999999999999,6.8
4712,4713,-200742227#28,5.8999999999999995,0.0
4714,4715,-200742227#29,4.13,0.5
4718,4719,-200742227#30,2.36,2.0
4720,4721,-200742227#31,4.72,0.0
4722,4723,-200742227#32,31.86,2.0
4724,4725,-200742227#4,7.439130434782608,0.58498023715415
4726,4727,-200742227#5,2.4626086956521736,0.08300395256917006
4728,4729,-200742227#6,8.41391304347826,0.11857707509881422
4730,4731,-200742227#7,4.248,0.4888888888888888
4732,4733,-200742227#8,10.62,0.0
4734,4735,-200742227#9,3.54,0.0
4736,4737,-200743816#0,15.34,0.0
4752,4753,-200743817#0,5.8999999999999995,0.0
4754,4755,-200743817#1,2.36,0.0
4780,4781,-200743818#5,3.54,0.5
4782,4783,-200743818#6,4.195555555555555,0.5277777777777778
4784,4785,-200743818#7,3.933333333333333,0.25
4786,4787,-200743818#8,4.326666666666666,0.9999999999999998
4788,4789,-200743818#9,4.05304347826087,0.25691699604743073
4806,4807,-200743827,9.046666666666667,1.333333333333333
4808,4809,-200743828,8.948333333333332,0.2651515151515152
4812,4813,-200743830,16.814999999999998,40.38636363636363
4824,4825,-200743836,5.8999999999999995,0.0
4840,4841,-200743843#0,3.54,0.0
4842,4843,-200743843#1,2.36,0.0
4846,4847,-200743844#0,6.489999999999999,0.26666666666666666
4848,4849,-200743844#1,30.541176470588233,7.110294117647059
4850,4851,-200908887,8.292777777777777,1.1706349206349207
4852,4853,-200908888#1,9.898888888888889,10.473015873015873
4854,4855,-200908901#0,2.697142857142857,0.2380952380952381
4856,4857,-200908901#1,13.485714285714286,2.9523809523809526
4860,4861,-200908907,7.001333333333333,2.6380952380952385
4862,4863,-200908910#0,5.113333333333332,1.0666666666666667
4866,4867,-200908911,6.489999999999999,12.5
4868,4869,-200908916#0,8.26,128.66666666666666
4870,4871,-200908916#1,3.1466666666666665,2.3333333333333335
4872,4873,-200908916#2,7.08,8.0
4874,4875,-200908916#3,1.18,0.0
4876,4877,-200908916#4,2.124,0.7000000000000001
4880,4881,-200912350#2,36.58,1682.0
4882,4883,-200927707,1.18,0.0
4884,4885,-200949176#0,5.902344370860927,1.0702412456826367
4886,4887,-200949406,5.768888888888889,1.5873015873015872
4888,4889,-200949407,31.466666666666665,9.33333333333333
4890,4891,-200949408#0,19.175,1.5833333333333341
4892,4893,-200949408#1,3.54,1.5
4894,4895,-200949414#1,27.139999999999997,37.0
4896,4897,-200949417,10.62,0.0
4898,4899,-200949419,18.88,0.0
4900,4901,-200949421#0,0.59,0.5
4902,4903,-200949421#1,8.26,1.0
4906,4907,-200949427,7.552,0.8000000000000002
4910,4911,-200949433,5.8999999999999995,0.0
4912,4913,-201078447#0,10.62,6.76923076923077
4914,4915,-201078447#2,8.85,0.2999999999999999
4916,4917,-201078448#0,3.9690909090909092,0.2545454545454545
4918,4919,-201078448#1,5.8999999999999995,0.2857142857142857
4922,4923,-201089420#0,2.3392982456140348,0.21484006393591001
4924,4925,-201089420#1,5.854714912280701,0.535298351531958
4926,4927,-201089423#1,24.260884638374176,359.0575435355225
4928,4929,-201089423#2,5.801901913875598,27.856040920401238
4934,4935,-201201935#1,3.8703999999999996,0.20999999999999996
4936,4937,-201201935#2,3.676153846153846,0.4261538461538461
4938,4939,-201201935#3,3.068,0.2499999999999999
4940,4941,-201201935#4,4.3896,0.2933333333333333
4942,4943,-201201935#5,3.304,0.24999999999999992
4944,4945,-201201935#6,7.3632,0.35666666666666674
4946,4947,-201201935#7,8.1184,0.5266666666666667
4948,4949,-201201936#0,1.77,0.26666666666666666
4950,4951,-201201936#10,3.8870588235294115,0.47058823529411753
4952,4953,-201201936#11,4.601999999999999,0.3052631578947368
4954,4955,-201201936#12,5.192,0.3578947368421053
4956,4957,-201201936#2,3.776,0.7428571428571429
4958,4959,-201201936#3,4.72,0.30769230769230765
4960,4961,-201201936#4,3.708571428571428,0.13186813186813198
4962,4963,-201201936#5,3.1185714285714283,0.24725274725274715
4964,4965,-201201936#6,0.8428571428571429,0.21978021978021978
4966,4967,-201201936#7,4.551428571428572,0.9010989010989012
4968,4969,-201201936#8,4.538461538461538,1.1410256410256412
4970,4971,-201201936#9,4.095294117647058,0.38970588235294135
4972,4973,-201201940#0,13.594246575342464,1.3363774733637739
4974,4975,-201201940#3,13.935949367088607,1.2070756247971433
4976,4977,-201201945#1,10.877585365853658,378.0878212573324
4978,4979,-201201945#1.91,61.26934146341463,2587.0795601417512
4980,4981,-201201945#10,3.818835616438356,11.851526418786694
4982,4983,-201201945#11,13.490125142207052,22.193305708236494
4984,4985,-201201945#2,2.1217031630170315,1.245404245608734
4986,4987,-201201945#3,11.675568720379147,1.596221742479187
4988,4989,-201201945#4,3.0756926658905703,0.35548192591265926
4990,4991,-201201945#5,4.197232558139535,0.3355158783875247
4992,4993,-201201945#7,6.062335260115606,0.36183900663669455
4994,4995,-201201945#8,6.456169724770642,3.2529084464761566
4996,4997,-201201945#9,6.399542334096109,24.500989512478352
4998,4999,-201238718#0,19.021933962264146,3.746727106472188
5000,5001,-201238718#1,11.750946882217091,3.0954901206055943
5002,5003,-201238724#0,21.101176470588236,2.8602941176470607
5004,5005,-201238724#1,14.50258064516129,4.546236559139784
5006,5007,-201238725#1,32.694634146341464,213.85636856368552
5008,5009,-201238725#2,4.798836206896552,0.3950947717286071
5010,5011,-201238725#3,7.771049723756906,0.6896087745407842
5012,5013,-201238725#4,0.7549462365591397,0.2488272427173219
5014,5015,-201238725#5,8.954982206405694,0.4599850292753781
5016,5017,-201238726#0,6.42948717948718,0.47160779135028075
5018,5019,-201238726#1,11.86798353909465,7.112369486106857
5020,5021,-201243223,28.32,0.0
5022,5023,-201243226#1,15.907671033478891,122.40277349295134
5024,5025,-201243226#2,30.315750179468772,630.1187247815437
5026,5027,-201243230#1,18.6434520123839,95.16272635272048
5028,5029,-201278209#0,3.24126582278481,0.858162934112301
5030,5031,-201278209#2,6.0026086956521745,0.25893719806763293
5032,5033,-201278210#0,3.9493877551020407,0.5229591836734695
5034,5035,-201278210#1,6.011320754716981,0.7024673439767777
5036,5037,-201278210#10,7.826972477064221,3.6788990825688077
5038,5039,-201278210#2,8.759230769230768,1.5037707390648565
5040,5041,-201278210#3,4.6491999999999996,0.30244897959183675
5042,5043,-201278210#4,4.3960784313725485,0.3231372549019605
5044,5045,-201278210#5,19.775925925925925,2.488120195667366
5046,5047,-201278210#6,4.359999999999999,0.3191116306253653
5048,5049,-201278210#7,9.292499999999999,0.873015873015873
5050,5051,-201278210#8,2.912110091743119,0.2512742099898063
5052,5053,-201278210#9,1.4614678899082567,0.18331634386680257
5054,5055,-201278214#0,5.1616060606060605,4.079699956348929
5056,5057,-201286890#0,24.448124999999997,4.144153225806451
5058,5059,-201286890#1,5.624666666666666,0.7367816091954027
5060,5061,-201286890#10,12.040816326530612,1.2908163265306116
5062,5063,-201286890#11,3.0342857142857143,0.29166666666666674
5064,5065,-201286890#12,2.913877551020408,0.25425170068027214
5066,5067,-201286890#3,16.35142857142857,1.3285714285714287
5068,5069,-201286890#4,12.923809523809524,0.44761904761904736
5070,5071,-201286890#5,22.869523809523805,2.247619047619046
5072,5073,-201286890#6,11.845384615384615,0.5984615384615385
5074,5075,-201286890#7,16.598666666666666,2.2022988505747128
5076,5077,-201286890#8,10.344666666666667,1.0816091954023
5078,5079,-201286890#9,13.155744680851063,1.2599444958371884
5080,5081,-201286892#0,1.609090909090909,0.2545454545454545
5082,5083,-201286892#1,20.65,0.9444444444444449
5084,5085,-201400751#0,28.92404761904762,5.505880665519221
5086,5087,-201400755#0,1.6930434782608694,0.25691699604743085
5088,5089,-201400755#1,3.232173913043478,0.3833992094861662
5090,5091,-201400755#2,5.797391304347825,0.5375494071146244
5092,5093,-201400763#0,12.319199999999999,0.5066666666666667
5094,5095,-201400763#1,3.54,0.9090909090909091
5096,5097,-201400763#2,2.36,0.2222222222222222
5098,5099,-201400763#3,10.69375,0.8625000000000007
5100,5101,-201400763#4,7.965,0.7333333333333332
5102,5103,-201414945#0,3.4416666666666664,0.6287878787878788
5104,5105,-201414945#1,4.8183333333333325,0.446969696969697
5106,5107,-201414945#2,7.375,1.1136363636363635
5108,5109,-201444272#0,3.76125,1.0826771653543312
5110,5111,-201444272#1,6.077522123893805,2.1289506953223767
5112,5113,-201444272#2,5.6553658536585365,0.289822342667871
5114,5115,-201444272#3,7.563373493975903,1.049662062885689
5116,5117,-201775636,12.586666666666666,0.3333333333333335
5120,5121,-201775639#0,5.8999999999999995,0.0
5122,5123,-201775640#0,3.4327272727272726,0.29090909090909106
5124,5125,-201775640#1,1.18,0.0
5126,5127,-201775641#0,6.6866666666666665,0.2666666666666668
5128,5129,-201775641#1,7.08,0.0
5130,5131,-201775642#1,7.08,0.0
5132,5133,-201775645#1,2.556666666666666,0.38235294117647056
5134,5135,-201777413,9.44,0.0
5136,5137,-201789794#1,8.320280970625799,29.495152175421048
5138,5139,-201789794#2,3.8717811704834606,4.878244841699831
5140,5141,-201789794#3,4.8424035420619855,0.4373341660061321
5142,5143,-201789796,5.8115,0.41143216080402023
5144,5145,-201789797#0,15.34,2.0
5148,5149,-201789798#0,2.7214022140221403,0.2577012436791035
5150,5151,-201789798#1,4.433676470588235,0.4722704579986979
5152,5153,-201789799#0,1.9220245398773004,0.5418121755545068
5154,5155,-201789799#1,6.098470948012232,0.44094857507363816
5156,5157,-201789799#2,4.518018018018018,0.7206121784435029
5158,5159,-201828014#0,2.225909090909091,0.568181818181818
5160,5161,-201828014#1,0.8610810810810811,0.20270270270270274
5162,5163,-201828014#2,6.41027027027027,0.8633633633633631
5164,5165,-201828014#3,8.802162162162162,0.644144144144144
5166,5167,-201828014#4,8.802162162162162,1.4219219219219217
5168,5169,-201880159#0,6.129126213592232,1.006014681506038
5170,5171,-201880159#1,6.777874396135265,0.6380094742272875
5172,5173,-201880159#2,2.1383756345177662,0.23495286439448881
5174,5175,-201880159#3,5.603546798029556,0.6642930302882503
5176,5177,-201894096#0,2.484522613065326,0.24072503575813567
5178,5179,-201894096#1,3.853891625615763,0.6500516937298545
5180,5181,-201894096#2,1.3303184713375795,1.3028865699959358
5182,5183,-201894096#3,2.488042553191489,1.047901828244795
5184,5185,-201894096#4,9.548861047835992,2.5353789450991298
5186,5187,-201894096#5,4.178272727272727,0.44201054917778504
5188,5189,-201894096#7,12.090404984423676,1.7262712029067153
5190,5191,-201894096#8,16.32809293320426,3.3766256181664005
5192,5193,-201894099,15.93,2.285714285714285
5194,5195,-201894100#0,1.6224999999999998,0.2678571428571429
5196,5197,-201894100#1,18.29,4.5
5198,5199,-201894100#2,4.13,0.5
5200,5201,-201894102,3.7585185185185184,0.8490028490028491
5202,5203,-201926265#0,17.138548387096773,2.283962758982428
5204,5205,-201926265#1,2.0723383084577116,0.29527363184079586
5206,5207,-201926265#2,7.6890322580645165,1.0186573670444643
5208,5209,-201926265#4,8.660754716981131,2.1750656794841188
5210,5211,-201926265#5,6.851224489795918,1.106353881758889
5212,5213,-201926265#6,2.4868817204301075,0.575268817204301
5214,5215,-201926267#1,39.46901618929016,560.6715775939977
5216,5217,-201926267#3,1.8824159402241591,0.24870575739977596
5218,5219,-201926268#1,18.695313964386127,93.46047113560313
5220,5221,-201926269#0,5.8999999999999995,0.75
5222,5223,-201926269#2,21.948,27.213793103448285
5226,5227,-201931240,9.44,0.0
5228,5229,-201931241#0,27.258,54.98888888888889
5230,5231,-201931241#1,1.3485714285714285,0.14285714285714285
5232,5233,-201931241#2,19.175,4.916666666666667
5234,5235,-201931241#3,11.968571428571428,13.809523809523812
5236,5237,-201933877#0,3.54,0.8963210702341136
5238,5239,-201933877#1,5.011118421052632,0.5692960743442768
5240,5241,-201933877#2,3.9481506849315067,0.26826484018264796
5242,5243,-201933877#3,2.726206896551724,0.27705524400429543
5244,5245,-201933878#0,3.9954385964912276,1.8840852130325818
5246,5247,-201933878#1,2.6893023255813953,0.20598006644518263
5248,5249,-201933878#2,18.61777777777778,15.492063492063494
5250,5251,-201933878#3,10.62,0.0
5252,5253,-201933879#0,9.44,0.833333333333333
5254,5255,-201933879#1,10.75111111111111,1.1111111111111112
5256,5257,-201933879#2,14.789333333333332,1.8380952380952376
5258,5259,-201933879#3,4.484,0.6666666666666669
5260,5261,-201933879#4,6.101463414634146,1.2951219512195125
5262,5263,-201933879#5,7.129166666666666,0.6503623188405799
5264,5265,-201933879#6,4.282962962962963,0.31908831908831914
5266,5267,-201933880#0,7.322465753424658,0.5919697685403875
5268,5269,-201933880#1,4.051333333333333,0.3484593837535013
5270,5271,-201933880#2,7.165818181818181,0.7469557964970811
5272,5273,-201933880#3,23.07103448275862,3.1133004926108376
5274,5275,-201933881#0,14.442535211267606,2.779142942762961
5276,5277,-201933881#1,5.122272727272727,0.5012144344205411
5278,5279,-201933881#2,9.223666666666666,0.7624293785310733
5280,5281,-201933881#4,8.209428571428571,0.7952380952380954
5282,5283,-201933881#5,3.1531147540983606,0.5573770491803282
5284,5285,-201933881#6,7.652898550724637,1.2297154342536758
5286,5287,-201933881#7,7.736423841059603,0.5684768211920527
5288,5289,-201950247#0,7.473333333333333,0.26666666666666655
5290,5291,-201950247#1,12.193333333333333,1.0666666666666667
5292,5293,-201950247#3,7.473333333333333,0.2666666666666665
5294,5295,-201950247#4,6.489999999999999,0.2727272727272726
5296,5297,-201950247#5,6.194999999999999,0.75
5298,5299,-201950247#6,4.72,0.0
5302,5303,-201950247#9,12.979999999999999,0.0
5304,5305,-201950250#0,3.877142857142857,1.6043956043956045
5306,5307,-201950250#1,13.569999999999999,0.3333333333333333
5308,5309,-201950250#2,13.864999999999998,0.24999999999999986
5310,5311,-201950259#0,8.899166666666666,2.085144927536231
5312,5313,-201950259#2,2.36,0.35294117647058826
5314,5315,-201950259#3,13.812941176470586,1.3455882352941175
5316,5317,-201950259#5,7.866666666666666,0.5747126436781607
5318,5319,-201950259#6,10.523673469387756,6.493197278911567
5320,5321,-201950263#0,1.6655502392344497,0.272175193227825
5322,5323,-201950263#1,2.201913875598086,0.7127346337872656
5324,5325,-201950263#10,5.402409638554217,1.0211025921869294
5326,5327,-201950263#11,4.6320496894409935,0.33190993788819895
5328,5329,-201950263#12,2.711801242236025,0.3980590062111803
5330,5331,-201950263#13,3.7818633540372666,0.32647515527950327
5332,5333,-201950263#14,14.145521472392636,1.259107778535181
5334,5335,-201950263#2,4.532272727272727,0.4659740259740259
5336,5337,-201950263#3,2.7823863636363635,0.47113636363636363
5338,5339,-201950263#4,2.7736781609195402,0.2636701880273736
5340,5341,-201950263#5,2.189479768786127,0.1592283909127571
5342,5343,-201950263#6,3.0830057803468205,0.27355827396155397
5344,5345,-201950263#7,3.042080924855491,0.4081193708831829
5346,5347,-201950263#9,2.1883636363636363,0.1982261640798226
5348,5349,-201953160#0,9.874736842105262,0.3567251461988309
5350,5351,-201953160#1,9.44,1.0769230769230764
5352,5353,-201953160#3,7.843529411764706,0.2426470588235294
5354,5355,-201953161#0,3.372686567164179,0.4684659409718323
5356,5357,-201953161#2,6.800763358778625,0.6589547856723431
5358,5359,-201953161#4,4.006511627906976,0.4284156976744186
5360,5361,-201953161#5,6.274603174603174,0.39441269841269844
5362,5363,-201953161#7,9.027936507936507,0.6290793650793652
5364,5365,-201953161#8,2.959365079365079,0.267936507936508
5366,5367,-201953163#0,10.447737226277372,0.8902962644911979
5368,5369,-201953163#2,8.978260869565217,1.3494128847984763
5370,5371,-201953163#3,5.386129032258064,0.36165748754261756
5372,5373,-201953163#4,1.503548387096774,0.20062942564909528
5374,5375,-201956812,13.471666666666666,1.3560606060606064
5376,5377,-201956813#0,11.996666666666666,1.0606060606060603
5378,5379,-201956813#1,4.8183333333333325,0.2651515151515152
5380,5381,-201956813#2,8.555,0.3863636363636363
5382,5383,-201956816#0,4.301290322580645,0.4584316810910045
5384,5385,-201956816#1,1.1133870967741935,0.28134015211119856
5386,5387,-201956816#2,4.012,0.3064516129032258
5388,5389,-201956816#3,7.37031746031746,0.5229841269841269
5390,5391,-201956816#4,2.678412698412698,0.1986031746031747
5392,5393,-201956816#5,7.08,0.46031746031746035
5394,5395,-201956816#6,4.6845112781954885,0.2869674185463659
5396,5397,-201963522#0,6.32142857142857,1.9720496894409945
5398,5399,-201963522#1,8.76,1.110461718293396
5400,5401,-201963522#2,8.032280701754386,0.6228070175438595
5402,5403,-201963522#3,8.736140350877193,1.2449874686716789
5404,5405,-201963522#4,7.519607843137254,0.6784313725490198
5406,5407,-201963522#5,5.015,0.8970588235294118
5408,5409,-201963522#6,3.54,0.2857142857142857
5410,5411,-201963522#7,3.2269387755102037,0.1989795918367346
5412,5413,-201963522#9,14.825090909090909,17.991245791245788
5414,5415,-201963533#1,21.121052631578948,4.205008283420404
5416,5417,-201963533#1.188,16.426064400715564,104.91308417800688
5418,5419,-201963533#4,13.24176056338028,48.889954706210816
5420,5421,-201963533#5,5.939471830985915,1.960113544704348
5422,5423,-201963533#6,1.8572353455818023,0.29378551849144985
5424,5425,-202070429#0,2.5758112094395282,21.41753473129176
5426,5427,-202070429#1,4.670572271386431,4.258574946105117
5428,5429,-202070429#11,29.977868561278864,43.313387573341835
5430,5431,-202070429#12,9.13611340815121,34.75751564989472
5432,5433,-202070429#12.49,11.03286052009456,3.838480175256858
5434,5435,-202070429#13,5.4242495585638615,5.933346782663691
5436,5437,-202070429#2,3.8971327433628318,0.2997273040716323
5438,5439,-202070429#4,3.0461766449318315,0.26129476613078445
5440,5441,-202070429#5,10.032776470588235,3.4402534362773953
5442,5443,-202070429#8,12.806409807355516,27.99703749774944
5444,5445,-202070435#1,3.3496774193548386,0.6333042720139495
5446,5447,-202070435#10,2.6134814814814815,0.19977888336097294
5448,5449,-202070435#11,15.523555555555554,2.281592039800994
5450,5451,-202070435#12,10.163865546218487,1.2560888762284572
5452,5453,-202070435#13,5.004074074074073,0.3153340256143995
5454,5455,-202070435#14,11.02425925925926,0.6011595707857389
5456,5457,-202070435#2,9.968255813953487,0.7867197062423495
5458,5459,-202070435#3,1.1045348837209301,0.23565211478308162
5460,5461,-202070435#4,12.77576923076923,1.3311414392059564
5462,5463,-202070435#5,7.957435897435897,1.0822167080231593
5464,5465,-202070435#6,1.6487671232876713,0.28247520075578647
5466,5467,-202070435#7,0.8971232876712328,0.362824752007558
5468,5469,-202070435#8,6.919857142857142,0.6073484069886949
5470,5471,-202070435#9,3.85007299270073,0.3863246028338344
5472,5473,-202071401#1,19.939015721120985,313.1331194545249
5474,5475,-202089409,7.397095483133218,0.5661895061316503
5476,5477,-202089410#0,1.8929166666666666,0.24423758865248227
5478,5479,-202089410#1,1.0079166666666666,0.16976950354609927
5480,5481,-202092675,1.0216366612111294,0.12622145904322402
5482,5483,-202164592,2.556666666666666,4.166666666666666
5484,5485,-202167797#0,9.803076923076924,0.2307692307692307
5488,5489,-202167798,34.22,1250.0
5490,5491,-202167799#1,27.139999999999997,3.333333333333332
5492,5493,-202167799#2,3.54,0.0
5496,5497,-202167978,6.363571428571428,0.5436507936507935
5498,5499,-202315053,13.148571428571428,1.5164835164835169
5500,5501,-202587960,1.18,0.0
5502,5503,-202588111,25.959999999999997,111.2
5504,5505,-202588112#0,11.631428571428572,12.476190476190474
5506,5507,-202588112#1,12.508,32.3
5510,5511,-20266187#0,10.121777777777776,1.4313131313131324
5512,5513,-20266187#1,11.162162162162161,1.1441441441441438
5514,5515,-20266187#2,44.25,4.5
5516,5517,-20266187#3,18.093333333333334,1.8666666666666671
5518,5519,-20266189#0,10.7852,0.6942857142857141
5520,5521,-20266189#1,15.575999999999999,1.061224489795918
5522,5523,-20266190#1,16.344255319148935,25.042553191489368
5524,5525,-20266190#2,13.822857142857142,1.044155844155845
5526,5527,-20266191,50.739999999999995,0.0
5528,5529,-20266194#0,9.046666666666667,0.2666666666666669
5530,5531,-20266194#1,8.623076923076923,1.0641025641025632
5532,5533,-20266194#2,12.5375,1.1249999999999998
5534,5535,-20266194#3,10.03,0.8181818181818179
5536,5537,-20266194#4,9.046666666666667,2.2424242424242427
5538,5539,-20266195#0,7.065609756097561,0.4813309244203552
5540,5541,-20266195#1,7.252682926829268,0.6449864498644987
5542,5543,-20266195#2,4.921136363636363,0.4648641588296761
5544,5545,-20266195#3,2.695227272727273,0.6884796238244515
5546,5547,-20266195#4,9.078387096774193,0.8717609730301423
5548,5549,-20266196#0,15.002857142857142,2.904761904761905
5550,5551,-20266196#1,7.922857142857143,2.571428571428571
5552,5553,-20266196#2,30.974999999999998,4.916666666666667
5554,5555,-202857378,4.9559999999999995,0.6347188264058681
5556,5557,-202952227,4.036842105263157,1.146198830409357
5558,5559,-202952229,7.08,4.571428571428571
5560,5561,-202952233,18.374285714285712,8.952380952380953
5562,5563,-202952234#1,10.816666666666665,27.60606060606061
5564,5565,-202952237,4.442352941176471,5.191176470588235
5566,5567,-202952239,7.866666666666666,96.33333333333333
5568,5569,-202952240,20.65,1.8333333333333337
5570,5571,-202952242#0,5.8999999999999995,12.727272727272727
5572,5573,-202952242#1,17.43777777777778,5.194444444444443
5574,5575,-202952242#2,5.5894736842105255,1.5380116959064325
5576,5577,-202956896,9.833333333333334,0.33333333333333304
5578,5579,-202956898#1,4.72,0.0
5580,5581,-202956898#2,22.288888888888888,6.8611111111111125
5586,5587,-203033964,7.08,18.0
5592,5593,-203033975,4.484,1.7
5596,5597,-203033978,8.26,0.4
5598,5599,-203033982#0,7.67,3.3888888888888897
5600,5601,-203033982#1,5.6049999999999995,0.25
5602,5603,-203033983,30.68,72.0
5606,5607,-203033987#1,3.708571428571428,1.809523809523809
5608,5609,-203033987#2,17.86857142857143,3.80952380952381
5610,5611,-203127018,21.20582742316785,24.76143167904616
5612,5613,-203127020#0,14.658782894736841,272.4289403234196
5614,5615,-203127020#1,6.972377850162866,82.83995515194678
5616,5617,-203127020#2,15.634045307443364,2.618516362186798
5618,5619,-203127020#3,12.001791530944624,1.293709582286081
5620,5621,-203127020#4,6.017040650406504,0.2881915203516856
5622,5623,-203127039,5.933084112149532,0.5180744136836537
5624,5625,-203127050,2.669561243144424,1.223886925440439
5626,5627,-203127052,4.661755027422304,5.5876802855465435
5628,5629,-203127053#0,6.883333333333333,1.7666666666666664
5630,5631,-203127053#1,2.43375,0.4625
5632,5633,-203127053#2,7.726190476190475,1.3269454123112665
5634,5635,-203132183,5.180761904761905,3.2056504898610187
5636,5637,-203132184#0,3.8076288659793813,9.823024054982817
5638,5639,-203132184#1,14.29111111111111,6.242630385487529
5640,5641,-203132184#2,11.090635838150288,6.206277725500738
5642,5643,-203132184#3,12.824022988505746,1.3061258388146963
5644,5645,-203132184#4,7.0546236559139786,0.6326293803666743
5646,5647,-203132184#5,7.791074918566775,0.7435225990504774
5648,5649,-203132184#7,12.22801007556675,1.4842632877897382
5650,5651,-203133164,6.716923076923077,0.7307692307692308
5652,5653,-203133165#1,1.9666666666666666,0.33333333333333337
5656,5657,-203139698,7.866666666666666,1.0
5658,5659,-203139699,4.158095238095238,0.9619047619047615
5660,5661,-203139701,7.21111111111111,4.102564102564103
5662,5663,-203139702,13.317142857142857,22.571428571428573
5664,5665,-203139703,11.209999999999999,0.5
5666,5667,-203139704,8.09142857142857,0.4761904761904761
5670,5671,-203139707,5.8999999999999995,32.0
5678,5679,-20314044#0,15.143333333333333,0.16666666666666669
5680,5681,-20314044#1,6.574285714285714,0.8791208791208791
5682,5683,-20314044#2,17.79076923076923,34.743589743589745
5684,5685,-203227506,1.18,0.0
5688,5689,-203253180,8.26,0.25
5692,5693,-203253183,21.108888888888888,1.9869281045751621
5696,5697,-203621102,4.601999999999999,0.5444444444444443
5700,5701,-203621191#1,1.18,0.0
5706,5707,-203912074,7.08,0.0
5710,5711,-203912080#0,8.152727272727272,20.75324675324675
5712,5713,-203912080#1,6.455294117647059,2.3897058823529407
5716,5717,-203925326#1,9.911999999999999,2.9333333333333322
5718,5719,-203925327,6.843999999999999,7.7
5720,5721,-203925328#1,7.5225,1.1249999999999996
5722,5723,-203971377#0,13.107951807228915,1.1954158095797813
5724,5725,-203971377#1,7.9472289156626506,0.8557155451072582
5726,5727,-203971378#0,8.26,0.0
5728,5729,-203971380,4.253488372093023,0.6368654420414442
5730,5731,-203976003#0,5.969411764705882,0.37647058823529406
5732,5733,-203976003#1,12.979999999999999,1.3617021276595729
5734,5735,-203976003#10,13.963333333333333,1.6609195402298846
5736,5737,-203976003#11,19.391333333333332,3.4954022988505753
5738,5739,-203976003#12,22.039354838709674,15.8258064516129
5740,5741,-203976003#13,5.9885,0.5326923076923078
5742,5743,-203976003#14,2.6222222222222222,0.19444444444444448
5744,5745,-203976003#2,9.710416666666665,1.0314716312056729
5746,5747,-203976003#3,6.072083333333333,0.4250886524822695
5748,5749,-203976003#4,13.668333333333333,1.652482269503545
5750,5751,-203976003#5,6.77921568627451,0.47372549019607846
5752,5753,-203976003#6,9.9592,1.0269387755102033
5754,5755,-203976003#7,17.88153846153846,2.564102564102561
5756,5757,-203976003#8,14.20627450980392,1.5984313725490193
5758,5759,-203976003#9,6.883333333333333,1.5035460992907799
5764,5765,-203986892,4.551428571428572,0.2857142857142859
5766,5767,-203986894,14.16,0.0
5768,5769,-203986896,2.655,0.19736842105263158
5770,5771,-204005176,9.44,0.0
5772,5773,-204005177,8.653333333333332,0.6666666666666667
5774,5775,-20405617#0,14.412857142857142,20.796703296703296
5776,5777,-20405617#1,14.976923076923075,5.397435897435898
5778,5779,-20405617#3,13.334,0.6777777777777778
5780,5781,-20405617#4,8.112499999999999,6.125
5782,5783,-20405618#0,11.799999999999999,0.5714285714285715
5784,5785,-20405618#1,11.092,1.8000000000000003
5786,5787,-20405619,60.769999999999996,13.900000000000002
5790,5791,-20405621#0,8.92375,1.8024193548387097
5792,5793,-20405621#1,13.274999999999999,1.2954545454545452
5794,5795,-20405621#2,11.898333333333333,1.174242424242424
5796,5797,-20405621#3,26.255,2.9166666666666665
5798,5799,-20405622,30.68,1.4285714285714286
5800,5801,-20405623#0,14.6025,5.919354838709676
5802,5803,-20405623#2,17.306666666666665,10.615384615384613
5804,5805,-20405623#3,15.34,4.374999999999999
5806,5807,-20405623#4,5.057142857142857,0.9890109890109889
5808,5809,-20405623#5,6.096666666666667,0.9666666666666668
5810,5811,-20405623#6,5.113333333333332,0.33333333333333326
5812,5813,-20405623#7,6.6866666666666665,0.3333333333333335
5814,5815,-20405624#0,10.198571428571427,1.1703296703296702
5816,5817,-20405624#1,13.485714285714286,1.8021978021978042
5818,5819,-20405624#10,21.04333333333333,24.966666666666665
5820,5821,-20405624#2,8.09142857142857,0.8095238095238094
5822,5823,-20405624#3,0.33714285714285713,0.2380952380952381
5824,5825,-20405624#4,6.489999999999999,0.3
5826,5827,-20405624#5,3.933333333333333,0.2666666666666666
5828,5829,-20405624#6,1.8236363636363635,0.4727272727272728
5830,5831,-20405624#7,5.703333333333332,0.33333333333333326
5832,5833,-20405624#8,11.209999999999999,0.7222222222222222
5834,5835,-20405624#9,11.049090909090909,1.2545454545454544
5836,5837,-20405626#0,22.419999999999998,0.0
5838,5839,-20405626#1,9.145,0.24999999999999992
5840,5841,-20405626#2,9.675999999999998,18.200000000000003
5842,5843,-20405626#3,7.08,1.9999999999999998
5844,5845,-20405626#4,17.246153846153845,0.9230769230769232
5846,5847,-20405627,14.021176470588236,0.4852941176470587
5848,5849,-20405628#0,25.443749999999998,29.017287234042552
5850,5851,-20405628#1,11.099375,1.087701612903226
5852,5853,-20405628#2,5.125624999999999,1.9747983870967747
5854,5855,-20405628#3,23.117272727272724,3.967532467532468
5856,5857,-20405628#4,17.352941176470587,13.845588235294112
5860,5861,-204095914#0,10.092765957446806,0.9481961147086034
5862,5863,-204095914#1,7.5962499999999995,0.7093531468531472
5864,5865,-204095914#2,8.474545454545455,1.4878361075544164
5866,5867,-204095914#3,4.531273291925466,4.3865107270848
5868,5869,-204131033,0.3933333333333333,0.22727272727272732
5870,5871,-204388143,8.319595959595958,4.925994640280354
5872,5873,-204388144#0,9.172830188679244,3.074994029137807
5874,5875,-204414414,3.54,0.2727272727272727
5876,5877,-204582496,5.31,4.5
5878,5879,-204588664#0,15.93,0.5
5880,5881,-204588664#1,14.16,0.0
5882,5883,-204588664#2,11.918,0.7666666666666665
5884,5885,-204689829,3.624285714285714,2.379120879120879
5886,5887,-204723193#0,3.8939999999999997,0.32631578947368417
5888,5889,-205106791,10.62,40.4
5892,5893,-205141818,4.9559999999999995,0.20000000000000007
5894,5895,-205182378#0,5.1573426573426575,1.2726781989939884
5896,5897,-205182378#1,1.9873684210526315,0.9112214498510415
5898,5899,-205182378#2,14.95406015037594,2.0850758972903947
5900,5901,-205182378#3,8.206920415224914,0.9736639753940796
5902,5903,-205182378#4,10.951369863013698,1.2198371228169274
5904,5905,-205182378#5,10.442191780821918,1.035635268088312
5906,5907,-205182378#6,6.1416382252559725,0.5332647622609745
5908,5909,-205182378#7,4.759202657807309,0.41889258028792875
5910,5911,-205182378#8,3.943787375415282,0.4325138427464011
5912,5913,-205182378#9,6.243432835820895,3.225837106601822
5914,5915,-205802903#0,56.345,17.071428571428573
5916,5917,-205802903#1,2.36,2.0
5918,5919,-205802904,34.00545454545454,7.3636363636363615
5920,5921,-20588622,23.993333333333332,4.333333333333335
5922,5923,-20588624#0,29.696666666666665,1.9696969696969702
5924,5925,-20588624#1,11.209999999999999,0.2777777777777778
5926,5927,-20588624#2,13.097999999999999,5.877777777777777
5930,5931,-20588629#0,16.52,288.0
5932,5933,-20588629#1,12.979999999999999,0.0
5934,5935,-20588630,55.06666666666666,0.3333333333333339
5936,5937,-20588633,19.797777777777778,3.9444444444444486
5938,5939,-20588635#0,20.06,8.0
5940,5941,-20588635#1,5.31,0.5
5942,5943,-20588635#2,8.968,0.9333333333333333
5944,5945,-20588635#3,30.68,22.666666666666668
5948,5949,-20588641#0,11.209999999999999,32.99999999999999
5950,5951,-20588641#1,2.9499999999999997,0.7
5952,5953,-20588641#10,9.238536585365853,2.695121951219512
5954,5955,-20588641#2,6.017999999999999,0.5444444444444445
5956,5957,-20588641#3,5.546,0.4555555555555555
5958,5959,-20588641#5,10.62,0.9333333333333331
5960,5961,-20588641#6,6.853076923076922,0.6415384615384616
5962,5963,-20588641#7,2.145454545454545,0.590909090909091
5964,5965,-20588641#8,2.1914285714285713,0.2436974789915966
5966,5967,-20588641#9,10.15951219512195,0.8939024390243906
5972,5973,-206290972,16.52,0.0
5974,5975,-206406053#0,18.29,0.5
5976,5977,-206406053#1,36.18666666666667,6.333333333333336
5978,5979,-206411593#0,34.19489361702127,8.926895799236226
5980,5981,-206411593#1,10.509531914893616,1.0681214766321143
5982,5983,-206411595#0,8.9112987012987,0.8763687293099057
5984,5985,-206411595#1,17.16363636363636,2.0665478312537156
5986,5987,-206411597#0,22.049142857142858,3.1598901098901075
5988,5989,-206411601#0,1.298,0.09999999999999999
5990,5991,-206411601#1,4.13,0.2777777777777778
5992,5993,-206411605#0,5.04551724137931,0.8497536945812808
5994,5995,-206411605#1,2.4161904761904758,0.24761904761904757
5996,5997,-206411605#2,11.314117647058822,0.38235294117647045
5998,5999,-206411605#3,13.924,1.0666666666666669
6000,6001,-206411605#4,7.316,0.6222222222222222
6002,6003,-206411605#5,4.326666666666666,0.33333333333333326
6004,6005,-206411605#6,2.36,0.0
6006,6007,-206411605#7,23.836,2.622222222222222
6008,6009,-206411608,10.810882352941176,0.7644863915715537
6010,6011,-206413855,2.1696774193548385,0.6064516129032257
6012,6013,-206413856,2.8024999999999998,0.8392857142857143
6014,6015,-206413857#0,6.742857142857143,0.5714285714285714
6016,6017,-206413857#1,13.373333333333333,0.3333333333333335
6018,6019,-206413858#0,4.13,0.2777777777777778
6020,6021,-206413858#1,14.16,4.399999999999999
6024,6025,-206538518#1,11.799999999999999,1.0
6026,6027,-206538518#2,15.143333333333333,1.3666666666666665
6030,6031,-206567930,8.934285714285714,1.1868131868131866
6032,6033,-206567931,18.77272727272727,21.890909090909087
6034,6035,-206567932,7.6890322580645165,0.6580645161290324
6036,6037,-206567933,6.194999999999999,1.5833333333333333
6038,6039,-206567934,7.08,2.25
6040,6041,-206567935,5.8999999999999995,0.0
6042,6043,-206567936#0,8.555,1.2107843137254903
6044,6045,-206567936#1,3.841860465116279,0.3853820598006645
6046,6047,-206567936#10,3.2253333333333334,0.20952380952380945
6048,6049,-206567936#11,3.4662499999999996,0.5958333333333333
6050,6051,-206567936#12,17.36285714285714,0.5714285714285717
6054,6055,-206567936#2,4.4730232558139535,0.35991140642303443
6056,6057,-206567936#3,3.4638709677419355,0.3290322580645161
6058,6059,-206567936#4,3.9154545454545455,0.3225108225108225
6060,6061,-206567936#5,3.0974999999999997,0.25
6062,6063,-206567936#6,3.54,0.0
6066,6067,-206567936#8,3.304,0.6222222222222221
6068,6069,-206567936#9,3.835,2.022727272727273
6070,6071,-207091116#0,8.958166666666667,97.78984593837535
6072,6073,-207091132#0,1.3662172878667724,0.810790126254044
6074,6075,-207091132#1,8.836474308300394,7.794370090558859
6076,6077,-207091132#3,5.3231111111111105,0.37557144117906605
6078,6079,-207091132#4,10.28911532385466,0.971900542619685
6084,6085,-207218465#0,4.551428571428572,2.2857142857142856
6086,6087,-207218465#1,3.54,1.0
6088,6089,-207218465#2,1.18,0.0
6090,6091,-207221842,13.373333333333333,0.6666666666666673
6092,6093,-208010459#0,2.655,0.9166666666666665
6094,6095,-208010459#1,6.237142857142857,1.238095238095238
6096,6097,-208010462,18.29,13.666666666666666
6098,6099,-208117071#0,9.675999999999998,1.314285714285715
6100,6101,-208117071#1,5.31,3.1
6104,6105,-209144149#0,9.44,0.0
6106,6107,-20975939#0,14.75,264.5
6108,6109,-20975939#1,31.25627906976744,9.922480620155042
6110,6111,-20975942#0,19.01111111111111,7.861111111111112
6112,6113,-20975942#1,11.46285714285714,0.5714285714285717
6114,6115,-20975942#2,3.877142857142857,0.23809523809523803
6116,6117,-20975942#3,8.26,0.0
6122,6123,-20975943#2,5.6049999999999995,0.9166666666666669
6124,6125,-20975943#3,9.44,0.5
6126,6127,-20975943#4,17.11,0.8571428571428573
6128,6129,-20975943#5,21.669090909090908,3.254545454545455
6134,6135,-20975948#0,6.227777777777777,0.6830065359477127
6140,6141,-20975950#0,5.612972972972973,0.5780780780780781
6142,6143,-20975950#1,13.79125,2.095833333333334
6144,6145,-20975952#0,18.407999999999998,2.3000000000000003
6146,6147,-20975952#1,15.575999999999999,1.2000000000000002
6150,6151,-20975954#1,14.16,0.0
6152,6153,-210464673#0,5.9472,5.123333333333333
6154,6155,-210464673#1,10.03,1.428571428571429
6156,6157,-21224499#0,15.782499999999999,6.21578947368421
6158,6159,-21224499#1,9.5875,1.5537974683544298
6160,6161,-21224502,1.7526470588235294,3.4812636165577304
6162,6163,-21224504#0,5.506666666666667,0.2424242424242425
6164,6165,-21224504#1,12.744,2.4000000000000004
6166,6167,-21224504#2,12.035999999999998,0.19999999999999984
6168,6169,-21224504#3,14.867999999999999,0.30000000000000004
6170,6171,-21224504#4,28.1725,4.9821428571428585
6174,6175,-21224509#0,15.575999999999999,2.028571428571429
6176,6177,-21224509#2,30.68,6.8
6182,6183,-21224509#5,4.72,18.0
6184,6185,-21224509#6,14.16,1.0
6190,6191,-213252673#0,15.34,0.0
6192,6193,-213252674#0,2.36,0.0
6196,6197,-213252674#2,2.697142857142857,0.23809523809523803
6200,6201,-213252676#0,4.214285714285714,6.10989010989011
6202,6203,-213252676#1,15.409411764705881,3.1838235294117645
6208,6209,-213286578,4.13,1.0
6210,6211,-213286584#1,3.54,4.666666666666667
6212,6213,-213286584#2,20.06,0.0
6220,6221,-213286595#0,41.62181818181818,29.25541125541125
6230,6231,-213286595#5,23.599999999999998,0.0
6232,6233,-213328560#0,4.72,2.0
6234,6235,-213328560#2,2.065,0.9166666666666666
6236,6237,-213328560#4,3.1466666666666665,0.2666666666666667
6238,6239,-213328563#2,18.36375,15.195833333333331
6240,6241,-213328563#3,4.457777777777777,0.9444444444444444
6242,6243,-213328570#0,12.979999999999999,0.0
6244,6245,-213328570#2,2.065,0.25
6246,6247,-213328578,6.293333333333333,1.0666666666666669
6248,6249,-213328603#0,6.6866666666666665,0.33333333333333326
6256,6257,-213350772,1.18,0.0
6260,6261,-213350773#1,2.065,0.25
6262,6263,-213350775#0,13.569999999999999,18.999999999999996
6264,6265,-213530792#0,1.18,0.0
6268,6269,-213842019,4.203749999999999,1.1958333333333333
6270,6271,-213842021#1,4.827272727272727,1.290909090909091
6272,6273,-213842021#2,2.832,0.3
6274,6275,-213842022#1,4.72,1.0
6276,6277,-213842022#2,1.9666666666666666,0.3333333333333333
6278,6279,-215332293,7.866666666666666,0.6666666666666666
6280,6281,-215333129#0,2.065,0.2
6282,6283,-215333129#1,3.835,0.19999999999999998
6284,6285,-215333129#2,8.508421052631578,1.730994152046784
6286,6287,-215333129#3,7.866666666666666,0.33333333333333326
6288,6289,-215333131#1,1.18,0.0
6290,6291,-215333131#2,18.486666666666665,0.3333333333333335
6292,6293,-215333450,2.36,0.0
6294,6295,-215333452,15.536666666666665,3.7666666666666666
6296,6297,-215335392#1,2.36,0.0
6298,6299,-215335393#0,1.7044444444444444,0.2777777777777778
6302,6303,-215335395#1,2.9499999999999997,0.3
6304,6305,-215336395,3.1466666666666665,0.33333333333333337
6312,6313,-215336398#2,5.225714285714286,1.6190476190476197
6314,6315,-215337378,7.67,0.5
6318,6319,-215337579,2.36,0.0
6324,6325,-215814551,16.857142857142858,3.9047619047619064
6332,6333,-215826167#0,7.08,0.0
6334,6335,-215826167#1,9.44,0.0
6336,6337,-215826167#2,1.4749999999999999,0.25
6338,6339,-215827705,36.875,4.916666666666667
6342,6343,-216169402,6.254,0.23333333333333328
6344,6345,-216169409#1,3.54,0.0
6346,6347,-216169409#2,4.72,0.0
6358,6359,-217272032,12.979999999999999,3.2
6364,6365,-217272035,46.61,0.3333333333333333
6366,6367,-217272036#1,2.36,0.0
6370,6371,-217407145,10.62,0.0
6372,6373,-217450843,2.9499999999999997,0.5714285714285714
6374,6375,-217450845#0,9.80875,0.7624999999999998
6376,6377,-217450845#1,3.229473684210526,0.649122807017544
6378,6379,-217450845#2,3.2449999999999997,0.9166666666666666
6380,6381,-217450847,9.44,0.0
6382,6383,-217450850#0,1.77,1.5
6384,6385,-217450852,12.979999999999999,0.6666666666666666
6392,6393,-217652169,5.8999999999999995,32.0
6394,6395,-217652170,12.979999999999999,76.0
6398,6399,-217968254#0,2.36,2.0
6400,6401,-218006062,2.36,0.0
6402,6403,-218006063#0,24.661999999999995,4.726315789473685
6404,6405,-218006063#1,9.145,3.933333333333333
6406,6407,-218647947#0,4.72,0.2857142857142857
6408,6409,-218647947#1,24.948571428571427,4.476190476190477
6410,6411,-218647954,32.745,260.25
6412,6413,-218647958,7.3422222222222215,0.19444444444444442
6418,6419,-21966646#0,11.266190476190475,1.278164924506388
6420,6421,-21966646#2,36.97333333333333,8.333333333333336
6422,6423,-21966647#0,13.068499999999998,4.53269230769231
6424,6425,-21966647#1,9.735,2.1935483870967745
6426,6427,-21966647#2,1.829,0.26052631578947366
6428,6429,-21966647#3,8.48125,1.7624999999999997
6430,6431,-21966647#4,3.408888888888889,2.111111111111111
6436,6437,-21966647#7,40.12,9.0
6438,6439,-21966648,31.27,0.5
6440,6441,-219693895,1.18,0.0
6442,6443,-219935546,2.36,0.0
6444,6445,-220012723,42.865658536585364,650.5579581370382
6446,6447,-220013328,9.642759190417182,0.91756974954001
6448,6449,-220064167,20.65,0.5
6450,6451,-220275307,8.653333333333332,4.333333333333334
6452,6453,-220351054,10.03,2.3
6454,6455,-220654221,5.8999999999999995,3.3333333333333344
6456,6457,-220654222,8.26,0.0
6458,6459,-220658739,11.799999999999999,0.0
6460,6461,-220658740,5.506666666666667,3.4666666666666663
6470,6471,-224251774#0,39.706204238920996,545.4018866099793
6472,6473,-224251774#1,11.270594594594595,0.45358571567957884
6474,6475,-22486112#0,4.382857142857143,0.2380952380952381
6476,6477,-22486112#1,8.428571428571429,1.1428571428571432
6478,6479,-22486112#2,8.889333333333333,1.8380952380952384
6480,6481,-22486112#3,12.429333333333332,0.980952380952381
6482,6483,-22486112#5,7.17076923076923,2.0769230769230766
6484,6485,-22486112#6,12.154,0.9000000000000001
6486,6487,-22486115#0,10.535714285714285,2.2252747252747254
6488,6489,-22486115#1,9.70222222222222,2.944444444444444
6490,6491,-22486115#2,26.549999999999997,4.5
6492,6493,-22486116#0,9.177777777777777,7.194444444444445
6494,6495,-22486116#1,12.508,2.0444444444444443
6496,6497,-22486116#2,14.356666666666666,0.8787878787878789
6498,6499,-22486118#0,18.486666666666665,1.333333333333333
6500,6501,-22486118#1,7.417142857142856,1.5714285714285718
6502,6503,-22486118#2,4.382857142857143,0.514285714285714
6504,6505,-22486118#3,8.997499999999999,1.1249999999999998
6506,6507,-22486118#4,16.52,0.0
6512,6513,-22486120#0,10.97913043478261,0.766798418972331
6514,6515,-22486120#1,14.897499999999999,6.9402173913043494
6516,6517,-22486120#2,12.586666666666666,0.3333333333333335
6518,6519,-22486121#0,12.586666666666666,3.8787878787878785
6520,6521,-22486121#1,11.799999999999999,1.8333333333333333
6522,6523,-22486121#2,11.406666666666665,0.3333333333333335
6524,6525,-22486123,33.04,0.0
6526,6527,-22486124,33.629999999999995,256.69999999999993
6528,6529,-22486126#0,7.11025641025641,0.9203778677462887
6530,6531,-22486126#1,7.571666666666666,1.9927536231884062
6532,6533,-22486126#2,29.607272727272726,10.69090909090909
6534,6535,-22486127#1,11.054022988505746,6.58406843090083
6536,6537,-22486127#10,5.935757575757576,1.5928030303030305
6538,6539,-22486127#11,5.555833333333332,2.9981884057971007
6540,6541,-22486127#12,14.75,0.9999999999999997
6542,6543,-22486127#2,3.017428571428571,0.3952380952380952
6544,6545,-22486127#3,10.02169014084507,2.3963782696177063
6546,6547,-22486127#4,9.105373134328358,1.236544549977385
6548,6549,-22486127#5,3.3221538461538462,0.24663461538461542
6550,6551,-22486127#7,5.924583333333333,0.3187056737588653
6552,6553,-22486127#8,8.522222222222222,1.7676767676767675
6554,6555,-22486127#9,6.382727272727273,2.2008456659619453
6556,6557,-22486129#0,16.857142857142858,1.904761904761905
6558,6559,-22486129#1,11.209999999999999,0.5
6560,6561,-22486129#2,15.93,0.5
6566,6567,-224892361#0,0.6972727272727273,0.36883116883116845
6568,6569,-224892361#1,4.190340909090909,1.3002272727272726
6570,6571,-224892361#2,5.511463414634147,0.9338620380068829
6572,6573,-224892361#3,7.057594936708861,0.43912763041199715
6574,6575,-224892361#4,5.952611464968152,0.3505634492895639
6576,6577,-224892361#5,0.9695541401273885,0.1474767270945615
6578,6579,-224892361#6,3.676153846153846,0.16724565756823825
6580,6581,-224892361#7,5.67452229299363,1.2581251020741466
6582,6583,-224892361#8,16.548319999999997,1.03974193548387
6588,6589,-224958871#0,6.911428571428571,5.142857142857143
6590,6591,-224958871#1,2.36,0.0
6592,6593,-224999403,7.793488372093023,3.7685492801771856
6594,6595,-224999404,1.5733333333333333,0.3333333333333333
6596,6597,-224999405,1.18,0.0
6598,6599,-225488970,4.607261146496815,0.5228646088518701
6600,6601,-225488971#1,12.434249999999999,3.1631329113924047
6602,6603,-225488971#2,3.892467532467532,0.26486671223513325
6604,6605,-225488971#3,3.8039473684210527,0.33596491228070186
6606,6607,-225488971#4,4.8026,0.4091919191919192
6608,6609,-225491672,6.096666666666667,4.966666666666667
6610,6611,-225491673,8.26,1.3333333333333333
6612,6613,-225491674,7.08,0.0
6614,6615,-225491675,7.08,2.0
6616,6617,-225491676,5.8999999999999995,1.0
6618,6619,-225491677,4.538461538461538,0.8076923076923078
6620,6621,-225491678,6.194999999999999,0.38636363636363635
6622,6623,-225491679,4.326666666666666,5.333333333333334
6624,6625,-225491680,5.8999999999999995,1.0
6626,6627,-225856329,14.16,0.0
6628,6629,-225856330,26.549999999999997,16.333333333333332
6630,6631,-22603930#0,9.489166666666666,1.7807971014492758
6632,6633,-22603930#1,18.88,4.0
6634,6635,-22603931,11.013333333333334,2.2666666666666666
6636,6637,-22603932#0,7.8175,6.267857142857143
6638,6639,-22603932#1,13.924,0.20000000000000007
6642,6643,-22603934#0,10.384,1.1157894736842104
6644,6645,-22603934#1,24.779999999999998,0.0
6646,6647,-22603934#2,12.586666666666666,0.3333333333333335
6650,6651,-22603937#0,19.369268292682925,1.3487804878048772
6652,6653,-22603937#1,17.155384615384616,9.538461538461537
6654,6655,-22603937#2,3.2590476190476187,0.6904761904761905
6656,6657,-22603937#3,31.638749999999998,4.695833333333332
6658,6659,-22603937#4,13.01189189189189,1.1936936936936944
6662,6663,-22603938#0,10.685555555555554,0.5261437908496736
6664,6665,-22603938#1,11.9475,2.9166666666666683
6666,6667,-22603939#0,27.304651162790698,5.694352159468436
6672,6673,-22603940#2,3.54,0.0
6674,6675,-22603941#0,12.811428571428571,0.4395604395604399
6676,6677,-22603941#1,5.470909090909091,0.8545454545454545
6678,6679,-22603941#2,11.799999999999999,0.0
6680,6681,-22603941#3,11.799999999999999,0.0
6686,6687,-22603943#1,12.193333333333333,2.3333333333333335
6688,6689,-22603945#0,1.2004861111111111,0.5701328502415464
6690,6691,-22603945#1,16.12190311418685,3.596555984000289
6694,6695,-226665981#0,36.31777777777778,8.5359477124183
6696,6697,-226665981#1,43.26666666666666,14.333333333333341
6700,6701,-226665982#1,25.959999999999997,7.0
6702,6703,-226665982#10,24.779999999999998,2.0
6710,6711,-226665982#2,30.68,52.0
6724,6725,-226665982#9,25.566666666666666,1.333333333333334
6726,6727,-226665983#0,7.866666666666666,0.7499999999999999
6732,6733,-226665984#0,32.64666666666667,0.6666666666666672
6738,6739,-226665985#0,16.52,2.0
6740,6741,-226665985#1,74.92999999999999,24.5
6742,6743,-226665985#2,33.629999999999995,4.5
6744,6745,-226665986#1,44.053333333333335,22.333333333333343
6750,6751,-226665987#1,40.93692307692307,21.23076923076923
6752,6753,-226665987#2,40.001999999999995,4.100000000000001
6754,6755,-226665987#3,22.419999999999998,0.0
6774,6775,-226665990#0,57.061428571428564,29.478021978021978
6776,6777,-226665990#1,33.12428571428571,10.379120879120883
6778,6779,-226665990#2,32.22307692307692,10.064102564102562
6780,6781,-226665990#3,54.67333333333333,10.333333333333337
6782,6783,-226665990#4,25.959999999999997,1.0
6784,6785,-226665990#5,34.22,3.0
6786,6787,-22690205#1,29.58019417475728,97.71102227298685
6788,6789,-22690205#2,7.1979999999999995,8.217721518987341
6790,6791,-22690205#3,22.419999999999998,4.876712328767124
6792,6793,-22690206#0,13.373333333333333,6.333333333333334
6794,6795,-22690206#1,20.967692307692307,31.192307692307693
6796,6797,-22690206#2,4.916666666666667,0.33333333333333337
6798,6799,-22716069#0,17.27857142857143,40.706493506493494
6800,6801,-22716069#1,14.385957446808511,0.506012950971323
6802,6803,-22716069#2,20.06,0.0
6804,6805,-22716072#1,44.958,165.3578947368421
6806,6807,-22716072#2,7.316,1.0285714285714285
6808,6809,-22716072#3,1.18,0.0
6812,6813,-22716072#5,1.77,0.5
6814,6815,-22716073,14.16,3.0
6816,6817,-22716549#1,12.699047619047619,21.8931475029036
6818,6819,-22716549#2,5.625581395348837,0.8970099667774091
6820,6821,-22716549#3,9.581599999999998,3.1100000000000008
6822,6823,-22716549#4,3.7366666666666664,0.23188405797101444
6824,6825,-22716549#5,3.068,0.6736842105263159
6826,6827,-22716549#6,10.357777777777779,0.9444444444444438
6828,6829,-22724699#0,12.338245614035088,163.75250626566412
6830,6831,-22724699#1,5.216842105263158,0.49812030075187963
6832,6833,-22724699#10,3.068,0.35789473684210543
6834,6835,-22724699#11,3.068,0.3578947368421053
6836,6837,-22724699#12,3.54,0.13333333333333341
6838,6839,-22724699#2,8.85,1.411111111111111
6840,6841,-22724699#3,7.398918918918919,1.4804804804804805
6842,6843,-22724699#4,5.539444444444444,0.6182539682539687
6844,6845,-22724699#5,2.556666666666666,0.1428571428571429
6846,6847,-22724699#6,7.735555555555555,1.0539682539682538
6848,6849,-22724699#7,6.129444444444444,0.44682539682539674
6850,6851,-22724699#8,3.8505263157894736,0.3157894736842105
6852,6853,-22724699#9,2.7326315789473683,0.22807017543859645
6854,6855,-22879845,20.902857142857144,46.238095238095234
6856,6857,-229019260#0,6.244719101123596,39.686414708886616
6858,6859,-229019260#1,61.596000000000004,97.65128205128207
6862,6863,-23009600#1,33.17520833333333,471.3271160558464
6864,6865,-23009600#2,4.2775,0.4240837696335079
6866,6867,-230450339#0,10.62,0.0
6872,6873,-230450343#1,11.668888888888889,2.3611111111111116
6876,6877,-230450345#1,14.16,0.0
6878,6879,-230450347#0,7.08,32.0
6880,6881,-230450347#1,12.979999999999999,0.0
6882,6883,-230450350#0,4.285263157894737,1.5789473684210527
6884,6885,-230450350#10,7.533846153846154,0.4230769230769232
6888,6889,-230450350#14,2.697142857142857,0.5714285714285714
6890,6891,-230450350#15,9.44,0.0
6892,6893,-230450350#16,10.62,0.0
6894,6895,-230450350#18,3.3433333333333333,0.1666666666666667
6896,6897,-230450350#19,3.7366666666666664,0.16666666666666669
6898,6899,-230450350#2,3.54,0.42857142857142855
6900,6901,-230450350#20,0.944,0.17777777777777778
6902,6903,-230450350#21,3.304,0.1777777777777778
6904,6905,-230450350#22,3.6788235294117646,0.2352941176470588
6906,6907,-230450350#23,2.0322222222222224,0.2124183006535948
6908,6909,-230450350#3,1.18,0.0
6910,6911,-230450350#4,2.163333333333333,0.15151515151515152
6918,6919,-230450350#9,5.31,0.3333333333333333
6924,6925,-230450353#2,11.144444444444444,0.7777777777777777
6926,6927,-230450354#0,11.013333333333334,1.9999999999999998
6928,6929,-230450354#1,8.474545454545455,3.563636363636364
6930,6931,-230450354#2,5.713684210526315,0.3625730994152046
6934,6935,-230450355#1,7.08,0.0
6936,6937,-230450355#2,11.209999999999999,4.333333333333333
6940,6941,-230450356#1,6.535384615384615,0.43589743589743574
6942,6943,-230450356#2,11.013333333333334,1.294117647058823
6946,6947,-230450357#1,12.979999999999999,0.0
6950,6951,-230450360#1,3.408888888888889,0.3611111111111111
6952,6953,-230450360#2,3.7928571428571427,0.17460317460317454
6954,6955,-230450360#3,1.18,0.0
6956,6957,-230450360#4,3.9825,0.30645161290322587
6958,6959,-230450361#0,1.18,0.0
6960,6961,-230450361#1,8.26,0.0
6962,6963,-230450361#2,3.54,0.0
6966,6967,-230450364#0,4.326666666666666,0.33333333333333337
6968,6969,-230450364#1,6.6866666666666665,0.33333333333333326
6970,6971,-230450364#2,8.26,0.0
6988,6989,-23059971,73.55333333333333,202.33333333333337
6990,6991,-23101640#0,20.72375,4.129166666666665
6992,6993,-23101640#1,6.749599999999999,1.626666666666667
6994,6995,-23101640#2,8.813125,1.2247983870967742
6998,6999,-23101656#1,4.356923076923077,1.064102564102564
7000,7001,-23101685#1,14.028888888888888,91.45226917057907
7002,7003,-23101685#10,11.41423076923077,6.302790346907993
7004,7005,-23101685#2,6.852280701754386,6.087092731829576
7006,7007,-23101685#4,2.6612765957446807,0.23774283071230337
7008,7009,-23101685#5,1.5314893617021275,0.21369102682701194
7010,7011,-23101685#6,3.5154166666666664,0.4038120567375887
7012,7013,-23101685#7,4.0906666666666665,0.2545454545454545
7014,7015,-23101685#8,24.90826086956522,2.232367149758454
7016,7017,-23101685#9,5.433488372093024,0.5304540420819491
7018,7019,-23125141,3.54,0.3333333333333333
7020,7021,-23125142,11.631428571428572,1.1428571428571428
7022,7023,-23128480#2,6.489999999999999,1.186046511627907
7024,7025,-23128564#0,1.8535398230088496,4.663854473942967
7026,7027,-23128564#1,1.8587610619469026,0.36098328416912495
7030,7031,-231526848#0,2.36,0.0
7032,7033,-231526853,1.5733333333333333,0.33333333333333337
7038,7039,-231526858,128.62,1745.7500000000002
7046,7047,-231526860#0,6.489999999999999,0.5
7052,7053,-231526860#3,2.36,0.0
7054,7055,-23183627#2,60.18,7.0
7056,7057,-23183634#0,33.236666666666665,12.966666666666669
7064,7065,-23183635,47.908,8.299999999999999
7066,7067,-23183649#0,6.512692307692308,0.3329562594268477
7068,7069,-23184252#0,22.26321678321678,156.1864473554615
7070,7071,-23184252#1,1.8640579710144924,0.3184174336189567
7072,7073,-23184252#2,7.678939393939394,1.442690261392552
7074,7075,-23184252#3,4.689482758620689,0.6167166416791605
7076,7077,-23184274#1,55.795175097276264,927.2666585603113
7078,7079,-23184274#2,7.9826495726495725,2.232071457393345
7080,7081,-23184274#3,12.55422680412371,1.6080326460481105
7082,7083,-23184274#4,6.317916666666667,4.420614035087718
7084,7085,-231966468#0,20.734285714285715,28.571428571428577
7086,7087,-231966468#1,21.24,3.0
7088,7089,-23202117#0,15.34,2.5000000000000013
7090,7091,-23202117#1,19.666666666666668,4.333333333333335
7094,7095,-23202186#1,11.013333333333334,1.0666666666666669
7096,7097,-23202186#2,12.979999999999999,3.0
7098,7099,-23202186#3,20.06,0.0
7100,7101,-23202186#4,7.866666666666666,26.333333333333336
7102,7103,-23202195#0,40.513333333333335,0.3333333333333339
7104,7105,-23202195#1,16.52,4.000000000000001
7106,7107,-23206058#0,12.07230769230769,0.5256410256410254
7108,7109,-23206058#1,18.78923076923077,2.743589743589744
7110,7111,-23206058#2,9.44,0.44444444444444475
7112,7113,-23206058#4,10.62,2.0
7114,7115,-23206109,24.779999999999998,0.0
7116,7117,-23206111#0,17.838823529411762,1.7352941176470569
7118,7119,-23206111#1,5.6049999999999995,2.2045454545454546
7120,7121,-23206111#2,4.8773333333333335,3.2666666666666666
7122,7123,-23206114#1,12.581927710843372,3.543344108139876
7124,7125,-23206120,34.94615384615385,3.756410256410259
7126,7127,-23206153,20.33230769230769,5.192307692307691
7128,7129,-23206178,14.16,0.0
7130,7131,-23206325#1,12.979999999999999,0.0
7132,7133,-23206325#2,3.54,0.0
7134,7135,-23206325#3,4.72,18.0
7140,7141,-23206339#1,11.799999999999999,1.1999999999999997
7142,7143,-23258631#0,4.72,0.1111111111111111
7144,7145,-23258631#1,8.26,5.333333333333332
7146,7147,-23258631#10,3.54,0.0
7148,7149,-23258631#12,5.041818181818181,0.4181818181818181
7150,7151,-23258631#14,4.72,1.0
7152,7153,-23258631#15,5.998333333333333,0.2651515151515152
7154,7155,-23258631#16,7.67,0.4545454545454543
7156,7157,-23258631#18,8.653333333333332,0.5238095238095238
7158,7159,-23258631#4,5.664,0.1777777777777779
7160,7161,-23258631#5,8.613999999999999,0.45555555555555544
7162,7163,-23258631#8,5.057142857142857,0.5142857142857141
7164,7165,-23291881,1.6008391608391608,0.35782527331823116
7166,7167,-23291898#0,35.002653061224485,11.462760361876706
7168,7169,-23291898#1,7.468863636363635,0.6142894461859985
7170,7171,-23291898#2,12.778863636363637,1.4993469174503653
7172,7173,-23291898#3,3.9288636363636362,0.2924503657262278
7174,7175,-23291898#4,8.675681818181818,0.6905694879832813
7176,7177,-23291898#5,13.1275,1.5818965517241372
7178,7179,-23291898#8,2.9499999999999997,0.29999999999999993
7180,7181,-23291898#9,3.3496774193548386,0.6064516129032259
7182,7183,-233598449,1.18,0.0
7184,7185,-233673410#0,4.582196442382057,1.7982707553652792
7186,7187,-233673410#1,4.190535987748851,0.29966497098566597
7188,7189,-233673410#2,3.0561280487804874,0.3198986995590781
7190,7191,-233673410#3,4.425444947209653,2.794245140726827
7192,7193,-233673410#5,7.9592503748125925,14.295081266568491
7194,7195,-233673410#6,2.1795502248875565,0.21965761305393844
7196,7197,-233673410#7,2.6407009694258012,0.4038176010328666
7198,7199,-233673410#8,3.467826086956521,0.29492873182427826
7200,7201,-233673411#0,2.1006404657933038,0.19054737286257883
7202,7203,-233673411#1,12.329883551673944,7.934401871824157
7204,7205,-233673412#1,23.14380517503805,189.28628373612491
7206,7207,-233673413#0,6.33147853736089,153.26157239648768
7208,7209,-233673413#1,7.484544734758511,112.59948704628755
7210,7211,-233673414#0,1.2534744707347447,0.12080632789135515
7212,7213,-233673414#1,1.7457534246575341,0.24988897618966288
7214,7215,-233673414#2,3.476811955168119,0.22032092868699985
7216,7217,-233673414#3,3.519452736318408,0.25872505467680307
7218,7219,-233673414#5,7.69114956736712,0.5965224149114543
7220,7221,-233673414#7,6.24962962962963,0.3892322483175393
7222,7223,-233673414#8,7.116419753086419,3.74070258969311
7224,7225,-233673415#0,4.633018080667593,23.984809449831644
7226,7227,-233673415#1,2.4551877607788595,0.46423576539684897
7228,7229,-233673415#2,2.061307371349096,0.25059952502895916
7230,7231,-233673415#2.19,2.138442280945758,0.20842938001944833
7232,7233,-233673415#3,5.818792134831461,0.3426551462570522
7234,7235,-233673416,8.940082530949105,0.7513954096422522
7236,7237,-233673420#0,6.935169158143194,3.406970765161044
7238,7239,-233673421,9.876016483516484,4.489137581812955
7240,7241,-233673423,3.54,0.7012522361359571
7242,7243,-233673424#0,6.745224719101123,0.5973150650294723
7244,7245,-233673424#1,11.359157303370786,3.2020022440304063
7246,7247,-233673425#0,9.150886917960088,2.600280299543993
7248,7249,-233675413#0,4.5768158347676415,0.880181486373698
7250,7251,-233675413#1,8.208387650085763,0.8349951044987084
7252,7253,-233675413#2,8.461193520886615,0.9282418116378466
7254,7255,-233675413#3,11.07917616126205,2.9642326675584676
7256,7257,-233675413#6,13.882576489533012,69.49665546848752
7258,7259,-233675413#7,1.9657165861513688,0.6142889026433149
7260,7261,-233675413#8,4.037292506043513,9.734346650723928
7262,7263,-233675413#9,5.700963855421686,0.8204005733545116
7264,7265,-23422659,10.325,46.20454545454545
7266,7267,-23436553#0,13.822857142857142,2.2857142857142865
7270,7271,-23436553#3,3.54,0.32
7272,7273,-23436553#4,12.282727272727271,0.91991341991342
7276,7277,-23442105#0,13.182285714285713,1.1875776397515536
7278,7279,-23442105#1,9.464583333333334,1.722960992907802
7280,7281,-23442105#2,9.106521739130434,1.8516908212560388
7282,7283,-23442105#3,8.01157894736842,2.440967283072547
7284,7285,-23442105#4,9.109599999999999,0.9600000000000003
7286,7287,-23442105#5,11.209999999999999,3.6666666666666665
7288,7289,-23442105#6,12.979999999999999,0.0
7290,7291,-23525483#0,12.344615384615384,0.6025641025641026
7292,7293,-23525483#2,4.214285714285714,0.28571428571428575
7294,7295,-23525483#3,7.08,1.0000000000000002
7296,7297,-23525483#4,14.455,2.2500000000000004
7298,7299,-23525483#5,13.897777777777778,1.9444444444444455
7300,7301,-23525483#6,15.733333333333333,0.9999999999999999
7302,7303,-23525483#7,4.72,0.4
7308,7309,-23621940#0,25.791428571428572,6.476190476190479
7310,7311,-23621955#0,7.739905213270142,3.247664184157073
7312,7313,-23621955#1,4.916666666666667,0.2543859649122807
7314,7315,-23621955#10,4.346582278481012,0.4498539435248296
7316,7317,-23621955#11,6.036811594202898,0.45694799658994045
7318,7319,-23621955#12,3.3714285714285714,0.587991718426501
7320,7321,-23621955#2,6.4177551020408155,0.6064887493458924
7322,7323,-23621955#3,2.5921311475409836,0.3676814988290398
7324,7325,-23621955#4,4.252068965517241,0.39097069962128767
7326,7327,-23621955#5,6.345028571428571,1.2822331691297209
7328,7329,-23621955#6,6.335855855855856,0.7077805077805078
7330,7331,-23621955#7,8.356326530612245,1.1685251420155685
7332,7333,-23621955#8,9.08851063829787,0.8135438114847863
7334,7335,-23621955#9,6.115698924731182,0.9988312295465169
7336,7337,-23621983,23.599999999999998,0.0
7338,7339,-23622049#0,33.04,0.0
7340,7341,-23622051#0,35.00666666666667,4.333333333333334
7342,7343,-23622052#0,39.53,0.5
7344,7345,-23622054#0,33.04,2.0
7348,7349,-23622056#1,20.06,0.0
7350,7351,-23622056#4,15.791176470588235,1.3342245989304813
7352,7353,-23622056#5,3.0279245283018863,0.2503628447024674
7354,7355,-23622056#6,6.567924528301887,0.36574746008708264
7356,7357,-23622106#0,11.840689655172413,0.5344827586206896
7358,7359,-23622106#1,10.209565217391305,0.5098814229249011
7360,7361,-23622106#10,5.703333333333332,8.02941176470588
7362,7363,-23622106#15,4.457777777777777,0.4102564102564102
7364,7365,-23622106#16,2.7392857142857143,0.4484126984126984
7366,7367,-23622106#17,2.181212121212121,0.19507575757575754
7368,7369,-23622106#18,5.866285714285714,0.2050420168067228
7370,7371,-23622106#19,9.064545454545454,2.454545454545455
7372,7373,-23622106#2,10.13925925925926,0.9430199430199436
7374,7375,-23622106#3,12.622424242424241,0.7803030303030305
7376,7377,-23622106#4,10.16111111111111,0.369281045751634
7378,7379,-23622106#5,5.154736842105263,0.6900584795321634
7380,7381,-23622106#6,10.384,0.6999999999999998
7382,7383,-23622106#8,1.416,0.2
7384,7385,-23622106#9,2.36,0.0
7386,7387,-23622107#0,0.8715909090909091,0.5860762800417977
7388,7389,-23622107#1,5.210561797752809,0.8820224719101123
7390,7391,-23622107#2,4.759333333333333,1.403370786516854
7392,7393,-23622107#3,14.42222222222222,1.9780907668231613
7394,7395,-23622107#4,3.4968292682926827,0.3566696778078893
7396,7397,-23622107#5,2.615903614457831,0.2694681163679108
7398,7399,-23622107#6,5.229876543209876,0.4234567901234567
7400,7401,-23622107#7,2.5652173913043477,0.21118012422360247
7402,7403,-23622107#8,5.072783505154638,0.2326030927835053
7404,7405,-23622128#0,13.148571428571428,1.054945054945055
7406,7407,-23622128#1,10.298181818181817,1.0181818181818185
7408,7409,-23622128#2,12.979999999999999,2.5
7410,7411,-23622131#0,10.282857142857141,2.2380952380952386
7412,7413,-23622131#1,10.357777777777779,1.4444444444444442
7414,7415,-23622131#2,76.80727272727273,98.49090909090903
7418,7419,-23622140#1,10.62,1.0
7420,7421,-23622140#2,63.129999999999995,33.42857142857142
7422,7423,-23622141#0,1.77,0.3333333333333333
7426,7427,-23622141#2,16.52,0.0
7428,7429,-23622167#0,31.388,199.8
7430,7431,-23622167#1,13.097999999999999,0.9368421052631577
7432,7433,-23622170#0,24.57176470588235,2.279411764705882
7434,7435,-23622170#1,12.979999999999999,1.0
7436,7437,-23622170#2,6.73037037037037,0.3703703703703702
7438,7439,-23622189#0,1.298,0.32222222222222224
7440,7441,-23622189#1,30.974999999999998,34.25
7442,7443,-23622189#2,35.4,0.0
7444,7445,-23622189#3,27.46181818181818,10.218181818181819
7446,7447,-23622189#4,2.2813333333333334,0.3523809523809524
7448,7449,-23622201#0,10.62,0.0
7454,7455,-23622232#0,30.149,8.049999999999999
7456,7457,-23622232#1,10.841249999999999,2.6958333333333324
7458,7459,-23622232#2,33.275999999999996,9.733333333333333
7460,7461,-23622249#0,9.833333333333334,2.3333333333333326
7462,7463,-23622249#1,7.866666666666666,1.333333333333333
7464,7465,-23622271#1,87.80169082125603,1441.3317483711714
7466,7467,-23622271#3,10.603222748815165,233.96646355224559
7468,7469,-23622271#4,8.711336405529954,108.9872845195426
7470,7471,-23622271#6,9.56051063829787,45.74166212038552
7472,7473,-23622271#7,1.6431775700934579,0.2406982895432904
7474,7475,-23622517#0,18.88,0.0
7476,7477,-23622517#1,5.8999999999999995,0.0
7478,7479,-23622517#2,8.112499999999999,2.4107142857142856
7480,7481,-23622517#3,4.72,9.0
7482,7483,-23622520#0,21.0110447761194,3.219357756671189
7484,7485,-23622520#2,10.996595744680851,1.2088766872569205
7486,7487,-23623583#0,7.437575757575757,0.34280303030303044
7488,7489,-23623583#1,24.779999999999998,43.2
7490,7491,-23623595,28.427272727272726,55.690909090909074
7492,7493,-23623633#0,9.44,0.0
7494,7495,-23623633#1,5.8999999999999995,4.666666666666667
7496,7497,-23623633#2,8.934285714285714,0.8791208791208791
7498,7499,-23623640,10.282857142857141,4.571428571428571
7502,7503,-23623674#1,19.554285714285715,0.952380952380952
7504,7505,-23623674#11,14.455,2.25
7506,7507,-23623674#2,1.3766666666666667,0.16666666666666669
7508,7509,-23623674#3,3.54,1.2
7510,7511,-23623674#4,1.18,0.0
7512,7513,-23623674#5,4.326666666666666,0.33333333333333337
7514,7515,-23623674#6,1.3111111111111111,0.1111111111111111
7516,7517,-23623674#7,5.8999999999999995,1.0
7518,7519,-23623674#8,7.08,0.0
7520,7521,-23623680,9.777142857142858,8.904761904761903
7522,7523,-23623681,5.8999999999999995,0.0
7524,7525,-23623685,20.397142857142853,4.57142857142857
7526,7527,-23623687#0,8.653333333333332,21.333333333333336
7528,7529,-23623687#1,10.62,0.0
7530,7531,-23623692#0,13.687999999999999,3.8000000000000007
7532,7533,-23623692#1,14.042,3.2111111111111117
7534,7535,-23623692#2,10.62,15.499999999999998
7536,7537,-23623693,18.88,0.0
7538,7539,-23623701#0,7.7437499999999995,0.2624999999999999
7540,7541,-23623701#1,4.72,0.24999999999999997
7542,7543,-23623701#2,8.784444444444444,2.027777777777778
7544,7545,-23623701#3,17.306666666666665,1.4666666666666668
7546,7547,-23623705,16.52,1.3333333333333333
7548,7549,-23623713#0,4.13,2.8571428571428568
7550,7551,-23623713#1,11.34111111111111,0.369281045751634
7552,7553,-23623713#2,3.363,0.2394736842105263
7554,7555,-23623715#0,1.385217391304348,0.15019762845849802
7556,7557,-23623715#1,2.655,0.28260869565217384
7558,7559,-23623715#2,3.408888888888889,0.11111111111111119
7560,7561,-23623717,11.799999999999999,37.0
7562,7563,-23623720,42.037499999999994,16.267857142857146
7570,7571,-240066908,12.324444444444444,1.027777777777778
7572,7573,-240187995#1,3.8939999999999997,3.1222222222222222
7574,7575,-24061326#0,14.75,1.4285714285714286
7576,7577,-24061326#1,12.094999999999999,0.9318181818181817
7578,7579,-24061326#2,26.746666666666666,6.333333333333336
7580,7581,-24061326#3,2.36,0.0
7582,7583,-243554732,25.31001517450683,6.086697630655269
7584,7585,-24495014#0,15.34,2.0
7586,7587,-24495014#1,3.835,17.477272727272727
7588,7589,-24495083#0,6.637499999999999,0.2678571428571429
7590,7591,-24495083#1,8.024,7.699999999999999
7592,7593,-24495083#2,9.125333333333334,0.780952380952381
7594,7595,-24495083#3,41.48631578947368,9.69590643274854
7596,7597,-24495188,16.604476262245665,2.4224728091920813
7598,7599,-24498193#1,7.316,4.028571428571429
7600,7601,-24498193#3,5.8999999999999995,4.153846153846153
7602,7603,-24498193#4,1.7246153846153844,0.2692307692307693
7604,7605,-24498193#5,3.54,0.33333333333333326
7606,7607,-24498193#6,5.08875,1.2958333333333336
7608,7609,-24499966#0,2.493733333333333,0.1682774049217001
7610,7611,-24499966#1,19.96313432835821,2.8879474806419037
7612,7613,-24499966#2,6.6866666666666665,0.5250737463126844
7614,7615,-24499968#0,3.6711111111111108,0.3611111111111111
7616,7617,-24499968#1,12.979999999999999,0.6666666666666666
7618,7619,-24499968#2,1.18,0.0
7622,7623,-245375072#0,1.543076923076923,0.39743589743589736
7624,7625,-245375072#1,3.1466666666666665,1.7499999999999998
7626,7627,-245375074#0,4.064444444444445,0.5277777777777777
7628,7629,-245375074#1,12.137142857142857,11.23809523809524
7630,7631,-245375074#2,12.811428571428571,8.476190476190476
7632,7633,-245375074#3,11.996666666666666,21.366666666666667
7634,7635,-245375074#4,52.17285714285714,25.104395604395606
7636,7637,-24537805#0,5.981379310344827,6.278821410190429
7638,7639,-24537805#1,1.119515377446412,0.08972089691338278
7640,7641,-24537805#2,2.495265610438024,0.1631532458861328
7642,7643,-24537805#3,3.3687627906976743,0.30108180676454044
7644,7645,-24537805#4,19.503683241252304,12.302871061095992
7646,7647,-24537982#1,15.390212765957445,60.60780521105928
7648,7649,-24537982#2,2.527613636363636,0.2482792207792207
7650,7651,-24537982#3,9.989772727272728,0.8331168831168837
7652,7653,-24537982#4,6.092884615384615,0.4659048680787812
7654,7655,-24598017,5.6049999999999995,2.5
7656,7657,-24599188#1,7.7027777777777775,1.0563492063492064
7658,7659,-246024693,3.6711111111111108,0.11111111111111117
7660,7661,-246024695,6.136,3.6999999999999997
7662,7663,-246024696,1.18,0.0
7664,7665,-246024697#0,9.44,11.333333333333334
7666,7667,-246024698#0,13.25230769230769,1.1923076923076923
7670,7671,-246024699#1,4.72,0.0
7672,7673,-246024701#0,9.675999999999998,0.40000000000000013
7674,7675,-246024701#1,5.8999999999999995,0.0
7676,7677,-24608842#0,16.6675,1.2678571428571423
7678,7679,-24608842#1,3.933333333333333,2.3333333333333335
7680,7681,-24608842#2,11.799999999999999,2.0
7682,7683,-24608843#0,18.4375,1.05
7684,7685,-24608845,12.094999999999999,9.113636363636362
7686,7687,-24608846#0,21.883636363636363,2.272727272727274
7688,7689,-24608846#1,12.305714285714286,0.2637362637362642
7690,7691,-24614922#0,15.812,1.377777777777778
7692,7693,-24614922#2,10.62,0.0
7694,7695,-24614922#3,5.8999999999999995,32.0
7696,7697,-24634411#0,20.65,0.3333333333333339
7700,7701,-24634413#1,34.35111111111111,16.361111111111107
7702,7703,-24634413#2,8.367272727272727,2.0909090909090913
7704,7705,-24634413#3,20.58444444444444,4.7777777777777795
7706,7707,-24634414#0,4.3069999999999995,0.5552631578947368
7708,7709,-24634414#2,14.553333333333333,66.33333333333333
7710,7711,-24634414#3,11.406666666666665,1.333333333333333
7712,7713,-24634414#4,16.913333333333334,2.2666666666666666
7714,7715,-24634414#5,9.44,0.6666666666666661
7716,7717,-24634414#6,5.225714285714286,0.879120879120879
7718,7719,-24634414#7,4.8420689655172415,0.31034482758620685
7720,7721,-24634414#8,3.674857142857143,0.3394957983193277
7722,7723,-24634415,11.799999999999999,1.0
7724,7725,-24634417#1,22.715,4.25
7726,7727,-24634505,9.261212121212122,2.5613053613053607
7728,7729,-24634506#0,15.608181818181816,1.2316017316017311
7730,7731,-24634506#1,3.812307692307692,1.3589743589743593
7732,7733,-24634506#2,10.62,1.9999999999999993
7736,7737,-24634508#0,13.864999999999998,1.6428571428571435
7738,7739,-24634508#1,12.979999999999999,2.6666666666666665
7756,7757,-24634510#0,25.65657142857143,4.367701863354038
7758,7759,-24634510#1,2.958550724637681,0.4595055413469737
7760,7761,-24634510#10,4.0906666666666665,0.4095238095238095
7762,7763,-24634510#11,10.282857142857141,1.45054945054945
7764,7765,-24634510#12,1.0727272727272725,0.09090909090909091
7766,7767,-24634510#13,6.329090909090908,0.2545454545454546
7768,7769,-24634510#14,9.225454545454545,0.5636363636363636
7770,7771,-24634510#15,6.865454545454545,0.16363636363636386
7772,7773,-24634510#16,4.076363636363636,0.27272727272727254
7774,7775,-24634510#17,7.533846153846154,0.4230769230769231
7776,7777,-24634510#18,9.167692307692308,0.6923076923076924
7778,7779,-24634510#2,1.534,0.22105263157894733
7780,7781,-24634510#20,5.478571428571429,0.24725274725274712
7782,7783,-24634510#21,9.023529411764706,8.117647058823529
7784,7785,-24634510#3,9.027,0.8710526315789471
7786,7787,-24634510#4,3.1185714285714283,0.4010989010989012
7788,7789,-24634510#5,6.8076923076923075,0.8589743589743594
7790,7791,-24634510#7,12.64285714285714,0.9047619047619054
7792,7793,-24634510#8,5.015,0.24999999999999992
7794,7795,-24634510#9,12.979999999999999,0.0
7796,7797,-24634511#0,7.725660377358491,2.3294629898403487
7798,7799,-24634511#1,14.886153846153844,1.6861538461538463
7800,7801,-24634513#0,16.52,0.0
7802,7803,-24634513#1,22.419999999999998,3.0
7804,7805,-24634513#2,25.959999999999997,1.0
7806,7807,-24634513#3,9.046666666666667,0.33333333333333326
7808,7809,-24634513#4,1.18,0.0
7814,7815,-24634514#0,5.113333333333332,5.333333333333333
7816,7817,-24634514#1,10.62,0.0
7818,7819,-24634514#2,12.979999999999999,0.0
7820,7821,-24634514#3,7.08,0.0
7828,7829,-24634516#2,41.39833333333333,37.174242424242415
7830,7831,-24634517#1,21.508181818181818,110.95558639833448
7832,7833,-24634517#11,5.173846153846154,0.506072874493927
7834,7835,-24634517#13,7.1756756756756745,0.5765765765765768
7836,7837,-24634517#14,6.136,1.010526315789474
7838,7839,-24634517#16,4.13,0.39999999999999997
7840,7841,-24634517#17,2.58125,0.1625
7842,7843,-24634517#18,7.624615384615384,0.9358974358974357
7844,7845,-24634517#19,6.742857142857143,0.23809523809523803
7846,7847,-24634517#2,3.172043010752688,0.3473585787751286
7848,7849,-24634517#20,2.124,0.17777777777777778
7850,7851,-24634517#21,1.298,0.09999999999999999
7852,7853,-24634517#22,4.72,0.7500000000000001
7854,7855,-24634517#4,7.506808510638297,0.6849691146190796
7856,7857,-24634517#5,2.3871264367816094,0.20876770916867154
7858,7859,-24634517#6,1.6936470588235293,0.24873949579831933
7860,7861,-24634517#7,5.757831325301205,0.7901851307669704
7862,7863,-24634517#8,5.741492537313433,0.7544097693351425
7864,7865,-24634517#9,6.803437499999999,2.0553075396825395
7866,7867,-24634518#0,15.575999999999999,68.2
7870,7871,-24634518#2,8.26,0.0
7872,7873,-24634519#0,13.7175,3.1250000000000013
7874,7875,-24634519#1,1.18,0.0
7878,7879,-24634521#0,20.45333333333333,2.333333333333332
7880,7881,-24634521#1,55.06666666666666,16.333333333333332
7882,7883,-24634521#2,16.52,3.3333333333333335
7888,7889,-24692328#0,6.911428571428571,2.628571428571429
7890,7891,-24692328#1,1.7208333333333332,0.6068840579710144
7892,7893,-24692391#0,4.9265,0.5006329113924047
7894,7895,-24692391#1,2.28625,0.10996835443037976
7896,7897,-24692391#2,7.035189873417721,3.3190522557611177
7898,7899,-24693977#0,10.256923076923076,92.24643613267465
7900,7901,-24693977#1,8.093589743589742,0.7782404140202318
7902,7903,-24733323#0,4.474653465346535,1.1463366336633667
7904,7905,-24733323#1,43.86228571428571,232.67563025210086
7906,7907,-24733323#2,6.221818181818181,15.535353535353536
7908,7909,-24733323#3,22.265050505050503,23.441764584621726
7910,7911,-24733323#4,15.257031249999999,17.57769438976378
7912,7913,-24733323#5,13.518695652173912,3.55001187930625
7914,7915,-24754837#0,5.316860465116278,0.4385624915000675
7916,7917,-24754837#1,30.32898734177215,12.312222849310652
7918,7919,-24754837#2,5.699757575757575,0.410051736881005
7920,7921,-24754837#3,3.311151515151515,0.3158167036215814
7922,7923,-24754837#4,2.7736781609195402,0.25210949438575503
7924,7925,-24754837#5,17.834507772020725,2.893188687392056
7926,7927,-24754837#6,7.715384615384615,0.669783255418614
7928,7929,-24754837#7,7.876499999999999,0.6727386934673364
7930,7931,-24754837#8,4.383699999999999,0.5666080402010051
7932,7933,-24754837#9,5.637098445595854,0.37197754749568235
7934,7935,-24754854#0,7.644347826086957,0.5335968379446638
7936,7937,-24754854#1,7.433999999999999,2.536842105263158
7938,7939,-24754854#2,7.67,1.6666666666666667
7940,7941,-24754854#3,14.16,1.0
7942,7943,-24754876#0,5.031208791208791,0.24078144078144084
7944,7945,-24754876#10,4.777180616740088,0.3471989396124906
7946,7947,-24754876#11,2.958613138686131,0.32412234966979475
7948,7949,-24754876#12,11.386569343065693,3.1075639688778383
7950,7951,-24754876#2,5.341052631578947,0.6299840510366829
7952,7953,-24754876#2.36,8.100300751879699,0.9966962861699702
7954,7955,-24754876#3,4.613533834586466,0.4160401002506266
7956,7957,-24754876#4,4.549479768786127,0.4499260653313618
7958,7959,-24754876#5,5.350227272727272,0.5816883116883117
7960,7961,-24754876#7,3.192941176470588,0.3358288770053478
7962,7963,-24754876#8,4.27683257918552,0.29012751953928434
7964,7965,-24754876#9,0.5822026431718061,0.2510623367510037
7966,7967,-24754881#1,16.909514563106796,140.2625166571483
7968,7969,-24754881#2,1.9017475728155337,0.2986864648772129
7970,7971,-24754881#3,1.9666666666666666,0.2442244224422443
7972,7973,-24754881#4,0.8213725490196078,0.21364783537177243
7974,7975,-24754881#5,1.6080392156862744,0.23344981556979227
7976,7977,-24754881#6,2.36,0.03703703703703704
7978,7979,-24754881#7,7.208727272727272,0.46936026936026914
7980,7981,-24754890#0,54.148888888888884,22.61111111111111
7982,7983,-24754890#1,12.665333333333331,1.7809523809523813
7984,7985,-24754890#2,12.755238095238095,1.4619047619047623
7986,7987,-24754893,26.432,4.3
7988,7989,-24872465,6.861481481481481,2.310541310541311
7990,7991,-24872530#0,15.56125,8.878989361702127
7992,7993,-24872530#1,5.077575757575757,1.0303030303030303
7994,7995,-24872530#2,3.9468965517241377,1.5197044334975371
7996,7997,-24872530#3,14.455,29.477272727272727
7998,7999,-24872530#5,7.08,0.0
8000,8001,-24882619,66.33285714285714,66.02747252747254
8002,8003,-24895299#0,3.54,0.5454545454545454
8004,8005,-24895299#1,9.608571428571427,6.747252747252748
8006,8007,-24895300#0,34.22,7.333333333333332
8008,8009,-24895300#1,37.052,284.3
8010,8011,-24895300#2,8.968,3.3000000000000007
8012,8013,-24895300#3,8.26,0.0
8014,8015,-24895300#4,9.046666666666667,10.333333333333332
8016,8017,-24895300#5,62.54,16.0
8018,8019,-24895300#6,11.125714285714285,2.285714285714285
8020,8021,-24895308,8.347407407407408,0.6096866096866096
8022,8023,-24895312#0,13.061379310344826,2.1379310344827602
8024,8025,-24895312#1,25.55153846153846,22.63538461538462
8026,8027,-24895312#2,9.114482758620689,0.8497536945812809
8028,8029,-24895312#3,19.912499999999998,3.53225806451613
8030,8031,-24943166#0,4.756307692307692,0.7490384615384614
8032,8033,-24943166#1,9.44,0.7142857142857142
8034,8035,-24943166#2,11.599148936170213,1.0573543015726183
8036,8037,-24943166#3,8.296875,0.9344758064516129
8038,8039,-24943166#4,9.27142857142857,1.1428571428571426
8040,8041,-24943168#0,16.618333333333332,1.5378787878787876
8042,8043,-24943168#1,12.744,1.1999999999999995
8044,8045,-24943168#2,10.62,1.0
8046,8047,-24943168#3,21.745714285714282,0.6190476190476192
8048,8049,-24943168#4,15.536666666666665,0.566666666666667
8050,8051,-24943168#5,11.799999999999999,0.0
8052,8053,-24970784#1,38.104166666666664,370.73731884057963
8054,8055,-24970784#3,3.0974999999999997,0.33152173913043476
8056,8057,-24970784#5,4.031666666666666,0.4275362318840578
8058,8059,-24972185#2,22.654296028880864,122.88434573327058
8060,8061,-24972185#3,10.051223021582734,1.0014804041243537
8062,8063,-24972185#5,8.325783972125436,0.9269510976828048
8064,8065,-24972185#7,9.209669669669669,0.8623864828684099
8066,8067,-24972185#8,12.676167664670658,1.5070759382136631
8068,8069,-24972185#9,9.422282282282282,4.243749773870254
8070,8071,-24977473#0,3.2896969696969696,0.17234848484848486
8072,8073,-24977473#1,18.29,2655.469696969697
8074,8075,-24977473#2,6.922666666666665,678.9009009009006
8076,8077,-24977473#4,9.63135135135135,42.57608293224731
8078,8079,-24977548#0,3.4519402985074623,0.46404341926729986
8080,8081,-24977548#1,4.119649122807018,0.5401002506265665
8082,8083,-24977548#2,3.708571428571428,0.41811846689895454
8084,8085,-24977575,18.722666666666665,3.695238095238095
8086,8087,-24977577#0,1.3485714285714285,0.14285714285714285
8088,8089,-24977577#1,5.113333333333332,0.33333333333333326
8090,8091,-24977590#1,32.18383458646616,348.3953527887515
8092,8093,-24978943#0,8.045454545454545,0.3636363636363637
8094,8095,-24978943#1.15,11.799999999999999,0.6153846153846158
8098,8099,-24989903,14.656842105263157,3.2573099415204654
8100,8101,-24989986,1.4855357142857142,0.35470126388356976
8104,8105,-24991571,1.3381443298969071,0.12702312910635122
8106,8107,-24991571.15,8.471794871794872,0.6325667459688075
8108,8109,-24991573,1.5007179487179485,0.19894263811789573
8116,8117,-25001007#1,6.057333333333333,9.016091954022988
8118,8119,-25001024,10.521666666666665,7.03623188405797
8120,8121,-25012173,17.7,7.0
8122,8123,-25027491#2,13.924,1.7
8124,8125,-25027491#3,10.03,0.5
8126,8127,-25076749#0,23.724210526315787,3.6549707602339216
8128,8129,-25076749#1,11.406666666666665,2.3333333333333335
8130,8131,-25076749#2,11.934857142857142,3.8100840336134456
8132,8133,-25076787#0,19.47,0.5
8134,8135,-25076787#1,14.301599999999999,1.0266666666666666
8136,8137,-25076787#2,9.125333333333334,0.49523809523809526
8138,8139,-25076787#3,18.88,2.0
8140,8141,-25114091,388.3323809523809,28506.47851335657
8142,8143,-25117391#0,3.4517757009345793,32.8018954850599
8144,8145,-25117391#1,10.797276995305165,96.58109664274957
8146,8147,-25117391#2,6.160375586854459,0.35202409425104075
8148,8149,-25117391#3,11.916338028169013,1.155328195588626
8150,8151,-25117417#1,10.828235294117645,45.242296918767515
8152,8153,-25117417#2,9.055505617977527,0.7448927477017363
8154,8155,-25117417#4,8.950731707317072,0.5397840863654539
8156,8157,-25117417#5,2.8376190476190475,0.9628571428571429
8158,8159,-25122731#1,27.03511111111111,243.2191919191919
8160,8161,-25122830#0,11.996666666666666,0.9666666666666668
8162,8163,-25122830#1,10.226666666666665,1.333333333333333
8164,8165,-25136251,10.62,0.0
8168,8169,-25136980#0,41.3,9.0
8172,8173,-25136980#2,1.18,0.0
8174,8175,-25136980#3,15.045,0.25000000000000017
8176,8177,-25136980#5,13.864999999999998,0.25000000000000017
8178,8179,-25136980#6,11.504999999999999,0.25000000000000017
8180,8181,-25136980#7,10.62,0.0
8182,8183,-25136980#8,9.833333333333334,9.866666666666665
8184,8185,-25136980#9,12.389999999999999,0.3333333333333333
8188,8189,-25136982#0,13.4225,14.839285714285719
8190,8191,-25136982#1,3.2449999999999997,0.25000000000000006
8192,8193,-25136982#2,7.67,2.0555555555555554
8194,8195,-25136982#3,23.993333333333332,2.333333333333335
8200,8201,-25136984,15.34,3.0
8204,8205,-25141428#0,44.839999999999996,0.0
8206,8207,-25141428#1,27.139999999999997,0.0
8208,8209,-25141428#2,8.26,0.0
8210,8211,-25141430#0,3.2915789473684205,0.17543859649122823
8214,8215,-25145011#1,21.24,0.0
8218,8219,-25145012#0,10.62,0.0
8220,8221,-25145012#1,21.83,0.5
8230,8231,-25145012#6,14.134347826086955,0.5106280193236715
8236,8237,-25145013#0,17.7,0.0
8238,8239,-25145013#1,22.77081081081081,1.659159159159159
8250,8251,-25145014#5,6.489999999999999,0.5
8252,8253,-25145014#6,3.54,0.6666666666666666
8254,8255,-25145014#7,2.655,0.25000000000000006
8256,8257,-25145014#8,1.77,0.27777777777777773
8258,8259,-25145014#9,10.834545454545454,6.363636363636364
8260,8261,-25148803,7.116874999999999,0.4828629032258061
8262,8263,-25148808,2.655,1.0714285714285714
8264,8265,-25148812,7.218823529411764,2.4852941176470584
8266,8267,-25148889,5.173846153846154,0.42307692307692313
8268,8269,-25149001#1,34.13862068965517,13.503932244404115
8270,8271,-25149001#2,8.504137931034482,0.48275862068965514
8272,8273,-25149001#3,13.471666666666666,1.501412429378531
8274,8275,-25149001#4,16.06111111111111,1.4281045751633985
8276,8277,-25149001#5,6.096666666666667,2.8529411764705883
8278,8279,-25149251#0,23.7534,3.770808080808083
8280,8281,-25149251#1,33.69413043478261,7.480530339225983
8282,8283,-25149251#2,17.781944444444445,2.544405320813772
8284,8285,-25149251#3,41.197391304347825,10.08300395256917
8286,8287,-25149251#4,3.365185185185185,0.36182336182336183
8288,8289,-25171366#1,24.092911392405064,3.0412203829925355
8290,8291,-25171366#2,9.696521739130434,0.17786561264822146
8292,8293,-25182130,17.7,0.0
8294,8295,-25182154,23.951489361702127,4.083256244218318
8296,8297,-25184629,16.52,0.0
8298,8299,-25184651#0,10.03,6.454545454545454
8300,8301,-25184651#1,7.08,2.0
8302,8303,-25184651#2,24.779999999999998,0.0
8304,8305,-25184664#0,8.26,0.0
8306,8307,-25184664#1,5.113333333333332,0.3333333333333335
8308,8309,-25184672,22.419999999999998,0.0
8310,8311,-25187889,14.3075,0.9821428571428571
8312,8313,-25187891,17.306666666666665,7.033333333333331
8324,8325,-25188976#0,11.209999999999999,1.0000000000000004
8326,8327,-25188976#1,18.054,1.5666666666666673
8328,8329,-25188977,13.255333333333331,2.598850574712644
8330,8331,-25188978#0,14.16,0.0
8334,8335,-25188978#3,35.4,27.0
8336,8337,-25188979#0,1.18,0.0
8340,8341,-25188986#0,35.00666666666667,4.2666666666666675
8342,8343,-25188986#1,11.799999999999999,0.0
8344,8345,-25190140#0,17.720701754385964,2.9818295739348373
8346,8347,-25190140#1,22.321666666666665,0.8623188405797104
8348,8349,-25190140#2,3.54,0.0
8350,8351,-25192758,1.18,0.0
8352,8353,-25194376#0,10.41655172413793,0.7192118226600976
8354,8355,-25194376#1,13.148571428571428,1.8306878306878291
8356,8357,-25194376#2,6.162222222222222,2.5359477124183005
8358,8359,-25195266#0,8.26,0.0
8360,8361,-25195266#1,5.113333333333332,0.3333333333333335
8362,8363,-25195266#2,9.203999999999999,1.1999999999999997
8364,8365,-25195313#0,18.88,1.0
8366,8367,-25195313#1,10.816666666666665,0.5666666666666667
8368,8369,-25195313#2,9.984615384615385,0.9358974358974358
8370,8371,-25195391#0,11.799999999999999,0.0
8372,8373,-25195391#1,28.32,0.0
8374,8375,-25195391#2,12.035999999999998,3.7
8378,8379,-25209894#1,9.177777777777777,0.6944444444444442
8380,8381,-25216322,29.106666666666666,5.0666666666666655
8382,8383,-25316895,3.8319587628865976,0.3964776632302407
8384,8385,-25316932#2,8.444925373134328,0.47901470093143306
8386,8387,-25316932#3,15.546031746031744,2.5932698412698416
8388,8389,-25316932#4,12.165238095238095,2.039428571428571
8390,8391,-25316932#5,5.251390728476821,1.3825165562913908
8392,8393,-25316932#6,6.063270440251572,0.626303638245363
8394,8395,-25316932#7,14.847088607594936,1.531403692655002
8396,8397,-25316932#8,2.859230769230769,1.9617866004962787
8398,8399,-253294209#1,5.074,0.23333333333333328
8400,8401,-253294209#2,1.18,0.0
8404,8405,-25331328#1,11.530285714285714,1.2991596638655458
8406,8407,-25331328#2,3.4778947368421047,0.4295874822190611
8408,8409,-25331328#3,4.1478787878787875,0.6325757575757576
8410,8411,-25331328#4,1.4047619047619047,0.16190476190476186
8412,8413,-25331328#5,19.684545454545454,3.655844155844158
8414,8415,-25331328#6,1.854285714285714,0.28571428571428575
8416,8417,-25331328#7,5.113333333333332,0.3333333333333335
8418,8419,-25331996#0,14.16,3.529411764705882
8420,8421,-25331996#1,43.66,39.25
8422,8423,-25331996#2,50.739999999999995,0.0
8424,8425,-25341073#0,7.08,1.2549019607843137
8426,8427,-25341073#1,7.875813953488372,0.6533776301218159
8428,8429,-25341073#10,5.99076923076923,0.41025641025641035
8430,8431,-25341073#11,5.8999999999999995,0.0
8432,8433,-25341073#12,7.67,0.7
8434,8435,-25341073#13,12.979999999999999,0.0
8436,8437,-25341073#14,16.52,0.0
8438,8439,-25341073#2,5.15906976744186,0.2868217054263566
8440,8441,-25341073#3,7.420888888888888,0.7101010101010099
8442,8443,-25341073#4,7.157377049180328,1.02896174863388
8444,8445,-25341073#7,12.42470588235294,1.2647058823529416
8446,8447,-25341073#9,6.293333333333333,0.24242424242424238
8448,8449,-25341109,16.9625,1.696428571428571
8450,8451,-25341141#0,12.779399999999999,2.6677777777777774
8452,8453,-25341141#2,8.998878504672897,0.6891200846411564
8454,8455,-25344434#0,14.867999999999999,174.8
8456,8457,-25344434#1,4.248,0.30000000000000004
8458,8459,-25344434#2,5.8999999999999995,0.0
8460,8461,-25344437#1,61.8095238095238,3781.9493087557603
8462,8463,-25344437#2,3.7585185185185184,1.3235499650593994
8464,8465,-25344437#3,2.615135135135135,0.17417417417417422
8466,8467,-25344437#4,6.123243243243243,0.4354354354354355
8468,8469,-25344437#5,4.656216216216216,0.21921921921921916
8470,8471,-25344437#6,4.656216216216216,0.05255255255255255
8472,8473,-25344437#7,9.315789473684209,1.543859649122807
8474,8475,-25344437#8,5.506666666666667,2.3809523809523805
8476,8477,-25344439#0,6.574285714285714,0.2916666666666667
8478,8479,-25344439#1,3.3826666666666667,2.695238095238095
8482,8483,-25344452#0,6.843999999999999,7.2
8484,8485,-25344452#1,4.72,0.0
8486,8487,-25344542#0,7.461041666666667,0.47357456140350856
8488,8489,-25344542#1,2.170754716981132,0.45974842767295593
8490,8491,-25344542#2,1.5027350427350425,0.2693781314470969
8492,8493,-25344542#3,3.2825454545454544,0.22718932443703094
8494,8495,-25344542#4,8.1,37.02419238012456
8496,8497,-25363743#1,11.799999999999999,1.1999999999999997
8498,8499,-25363743#2,5.408333333333332,0.9924242424242422
8500,8501,-25363743#3,2.2125,0.6964285714285714
8502,8503,-25363743#4,1.6224999999999998,0.8392857142857142
8504,8505,-25363743#5,10.03,6.333333333333332
8506,8507,-25363744,23.009999999999998,4.5
8508,8509,-25363746,20.65,12.5
8512,8513,-25366186#0,24.898,5.433333333333335
8514,8515,-25366186#1,48.71714285714285,30.57142857142857
8516,8517,-25366901#0,3.933333333333333,0.33333333333333337
8518,8519,-25366901#1,14.16,1.0
8520,8521,-25366901#3,7.67,0.5714285714285714
8522,8523,-25375417#1,11.150999999999998,167.94473684210524
8524,8525,-25375417#10,5.782,0.3222222222222222
8526,8527,-25375417#11,7.997777777777777,0.6944444444444444
8528,8529,-25375417#12,4.85111111111111,0.36111111111111127
8530,8531,-25375417#13,10.841249999999999,6.029166666666668
8534,8535,-25375417#3,6.017999999999999,0.9368421052631579
8536,8537,-25375417#4,9.44,0.0
8538,8539,-25375417#7,10.62,1.2
8540,8541,-25375417#8,9.112222222222222,3.8594771241830066
8542,8543,-25375417#9,28.47733333333333,45.69523809523809
8544,8545,-25375770#0,11.406666666666665,0.3333333333333335
8546,8547,-25375770#1,10.03,0.5
8548,8549,-25375770#2,15.441724137931034,1.3082274652147603
8550,8551,-25375770#3,6.186060606060606,0.46340326340326293
8552,8553,-25375770#4,2.797741935483871,0.23717609730301414
8554,8555,-25375770#5,5.348064516129032,0.9743521946060291
8556,8557,-25375770#6,7.5134693877551015,1.4039115646258502
8558,8559,-25375770#7,2.8539534883720927,0.6777408637873754
8560,8561,-25375770#8,4.3981818181818175,0.9696969696969694
8562,8563,-25375814#1,12.389999999999999,0.5
8564,8565,-25375814#2,15.34,0.0
8566,8567,-25377287#0,11.588205128205129,23.835357624831303
8568,8569,-25377287#2,5.394285714285714,1.439153439153439
8570,8571,-25377287#3,3.6426086956521737,0.26482213438735175
8572,8573,-25377287#4,3.0782608695652174,0.24901185770750986
8574,8575,-25377287#5,17.443478260869565,3.086956521739131
8576,8577,-25377287#6,20.573043478260868,3.2569169960474293
8578,8579,-25377287#7,15.880833333333333,1.9112318840579703
8580,8581,-25377287#8,4.484,0.6222222222222223
8582,8583,-25380714#1,25.959999999999997,0.0
8584,8585,-25380898#0,11.93111111111111,1.1111111111111112
8588,8589,-253827540#1,5.8999999999999995,1.0
8590,8591,-253827542#0,4.13,0.5
8592,8593,-25488710#0,3.788421052631579,0.17543859649122806
8594,8595,-25488710#1,3.7507142857142854,0.6706349206349207
8596,8597,-25488710#2,1.18,0.0
8598,8599,-25488710#3,1.77,0.8571428571428571
8600,8601,-25488710#4,3.54,0.0
8602,8603,-25488710#5,17.7,0.0
8604,8605,-25503468#0,31.388,3.2999999999999994
8606,8607,-25503468#1,6.951739130434782,10.207835642618253
8614,8615,-25534317#0,28.7625,5.410714285714285
8616,8617,-25534317#1,10.166153846153845,0.7564102564102563
8618,8619,-25534318,15.34,3.0
8628,8629,-25543966#3,14.75,1.666666666666667
8630,8631,-25543966#4,14.553333333333333,2.3333333333333326
8632,8633,-25543966#5,17.7,0.0
8634,8635,-25543966#6,14.16,0.0
8636,8637,-25543980#0,3.360892857142857,0.23801480051480045
8638,8639,-25543980#1,2.90859649122807,0.250970346219531
8640,8641,-25543980#11,6.771590909090908,9.748441558441563
8642,8643,-25543980#2,2.644827586206896,0.23688155922038978
8644,8645,-25543980#3,5.9088059701492535,0.5037032880709236
8646,8647,-25543980#5,2.456326530612245,0.18507128878948848
8648,8649,-25543980#6,2.8184713375796178,0.2647395067777234
8650,8651,-25543980#7,4.30223602484472,0.34262422360248423
8652,8653,-25543980#8,0.8832335329341318,0.18938027559339143
8654,8655,-25543980#9,2.244712643678161,0.2736363032356656
8656,8657,-25544013#0,42.775,4.250000000000001
8658,8659,-25544013#1,10.226666666666665,0.33333333333333304
8660,8661,-25544013#10,2.6222222222222222,0.41830065359477125
8662,8663,-25544013#11,7.332857142857143,0.6428571428571429
8664,8665,-25544013#2,3.54,0.0
8666,8667,-25544013#3,1.18,0.0
8668,8669,-25544013#4,2.8024999999999998,0.8392857142857142
8670,8671,-25544013#5,1.5171428571428571,0.2380952380952381
8672,8673,-25544013#6,2.36,0.1666666666666667
8674,8675,-25544013#8,3.54,0.1818181818181819
8676,8677,-25573246#0,8.09142857142857,44.8095238095238
8678,8679,-25573246#1,12.979999999999999,0.0
8680,8681,-25573254#0,7.08,0.0
8682,8683,-25573254#1,5.8999999999999995,0.0
8684,8685,-25573254#2,4.72,0.0
8686,8687,-25573254#3,3.54,0.0
8688,8689,-25573260#0,6.086315789473684,1.0292397660818717
8690,8691,-25573260#1,5.506666666666667,0.2666666666666668
8692,8693,-25573260#2,10.62,0.6666666666666666
8696,8697,-25573267#1,8.169230769230769,0.4102564102564103
8698,8699,-25573267#2,18.407999999999998,3.377777777777778
8700,8701,-25595895#0,14.553333333333333,1.5
8702,8703,-25595895#1,12.881666666666666,6.446969696969697
8704,8705,-25595931,15.34,0.0
8706,8707,-25596851#0,18.458571428571428,2.554945054945056
8708,8709,-25596851#1,5.074,2.011111111111111
8710,8711,-25596851#2,5.470909090909091,0.6545454545454545
8712,8713,-25596851#3,4.298571428571428,1.0164835164835166
8714,8715,-25596851#4,1.77,0.5714285714285714
8716,8717,-25596851#5,1.18,0.0
8718,8719,-25596851#6,12.389999999999999,0.5
8720,8721,-25596855,34.455999999999996,6.457142857142856
8722,8723,-25596861#0,22.211764705882352,9.654411764705877
8724,8725,-25596861#1,8.142,0.5157894736842106
8726,8727,-25596861#2,17.7,0.857142857142857
8728,8729,-25596974#0,39.333333333333336,33.33333333333334
8730,8731,-25596974#1,6.32142857142857,0.4010989010989011
8732,8733,-25597196#0,10.114285714285714,14.285714285714285
8734,8735,-25597196#1,6.0685714285714285,2.142857142857143
8736,8737,-25597196#2,19.765,0.916666666666667
8748,8749,-25597372,12.707692307692309,34.35897435897436
8752,8753,-25616922#0,8.329411764705881,0.9338235294117645
8754,8755,-25616922#1,5.8999999999999995,0.7692307692307696
8756,8757,-25616922#3,8.197894736842105,1.0526315789473684
8758,8759,-25616922#4,3.1109090909090904,0.3376623376623376
8760,8761,-25616922#5,1.877272727272727,0.2532467532467533
8762,8763,-25616922#6,8.063333333333333,1.014492753623189
8764,8765,-25616922#7,10.872857142857141,0.48901098901098927
8766,8767,-25616922#8,8.09142857142857,0.7472527472527472
8768,8769,-25623125#0,7.674503816793893,4.312245912667075
8770,8771,-25623125#1,1.0085470085470085,0.1504713693554895
8772,8773,-25623125#2,8.356223175965665,2.221770016279414
8774,8775,-25623125#3,9.772394366197181,1.2882009035344137
8776,8777,-25623125#4,10.967383177570094,1.560813479004869
8778,8779,-25623126#1,6.41625,2.4475806451612905
8780,8781,-25623126#2,5.2392,1.7566666666666662
8782,8783,-25623126#3,12.802999999999999,9.607894736842102
8784,8785,-25623126#4,6.765333333333333,0.20952380952380936
8786,8787,-25623127#0,2.124,0.17777777777777776
8788,8789,-25623127#1,7.552,0.2666666666666667
8792,8793,-25623128#1,13.504444444444443,18.52777777777778
8794,8795,-25623128#2,34.455999999999996,5.955555555555553
8796,8797,-25623128#3,8.26,3.2857142857142856
8798,8799,-25623128#4,8.329411764705881,0.8088235294117645
8800,8801,-25623128#5,17.306666666666665,1.8095238095238089
8802,8803,-25623128#6,14.710666666666667,6.695238095238095
8804,8805,-25623135#0,9.187142857142856,1.71978021978022
8806,8807,-25623135#2,1.18,0.0
8808,8809,-25623135#3,2.36,0.25
8814,8815,-25623139,10.844761904761903,1.410334346504559
8818,8819,-25625950#0,6.6866666666666665,0.4242424242424242
8820,8821,-25625950#1,7.571666666666666,0.44696969696969685
8822,8823,-25625951,9.44,0.0
8824,8825,-25626559#0,7.252682926829268,43.328048780487805
8826,8827,-25626559#2,5.6977142857142855,0.9697478991596642
8830,8831,-25626614#0,5.465263157894737,0.3567251461988305
8832,8833,-25626614#1,1.543076923076923,0.23076923076923075
8834,8835,-25626614#2,7.443076923076922,0.8974358974358975
8836,8837,-25626614#3,20.24153846153846,1.6410256410256432
8838,8839,-25626620#0,3.6426086956521737,0.8367149758454105
8840,8841,-25626620#1,3.081111111111111,0.9575163398692811
8844,8845,-25626622#0,4.439047619047619,4.737808376362593
8846,8847,-25626622#1,5.496315789473684,1.096017069701281
8848,8849,-25626622#2,4.8323809523809516,3.8904761904761913
8850,8851,-25626777#0,12.272,0.9714285714285715
8852,8853,-25626777#1,3.658,0.3222222222222223
8854,8855,-25626777#2,1.77,0.3333333333333333
8856,8857,-25638462#0,9.471258278145694,1.3059602649006623
8858,8859,-25638462#1,18.43007194244604,4.281096861641124
8860,8861,-25638462#2,7.08874074074074,0.8133775566611392
8862,8863,-25638462#3,10.577553956834532,1.440725680325305
8864,8865,-25638462#4,10.862941176470587,1.6313725490196092
8866,8867,-25638463#0,4.72,0.0
8868,8869,-25638463#1,1.6857142857142857,1.2857142857142858
8870,8871,-25638466,5.256363636363636,0.47272727272727266
8872,8873,-25638468,3.5989999999999998,0.2605263157894738
8874,8875,-25638471#0,14.395999999999999,1.7000000000000004
8876,8877,-25638471#2,5.470909090909091,0.528138528138528
8878,8879,-25638471#3,7.407777777777778,2.6830065359477118
8880,8881,-25638471#4,5.830588235294117,0.18382352941176472
8882,8883,-25638471#5,1.18,0.0
8884,8885,-25638471#6,3.54,3.0
8886,8887,-25638471#7,2.36,0.0
8888,8889,-25638471#8,4.72,0.0
8890,8891,-25638471#9,3.54,3.0
8892,8893,-25638474,7.08,0.0
8894,8895,-25638475,1.3766666666666667,0.16666666666666669
8896,8897,-25638527,4.3424,0.22666666666666657
8898,8899,-25638529,16.87913043478261,3.1304347826086953
8900,8901,-25638614,22.853823529411763,7.4001316944688265
8902,8903,-25638617#0,6.489999999999999,1.1999999999999997
8906,8907,-25638625,15.60222222222222,0.564102564102564
8908,8909,-25638628,16.52,1.6666666666666667
8910,8911,-25638642,16.60232558139535,1.780730897009967
8912,8913,-25638649,10.550588235294118,2.5588235294117645
8916,8917,-25638677,27.729999999999997,0.5
8920,8921,-25638761#0,17.035402298850574,69.48142207965785
8922,8923,-25638761#2,10.235813953488371,1.6103967168262647
8924,8925,-25638761#4,7.182608695652174,0.8102766798418976
8926,8927,-25638761#5,3.3826666666666667,0.40952380952380957
8928,8929,-25638761#6,14.507058823529412,2.8455882352941186
8932,8933,-25640093#0,11.269,0.7868421052631582
8934,8935,-25640093#1,12.684999999999999,2.2
8936,8937,-25640093#2,6.237142857142857,0.23809523809523803
8938,8939,-25640093#3,39.333333333333336,46.333333333333336
8940,8941,-25640093#4,15.554545454545453,3.27840909090909
8942,8943,-25640093#5,18.486666666666665,6.333333333333334
8944,8945,-25640093#6,9.911999999999999,1.3000000000000003
8946,8947,-25640093#7,17.227999999999998,1.3
8948,8949,-25640093#8,8.512857142857143,4.642857142857142
8950,8951,-25640094,51.919999999999995,18.0
8952,8953,-25640097#0,9.046666666666667,0.2666666666666669
8954,8955,-25640097#1,9.44,98.0
8956,8957,-25640098#0,19.666666666666668,24.242424242424246
8958,8959,-25640098#1,19.554285714285715,2.285714285714286
8960,8961,-25640145#0,9.44,0.8
8966,8967,-25640145#3,3.54,0.0
8970,8971,-25640145#5,13.373333333333333,0.33333333333333304
8972,8973,-25640148#0,10.816666666666665,0.16666666666666657
8974,8975,-25640148#1,5.506666666666667,0.33333333333333326
8976,8977,-25640148#2,8.653333333333332,0.33333333333333326
8978,8979,-25640148#3,7.08,32.0
8980,8981,-25640149,2.36,0.0
8982,8983,-25640150,21.90375,11.028225806451612
8984,8985,-25640157#0,11.908923076923076,23.053846153846152
8986,8987,-25640157#1,6.906470588235293,1.0989304812834224
8988,8989,-25640157#2,16.70153846153846,0.6410256410256413
8990,8991,-25640375#0,4.872258064516129,0.3161290322580646
8992,8993,-25640375#1,9.404242424242424,1.0303030303030303
8994,8995,-25640375#2,4.562666666666667,0.4095238095238095
8996,8997,-25640375#3,10.114285714285714,1.0329670329670326
9000,9001,-25650588#0,3.5622641509433963,1.0188679245283017
9002,9003,-25650588#1,10.62,11.428571428571429
9004,9005,-25650588#2,3.776,0.19999999999999998
9006,9007,-25650588#3,9.44,0.0
9008,9009,-25650588#4,7.67,8.333333333333334
9010,9011,-25665374,24.779999999999998,110.28571428571429
9012,9013,-25665375#0,11.799999999999999,8.000000000000002
9014,9015,-25665375#1,20.58444444444444,1.5277777777777777
9016,9017,-25665412#0,24.932258064516127,6.049462365591396
9018,9019,-25665412#1,114.26333333333332,103.44927536231887
9020,9021,-25665412#2,56.6872,24.956666666666678
9022,9023,-25665421#0,24.189999999999998,5.611111111111111
9024,9025,-25665421#1,23.009999999999998,12.5
9026,9027,-25665421#2,7.08,0.0
9028,9029,-25665421#3,8.26,0.0
9030,9031,-25665421#4,7.67,0.5
9032,9033,-25665421#5,10.03,12.5
9034,9035,-25665446#0,2.859230769230769,0.33384615384615374
9036,9037,-25665446#1,5.938064516129032,0.6322580645161289
9038,9039,-25665446#2,1.6716666666666666,0.25362318840579706
9040,9041,-25665446#3,7.2275,0.2880434782608696
9042,9043,-25665446#4,3.2777777777777777,0.2564102564102563
9044,9045,-25665446#5,6.700714285714286,0.3743386243386243
9046,9047,-25665446#6,13.703225806451613,14.91182795698925
9048,9049,-25689281#1,41.43518821603928,525.704885836173
9050,9051,-25689281#2,5.0607177814029365,3.98348420390451
9052,9053,-25689281#3,7.998595943837753,1.0008482839313575
9054,9055,-25689281#4,3.2573872472783822,0.3568795027204058
9056,9057,-25699357#0,10.816666666666665,4.852941176470587
9058,9059,-25699357#1,4.347368421052631,1.2280701754385963
9060,9061,-25699357#2,5.746086956521739,0.3913043478260869
9062,9063,-25699357#3,3.638333333333333,0.34057971014492755
9064,9065,-25699357#4,8.26,1.565217391304348
9066,9067,-25705489#0,58.147777777777776,37.741830065359466
9070,9071,-25705489#2,79.06,0.0
9072,9073,-25705489#3,101.47999999999999,0.0
9074,9075,-25705489#4,1.18,0.0
9076,9077,-25705904#0,0.6944409937888198,0.295419858388957
9078,9079,-25705904#1,17.875085007727975,4.138940860652407
9080,9081,-25705905,6.960754147812971,0.5441529621376787
9082,9083,-25708166#1,7.08,0.0
9084,9085,-25794504#1,11.9416,1.0027586206896548
9086,9087,-25796375#1,5.718461538461538,1.502024291497976
9088,9089,-25796375#2,15.876363636363637,1.4025974025974022
9090,9091,-25796964#0,17.11,0.5
9092,9093,-25796964#1,14.75,4.5
9094,9095,-25797315#0,16.172941176470587,9.970588235294118
9096,9097,-25797315#1,23.50923076923077,0.7435897435897432
9098,9099,-25797315#2,23.599999999999998,1.1764705882352944
9102,9103,-25797433#0,21.24,3.0
9104,9105,-25797433#1,18.486666666666665,1.0666666666666662
9106,9107,-25797433#2,8.03875,2.295833333333333
9108,9109,-25797433#3,11.692727272727272,0.9437229437229436
9110,9111,-25801550#0,1.3275,4.125000000000001
9112,9113,-25801550#1,4.425,0.4999999999999999
9114,9115,-25801550#2,10.957142857142857,1.5714285714285712
9116,9117,-25801550#3,5.73142857142857,0.14285714285714288
9118,9119,-25801550#4,3.802222222222222,3.1944444444444446
9120,9121,-25801550#5,3.54,0.0
9122,9123,-25801550#6,2.36,0.0
9124,9125,-25801552,13.569999999999999,0.5
9126,9127,-25801569,13.30551724137931,1.9926108374384246
9130,9131,-25801580#1,12.979999999999999,0.0
9132,9133,-25801580#2,9.44,0.0
9134,9135,-25801655#0,7.866666666666666,2.333333333333334
9136,9137,-25801655#1,7.08,1.0
9138,9139,-25801655#2,4.72,1.0
9140,9141,-25804120#0,2.124,0.2
9142,9143,-25804120#1,17.025714285714287,2.285714285714285
9144,9145,-25804120#2,8.26,0.0
9150,9151,-25804129,24.779999999999998,2.0000000000000004
9152,9153,-25869404#0,4.195555555555555,0.2777777777777778
9154,9155,-25869404#1,13.137333333333332,0.8380952380952381
9162,9163,-25895864#0,15.733333333333333,2.266666666666666
9164,9165,-25895864#1,17.896666666666665,2.5666666666666673
9166,9167,-25895943#0,8.903636363636364,0.8311688311688312
9168,9169,-25895943#1,13.938749999999999,10.429166666666667
9170,9171,-25895943#2,11.436923076923076,3.397435897435898
9172,9173,-25895945#0,6.031111111111111,2.611111111111111
9174,9175,-25895945#1,10.698666666666666,0.9238095238095237
9176,9177,-25895945#2,12.077647058823528,18.191176470588232
9178,9179,-25895947#0,28.32,48.3076923076923
9180,9181,-25895947#1,19.56833333333333,2.4469696969696972
9182,9183,-25895961,19.27333333333333,1.3333333333333321
9184,9185,-25895966#0,4.195555555555555,0.2777777777777778
9186,9187,-25895966#1,3.2449999999999997,0.3863636363636362
9188,9189,-25895966#2,2.484210526315789,0.21052631578947378
9190,9191,-25895966#3,4.3758333333333335,0.8242753623188404
9192,9193,-25895966#5,5.942142857142857,0.48015873015873034
9194,9195,-25895966#6,12.64285714285714,1.6806722689075626
9196,9197,-25895966#7,6.431,56.35641025641026
9198,9199,-25901651#0,12.979999999999999,1.6666666666666667
9200,9201,-25901651#1,5.562857142857142,0.5714285714285714
9202,9203,-25901651#2,3.54,1.0588235294117647
9204,9205,-25901651#3,7.257,0.45
9206,9207,-25901651#4,10.493571428571427,5.7288359788359795
9208,9209,-25901651#5,15.34,2.0869565217391304
9210,9211,-25901682,9.44,0.0
9212,9213,-25901699,12.494117647058822,0.7573529411764705
9216,9217,-25902795#0,8.26,0.0
9218,9219,-25902795#1,6.489999999999999,0.5
9222,9223,-25955082#0,12.272,29.8
9224,9225,-25955082#1,16.716666666666665,2.1666666666666665
9226,9227,-25955083#0,4.8323809523809516,0.3904761904761903
9228,9229,-25955083#1,2.5652173913043477,0.15019762845849802
9230,9231,-25955083#2,16.52,3.0
9234,9235,-25955084#1,26.94333333333333,0.9666666666666659
9236,9237,-25955085,28.025,252.49999999999997
9238,9239,-25955087#0,2.0146341463414634,0.37265093962415036
9240,9241,-25955087#1,9.53672131147541,3.3981845278417566
9242,9243,-25955087#2,6.114545454545454,2.5636363636363635
9244,9245,-25955175#0,12.519062499999999,14.337053571428573
9246,9247,-25955175#1,11.258360655737706,0.9857923497267767
9248,9249,-25955175#2,2.0024242424242424,0.27599067599067606
9250,9251,-25955175#3,5.499245283018867,1.3055152394775038
9252,9253,-25955318#0,3.0342857142857143,1.6190476190476188
9256,9257,-25974839#1,5.1308928571428565,0.8055823680823679
9258,9259,-25974839#2,4.382857142857143,2.1780538302277437
9260,9261,-25974839#3,12.137142857142857,2.527472527472528
9262,9263,-25974839#4,13.766666666666666,19.17647058823529
9264,9265,-25974839#5,11.013333333333334,2.840579710144928
9266,9267,-25974839#6,2.7533333333333334,2.3846153846153846
9268,9269,-25993505#1,7.787999999999999,1.3000000000000005
9270,9271,-25993505#2,4.72,0.0
9272,9273,-25993505#3,4.916666666666667,0.1666666666666666
9274,9275,-25993505#4,3.408888888888889,0.11111111111111119
9276,9277,-25993505#5,4.382857142857143,3.9047619047619047
9278,9279,-26134437,9.046666666666667,0.33333333333333326
9280,9281,-26134440#0,10.226666666666665,0.3333333333333335
9282,9283,-26134440#1,10.03,0.5
9290,9291,-26134450,12.389999999999999,18.300000000000004
9298,9299,-26134468#1,9.44,0.0
9300,9301,-26134468#2,6.883333333333333,0.16666666666666666
9302,9303,-26134472,22.419999999999998,0.0
9304,9305,-26134480#0,22.68222222222222,3.444444444444444
9306,9307,-26134480#1,16.78222222222222,1.4444444444444442
9314,9315,-26134507#0,14.867999999999999,2.6857142857142864
9316,9317,-26134507#1,16.224999999999998,2.2142857142857144
9318,9319,-26134542#0,28.32,0.0
9320,9321,-26134542#1,10.226666666666665,1.333333333333333
9324,9325,-26134546#0,12.979999999999999,0.0
9326,9327,-26134546#1,14.16,0.0
9328,9329,-26135504#0,13.274999999999999,1.5833333333333333
9330,9331,-26135504#1,5.31,0.3333333333333333
9332,9333,-26135504#2,5.8999999999999995,0.6666666666666666
9336,9337,-26135509,29.5,21.0
9338,9339,-26135510#0,6.489999999999999,1.714285714285714
9340,9341,-26135510#1,8.024,1.2
9342,9343,-26135517,14.867999999999999,10.300000000000002
9344,9345,-26135523#0,7.20421052631579,0.21052631578947367
9352,9353,-261386347#0,12.586666666666666,1.333333333333333
9354,9355,-261386347#1,8.85,0.5
9358,9359,-261445607#1,4.326666666666666,0.2666666666666666
9362,9363,-261448764#0,15.34,0.0
9364,9365,-261448764#1,16.52,2.0
9366,9367,-261448764#2,12.979999999999999,0.0
9372,9373,-261448764#5,16.94909090909091,1.8545454545454543
9374,9375,-261448764#6,5.015,0.40789473684210537
9376,9377,-26176222#0,25.251999999999995,0.8000000000000003
9378,9379,-26176222#1,9.225454545454545,0.3636363636363636
9380,9381,-26176222#2,19.941999999999997,2.5444444444444434
9382,9383,-26176223#0,8.26,0.0
9384,9385,-26176223#1,1.18,0.0
9386,9387,-26176224#0,7.2275,0.12500000000000003
9388,9389,-26176224#1,5.8999999999999995,2.0000000000000004
9390,9391,-26176224#2,7.67,1.7142857142857142
9392,9393,-26176225#0,8.512857142857143,0.6428571428571429
9394,9395,-26176225#1,7.401818181818181,1.4181818181818182
9396,9397,-26176225#3,1.888,0.26666666666666666
9398,9399,-26176225#4,4.9559999999999995,0.7
9400,9401,-26176225#5,8.26,0.0
9402,9403,-26176229,15.241666666666665,15.719696969696969
9404,9405,-26179010,11.996666666666666,0.5666666666666668
9410,9411,-26180727,19.27333333333333,1.333333333333334
9414,9415,-26180733#0,1.18,0.0
9416,9417,-26180733#1,1.18,0.0
9418,9419,-26180733#2,2.697142857142857,0.2380952380952381
9424,9425,-26219868,35.4,4.0
9426,9427,-26219869#0,53.29666666666666,24.166666666666664
9428,9429,-26219869#1,11.603333333333333,1.366666666666666
9430,9431,-26219869#2,14.553333333333333,2.3333333333333326
9432,9433,-26219870#1,36.58,0.0
9436,9437,-26219871#0,23.206666666666667,1.3333333333333321
9440,9441,-26220138#1,3.54,0.0
9444,9445,-26223313#1,63.72,27.0
9446,9447,-26224134#0,8.534418604651163,1.4684385382059797
9448,9449,-26224134#1,8.972916666666666,0.8825354609929078
9450,9451,-26224134#2,14.632,4.000000000000001
9452,9453,-26224442,5.786849315068493,0.36315540859707135
9454,9455,-26224444#0,70.91238095238094,49.19047619047619
9456,9457,-26224546#1,1.8093333333333335,0.2666666666666667
9464,9465,-26288510#0,3.401176470588235,0.9554367201426022
9468,9469,-26320108#0,2.7533333333333334,0.33333333333333326
9470,9471,-26320108#1,6.6866666666666665,0.33333333333333326
9472,9473,-26320108#2,14.16,0.0
9480,9481,-26320108#6,2.9499999999999997,4.5
9482,9483,-26320108#7,11.799999999999999,0.0
9484,9485,-26334132#0,12.85578947368421,1.654970760233917
9486,9487,-26334132#1,17.92838709677419,10.227956989247312
9488,9489,-26334133#0,7.816239316239315,0.45024026998275907
9490,9491,-26334133#1,10.224910714285713,1.3178851697629719
9492,9493,-26334133#2,6.799320388349515,0.6114373668008527
9494,9495,-26339462#0,1.2532009925558312,2.615545103267781
9496,9497,-26339462#1,2.157282051282051,3.320025047788542
9498,9499,-26339462#2,6.81395225464191,7.1804136802302585
9500,9501,-26339462#4,6.992342857142857,0.6993368808841586
9502,9503,-26339463#0,27.40222222222222,4.418300653594773
9504,9505,-26339463#1,3.4327272727272726,0.2909090909090909
9506,9507,-26339463#2,4.13,0.26086956521739135
9508,9509,-26339463#3,5.1490909090909085,0.33766233766233744
9510,9511,-26339463#4,9.715333333333332,0.6678160919540232
9512,9513,-26339463#5,14.346315789473682,2.584795321637426
9514,9515,-26339463#6,2.0977777777777775,0.18300653594771235
9516,9517,-26339463#7,4.8773333333333335,1.0160919540229885
9518,9519,-26339463#8,5.8999999999999995,0.45454545454545436
9520,9521,-26339463#9,15.812,0.7999999999999998
9522,9523,-26339464#0,7.828846153846154,1.1776018099547505
9524,9525,-26339464#1,10.758823529411764,2.106951871657754
9526,9527,-26339464#2,9.931666666666665,1.1231884057971016
9528,9529,-26339464#3,5.8999999999999995,0.0
9530,9531,-26339465,19.076666666666668,0.5666666666666663
9532,9533,-26339466,18.810588235294116,21.183823529411764
9534,9535,-26339468#0,5.978666666666666,0.20952380952380947
9536,9537,-26339468#1,3.1466666666666665,0.6666666666666666
9538,9539,-26339468#2,14.553333333333333,0.3333333333333335
9540,9541,-26339470,8.26,0.0
9542,9543,-26339471#0,6.194999999999999,1.4772727272727275
9544,9545,-26339471#1,7.417142857142856,0.31428571428571445
9546,9547,-26339471#2,1.0676190476190475,0.0904761904761905
9548,9549,-26339471#3,9.086,0.431578947368421
9550,9551,-26339471#4,3.638333333333333,0.427536231884058
9552,9553,-26339471#5,16.892631578947366,2.1169590643274856
9554,9555,-26339472#0,16.52,0.0
9556,9557,-26339472#1,3.54,0.0
9558,9559,-26339472#2,10.114285714285714,2.6190476190476186
9560,9561,-26339472#3,11.668888888888889,1.1111111111111114
9562,9563,-26339472#4,6.883333333333333,0.5666666666666667
9564,9565,-26339472#5,11.406666666666665,1.0666666666666664
9566,9567,-26339473#0,14.508636363636363,3.0381400208986395
9568,9569,-26339473#1,39.333333333333336,2.3333333333333357
9570,9571,-26339478#0,16.70153846153846,1.3076923076923077
9572,9573,-26339478#1,4.901538461538462,0.14102564102564127
9574,9575,-26339478#2,13.104210526315788,1.0994152046783625
9576,9577,-26339478#3,11.328,2.166666666666666
9578,9579,-26339478#4,11.255384615384614,3.938461538461539
9582,9583,-26339480#1,18.88,1.6666666666666663
9584,9585,-26339480#3,19.44190476190476,1.461904761904761
9586,9587,-26339623#0,10.62,2.0
9588,9589,-26339623#2,7.08,0.0
9590,9591,-26339623#3,17.7,0.0
9592,9593,-26339623#4,9.735,0.9166666666666665
9594,9595,-26339623#5,8.26,0.0
9596,9597,-26339623#6,2.546315789473684,0.14035087719298256
9598,9599,-26339623#7,6.799047619047618,0.19047619047619052
9600,9601,-26339624#1,15.18774193548387,52.382795698924745
9602,9603,-26339624#2,9.060714285714285,0.5224867724867729
9604,9605,-26339625#0,9.675999999999998,0.20000000000000007
9606,9607,-26339625#1,7.316,0.19999999999999996
9608,9609,-26339626#0,5.8999999999999995,0.0
9610,9611,-26339626#1,4.425,0.25000000000000006
9612,9613,-26339627#0,4.72,0.0
9614,9615,-26339627#1,15.93,31.428571428571427
9618,9619,-26339627#3,7.965,0.9166666666666666
9620,9621,-26356902#0,31.388,5.800000000000001
9622,9623,-26356902#1,23.82125,3.495833333333333
9624,9625,-26356922#1,7.375,0.24999999999999992
9632,9633,-263949099#0,7.276666666666666,0.5666666666666668
9634,9635,-26416597#1,100.064,17526.7
9636,9637,-26416598#0,18.172,8.3
9638,9639,-26416599#0,11.799999999999999,1.3333333333333335
9640,9641,-26416599#1,8.907096774193548,2.589247311827956
9642,9643,-26416600#0,37.36666666666667,1.066666666666667
9644,9645,-26416600#1,7.151515151515151,0.6837121212121217
9646,9647,-26416600#2,12.318048780487805,1.6024390243902438
9650,9651,-26416602#0,10.132266666666665,1.5160360360360357
9652,9653,-26416602#1,10.481176470588235,0.7130124777183601
9654,9655,-26416602#2,10.62,0.49999999999999994
9656,9657,-26416602#3,6.162222222222222,0.4444444444444444
9658,9659,-26416602#4,8.555,12.25
9660,9661,-26416602#5,6.194999999999999,0.9166666666666666
9662,9663,-26416602#6,6.194999999999999,1.583333333333333
9664,9665,-26416603#0,9.27142857142857,1.0672268907563025
9666,9667,-26416603#1,7.695652173913043,0.6245059288537548
9668,9669,-26416603#10,2.9499999999999997,0.5
9670,9671,-26416603#11,2.789090909090909,0.25454545454545446
9672,9673,-26416603#12,8.169230769230769,0.4102564102564106
9674,9675,-26416603#2,3.54,0.8421052631578949
9676,9677,-26416603#3,3.1466666666666665,0.3809523809523813
9678,9679,-26416603#4,3.0155555555555553,1.527777777777778
9680,9681,-26416603#5,4.523333333333333,0.1666666666666667
9682,9683,-26416603#6,4.72,0.0
9684,9685,-26416603#7,5.8999999999999995,0.0
9686,9687,-26416603#8,7.08,0.0
9696,9697,-26416605#1,7.407777777777778,1.5065359477124185
9698,9699,-26416605#2,19.666666666666668,4.333333333333335
9700,9701,-26416606#0,8.85,0.3333333333333335
9702,9703,-26416606#1,10.03,0.3333333333333333
9704,9705,-26416606#2,13.812941176470586,1.595588235294118
9706,9707,-26416606#3,5.768888888888889,0.8104575163398691
9708,9709,-26416607,20.06,1.0
9710,9711,-26438879#0,4.5725,1.8392857142857142
9712,9713,-26438879#1,7.08,0.39999999999999997
9714,9715,-26438879#2,3.933333333333333,0.2666666666666667
9716,9717,-26438880#0,14.16,0.36363636363636354
9726,9727,-26438881#3,5.31,0.3
9728,9729,-26438881#4,4.888571428571429,0.4761904761904762
9730,9731,-26438881#5,1.3485714285714285,0.1318681318681319
9732,9733,-26438881#6,21.535,3.4537037037037037
9736,9737,-26438883#1,4.588888888888889,0.11111111111111116
9738,9739,-26438884#1,7.683720930232558,0.8272425249169439
9740,9741,-26438884#2,11.512195121951219,2.789024390243903
9742,9743,-26438884#3,5.31,0.6842105263157897
9744,9745,-26438884#4,2.635333333333333,0.9436781609195404
9746,9747,-26438884#5,14.99037037037037,1.5242165242165244
9748,9749,-26438884#6,6.096666666666667,1.914285714285714
9750,9751,-26438884#7,1.9666666666666666,0.23076923076923084
9752,9753,-26438884#8,4.982222222222222,0.3333333333333333
9760,9761,-26451325#1,13.097999999999999,9.042105263157895
9762,9763,-26451325#2,20.768,15.799999999999999
9764,9765,-26451326,21.24,0.0
9766,9767,-26451327#1,7.21111111111111,2.6928104575163405
9768,9769,-26451327#10,3.202857142857143,0.23809523809523814
9770,9771,-26451327#11,4.538461538461538,0.3076923076923077
9772,9773,-26451327#12,3.877142857142857,0.5714285714285714
9774,9775,-26451327#13,3.933333333333333,0.33333333333333326
9776,9777,-26451327#14,4.012,0.30000000000000004
9778,9779,-26451327#15,4.012,0.3
9782,9783,-26451327#17,5.761176470588236,0.48529411764705876
9784,9785,-26451327#18,3.754545454545454,0.278409090909091
9786,9787,-26451327#19,6.203428571428571,0.5416149068322981
9788,9789,-26451327#2,11.799999999999999,3.2000000000000006
9790,9791,-26451327#4,3.54,1.0
9792,9793,-26451327#6,2.9499999999999997,0.3333333333333333
9794,9795,-26451327#8,1.18,0.0
9796,9797,-26471752#1,22.334492753623188,169.71526001705035
9798,9799,-26471752#2,11.92,2.5067212156633554
9800,9801,-26471752#3,2.545098039215686,0.6549019607843136
9802,9803,-26471752#4,5.680465116279069,0.3931339977851606
9804,9805,-26471752#5,2.816774193548387,0.9118279569892477
9806,9807,-26471933,5.231333333333334,0.31751412429378534
9808,9809,-26471934#1,4.72,0.33333333333333365
9810,9811,-26471934#2,16.41272727272727,0.890909090909093
9812,9813,-26471934#3,4.992307692307692,0.35897435897435886
9814,9815,-26471935#0,1.77,0.5
9816,9817,-26471935#1,8.85,0.5
9818,9819,-26471935#2,9.44,0.0
9820,9821,-26471937#0,1.9666666666666666,0.33333333333333337
9828,9829,-26471939#0,6.612673267326732,1.8015841584158412
9830,9831,-264743653#0,41.10333333333333,6.166666666666666
9832,9833,-264743653#1,105.80666666666667,82.3333333333333
9836,9837,-26546533,3.8886363636363632,1.1432346723044398
9838,9839,-26554544#1,1.4749999999999999,0.2045454545454545
9840,9841,-26554545#0,5.113333333333332,0.33333333333333326
9842,9843,-26554545#1,18.88,1.9999999999999993
9846,9847,-26574714#1,4.827272727272727,0.4909090909090909
9848,9849,-26574714#2,12.389999999999999,1.9
9858,9859,-26574716#3,8.26,0.0
9860,9861,-26574717,2.065,0.25
9864,9865,-26597826#1,24.779999999999998,0.0
9866,9867,-26642300#2,5.506666666666667,0.33333333333333326
9872,9873,-26642302#0,7.08,1.0
9874,9875,-26642303#0,84.96,0.0
9876,9877,-26642304#0,2.7230769230769227,0.23076923076923073
9878,9879,-26642305#1,23.337777777777777,4.1944444444444455
9880,9881,-26642306#0,27.53333333333333,4.666666666666667
9882,9883,-26642309#1,3.54,0.0
9884,9885,-26642309#2,3.54,0.0
9890,9891,-26642362#2,8.85,1.1666666666666667
9892,9893,-26642362#3,4.629230769230769,0.24358974358974358
9894,9895,-26642362#4,0.3933333333333333,0.23809523809523814
9896,9897,-26642362#5,4.785555555555555,1.4673202614379088
9898,9899,-26642363,7.67,0.5
9900,9901,-26642373#0,31.07333333333333,2.333333333333335
9902,9903,-26642373#1,6.6866666666666665,0.24999999999999997
9904,9905,-26642373#2,11.406666666666665,0.3333333333333335
9906,9907,-26642373#3,10.325,8.25
9908,9909,-26642374,8.751666666666667,0.2651515151515149
9912,9913,-266507543,3.057272727272727,0.7124735729386894
9914,9915,-266507550#0,9.5292375,4.026172217010632
9916,9917,-266561174#0,10.635967523680648,9.522851872632392
9918,9919,-266561177#0,2.411596958174905,0.1752272315770414
9920,9921,-266561177#1,6.590950570342205,0.4945717906934638
9922,9923,-266561178#0,14.227972350230415,22.174503251348966
9924,9925,-266565295#0,5.735864661654135,0.4024609546465034
9926,9927,-266565295#1,11.751657355679702,1.1363781650407192
9928,9929,-266565295#2,15.981868131868131,5.789807440266161
9930,9931,-266565295#3,21.525634920634918,25.96912177727286
9932,9933,-266565295#4,3.492894211576846,0.8704031936127743
9934,9935,-266565295#6,16.026257197696737,1.8784290565480581
9936,9937,-266565299,1.6879323308270675,0.24562465485748272
9938,9939,-266565302,12.243904761904762,9.364980633401686
9940,9941,-266567307#0,11.014606256742178,1.1969030827048408
9942,9943,-266567307#1,3.6435777777777774,0.16914967247559007
9944,9945,-266607792#0,2.965429638854296,0.3583958907989122
9946,9947,-266607792#1,2.0087920298879203,0.22288536368679746
9948,9949,-266607792#2,0.9551681195516811,0.15682002459623764
9950,9951,-266607792#3,5.452996884735202,0.3776058296626028
9952,9953,-266607792#4,6.110217256362508,1.3067521041288352
9954,9955,-266607792#5,7.546838966202783,0.557567064456762
9956,9957,-266607792#7,4.519814446653412,0.3054177147547955
9958,9959,-266607795#0,3.1790979563072583,0.29849185594257244
9960,9961,-266607795#1,2.576361071932299,0.20065435528485973
9962,9963,-266607795#2,4.455932441942294,0.4597436837775417
9964,9965,-266607795#4,5.1390576652601965,0.3994774979684874
9966,9967,-266607795#5,5.295,0.41397256992274084
9968,9969,-266607795#6,1.130105708245243,0.19285120036259887
9970,9971,-266607795#7,3.255772471910112,0.4008301617882782
9972,9973,-266607795#8,6.082114164904863,0.5946409348843182
9974,9975,-266607795#9,11.970954063604239,1.0164783262778572
9976,9977,-266607796,2.0893322859387276,0.1989160453936868
9978,9979,-266607798,1.5288050314465407,0.20838343502120382
9980,9981,-266607800#0,2.937092448835568,0.252881674900024
9982,9983,-266607800#1,6.152441942294159,2.8316648660435497
9984,9985,-266607801#0,2.9534756995581737,0.27080929842859236
9986,9987,-266607801#1,5.119397944199706,2.3989449107236287
9988,9989,-266607802#1,8.564355179704016,27.037798525153814
9990,9991,-266607803#1,16.707232472324723,121.66834629577058
9992,9993,-266607803#2,1.5733333333333333,1.6837073981712427
9994,9995,-266607804#0,1.1603333333333332,0.08786976374826289
9996,9997,-266607804#1,9.85803317535545,4.890426371724674
9998,9999,-266607805#0,19.3664250177683,128.03905386701874
10002,10003,-26677213#0,6.972727272727273,1.038961038961039
10004,10005,-26677213#1,6.8076923076923075,1.5256410256410255
10006,10007,-26677213#2,7.67,0.29999999999999993
10008,10009,-26677213#3,2.124,0.1777777777777778
10010,10011,-26677213#4,1.534,0.23333333333333334
10012,10013,-26677213#5,5.041818181818181,0.21818181818181812
10014,10015,-26677213#6,3.3347826086956522,0.8774703557312254
10016,10017,-26677214#0,14.867999999999999,2.4166666666666674
10018,10019,-26677214#1,1.3766666666666667,0.14705882352941174
10020,10021,-26677214#2,2.596,1.0285714285714287
10026,10027,-26677214#5,11.6525,0.6964285714285714
10028,10029,-26677216#0,26.255,166.2142857142857
10030,10031,-26677216#1,6.784999999999999,0.25
10034,10035,-26677216#3,6.6866666666666665,0.3333333333333335
10036,10037,-26677216#4,9.44,1.0
10038,10039,-26677216#5,11.799999999999999,0.0
10040,10041,-26677416#0,1.3766666666666667,0.15151515151515155
10042,10043,-26677416#1,17.306666666666665,0.33333333333333304
10044,10045,-26677416#2,15.654666666666667,3.6380952380952385
10046,10047,-26677416#3,17.025714285714287,1.2857142857142856
10048,10049,-26677416#4,12.137142857142857,1.2380952380952381
10050,10051,-26677416#5,1.18,0.0
10052,10053,-26677416#6,1.3485714285714285,0.14285714285714285
10054,10055,-26677416#7,2.36,0.0
10056,10057,-26677417#0,14.857272727272727,1.2056277056277056
10058,10059,-26677417#1,5.8999999999999995,0.19047619047619052
10060,10061,-26677539,18.88,151.0
10062,10063,-26677540#0,6.489999999999999,0.5
10064,10065,-26677540#1,8.26,0.0
10066,10067,-26677540#2,8.26,0.0
10070,10071,-26677542#0,13.957373737373738,4.204906204906205
10072,10073,-26677542#1,6.448450704225351,0.5665995975855127
10074,10075,-26677542#2,6.299677419354839,0.39159175039661553
10076,10077,-26677542#3,14.34153846153846,5.655384615384617
10078,10079,-26678225,14.16,1.4999999999999998
10080,10081,-266887588#0,11.131996450754214,3.6668074597203146
10082,10083,-266887589#0,0.4700093720712277,0.23988458109654978
10084,10085,-266887589#1,11.507757009345793,1.1799524404850352
10086,10087,-266887589#2,4.6089282385834105,0.3502733304586112
10088,10089,-266887589#3,7.4125953488372085,0.586216274739076
10090,10091,-266887591,11.776965394853592,37.5964214398401
10092,10093,-266887593#1,5.709440993788819,0.425052127577419
10094,10095,-266887593#2,2.9317094774136403,0.30494569348384604
10096,10097,-266887593#3,1.8698139946855623,0.3104360225895007
10098,10099,-266887593#4,18.903324348607367,3.087738434589258
10100,10101,-266887593#6,3.338254674977738,0.2541654563549699
10102,10103,-26729232#0,5.1035,2.225
10104,10105,-26729232#1,13.991428571428571,2.497354497354497
10106,10107,-26729232#2,41.46857142857143,9.20879120879121
10108,10109,-26729233#0,8.555,0.20454545454545456
10110,10111,-26766980#0,9.797575757575757,1.2178030303030307
10112,10113,-26766980#1,14.728148148148147,1.8746438746438752
10116,10117,-267834292,100.3,12482.0
10118,10119,-26809976#0,49.75666666666666,15.766666666666662
10120,10121,-26809976#1,49.559999999999995,3.0
10124,10125,-268133899#1,15.733333333333333,1.333333333333333
10126,10127,-268133899#2,3.933333333333333,0.33333333333333326
10128,10129,-268133899#3,26.746666666666666,11.866666666666667
10130,10131,-268133899#4,3.3152380952380947,0.16190476190476194
10136,10137,-268133900#2,24.779999999999998,1.3333333333333333
10138,10139,-268133900#3,3.835,0.25000000000000006
10142,10143,-268133902,3.54,0.5
10144,10145,-268133903#0,1.18,0.0
10146,10147,-268133903#1,2.9499999999999997,0.5
10148,10149,-268133904#0,19.69877551020408,2.466836734693879
10150,10151,-268133904#1,28.402325581395345,17.590254706533777
10152,10153,-268133904#2,16.937916666666666,1.978280141843972
10154,10155,-26814848#0,4.457777777777777,0.19444444444444445
10156,10157,-26814848#1,16.305454545454545,1.1636363636363642
10158,10159,-26814848#2,4.771868131868131,0.26471306471306477
10160,10161,-26814848#4,6.739111111111111,0.6571785268414481
10162,10163,-26814848#5,10.201290322580643,1.0792426367461432
10166,10167,-26973015,5.793932584269663,0.43549885950832123
10174,10175,-27195926#0,11.799999999999999,0.0
10178,10179,-27196044#0,18.913562874251493,3.1131328048550566
10180,10181,-27196044#1,9.214511494252873,0.9461651368560314
10182,10183,-27196044#2,4.4334770114942526,0.3452720582154969
10184,10185,-27196044#3,4.0008583690987125,0.2842087140450338
10186,10187,-27196044#4,2.3194849785407725,0.16787387631122636
10188,10189,-27196044#5,4.974542857142857,0.3840159411404046
10190,10191,-27196044#6,4.216690442225392,0.3163806806602812
10192,10193,-27196044#7,2.512745376955903,0.2125647915121599
10194,10195,-27196044#8,12.618603988603988,0.8860947527138678
10196,10197,-272255518#0,15.34,1.5000000000000004
10198,10199,-272255518#1,4.414074074074074,1.7378917378917378
10210,10211,-272255519#5,2.36,0.0
10212,10213,-27267723,3.550419426048565,0.2472991273588071
10214,10215,-27267724,5.520969696969696,0.3736126424108784
10216,10217,-273078633,17.503333333333334,4.5666666666666655
10218,10219,-273078634#0,1.6857142857142857,0.28571428571428575
10220,10221,-273078634#1,6.742857142857143,1.5714285714285718
10222,10223,-273123309#0,39.47636363636363,428.6547831253713
10224,10225,-273123312,21.900799999999997,5.673333333333332
10226,10227,-273123315,104.06125,177.76249999999985
10228,10229,-273123317,26.877777777777776,6.487179487179489
10230,10231,-273123318,63.72,0.0
10234,10235,-274823622#0,17.464,194.42051282051287
10236,10237,-274823622#0.70,13.216,324.31794871794875
10238,10239,-274823622#1,14.976923076923075,0.5344129554655872
10240,10241,-274823622#10,11.11923076923077,18.173846153846153
10242,10243,-274823622#3,8.630196078431371,0.4596078431372549
10244,10245,-274823622#4,1.0073170731707317,0.12804878048780488
10246,10247,-274823622#5,4.317073170731708,0.2304878048780487
10248,10249,-274823622#6,8.26,2.35
10250,10251,-274823622#9,3.0974999999999997,0.43548387096774194
10252,10253,-274823623#0,8.85,0.4857142857142857
10254,10255,-274823623#1,2.4386666666666668,0.06666666666666665
10256,10257,-274823624#0,3.2449999999999997,0.9166666666666666
10258,10259,-274823624#1,16.52,2.0
10260,10261,-274823625,6.293333333333333,1.2380952380952388
10262,10263,-27761238#0,8.26,0.0
10264,10265,-27761238#1,4.425,0.25
10266,10267,-27761238#2,4.72,0.0
10268,10269,-27761238#3,12.979999999999999,1.0
10270,10271,-27761238#4,16.126666666666665,2.4999999999999987
10272,10273,-27761238#5,4.858823529411764,0.9852941176470591
10274,10275,-27761238#6,16.814999999999998,1.295454545454545
10276,10277,-27761238#7,17.11,15.466666666666665
10280,10281,-27781907#0,14.267272727272728,2.090909090909091
10282,10283,-27781907#1,20.06,4.199999999999999
10284,10285,-27781908#0,15.34,0.0
10292,10293,-27781947#2,11.799999999999999,1.0
10294,10295,-27781947#3,27.139999999999997,3.0
10296,10297,-27781947#4,16.52,1.3333333333333333
10298,10299,-27781947#5,16.913333333333334,1.333333333333334
10300,10301,-27782265#0,6.152857142857143,0.3351648351648354
10302,10303,-27782265#1,6.8271428571428565,1.1043956043956045
10304,10305,-27782265#10,27.89090909090909,7.254545454545455
10306,10307,-27782265#2,2.107142857142857,0.18131868131868129
10308,10309,-27782265#3,7.316,1.0666666666666667
10310,10311,-27782265#6,7.08,8.5
10312,10313,-27782265#7,8.751666666666667,0.6287878787878788
10314,10315,-27782265#8,3.54,0.0
10316,10317,-27782265#9,32.25333333333333,9.999999999999996
10324,10325,-27825202#0,6.898461538461538,0.8076923076923078
10326,10327,-27825202#2,9.102857142857143,0.5714285714285712
10328,10329,-27825202#3,5.8999999999999995,1.1999999999999997
10332,10333,-27825654#1,23.599999999999998,722.0
10340,10341,-27825654#6,6.372,1.7999999999999998
10348,10349,-27830333#1,11.966007604562737,65.06207495926134
10350,10351,-27866012#0,69.03,60.5
10352,10353,-27866012#1,7.294545454545454,0.5636363636363634
10356,10357,-27866016,97.15333333333332,1619.0666666666666
10358,10359,-27866593,7.08,0.0
10360,10361,-27872579#0,8.26,0.4999999999999999
10362,10363,-27872579#1,4.484,1.7
10364,10365,-27872579#2,7.08,0.6666666666666666
10366,10367,-27872579#3,6.784999999999999,0.9166666666666669
10368,10369,-27872582,12.094999999999999,0.9166666666666666
10370,10371,-27872583#0,3.0483333333333333,0.9924242424242423
10372,10373,-27872583#1,5.015,0.24999999999999992
10374,10375,-27872583#2,9.44,0.0
10378,10379,-27872583#4,3.54,0.0
10380,10381,-27872584#0,5.094146341463414,0.4719512195121953
10382,10383,-27872584#1,5.813658536585366,0.619512195121951
10384,10385,-27872584#2,5.623829787234042,0.530989824236818
10386,10387,-27872584#3,4.594468085106383,0.6188714153561518
10388,10389,-27872584#4,4.4368,0.3493877551020408
10390,10391,-27893434#0,9.8825,0.8392857142857142
10392,10393,-27893434#1,4.8675,0.4107142857142857
10394,10395,-27893434#2,5.8999999999999995,0.3333333333333333
10396,10397,-27893434#3,5.73142857142857,1.1428571428571428
10398,10399,-27893434#4,3.202857142857143,0.23809523809523803
10400,10401,-27893434#5,7.248571428571428,0.8095238095238094
10402,10403,-27893434#6,4.551428571428572,0.8095238095238096
10408,10409,-27914965#0,34.809999999999995,0.5
10410,10411,-27914965#2,15.34,0.0
10412,10413,-27914968,74.73333333333333,0.33333333333333215
10414,10415,-27998320#0,2.7533333333333334,0.2666666666666666
10416,10417,-27998320#1,23.599999999999998,0.0
10418,10419,-27998322#0,17.025714285714287,30.952380952380945
10420,10421,-27998322#1,1.3766666666666667,0.16666666666666669
10422,10423,-27998675#2,10.7144,4.159999999999999
10424,10425,-27998675#4,12.586666666666666,0.3333333333333335
10428,10429,-27998676#0,5.73142857142857,0.8907563025210087
10430,10431,-27998676#1,1.2421052631578946,0.10526315789473682
10432,10433,-27998676#2,5.434210526315789,0.35348506401137936
10434,10435,-27998676#3,4.432972972972973,0.5225225225225225
10436,10437,-27998676#4,5.55037037037037,0.6011396011396013
10438,10439,-28013743#0,1.18,0.0
10440,10441,-28013743#1,2.065,0.9166666666666666
10442,10443,-28013743#10,1.18,0.0
10444,10445,-28013743#2,3.54,0.0
10446,10447,-28013743#3,3.54,2.0
10448,10449,-28013743#4,3.54,0.0
10450,10451,-28013743#5,2.9499999999999997,0.5
10452,10453,-28013743#6,4.72,0.0
10454,10455,-28013743#7,3.54,0.0
10456,10457,-28013743#8,4.72,0.0
10460,10461,-28013748#0,2.7533333333333334,1.3333333333333335
10464,10465,-28013748#10,5.067058823529411,1.2205882352941178
10470,10471,-28013748#4,3.933333333333333,0.33333333333333326
10472,10473,-28013748#5,2.36,0.0
10476,10477,-28013748#7,3.54,0.0
10478,10479,-28013748#8,4.72,0.0
10480,10481,-28013748#9,3.3714285714285714,1.1428571428571428
10482,10483,-28014156#1,83.14461538461539,28.602564102564088
10484,10485,-28014167#0,76.228,1298.8
10486,10487,-28014167#1,131.37333333333333,99.46666666666667
10488,10489,-28014167#3,32.70285714285714,13.9047619047619
10490,10491,-28014170#1,61.242,14.100000000000005
10492,10493,-28035146#0,9.44,0.0
10494,10495,-28035146#1,7.67,0.3333333333333333
10496,10497,-28098600#0,1.77,2.0
10498,10499,-28098600#1,4.5725,0.982142857142857
10500,10501,-28098609#0,4.13,3.1818181818181817
10502,10503,-28098609#1,2.9106666666666667,1.1238095238095238
10504,10505,-28098609#2,5.998333333333333,1.3560606060606064
10508,10509,-28111851#1,7.08,0.3999999999999999
10510,10511,-28111930#0,1.18,0.0
10512,10513,-28111930#1,16.38888888888889,2.111111111111111
10516,10517,-28111977#1,26.033749999999998,32.995833333333344
10518,10519,-28111977#11,22.262666666666664,4.409523809523811
10520,10521,-28111977#2,56.77111111111111,29.111111111111118
10534,10535,-28114237,7.715384615384615,4.435897435897435
10536,10537,-28114295#0,15.93,4.5
10540,10541,-28119595#2,10.03,112.5
10542,10543,-28119595#3,5.31,12.5
10548,10549,-28124258#0,22.557743190661476,14.244133025291823
10550,10551,-28124258#1,6.597664233576642,2.7581580077286385
10552,10553,-28124258#2,21.285384615384615,8.911127707244212
10554,10555,-28124570#0,15.93,0.5
10556,10557,-28124570#1,24.189999999999998,0.5
10558,10559,-28124570#2,7.67,0.5
10562,10563,-28124570#4,5.8999999999999995,0.0
10580,10581,-28124729#0,21.577142857142857,4.571428571428574
10582,10583,-28124729#1,4.045714285714285,0.28571428571428575
10584,10585,-28124729#2,7.585714285714285,1.6190476190476193
10586,10587,-28124764#0,4.382857142857143,2.314285714285715
10588,10589,-28124764#1,21.764444444444443,4.027777777777778
10590,10591,-28124764#2,6.424444444444444,0.27777777777777773
10592,10593,-28124764#3,9.332727272727272,0.46753246753246763
10594,10595,-28124764#4,4.372941176470588,3.9108734402852052
10596,10597,-28124854#0,45.806768759571206,1181.4151485827565
10598,10599,-28124882,43.66,0.0
10600,10601,-28132014#0,7.444610742305371,83.43345170102535
10602,10603,-28132014#1,8.147551266586248,29.68071412503737
10604,10605,-28132014#2,7.93714972940469,0.8498863564824545
10606,10607,-28132244#0,3.2449999999999997,0.25000000000000006
10608,10609,-28132244#1,5.015,0.24999999999999992
10610,10611,-28132718,5.394285714285714,3.0571428571428574
10612,10613,-28132718.37,8.37238095238095,59.69047619047618
10614,10615,-28132749#0,3.0974999999999997,0.8392857142857143
10616,10617,-28132749#1,2.655,0.21428571428571433
10618,10619,-28132749#2,2.8024999999999998,0.2678571428571428
10620,10621,-28132813,12.979999999999999,0.0
10624,10625,-28133036#0,9.44,1.0
10628,10629,-28133087,25.959999999999997,4.000000000000001
10632,10633,-28133108#0,5.8999999999999995,0.6666666666666666
10634,10635,-28133108#1,5.8999999999999995,0.0
10638,10639,-28133112#0,8.26,0.25000000000000006
10640,10641,-28133112#1,2.36,0.0
10644,10645,-28133141,29.178181818181816,40.018181818181816
10646,10647,-28133152#0,18.88,3.3749999999999996
10648,10649,-28133152#1,9.102857142857143,1.5714285714285714
10652,10653,-28133177#1,11.799999999999999,21.5
10654,10655,-28133179,32.64666666666667,2.333333333333333
10656,10657,-28133181#0,18.88,0.0
10658,10659,-28133181#1,8.26,0.0
10664,10665,-28161024#1,11.799999999999999,0.0
10666,10667,-28161024#2,8.968,10.3
10668,10669,-28161026#0,5.8999999999999995,0.0
10670,10671,-28161026#1,4.72,13.0
10672,10673,-28161026#2,5.562857142857142,2.9047619047619047
10674,10675,-28161026#3,2.556666666666666,0.16666666666666669
10678,10679,-28161026#5,11.799999999999999,0.0
10680,10681,-28161026#6,9.558,0.10000000000000003
10682,10683,-28161027,42.48,0.0
10688,10689,-28161105#0,34.22,0.0
10690,10691,-28161105#1,16.52,0.0
10692,10693,-28161105#2,27.139999999999997,0.0
10694,10695,-28161139,23.599999999999998,0.0
10696,10697,-28161141#0,3.802222222222222,0.19444444444444445
10698,10699,-28161141#1,19.47,1.666666666666666
10700,10701,-28162357#1,3.3826666666666667,0.9809523809523811
10702,10703,-28162375#1,4.13,0.3333333333333333
10704,10705,-28162375#2,18.88,1.0
10706,10707,-28162390#1,5.73142857142857,0.4761904761904763
10708,10709,-28252424,7.323695652173912,985.7700668896321
10710,10711,-282532460#0,9.44,1.0000000000000002
10712,10713,-282532460#1,8.613999999999999,1.344444444444444
10714,10715,-282532460#2,9.44,0.0
10718,10719,-28268964#0,11.013333333333334,0.33333333333333304
10720,10721,-28268964#1,29.5,3.0
10722,10723,-28269269#0,26.746666666666666,6.333333333333331
10724,10725,-28269269#1,9.046666666666667,0.33333333333333326
10726,10727,-28269269#2,11.799999999999999,1.0
10728,10729,-28269269#3,10.423333333333334,0.9666666666666671
10730,10731,-28269269#4,15.143333333333333,0.5666666666666664
10734,10735,-28269326#0,10.282857142857141,0.23809523809523822
10736,10737,-28269326#1,18.88,1.0
10738,10739,-28269326#2,22.419999999999998,0.0
10740,10741,-28269326#3,14.16,0.0
10742,10743,-28269326#4,13.569999999999999,180.5
10744,10745,-28269334,5.31,0.5
10746,10747,-28269616#1,8.26,44.666666666666664
10750,10751,-28269616#3,5.113333333333332,0.33333333333333326
10752,10753,-28269616#4,3.068,0.7999999999999999
10754,10755,-28269620#0,15.34,0.0
10756,10757,-28269620#1,11.668888888888889,9.36111111111111
10758,10759,-28269620#2,20.945,13.58333333333333
10760,10761,-28269631,2.6222222222222222,0.1944444444444444
10762,10763,-28269810#0,6.884635761589404,0.557215462806099
10764,10765,-28269810#1,10.623907284768212,1.2259026204043917
10766,10767,-283067359#0,1.18,0.0
10772,10773,-283067359#3,5.31,0.5
10774,10775,-283067359#4,5.8999999999999995,0.0
10776,10777,-283067359#5,13.569999999999999,220.5
10782,10783,-28319300#0,24.916811594202898,65.80988917306053
10784,10785,-28319300#1,5.230746268656715,0.4310266847580279
10786,10787,-28319300#2,9.145,1.2350746268656712
10788,10789,-28319300#4,3.34,0.3845704266510812
10790,10791,-28319300#5,7.822258064516128,0.9584875727128499
10792,10793,-28319300#6,2.8084,0.24040816326530612
10794,10795,-28319300#7,5.8999999999999995,1.8333333333333333
10796,10797,-28320823,18.236363636363635,21.672727272727272
10798,10799,-283470309,1.4032432432432433,0.15765765765765768
10800,10801,-28390298,64.66399999999999,64.17777777777778
10802,10803,-28418763,20.2577183600713,16.432588489941452
10804,10805,-28418764,21.81942652329749,3.7112503545550646
10806,10807,-284224051,2.36,0.0
10812,10813,-284224053,20.06,512.0
10814,10815,-284224054#0,16.814999999999998,69.58333333333333
10816,10817,-284224054#2,22.81333333333333,6.333333333333331
10818,10819,-285548171#0,12.389999999999999,1.0000000000000002
10820,10821,-285548171#1,2.124,0.39999999999999997
10822,10823,-285549250#0,14.16774278215223,4.2062643779251605
10824,10825,-285716192#0,6.995468841001746,0.5758675415052811
10826,10827,-285716192#1,1.939895287958115,0.48318695183124116
10828,10829,-28577490#0,4.534571428571429,0.30828157349896473
10830,10831,-28577490#1,3.54,0.23188405797101444
10832,10833,-28577490#3,1.491090909090909,0.39774812343619687
10834,10835,-286646181,31.182297297297296,6.926411104982534
10836,10837,-286646182,44.053333333333335,18.750000000000014
10838,10839,-286646184#0,10.915,2.1357142857142857
10840,10841,-286646185,45.495555555555555,20.02777777777778
10842,10843,-286646186#0,7.528732394366196,0.4501048846269101
10844,10845,-286646186#1,2.343021582733813,1.7244291523303092
10846,10847,-286646187#0,1.3456140350877193,0.12280701754385971
10848,10849,-286646187#1,4.366,7.196610169491525
10850,10851,-286646188#0,3.809223300970874,0.9476912147762255
10852,10853,-286646188#1,5.5744827586206895,1.1354679802955663
10854,10855,-286646188#2,1.18,0.0
10856,10857,-286646188#3,3.754545454545454,0.5636363636363636
10858,10859,-286646188#4,22.082857142857144,0.9047619047619047
10860,10861,-286646188#5,12.53047619047619,7.247619047619047
10862,10863,-286646190#0,9.985664739884394,4.319801048528026
10864,10865,-286646190#1,36.01622222222222,9.681067659838615
10866,10867,-286646191#0,144.4025,283.69642857142856
10870,10871,-286646191#2,9.833333333333334,4.500000000000001
10872,10873,-286646191#3,7.774117647058823,0.6323529411764705
10874,10875,-286646456#0,4.2586306306306305,0.538185839268872
10876,10877,-286646456#2,3.952811501597444,0.45821597444089446
10878,10879,-286646456#3,3.3127755644090304,0.3950510016670904
10882,10883,-28738529#1,1.18,0.0
10884,10885,-28738529#12,2.36,0.0
10886,10887,-28738529#13,1.77,0.5
10892,10893,-28738529#2,3.54,0.0
10894,10895,-28738529#3,7.08,0.0
10896,10897,-28738529#4,14.16,0.0
10898,10899,-28738529#6,3.54,0.0
10900,10901,-28738529#7,3.54,0.0
10902,10903,-28738529#8,18.29,5.181818181818179
10904,10905,-28738529#9,2.517333333333333,0.2666666666666666
10906,10907,-28738542#0,4.72,0.0
10908,10909,-28738542#1,12.389999999999999,0.5
10910,10911,-28738543#0,14.16,2.0
10918,10919,-28738543#4,8.26,0.0
10920,10921,-28738543#5,1.18,0.0
10924,10925,-28740443#0,6.726,18.677777777777777
10926,10927,-28740443#1,3.1466666666666665,0.33333333333333326
10928,10929,-28749365#0,4.72,0.0
10932,10933,-28763451#1,3.9825,5.248563218390804
10934,10935,-28763451#2,1.4749999999999999,1.0172413793103448
10936,10937,-28781036#0,3.068,0.8
10942,10943,-28781036#4,7.276666666666666,0.9666666666666666
10944,10945,-28781036#5,6.096666666666667,0.16666666666666666
10946,10947,-28781036#6,3.54,0.6666666666666666
10948,10949,-28781036#7,8.915555555555555,0.5277777777777778
10954,10955,-288213479,7.473333333333333,0.33333333333333326
10962,10963,-28845091#0,26.416774193548385,26.11182795698925
10964,10965,-28845091#1,6.316470588235293,0.6176470588235292
10966,10967,-28845091#2,13.327058823529413,5.720588235294118
10968,10969,-28845091#3,52.6575,336.26785714285717
10970,10971,-28845095#0,75.992,17.3
10972,10973,-28845095#2,4.72,0.0
10978,10979,-28970268#0,2.36,0.5
10980,10981,-28970268#1,9.44,0.0
10982,10983,-28970268#2,14.16,0.0
10986,10987,-28970269,18.88,0.0
10988,10989,-289878517#1,5.8999999999999995,0.49999999999999994
10994,10995,-29001352,5.998333333333333,1.9015151515151516
10996,10997,-29027727#0,4.179166666666666,0.25176056338028163
10998,10999,-29027727#1,6.080277777777777,2.863654147104849
11000,11001,-29027727#2,9.037727272727272,0.9741014799154339
11002,11003,-29027727#4,3.54,0.5333333333333334
11004,11005,-29027727#5,1.5055172413793103,0.20689655172413793
11006,11007,-29027727#6,5.04551724137931,0.49261083743842377
11008,11009,-29027727#7,2.3206666666666664,0.5850574712643678
11010,11011,-29027727#8,4.7672,1.2066666666666666
11012,11013,-29027727#9,25.799090909090907,2386.504329004329
11014,11015,-29027839#0,16.457894736842103,1.2748538011695905
11016,11017,-29027839#1,5.527368421052631,0.3391812865497077
11018,11019,-29027839#2,6.583157894736841,0.5906432748538011
11020,11021,-29027936#1,27.119364069952304,913.1707360877658
11022,11023,-29048562#1,12.34663697104677,60.414383153038514
11024,11025,-29119851#0,4.357112970711297,0.6368823627448402
11026,11027,-29119851#1,2.8745492662473793,0.2590331730176349
11028,11029,-29119898,5.394285714285714,0.25714285714285706
11030,11031,-29146979#1,12.670952380952379,59.07607433217189
11032,11033,-29146979#2,1.77,0.25609756097560976
11034,11035,-29146979#3,1.2157575757575756,0.030303030303030304
11036,11037,-29146979#4,10.309473684210525,6.0369843527738265
11040,11041,-29187258#0,7.08,5.5
11044,11045,-29187258#2,1.18,0.0
11050,11051,-29187258#5,1.416,0.39999999999999997
11052,11053,-29187258#6,3.6788235294117646,0.48529411764705915
11054,11055,-29187258#7,10.1775,0.8392857142857145
11056,11057,-29205272#0,59.0,0.0
11058,11059,-29205272#1,27.139999999999997,0.0
11060,11061,-29205272#10,31.07333333333333,9.333333333333336
11062,11063,-29205272#11,85.74666666666667,17.33333333333335
11066,11067,-29205272#2,15.34,0.0
11070,11071,-29205272#4,36.58,0.0
11074,11075,-29205272#6,42.48,19.333333333333332
11076,11077,-29205272#7,2.865714285714285,0.6190476190476192
11078,11079,-29205272#8,9.636666666666665,10.166666666666666
11080,11081,-29205272#9,32.64666666666667,12.33333333333333
11082,11083,-29205273#0,5.8562962962962954,0.6111111111111114
11084,11085,-29205273#1,5.249487179487179,0.7181152181152183
11086,11087,-29205273#2,16.674754098360655,1.5158469945355195
11088,11089,-29205273#5,10.89890909090909,1.257912457912457
11090,11091,-29205273#6,8.2895,0.4352564102564102
11092,11093,-29205273#7,9.984615384615385,1.7813765182186243
11094,11095,-29205273#8,10.187333333333331,2.102298850574713
11096,11097,-29205273#9,8.4016,1.6099999999999997
11100,11101,-29205279,23.836,6.199999999999999
11102,11103,-29212862#1,33.80604838709677,214.15578882068698
11104,11105,-29212862#2,16.100661157024792,2.997658402203857
11106,11107,-29212920,67.25999999999999,49.0
11108,11109,-29213366,3.679022988505747,0.6575491072907351
11110,11111,-29213411,12.522448979591836,1.8673469387755113
11112,11113,-29213449#0,4.610596026490066,0.4846799116997789
11114,11115,-29213449#1,2.763892617449664,0.2671866497369853
11116,11117,-29213449#2,2.329548387096774,0.25906996229576873
11118,11119,-29213449#3,3.6988461538461537,0.43982630272952844
11120,11121,-29213477#0,25.80020833333333,482.37094298245614
11122,11123,-29213477#1,24.9927868852459,4.650273224043715
11124,11125,-29213811,5.939008264462809,0.6988980716253437
11126,11127,-29213889,2.947611336032389,0.25914222704980083
11130,11131,-29238184#0,2.075172413793103,0.18965517241379312
11132,11133,-29238184#1,2.888965517241379,0.25615763546798026
11134,11135,-29238187#0,14.789333333333332,78.83809523809525
11136,11137,-29238187#1,8.85,0.5
11138,11139,-29238187#2,14.553333333333333,3.466666666666666
11140,11141,-29238188#0,11.099709618874773,55.45624814387058
11142,11143,-29238188#0.32,2.4433695652173912,2.6029846918645956
11144,11145,-29238188#1,6.5849547920433995,43.94324108289435
11146,11147,-29238188#2,13.667441016333937,102.85453225540336
11148,11149,-29238188#3,6.601033210332103,31.180593543458567
11152,11153,-29254382#1,23.599999999999998,0.0
11154,11155,-29254382#2,17.11,0.5
11158,11159,-29254384#1,5.8999999999999995,0.4
11160,11161,-29254494,57.39090909090908,38.25454545454546
11164,11165,-29254505#0,3.0155555555555553,0.27777777777777773
11166,11167,-29254505#1,2.8844444444444446,1.2777777777777777
11168,11169,-29254505#2,10.62,0.75
11170,11171,-29254533#0,10.62,2.0
11172,11173,-29254533#1,10.62,0.0
11174,11175,-29254533#2,9.145,2.25
11176,11177,-29254557,8.496,10.7
11178,11179,-29254586#0,6.843999999999999,0.2
11180,11181,-29254586#1,3.2449999999999997,0.9166666666666669
11182,11183,-29254586#2,14.673870967741935,3.4629825489159183
11184,11185,-29254586#3,5.514230769230769,0.3420060331825038
11186,11187,-29254586#30,6.6866666666666665,0.7547169811320756
11188,11189,-29254586#4,3.6988461538461537,0.19720965309200608
11190,11191,-29254590#0,10.226666666666665,1.333333333333334
11192,11193,-29254590#1,2.9499999999999997,0.5
11194,11195,-29254590#2,8.653333333333332,0.3333333333333335
11196,11197,-29254590#3,6.321787234042553,0.7520276413893435
11198,11199,-29254706#0,48.90444444444444,15.27777777777779
11200,11201,-29254706#0.212,67.25999999999999,24.666666666666668
11202,11203,-29254706#1,24.3552,12.275918367346938
11204,11205,-29254706#1.113,14.71894736842105,1.283072546230441
11206,11207,-29254706#1.167,4.782105263157894,1.0526315789473688
11208,11209,-29254759#0,30.68,0.0
11210,11211,-29254759#1,19.01111111111111,1.1111111111111112
11214,11215,-29254771#1,17.5525,0.6964285714285712
11216,11217,-29254771#2,16.52,2.1818181818181817
11218,11219,-29254773,22.55111111111111,4.361111111111109
11220,11221,-29254786#0,7.375,1.5833333333333337
11222,11223,-29254798#0,27.477142857142855,3.9142857142857155
11224,11225,-29254818#0,1.673953488372093,0.5348837209302326
11226,11227,-29254835#0,1.77,1.6
11228,11229,-29255794,8.769019607843138,1.5942535430013587
11230,11231,-293162564#0,29.175958549222795,726.6541623488779
11232,11233,-293162564#1,3.631038575667656,3.542669830087304
11234,11235,-293162564#2,9.821150442477876,0.9287986154197829
11236,11237,-293162564#3,5.924311994113318,0.32063557085745914
11238,11239,-293162564#4,3.7332011747430247,0.17376065581906722
11240,11241,-293162564#5,3.144643644379133,0.2964839866879893
11242,11243,-29353676#0,6.6866666666666665,1.333333333333333
11244,11245,-29353676#1,5.703333333333332,0.5666666666666667
11246,11247,-29353676#2,12.979999999999999,1.5555555555555551
11248,11249,-29353679,10.62,0.0
11254,11255,-294213266,5.499245283018867,1.0362844702467342
11256,11257,-294213269,10.62,0.0
11260,11261,-294213270#1,6.843999999999999,1.2000000000000002
11262,11263,-29458096#1,20.506486486486487,61.963963963963955
11264,11265,-29458097#1,19.7725641025641,99.3035298035298
11266,11267,-29458645,10.15176024279211,0.9882054791837328
11268,11269,-29459180#0,7.293253012048192,0.6620628856890979
11270,11271,-29459180#1,17.29261904761905,1.6745553643144009
11272,11273,-29459182#0,11.328,1.5999999999999999
11274,11275,-29459182#1,12.121818181818181,1.8181818181818177
11276,11277,-297778952,1.4586934673366834,0.18048193435183246
11278,11279,-299477326#0,5.8999999999999995,0.0
11280,11281,-299477326#1,1.18,0.0
11306,11307,-30054268#0,14.918571428571427,1.4780219780219785
11308,11309,-30054268#1,9.833333333333334,0.6060606060606061
11310,11311,-30054268#2,8.702499999999999,1.125
11312,11313,-30054268#3,17.7,1.0
11314,11315,-30054268#4,7.866666666666666,0.33333333333333326
11320,11321,-30054346#0,7.906,0.9000000000000001
11322,11323,-30054346#1,4.457777777777777,0.44444444444444436
11324,11325,-30054351#0,6.391666666666667,2.6287878787878785
11326,11327,-30054354,76.99499999999999,39.58333333333332
11328,11329,-30054386#0,12.684999999999999,2.214285714285714
11330,11331,-30054386#1,5.8999999999999995,3.9999999999999996
11336,11337,-30054410#0,19.823999999999998,13.02857142857143
11338,11339,-30054410#1,28.58222222222222,8.444444444444445
11340,11341,-30054410#2,45.62666666666666,27.500000000000004
11342,11343,-30054437#0,6.329090909090908,0.2545454545454545
11344,11345,-30054437#1,3.754545454545454,0.3636363636363637
11346,11347,-30054437#2,25.32461538461538,2.6584615384615393
11348,11349,-30054443,64.7525,19.553571428571423
11350,11351,-30054463,9.44,0.0
11358,11359,-30054718,17.7,0.0
11360,11361,-30054829#0,25.094666666666665,1.4952380952380953
11362,11363,-30054829#1,25.697777777777777,3.694444444444442
11364,11365,-30054837,19.175,2.25
11368,11369,-30054884#0,9.44,1.043478260869565
11370,11371,-30054884#1,5.949166666666667,0.6503623188405796
11372,11373,-30054903#0,7.08,0.0
11374,11375,-30054903#1,5.31,0.5
11376,11377,-30054903#2,11.209999999999999,0.9999999999999997
11378,11379,-30054903#3,19.39625,8.421542553191488
11380,11381,-30054914#0,18.88,0.0
11382,11383,-30054914#1,19.27333333333333,5.866666666666666
11384,11385,-30054925#0,30.09,8.277777777777779
11386,11387,-30054925#2,16.205333333333332,3.3523809523809516
11388,11389,-30056007#0,18.29,12.7
11390,11391,-30056007#1,15.575999999999999,1.5833333333333333
11392,11393,-30056007#2,12.702352941176471,8.063213345039506
11394,11395,-30064385#1,7.473333333333333,0.8235294117647058
11396,11397,-30064385#2,6.293333333333333,0.7499999999999999
11398,11399,-30064385#3,9.167692307692308,2.0256410256410264
11400,11401,-30068855,27.27111111111111,1.1111111111111112
11402,11403,-30093831#0,9.80441176470588,5.380816505706759
11404,11405,-30093832#0,6.834586894586895,27.15376475376475
11406,11407,-30093878,13.856706827309237,2.409476616141986
11408,11409,-30131199,7.319061148857319,0.3643690385571214
11410,11411,-30131200#1,1.8007656765676565,1.0064201664552206
11412,11413,-30131200#2,15.322026490066225,9.007720125165138
11414,11415,-30131201,6.306574257425742,0.42809945459539295
11418,11419,-30136341#1,7.866666666666666,0.2666666666666668
11420,11421,-30187448#0,4.033723849372385,0.47965964628529223
11422,11423,-30187448#1,17.39613733905579,1.9937472250998947
11424,11425,-302753339#0,1.534,0.4555555555555556
11426,11427,-302753648,2.36,1.9999999999999998
11428,11429,-302879117#0,2.36,0.0
11430,11431,-302879117#1,3.54,1.3333333333333333
11432,11433,-302879124,1.18,0.0
11436,11437,-302879156#1,6.489999999999999,0.5
11438,11439,-302879156#2,3.54,2.0
11440,11441,-302879162#0,2.697142857142857,0.5714285714285714
11442,11443,-302879162#1,6.784999999999999,2.25
11444,11445,-302879162#2,1.6338461538461537,0.25641025641025644
11446,11447,-303155140#0,3.186,2.011111111111111
11448,11449,-303155140#3,1.18,0.0
11452,11453,-303155140#5,5.8999999999999995,0.0
11454,11455,-303155140#8,1.18,0.0
11456,11457,-30315720#0,24.611428571428572,4.719576719576718
11458,11459,-30315720#1,13.80086956521739,0.9486166007905132
11460,11461,-30315925,1.8677300613496932,3.1458759372869793
11462,11463,-30315926#0,5.5744827586206895,0.3085299455535389
11464,11465,-30315926#1,9.23655172413793,0.6364186327888688
11466,11467,-30315927,3.754545454545454,0.9636363636363636
11468,11469,-30315928#0,19.506874999999997,4.708669354838709
11470,11471,-30315928#1,14.50258064516129,1.8795698924731181
11472,11473,-303210413,11.93111111111111,13.861111111111112
11476,11477,-303843481,3.802222222222222,0.4444444444444444
11480,11481,-303843501,7.08,21.6
11484,11485,-303843510#0,6.194999999999999,0.24999999999999992
11486,11487,-303843510#2,2.124,0.17777777777777776
11488,11489,-303843510#3,2.4779999999999998,4.1
11490,11491,-30399316#0,38.72528771384136,9793.304845375314
11492,11493,-30399316#1,29.246236559139785,6474.578296112492
11494,11495,-30399316#2,21.7449468892261,3545.4275474952833
11496,11497,-30399316#4,92.30348139255702,17683.73133195586
11498,11499,-30399316#5,5.861980906921241,860.3514098824352
11500,11501,-30399663#0,1.7419047619047618,0.27106227106227115
11502,11503,-30399663#1,14.597037037037037,64.88958116995501
11504,11505,-30404124,3.3772855591748097,0.2342255582306566
11506,11507,-304151838#0,1.4012499999999999,0.16250000000000006
11508,11509,-304151838#1,1.18,0.0
11510,11511,-304151838#10,1.18,0.0
11516,11517,-304151838#2,1.3275,0.1166666666666667
11518,11519,-304151838#3,1.18,0.0
11520,11521,-304151838#4,1.2707692307692307,0.07692307692307696
11522,11523,-304151838#5,1.2642857142857142,0.07142857142857142
11524,11525,-304151838#6,1.77,0.30000000000000004
11526,11527,-304151838#7,2.163333333333333,0.16666666666666666
11532,11533,-304151905,2.655,0.9166666666666666
11534,11535,-304151911,3.933333333333333,0.33333333333333337
11536,11537,-304151923,3.54,0.0
11538,11539,-304151928,4.72,0.0
11540,11541,-304151930#1,6.489999999999999,0.3333333333333335
11542,11543,-304151947#2,2.6746666666666665,1.2095238095238094
11548,11549,-304151955#2,12.443636363636362,9.472727272727273
11550,11551,-30417783#0,19.385714285714283,4.6190476190476195
11552,11553,-30417783#1,9.5875,1.839285714285714
11554,11555,-30421297#0,10.148,1.8222222222222229
11556,11557,-30421297#1,9.203999999999999,15.2
11558,11559,-30421297#2,12.094999999999999,0.25000000000000017
11560,11561,-30482614,2.2026666666666666,0.11818181818181822
11562,11563,-30482615#0,4.484,0.3454545454545454
11564,11565,-30482615#1,14.920444444444444,2.007070707070707
11566,11567,-30482615#2,57.49818181818181,53.81818181818181
11568,11569,-30482615#3,6.221818181818181,0.6181818181818182
11570,11571,-30482615#4,19.666666666666668,6.749999999999998
11572,11573,-30482615#5,6.114545454545454,0.5636363636363637
11576,11577,-30482626#0,17.62304347826087,1.2623188405797097
11578,11579,-30482626#1,20.65,0.5
11580,11581,-30482630#0,16.38888888888889,1.7516339869281037
11582,11583,-30482630#1,9.833333333333334,2.8235294117647065
11584,11585,-30482630#2,11.93111111111111,1.1111111111111112
11586,11587,-30482630#3,1.5733333333333333,0.26666666666666666
11588,11589,-30482630#4,11.799999999999999,0.0
11590,11591,-30482633#0,12.979999999999999,0.0
11592,11593,-30482633#1,12.979999999999999,0.0
11594,11595,-30482638#0,4.954437086092715,0.39406903826994105
11596,11597,-30482638#1,6.0592477876106186,0.4895070933814727
11598,11599,-30482638#10,0.9445742092457421,0.19424366506438784
11600,11601,-30482638#11,8.940437956204379,1.639843332739897
11602,11603,-30482638#12,13.525591397849462,1.7371243080311858
11604,11605,-30482638#13,9.882895442359247,1.170572804058923
11606,11607,-30482638#14,4.805415549597854,1.508187033353514
11608,11609,-30482638#2,6.497797356828193,0.7184992852349966
11610,11611,-30482638#3,3.853772727272727,0.7104524746324292
11612,11613,-30482638#4,3.658848920863309,0.23983121195351415
11614,11615,-30482638#5,2.0720574162679424,0.2520624648606473
11616,11617,-30482638#6,6.840699300699301,2.0452258022351493
11618,11619,-30482638#7,5.233545232273838,0.45228678268373307
11620,11621,-305496616#0,7.08,0.625
11622,11623,-305496616#1,11.013333333333334,1.485714285714285
11624,11625,-305496616#10,10.504313725490196,0.930196078431372
11626,11627,-305496616#2,4.968421052631578,0.49502133712660024
11628,11629,-305496616#3,4.564736842105263,0.441678520625889
11630,11631,-305496616#4,2.887894736842105,0.3079658605974396
11632,11633,-305496616#5,1.4976923076923074,0.23981900452488683
11634,11635,-305496616#6,1.1346153846153846,0.07692307692307691
11636,11637,-305496616#7,3.354901960784314,0.2149019607843137
11638,11639,-305496616#9,2.9384313725490196,0.2949019607843138
11640,11641,-305496617#0,9.684137931034483,1.0985221674876853
11642,11643,-305496617#1,15.272571428571428,4.231932773109243
11644,11645,-305496618#0,18.201198979591837,63.22038307660229
11646,11647,-305496618#2,3.3978497409326422,0.17353648783962677
11648,11649,-305496618#3,7.9730142302716684,4.163571040760376
11650,11651,-305496619#1,16.64154506437768,88.90341503006753
11652,11653,-305496619#2,8.913388429752066,0.7743516671416364
11656,11657,-306218237#0,173.0435294117647,325.2426470588234
11658,11659,-306240161#0,6.550623853211009,0.47164640567476296
11660,11661,-306240161#2,0.3244729605866178,0.19954759121755153
11662,11663,-306240162#1,45.04435754189944,691.809680996735
11664,11665,-306240162#2,14.124558303886925,28.968151015549584
11666,11667,-306240162#4,23.574790468364828,4.8778326774207414
11670,11671,-306384636#0,2.36,2.0
11672,11673,-306384636#1,9.44,0.0
11674,11675,-306431310#0,1.9235616438356165,0.3751902587519026
11676,11677,-306431310#1,5.4547169811320755,0.6240928882438316
11678,11679,-306431425#0,9.692857142857141,0.4708994708994705
11680,11681,-306431425#1,10.409285714285714,0.44841269841269793
11682,11683,-306431425#2,3.0764285714285715,0.3214285714285714
11684,11685,-306431425#3,1.6014285714285714,0.3862433862433864
11686,11687,-306726647#0,3.5944234800838575,0.5692969011503972
11688,11689,-306726647#1,8.0282995951417,1.7159299012080047
11690,11691,-306793480#0,2.8188888888888886,0.25163398692810457
11692,11693,-306793480#1,3.304,0.1714285714285714
11694,11695,-306793480#2,3.54,0.2857142857142857
11696,11697,-306793480#3,4.012,0.3
11698,11699,-306793480#4,3.304,0.7000000000000001
11700,11701,-306793480#5,1.9666666666666666,0.33333333333333337
11702,11703,-306793480#6,3.54,8.0
11706,11707,-306793482,5.192,0.3578947368421052
11710,11711,-306793485,7.08,2.0
11712,11713,-306793486,3.1466666666666665,1.3333333333333335
11716,11717,-306793671,8.597142857142856,0.9047619047619048
11722,11723,-306876893#0,12.077647058823528,555.3161764705883
11724,11725,-306876893#1,6.342499999999999,1.3166666666666667
11728,11729,-307010105#0,34.61333333333333,2.333333333333332
11730,11731,-307010105#1,105.41333333333333,57.333333333333314
11734,11735,-307050878,2.584761904761905,0.6619047619047619
11736,11737,-307050880,12.305714285714286,3.61904761904762
11738,11739,-307050882#0,19.116,4.699999999999999
11740,11741,-307050882#1,3.624285714285714,1.60989010989011
11742,11743,-307536275#0,75.225,81.46052631578945
11750,11751,-307562643#0,9.046666666666667,1.1025641025641029
11752,11753,-307562643#1,7.211747572815534,1.163083116268055
11754,11755,-307562643#2,1.4714964370546317,0.315020925234702
11756,11757,-307562643#3,6.15461716937355,0.5091458479469052
11758,11759,-307685696,2.36,0.0
11760,11761,-307701133,2.36,0.0
11762,11763,-307837955#2,3.776,0.2
11764,11765,-307837955#3,2.655,0.25000000000000006
11774,11775,-30820056,6.3005504587155965,0.31889228678219517
11776,11777,-30820566,23.599999999999998,3.222222222222221
11778,11779,-30820747#1,27.951249999999998,6.821428571428567
11780,11781,-30820747#2,3.454181818181818,1.0686868686868685
11782,11783,-30820747#3,2.9263999999999997,1.1766666666666667
11784,11785,-30820919#0,1.799366515837104,0.3959687371452078
11786,11787,-30820932#1,3.54,0.0
11788,11789,-30821338,76.7944,60.159999999999975
11790,11791,-308849647#0,4.938684376976597,0.3789237704064879
11792,11793,-308849647#1,6.350056925996205,0.47026157134965035
11794,11795,-308883778,35.20333333333333,204.16666666666669
11796,11797,-309370389#0,5.6049999999999995,0.24999999999999992
11798,11799,-309370389#1,4.85111111111111,1.8611111111111112
11806,11807,-309370390#0,2.655,0.21428571428571422
11808,11809,-309370390#1,2.655,0.21428571428571422
11810,11811,-309370390#2,4.72,0.0
11812,11813,-309370390#3,3.54,0.0
11814,11815,-309370390#4,3.9614285714285713,0.24725274725274715
11816,11817,-309370390#5,3.408888888888889,0.8611111111111112
11822,11823,-31021477#0,11.541875,1.4827767749699154
11824,11825,-31021477#1,3.087572115384615,0.27519988660557254
11826,11827,-31021477#2,15.892550898203591,1.7001306739039903
11828,11829,-31025769#2,36.38333333333333,103.96969696969698
11832,11833,-31026158#3,2.7533333333333334,0.33333333333333326
11834,11835,-31026158#4,2.36,0.0
11838,11839,-31026158#6,10.03,0.5
11840,11841,-31026158#7,3.7366666666666664,0.9666666666666666
11846,11847,-312301369,5.113333333333332,0.3333333333333335
11850,11851,-31342351#1,36.638999999999996,608.1000000000001
11852,11853,-31343367#1,8.791,11.839473684210526
11854,11855,-31343381#0,7.473333333333333,2.8484848484848473
11856,11857,-31343450,5.000241518113858,0.3710675884120534
11858,11859,-31355478#0,40.96285714285714,37.904761904761926
11860,11861,-31355478#1,36.58,58.8
11862,11863,-31355478#2,72.27499999999999,1730.9166666666667
11864,11865,-31355478#3,1.18,0.0
11868,11869,-31355478#5,58.14181818181818,41.21818181818182
11870,11871,-31355478#6,48.97,46.99999999999999
11872,11873,-31355478#7,52.70666666666666,1369.3333333333335
11874,11875,-31355478#8,84.96,0.0
11878,11879,-31355490#1,58.60666666666666,37.33333333333332
11882,11883,-31355495#1,103.83999999999999,0.0
11884,11885,-31355495#2,28.32,2.0
11888,11889,-31355764,10.282857142857141,2.5714285714285725
11894,11895,-31362504#2,5.599636363636363,6.489562289562291
11896,11897,-31362504#4,5.338095238095238,1.5238095238095244
11898,11899,-31362504#5,2.933142857142857,0.3747899159663865
11900,11901,-31362504#6,1.8270967741935482,0.4559139784946237
11902,11903,-31362504#7,10.315483870967741,2.8645161290322583
11904,11905,-31362731#0,13.766666666666666,0.3333333333333335
11906,11907,-31362731#1,16.048,16.71111111111111
11908,11909,-31362731#2,18.486666666666665,1.466666666666667
11910,11911,-31362731#3,6.758181818181818,0.21818181818181817
11912,11913,-31363129#0,3.3312735849056603,0.2754772638726554
11914,11915,-31363129#1,1.3461873895109016,0.1352240635527734
11916,11917,-31395281,11.209999999999999,0.5
11918,11919,-31402308#0,2.8492682926829267,0.9487804878048781
11920,11921,-31402308#1,1.9385714285714284,0.24725274725274726
11922,11923,-31402308#2,5.8999999999999995,0.0
11924,11925,-31402308#3,7.08,0.0
11926,11927,-31403616#0,65.64526315789473,195.59032716927464
11928,11929,-31403616#1,47.30606741573034,24.832737487231885
11930,11931,-31403616#2,49.088,23.635955056179778
11932,11933,-31403616#3,6.284782608695652,2.2067597588067276
11934,11935,-31404757,27.139999999999997,3.0
11936,11937,-31404759#0,2.8235714285714284,0.7658730158730158
11938,11939,-31404759#1,8.347407407407408,3.455840455840457
11940,11941,-31404759#2,5.38375,0.26249999999999996
11942,11943,-31404759#3,5.53125,0.22916666666666655
11944,11945,-31404759#4,1.6224999999999998,0.25
11946,11947,-31404759#5,3.6875,0.2500000000000001
11948,11949,-31404759#6,4.13,0.3333333333333333
11950,11951,-31404759#7,7.67,0.3333333333333333
11952,11953,-31404759#8,12.684999999999999,0.25000000000000017
11954,11955,-31404760#0,11.241052631578947,5.539473684210522
11956,11957,-31404760#1,5.2392,0.7566666666666665
11958,11959,-31404762#0,7.67,0.3333333333333333
11960,11961,-31404762#1,15.93,0.3333333333333333
11962,11963,-31404762#2,2.8138461538461534,0.25641025641025633
11964,11965,-31404762#3,6.8271428571428565,1.1043956043956047
11966,11967,-31404762#4,1.854285714285714,0.28571428571428575
11968,11969,-31404767#0,25.959999999999997,2.0
11970,11971,-31404767#1,4.72,0.0
11974,11975,-31404770#0,30.68,27.0
11976,11977,-31404770#1,10.855999999999998,0.7000000000000002
11978,11979,-31470281,1.77,0.5
11980,11981,-314970097,3.3175718849840257,0.2270092053627438
11982,11983,-314970098#0,6.187070615034168,0.2798944314894843
11984,11985,-314970098#1,9.167238873751135,1.4544947160918116
11986,11987,-315215982,12.979999999999999,0.0
11988,11989,-315358242#0,7.889680851063829,0.7386983253782057
11990,11991,-315358242#1,11.301408450704225,2.2783048439001936
11992,11993,-315358242#2,39.27130434782609,287.7227345154474
11994,11995,-315358242#3,3.8326192223037414,0.2835403462389154
11996,11997,-315358242#4,6.911798245614035,0.49100508220074623
11998,11999,-315358243#1,3.8584126984126983,9.744831064044384
12000,12001,-315358244,2.579410430839002,0.5992878240554917
12002,12003,-315358245,3.252242225859247,0.302728663035604
12004,12005,-315358246,7.9095488721804506,0.9042046425318386
12006,12007,-315358247#1,17.013161094224923,143.99858310122846
12008,12009,-315358248#0,3.025788617886179,0.282105876433357
12010,12011,-315358248#1,5.142113821138211,0.40928471173962516
12012,12013,-315358250,10.662714932126697,19.755669768633155
12014,12015,-315358251#0,4.382243262927895,0.25984681667901777
12016,12017,-315358251#1,7.712541879096868,3.7751205570148154
12018,12019,-315358252#0,9.253545994065282,0.7522965640757885
12020,12021,-315358252#1,7.004149013878743,2.788262658106186
12022,12023,-315358253#0,3.1225201938610656,0.2840106445828173
12024,12025,-315358253#1,6.597014446227929,0.36756592155992396
12026,12027,-315358254#0,17.168391752577318,2.4624610343323448
12028,12029,-315358255#0,7.025152722443559,0.49650688028029705
12030,12031,-315358255#1,3.159203187250996,0.3864117996100704
12032,12033,-315358255#2,3.3254545454545457,5.812665210895299
12034,12035,-315358255#3,12.962794653705954,8.48153896639498
12036,12037,-315358257#0,6.570368589743589,4.959270839759009
12038,12039,-315358257#2,11.733761026463512,102.55222357092012
12040,12041,-315358258,17.03955223880597,5.481371338794749
12044,12045,-315392062#0,5.071111111111111,0.4056355043883022
12046,12047,-315392062#1,4.064196597353497,0.4026608237383283
12048,12049,-315392062#2,0.7624615384615384,0.232933155476508
12050,12051,-315392062#3,5.447552986512524,0.42991794436881114
12052,12053,-315392062#4,10.563378119001918,1.5957699689945366
12054,12055,-31620259,55.74829545454545,1270.4371103896103
12056,12057,-317614084#0,2.36,0.0
12058,12059,-317614084#1,9.046666666666667,0.26666666666666666
12062,12063,-31860333#0,15.104,1.9555555555555557
12064,12065,-31860333#1,39.13666666666666,18.166666666666664
12066,12067,-31860333#2,3.9825,0.8392857142857142
12068,12069,-31860333#3,8.26,0.0
12070,12071,-31860333#4,15.93,0.5
12072,12073,-318763112,2.655,1.4605263157894737
12074,12075,-318763113,3.54,2.0
12076,12077,-31952420#1,48.97,84.5
12078,12079,-31959289#1,28.084,5.2
12080,12081,-31959308#1,3.2449999999999997,2.6991525423728806
12082,12083,-31959308#2,6.562456140350877,2.036340852130327
12084,12085,-31959308#3,3.802222222222222,0.18300653594771243
12086,12087,-31959308#4,5.664,0.6
12088,12089,-31959308#5,16.814999999999998,0.9166666666666666
12096,12097,-31969997#4,2.9499999999999997,0.5
12100,12101,-31982513#0,10.298181818181817,0.8181818181818183
12102,12103,-31982513#1,4.29090909090909,0.2545454545454544
12104,12105,-31982513#2,10.148,8.3
12108,12109,-32008983,1.298,0.12542372881355934
12110,12111,-32009682,9.840357142857142,3.088207094918505
12112,12113,-32009683#0,7.705603448275862,2.3619386311164074
12114,12115,-32021365#0,11.09297520661157,1.1457254552313014
12116,12117,-32021365#1,17.12450819672131,2.6870910072185135
12118,12119,-32021365#3,7.685945945945945,1.0647391577624135
12120,12121,-32021408,10.721002087682672,1.2290598439915783
12122,12123,-32061928#0,4.880909090909091,0.40909090909090895
12124,12125,-32061928#1,6.060909090909091,0.6948051948051948
12126,12127,-32061928#2,14.213636363636363,1.8549783549783545
12128,12129,-32061928#4,9.44,0.8666666666666669
12130,12131,-32061928#5,6.3999999999999995,1.6277030976037408
12132,12133,-32061928#6,1.3696428571428572,0.13733766233766234
12134,12135,-32061928#7,15.529642857142857,2.3191558441558464
12136,12137,-32061928#8,1.062,0.12542372881355937
12138,12139,-32061997,15.789780621572211,1.2790961595394321
12140,12141,-32062034#3,42.85651315789473,553.3873124945806
12142,12143,-32062034#4,6.851375,14.394327073552434
12144,12145,-320733891,4.72,0.0
12156,12157,-320733895#0,4.464864864864865,0.17417417417417413
12158,12159,-320733895#1,1.3394594594594593,0.12012012012012013
12160,12161,-320733897,2.98953223767383,0.27450911360399394
12162,12163,-320733900#0,3.9825,0.26785714285714274
12164,12165,-320733900#1,5.181739130434782,0.24901185770750978
12166,12167,-320733900#4,2.36,0.0
12168,12169,-320733900#5,1.3526829268292682,0.1280487804878049
12170,12171,-320733900#6,9.468780487804876,1.0743902439024384
12172,12173,-320733900#7,20.505777777777777,9.194949494949492
12174,12175,-320733900#9,6.372,0.5636363636363637
12176,12177,-320733901#0,1.4684444444444444,0.1888888888888889
12178,12179,-320733901#1,4.258260869565217,0.5101449275362319
12180,12181,-320733901#2,5.664,0.3454545454545454
12182,12183,-320733903#1,5.779591836734694,0.3435374149659864
12184,12185,-320733903#2,2.9273076923076924,0.4113876319758672
12186,12187,-320733903#3,10.336799999999998,0.26775510204081643
12188,12189,-320733905#0,4.284949494949495,0.3456134953596883
12190,12191,-320733905#1,6.217461928934009,0.49357712628198464
12192,12193,-320733905#2,2.3300507614213197,0.16771987983010467
12194,12195,-320733906#0,3.3875598086124397,0.30534596981965395
12196,12197,-320733906#2,2.6152884615384613,0.32494890375325175
12198,12199,-320733908,6.2418691588785045,0.6039499206489155
12200,12201,-320733909#0,4.11525,0.3542721518987341
12202,12203,-320733909#1,6.327749999999999,0.4112341772151897
12204,12205,-320733909#2,7.021,2.681012658227849
12206,12207,-320733910#0,2.4182716049382718,0.1725308641975309
12208,12209,-320733910#1,14.101728395061727,1.6475308641975315
12210,12211,-320733910#2,20.463166666666663,4.512535014005603
12212,12213,-320733911#0,6.407289719626168,0.7190971609945337
12214,12215,-320733911#1,13.122037037037035,1.6769643475250953
12216,12217,-320733911#2,4.786168224299065,0.5439957679421618
12218,12219,-320733911#3,7.281463414634146,0.587774766636555
12220,12221,-320733911#4,3.2234146341463417,0.24811803673592284
12222,12223,-320733911#5,1.9958024691358023,0.2160493827160494
12224,12225,-320733917#0,30.68,7.0
12226,12227,-320733917#1,15.536666666666665,1.7666666666666664
12228,12229,-320733917#2,12.305714285714286,1.9523809523809532
12230,12231,-32084380,6.784999999999999,1.5833333333333337
12232,12233,-32115351,6.293333333333333,0.26666666666666666
12234,12235,-32115605,9.44,5.4
12236,12237,-32124744,5.930831353919239,0.8846407345778566
12238,12239,-32124745,3.281570247933884,0.32589954748038835
12240,12241,-32140053,90.46666666666667,42.33333333333333
12242,12243,-32140179#0,2.505679012345679,0.20420936134485834
12244,12245,-32140179#1,10.442638036809814,0.9758370793399489
12246,12247,-32140180,20.236732223903175,3.3305643423646463
12248,12249,-32140253,5.187083333333333,1.357456140350877
12250,12251,-32140256#0,7.443076923076922,0.8974358974358974
12252,12253,-32140256#1,10.892307692307691,3.5256410256410255
12254,12255,-32140444#0,2.5004761904761903,0.1784279977051061
12256,12257,-32140444#2,8.228947368421052,0.585964912280702
12258,12259,-32140444#3,18.159740259740257,2.4514695830485316
12260,12261,-32140444#4,16.863544303797468,2.3885102239532627
12262,12263,-32140444#5,12.307848101265822,1.4021421616358332
12264,12265,-32141019,1.1603333333333332,0.38954802259887
12270,12271,-32199969#0,4.995333333333333,0.18505747126436786
12272,12273,-32199969#1,2.9106666666666667,0.2574712643678161
12274,12275,-32199969#2,2.3957575757575755,0.1553030303030303
12276,12277,-32199969#3,4.04060606060606,0.2518939393939394
12278,12279,-32199969#4,20.346060606060604,1.564393939393941
12280,12281,-32199969#5,8.988823529411764,0.30392156862745123
12282,12283,-32199989,8.988823529411764,0.4251336898395723
12284,12285,-32200003,19.116,5.511111111111109
12286,12287,-32200414#0,9.067368421052631,0.3391812865497077
12290,12291,-32200415#1,2.655,0.20000000000000007
12292,12293,-32200983#0,14.303030303030303,3.343974092065692
12294,12295,-32200983#1,28.66805755395683,14.803670107392353
12296,12297,-32201042,9.243333333333332,1.0882352941176467
12298,12299,-32201044#0,7.866666666666666,0.6153846153846153
12300,12301,-32201044#1,4.734216867469879,1.0301569916027746
12302,12303,-32201044#2,2.389064039408867,0.5290933034190118
12304,12305,-32201044#4,5.5413725490196075,1.089442673621173
12306,12307,-32201172#0,18.086885245901637,166.8907103825136
12308,12309,-32201172#1,6.143492063492063,14.005120327700977
12310,12311,-32202011#0,2.1414814814814815,1.1566951566951569
12312,12313,-32202011#1,2.9281481481481477,0.2592592592592595
12314,12315,-32202510#0,8.169230769230769,0.2435897435897436
12316,12317,-32202510#1,5.627692307692307,0.19230769230769237
12320,12321,-32202927#0,14.848333333333333,1.356060606060606
12322,12323,-32202927#1,6.543636363636364,1.4727272727272729
12324,12325,-32202927#2,17.53142857142857,21.809523809523807
12330,12331,-32203022,12.389999999999999,0.9999999999999997
12334,12335,-32203206,67.25999999999999,76.0
12336,12337,-32203701#0,5.113333333333332,0.33333333333333326
12338,12339,-32203701#1,4.85111111111111,0.3611111111111113
12340,12341,-32203701#2,6.637499999999999,0.8392857142857142
12342,12343,-32203701#3,4.076363636363636,1.4727272727272727
12344,12345,-32203701#4,9.964444444444444,0.5277777777777779
12346,12347,-32203888#0,5.792727272727273,0.49090909090909085
12348,12349,-32203888#1,10.083636363636362,0.8727272727272734
12350,12351,-32203888#2,15.045,2.2045454545454537
12352,12353,-32203888#3,3.1466666666666665,0.24242424242424246
12354,12355,-32203959#0,12.309545454545454,2.2510570824524323
12356,12357,-32203959#1,7.5225,1.0806451612903227
12358,12359,-32203959#3,4.686285714285714,0.4403361344537815
12360,12361,-32203959#4,21.58416666666667,6.737318840579708
12362,12363,-32203959#6,4.0738095238095235,0.5464576074332173
12364,12365,-32203959#7,12.193333333333333,1.2916666666666667
12366,12367,-32226141#0,10.03,0.7
12368,12369,-32229976,16.52,2.0
12370,12371,-32234776#0,2.832,0.2666666666666667
12372,12373,-32234776#1,4.523333333333333,0.5666666666666667
12374,12375,-32234776#2,9.243333333333332,0.5666666666666667
12382,12383,-32274767#0,13.554871794871794,1.6774628879892037
12384,12385,-32274767#1,3.1737931034482756,2.5788177339901472
12386,12387,-32274767#2,1.8355555555555554,0.49673202614379075
12388,12389,-32274767#3,4.326666666666666,8.666666666666666
12390,12391,-32350852#0,4.954487179487179,0.32694368868002355
12392,12393,-32350852#1,5.156776119402984,0.29970506747698633
12394,12395,-32350852#1.43,6.498805970149253,0.49021360264545566
12396,12397,-32350852#3,9.587116883116883,3.562540584415581
12398,12399,-32350901#0,2.907857142857143,0.25793650793650796
12400,12401,-32350901#1,7.7437499999999995,0.3185483870967743
12402,12403,-32350901#2,8.85,0.4857142857142858
12404,12405,-32350901#3,4.114871794871795,0.25641025641025633
12406,12407,-32350901#4,5.295609756097561,0.35609756097560974
12408,12409,-32350901#5,3.6772093023255814,0.2004429678848283
12410,12411,-32350901#6,1.783720930232558,0.2558139534883721
12412,12413,-32350901#7,7.903255813953488,4.406423034330012
12414,12415,-32395288#1,11.478181818181817,13.818181818181822
12416,12417,-32395288#2,8.456666666666667,1.3666666666666667
12418,12419,-32395288#3,4.916666666666667,0.16666666666666669
12420,12421,-32395327#1,53.28153846153846,191.14102564102566
12422,12423,-32395352#1,16.52,338.0
12430,12431,-32395464,16.52,32.0
12432,12433,-324206932,6.293333333333333,0.33333333333333326
12434,12435,-325057234,4.188999999999999,0.7868421052631575
12438,12439,-32509968#0,7.965,14.25
12440,12441,-32509968#1,9.44,0.0
12444,12445,-32509968#5,14.455,1.583333333333334
12446,12447,-32530108#0,3.5336216216216214,0.320622796709753
12448,12449,-32530108#1,4.930486486486487,0.3103995299647474
12450,12451,-32530108#2,4.356432432432432,0.5512925969447707
12452,12453,-32530108#3,14.21175438596491,1.716129530875645
12454,12455,-32530108#4,7.9662660944206,0.5498372058605892
12456,12457,-32530108#5,6.5807692307692305,0.6228128095080884
12458,12459,-32530113#0,9.5875,1.418478260869565
12460,12461,-32530113#1,2.8138461538461534,0.24615384615384614
12462,12463,-32530113#2,9.735,1.5833333333333333
12464,12465,-32530113#3,7.866666666666666,0.3333333333333335
12466,12467,-32530113#5,12.5375,12.553571428571429
12468,12469,-32530113#6,11.799999999999999,0.0
12470,12471,-32530113#7,29.794999999999998,11.583333333333334
12472,12473,-32545811,1.18,0.0
12474,12475,-32553639,7.866666666666666,0.2666666666666668
12476,12477,-32555307#0,5.8999999999999995,3.0
12478,12479,-32555307#1,8.26,0.0
12480,12481,-32555329,17.11,12.5
12482,12483,-32597384#1,11.996666666666666,23.366666666666667
12484,12485,-32597384#2,8.653333333333332,0.3333333333333335
12486,12487,-32597384#3,10.62,22.000000000000004
12488,12489,-32598753,7.375,0.9166666666666669
12490,12491,-32598755#0,2.537,0.2394736842105263
12492,12493,-32598755#1,4.505454545454546,0.16363636363636358
12494,12495,-32598755#2,12.979999999999999,0.0
12496,12497,-32598755#3,9.945714285714285,2.952380952380951
12498,12499,-32612308,2.36,0.0
12502,12503,-32684155#0,47.199999999999996,52.75675675675676
12504,12505,-32684155#1,254.8224390243902,1769.0475609756086
12506,12507,-32684156#0,1.4946666666666666,0.2000000000000001
12508,12509,-32684156#1,26.012444444444444,4.725252525252523
12510,12511,-32684156#2,36.668499999999995,12.32756410256411
12512,12513,-32684156#3,13.934411764705882,9.470368744512731
12514,12515,-32684156#4,3.974736842105263,2.1654135338345872
12516,12517,-32684156#5,104.21545454545453,267.15221987315
12518,12519,-32684156#6,75.48894736842105,271.21550497866286
12520,12521,-32684157,13.884666666666666,5.840229885057472
12522,12523,-32684165,19.765,8.499999999999998
12524,12525,-32728752,7.08,0.0
12526,12527,-32787437#0,19.2576,3.3933333333333344
12528,12529,-32787437#1,19.385714285714283,1.6190476190476186
12530,12531,-32787437#2,9.984615384615385,0.9358974358974357
12532,12533,-32787437#4,12.147058823529411,0.9705882352941183
12534,12535,-32875547#0,44.65252336448598,33.92734967377886
12536,12537,-32875547#1,1.2434408602150537,0.05142589995324919
12538,12539,-32881184,1.4314754098360656,0.18561170573093072
12540,12541,-32883444#0,4.72,0.0
12542,12543,-32883444#1,6.489999999999999,1.6111111111111112
12544,12545,-329028996#0,36.477391304347826,8.901185770750986
12546,12547,-329028996#1,13.595652173913043,1.1699604743082999
12548,12549,-329028998,39.83904761904761,24.326857142857158
12550,12551,-329028999#0,11.990322580645161,1.8274324678730651
12552,12553,-329028999#1,0.41535999999999995,0.22993548387096768
12554,12555,-329029002,52.46461538461538,5.769230769230774
12556,12557,-329029003,4.015966386554622,0.7511750462897019
12558,12559,-329029004,14.45,1.674127191076344
12560,12561,-329029037,14.16,0.0
12564,12565,-329029040#1,1.18,0.0
12568,12569,-329029045,5.890634920634921,1.1759365079365074
12570,12571,-329029047,66.67,5.666666666666667
12576,12577,-32903546#2,6.194999999999999,0.24999999999999992
12578,12579,-329108798#1,4.13,0.27777777777777773
12580,12581,-329108798#2,9.616999999999999,0.23947368421052637
12582,12583,-329189240,53.49333333333333,23.866666666666664
12584,12585,-329189246,31.86,0.0
12588,12589,-329190301,67.02399999999999,16.699999999999992
12590,12591,-329190302,7.9381818181818184,1.2181818181818183
12592,12593,-32923863#0,2.662118893466745,0.3649149953793929
12594,12595,-32923863#1,2.2458746268656715,0.22361525704809215
12596,12597,-32923863#2,5.900707434052757,0.570485543179134
12598,12599,-32923863#3,2.7514491017964073,0.32247930741273567
12600,12601,-32923863#4,4.426408114558472,0.6873120079791981
12602,12603,-32923863#5,2.5779976162097737,0.28069734037525185
12604,12605,-32923867#0,10.03,1.6638176638176645
12606,12607,-32923867#1,10.345668789808917,0.9010500396817319
12608,12609,-32923867#2,6.6767088607594935,3.895519389190277
12610,12611,-32923867#4,11.85676975945017,79.18388434648654
12612,12613,-32924041#0,4.824117647058823,0.38591800356506245
12614,12615,-32924041#1,0.2776470588235294,0.1853832442067736
12616,12617,-32924041#2,3.5757575757575757,0.28030303030303033
12618,12619,-32924041#3,2.431515151515151,0.12121212121212123
12620,12621,-32937030,9.608571428571427,0.4973544973544971
12622,12623,-32978638#0,4.942888888888889,0.42887236679058205
12624,12625,-32978638#1,12.181635687732342,0.8390390057149202
12626,12627,-32978638#2,8.96362962962963,5.111510395153517
12628,12629,-32998243#0,5.506666666666667,0.33333333333333326
12630,12631,-32998243#1,129.01333333333332,143.06666666666666
12632,12633,-32998243#2,35.4,0.0
12634,12635,-32998243#3,52.93142857142856,19.476190476190478
12636,12637,-32999434#0,16.99180463576159,8.531797818465122
12638,12639,-330047631,12.979999999999999,8.0
12642,12643,-330048410#1,12.389999999999999,1.2105263157894741
12644,12645,-330048411#0,10.62,0.0
12646,12647,-330048411#1,6.263076923076922,2.064102564102564
12648,12649,-330048411#2,2.117058823529412,0.2896613190730837
12654,12655,-330048413#1,4.3981818181818175,0.8181818181818183
12658,12659,-330048683#1,3.54,0.0
12660,12661,-330048683#2,3.54,0.0
12662,12663,-330048683#3,4.72,0.0
12664,12665,-330048683#4,4.425,0.9166666666666666
12674,12675,-330690610#0,2.556666666666666,0.15151515151515157
12676,12677,-330690610#1,3.54,0.0
12678,12679,-330690610#2,4.72,0.0
12680,12681,-330690610#3,10.62,0.0
12682,12683,-330690610#4,10.62,0.0
12684,12685,-330690614#0,1.77,0.3
12688,12689,-330694492#0,16.913333333333334,2.3333333333333326
12692,12693,-330908488,10.512727272727272,8.09090909090909
12702,12703,-330908494#0,6.539166666666667,2.8677536231884058
12706,12707,-330908495#0,5.31,0.5
12710,12711,-330908496,9.046666666666667,1.333333333333333
12712,12713,-330908497#0,2.832,0.8
12716,12717,-330908498#1,17.503333333333334,83.79411764705883
12718,12719,-330908499#0,4.72,0.0
12720,12721,-330908499#1,5.8999999999999995,0.0
12724,12725,-330908500#1,23.993333333333332,316.3333333333333
12728,12729,-330908502,11.575238095238095,3.995391705069125
12730,12731,-330908503#0,4.72,0.0
12732,12733,-330908503#1,3.7482352941176464,0.2794117647058823
12734,12735,-330908503#2,3.835,0.9999999999999997
12736,12737,-330908503#3,3.6875,0.5166666666666668
12738,12739,-330908503#4,3.54,0.153846153846154
12742,12743,-330908503#6,10.03,1.1000000000000003
12744,12745,-330910983,5.8999999999999995,13.5
12748,12749,-33102205#1,68.44,13.0
12752,12753,-33102205#3,13.414736842105262,2.467836257309942
12754,12755,-33102476,2.2646464646464644,0.11585240156668723
12756,12757,-33102477,24.714444444444442,125.52515723270436
12758,12759,-33102490#0,2.387764705882353,0.16512356421858684
12760,12761,-33102490#1,5.38635294117647,0.43661677688826966
12762,12763,-332608836,3.0155555555555553,1.4379084967320264
12764,12765,-332608837,15.635,1.5833333333333328
12766,12767,-332608838#0,5.6049999999999995,1.1521739130434785
12768,12769,-332608838#1,1.416,0.2
12770,12771,-33280103#0,3.48040404040404,0.33190008190008186
12772,12773,-33280103#1,8.98111111111111,0.8548269581056467
12774,12775,-33280103#2,1.388235294117647,0.1589199614271939
12776,12777,-33280103#4,3.4937254901960784,0.260752169720347
12778,12779,-33280103#5,1.6841139240506329,0.2645268233875828
12780,12781,-33280103#6,5.209177215189873,0.3196604380148684
12782,12783,-33280103#7,9.156202531645569,2.5514968856741
12784,12785,-333418281,27.91542857142857,4.761344537815126
12788,12789,-333420165#1,1.18,0.0
12792,12793,-333420168#0,6.489999999999999,24.5
12798,12799,-333420174#1,1.77,0.5
12804,12805,-333420175#1,2.5745454545454542,0.16363636363636372
12806,12807,-333420176#0,7.08,0.0
12810,12811,-333420177#0,8.456666666666667,0.5666666666666668
12816,12817,-333420177#3,10.62,0.0
12818,12819,-333420178#0,7.08,1.0
12824,12825,-333420180#1,5.192,0.7999999999999999
12830,12831,-333420184#0,5.8999999999999995,0.0
12832,12833,-333420184#1,4.045714285714285,1.2857142857142858
12834,12835,-333421780,18.88,0.0
12840,12841,-333421782#2,12.979999999999999,0.0
12842,12843,-333421783#0,2.7533333333333334,0.33333333333333337
12846,12847,-333421783#2,1.4946666666666666,0.3523809523809523
12848,12849,-333421783#3,12.979999999999999,0.0
12850,12851,-333421787,8.26,16.666666666666668
12852,12853,-333421789#0,3.2777777777777777,2.418300653594771
12854,12855,-333421789#1,1.77,1.0000000000000002
12860,12861,-333421792,17.11,0.5
12864,12865,-333421795,20.715555555555557,4.527777777777778
12874,12875,-333424243#3,44.053333333333335,992.3333333333333
12880,12881,-333428400#3,5.31,4.5
12884,12885,-333428404,17.56888888888889,27.36111111111111
12886,12887,-333428406#0,6.6866666666666665,1.80952380952381
12888,12889,-333428406#1,10.03,3.0
12896,12897,-333428414,12.389999999999999,0.5
12902,12903,-333434590#1,8.92375,4.395833333333332
12904,12905,-333434590#2,3.304,0.17777777777777784
12906,12907,-333434590#3,9.44,32.0
12908,12909,-333434591,30.68,0.0
12910,12911,-333434596#0,4.72,0.0
12912,12913,-333434597#0,9.80875,0.7625
12914,12915,-333434597#1,16.14736842105263,10.228070175438596
12916,12917,-333434597#3,45.03666666666666,28.96666666666665
12924,12925,-333434601,2.0823529411764703,0.3161764705882352
12930,12931,-333438877#0,6.405714285714286,0.9523809523809521
12938,12939,-333438880#0,13.11111111111111,74.11111111111111
12940,12941,-333438880#1,43.528888888888886,18.861111111111114
12942,12943,-333438881#0,7.138999999999999,0.6815789473684212
12944,12945,-333438884,2.36,2.0
12952,12953,-333438885#3,4.012,1.3
12954,12955,-333438885#4,3.54,0.0
12956,12957,-333438885#5,3.817647058823529,0.19117647058823525
12958,12959,-333438887,2.7533333333333334,0.33333333333333337
12962,12963,-334062994#1,22.026666666666667,1.333333333333334
12964,12965,-334065604,4.326666666666666,0.33333333333333337
12970,12971,-334065611,3.933333333333333,0.33333333333333326
12972,12973,-334065616,4.72,0.28571428571428586
12974,12975,-334065618,8.26,2.0
12976,12977,-334066856,9.833333333333334,0.3333333333333335
12978,12979,-334066858#1,8.161666666666667,0.7753623188405792
12980,12981,-334066858#11,1.18,0.0
12982,12983,-334066858#2,22.026666666666667,5.499999999999998
12984,12985,-334066858#3,4.72,0.0
12986,12987,-334066858#4,1.18,0.0
12990,12991,-334066858#7,3.54,0.0
12992,12993,-334066858#9,1.5171428571428571,0.5714285714285715
12994,12995,-334066859#0,4.9559999999999995,0.37894736842105275
12996,12997,-334066859#1,4.661,0.5763157894736842
13004,13005,-334066860#0,7.552,0.7999999999999999
13010,13011,-334656212#0,17.7,0.0
13012,13013,-335392790,10.388627450980392,0.6807843137254899
13014,13015,-335392791,9.185772357723577,4.692168574746972
13016,13017,-335392792,17.936,1.0620689655172426
13020,13021,-335392800#0,14.16,0.0
13022,13023,-335392800#1,1.18,0.0
13026,13027,-335810252#0,11.799999999999999,0.0
13028,13029,-335810252#2,1.9175,0.6499999999999999
13030,13031,-335810252#3,3.0483333333333333,0.2651515151515152
13032,13033,-335810252#4,18.335384615384616,2.102564102564102
13034,13035,-336216577#0,9.332727272727272,1.0909090909090908
13036,13037,-336216577#1,32.25333333333333,7.0666666666666655
13040,13041,-336233945#0,15.34,0.0
13042,13043,-336233945#1,7.08,0.0
13048,13049,-336708442,2.865714285714285,1.2857142857142858
13064,13065,-337347380#0,23.599999999999998,19.0
13074,13075,-337347472,11.504999999999999,2.204545454545453
13076,13077,-337347473#0,8.732,0.2999999999999999
13078,13079,-337347473#1,3.54,0.0
13080,13081,-337347473#2,2.36,0.0
13086,13087,-337348718#2,5.782,2.9888888888888894
13088,13089,-337348718#3,2.0228571428571427,0.23809523809523805
13090,13091,-337348722#0,9.44,0.0
13092,13093,-337348722#1,5.8999999999999995,0.0
13094,13095,-337348722#2,9.44,0.0
13098,13099,-337348726#0,24.779999999999998,2.0
13100,13101,-337348726#1,2.6376470588235295,0.9411764705882354
13118,13119,-337577550,13.687999999999999,1.155555555555555
13122,13123,-337577835,30.68,7.0
13124,13125,-337577836,14.16,0.0
13128,13129,-33779209,5.333599999999999,1.3433333333333337
13132,13133,-337875143#0,9.145,0.9166666666666666
13134,13135,-337875143#1,18.88,2.666666666666668
13136,13137,-337875143#2,6.6866666666666665,2.333333333333333
13150,13151,-337986524#1,7.473333333333333,0.26666666666666666
13152,13153,-33814393#1,3.1506,0.25236180904522615
13154,13155,-33814393#2,9.008457142857143,1.1643349753694594
13156,13157,-33814393#3,10.437942857142856,1.0047947454844015
13158,13159,-339189099,12.979999999999999,0.0
13160,13161,-339189103#0,14.75,220.5
13162,13163,-339189103#1,40.513333333333335,11.666666666666668
13164,13165,-339189103#3,5.31,4.5
13166,13167,-339417557#1,3.507222222222222,0.08492063492063495
13168,13169,-339417557#2,1.3917948717948718,0.15114709851551955
13170,13171,-339417557#3,3.60051282051282,0.20782726045883942
13172,13173,-339417557#4,6.565641025641025,0.9892037786774633
13174,13175,-339417557#5,6.391666666666667,0.25000000000000017
13176,13177,-339417557#6,3.0483333333333333,0.3071428571428571
13178,13179,-339417557#7,1.7044444444444444,0.2539682539682539
13180,13181,-339417557#8,4.752777777777777,0.31349206349206343
13182,13183,-339418351,29.046153846153846,3.756410256410257
13186,13187,-34015253#1,40.21076923076923,12.873846153846138
13198,13199,-34017546#0,21.24,0.0
13200,13201,-34017546#1,7.08,0.0
13226,13227,-34026117#3,20.65,0.5
13228,13229,-34026117#4,6.489999999999999,0.5
13230,13231,-34026117#5,8.85,0.5
13260,13261,-34026288#0,42.48,19.0
13266,13267,-34026352#1,3.54,0.0
13272,13273,-34026352#2,14.75,0.5
13274,13275,-34026352#3,10.384,0.20000000000000007
13276,13277,-34026352#4,20.531999999999996,2.3000000000000007
13278,13279,-34026352#5,16.284,0.7000000000000003
13280,13281,-34026352#6,48.885714285714286,38.2857142857143
13282,13283,-34026352#7,19.666666666666668,3.499999999999999
13284,13285,-34026352#8,5.8999999999999995,0.24999999999999994
13286,13287,-34026352#9,8.39111111111111,0.861111111111111
13288,13289,-34026368,26.634285714285713,12.619047619047622
13290,13291,-34027769#0,8.26,0.0
13298,13299,-342059249#0,3.0155555555555553,0.49673202614379075
13300,13301,-342059249#1,5.864950495049505,0.3491089108910891
13302,13303,-342059249#2,5.799811320754717,0.5165318957771785
13304,13305,-342059249#3,11.7888679245283,1.1903863432165323
13306,13307,-342059249#4,3.2279338842975203,0.3794765840220386
13308,13309,-342059249#5,8.864390243902438,0.5469812075169926
13310,13311,-342059250#0,12.30185975609756,1.3257098305715873
13312,13313,-342059250#1,13.438391502276176,0.6057026626877783
13314,13315,-34230893,27.139999999999997,0.0
13316,13317,-344545840,99.11999999999999,44.0
13318,13319,-344545841,39.235,18.91666666666667
13320,13321,-344545842#0,5.4575,2.5535714285714293
13322,13323,-346571109,106.6290909090909,303.25454545454556
13324,13325,-34880352#1,12.137142857142857,0.6813186813186813
13326,13327,-34880352#2,2.995384615384615,1.1025641025641024
13328,13329,-34880352#3,4.195555555555555,0.5277777777777778
13330,13331,-34880352#4,9.833333333333334,0.5000000000000001
13332,13333,-34880352#6,13.635555555555555,1.7777777777777777
13334,13335,-34880352#7,13.635555555555555,6.277777777777778
13336,13337,-34880352#8,7.67,1.1428571428571426
13338,13339,-35064464#0,30.174285714285716,18.285714285714292
13340,13341,-35064464#1,7.754285714285714,4.6190476190476195
13342,13343,-35064464#2,13.687999999999999,0.7999999999999998
13344,13345,-35064464#3,9.332727272727272,0.890909090909091
13346,13347,-35064465,25.075,0.2499999999999997
13348,13349,-35073467#0,9.322,0.7666666666666669
13350,13351,-35073467#1,12.744,1.1999999999999995
13354,13355,-35073467#4,7.08,0.0
13356,13357,-35073468#0,42.28333333333333,13.911764705882353
13358,13359,-35073468#1,9.341666666666667,0.4469696969696971
13360,13361,-35073468#2,9.332727272727272,0.4909090909090911
13370,13371,-35342077#5,6.5180952380952375,0.36190476190476206
13372,13373,-35342077#6,11.5168,1.1066666666666665
13374,13375,-35342077#7,7.67,0.40740740740740716
13376,13377,-35342079#1,37.519999999999996,452.68205727644636
13378,13379,-35342079#2,9.28774193548387,190.17979904812267
13380,13381,-35342079#3,3.0641935483870966,0.24457958751983075
13382,13383,-35342079#4,5.015,0.3174603174603174
13384,13385,-35342079#5,14.779016393442623,0.7202185792349725
13386,13387,-35342080#0,3.54,0.0
13388,13389,-35342080#1,5.8999999999999995,0.0
13390,13391,-35342080#2,3.54,0.0
13392,13393,-35342080#3,1.5733333333333333,0.25
13394,13395,-35342080#4,5.506666666666667,0.42424242424242425
13396,13397,-35342080#5,9.145,0.75
13398,13399,-35342080#6,11.527692307692307,0.4246153846153845
13400,13401,-35342080#7,5.519354838709678,0.3591397849462365
13402,13403,-35342080#8,7.176326530612244,13.118197278911566
13404,13405,-35342844#0,1.5733333333333333,0.3333333333333333
13410,13411,-35342845#1,8.26,1.0
13414,13415,-35342846#0,5.478571428571429,0.40109890109890106
13416,13417,-35342846#1,17.914545454545454,5.763636363636363
13418,13419,-35342846#2,13.373333333333333,2.333333333333334
13420,13421,-35342846#3,11.799999999999999,1.0
13422,13423,-35342846#4,19.6175,1.4107142857142863
13424,13425,-35342847#1,9.33074074074074,1.9346610761705099
13426,13427,-35342847#2,5.877735849056603,0.6727140783744557
13428,13429,-35342847#4,1.1238095238095236,0.24761904761904763
13430,13431,-35342847#5,1.534,0.32631578947368434
13432,13433,-35342847#6,3.802222222222222,0.5359477124183006
13434,13435,-35342847#7,1.5733333333333333,0.25
13436,13437,-35342847#9,1.3111111111111111,0.1111111111111111
13438,13439,-35342848#0,2.36,0.0
13440,13441,-35342848#1,3.54,0.0
13444,13445,-35417465#1,13.033858921161825,2.818741355463349
13446,13447,-35417465#2,25.23590909090909,15.792727272727264
13448,13449,-35417465#3,15.46642857142857,4.974049331963002
13450,13451,-35417465#4,4.8675,3.9414893617021263
13452,13453,-35417466#0,136.17837837837837,564.2477477477477
13454,13455,-35417466#1,57.82,0.0
13456,13457,-35417467,20.768,2.542857142857143
13458,13459,-354652470#0,5.8999999999999995,0.0
13460,13461,-35468001#0,105.728,102.77894736842109
13462,13463,-35468001#1,9.616999999999999,4.028947368421052
13464,13465,-35468001#2,33.82666666666667,580.3333333333334
13466,13467,-35468001#3,60.96666666666666,1934.3333333333335
13468,13469,-354967514#0,2.5745454545454542,0.1534090909090909
13470,13471,-354967514#0.24,8.58181818181818,1.0795454545454546
13472,13473,-354967514#1,2.8248484848484847,0.4962121212121213
13474,13475,-354967514#2,3.304,0.16666666666666666
13476,13477,-35587951#0,4.72,0.0
13478,13479,-35587951#1,11.799999999999999,0.0
13482,13483,-35587957#0,9.44,0.0
13484,13485,-35587957#1,1.18,0.0
13494,13495,-35588519#0,16.892631578947366,1.8947368421052637
13496,13497,-35588519#1,7.514736842105263,0.24561403508771928
13498,13499,-35588519#2,18.29,0.5
13502,13503,-35588522#0,4.72,0.0
13504,13505,-35588522#1,21.24,4.666666666666669
13512,13513,-35589036#0,148.67999999999998,11403.0
13514,13515,-35589036#1,20.65,420.5
13524,13525,-35681724,9.167692307692308,1.8589743589743593
13528,13529,-35743273,41.693333333333335,16.33333333333333
13530,13531,-35743389#0,16.450588235294116,1.0588235294117647
13532,13533,-35743389#1,4.8442105263157895,2.3216374269005846
13534,13535,-35743389#3,13.766666666666666,0.3333333333333335
13538,13539,-35743405,7.08,0.0
13540,13541,-35744086#0,16.078149779735682,4.581473525806725
13542,13543,-35779587,12.979999999999999,0.0
13544,13545,-35779588#0,8.26,14.0
13546,13547,-35779588#1,7.08,1.3333333333333333
13548,13549,-35779588#2,14.632,1.3000000000000003
13574,13575,-35921580#1,5.6854545454545455,1.5636363636363637
13576,13577,-35926298,4.72,0.0
13578,13579,-35926528#0,4.005922746781116,0.279400371386057
13580,13581,-35926528#1,4.562997198879551,0.3230854754243914
13582,13583,-35927185,8.26,0.0
13598,13599,-36291830#0,1.9330263157894736,0.3913820146392469
13600,13601,-36291830#1,6.408455284552845,0.3455950952952151
13602,13603,-36548854#0,45.724999999999994,38.916666666666664
13606,13607,-36550449,8.85,1.6666666666666672
13608,13609,-36558370,7.08,2.0
13610,13611,-36689751#0,10.58867256637168,31.27607458912768
13612,13613,-36689751#1,11.944716981132073,1.4229110512129373
13614,13615,-36788200#0,5.015,0.24999999999999992
13616,13617,-36788200#1,9.735,12.916666666666666
13618,13619,-36788200#2,2.36,0.0
13620,13621,-36788201#0,15.34,0.0
13622,13623,-36788202,5.31,12.5
13626,13627,-36788203#1,5.768888888888889,0.361111111111111
13628,13629,-36789282#1,12.389999999999999,0.5
13630,13631,-36789283#2,8.26,0.0
13632,13633,-36789284#1,5.506666666666667,0.3333333333333335
13634,13635,-36789284#3,28.32,18.0
13636,13637,-36789284#4,7.294545454545454,17.763636363636365
13640,13641,-36792010#0,7.67,0.5
13642,13643,-36792010#1,14.16,1.3846153846153841
13644,13645,-36792010#2,11.750833333333333,3.9547101449275353
13646,13647,-36792012,36.58,0.0
13648,13649,-36792014,27.53333333333333,10.333333333333332
13650,13651,-36792015#0,25.566666666666666,4.666666666666663
13652,13653,-36792015#1,5.8999999999999995,0.0
13654,13655,-36792017#1,13.452,2.463888888888889
13656,13657,-36792017#2,11.254149659863945,0.8667412170347587
13658,13659,-36792017#3,11.689640287769784,0.5346679178396413
13662,13663,-36792019,18.88,0.0
13664,13665,-36792021#0,2.9499999999999997,1.0
13666,13667,-36792021#1,8.697037037037036,2.6149545772187284
13668,13669,-36792021#2,6.353846153846154,0.40080971659919035
13670,13671,-36792021#3,19.47,40.28571428571428
13672,13673,-36793495#1,6.489999999999999,0.9999999999999999
13674,13675,-36793495#2,4.72,0.0
13676,13677,-36793495#3,2.36,0.0
13680,13681,-36793495#5,4.72,0.0
13682,13683,-36793495#6,4.72,0.0
13684,13685,-36793495#7,4.72,0.0
13686,13687,-36793495#8,2.36,2.0
13688,13689,-36793497#0,17.7,3.0
13696,13697,-36793500#0,19.175,0.9166666666666666
13700,13701,-36793501#0,1.18,0.0
13704,13705,-36793502#0,11.799999999999999,1.0
13710,13711,-36793503#1,18.486666666666665,4.333333333333334
13712,13713,-36793503#2,3.1466666666666665,0.33333333333333337
13726,13727,-36793509#1,36.92705882352941,314.0926916221034
13736,13737,-36856995,1.652,0.3
13738,13739,-36962701#0,9.552380952380952,0.7904761904761906
13740,13741,-36962701#1,2.36,1.1111111111111114
13742,13743,-37192503#0,10.62,0.0
13744,13745,-37192503#1,82.00999999999999,8844.5
13746,13747,-37192504,14.16,0.0
13748,13749,-37192505#1,4.72,0.0
13750,13751,-37192505#2,25.959999999999997,0.0
13752,13753,-37192506#0,12.979999999999999,1.3333333333333337
13754,13755,-37192506#1,3.068,0.8
13756,13757,-37192506#2,3.2449999999999997,2.25
13758,13759,-37192507#0,40.12,0.0
13762,13763,-37192508#0,8.934285714285714,0.879120879120879
13764,13765,-37192508#1,5.141428571428571,0.24725274725274712
13768,13769,-37192511#1,8.85,0.5
13770,13771,-37192511#2,6.489999999999999,0.5
13772,13773,-37193852#0,9.046666666666667,1.0666666666666664
13774,13775,-37193852#1,6.372,0.7999999999999997
13776,13777,-37193852#2,9.27142857142857,7.476190476190477
13778,13779,-37193852#3,8.555,1.6428571428571428
13780,13781,-37193852#4,7.754285714285714,0.9523809523809524
13782,13783,-37193853,11.013333333333334,2.9999999999999996
13784,13785,-37193854,16.52,0.0
13786,13787,-37193855#0,10.451428571428572,1.0549450549450552
13788,13789,-37193855#1,2.36,0.0
13790,13791,-37193855#2,9.44,1.0
13792,13793,-37193855#3,11.564,24.700000000000003
13794,13795,-37193856,15.34,54.666666666666664
13800,13801,-37193858#0,12.979999999999999,0.0
13802,13803,-37193858#1,10.384,1.6999999999999997
13804,13805,-37193858#2,6.489999999999999,0.9999999999999999
13808,13809,-37193859#0,28.32,0.0
13810,13811,-37193859#1,11.799999999999999,1.0
13812,13813,-37193859#11,9.8825,1.1141304347826086
13814,13815,-37193859#12,10.282857142857141,0.5714285714285715
13816,13817,-37193859#13,9.44,0.0
13818,13819,-37193859#2,2.4442857142857144,0.22527472527472542
13820,13821,-37193859#3,11.24470588235294,2.014705882352941
13822,13823,-37193859#4,7.473333333333333,0.7333333333333334
13824,13825,-37193859#5,4.158095238095238,1.0619047619047617
13826,13827,-37193859#6,8.003478260869565,3.1778656126482208
13828,13829,-37193859#8,7.417142857142856,0.23809523809523833
13830,13831,-37193859#9,9.57111111111111,0.11111111111111097
13832,13833,-37193860,28.32,0.0
13834,13835,-37193861#0,5.349333333333333,1.3609195402298846
13836,13837,-37193861#1,8.37238095238095,0.19047619047619052
13838,13839,-37193861#2,12.035999999999998,0.6000000000000002
13840,13841,-37193862#0,20.06,3.111111111111111
13842,13843,-37193862#1,14.16,8.0
13844,13845,-37193863#0,9.608571428571427,0.4761904761904763
13846,13847,-37193863#1,20.256666666666668,2.1515151515151514
13850,13851,-37193865,14.553333333333333,2.333333333333334
13856,13857,-37255717#0,5.143589743589743,27.709851551956824
13858,13859,-37255717#1,7.889142857142857,34.515966386554624
13860,13861,-37255717#2,11.842142857142857,0.7023809523809524
13862,13863,-37255717#4,6.953571428571428,0.17328042328042326
13864,13865,-37255717#5,5.562857142857142,0.21164021164021177
13870,13871,-37255726#0,7.854374999999999,0.23286290322580644
13872,13873,-37255726#2,3.09047619047619,0.5476190476190477
13874,13875,-37255726#3,4.7736363636363635,0.5216450216450218
13876,13877,-37255726#4,4.872258064516129,1.9161290322580646
13878,13879,-37255726#5,21.108888888888888,41.861111111111114
13888,13889,-37255738#0,10.325,0.3863636363636365
13890,13891,-37255738#1,15.158461538461538,0.4743589743589744
13904,13905,-37256211,34.486451612903224,7.113978494623657
13906,13907,-37282688#0,2.2933554817275748,0.22013289036544847
13908,13909,-37282688#1,2.025082508250825,0.39599589097982646
13910,13911,-37282688#2,8.688356164383562,0.9674245633855854
13912,13913,-37282688#3,3.730456140350877,0.31188534717074395
13914,13915,-37282688#4,2.0445138888888885,0.23837349980642653
13916,13917,-37282688#5,14.614791666666665,28.61400261324042
13918,13919,-37386279#0,4.601999999999999,0.3222222222222222
13920,13921,-37386279#1,12.193333333333333,0.7878787878787878
13924,13925,-37480269,18.88,1.0
13930,13931,-376285856#0,57.23,24.5
13932,13933,-376285856#1,31.86,3.0
13934,13935,-376285856#2,24.779999999999998,0.0
13936,13937,-376285856#3,50.739999999999995,2.0
13942,13943,-376285856#6,15.34,0.0
13944,13945,-376285856#7,1.18,0.0
13946,13947,-37649447#0,2.065,0.21428571428571427
13948,13949,-37649447#1,4.72,0.0
13950,13951,-37649447#2,4.13,0.30000000000000004
13952,13953,-37649447#3,9.70222222222222,0.44444444444444453
13954,13955,-37681424#0,34.515,2.9166666666666665
13956,13957,-37681424#1,31.58235294117647,59.31617647058822
13958,13959,-37681425#1,3.7366666666666664,0.16666666666666669
13960,13961,-37681425#2,1.18,0.0
13962,13963,-37681425#3,4.72,0.2857142857142857
13964,13965,-37681425#4,5.562857142857142,0.23809523809523814
13966,13967,-37681425#5,2.2288888888888887,0.1111111111111111
13968,13969,-37681425#6,7.375,0.7499999999999999
13970,13971,-37681425#7,8.653333333333332,0.25
13972,13973,-37681592#0,12.684999999999999,2.022727272727273
13974,13975,-37681592#2,19.116,32.17777777777778
13976,13977,-37681592#3,2.681818181818182,1.218181818181818
13978,13979,-37681592#4,13.991428571428571,1.4761904761904756
13980,13981,-37681592#5,10.816666666666665,4.166666666666666
13982,13983,-37681592#6,4.8675,0.9821428571428571
13984,13985,-37681592#7,2.5285714285714285,0.14285714285714288
13986,13987,-37681592#8,3.0342857142857143,0.28571428571428564
13988,13989,-37714408#0,2.467272727272727,0.09090909090909098
13990,13991,-37715607,18.093333333333334,2.333333333333334
13992,13993,-37715611,18.394117647058824,107.75735294117644
13994,13995,-37715612#0,18.88,37.142857142857146
13996,13997,-37715612#1,14.16,40.0
13998,13999,-37715612#2,1.3275,0.125
14000,14001,-37715613#0,7.458490566037735,2.4528301886792465
14002,14003,-37715613#1,12.667647058823528,6.503565062388595
14004,14005,-37715613#2,10.423333333333334,2.966666666666666
14006,14007,-37715614#0,13.569999999999999,1.4285714285714286
14008,14009,-37715614#1,13.687999999999999,1.3
14012,14013,-37724354,60.769999999999996,54.33333333333332
14014,14015,-379510292,3.7517948717948713,0.30904183535762486
14016,14017,-379520414#0,1.058974358974359,0.09446693657219972
14018,14019,-379520414#1,3.2676923076923075,0.23481781376518218
14020,14021,-379721535,3.54,0.0
14024,14025,-379723622#1,10.62,0.0
14026,14027,-379723623#0,7.158666666666666,0.5181818181818183
14028,14029,-379723623#2,3.54,0.18604651162790714
14030,14031,-379723624#1,8.706048109965636,4.504893944780188
14032,14033,-379795383,4.988181818181818,0.2794805194805196
14034,14035,-379795384,5.953636363636364,0.46649350649350646
14038,14039,-380058449,9.44,0.0
14040,14041,-380273346,8.456666666666667,4.966666666666666
14044,14045,-380273351#1,15.055172413793104,7.6896551724137945
14046,14047,-380273351#2,4.972857142857142,0.4708994708994708
14054,14055,-381247993,1.6095397489539747,0.2324812770296403
14056,14057,-381247994,1.085798319327731,0.10752402226713474
14060,14061,-38305646#0,9.301176470588235,8.61029411764706
14062,14063,-38305646#2,6.096666666666667,1.7666666666666664
14064,14065,-38305646#3,9.44,1.6
14066,14067,-38434492#0,11.246875,1.2688492063492067
14068,14069,-38434492#1,9.376785714285713,1.2516233766233769
14070,14071,-38434492#2,4.033454545454545,0.7663299663299663
14072,14073,-38434492#4,15.680888888888889,1.982828282828283
14074,14075,-38434492#5,4.143720930232558,0.35105204872646706
14076,14077,-38434492#7,7.9191111111111105,2.301010101010101
14078,14079,-38434492#8,14.120666666666667,1.4816091954022999
14080,14081,-38434577,4.72,0.34482758620689646
14082,14083,-38434578,19.155333333333335,2.5298850574712644
14084,14085,-38435025,5.057142857142857,0.28571428571428603
14090,14091,-38573374,12.979999999999999,10.5
14092,14093,-38573375#0,13.148571428571428,1.142857142857143
14094,14095,-38573375#1,16.68857142857143,1.4761904761904765
14096,14097,-38573376#0,14.946666666666665,0.3333333333333335
14098,14099,-38573376#1,3.933333333333333,0.33333333333333337
14102,14103,-38573377#1,23.796666666666667,3.3666666666666685
14104,14105,-38573380,20.06,0.0
14106,14107,-389552421#1,17.16363636363636,80.54545454545453
14108,14109,-389552421#2,6.007272727272727,1.9913419913419912
14110,14111,-389552421#3,16.52,1.7777777777777777
14112,14113,-389552421#4,4.29090909090909,2.0545454545454542
14114,14115,-389552421#5,0.8428571428571429,0.2380952380952381
14116,14117,-389565213#0,17.306666666666665,32.666666666666664
14118,14119,-389831363,3.229473684210526,0.20467836257309938
14120,14121,-389831364#1,4.305054945054945,0.31764920162710225
14122,14123,-389831364#1.38,23.287071823204418,166.97372621240024
14124,14125,-389840420#0,7.138999999999999,0.5228813559322032
14126,14127,-389840420#1,4.680666666666666,0.3717514124293787
14128,14129,-389840420#2,9.541975308641975,0.8549382716049381
14130,14131,-389840420#3,13.348749999999999,3.0783227848101253
14132,14133,-389840423#0,25.841999999999995,5.568421052631577
14134,14135,-389840423#2,9.717647058823529,0.9411764705882353
14136,14137,-390068133#0,2.8561363636363635,0.43038140020898646
14138,14139,-390068133#1,8.073684210526315,0.5811870100783875
14140,14141,-390068133#2,5.43951219512195,0.3396567299006323
14142,14143,-390068133#3,6.198554216867469,0.5083749632677051
14144,14145,-390282481,2.882212765957447,0.2477541371158394
14146,14147,-390565276#0,3.0483333333333333,0.2651515151515152
14148,14149,-390565276#1,1.5018181818181817,0.21818181818181817
14150,14151,-390832775#0,9.973809523809523,0.3025551684088266
14152,14153,-390832776#1,9.44,0.6666666666666666
14154,14155,-390832777#0,12.193333333333333,1.333333333333334
14156,14157,-390832777#1,32.64666666666667,13.466666666666669
14158,14159,-390835794#0,3.568683322079676,0.622381699728087
14160,14161,-390835794#1,3.8778389538885065,0.32568695147685317
14162,14163,-390835794#2,6.058362009635237,0.5666873325635752
14164,14165,-390842191#0,1.9666666666666666,4.666666666666666
14166,14167,-390842191#1,2.697142857142857,0.23809523809523803
14168,14169,-390842192#0,0.8203809523809523,0.2139194139194139
14170,14171,-390842192#1,3.596190476190476,0.19963369963369965
14172,14173,-390842192#2,1.18,0.0
14174,14175,-390842192#3,2.3832894736842105,0.25788602300453123
14176,14177,-390842192#4,6.847105263157894,0.9806552805855702
14178,14179,-391029004#0,9.06022988505747,0.6394012296177491
14180,14181,-391029004#1,11.685436893203882,1.0885208452312958
14182,14183,-391029004#2,7.918906249999999,0.7898006889763769
14184,14185,-391029007,10.21153846153846,22.47538461538462
14186,14187,-391029010,9.462264150943396,0.557329462989839
14188,14189,-391029011#0,9.33074074074074,1.066736547868623
14190,14191,-391029011#1,15.749066666666664,1.5809009009009007
14192,14193,-391029011#2,11.209999999999999,0.3333333333333333
14194,14195,-391029011#3,2.697142857142857,0.23809523809523814
14196,14197,-391029012#0,5.506666666666667,0.3333333333333335
14198,14199,-391029012#1,2.7533333333333334,0.24999999999999992
14200,14201,-391029012#2,11.34111111111111,0.8398692810457519
14202,14203,-391029012#3,6.932499999999999,0.5489130434782608
14204,14205,-391029012#4,10.483846153846153,0.9861538461538462
14206,14207,-391029012#5,11.527692307692307,0.9046153846153843
14208,14209,-391029012#6,4.944761904761905,0.30429732868757253
14210,14211,-391029013,17.7,0.0
14212,14213,-391029014#0,10.855999999999998,0.7000000000000002
14214,14215,-391208987#0,3.032325581395349,1.3303693570451436
14216,14217,-391208987#1,17.68627906976744,77.3998632010944
14218,14219,-391208988,7.09156862745098,0.6797063653047424
14220,14221,-391208991,3.449230769230769,0.07692307692307691
14222,14223,-391208992#0,30.174285714285716,2.952380952380954
14224,14225,-391208992#1,19.351999999999997,0.9333333333333331
14226,14227,-391208993#0,23.84246575342466,3.2210806697108065
14228,14229,-391208993#1,16.77285714285714,0.9505494505494506
14230,14231,-391208993#2,5.742666666666666,0.2666666666666667
14232,14233,-391208993#3,8.474545454545455,0.3636363636363638
14234,14235,-391208993#4,9.44,0.2857142857142857
14236,14237,-391208993#5,5.703333333333332,2.515151515151515
14238,14239,-391344206#0,26.9925,2.696428571428572
14240,14241,-391344206#1,24.948571428571427,5.476190476190475
14242,14243,-391344206#3,4.425,0.7857142857142857
14244,14245,-391344206#4,4.13,0.3
14246,14247,-391344206#5,2.36,0.2857142857142857
14248,14249,-391344206#7,1.18,0.0
14250,14251,-391344207,9.046666666666667,1.333333333333333
14252,14253,-391344216,5.077575757575757,0.7067599067599066
14254,14255,-391606911#0,19.28935611038108,14.529493740922623
14256,14257,-391606911#1,6.753651226158038,0.3940749634773299
14258,14259,-391606911#2,15.069048913043478,1.2220330523513765
14260,14261,-391606911#3,2.265918918918919,0.46048165892550197
14262,14263,-391606911#4,2.7635989010989013,0.24736422449627393
14264,14265,-391606922,4.774029304029304,1.9979015790198165
14266,14267,-391885896#0,7.08,0.0
14268,14269,-39227066#0,23.599999999999998,1.0
14270,14271,-39227066#1,27.139999999999997,0.0
14272,14273,-39227661#0,18.80236842105263,2.634419197774173
14274,14275,-39227661#1,6.334736842105262,0.30419661488523064
14276,14277,-39227661#2,3.13344537815126,0.3618054816863453
14280,14281,-39236841#4,22.5675,0.6500000000000007
14286,14287,-39301798#0,6.543636363636364,2.272727272727272
14288,14289,-39301798#1,50.739999999999995,32.0
14290,14291,-393420106#0,1.2707692307692307,0.0738461538461539
14292,14293,-393420106#1,19.6352,1.4066666666666665
14294,14295,-393420112#0,5.985154639175257,0.44265463917525755
14296,14297,-393420112#1,8.649278350515463,0.640034364261168
14298,14299,-393420112#2,5.924329896907216,0.47873711340206215
14300,14301,-393420112#4,2.221914893617021,0.21196522534889037
14302,14303,-393420116#1,39.85874538745387,467.63968839688414
14304,14305,-393420116#3,12.513093525179855,52.74539646261331
14306,14307,-393420116#4,4.063049645390071,0.41136013730092624
14308,14309,-393420116#5,2.3645210727969346,0.24998526377836733
14310,14311,-393420116#6,12.013662551440328,1.3472434785566105
14312,14313,-393420116#7,4.944761904761905,0.36356107660455467
14314,14315,-39345679#1,6.136,7.28888888888889
14316,14317,-39345679#2,8.968,20.300000000000004
14320,14321,-39443315#0,25.959999999999997,0.0
14322,14323,-39443315#1,36.31777777777778,3.8300653594771235
14324,14325,-39443316#0,10.62,4.5
14326,14327,-39443316#2,11.504999999999999,16.916666666666668
14328,14329,-39444328#0,2.9499999999999997,4.5
14332,14333,-39444740#1,4.425,0.5999999999999999
14334,14335,-39444740#2,5.782,1.3578947368421055
14336,14337,-39444746#0,17.994999999999997,4.25
14338,14339,-39444746#1,15.045,4.249999999999999
14340,14341,-39444746#2,32.64666666666667,16.333333333333336
14344,14345,-39444746#4,7.954074074074073,4.045584045584045
14346,14347,-39444747,21.58705882352941,4.4705882352941195
14348,14349,-39444748,3.54,0.6666666666666666
14350,14351,-39445512#1,8.968,5.8
14358,14359,-39445786#0,4.72,0.0
14360,14361,-39445786#1,2.7533333333333334,0.33333333333333337
14364,14365,-39445788#0,6.293333333333333,0.3333333333333335
14372,14373,-39445983,18.093333333333334,154.33333333333331
14374,14375,-39445984#0,13.242222222222221,24.444444444444446
14382,14383,-39530043,10.788571428571428,2.728571428571429
14384,14385,-39530044#0,9.016981132075472,0.5805515239477506
14386,14387,-39530044#1,2.9499999999999997,0.45121951219512185
14388,14389,-39530044#2,9.408947368421053,1.107396870554765
14390,14391,-39530044#3,5.113333333333332,0.6857142857142854
14392,14393,-39530044#4,2.6344186046511626,0.8493909191583607
14394,14395,-39530044#5,30.774399999999996,30.826666666666664
14396,14397,-39530419,9.608571428571427,0.8095238095238096
14398,14399,-39577340,25.566666666666666,2.333333333333335
14400,14401,-39577538,12.137142857142857,0.9047619047619047
14402,14403,-39577540,1.77,0.5
14404,14405,-39603434,6.35434306569343,0.6686605105485798
14406,14407,-39603435#0,5.270666666666666,0.40952380952380935
14408,14409,-396370763#0,5.31,0.3333333333333333
14410,14411,-396370763#1,4.13,0.5
14412,14413,-396370764#0,1.18,0.0
14414,14415,-396370764#1,2.8963636363636365,0.27272727272727265
14420,14421,-396370770#1,5.113333333333332,0.25
14424,14425,-396370773#1,2.9499999999999997,0.4999999999999999
14426,14427,-396370774#0,4.858823529411764,0.3493761140819964
14428,14429,-396370774#1,2.2905882352941176,0.23885918003565063
14430,14431,-396370774#2,4.685294117647059,0.27183600713012473
14432,14433,-39649533,3.281875,0.25224447513812176
14434,14435,-39698490,18.88,1.6666666666666667
14436,14437,-39704293#0,1.2211627906976745,0.03406292749658003
14438,14439,-39704293#1,28.863595505617976,7.592185903983656
14440,14441,-39704293#2,3.6875,0.22557471264367812
14442,14443,-39704293#3,7.442045454545454,0.5599529780564264
14444,14445,-39704293#4,2.2795454545454543,0.15621734587251834
14450,14451,-397587871#1,1.18,0.0
14452,14453,-397587871#2,64.89999999999999,0.0
14454,14455,-397587872#0,17.11,7.000000000000001
14458,14459,-397588242,5.506666666666667,0.26666666666666655
14460,14461,-397588245,9.44,2.0
14462,14463,-397588246,9.833333333333334,0.3333333333333335
14466,14467,-39857771,107.48114285714286,1155.0806722689078
14468,14469,-39857772#0,50.02915662650602,19.73023802527181
14470,14471,-39857772#1,28.955384615384617,6.849150849150854
14474,14475,-39860602,1.235529411764706,0.04510964148973199
14476,14477,-39860603,8.863882352941175,1.2927601809954758
14478,14479,-39860604#0,9.636666666666665,12.566666666666666
14482,14483,-39861421,8.653333333333332,0.2666666666666666
14484,14485,-39861704#0,14.530857142857142,0.619047619047619
14486,14487,-39861704#1,9.864799999999999,0.3811494252873566
14488,14489,-39861707,2.058646153846154,0.20926875593542266
14490,14491,-39861708#0,2.3925766871165646,0.7223124115148652
14492,14493,-39861708#1,9.964444444444444,1.3828828828828825
14494,14495,-39863083#0,17.994999999999997,6.250000000000001
14496,14497,-39863083#2,4.72,0.6666666666666666
14498,14499,-39863083#3,3.933333333333333,4.333333333333333
14500,14501,-39863083#4,3.068,0.30000000000000004
14502,14503,-39863083#5,4.72,0.6666666666666666
14504,14505,-39863083#6,6.096666666666667,0.5666666666666667
14510,14511,-39863084#0,7.787999999999999,0.30000000000000016
14512,14513,-39863084#1,8.26,0.0
14514,14515,-39863084#2,3.186,0.6777777777777777
14516,14517,-39863084#3,8.496,0.39999999999999986
14518,14519,-39863084#4,12.07230769230769,1.5256410256410264
14520,14521,-39863084#5,11.156363636363636,9.272727272727272
14522,14523,-39863101,17.11,0.5
14524,14525,-39918460,6.489999999999999,24.5
14526,14527,-39918462,4.72,0.0
14532,14533,-399835085#0,135.6501408450704,23032.579762261517
14534,14535,-399835085#1,32.49154929577465,2851.271801018879
14536,14537,-399835087#0,11.742787878787878,2.3512934220251287
14538,14539,-399835087#1,11.847745664739884,2.2948649011963966
14540,14541,-399835087#2,14.35032258064516,9.24005027230834
14542,14543,-399835087#4,28.66962962962963,37.216524216524235
14544,14545,-400100578,7.552,0.9333333333333331
14546,14547,-400100580#1,2.36,0.0
14548,14549,-400100580#2,9.44,2.0
14550,14551,-40059576#0,6.610185185185185,0.5596227068189683
14552,14553,-40059576#1,10.915,3.247899159663866
14554,14555,-402154210,1.18,0.0
14556,14557,-403879902#0,23.599999999999998,0.0
14558,14559,-403879902#1,3.54,0.0
14562,14563,-40490659#1,12.684999999999999,52.916666666666664
14564,14565,-40490659#2,10.226666666666665,11.066666666666666
14566,14567,-40493395,7.08,0.0
14568,14569,-40493437#0,1.3111111111111111,0.2222222222222222
14570,14571,-40493437#1,2.429411764705882,0.8088235294117647
14572,14573,-40493437#2,5.792727272727273,1.8909090909090913
14574,14575,-40496432#0,2.36,0.0
14576,14577,-40496432#1,25.959999999999997,0.0
14578,14579,-40578426#0,157.72666666666666,279.8666666666666
14586,14587,-40623117#0,7.981954022988505,0.5973357252009833
14588,14589,-40623117#1,5.004827586206896,0.3575842136735098
14590,14591,-40623117#2,4.894318181818181,0.3437662337662335
14592,14593,-40623117#3,0.7282285714285713,0.2606239737274221
14594,14595,-40631191,5.8999999999999995,0.0
14596,14597,-40632372,20.06,0.0
14598,14599,-40640588#0,1.546206896551724,0.22167487684729065
14600,14601,-40640588#1,4.313103448275862,0.3768472906403942
14602,14603,-40640588#2,1.2324444444444445,0.2707070707070706
14604,14605,-40640588#3,1.9116,0.3628571428571428
14606,14607,-40640588#4,2.469259259259259,0.12334032145352898
14608,14609,-40640588#5,6.574285714285714,5.049350649350648
14610,14611,-40642783#0,1.364375,0.32963709677419367
14612,14613,-40642783#1,3.8908108108108106,6.381381381381382
14614,14615,-40642783#2,13.687999999999999,1.3777777777777778
14616,14617,-40642783#3,9.046666666666667,2.2666666666666666
14618,14619,-40642787#0,14.258333333333333,1.5378787878787883
14620,14621,-40642787#1,4.523333333333333,0.4195402298850572
14622,14623,-40642787#2,14.0125,5.839285714285714
14624,14625,-40642790#0,2.664516129032258,0.864516129032258
14626,14627,-40642790#1,1.4707246376811594,0.2178175618073316
14628,14629,-40642790#2,6.21235294117647,26.943810359964885
14630,14631,-40644492#0,2.36,0.0
14652,14653,-40801039,2.36,0.0
14654,14655,-40879982#0,1.854285714285714,0.28571428571428575
14656,14657,-40879982#1,14.613846153846154,0.4230769230769233
14658,14659,-40888351#0,17.306666666666665,0.33333333333333304
14660,14661,-40888351#1,4.72,1.9999999999999993
14662,14663,-40888351#3,4.72,0.3333333333333333
14664,14665,-40888351#5,3.618666666666667,0.06666666666666671
14666,14667,-40888351#6.2,4.9559999999999995,0.4571428571428572
14668,14669,-40888354#0,12.062222222222221,0.4444444444444445
14670,14671,-40888354#1,7.735555555555555,0.27777777777777746
14672,14673,-40888354#2,3.0155555555555553,0.2777777777777777
14674,14675,-40888354#3,2.36,0.25
14676,14677,-40888354#4,5.768888888888889,0.11111111111111112
14678,14679,-40888356#0,3.401176470588235,0.23529411764705888
14680,14681,-40888356#2,3.812307692307692,0.35897435897435903
14682,14683,-40888356#3,2.36,0.181818181818182
14684,14685,-40888356#4,2.124,0.8444444444444446
14686,14687,-40888356#5,1.18,0.0
14688,14689,-40888356#6,1.77,0.5
14694,14695,-40930495#0,26.107499999999998,38.65
14696,14697,-40930495#1,8.161666666666667,5.9015151515151505
14698,14699,-41051113#0,17.11,5.666666666666667
14700,14701,-41051113#1,27.375999999999998,9.066666666666668
14702,14703,-41051113#2,17.11,3.0
14704,14705,-41051113#3,6.358888888888889,2.8398692810457513
14708,14709,-41106793#0,10.855999999999998,0.7
14710,14711,-41106793#1,0.59,0.5
14712,14713,-41106793#2,12.389999999999999,144.5
14716,14717,-41106793#4,15.045,5.583333333333333
14718,14719,-41139095,10.685555555555554,15.702614379084965
14720,14721,-41139660#0,13.249347826086955,1.233038700430005
14722,14723,-41139660#1,4.027391304347826,0.3769708552317247
14724,14725,-41139660#2,9.294157303370786,0.768641470888662
14726,14727,-41139660#3,2.257391304347826,0.168179646440516
14728,14729,-41139660#4,2.163333333333333,0.2078651685393258
14730,14731,-41140024,15.045,0.9166666666666671
14732,14733,-41190839#0,31.86,3.7500000000000044
14734,14735,-41190839#1,4.13,0.5
14736,14737,-41190839#2,33.629999999999995,0.5
14738,14739,-41190840,23.993333333333332,4.94117647058824
14740,14741,-41193093#0,1.3161538461538462,0.10615384615384624
14742,14743,-41193093#1,63.01199999999999,14.971428571428579
14744,14745,-41193093#2,66.23733333333332,18.980952380952377
14746,14747,-41193100#0,47.36857142857143,23.97802197802197
14748,14749,-41195860#1,3.6523809523809523,1.1904761904761907
14750,14751,-41195860#10,9.046666666666667,0.2666666666666667
14752,14753,-41195860#11,4.261111111111111,0.25163398692810446
14754,14755,-41195860#2,4.934545454545454,6.163636363636364
14756,14757,-41195860#3,3.9825,1.4107142857142858
14758,14759,-41195860#4,3.202857142857143,0.5714285714285714
14760,14761,-41195860#5,11.092,2.7999999999999994
14762,14763,-41195860#6,9.735,0.9166666666666666
14764,14765,-41195860#7,3.54,3.7142857142857144
14766,14767,-41195860#8,1.4749999999999999,0.25
14770,14771,-41195861#0,5.8999999999999995,1.0
14772,14773,-41195861#1,5.015,0.7857142857142857
14774,14775,-41195862#0,4.551428571428572,2.1428571428571423
14776,14777,-41195862#1,2.36,0.0
14780,14781,-41195863#1,7.965,0.24999999999999992
14782,14783,-41195865#0,1.77,0.5
14784,14785,-41195865#1,3.7366666666666664,0.9666666666666668
14786,14787,-41195865#2,3.54,0.0
14790,14791,-41195866,3.1235294117647054,0.2426470588235295
14804,14805,-41195869#4,2.7533333333333334,0.33333333333333337
14806,14807,-41195869#5,4.72,0.0
14808,14809,-41195872,8.26,0.0
14810,14811,-41195873,7.08,0.0
14816,14817,-41199132,17.227999999999998,59.3
14818,14819,-41199133,18.374285714285712,1.6190476190476186
14820,14821,-41199134,15.489999999999998,2.385412139649429
14822,14823,-41203191#1,41.3,2.0
14826,14827,-41203193,21.24,9.00000000000001
14828,14829,-41203916#0,11.406666666666665,2.3333333333333326
14830,14831,-41203916#2,1.18,0.0
14832,14833,-41203916#3,3.54,0.0
14834,14835,-41203918#0,4.888571428571429,1.476190476190476
14838,14839,-41204160,9.44,0.0
14842,14843,-41222724#0,3.618666666666667,0.3363636363636363
14846,14847,-41225169,22.419999999999998,0.0
14848,14849,-413002076#0,188.00176470588232,1780.225490196078
14852,14853,-413002077#1,20.65,0.5
14858,14859,-413002080,87.22923076923077,339.3538461538462
14860,14861,-41400364,126.08791666666667,263.3890350877195
14864,14865,-414730013#0,6.608,5.3
14866,14867,-414730013#1,25.488,1.2999999999999994
14868,14869,-41494423#0,3.722276422764227,0.5415167266426762
14870,14871,-41494423#1,7.417142857142856,0.782082324455206
14872,14873,-41494741#0,3.728220858895705,1.2336590168901012
14874,14875,-41494741#1,3.203924050632911,0.2559461420624043
14876,14877,-41494741#2,5.638607594936708,2.6958397161976944
14878,14879,-41522167#0,0.8715909090909091,0.21826018808777428
14880,14881,-41522167#1,14.682954545454544,1.6978840125391859
14882,14883,-41522169#0,3.8478260869565215,0.2415458937198068
14884,14885,-41522169#1,1.18,0.044444444444444446
14886,14887,-41522169#2,11.197446808510637,0.6466234967622574
14888,14889,-41522169#3,6.753617021276596,0.5522664199814986
14890,14891,-41522169#4,2.8376190476190475,0.24680603948896632
14892,14893,-41522170,11.799999999999999,2.0
14894,14895,-41530624#0,8.85,0.5
14900,14901,-41539057#0,20.06,3.3333333333333353
14902,14903,-41539057#2,2.596,1.2
14904,14905,-41539057#3,12.586666666666666,2.333333333333334
14906,14907,-41567676#0,13.277251908396945,2.8676377897611878
14908,14909,-41567676#1,5.598566978193146,0.42450221373340924
14910,14911,-420153789,4.880572963294538,0.15888532712109685
14914,14915,-42276507,10.03,0.5
14916,14917,-42277294,12.429333333333332,7.980952380952381
14918,14919,-42277295#0,10.03,0.7222222222222223
14920,14921,-42277295#1,4.72,0.0
14922,14923,-42277296,8.26,21.0
14924,14925,-423287073,12.979999999999999,1.9999999999999998
14926,14927,-423804014#0,10.7675,57.98333333333335
14928,14929,-423804014#1,4.72,18.0
14934,14935,-423804014#6,1.18,0.0
14936,14937,-423804014#7,2.065,0.2045454545454545
14944,14945,-423804019,3.802222222222222,1.2418300653594774
14946,14947,-424028485#0,55.95684210526315,29.36842105263158
14948,14949,-424028486,17.8225974025974,3.96274777853725
14950,14951,-42435519,28.996899224806203,9.074148972025613
14952,14953,-42444460#0,3.79030303030303,0.17234848484848478
14954,14955,-42444460#1,34.01546666666667,9.091171171171172
14956,14957,-42444460#2,11.310731707317073,1.1345980126467932
14958,14959,-42444460#3,9.87170731707317,0.950918398072869
14960,14961,-42444460#4,2.431084337349397,0.22803408756979146
14962,14963,-42444461,3.79030303030303,0.23484848484848483
14964,14965,-42485338#0,16.52,1.0
14966,14967,-42485338#1,20.06,1.0
14968,14969,-42485339,113.28,828.7142857142856
14972,14973,-42487766#1,12.443636363636362,0.988038277511961
14974,14975,-42487766#2,5.3176623376623375,0.7006151742993848
14976,14977,-42487767#0,15.34,40.0
14978,14979,-42487767#1,24.779999999999998,3.333333333333334
14980,14981,-42487767#2,13.822857142857142,49.238095238095234
14982,14983,-42487768,12.035999999999998,2.177777777777778
14992,14993,-42491776#0,9.44,9.142857142857144
14994,14995,-42491776#1,7.08,0.0
14996,14997,-42491777,10.03,25.0
15002,15003,-424967103,2.0977777777777775,0.19444444444444442
15004,15005,-42508858#1,14.32090909090909,14.409090909090914
15006,15007,-42508858#2,15.536666666666665,36.56666666666666
15008,15009,-42508858#3,23.009999999999998,3.0000000000000013
15010,15011,-42508860,7.08,0.49999999999999994
15012,15013,-425100437#0,3.068,0.3
15016,15017,-425100437#2,12.979999999999999,0.0
15018,15019,-425100437#3,2.697142857142857,0.23809523809523805
15020,15021,-425100438#0,7.67,0.3333333333333335
15026,15027,-425100439#0,11.209999999999999,0.9999999999999997
15036,15037,-425100439#5,3.54,0.0
15038,15039,-425100439#6,3.54,0.0
15040,15041,-425100439#7,3.835,0.25
15042,15043,-425100439#8,3.3714285714285714,0.14285714285714288
15044,15045,-425100439#9,3.3187499999999996,0.29583333333333334
15050,15051,-425100440#2,2.8844444444444446,1.5277777777777777
15052,15053,-425100440#3,2.9499999999999997,4.5
15054,15055,-425100442,5.8999999999999995,0.0
15060,15061,-425100450#0,4.13,0.5
15062,15063,-425100450#1,30.68,31.0
15068,15069,-425100453#1,29.5,0.0
15074,15075,-425100455#2,9.44,0.0
15078,15079,-425100455#4,9.44,0.0
15080,15081,-425100456#0,11.93111111111111,2.611111111111112
15088,15089,-425100456#4,9.44,0.0
15090,15091,-425100457#0,10.816666666666665,1.3666666666666658
15098,15099,-425100457#4,8.26,0.0
15100,15101,-425100458#1,12.979999999999999,0.0
15104,15105,-425100459#1,3.54,0.0
15106,15107,-425100460#0,2.36,0.0
15110,15111,-425100460#2,4.326666666666666,0.33333333333333337
15114,15115,-425100461#1,10.62,0.0
15116,15117,-425100461#2,8.26,0.0
15120,15121,-425100461#4,9.44,4.0
15124,15125,-425100462#1,3.4557142857142855,0.2252747252747253
15126,15127,-425100462#2,10.226666666666665,1.0588235294117645
15128,15129,-425100462#3,9.898888888888889,0.9575163398692811
15130,15131,-425100463,23.895,6.250000000000003
15132,15133,-425100465#0,8.496,1.2000000000000002
15138,15139,-425100465#3,15.34,0.0
15140,15141,-425100465#4,9.833333333333334,0.33333333333333304
15144,15145,-425100466#0,2.655,0.25000000000000006
15146,15147,-425100466#1,3.54,0.0
15148,15149,-425100466#2,4.72,0.0
15150,15151,-425100466#3,2.36,0.0
15152,15153,-425100466#4,2.36,0.0
15156,15157,-425100467#0,11.0625,0.26785714285714285
15160,15161,-425100467#2,2.36,0.0
15168,15169,-425100469#0,10.718333333333334,2.427536231884058
15178,15179,-425104281,23.599999999999998,37.0
15180,15181,-425148882#0,4.72,0.36363636363636354
15182,15183,-425148882#1,1.18,0.0
15184,15185,-42517571#0,21.108888888888888,30.928104575163403
15188,15189,-42517571#2,1.18,0.0
15190,15191,-42517575#0,77.57217391304347,53.29249011857707
15192,15193,-42517576,7.67,13.666666666666666
15194,15195,-426547307,15.222,7.877777777777776
15196,15197,-426547308,6.6866666666666665,0.6666666666666667
15198,15199,-42674130#1,7.4487499999999995,3.829166666666666
15200,15201,-42674130#2,10.62,0.0
15202,15203,-42674133#0,31.86,98.57142857142857
15210,15211,-42674133#5,29.028,90.3
15212,15213,-42674133#6,40.513333333333335,101.33333333333334
15220,15221,-42674135#3,31.354285714285716,7.619047619047618
15222,15223,-4268967#1,7.896923076923077,3.564102564102564
15224,15225,-42738708,35.64954303931987,253.30240940644214
15226,15227,-42738709#0,9.1765291005291,0.8934757339204139
15228,15229,-42738709#00,8.805820499203397,0.5696654952330911
15230,15231,-42738709#1,8.862566560170393,4.160515187775576
15232,15233,-42745460,3.2774723354688406,0.5122448896473364
15234,15235,-42745461#1,7.515713453698311,4.362410449189719
15240,15241,-429033100,37.76,13.638709677419351
15256,15257,-433271143,3.9484615384615385,0.6353846153846154
15260,15261,-433809228,2.36,0.0
15262,15263,-433809243,4.0738095238095235,0.253774680603949
15264,15265,-433809256,10.488888888888889,1.611111111111111
15266,15267,-433809259#0,14.16,0.0
15268,15269,-433809259#1,2.163333333333333,0.16666666666666669
15270,15271,-433809272#0,10.2896,2.793333333333335
15272,15273,-433809272#2,5.354029850746268,0.6160108548168249
15276,15277,-433809275#1,3.1466666666666665,1.3333333333333333
15278,15279,-433809279#0,5.015,2.214285714285714
15280,15281,-433809279#1,23.768571428571427,4.809523809523809
15282,15283,-433809279#2,4.72,0.3333333333333333
15284,15285,-433809279#3,17.451578947368418,2.8733997155049797
15286,15287,-433809279#4,3.6711111111111108,0.1111111111111111
15288,15289,-433809283#1,14.16,1.0
15290,15291,-433809283#2,2.36,0.0
15292,15293,-433809283#3,4.2775,0.2678571428571428
15294,15295,-433809283#4,13.766666666666666,2.5
15296,15297,-433809285#0,1.18,0.0
15298,15299,-433809285#1,1.18,0.0
15304,15305,-433809285#4,3.54,0.0
15306,15307,-433809285#5,1.77,0.5
15312,15313,-434713634,1.18,0.0
15314,15315,-434992724#0,5.113333333333332,0.26666666666666666
15316,15317,-434992724#1,10.226666666666665,0.33333333333333304
15318,15319,-434992724#2,1.5733333333333333,0.3333333333333333
15322,15323,-435127858#1,3.54,0.0
15324,15325,-435127858#2,7.8175,14.839285714285714
15326,15327,-435127859#0,7.473333333333333,0.5
15328,15329,-435127859#1,10.226666666666665,1.4666666666666666
15330,15331,-435127860,4.214285714285714,0.9523809523809524
15334,15335,-435275873,6.529333333333333,1.6952380952380957
15338,15339,-435366812,1.18,0.0
15342,15343,-435562885,2.556666666666666,1.7666666666666668
15346,15347,-438473448,21.63333333333333,3.4666666666666686
15350,15351,-439434275,5.8999999999999995,0.0
15352,15353,-439478422,1.4665714285714284,0.18654244306418213
15354,15355,-439478423,1.004255319148936,0.12950971322849217
15356,15357,-4396678,14.16,0.0
15358,15359,-439871826,4.551428571428572,0.7472527472527472
15360,15361,-441565711,31.86,11.333333333333336
15362,15363,-441714405,5.2444444444444445,1.5277777777777777
15364,15365,-441810448#0,11.366718749999999,0.7430759803921568
15366,15367,-441810448#1,2.6441632653061222,0.18357310137169627
15368,15369,-441810448#2,2.36,0.0
15370,15371,-447569998,16.09581699346405,6.099860709311048
15372,15373,-449283358#1,14.29111111111111,20.36111111111111
15374,15375,-44959795,10.03,0.33333333333333304
15376,15377,-45378204#0,10.175230769230769,1.6165175909361966
15378,15379,-45378204#1,21.83,2.918699186991872
15382,15383,-461125445,23.599999999999998,0.0
15384,15385,-461125446#2,1.18,0.0
15386,15387,-467634653,11.603333333333333,0.5666666666666668
15388,15389,-467634654#0,4.523333333333333,0.16666666666666669
15392,15393,-467634655#0,4.13,0.30000000000000004
15396,15397,-467634656#0,2.7533333333333334,2.2666666666666666
15398,15399,-467634656#1,7.473333333333333,0.26666666666666666
15400,15401,-467634657#0,12.979999999999999,0.0
15404,15405,-467634657#2,5.015,3.5833333333333326
15410,15411,-467634659#0,1.609090909090909,0.6545454545454545
15412,15413,-467634659#2,5.015,1.5833333333333337
15414,15415,-467634660#0,2.6705263157894734,0.8713450292397658
15424,15425,-467634661#3,3.708571428571428,0.8095238095238093
15426,15427,-467634661#4,4.356923076923077,0.23076923076923073
15428,15429,-467634661#5,3.2253333333333334,0.49523809523809514
15430,15431,-467634661#6,2.36,1.3793103448275867
15432,15433,-467634661#7,4.104347826086956,0.3517786561264821
15434,15435,-467634661#8,4.588888888888889,1.3611111111111112
15436,15437,-469737222,16.126666666666665,0.3333333333333335
15440,15441,-469737225#0,3.2449999999999997,0.25000000000000006
15442,15443,-469737225#1,3.54,0.0
15444,15445,-469737226,5.506666666666667,0.33333333333333326
15450,15451,-47067279,6.489999999999999,0.5
15452,15453,-472368141,3.933333333333333,1.1333333333333333
15454,15455,-472368145,6.663529411764706,1.7426470588235297
15456,15457,-472368146,4.916666666666667,1.9696969696969702
15458,15459,-472368151,5.866285714285714,10.46293995859213
15460,15461,-472368152,4.210980392156863,0.6635604736944283
15464,15465,-475496141#0,1.18,0.0
15466,15467,-475496141#1,10.62,0.0
15468,15469,-475496141#2,3.54,0.5
15472,15473,-475886450,3.54,0.0
15476,15477,-478421093#1,1.18,0.0
15478,15479,-480213874#1,1.8631578947368421,0.7017543859649122
15480,15481,-481432711,30.09,7.5
15482,15483,-4815093#1,15.34,1.5384615384615377
15484,15485,-4815093#2,10.892307692307691,0.358974358974359
15486,15487,-4819338#1,28.47128205128205,332.4979800478191
15488,15489,-4819338#2,3.2955987055016176,0.6647543395116209
15490,15491,-4819338#3,1.7598625429553265,0.2714776632302407
15492,15493,-48234439#4,21.16133333333333,2.352380952380952
15494,15495,-4826080,10.523046092184368,1.035404141616567
15496,15497,-48444993,13.623636363636363,3.0789022298456272
15498,15499,-484875201#1,11.445623003194887,6.668063897763583
15500,15501,-484875201#2,64.09928571428571,36.93739352640545
15502,15503,-484875201#3,32.4937037037037,13.775366063738156
15504,15505,-484875201#4,37.501875,13.769457547169802
15506,15507,-484875201#5,102.68622222222223,92.26916354556799
15508,15509,-484875201#6,31.94137931034483,7.637931034482762
15510,15511,-486362408,2.1914285714285713,1.142857142857143
15512,15513,-48742425#0,26.97249211356467,202.71079742842312
15514,15515,-48742425#1,2.1781761006289306,0.8563081562605394
15516,15517,-48742425#2,2.6810884353741495,1.0792876877713553
15518,15519,-48742425#3,8.010307167235494,0.6194539249146755
15520,15521,-490041771,34.75636363636363,16.272727272727273
15522,15523,-490041772,41.3,0.0
15524,15525,-4942659#0,10.006469719350072,8.350304209366787
15526,15527,-4942659#1,12.096936542669585,0.4687473047006017
15528,15529,-49887169#1,24.517777777777777,28.18300653594771
15530,15531,-49887169#2,3.202857142857143,2.9047619047619047
15532,15533,-49887169#3,3.54,2.4
15534,15535,-500200351#0,9.086,1.1222222222222211
15538,15539,-50191615#0,8.85,0.3333333333333335
15540,15541,-50191615#1,6.194999999999999,0.9166666666666666
15542,15543,-50192291#0,2.9499999999999997,0.30000000000000004
15544,15545,-50192291#1,7.965,0.25000000000000006
15546,15547,-50192291#2,6.0888,0.22333333333333324
15548,15549,-50192291#3,1.2272,0.04
15550,15551,-50192291#4,3.6441176470588235,0.2647058823529412
15552,15553,-50192291#5,1.1194871794871795,0.04993252361673415
15554,15555,-50192291#6,1.928292682926829,0.28780487804878063
15556,15557,-50192291#7,3.0186046511627906,0.2524916943521597
15558,15559,-50192291#8,2.9088372093023254,0.30232558139534876
15560,15561,-50192501#0,1.5733333333333333,0.2666666666666667
15562,15563,-50192501#1,9.44,1.0
15568,15569,-50299718,8.765714285714285,59.952380952380956
15570,15571,-506207150,29.33611111111111,19.78015873015873
15572,15573,-507836375,7.375,12.916666666666666
15574,15575,-507836379,14.267272727272728,0.4909090909090909
15576,15577,-50833756#1,54.751999999999995,284.4888888888888
15578,15579,-50833756#2,103.83999999999999,76.75
15582,15583,-51244813#5,21.535,67.90119760479044
15584,15585,-51244813#6,6.719058823529411,0.8171249564914723
15586,15587,-51244813#7,13.755978260869565,1.8657341411261594
15588,15589,-51244813#8,2.3532183908045976,0.051989901003255616
15590,15591,-51262567#0,8.633088235294117,2.7511437908496728
15592,15593,-51262567#1,7.43837037037037,0.7055831951354341
15594,15595,-51262567#2,24.360444444444443,4.186069651741292
15596,15597,-51262567#3,8.530962962962962,0.8946379215035931
15598,15599,-51262568,7.303793103448275,0.5072595281306718
15600,15601,-51450980#0,3.54,4.000000000000001
15602,15603,-51450980#1,3.9126315789473685,0.22807017543859642
15604,15605,-51450980#2,3.8939999999999997,0.22105263157894728
15608,15609,-51450980#4,4.467142857142857,0.33516483516483525
15610,15611,-51450980#5,3.54,0.0
15612,15613,-51450980#6,4.326666666666666,8.333333333333332
15618,15619,-515573959,5.8999999999999995,2.0
15620,15621,-515574067,13.569999999999999,3.500000000000001
15632,15633,-51560240,11.799999999999999,0.0
15638,15639,-51560242#10,2.7533333333333334,0.33333333333333337
15640,15641,-51560242#11,3.54,0.0
15642,15643,-51560242#12,2.36,0.0
15644,15645,-51560242#13,1.9666666666666666,0.3333333333333333
15646,15647,-51560242#14,1.9666666666666666,0.33333333333333337
15648,15649,-51560242#2,1.8093333333333335,0.2666666666666667
15650,15651,-51560242#3,3.54,0.142857142857143
15652,15653,-51560242#4,5.8999999999999995,0.0
15654,15655,-51560242#5,2.124,0.7
15662,15663,-51560244#0,3.6922580645161287,0.3161290322580646
15664,15665,-51560244#1,4.47157894736842,0.2865497076023392
15666,15667,-51560244#2,3.974736842105263,0.4678362573099414
15668,15669,-51560244#3,4.484,0.6222222222222222
15670,15671,-51560244#4,2.6222222222222222,0.6944444444444444
15674,15675,-51560245,8.702499999999999,1.9833333333333334
15676,15677,-51560246#0,2.5745454545454542,0.7272727272727274
15680,15681,-51560246#2,1.18,0.0
15682,15683,-51560246#3,2.7533333333333334,1.3333333333333333
15684,15685,-51560556,12.291666666666666,2.4469696969696964
15686,15687,-51560557#0,10.226666666666665,2.333333333333334
15688,15689,-51560557#1,1.18,0.0
15692,15693,-51560614#0,4.13,0.5714285714285714
15694,15695,-51560614#1,3.0036363636363634,0.47272727272727266
15698,15699,-51561014,10.325,28.25
15700,15701,-515952314,10.62,1.5999999999999999
15704,15705,-51743953#1,8.558390804597702,0.7027532745255277
15706,15707,-51743953#2,4.560208333333334,0.2656798245614037
15708,15709,-51743953#3,1.0079166666666666,0.12587719298245612
15710,15711,-51745097#0,5.573026584867076,0.28035512074230834
15712,15713,-51745097#0.38,9.037782340862423,688.8292226881442
15714,15715,-51745097#1,3.5039877924720244,0.3799230503073638
15716,15717,-51835708,28.71333333333333,409.33333333333337
15718,15719,-51856492#0,8.748275862068965,0.8226600985221676
15720,15721,-51856492#1,13.95655172413793,1.147783251231527
15722,15723,-51856495#1,43.04541666666666,502.04210992907804
15724,15725,-51856496#0,4.423744680851064,0.6161847608656117
15726,15727,-51856496#1,0.857219730941704,0.20862117723104281
15728,15729,-51856496#10,1.0689411764705883,0.10943264879916463
15730,15731,-51856496#2,5.212107623318385,1.469438047913385
15732,15733,-51856496#3,12.597653631284917,0.6697005837674979
15734,15735,-51856496#4,6.071396648044693,0.4844014813884879
15736,15737,-51856496#5,3.5608235294117643,0.44347372084928627
15738,15739,-51856496#6,3.1998823529411764,0.2773755656108598
15740,15741,-51856496#7,1.4229411764705882,0.19996519317786302
15742,15743,-51856496#8,2.068470588235294,0.24629307344239476
15744,15745,-51856496#9,6.4067058823529415,0.5896623738252696
15746,15747,-51857519#1,27.04115183246073,225.66662992559932
15748,15749,-51872702,17.22021978021978,2.0661782661782664
15750,15751,-51872705#0,4.366,1.1222222222222222
15752,15753,-51872706,10.28465045592705,0.7242855754951362
15754,15755,-51872706.74,13.014176829268292,396.06480869484267
15756,15757,-51872715,91.90888888888888,14.111111111111097
15758,15759,-51890699#0,32.82545454545454,78.96363636363637
15760,15761,-51890699#1,13.373333333333333,1.0666666666666669
15762,15763,-51890699#2,60.18,0.0
15764,15765,-51890700#0,63.38285714285714,8.238095238095232
15766,15767,-51890700#1,53.94285714285714,16.571428571428577
15768,15769,-51890709#0,2.9499999999999997,0.5
15770,15771,-51890709#2,8.26,0.0
15774,15775,-521666263,5.8999999999999995,0.0
15776,15777,-522856657,30.286666666666665,4.333333333333331
15778,15779,-523096471,3.2449999999999997,0.9166666666666669
15788,15789,-523500303,7.473333333333333,1.3333333333333335
15790,15791,-523500304,7.08,0.0
15792,15793,-523500307,8.26,1.0
15794,15795,-52361552,101.90909090909089,245.05454545454546
15800,15801,-52564193#1,3.481,0.2605263157894738
15802,15803,-52564193#2,3.54,0.0
15804,15805,-52918687#0,18.88,0.0
15810,15811,-52918687#5,5.31,0.5
15812,15813,-52985189,17.7,0.0
15820,15821,-53396619#3,7.473333333333333,0.24999999999999986
15822,15823,-53396619#4,9.964444444444444,0.5277777777777777
15824,15825,-53396619#6,15.733333333333333,0.3333333333333335
15830,15831,-53396623#1,1.18,0.0
15832,15833,-53399445#1,3.231590909090909,0.7699843260188087
15834,15835,-53399445#10,4.20531914893617,0.33459162663006164
15836,15837,-53399445#11,4.58784,0.9550967741935485
15838,15839,-53399445#2,3.8445161290322583,0.7847699629825489
15840,15841,-53399445#3,3.8044827586206895,0.45765275257108284
15842,15843,-53399445#4,3.9726666666666666,0.5412429378531074
15844,15845,-53399445#5,3.674090909090909,0.8472515856236786
15846,15847,-53399445#6,27.36125,16.496010638297875
15848,15849,-53399445#7,3.7573684210526315,0.42460881934566147
15850,15851,-53399445#8,3.5829090909090904,0.5171717171717173
15852,15853,-53399445#9,3.7683870967741933,0.4865150713907984
15856,15857,-53534122#1,48.379999999999995,24.666666666666668
15860,15861,-537262420#1,12.783333333333333,1.7666666666666662
15862,15863,-537262426#1,5.506666666666667,0.2666666666666668
15864,15865,-53795883#0,9.253684210526314,0.9181286549707601
15866,15867,-53795883#1,11.35047619047619,5.44761904761905
15868,15869,-53795883#10,13.14090909090909,0.911205073995772
15870,15871,-53795883#2,12.801212121212119,1.6325757575757562
15872,15873,-53795883#3,8.415263157894737,2.9281650071123755
15874,15875,-53795883#4,10.493571428571427,1.4325396825396828
15876,15877,-53795883#5,7.267727272727273,1.3461945031712477
15878,15879,-53795883#6,17.493499999999997,2.8660256410256406
15880,15881,-53795883#8,10.698666666666666,1.8363636363636358
15886,15887,-53898183#2,7.67,0.5
15888,15889,-53898183#3,5.113333333333332,0.33333333333333326
15890,15891,-53898183#4,7.08,0.0
15892,15893,-53898206,10.03,0.5
15894,15895,-541286865#1,3.7834920634920635,0.19866871479774711
15896,15897,-541286865#2,26.845,5.206349206349208
15898,15899,-54154921#1,44.13513274336283,506.65937069813174
15900,15901,-54154921#2,2.697142857142857,0.2677770659833441
15902,15903,-54154921#3,7.239459459459459,1.257673963556316
15904,15905,-54154922#1,10.452640522875818,62.905312541410716
15906,15907,-54154969#0,2.5656880733944956,0.9230377166156986
15908,15909,-54154969#1,8.075963302752294,15.799524294937147
15910,15911,-54154969#2,6.589203539823008,1.2272439949431102
15912,15913,-54154969#3,0.6210526315789473,0.251959686450168
15914,15915,-54154970,8.26,0.0
15916,15917,-54154971,6.806071428571428,0.43211068211068204
15924,15925,-54169241#1,32.261199999999995,6410.882040816327
15926,15927,-54169241#2,111.67857142857142,13620.554945054946
15928,15929,-54169241#3,3.754545454545454,1.5636363636363637
15930,15931,-54169241#4,15.51878787878788,11.695075757575756
15934,15935,-542617943,1.7764835164835164,0.2624005828425716
15936,15937,-542642192,5.41639344262295,0.4629796433075121
15938,15939,-542650762,18.29,1.61111111111111
15940,15941,-542650762.116,6.962,44.98888888888889
15942,15943,-54268333,2.832,16.711111111111112
15944,15945,-542727960#0,104.55248811410459,24438.744366462928
15946,15947,-542730346#1,32.97650224215246,298.41120501322297
15948,15949,-542760419#0,4.248,1.6
15950,15951,-542760419#1,9.57111111111111,7.111111111111111
15952,15953,-542760419#2,1.18,0.0
15954,15955,-542769268,3.9988888888888887,1.8986928104575165
15956,15957,-542769269#0,4.27984126984127,0.715746031746032
15958,15959,-542769270,41.80571428571429,15.340659340659341
15960,15961,-542769272#0,33.94918032786885,9.579781420765023
15962,15963,-542769272#1,4.2973134328358205,0.5970149253731348
15964,15965,-542769272#2,24.37153846153846,5.034465534465533
15966,15967,-542769273#0,4.968421052631578,6.657183499288761
15968,15969,-542769274,3.933333333333333,0.33333333333333337
15970,15971,-542769275#0,7.6884375,5.3191263089005245
15972,15973,-542769276#0,13.494604462474644,1.5578422792187057
15974,15975,-542806889,10.447133757961781,15.189939572105182
15976,15977,-542806891#1,5.022564102564102,1.406207827260459
15978,15979,-54606419#0,12.805185185185184,1.0541310541310547
15980,15981,-54606419#1,3.585384615384615,0.5984615384615385
15982,15983,-54606419#2,4.7736363636363635,0.9978354978354977
15984,15985,-54606419#3,34.27363636363636,47.37878787878788
15986,15987,-54606432#0,4.27047619047619,0.24761904761904754
15988,15989,-54606432#1,49.503809523809515,22.44761904761903
15990,15991,-54606432#2,13.1275,1.8392857142857142
15992,15993,-54606432#3,14.553333333333333,4.333333333333334
15996,15997,-54828617#0,16.730714285714285,8.078042328042327
15998,15999,-54828621#0,9.893846153846154,2.089743589743589
16000,16001,-54828621#1,17.464,19.955555555555556
16002,16003,-54828621#2,1.3172093023255813,0.1052048726467331
16004,16005,-54828621#3,2.1297560975609757,0.6609756097560975
16006,16007,-54828622#0,1.0488888888888888,0.1111111111111111
16008,16009,-54828622#1,2.8963636363636365,0.47272727272727266
16010,16011,-54828622#2,5.6049999999999995,0.4999999999999999
16012,16013,-54828622#3,2.596,0.7
16014,16015,-54828622#4,3.0155555555555553,0.2777777777777779
16016,16017,-54828622#5,5.8999999999999995,0.0
16018,16019,-54828622#6,1.5733333333333333,0.2666666666666667
16020,16021,-54828622#7,7.08,1.0
16022,16023,-54828623#0,13.157,2.5410256410256413
16024,16025,-54828623#1,14.42222222222222,1.712418300653595
16026,16027,-54828628,7.473333333333333,0.33333333333333326
16028,16029,-54828631,41.80571428571429,100.26373626373628
16030,16031,-54844250#0,35.79333333333333,6.235294117647059
16032,16033,-54844250#1,22.956363636363633,3.472727272727274
16034,16035,-54844250#2,6.031111111111111,4.111111111111111
16036,16037,-54844252#0,33.52981132075472,23.901306240928882
16038,16039,-54844252#1,21.24,7.0
16040,16041,-54844253#0,33.93393939393939,34.37689393939392
16042,16043,-54844253#1,20.902857142857144,12.904761904761907
16044,16045,-54844254#0,30.52774193548387,28.31612903225807
16046,16047,-54844254#1,18.88,27.2
16048,16049,-54844257,23.481999999999996,8.766666666666664
16050,16051,-54844264#0,6.758181818181818,16.81818181818182
16052,16053,-54844264#1,21.535,4.499999999999998
16054,16055,-54844264#2,32.61090909090909,5.254545454545453
16056,16057,-54844264#3,5.349333333333333,1.1238095238095238
16058,16059,-54844264#4,8.358333333333333,1.3560606060606062
16060,16061,-54844264#5,8.377999999999998,1.1473684210526316
16062,16063,-54844264#6,7.375,0.8214285714285714
16064,16065,-54844264#7,9.195094339622642,4.359941944847605
16066,16067,-54858974#0,8.046140724946694,321.89229675796827
16068,16069,-549401642#0,2.9152941176470586,0.5147058823529411
16070,16071,-549401642#1,3.068,0.4888888888888887
16072,16073,-549401642#3,24.779999999999998,283.0
16074,16075,-55600044#0,23.296338514680482,5.433661425557728
16076,16077,-55600044#1,23.746230636833044,5.494961125289339
16078,16079,-55600044#2,8.974476843910805,0.41797669360400347
16080,16081,-55600046#0,16.116267496111977,1.2441243586575779
16082,16083,-55693689#1,10.226666666666665,133.33333333333331
16084,16085,-55693689#2,17.896666666666665,3.366666666666667
16086,16087,-55693689#3,1.4749999999999999,0.2045454545454545
16104,16105,-55728621#0,23.009999999999998,13.428571428571427
16110,16111,-55728625#0,12.55090909090909,2.0545454545454542
16112,16113,-56031014#0,7.866666666666666,65.33333333333333
16116,16117,-56031014#2,7.866666666666666,0.33333333333333326
16118,16119,-56045714,18.71142857142857,46.142857142857146
16120,16121,-56045715,27.139999999999997,0.0
16124,16125,-56045717,22.419999999999998,0.0
16126,16127,-56045718,21.24,8.000000000000004
16130,16131,-56045725#1,1.18,0.0
16132,16133,-56045725#2,8.85,1.0000000000000002
16138,16139,-56045727,4.72,0.0
16140,16141,-56045730#0,10.226666666666665,0.3333333333333335
16142,16143,-56045730#1,7.787999999999999,0.7999999999999997
16172,16173,-561084562,3.54,0.0
16174,16175,-561084563,14.16,0.0
16176,16177,-56226006,52.31333333333333,12.333333333333334
16180,16181,-56863461,24.352758620689652,28.831518451300663
16182,16183,-57401073,34.809999999999995,3.6666666666666665
16184,16185,-57401083,28.15142857142857,3.4761904761904794
16190,16191,-57827548#0,1.7044444444444444,0.2777777777777778
16192,16193,-57827548#1,2.065,2.25
16194,16195,-57827550,5.506666666666667,0.2666666666666667
16196,16197,-57827557,3.54,0.0
16200,16201,-57827562#0,1.888,0.3
16202,16203,-57827562#1,5.31,0.5
16204,16205,-57827563#0,3.0795121951219513,0.4439024390243901
16206,16207,-57827563#1,7.425365853658536,0.31219512195121984
16208,16209,-57827563#3,6.8271428571428565,1.343205574912892
16210,16211,-57827563#4,2.7230769230769227,0.2956259426847662
16212,16213,-57827566#0,18.407999999999998,3.8000000000000007
16214,16215,-57827566#1,32.449999999999996,16.333333333333332
16216,16217,-57827572,10.095555555555555,0.5277777777777777
16218,16219,-582810637,7.9774647887323935,0.8284940411700983
16220,16221,-582810642#0,8.669193548387096,30.667387883556252
16222,16223,-582810642#1,1.4654838709677418,0.3474954104379754
16224,16225,-582810642#2,1.2941935483870965,0.10437975347495411
16226,16227,-582810642#3,18.803870967741936,2.7275111460792023
16228,16229,-582810642#4,7.517741935483871,0.5116706005769734
16230,16231,-582810645,5.8999999999999995,0.0
16232,16233,-582810646,1.18,0.0
16234,16235,-58295043,1.381073113207547,0.15088739077197083
16236,16237,-58622231#1,13.803025210084032,107.33143426862266
16238,16239,-58622231#10,4.382857142857143,0.9890109890109886
16240,16241,-58622231#2,5.722477876106195,6.075379266750948
16242,16243,-58622231#3,3.6724489795918362,0.45118872291184514
16244,16245,-58622231#4,3.54,0.3157894736842107
16246,16247,-58622231#5,3.4157894736842103,0.6554385964912279
16248,16249,-58622231#7,3.8081818181818177,0.36575052854122625
16250,16251,-58622231#8,1.058974358974359,0.09446693657219973
16252,16253,-58622231#9,16.485294117647058,7.362745098039215
16254,16255,-58622232#0,34.90023529411765,14.604201680672272
16256,16257,-58622232#1,16.861578947368418,3.56842105263158
16258,16259,-58622232#2,2.770434782608696,0.8735177865612648
16260,16261,-58622232#3,12.979999999999999,2.25
16262,16263,-58622232#4,1.18,0.0
16274,16275,-589179144,2.3545871559633027,0.14782099561082043
16276,16277,-589179147,10.671304347826085,1.861660079051383
16278,16279,-591726489,30.09,13.666666666666666
16280,16281,-591898302#0,4.13,2.0555555555555554
16282,16283,-591898302#1,13.924,1.7000000000000006
16284,16285,-591898302#10,2.4779999999999998,0.09999999999999999
16288,16289,-591898302#3,6.017999999999999,0.20000000000000004
16292,16293,-591898302#6,10.62,0.0
16294,16295,-591898302#7,3.54,0.0
16296,16297,-591898302#8,10.384,0.6222222222222226
16298,16299,-591898302#9,5.782,0.32222222222222224
16300,16301,-591899018#0,3.609411764705882,0.1764705882352941
16302,16303,-591899018#1,2.6839215686274507,0.20313725490196077
16304,16305,-591899019,11.504999999999999,1.5833333333333328
16306,16307,-591899020#0,1.1493506493506493,0.5256322624743677
16308,16309,-591899020#1,2.6114754098360655,0.7704918032786886
16310,16311,-591899020#2,0.6555555555555556,0.25157232704402516
16312,16313,-591899020#3,2.075925925925926,0.29944095038434665
16314,16315,-594229006,1.740126582278481,0.25474483002037557
16316,16317,-595914500,12.389999999999999,0.3333333333333333
16318,16319,-595914502,1.18,0.0
16320,16321,-595914503#0,8.26,3.6666666666666665
16322,16323,-595914505,16.52,2.0
16328,16329,-596846692,3.2449999999999997,2.25
16330,16331,-598792099,15.93,312.5
16332,16333,-60064938#0,8.496,1.3142857142857138
16334,16335,-60064938#1,6.391666666666667,4.810606060606061
16336,16337,-60064938#2,5.394285714285714,0.9523809523809524
16338,16339,-60064938#3,10.738,1.6555555555555552
16340,16341,-60064938#4,0.295,0.25000000000000006
16342,16343,-60066780,28.71333333333333,5.333333333333332
16344,16345,-60100821#0,10.442556390977442,0.719640009113694
16346,16347,-60100821#1,5.867222222222222,0.44677544677544667
16348,16349,-60100821#3,8.079722222222221,0.39607614607614594
16350,16351,-60100821#4,7.52916129032258,5.042480100544616
16352,16353,-602098904#0,11.603333333333333,3.766666666666668
16354,16355,-602098904#1,3.7366666666666664,0.16666666666666669
16356,16357,-602098904#2,4.425,0.38636363636363646
16358,16359,-602098904#3,2.9189473684210525,0.7076023391812867
16360,16361,-602098904#4,3.1466666666666665,0.33333333333333326
16362,16363,-602098904#5,3.933333333333333,0.33333333333333337
16364,16365,-602098904#6,2.7533333333333334,0.33333333333333337
16368,16369,-60773453#0,18.88,0.0
16370,16371,-60773453#1,10.62,0.0
16372,16373,-60773453#2,9.44,0.0
16376,16377,-60995199#2,134.91333333333333,65.33333333333334
16378,16379,-60995199#3,67.85,23.899999999999995
16380,16381,-611319805,26.44074074074074,9.48148148148148
16382,16383,-611319807#0,2.5686187845303867,0.5241252302025783
16384,16385,-611319807#2,14.780729166666665,2.1040303228621293
16386,16387,-611319807#3,3.2640796019900495,0.390049751243781
16388,16389,-611319810,34.8303448275862,8.362547892720304
16390,16391,-611319811#0,66.67,4.5
16394,16395,-611319827,11.857862258953167,4.999247967294474
16396,16397,-611569239#0,5.8999999999999995,0.0
16398,16399,-611569243,15.733333333333333,0.3333333333333335
16402,16403,-611569261,5.8999999999999995,0.0
16404,16405,-611569263,5.8999999999999995,0.0
16406,16407,-611624476#1,5.31,0.3
16408,16409,-611624476#3,2.242,0.3222222222222222
16410,16411,-612075145#0,1.9252631578947368,0.24561403508771923
16412,16413,-612075145#1,2.0228571428571427,1.238095238095238
16414,16415,-612075145#2,11.968571428571428,1.476190476190476
16416,16417,-612075145#3,1.930909090909091,0.33766233766233755
16418,16419,-612075153#0,9.34816037735849,5.102675186225976
16420,16421,-612075158#1,5.812592592592592,1.1642208245981835
16424,16425,-612084393,15.34,0.0
16428,16429,-612084395,2.9499999999999997,0.5
16430,16431,-612084400,50.739999999999995,2.0
16432,16433,-612084401#1,39.76208530805687,1657.1837508463102
16436,16437,-61318930#0,3.2858461538461534,1.2028846153846156
16438,16439,-61318930#1,0.46,0.24196376388077154
16440,16441,-61318930#2,2.0999999999999996,0.1747516072472238
16442,16443,-61318930#3,9.341666666666667,1.0268361581920904
16444,16445,-61326419,2.36,0.0
16446,16447,-61326420,13.32258064516129,0.8795698924731182
16452,16453,-61326427#0,24.386666666666667,0.3333333333333339
16458,16459,-614738714,3.1185714285714283,0.24725274725274723
16464,16465,-614738717,2.7533333333333334,0.33333333333333326
16466,16467,-614738718#0,6.749599999999999,0.9600000000000003
16468,16469,-614738718#1,5.578181818181818,0.6181818181818182
16470,16471,-614738718#2,3.449230769230769,0.2435897435897436
16472,16473,-614738718#3,2.9499999999999997,1.0999999999999999
16474,16475,-614738718#4,3.54,0.0
16478,16479,-614738719#0,2.7533333333333334,1.3333333333333333
16480,16481,-614738719#1,7.08,0.0
16482,16483,-614738719#2,3.54,0.0
16484,16485,-614738719#3,4.72,0.0
16486,16487,-614738719#4,1.652,0.48888888888888904
16488,16489,-614738719#5,4.13,0.5
16490,16491,-614738719#6,8.26,1.0000000000000002
16494,16495,-614738721,5.31,0.5
16500,16501,-61671904,7.223213675213675,0.5691488116145645
16502,16503,-61687506,3.068,0.3
16504,16505,-617083035,1.18,0.0
16510,16511,-61909838#0,26.018032786885247,527.2475409836064
16512,16513,-61909838#1,7.768333333333333,0.9924242424242423
16514,16515,-61909838#2,2.5415384615384613,0.30769230769230776
16516,16517,-61909838#3,2.450769230769231,0.07692307692307691
16518,16519,-61909838#4,11.378571428571428,0.5549450549450549
16520,16521,-61909838#5,6.057333333333333,0.12380952380952381
16522,16523,-61940355,13.83866466616654,1.6352466495002145
16524,16525,-61940356,3.5015897047691142,0.23000022939462747
16526,16527,-62011795,6.405714285714286,0.6190476190476188
16528,16529,-62011796#0,7.00625,1.5291666666666672
16530,16531,-62011797#4,5.506666666666667,3.4666666666666672
16532,16533,-62011798#0,5.637777777777777,0.1944444444444445
16534,16535,-62011798#1,18.407999999999998,3.542857142857144
16538,16539,-62011799#1,1.18,0.0
16544,16545,-620167544,19.49768953068592,3.3312747664527556
16552,16553,-623402296#1,14.75,4.5
16554,16555,-623402296#2,10.03,9.0
16556,16557,-623402297#0,9.046666666666667,0.4999999999999999
16558,16559,-623402297#1,12.979999999999999,1.0
16560,16561,-624350642,16.463809523809523,4.290360046457606
16562,16563,-627181816,2.8024999999999998,0.8392857142857142
16564,16565,-627181817,0.885,0.25000000000000006
16566,16567,-627181818#0,12.759371647509576,6.627590908022465
16570,16571,-631839135#0,4.13,0.33333333333333326
16572,16573,-631839135#1,8.26,1.0
16574,16575,-631839138#0,4.2775,0.2678571428571428
16576,16577,-631839138#1,8.765714285714285,0.9523809523809522
16582,16583,-636801029,25.566666666666666,4.333333333333335
16584,16585,-63709069#0,5.768888888888889,0.11111111111111117
16586,16587,-63709069#1,5.1625,0.2678571428571429
16590,16591,-63709075#0,7.08,0.0
16598,16599,-63709080#1,1.18,0.0
16600,16601,-63709081,61.36,0.0
16602,16603,-63709082#0,25.959999999999997,0.49999999999999956
16604,16605,-63709082#1,3.0974999999999997,1.2880434782608694
16606,16607,-638758710#0,22.92571428571428,8.285714285714286
16608,16609,-638758710#1,7.473333333333333,0.33333333333333326
16610,16611,-640370488,7.276666666666666,0.5666666666666665
16612,16613,-640370489,10.62,0.0
16614,16615,-640370491,11.013333333333334,10.095238095238097
16616,16617,-640370546,17.7,0.0
16618,16619,-640370561,8.26,0.0
16620,16621,-64080426#0,1.18,0.0
16622,16623,-64080426#1,11.799999999999999,0.0
16624,16625,-64089736,9.153939393939394,1.1316215591024754
16626,16627,-64092194,20.48142857142857,2.862637362637363
16630,16631,-64203754,5.8999999999999995,0.0
16634,16635,-64203761,5.8999999999999995,0.0
16648,16649,-643314345,44.053333333333335,14.606060606060597
16650,16651,-64442505,32.2825327510917,2196.0817436604602
16654,16655,-64442509#0,7.2676782449725765,0.5455859207086475
16656,16657,-64442509#1,1.6168372943327238,0.29009016995305004
16658,16659,-64442509#2,20.504347048300534,3.0084744948374684
16660,16661,-64442509#3,37.2587610619469,6.8681188615502755
16662,16663,-644489725#1,2.36,0.0
16664,16665,-644489725#2,3.6711111111111108,0.6111111111111112
16668,16669,-644489726,5.113333333333332,0.33333333333333326
16670,16671,-64464377#1,22.52488888888889,420.6737373737374
16672,16673,-64464377#2,6.221818181818181,2.018181818181818
16674,16675,-64464377#3,2.9499999999999997,1.7142857142857142
16676,16677,-64491209,5.8999999999999995,0.0
16678,16679,-65047492#0,6.623225806451613,0.7784946236559142
16680,16681,-65047492#1,20.987142857142853,26.796703296703292
16682,16683,-65047492#2,27.139999999999997,8.666666666666666
16684,16685,-65047492#3,5.403157894736841,0.47953216374269036
16686,16687,-65047492#4,7.4487499999999995,1.4475806451612903
16688,16689,-65047492#5,18.151176470588236,4.788770053475936
16690,16691,-653473568#0,3.9945185185185186,0.26743769792096944
16692,16693,-653473568#1,5.0201393728223,0.4210911040179335
16694,16695,-653473569#0,3.3638194444444447,0.32954655439411545
16696,16697,-653473569#2,15.975690235690234,2.4317726817726837
16698,16699,-653473569#3,6.777027027027026,0.5372423270728356
16700,16701,-653473569#4,3.0996501457725945,0.281383731437437
16702,16703,-653473569#5,5.249795918367346,0.452798663324979
16704,16705,-653473569#6,2.023342939481268,0.22183538505105702
16706,16707,-653473569#7,5.869394812680115,0.35481667804967426
16708,16709,-659389376#0,21.63333333333333,12.666666666666666
16712,16713,-666132823#0,3.6711111111111108,0.1111111111111111
16714,16715,-666132823#1,17.011666666666667,1.3560606060606046
16716,16717,-666132823#2,2.7533333333333334,0.25000000000000006
16718,16719,-666132824,22.68222222222222,3.4444444444444495
16730,16731,-67237928#0,18.04705882352941,1.36541889483066
16732,16733,-67237928#1,6.455294117647059,0.3778966131907309
16734,16735,-67237928#2,14.346315789473682,2.568990042674254
16738,16739,-67237955#0,12.526153846153845,0.2564102564102566
16740,16741,-67237955#1,1.77,0.2727272727272727
16742,16743,-67237955#2,26.297142857142855,1.2380952380952375
16746,16747,-67237958#1,33.528275862068966,170.7512315270936
16748,16749,-67237958#2,1.4241379310344826,0.16995073891625617
16750,16751,-67237958#3,2.075172413793103,0.18965517241379318
16752,16753,-67237958#4,5.859310344827586,4.677339901477832
16754,16755,-67237958#5,1.9969230769230768,0.3974358974358974
16756,16757,-67237962,29.5,0.0
16758,16759,-67237972#0,4.2775,0.26785714285714285
16760,16761,-67237972#1,3.6875,0.4107142857142857
16762,16763,-67237972#2,3.6875,0.12500000000000008
16764,16765,-67237972#3,3.54,0.2
16766,16767,-67237972#4,3.6875,0.125
16768,16769,-67237972#5,3.0155555555555553,0.7777777777777777
16770,16771,-67237972#6,4.382857142857143,0.2380952380952381
16772,16773,-67237972#7,3.877142857142857,0.2380952380952381
16774,16775,-67237979#0,1.6913333333333334,0.25402298850574706
16776,16777,-67237979#1,10.03,1.0172413793103459
16778,16779,-67237979#2,12.33290322580645,6.122580645161291
16780,16781,-67237985#0,9.44,0.0
16784,16785,-67237985#2,6.784999999999999,0.24999999999999992
16798,16799,-67238006#3,2.5285714285714285,1.4761904761904763
16800,16801,-67238006#4,5.8999999999999995,0.0
16802,16803,-67238006#5,2.36,0.0
16808,16809,-67238013,25.60086956521739,80.22134387351777
16810,16811,-67238016#0,5.562857142857142,0.23809523809523803
16812,16813,-67238016#1,4.036842105263157,0.4165733482642776
16814,16815,-67238016#2,3.5956603773584903,0.3882300089847258
16818,16819,-67238025#0,29.794999999999998,2.2499999999999996
16820,16821,-67238025#1,8.220666666666666,1.5505747126436777
16832,16833,-675026435#1,9.44,0.0
16834,16835,-675026436#0,7.891249999999999,0.7625000000000004
16836,16837,-675757784#0,14.16,1.0
16838,16839,-675757784#1,12.336363636363636,10.472727272727273
16840,16841,-675757784#2,8.26,0.9999999999999998
16842,16843,-675757784#3,4.394482758620689,0.7646702964307318
16844,16845,-675757784#4,5.466530612244898,0.9872448979591842
16850,16851,-675757785#2,12.979999999999999,0.0
16852,16853,-675757785#3,32.51555555555556,2.777777777777778
16854,16855,-675757785#4,6.555555555555555,0.2777777777777778
16856,16857,-676400899,5.8999999999999995,0.0
16862,16863,-677165953#0,7.08,0.4444444444444444
16864,16865,-677165953#1,35.26888888888889,5.3611111111111125
16866,16867,-677541740#0,6.188444444444444,1.1434343434343432
16868,16869,-677541740#1,12.979999999999999,2.6666666666666665
16870,16871,-678309990#0,2.596,1.2
16872,16873,-679514632,3.1466666666666665,0.33333333333333337
16874,16875,-679514635,11.013333333333334,0.33333333333333304
16876,16877,-682620734#1,3.54,0.0
16878,16879,-682620736,2.7533333333333334,0.33333333333333326
16880,16881,-682620737,1.18,0.0
16882,16883,-682620738#0,5.8999999999999995,0.0
16888,16889,-682944656,3.54,0.0
16890,16891,-69556532#0,4.484,0.39999999999999997
16892,16893,-69556532#1,3.54,0.22222222222222227
16894,16895,-69556532#2,3.861818181818182,0.6181818181818183
16896,16897,-69556532#3,2.242,0.32222222222222247
16900,16901,-700272068,2.0982820512820513,0.27808663309305154
16904,16905,-700272077,5.103739837398374,2.6638677862188476
16906,16907,-700668007#0,30.09,10.299999999999997
16908,16909,-700668007#1,22.105333333333334,6.209523809523814
16910,16911,-700668008,6.9816666666666665,0.6287878787878786
16916,16917,-701585562,4.72,0.0
16920,16921,-708784615#0,2.8568421052631576,0.5906432748538012
16924,16925,-708784615#2,3.1466666666666665,0.33333333333333326
16926,16927,-708784616#1,20.13368227731864,226.3876414546532
16928,16929,-708784621,8.26,0.0
16930,16931,-708784622,9.44,0.0
16936,16937,-708784624#1,1.18,0.0
16938,16939,-708784625#1,3.6875,0.12500000000000008
16942,16943,-710645378,10.62,0.0
16944,16945,-710645391,2.6888524590163936,0.2139013081636033
16946,16947,-710645392,0.5362278481012658,0.24823763456386072
16948,16949,-714371902,12.822666666666667,0.2666666666666666
16952,16953,-71809618#0,6.048828828828828,0.4021294021294023
16954,16955,-71809618#1,3.571891891891892,0.29926289926289923
16956,16957,-71809618#3,6.1206504065040646,0.5795015327202448
16958,16959,-71809618#4,5.967704918032787,0.4016393442622951
16960,16961,-71809618#5,5.201833333333333,0.2604341736694677
16962,16963,-718481091#0,6.489999999999999,4.5
16964,16965,-718481095,10.09103448275862,36.75615763546797
16966,16967,-718481097#1,16.35909090909091,35.26623376623377
16972,16973,-718481107,2.1914285714285713,0.34079173838209975
16974,16975,-718797712#0,109.74,18.0
16980,16981,-718800194#0,9.203999999999999,1.171428571428571
16984,16985,-718802450#0,13.766666666666666,0.3333333333333335
16986,16987,-718828178#1,10.805098039215686,30.586110306191465
16988,16989,-718828179#1,1.772013651877133,0.47688063958109345
16990,16991,-718828179#1.15,42.33098976109215,647.0216700172984
16992,16993,-718828183#0,7.695652173913043,0.3517786561264822
16994,16995,-718828183#1,5.694782608695652,0.33201581027667987
16996,16997,-718828183#2,5.491538461538462,0.4753846153846154
16998,16999,-718828183#4,20.715555555555557,4.027777777777779
17000,17001,-718828183#5,20.06,0.6666666666666666
17002,17003,-718828184#0,8.934285714285714,0.8465608465608471
17004,17005,-718828184#1,10.62,9.818181818181818
17006,17007,-718828185#0,10.62,0.8
17008,17009,-718828185#1,9.44,0.0
17010,17011,-718828185#2,23.599999999999998,2.0
17012,17013,-718828185#3,6.489999999999999,0.5
17014,17015,-718828186#0,14.126285714285714,3.332505175983437
17016,17017,-718828186#1,3.627407407407407,0.14535290006988125
17018,17019,-718844696,1.3275,0.41071428571428564
17020,17021,-718844697#0,3.304,0.20000000000000004
17022,17023,-718844697#1,4.248,2.3
17024,17025,-718844698#0,7.375,0.21428571428571425
17026,17027,-718844698#1,1.3275,0.125
17028,17029,-718844698#2,9.046666666666667,0.75
17030,17031,-718844698#3,4.161052631578947,0.929824561403509
17032,17033,-718844698#4,1.8270967741935482,0.3225806451612903
17034,17035,-718844698#6,4.752777777777777,0.31349206349206354
17036,17037,-718844698#7,11.003499999999999,18.583974358974363
17038,17039,-718850686#1,14.801119133574007,7.9845574842833065
17040,17041,-718850686#1.225,8.159528985507247,15.279488545201078
17042,17043,-718850686#1.88,8.25361010830325,0.6021406049053077
17048,17049,-718926969#0,5.70056338028169,0.3995975855130786
17050,17051,-718926969#1,9.44,1.0571428571428567
17056,17057,-71900674#2,4.72,0.0
17060,17061,-71900676,11.013333333333334,41.33333333333333
17062,17063,-719015092,8.26,0.0
17064,17065,-719015093,2.639236641221374,0.22818555490311213
17066,17067,-719015094#0,2.3156390977443606,0.12736386420596957
17068,17069,-719015094#1,3.380300751879699,0.33002961950330384
17110,17111,-72475201#0,7.08,0.0
17112,17113,-72475201#1,5.8999999999999995,0.0
17126,17127,-72562650,23.27190591073583,24.046361417330232
17130,17131,-72562655#1,10.62,1.0
17134,17135,-72562672,10.9220974706971,2.0165147257065827
17136,17137,-72562674#0,59.78666666666666,9.33333333333334
17138,17139,-72562674#1,70.8,0.0
17140,17141,-72562675,14.553333333333333,0.33333333333333304
17150,17151,-72562699,1.18,0.0
17152,17153,-72562708,9.770399999999999,1.1853061224489794
17154,17155,-72562710,7.375,0.24999999999999992
17156,17157,-726080889#0,3.54,0.0
17164,17165,-726080889#4,4.888571428571429,0.4761904761904761
17166,17167,-726080889#5,7.08,0.6666666666666666
17168,17169,-726080890,14.553333333333333,0.3333333333333335
17170,17171,-726080896#1,10.488888888888889,10.11111111111111
17172,17173,-726080898#0,20.65,480.5
17174,17175,-726080899,7.473333333333333,102.66666666666666
17176,17177,-726514446,2.4021428571428567,0.17433217189314734
17178,17179,-726514447,2.36,0.0
17180,17181,-726514448#0,17.7,0.0
17182,17183,-726514448#1,2.36,0.0
17186,17187,-726514451#1,3.074975369458128,1.5666975564551526
17188,17189,-726514451#1.22,15.049359605911329,151.27566697556458
17190,17191,-726514451#2,3.106324786324786,1.2172119068670801
17192,17193,-726514451#3,3.1406153846153844,0.2899038461538462
17194,17195,-726514453#1,36.4658064516129,477.6816155258325
17196,17197,-726514453#2,12.586666666666666,0.9827586206896551
17198,17199,-726514453#3,7.847479674796747,0.6062908170065306
17200,17201,-726514454,1.8778494623655912,0.49432588916459974
17204,17205,-726515361,4.507213114754098,0.9836065573770492
17206,17207,-726515362,2.183,0.13421052631578945
17208,17209,-726515363,12.979999999999999,2.000000000000001
17210,17211,-72883541#0,8.192571428571428,0.5260504201680674
17212,17213,-72883541#1,6.50156862745098,0.33490196078431367
17214,17215,-72883541#2,16.52,0.0
17218,17219,-72883544#1,7.325833333333333,0.5199275362318843
17220,17221,-72883546,4.13,1.7142857142857146
17222,17223,-72883554,6.038823529411764,2.470588235294118
17224,17225,-72883558#0,7.67,40.5
17226,17227,-72883558#1,2.655,0.24999999999999997
17228,17229,-72883559,51.919999999999995,0.0
17232,17233,-746483005#1,9.013191489361702,6.544862572878018
17234,17235,-746483006#1,10.17462039045553,50.7485334339338
17236,17237,-746483006#2,3.664370179948586,0.8831924310285427
17238,17239,-746483006#3,4.4695140664961635,0.5932848055610206
17240,17241,-746483006#4,2.8374742268041233,0.2570326860065531
17242,17243,-746483006#5,5.975255102040816,0.5151038676340096
17244,17245,-746483006#6,11.553163265306122,3.2297875672007916
17250,17251,-746700171,2.9704011065006912,0.28051784845384886
17256,17257,-746700173#0,15.6115873015873,18.930603174603167
17260,17261,-746700175,3.54,0.0
17262,17263,-746700176,26.445882352941172,8.882352941176471
17264,17265,-746700180#1,7.934388405797101,5.027060089444835
17266,17267,-746700181#0,5.230444900752909,3.262061076575434
17268,17269,-746700181#0.55,3.9738349834983495,0.5589268041731518
17270,17271,-746700182,15.730949494949494,92.68395818018455
17272,17273,-746700183#1,10.420506502395618,115.96660384611772
17274,17275,-746700186#0,3.3347826086956522,3.877470355731225
17276,17277,-746700186#2,7.30125,9.3625
17280,17281,-747007936,3.54,0.0
17286,17287,-749560260,5.524545454545454,0.41774891774891776
17288,17289,-749560261,7.785953757225433,0.7395911870654267
17290,17291,-749560273,6.657363896848136,0.9316931791983659
17292,17293,-749560274#2,14.641722846441947,42.738728844583385
17294,17295,-75123311,103.83999999999999,49.0
17298,17299,-75123439,103.2953846153846,124.43589743589746
17300,17301,-75123444,91.82545454545453,2401.7636363636366
17302,17303,-75123449,74.73333333333333,4.33333333333333
17304,17305,-752837945#0,5.8999999999999995,0.0
17306,17307,-752837945#1,1.18,0.0
17308,17309,-752837946,11.799999999999999,0.0
17310,17311,-753083360#0,9.583513513513513,0.8754165124028128
17312,17313,-753083360#1,5.229263157894737,0.4606942889137738
17314,17315,-753083360#2,0.8285106382978723,0.2113932738503774
17316,17317,-753083360#3,7.167872340425531,0.994394875314573
17318,17319,-753083361,15.62095238095238,32.56913367756743
17322,17323,-75405816,12.586666666666666,0.33333333333333304
17324,17325,-754318765#0,4.326666666666666,0.33333333333333337
17330,17331,-754318767,8.653333333333332,0.3333333333333335
17340,17341,-763360618,10.357777777777779,6.749206349206352
17342,17343,-764189466,5.801666666666667,1.3357142857142856
17344,17345,-765244914#1,17.464,123.85263157894735
17346,17347,-765541113,3.54,0.0
17350,17351,-765779078,3.1466666666666665,0.33333333333333326
17356,17357,-77033039,15.34,0.0
17358,17359,-77033040,13.766666666666666,6.333333333333334
17360,17361,-770768081,14.14578313253012,1.6087252234745424
17362,17363,-770847746,21.33833333333333,35.53787878787879
17364,17365,-771682710#0,13.409090909090908,13.854545454545454
17366,17367,-771682710#1,5.8999999999999995,0.0
17368,17369,-77169979,14.946666666666665,0.9523809523809523
17370,17371,-771705191#0,6.932499999999999,8.410714285714288
17372,17373,-771705191#1,14.75,1.6666666666666667
17374,17375,-771705191#2,12.389999999999999,0.5
17376,17377,-771705192,18.683333333333334,8.166666666666668
17378,17379,-771710367,1.4749999999999999,0.20454545454545456
17380,17381,-772879616,11.977,7.818421052631578
17382,17383,-772879617#0,7.08,0.5714285714285714
17384,17385,-772879617#1,6.529333333333333,0.2666666666666668
17386,17387,-772913612#3,9.998947368421051,6.152046783625729
17394,17395,-774543490#0,11.547142857142857,16.489010989010985
17396,17397,-774543490#1,22.419999999999998,0.0
17400,17401,-774631638#0,16.52,0.0
17402,17403,-774631638#1,12.979999999999999,3.0
17404,17405,-774631639,19.27333333333333,4.333333333333335
17406,17407,-775009293,22.81333333333333,4.333333333333334
17410,17411,-77526509#0,11.013333333333334,2.333333333333334
17420,17421,-775849466,6.6866666666666665,0.3333333333333335
17424,17425,-775903824,4.72,0.0
17440,17441,-775906583#1,2.36,0.0
17442,17443,-776461317,11.209999999999999,0.5
17444,17445,-77670311#0,36.97333333333333,4.333333333333334
17446,17447,-77670311#1,4.9559999999999995,0.20000000000000007
17450,17451,-776923595#1,25.91083333333333,42.04166666666667
17452,17453,-776943061#1,13.373333333333333,0.33333333333333304
17454,17455,-777420322,3.835,0.25
17456,17457,-778163219#0,2.065,1.0714285714285714
17458,17459,-778163219#1,2.4948571428571427,2.868907563025209
17460,17461,-778163219#2,12.114666666666666,6.495238095238093
17462,17463,-778163219#3,5.015,2.9166666666666665
17464,17465,-778486948,6.489999999999999,0.5
17468,17469,-778486949#1,4.72,0.0
17470,17471,-778486950,12.526153846153845,0.7564102564102567
17472,17473,-778859032#0,5.8999999999999995,0.0
17476,17477,-77912237,4.13,0.5714285714285713
17478,17479,-77912241#0,9.44,1.9999999999999996
17480,17481,-77912241#1,9.735,0.5000000000000001
17482,17483,-77912268,21.24,0.0
17486,17487,-779463170,13.176666666666666,1.3666666666666658
17488,17489,-779561592,10.226666666666665,0.3333333333333335
17490,17491,-779561593,18.88,0.0
17492,17493,-779561594,22.125,32.24999999999999
17494,17495,-779867058,12.979999999999999,3.0
17496,17497,-779963063#0,6.962,6.544444444444445
17498,17499,-779963063#1,2.5075,0.12500000000000008
17504,17505,-779963066,1.18,0.0
17506,17507,-779963080,9.086,1.1222222222222222
17508,17509,-779963083#0,9.44,0.0
17510,17511,-779963083#1,3.6711111111111108,1.7516339869281046
17512,17513,-779963083#2,1.18,0.0
17514,17515,-779963086,2.995384615384615,0.9358974358974357
17516,17517,-779963090,5.113333333333332,0.33333333333333326
17518,17519,-779963104#0,5.6049999999999995,1.0714285714285712
17520,17521,-779963104#1,2.5745454545454542,0.36363636363636365
17522,17523,-779963104#2,10.226666666666665,133.33333333333331
17524,17525,-779963108#0,2.8188888888888886,5.54575163398693
17526,17527,-779963108#1,4.81076923076923,22.410256410256412
17528,17529,-779963108#2,34.809999999999995,0.5
17530,17531,-779963108#3,1.77,0.5
17532,17533,-779963109,11.799999999999999,4.285714285714286
17534,17535,-779963111#0,2.7533333333333334,3.0952380952380945
17536,17537,-779963111#1,9.355714285714285,3.3021978021978025
17538,17539,-779963112,1.18,0.0
17540,17541,-779963113#0,20.45333333333333,6.333333333333333
17542,17543,-779963113#1,5.31,9.0
17548,17549,-780108803#0,1.6224999999999998,0.5535714285714286
17550,17551,-780108803#1,2.015833333333333,0.21557971014492755
17552,17553,-780108803#2,1.4976923076923074,0.2046153846153846
17554,17555,-780108804,2.4386666666666668,0.3523809523809526
17556,17557,-780108805,9.636666666666665,3.6060606060606064
17564,17565,-780151719,9.30888888888889,8.11111111111111
17566,17567,-780151720,8.26,0.0
17568,17569,-780151721#0,6.893684210526315,3.1403508771929833
17570,17571,-780151722,9.911999999999999,2.828571428571428
17574,17575,-780206711,3.933333333333333,0.33333333333333337
17580,17581,-780400470,12.783333333333333,0.566666666666667
17582,17583,-780400471,10.62,1.2499999999999993
17584,17585,-780400472,6.784999999999999,11.583333333333334
17586,17587,-780403241,4.72,0.0
17590,17591,-780488951,12.508,11.822222222222223
17592,17593,-780592074,2.921904761904762,0.5619047619047621
17594,17595,-780592075#0,3.933333333333333,0.4999999999999999
17596,17597,-780592075#1,6.56375,1.195833333333333
17598,17599,-780592076#0,3.54,0.3333333333333333
17600,17601,-780592076#1,2.36,0.0
17602,17603,-780592077,2.556666666666666,1.0144927536231885
17604,17605,-780592078,4.657894736842104,8.537695590327171
17606,17607,-780592079#0,1.18,0.0
17608,17609,-780592079#1,1.18,0.0
17616,17617,-780869567#1,1.18,0.0
17620,17621,-780913598#0,3.54,0.0
17622,17623,-780913598#1,13.373333333333333,2.3333333333333335
17624,17625,-780913599#0,4.13,0.8571428571428571
17626,17627,-780913599#1,8.456666666666667,0.9666666666666668
17628,17629,-780951181#0,3.304,0.7
17630,17631,-780951181#1,9.44,0.0
17634,17635,-781302071#0,2.36,0.0
17636,17637,-781302071#1,7.08,0.0
17642,17643,-781741850#1,4.195555555555555,0.27777777777777773
17644,17645,-782708741,16.52,0.0
17646,17647,-782710385#1,3.776,0.45714285714285713
17648,17649,-782710385#2,13.991428571428571,1.809523809523809
17650,17651,-782710385#3,2.7533333333333334,0.33333333333333337
17652,17653,-782710385#4,10.095555555555555,0.777777777777778
17656,17657,-782710387,7.4576,1.3933333333333329
17658,17659,-783738404,61.36,48.0
17664,17665,-784165402,6.784999999999999,6.916666666666667
17668,17669,-785784586,11.209999999999999,0.9999999999999997
17670,17671,-785858199#0,3.3433333333333333,0.1666666666666667
17672,17673,-785858199#1,3.54,0.0
17680,17681,-785899677#1,3.54,0.0
17682,17683,-786179513,14.946666666666665,1.333333333333333
17686,17687,-786563243,17.7,8.0
17700,17701,-787388576,9.833333333333334,1.0666666666666662
17702,17703,-787388577,9.44,0.0
17704,17705,-787965027,13.1275,0.7833333333333333
17706,17707,-788333204,14.455,6.916666666666665
17708,17709,-788773538#0,31.86,5.5
17712,17713,-788773539,1.5733333333333333,0.6666666666666667
17714,17715,-788776521#0,50.866428571428564,30.691798941798965
17716,17717,-788776521#1,28.162666666666667,8.80919540229885
17718,17719,-788776521#2,4.538461538461538,0.3197115384615386
17722,17723,-789844314,11.799999999999999,0.0
17724,17725,-790001123,13.373333333333333,1.5362318840579707
17726,17727,-790651031,17.994999999999997,79.58333333333333
17728,17729,-791207676,13.485714285714286,3.285714285714286
17730,17731,-791259521,12.979999999999999,3.090909090909091
17732,17733,-791264657#0,7.866666666666666,3.515151515151514
17734,17735,-791264657#1,4.982222222222222,0.9444444444444444
17736,17737,-791264658,5.8999999999999995,0.0
17738,17739,-791362821,15.635,1.0714285714285712
17742,17743,-791808809,16.814999999999998,37.583333333333336
17744,17745,-791808810#0,2.7230769230769227,0.23076923076923073
17746,17747,-791808810#1,1.18,0.0
17758,17759,-792046574,24.779999999999998,8.666666666666666
17760,17761,-792511578#0,3.835,0.25000000000000006
17764,17765,-792797765,12.979999999999999,11.799999999999999
17766,17767,-792867568,9.833333333333334,0.6666666666666661
17770,17771,-794349351,18.224444444444444,2.2777777777777777
17772,17773,-794349352,10.298181818181817,1.8181818181818177
17774,17775,-794349354#0,2.9499999999999997,1.6666666666666663
17776,17777,-794349354#1,9.44,1.0
17778,17779,-794349354#2,2.1914285714285713,0.8095238095238096
17780,17781,-794349355,16.52,0.0
17782,17783,-794669422,8.597142857142856,6.835164835164834
17784,17785,-795085917,8.653333333333332,0.33333333333333326
17788,17789,-795585638,25.959999999999997,0.0
17790,17791,-796248412,9.833333333333334,6.523809523809525
17792,17793,-797226140#0,3.54,0.0
17802,17803,-797327372,20.65,0.5
17804,17805,-797840524,8.85,4.5
17806,17807,-798269066#0,4.72,0.0
17810,17811,-798269067#0,11.013333333333334,0.33333333333333304
17812,17813,-798269067#1,6.6866666666666665,0.33333333333333326
17820,17821,-799538919,3.54,3.0
17822,17823,-799719652#1,79.64999999999999,40.5
17824,17825,-800890645,24.779999999999998,1.0
17834,17835,-802847229,5.31,0.5
17838,17839,-8033459#1,4.627450980392156,1.1137254901960785
17840,17841,-8033459#2,30.915999999999997,4.700000000000002
17842,17843,-8033459#3,2.596,2.7
17844,17845,-8033459#6,14.75,264.5
17846,17847,-8033459#7,3.54,0.0
17848,17849,-8033460#1,21.754358974358972,245.46288798920375
17852,17853,-803564142,20.52173913043478,5.15810276679842
17854,17855,-803586532#1,11.564,30.7
17866,17867,-805074682,1.8741176470588232,1.0073529411764708
17868,17869,-805074685,9.654545454545454,0.7636363636363633
17870,17871,-80518321#0,27.63937908496732,6.1430286790111515
17872,17873,-80518321#1,5.553507340946166,0.24370128693130305
17874,17875,-80518321#2,12.2010081300813,3.04556023410397
17876,17877,-805893591,16.366086956521738,6.573122529644267
17878,17879,-805906399,9.833333333333334,0.3333333333333335
17880,17881,-805978013,12.979999999999999,0.0
17884,17885,-806941711#0,3.888768472906404,0.28177693027526163
17886,17887,-806941711#1,1.6495702775290957,0.34627430729983766
17890,17891,-806941719,4.72,0.0
17892,17893,-807102008,10.325,2.25
17894,17895,-807111100#0,1.77,0.5
17910,17911,-807111103,3.54,0.0
17918,17919,-807310151#0,16.151249999999997,1.5766129032258065
17920,17921,-807310151#1,5.31,0.3870967741935481
17922,17923,-807310151#2,80.99388888888888,31.780158730158707
17924,17925,-807310151#3,23.599999999999998,46.0
17926,17927,-807310151#4,61.831999999999994,162.7589743589744
17928,17929,-807310152,24.299259259259255,30.32763532763532
17936,17937,-808377741,13.864999999999998,2.25
17942,17943,-808643943,10.915,0.9166666666666662
17944,17945,-808797810,8.653333333333332,0.24242424242424246
17946,17947,-809947516,13.452,28.542857142857148
17948,17949,-810275624,0.885,0.25000000000000006
17950,17951,-810275626,3.1466666666666665,0.33333333333333337
17956,17957,-812603023,9.30888888888889,1.1111111111111114
17960,17961,-812643950#0,20.45333333333333,0.3333333333333339
17962,17963,-812648595#0,22.419999999999998,0.0
17964,17965,-812648595#1,16.0952,1.9899999999999993
17966,17967,-812648595#3,9.53076923076923,0.9149797570850206
17968,17969,-812648595#4,9.654545454545454,1.0824524312896409
17970,17971,-812648598,16.664912280701753,4.038220551378446
17972,17973,-812648599,10.62,0.0
17974,17975,-812648600,10.423333333333334,0.3333333333333334
17976,17977,-812648601,10.62,0.6
17978,17979,-812648603,6.784999999999999,6.25
17980,17981,-812713147,33.82666666666667,9.333333333333334
17982,17983,-812715246,12.979999999999999,0.0
17984,17985,-812838382,13.963333333333333,1.366666666666667
17986,17987,-813022184#0,24.458181818181817,46.618181818181824
17988,17989,-813022184#1,5.8999999999999995,0.0
17990,17991,-813022184#2,1.18,0.0
17992,17993,-813022185#0,4.72,0.0
17994,17995,-813022185#1,3.54,0.8571428571428571
17996,17997,-813022186,2.0977777777777775,0.19444444444444442
18002,18003,-813607518,18.74888888888889,1.11111111111111
18004,18005,-813800286,8.024,1.7000000000000002
18006,18007,-814515313,16.402,23.655555555555555
18008,18009,-814691983#0,3.9133593749999998,0.27988664215686265
18010,18011,-814691983#0.40,5.863124999999999,15.567647058823539
18012,18013,-814691983#1,2.346171875,0.12143075980392157
18014,18015,-814691983#2,4.546201550387597,0.5385334660513371
18016,18017,-814691983#3,8.895736434108526,0.6619159653726665
18018,18019,-814691983#4.0,11.785952380952379,5.039698349459301
18020,18021,-814691983#4.89,5.959227799227799,0.5982460866181798
18022,18023,-814691989#0,0.9964444444444444,0.13434343434343426
18024,18025,-814691989#1,3.08,0.3109292811221509
18026,18027,-814691991,11.881314102564103,21.85880715726221
18028,18029,-815004589,1.4749999999999999,0.25
18032,18033,-815412592#0,35.23421487603306,384.6717630853992
18034,18035,-815412597#0,9.739275362318839,108.83725955204216
18036,18037,-815412597#1,5.989276315789474,16.664223988188297
18038,18039,-815412597#2,6.0030158730158725,0.48637197242774916
18040,18041,-815412597#3,7.218542510121457,0.6406306573187185
18042,18043,-815412597#4,13.706153846153844,1.4943351222420993
18044,18045,-815412603#0,24.247697160883277,364.235734536597
18046,18047,-815412608,15.607454819277107,349.6464026792929
18048,18049,-815412608.73,32.115015060240964,1113.5772231730225
18050,18051,-815412622,43.94822950819672,467.8499259737818
18052,18053,-815822086#3,4.72,0.0
18054,18055,-815822086#4,2.7533333333333334,1.3333333333333333
18056,18057,-815856347,8.85,1.1
18060,18061,-816083237#0,1.18,0.0
18062,18063,-816083237#1,18.88,0.0
18108,18109,-816120712,9.44,0.0
18110,18111,-816120713,30.68,0.0
18118,18119,-816120715#1,1.18,0.0
18120,18121,-816120716,5.31,0.3333333333333333
18124,18125,-816120718#0,3.54,0.0
18126,18127,-816120718#1,3.54,0.0
18128,18129,-816120718#2,2.36,2.0
18132,18133,-816120718#4,4.72,0.0
18134,18135,-816120718#5,9.44,1.0
18136,18137,-816120719,2.36,0.0
18138,18139,-816120720,16.52,0.0
18140,18141,-816120721,4.72,0.0
18148,18149,-816133986#1,15.66551724137931,1.9211822660098523
18150,18151,-816133986#1.103,21.402758620689653,253.12315270935957
18152,18153,-816162125,6.784999999999999,0.9166666666666669
18154,18155,-816162126,13.274999999999999,38.91666666666667
18158,18159,-816162128#0,3.408888888888889,0.3611111111111111
18160,18161,-816162128#1,16.52,2.0
18162,18163,-816162128#2,9.046666666666667,0.3333333333333335
18164,18165,-816162128#3,1.9666666666666666,0.3333333333333333
18166,18167,-816162128#4,15.34,1.0
18170,18171,-816162129#1,3.3433333333333333,0.16666666666666669
18176,18177,-816162131#2,4.484,0.20000000000000004
18178,18179,-816162132#0,4.523333333333333,0.16666666666666669
18180,18181,-816162132#1,19.27333333333333,3.4666666666666672
18184,18185,-816162134,8.85,1.0000000000000002
18190,18191,-816170760,3.54,0.0
18192,18193,-816174617,12.979999999999999,0.0
18194,18195,-816174618#0,2.9499999999999997,0.5
18200,18201,-816175256,7.922857142857143,0.9047619047619047
18202,18203,-816175257#0,19.765,0.9166666666666666
18206,18207,-816175261,9.675999999999998,2.028571428571429
18208,18209,-816178097#0,4.72,2.0
18210,18211,-816178097#1,10.03,0.5
18212,18213,-816178099,5.015,0.21428571428571438
18214,18215,-816178100,5.427999999999999,1.3
18216,18217,-816178101,6.194999999999999,1.583333333333333
18218,18219,-816178102,1.18,0.0
18220,18221,-816195562,29.696666666666665,6.56666666666667
18222,18223,-816195563,25.369999999999997,4.5
18230,18231,-816206616,9.145,2.25
18232,18233,-816209587,12.979999999999999,2.0
18234,18235,-816209588,1.18,0.0
18236,18237,-816209589,1.18,0.0
18238,18239,-816209590,1.18,0.0
18240,18241,-816209591,3.54,0.0
18244,18245,-816209593#1,5.31,0.5
18246,18247,-816209593#2,3.835,0.7333333333333332
18248,18249,-816209594#0,3.1235294117647054,0.47771836007130125
18250,18251,-816209594#1,3.5837037037037036,0.6524216524216523
18252,18253,-816209594#2,5.015,0.5681818181818182
18254,18255,-816209594#3,3.0155555555555553,1.5277777777777775
18258,18259,-816433141,14.91090909090909,7.956709956709956
18266,18267,-816438821#0,14.009893992932863,1.7142570734030023
18268,18269,-816438821#1,7.678428571428571,0.3440348182283669
18270,18271,-816461641,17.7,0.0
18274,18275,-816461644#1,20.909599999999998,7.210000000000001
18276,18277,-816461645,6.396842105263158,0.8128654970760238
18282,18283,-816461648#1,9.44,0.4
18284,18285,-816461649,8.968,0.8
18286,18287,-816461650,12.455555555555554,1.5277777777777772
18290,18291,-816466985,15.34,0.0
18292,18293,-816466986#1,24.485,2.9166666666666656
18294,18295,-816466986#2,8.26,0.0
18296,18297,-816466986#3,1.18,0.0
18302,18303,-816466989#0,4.551428571428572,0.4761904761904762
18304,18305,-816466989#1,15.143333333333333,2.966666666666667
18306,18307,-816466989#2,15.34,2.0
18310,18311,-816476703#0,8.62875,3.4291666666666667
18312,18313,-816476703#1,10.226666666666665,0.6666666666666666
18318,18319,-816476704,7.787999999999999,0.7999999999999999
18320,18321,-816476705,20.45333333333333,2.333333333333333
18322,18323,-816476706#0,14.16,2.0000000000000004
18328,18329,-816483539#1,3.2449999999999997,1.5833333333333333
18330,18331,-816483539#2,7.473333333333333,0.33333333333333326
18332,18333,-816483539#3,25.566666666666666,1.333333333333334
18344,18345,-816483544,24.779999999999998,2.0
18346,18347,-816483545,8.26,0.75
18358,18359,-816501621,12.214594594594594,5.512012012012016
18360,18361,-816501622#0,27.375999999999998,9.742857142857144
18362,18363,-816501622#1,24.204390243902438,32.0560975609756
18368,18369,-816504080,14.946666666666665,6.333333333333334
18372,18373,-816504082,6.293333333333333,0.2666666666666665
18380,18381,-816506792,9.44,0.0
18382,18383,-816506793,10.62,0.0
18384,18385,-816506794#0,2.36,0.0
18390,18391,-816506796#0,3.802222222222222,0.19444444444444442
18392,18393,-816506796#1,15.34,0.0
18394,18395,-816506796#2,3.54,0.0
18396,18397,-816506796#3,1.18,0.0
18400,18401,-816506796#5,2.36,0.0
18406,18407,-816506796#8,4.326666666666666,1.3333333333333335
18408,18409,-816506797,4.13,4.5
18414,18415,-816511117,9.833333333333334,0.6666666666666672
18416,18417,-816511118#0,11.799999999999999,0.0
18418,18419,-816511118#1,3.1466666666666665,0.6666666666666667
18424,18425,-816511120#1,3.54,0.0
18428,18429,-816511122#1,6.784999999999999,10.916666666666666
18436,18437,-816531488,7.830909090909091,0.2545454545454546
18438,18439,-816531489,11.799999999999999,2.0
18440,18441,-816532196,12.684999999999999,4.916666666666667
18444,18445,-816603268,2.4779999999999998,0.4505617977528092
18446,18447,-816603269#0,3.304,0.3999999999999999
18450,18451,-816603269#2,5.31,0.3333333333333333
18454,18455,-816603270#1,3.54,0.0
18456,18457,-816603270#2,4.72,0.0
18458,18459,-816603270#3,11.799999999999999,0.0
18460,18461,-816603270#4,14.75,4.3
18464,18465,-816603272,1.298,0.09999999999999999
18466,18467,-816603273#0,5.815714285714286,0.36507936507936506
18468,18469,-816603273#1,3.453658536585366,0.769512195121951
18470,18471,-816603274#0,11.169902912621358,3.172853607462402
18472,18473,-816603274#1,2.1214893617021273,0.7651567147105928
18474,18475,-816603274#2,31.787755102040816,36.55867346938776
18476,18477,-816609196,3.6642105263157894,0.543859649122807
18478,18479,-816623833#0,32.669086336965634,93.46235310001852
18480,18481,-816623833#1,16.564472361809045,2.341411584325654
18482,18483,-816623833#2,5.069849246231156,2.2271963337222602
18484,18485,-816623833#4,2.9417338003502627,0.7988115319618546
18486,18487,-816623833#4.11,41.74082239720035,27.603749618863308
18488,18489,-816623834#1,23.33931632653061,5.386085935139745
18490,18491,-816734244,22.419999999999998,0.0
18494,18495,-816734246,29.5,19.0
18496,18497,-816734247#0,9.046666666666667,4.333333333333333
18498,18499,-816734247#1,3.54,0.0
18500,18501,-816734247#2,12.389999999999999,144.5
18502,18503,-816734247#3,22.81333333333333,533.3333333333333
18504,18505,-816734248,5.8999999999999995,0.0
18506,18507,-816734249#0,2.596,1.889655172413794
18508,18509,-816734249#1,5.8999999999999995,5.333333333333332
18510,18511,-816734249#2,33.04,32.0
18512,18513,-816734249#3,2.9499999999999997,0.5
18514,18515,-816734250,1.18,0.0
18520,18521,-816734583,6.726,0.6777777777777776
18522,18523,-816734584#0,2.0080701754385966,0.9630325814536344
18524,18525,-816734584#1,6.702399999999999,4.1433333333333335
18526,18527,-816734584#2,3.54,3.2
18536,18537,-816736910,11.209999999999999,0.5
18562,18563,-816736916,7.08,0.0
18564,18565,-816739558,12.979999999999999,2.25
18566,18567,-816739559#0,10.03,25.666666666666668
18572,18573,-816739561,18.093333333333334,1.4666666666666663
18576,18577,-816740258,15.34,0.0
18578,18579,-816749704,5.394285714285714,0.6190476190476187
18582,18583,-816749706#2,9.203999999999999,2.6222222222222222
18584,18585,-816749706#3,1.77,1.0000000000000002
18592,18593,-816749709#0,1.8236363636363635,0.2597402597402597
18594,18595,-816749709#1,5.742666666666666,1.123809523809524
18598,18599,-816766056,5.8999999999999995,0.9090909090909082
18600,18601,-816766057#0,2.681818181818182,0.21818181818181817
18604,18605,-816766057#2,2.7533333333333334,0.33333333333333326
18608,18609,-816766060,6.6866666666666665,0.33333333333333326
18620,18621,-816779849,4.72,0.3333333333333333
18622,18623,-816779850#0,3.2449999999999997,10.717391304347824
18624,18625,-816779850#1,7.08,0.0
18626,18627,-816779851,49.166666666666664,19.000000000000004
18628,18629,-816779852#0,6.758181818181818,0.6181818181818179
18630,18631,-816779852#1,31.86,0.0
18632,18633,-816796147#0,3.511160896130346,0.4810341244440747
18634,18635,-816796147#1,9.427201735357917,1.7498821088371208
18638,18639,-816799873,19.27333333333333,4.424242424242424
18640,18641,-816799874,1.18,0.0
18644,18645,-816799876#0,5.113333333333332,0.3333333333333335
18650,18651,-816799877,9.44,0.0
18652,18653,-816799878,21.24,0.0
18654,18655,-816799879,12.684999999999999,2.9166666666666674
18674,18675,-816806961,29.5,0.0
18676,18677,-816806962,10.62,0.28571428571428564
18678,18679,-816806963,16.814999999999998,6.916666666666667
18680,18681,-816806964,20.06,0.0
18682,18683,-816806965,7.08,1.0
18684,18685,-816806966#0,5.427999999999999,1.3777777777777773
18686,18687,-816806966#1,13.242222222222221,13.194444444444443
18688,18689,-816806966#2,5.8999999999999995,1.9999999999999998
18694,18695,-816806968#1,1.18,0.0
18696,18697,-816806969,9.44,0.4
18698,18699,-816806970,13.991428571428571,3.476190476190476
18702,18703,-816813501,15.93,2.7000000000000006
18706,18707,-816813502#1,2.36,0.0
18708,18709,-816813503,8.496,0.7
18712,18713,-816813505,18.486666666666665,4.333333333333332
18718,18719,-816813508#0,13.822857142857142,23.90476190476191
18720,18721,-816813508#1,7.922857142857143,7.238095238095237
18722,18723,-816816925,15.782499999999999,6.8392857142857135
18726,18727,-816816927,12.389999999999999,0.5
18728,18729,-816816928,11.726249999999999,1.6625
18730,18731,-816816929#0,3.54,0.0
18736,18737,-816816929#3,3.54,0.0
18738,18739,-816816929#5,3.192941176470588,1.7205882352941178
18740,18741,-816816929#6,7.401818181818181,12.418181818181818
18742,18743,-816816930#0,3.54,0.0
18744,18745,-816816930#1,2.1141666666666667,1.2155797101449277
18746,18747,-816816931,17.7,2.0
18754,18755,-816839813#0,5.546,0.2862068965517241
18756,18757,-816839813#1,9.090370370370369,0.754985754985755
18758,18759,-816839813#2,1.5171428571428571,0.21428571428571427
18760,18761,-816839813#3,6.932499999999999,0.8967391304347826
18764,18765,-816850205,3.54,0.0
18768,18769,-816855270#1,3.7366666666666664,0.5666666666666667
18772,18773,-816855271#1,6.293333333333333,1.9523809523809528
18774,18775,-816855272#0,2.0876923076923073,3.0256410256410255
18776,18777,-816855272#1,1.77,0.5
18778,18779,-816855274#0,4.9559999999999995,3.2
18780,18781,-816855274#1,12.979999999999999,0.0
18782,18783,-816855275#0,2.36,0.0
18784,18785,-816855275#1,10.62,0.0
18786,18787,-816858722,10.507619047619048,0.7904761904761918
18788,18789,-816858723,6.843999999999999,5.2
18790,18791,-816858724#0,3.54,0.0
18792,18793,-816858724#1,2.36,1.0
18794,18795,-816858724#2,5.8999999999999995,0.0
18796,18797,-816858725,16.52,4.8
18798,18799,-816858726,12.979999999999999,1.818181818181818
18800,18801,-816858727#0,2.2813333333333334,0.20952380952380953
18802,18803,-816858727#1,2.36,0.0
18804,18805,-816858727#2,1.888,0.3
18806,18807,-816858727#3,18.29,0.5
18808,18809,-816858728#0,3.0385,0.660897435897436
18810,18811,-816858728#1,3.0342857142857143,0.457142857142857
18812,18813,-816858728#2,3.2676923076923075,0.35897435897435886
18814,18815,-816858728#3,10.298181818181817,2.418181818181818
18818,18819,-816858729,3.817647058823529,1.691176470588235
18824,18825,-816858732,4.72,0.0
18826,18827,-816861896,12.389999999999999,0.5
18828,18829,-816868352#0,11.799999999999999,0.0
18832,18833,-816868354#0,16.52,20.0
18838,18839,-816872144#1,9.44,0.0
18840,18841,-816872145#1,10.62,0.0
18842,18843,-817081320,1.18,0.0
18844,18845,-817081321,1.18,0.0
18850,18851,-817081323#0,9.833333333333334,1.333333333333333
18856,18857,-817081324#0,9.521379310344827,0.8522167487684724
18858,18859,-817081324#1,2.4091666666666662,1.1721014492753625
18860,18861,-817081325,32.449999999999996,3.0000000000000013
18864,18865,-817081328,11.46285714285714,2.2380952380952386
18866,18867,-817081329,5.73142857142857,1.1428571428571428
18868,18869,-817086040,8.653333333333332,0.33333333333333326
18870,18871,-817086041,13.097999999999999,4.766666666666667
18872,18873,-817086042,16.61076923076923,16.910256410256405
18878,18879,-817095974,2.36,1.2
18880,18881,-817095975,5.8999999999999995,0.0
18882,18883,-817095976,7.473333333333333,0.33333333333333326
18884,18885,-817095977#0,5.506666666666667,1.3333333333333335
18886,18887,-817095977#1,3.4219999999999997,2.988888888888889
18888,18889,-817095977#2,4.13,0.7
18890,18891,-817095977#3,10.083636363636362,8.272727272727273
18892,18893,-817095977#4,8.39111111111111,0.8611111111111109
18894,18895,-817095978,30.09,1.6666666666666667
18900,18901,-817095981,9.44,1.0
18902,18903,-817095982,23.599999999999998,0.0
18906,18907,-817095984,20.45333333333333,2.333333333333332
18908,18909,-817101509,4.916666666666667,0.16666666666666674
18910,18911,-817101510#0,35.4,0.0
18914,18915,-817101511,7.08,0.0
18918,18919,-817101513,4.72,0.0
18920,18921,-817101514,12.979999999999999,0.0
18922,18923,-817101515#0,9.203999999999999,1.066666666666666
18924,18925,-817101515#1,7.723636363636364,2.4727272727272727
18926,18927,-817101516,5.31,24.5
18928,18929,-817101517,30.68,3.625000000000001
18930,18931,-817105858#0,8.653333333333332,0.6666666666666666
18932,18933,-817105858#1,5.31,0.5
18936,18937,-817105860,1.888,0.30000000000000004
18940,18941,-817107238,10.62,0.0
18942,18943,-817107239,2.36,0.0
18944,18945,-817107240#0,2.655,0.24999999999999997
18952,18953,-817107240#4,9.243333333333332,0.16666666666666666
18954,18955,-817107241,7.08,0.0
18956,18957,-817107242,11.013333333333334,0.3333333333333335
18960,18961,-817110755,4.72,18.0
18962,18963,-817118469,8.26,0.0
18964,18965,-817118471,8.456666666666667,2.151515151515152
18968,18969,-817127201#0,3.4613333333333327,1.4952380952380953
18972,18973,-817127202#0,7.1979999999999995,0.32222222222222224
18974,18975,-817127202#1,10.226666666666665,0.3333333333333335
18976,18977,-817127203#0,15.744571428571428,6.820168067226891
18978,18979,-817127203#1,2.252727272727273,0.1818181818181818
18982,18983,-817127205,5.8999999999999995,0.0
18988,18989,-817128871,2.7533333333333334,1.0666666666666667
18990,18991,-817128872#0,18.987272727272725,118.0865800865801
18992,18993,-817128872#1,5.074,0.23333333333333314
18994,18995,-817134037,1.18,0.0
18996,18997,-817134038,10.325,23.64285714285714
19002,19003,-817206446#1,3.160714285714285,1.2766233766233768
19006,19007,-817426971#1,8.26,0.6666666666666665
19010,19011,-817666072#0,19.42547169811321,9.869991015274032
19012,19013,-817666073,12.387400881057268,4.543136719815991
19014,19015,-817666074,45.64539682539682,105.67178699436765
19016,19017,-817666076,53.96230769230769,100.28461538461539
19018,19019,-817666077,5.529142857142857,0.6824016563146998
19020,19021,-817666078#0,22.857037037037035,3.3960113960113967
19022,19023,-817666078#1,8.2128,0.7738775510204079
19024,19025,-817666078#2,10.75111111111111,1.3587301587301583
19026,19027,-817666078#3,22.479999999999997,15.382007822685782
19028,19029,-817666078#4,23.080366972477062,4.656133197417602
19030,19031,-817666078#5,9.684137931034483,1.1892542101042505
19032,19033,-817666078#6,13.637215189873416,1.9422265498214852
19034,19035,-817666078#7,16.11670886075949,1.6637455371632586
19038,19039,-818707465,3.3826666666666667,0.9408934707903779
19040,19041,-819168463,7.08,0.0
19044,19045,-819521343#0,30.028190476190474,5.865018315018315
19046,19047,-819521343#1,23.49511111111111,5.037373737373737
19048,19049,-819521343#2,2.184255319148936,0.21646623496762266
19050,19051,-819521343#3,2.308695652173913,0.17584541062801937
19052,19053,-819521344#0,50.706285714285706,13.322689075630253
19054,19055,-819521344#1,3.1382978723404253,0.6641998149861239
19056,19057,-819943655,7.484901960784313,0.5840613473112016
19058,19059,-819943656#0,6.843999999999999,0.19999999999999996
19060,19061,-819943656#1,11.799999999999999,0.666666666666667
19062,19063,-819943656#2,49.72857142857143,26.5934065934066
19064,19065,-819943656#3,2.2125,0.41071428571428564
19066,19067,-819943656#4,2.36,0.0
19068,19069,-819943656#5,1.18,0.0
19070,19071,-819943656#6,1.9666666666666666,0.3333333333333333
19074,19075,-821484658,3.54,0.0
19080,19081,-823650753#0,3.192941176470588,0.39572192513368987
19082,19083,-823880344#0,3.708571428571428,0.14285714285714288
19084,19085,-823880344#1,2.36,0.0
19086,19087,-823880344#2,2.36,0.06666666666666667
19088,19089,-823880345,1.7044444444444444,0.2777777777777778
19090,19091,-823880349#0,12.979999999999999,2.8
19092,19093,-823880349#1,4.72,2.0
19094,19095,-823880355#0,4.220769230769231,1.2938461538461539
19096,19097,-823880355#1,4.151851851851852,1.9515669515669518
19098,19099,-823880355#2,3.3714285714285714,0.8095238095238096
19100,19101,-823880355#3,8.26,0.0
19102,19103,-823880356#0,2.9499999999999997,0.29999999999999993
19104,19105,-823880356#1,8.997499999999999,0.2678571428571429
19106,19107,-823880356#2,9.931666666666665,2.810606060606059
19108,19109,-823880357#0,7.67,5.428571428571428
19110,19111,-823880357#1,3.54,0.5714285714285715
19112,19113,-823880358,15.34,0.0
19114,19115,-823880359#0,4.5336842105263155,0.47368421052631615
19116,19117,-823880359#1,2.36,0.4
19118,19119,-823880360,8.220666666666666,1.6195402298850579
19120,19121,-824136617#1,17.96222222222222,1.6944444444444442
19128,19129,-824791781,15.733333333333333,4.333333333333334
19132,19133,-825260741,8.26,1.0
19134,19135,-825260762,1.18,0.0
19136,19137,-825260795#0,2.9499999999999997,0.5
19138,19139,-825260795#1,3.54,2.0
19140,19141,-825445496#0,5.247234042553191,0.32634209131521147
19142,19143,-825445496#1,5.1575280898876406,3.1589929880881957
19144,19145,-825445496#1.19,2.6685512367491167,0.2930857329022879
19146,19147,-825933196,6.489999999999999,0.7
19152,19153,-82626965,5.8999999999999995,0.0
19154,19155,-82627284#0,22.68222222222222,11.444444444444445
19158,19159,-82627284#2,17.025714285714287,3.619047619047619
19160,19161,-82628434,10.226666666666665,1.333333333333333
19162,19163,-82628436#0,11.144444444444444,20.73202614379085
19164,19165,-82628436#1,46.937777777777775,30.444444444444443
19166,19167,-82628963#0,3.7048044692737427,0.2669010106082479
19168,19169,-82628963#1,6.644916201117319,0.47002699140041465
19170,19171,-82628963#2,3.6256983240223466,0.31492059506622294
19172,19173,-82628963#3,19.979545454545455,3.1267532467532453
19174,19175,-82628963#4,1.99125,0.22749999999999995
19176,19177,-826551069#0,3.744230769230769,0.26101568334578035
19178,19179,-826551069#1,3.7896153846153844,0.28491411501120223
19180,19181,-826578283,0.9023529411764705,8.441176470588236
19184,19185,-826578284#1,27.139999999999997,0.0
19186,19187,-826594746#0,3.933333333333333,0.33333333333333337
19188,19189,-826596269,29.5,61.0
19190,19191,-826596271,1.4905263157894735,0.3157894736842107
19194,19195,-831295614,6.903,0.4347457627118646
19196,19197,-831295615,6.12125,2.029166666666667
19198,19199,-831295616,14.392424242424243,1.9609067777006708
19200,19201,-831295617,6.194999999999999,0.25
19204,19205,-832481042#1,9.145,0.24999999999999992
19206,19207,-832481043,3.304,0.7000000000000002
19208,19209,-832481045#0,4.72,0.0
19210,19211,-832481045#1,3.54,0.0
19212,19213,-832481048,19.627016129032256,2.9376877367115064
19214,19215,-832481049,15.143333333333333,2.2194719471947213
19216,19217,-832481056,32.056666666666665,4.166666666666669
19218,19219,-832481057,6.6866666666666665,9.866666666666667
19222,19223,-83299769#1,18.88,0.0
19224,19225,-83299775#0,6.784999999999999,0.9166666666666666
19228,19229,-83299777,10.148,11.3
19230,19231,-83299779#0,3.1466666666666665,2.3333333333333335
19232,19233,-83299779#1,8.653333333333332,0.33333333333333326
19234,19235,-83299780#0,9.145,0.9166666666666666
19236,19237,-83299780#1,2.36,1.0
19238,19239,-83299780#2,13.373333333333333,0.3333333333333335
19240,19241,-83299783#0,3.54,0.0
19242,19243,-83299783#1,21.324285714285715,6.686813186813188
19244,19245,-83299784,9.046666666666667,1.3333333333333335
19246,19247,-83299788#0,3.54,0.0
19248,19249,-83299788#1,1.18,0.0
19250,19251,-83299788#2,16.52,0.0
19252,19253,-83299788#3,4.72,1.2
19254,19255,-83299790#0,5.015,0.931818181818182
19256,19257,-83299790#1,20.06,1.0
19262,19263,-83304166#1,3.1466666666666665,0.2499999999999999
19268,19269,-83304175#0,13.537222222222221,0.9420634920634925
19270,19271,-83304175#1,6.6763157894736835,0.4473684210526315
19272,19273,-83304175#2,12.603404255319147,1.8741905642923218
19274,19275,-83304180#0,2.269230769230769,0.2435897435897436
19276,19277,-83304180#1,3.54,0.0
19278,19279,-83304180#2,20.06,0.0
19280,19281,-83304180#3,4.13,0.5
19282,19283,-833439669,15.34,0.0
19284,19285,-834006805#1,16.02789905362776,210.78619953478022
19286,19287,-834006805#2,4.711066246056782,0.563073957237995
19292,19293,-83808288,3.54,0.0
19294,19295,-83808292#0,2.36,1.0
19298,19299,-85404276,6.194999999999999,0.25000000000000006
19300,19301,-87288526#0,21.24,0.0
19306,19307,-885197072,10.906482939632545,1.766362838919592
19308,19309,-88888406,3.54,0.0
19310,19311,-88903261,8.653333333333332,0.33333333333333326
19312,19313,-88903294#1,5.8999999999999995,18.769230769230766
19314,19315,-88903294#2,2.36,0.8888888888888888
19316,19317,-88903294#3,12.094999999999999,0.25
19318,19319,-88903294#4,1.77,1.0000000000000002
19322,19323,-88903294#6,1.18,0.4
19324,19325,-88903294#7,2.124,0.2
19330,19331,-88903299,6.1776470588235295,0.5661764705882353
19332,19333,-88903325,8.496,1.7000000000000002
19334,19335,-88903339#0,4.382857142857143,0.5142857142857142
19336,19337,-88903339#1,2.781428571428571,1.6318681318681323
19338,19339,-88903339#2,3.933333333333333,0.6666666666666667
19340,19341,-88903339#3,3.835,0.21428571428571422
19344,19345,-90587320,10.949184549356222,1.1502885896107748
19352,19353,-91854601#0,37.76,0.0
19354,19355,-91854601#2,3.776,0.17777777777777784
19356,19357,-91854601#3,3.3254545454545457,0.36363636363636365
19358,19359,-91854602,7.08,50.0
19360,19361,-91854606,12.862,1.8777777777777775
19364,19365,-92026755#1,11.013333333333334,0.3333333333333335
19368,19369,-92026755#3,8.653333333333332,0.33333333333333326
19388,19389,-92026764,8.85,0.5
19392,19393,-92026768#0,25.959999999999997,3.0
19402,19403,-92026769#0,15.002857142857142,22.23809523809524
19404,19405,-92026769#1,13.409090909090908,1.0545454545454542
19406,19407,-92026769#11,6.6866666666666665,0.3333333333333335
19408,19409,-92026769#12,16.913333333333334,0.3333333333333335
19410,19411,-92026769#2,6.843999999999999,1.5111111111111108
19412,19413,-92026769#3,20.06,0.0
19414,19415,-92026769#4,3.3584615384615386,0.3076923076923077
19416,19417,-92026769#5,1.3615384615384614,0.30769230769230765
19418,19419,-92026769#6,4.72,0.8333333333333331
19420,19421,-92026769#7,6.162222222222222,0.19444444444444453
19422,19423,-92026769#8,5.506666666666667,0.33333333333333326
19424,19425,-92026769#9,4.72,1.2000000000000002
19436,19437,-93386922,12.586666666666666,2.6666666666666665
19438,19439,-97304242#1,39.59960674157303,672.3936936224088
19440,19441,-97304242#10,2.4574311926605503,0.08211853436145666
19442,19443,-97304242#11,3.9730275229357797,0.34958068328924424
19444,19445,-97304242#12,1.18,0.5349544072948326
19446,19447,-97304242#13,7.998584615384615,0.747065527065527
19448,19449,-97304242#2,10.064705882352941,60.35657633840058
19450,19451,-97304242#3,5.146386554621848,0.3943442545557547
19452,19453,-97304242#4,8.181333333333333,0.7476323119777152
19454,19455,-97304242#6,15.723333333333333,2.191618251948594
19456,19457,-97304242#8,6.222796352583587,0.7298168878345318
19458,19459,-97304242#9,7.9472289156626506,0.43104138608815945
19460,19461,-978455265,10.951501014198781,7.574803595514865
19462,19463,-98323000#0,2.9106666666666667,0.26666666666666666
19464,19465,-98323000#1,42.05090909090909,6.254545454545456
19466,19467,-98323000#2,45.62666666666666,16.5
19468,19469,-98323002#0,0.8453731343283581,0.29715061058344633
19470,19471,-98323002#1,3.5747058823529407,6.327480245829675
19472,19473,-98323002#2,4.156417910447761,0.4957033016734508
19474,19475,-98323002#3,23.599999999999998,3.0
19476,19477,-98323012#0,2.628181818181818,0.6448202959830867
19478,19479,-98323012#1,41.271219512195124,13.92439024390244
19480,19481,-98323012#3,42.96588235294118,26.734402852049904
19482,19483,-98323012#4,27.139999999999997,12.823529411764707
19484,19485,-98323012#5,5.480444444444444,0.6434343434343436
19486,19487,-98323012#6,2.7479452054794518,0.3626331811263318
19488,19489,-98323022,54.93555555555555,19.7948717948718
19490,19491,-98323024#0,8.058536585365854,2.1951219512195133
19492,19493,-98323024#1,2.929655172413793,1.8300492610837442
19494,19495,-98323025#0,23.13229090909091,13.232833443928346
19496,19497,-98323025#1,3.3136326530612243,0.581900301104048
19498,19499,-98323025#2,5.0445,1.890585774058576
19500,19501,-98323025#3,15.297857142857142,16.709552495697075
19514,19515,-98901079#0,19.86333333333333,3.366666666666666
19516,19517,-98901091,3.835,0.9166666666666666
19528,19529,-E0,7.67,1.5000000000000009
19530,19531,-E1,14.075714285714286,1.1483516483516485
19532,19533,-E10,3.776,0.2707317073170731
19534,19535,-E12,4.9091025641025645,3.361248966087675
19536,19537,-E13,4.584791666666666,1.197258771929824
19538,19539,-E14,12.131369863013697,0.9757675956542267
19540,19541,-E15,6.457222222222222,0.5076039726877715
19542,19543,-E2,5.6049999999999995,0.9166666666666669
19544,19545,-E3,10.62,0.0
19548,19549,-E9,8.833142857142857,1.139495798319328
19550,19551,-gneE103,1.5554545454545452,0.2272727272727273
19552,19553,-gneE104,4.3069999999999995,0.2394736842105262
19554,19555,-gneE112,16.261875,1.9598825831702562
19556,19557,-gneE113,2.6841201716738197,4.57077845197573
19558,19559,-gneE131,2.065,0.25
19560,19561,-gneE132,2.742867701404287,0.4663907074788877
19562,19563,-gneE136,21.83,0.5
19564,19565,-gneE38,2.467272727272727,0.09090909090909095
19566,19567,-gneE39,9.761818181818182,71.41818181818181
19568,19569,-gneE4,15.845714285714285,29.735449735449727
19570,19571,-gneE58,16.913333333333334,134.43333333333334
19572,19573,-gneE7,13.66516129032258,759.7182795698924
19574,19575,-gneE9,12.526153846153845,43.92760180995476
19576,19577,100346,5.8999999999999995,0.0
19580,19581,101238042,6.489999999999999,0.5
19582,19583,101731827#0,1.534,0.23333333333333334
19584,19585,101731827#1,2.5745454545454542,1.9636363636363634
19586,19587,101731827#2,8.653333333333332,1.3333333333333335
19590,19591,102461801,29.89333333333333,9.333333333333334
19592,19593,102818928#0,5.355384615384615,0.28571428571428575
19594,19595,102818928#1,22.189585798816566,126.07473936320089
19598,19599,103053774#1,3.54,0.0
19600,19601,103053774#2,3.7366666666666664,0.1666666666666667
19602,19603,103053774#3,10.62,1.0
19612,19613,103053803,12.558571428571428,0.4010989010989012
19614,19615,103396186,2.9499999999999997,0.5
19616,19617,103512657,11.209999999999999,1.666666666666666
19618,19619,103512667#0,9.010909090909092,1.0995670995670994
19620,19621,103512667#2,7.5225,1.4107142857142854
19622,19623,103512670#1,31.86,114.99999999999999
19624,19625,103512671,4.031666666666666,0.46099290780141844
19626,19627,103671248,3.1466666666666665,0.33333333333333337
19628,19629,103671254,7.08,1.0
19630,19631,103671264,4.366,0.23333333333333314
19632,19633,103671267#0,24.976666666666667,5.766666666666666
19634,19635,103671267#1,3.933333333333333,0.2666666666666666
19636,19637,103671267#10,3.933333333333333,1.3333333333333335
19642,19643,103671267#13,4.326666666666666,0.2666666666666666
19644,19645,103671267#14,27.729999999999997,3.8999999999999995
19646,19647,103671267#2,3.2449999999999997,0.25000000000000006
19648,19649,103671267#3,3.877142857142857,0.5714285714285715
19650,19651,103671267#4,3.7366666666666664,0.16666666666666669
19652,19653,103671267#5,3.933333333333333,0.2666666666666666
19654,19655,103671267#6,3.802222222222222,0.9444444444444445
19658,19659,103671267#9,4.72,0.0
19660,19661,103678453,2.36,0.0
19664,19665,103678458#1,2.36,0.0
19666,19667,103686129#1,100.16888888888889,151.36111111111111
19668,19669,103687101,2.0322222222222224,0.5653594771241831
19672,19673,103718186,2.7688188976377948,0.22822147231596052
19674,19675,104010328,2.865714285714285,1.8991596638655461
19676,19677,104010381#0,16.678713450292395,156.81585800438594
19678,19679,104010385#0,14.926151079136691,96.26212369438367
19680,19681,104010393#0,12.592379888268155,213.02620074237947
19682,19683,104010439#0,36.68571428571428,304.50409036413623
19684,19685,104010452#0,41.81944540727903,821.0697694011169
19686,19687,104010475#1,5.437526041666667,48.37303076150676
19688,19689,104012169#0,25.38721708185053,567.8083695795441
19690,19691,104012170,5.796365217391304,209.34156551998038
19692,19693,104012178#0,37.69979591836734,438.3625757470222
19694,19695,1040258009,6.991226184660478,0.9855397188551925
19696,19697,104106813#1,10.113690406121247,133.98598565913142
19698,19699,104236368#1,11.092,1.3
19700,19701,104236369,4.9559999999999995,1.4571428571428573
19702,19703,1042557946,2.443461249059443,0.19077665062054086
19704,19705,1042557947,1.6660977501939487,0.2439875872769586
19706,19707,10425609#0,4.751327433628318,3.418931731984828
19708,19709,10425609#0.33,32.8729203539823,288.4083438685208
19710,19711,10425610#1,9.816595744680852,6.542210020590256
19712,19713,10425611#1,6.21007299270073,0.45985401459854025
19714,19715,10427555#0,3.5254320987654317,0.2780544583738812
19716,19717,10427555#1,4.607098765432098,0.7883584254011861
19718,19719,10427692#1,9.787877358490565,1.0972779785003788
19720,19721,10427692#2,2.310023529411765,0.16801331853496118
19722,19723,10427692#3,3.935188679245283,0.33674561755653704
19724,19725,10427692#4,6.136,0.16037735849056586
19726,19727,10427692#5,8.07824644549763,0.18762031272866453
19728,19729,10427692#6,3.3508612440191383,0.29319128429313934
19730,19731,10427692#7,5.407625899280575,0.4456627006087435
19734,19735,105141980#0,43.66,2.0
19736,19737,105141980#1,3.408888888888889,0.1111111111111111
19738,19739,105143683#0,24.189999999999998,4.5
19742,19743,105540411,8.85,1.1666666666666667
19746,19747,10597454#1,15.13478260869565,150.24110671936756
19748,19749,10597454#2,5.694782608695652,0.24110671936758912
19750,19751,10597455#0,0.6555555555555556,0.5277777777777779
19752,19753,10597455#1,4.779,0.3657894736842106
19754,19755,106083635,5.506666666666667,1.333333333333333
19758,19759,107431496#0,7.250309278350516,0.34175524811708796
19760,19761,107431496#1,16.045434782608694,0.8428367783321454
19764,19765,107671228,22.026666666666667,34.38095238095238
19766,19767,107677354#1,7.3422222222222215,2.1944444444444446
19768,19769,108210906,28.91,37.42857142857143
19776,19777,108239224#0,1.18,0.0
19778,19779,108239224#1,10.03,1.6666666666666667
19780,19781,108239938,15.104,2.1714285714285713
19782,19783,108240279#0,3.1466666666666665,1.75
19784,19785,108240279#1,13.793793103448277,5.507389162561575
19786,19787,108240279#2,49.48729857819905,1478.772376438727
19788,19789,1082935356#0,25.83578947368421,3.321637426900582
19790,19791,1082935356#1,20.06,2.0000000000000004
19792,19793,1082935357#0,41.56222222222222,21.694444444444457
19794,19795,108310250,2.038181818181818,0.21818181818181817
19796,19797,108310251,1.9666666666666666,0.2380952380952381
19798,19799,108310252,6.194999999999999,0.9318181818181818
19800,19801,108310253,1.5733333333333333,0.2380952380952381
19802,19803,108310254,7.08,0.0
19804,19805,108338065#3,15.93,0.5
19806,19807,108688795,3.1466666666666665,0.33333333333333326
19808,19809,10881202,60.507993421052625,144.50360615093692
19810,19811,1092460667,13.766666666666666,1.333333333333334
19812,19813,10941814,10.042688172043011,3.7009613714020957
19814,19815,10941820,5.415776892430279,2.6057208292578182
19816,19817,10941825,11.37246376811594,0.8226768968456951
19818,19819,109483352#0,10.48424778761062,2.183549865059939
19820,19821,109483355,9.44,1.0
19822,19823,11014139#1,11.988356807511737,2.9555319337408106
19824,19825,110212545,36.616875,14.482862903225806
19826,19827,110435734,383.5,1.1999999999999886
19828,19829,110435735,11.799999999999999,71.20000000000002
19830,19831,110750652,39.92333333333333,1.3666666666666665
19832,19833,110778890,7.375,1.9285714285714288
19836,19837,111120104,16.52,0.0
19838,19839,111120105#0,22.419999999999998,0.0
19840,19841,111525329,7.273253796095444,0.5974702118088183
19842,19843,111525330#0,14.596918918918918,5.683335364219043
19844,19845,111525330#1,3.693495934959349,0.34653552683808925
19848,19849,112979065#1,4.13,0.29999999999999993
19852,19853,112979075,12.193333333333333,0.3333333333333335
19854,19855,112979077,9.675999999999998,1.8526315789473677
19858,19859,112979094#0,4.409473684210526,0.5380116959064327
19860,19861,112979094#1,4.72,1.7777777777777777
19862,19863,113796178#0,3.3584615384615386,1.1410256410256412
19864,19865,113796178#1,6.784999999999999,0.9166666666666666
19866,19867,113796181#1,1.5171428571428571,0.2100840336134454
19868,19869,113796181#2,3.202857142857143,0.5714285714285714
19870,19871,113796181#3,3.54,0.4
19872,19873,113796181#4,10.62,0.0
19874,19875,113796181#5,10.992631578947368,4.450292397660818
19876,19877,113796182,4.9559999999999995,0.17777777777777795
19880,19881,113796194#0,17.994999999999997,62.916666666666664
19882,19883,113796195,6.031111111111111,0.11111111111111106
19884,19885,113796197,4.9559999999999995,0.4000000000000003
19888,19889,114198606#1,7.21111111111111,3.111111111111111
19890,19891,114198607,3.1052631578947367,0.23897581792318628
19892,19893,114198608#0,6.3657894736842096,0.29943100995732563
19894,19895,114198608#1,6.645263157894736,0.29302987197724073
19896,19897,114198608#3,3.2605263157894733,0.2396870554765291
19898,19899,114325482,43.896,344.2
19900,19901,115082348,9.047738419618529,0.7143282559818946
19902,19903,115082374#0,4.366,0.4555555555555555
19904,19905,115881035#0,11.996666666666666,6.696969696969697
19924,19925,115881041#1,8.653333333333332,0.3333333333333335
19926,19927,115881041#2,18.093333333333334,4.333333333333333
19928,19929,115881041#3,5.113333333333332,0.33333333333333326
19930,19931,115881041#4,12.193333333333333,1.333333333333333
19932,19933,115881042,33.629999999999995,12.5
19934,19935,115881043#0,16.52,0.0
19936,19937,115881043#10,3.186,0.4555555555555555
19938,19939,115881043#11,17.83111111111111,2.611111111111111
19940,19941,115881043#2,4.13,0.4999999999999998
19942,19943,115881043#4,4.72,0.0
19944,19945,115881043#5,8.26,0.0
19946,19947,115881043#7,4.72,0.0
19948,19949,115881043#8,3.2449999999999997,0.21428571428571422
19950,19951,115881043#9,9.558,0.9888888888888892
19952,19953,115881046,27.139999999999997,10.5
19956,19957,115881048#0,6.436363636363636,0.6727272727272723
19958,19959,115881048#1,11.603333333333333,0.5666666666666668
19968,19969,116297381,53.49333333333333,24.333333333333336
19970,19971,116687469#0,15.534558944765045,114.38368309213458
19972,19973,116765451#1,12.778387573964496,1.9078695815941717
19974,19975,116765451#2,1.3149072011878247,0.13847954454949687
19976,19977,116765457#1,9.201385041551246,103.6983029879245
19980,19981,117560677,12.979999999999999,0.0
19984,19985,118004624#1,40.12,7.0
19986,19987,118004640#1,6.663529411764706,15.867647058823529
19988,19989,118004640#1.25,7.08,1.25
19990,19991,118004640#2,2.145454545454545,0.16363636363636364
19992,19993,118004640#4,2.789090909090909,0.2545454545454545
19994,19995,118004640#5,3.408888888888889,0.36111111111111105
20002,20003,118604348#1,2.9499999999999997,0.2666666666666667
20004,20005,118604350,2.36,0.0
20006,20007,118604351#0,2.065,0.5
20008,20009,118604351#1,8.948333333333332,1.174242424242424
20010,20011,118604351#2,14.16,1.857142857142856
20012,20013,118604351#3,1.5733333333333333,0.23333333333333325
20014,20015,118604351#4,21.496521739130433,3.268774703557314
20016,20017,118604352,5.113333333333332,0.3333333333333335
20020,20021,118604354,2.9499999999999997,0.5
20024,20025,118604356,3.54,0.0
20026,20027,118604357,2.36,0.0
20028,20029,118604358,5.31,0.5
20030,20031,118604359,3.933333333333333,2.2666666666666666
20032,20033,118604360,5.31,0.5
20034,20035,118604361,37.76,7.0
20040,20041,118604367,5.31,0.3333333333333335
20042,20043,118607467,22.419999999999998,0.0
20044,20045,118607469#0,15.045,0.8666666666666667
20046,20047,118607469#1,24.853749999999998,2.0625000000000013
20048,20049,118607469#2,36.50625,4.595833333333333
20050,20051,118607469#3,17.070666666666664,0.8380952380952381
20052,20053,118607469#4,12.979999999999999,0.0
20054,20055,118607471,5.8999999999999995,0.0
20058,20059,118607475#1,62.87714285714285,238.989010989011
20060,20061,118607475#2,30.286666666666665,4.666666666666666
20064,20065,118607480,4.72,0.0
20066,20067,118607482,23.718,2.988888888888888
20070,20071,118607485,2.36,0.0
20072,20073,118607487#0,1.4328571428571426,0.17460317460317465
20074,20075,118607487#1,12.094999999999999,0.7129629629629629
20076,20077,118607487#10,1.77,0.2666666666666667
20078,20079,118607487#11,1.84375,0.2625
20080,20081,118607487#12,1.4012499999999999,0.16250000000000006
20082,20083,118607487#13,1.6962499999999998,0.2625
20084,20085,118607487#14,1.77,0.26666666666666666
20086,20087,118607487#15,1.6224999999999998,0.25000000000000006
20088,20089,118607487#2,1.7044444444444444,0.25641025641025644
20090,20091,118607487#3,1.3985185185185183,0.15669515669515668
20092,20093,118607487#4,1.0488888888888888,0.10256410256410255
20094,20095,118607487#5,1.6607407407407406,0.2507122507122506
20096,20097,118607487#6,1.5576,0.22666666666666666
20098,20099,118607487#7,1.77,0.261904761904762
20100,20101,118607487#8,1.77,0.3684210526315789
20102,20103,118607487#9,1.25375,0.06249999999999999
20104,20105,118607492,31.466666666666665,9.33333333333333
20106,20107,118607497#0,2.9499999999999997,0.2857142857142857
20108,20109,118607497#1,8.784444444444444,0.2777777777777778
20110,20111,118607504#4,99.71,24.5
20124,20125,118619445#1,7.08,0.0
20128,20129,118619465#0,2.0228571428571427,0.5714285714285714
20130,20131,118619465#1,7.896923076923077,2.3974358974358974
20132,20133,118619467,11.013333333333334,2.333333333333334
20138,20139,11940927#0,5.961969365426696,4.080569311681832
20140,20141,11940927#1,3.798702460850112,0.4989115277735984
20142,20143,11940927#2,7.829709172259507,0.46538457679999196
20144,20145,11940927#3,1.739642058165548,0.5055025531445315
20146,20147,11940927#4,6.305435897435896,0.8996374662184423
20150,20151,119621360#0,1.2324444444444445,0.04343434343434343
20152,20153,119621360#1,240.602,2656.2974358974366
20154,20155,11962949#0,1.3852622377622377,0.14906714020887243
20156,20157,11962949#1,1.84013986013986,0.257181139070903
20166,20167,120033060#0,26.255,10.931818181818183
20168,20169,120033060#1,41.3,0.0
20170,20171,120033065,13.911578947368419,3.026315789473684
20172,20173,120033067,18.54285714285714,1.238095238095238
20174,20175,120033068#0,25.004761904761903,25.061904761904763
20176,20177,120033068#1,7.122142857142856,28.183862433862437
20178,20179,120033074#0,38.74333333333333,20.56666666666667
20182,20183,120033074#2,13.897777777777778,1.6944444444444446
20186,20187,120033091#0,29.106666666666666,20.33333333333333
20188,20189,120033091#1,69.61999999999999,0.0
20190,20191,120033097,3.304,0.7
20192,20193,120033098#0,1.18,0.0
20194,20195,120033098#3,6.898461538461538,2.9743589743589745
20196,20197,120033098#4,34.02333333333333,9.242424242424244
20198,20199,120033098#5,14.704615384615384,14.769230769230766
20200,20201,120033098#6,3.3411235955056178,0.9205865549419159
20202,20203,120033098#7,1.1182558139534884,0.1083571331429349
20204,20205,120033099,33.777499999999996,19.28804347826087
20206,20207,120033100#0,37.74525,12.645411392405071
20208,20209,120033100#1,1.5261333333333331,2.1560360360360358
20210,20211,120033103,25.369999999999997,5.666666666666668
20212,20213,120033104#0,7.3878260869565215,0.8762541806020067
20214,20215,120033104#1,4.087857142857143,0.33201058201058187
20216,20217,120033104#2,30.95230769230769,7.692307692307693
20218,20219,120125554,10.03,0.5
20220,20221,120365432,11.799999999999999,9.11111111111111
20224,20225,120365443#1,7.866666666666666,0.2666666666666667
20226,20227,120416766#0,9.608571428571427,0.8095238095238096
20228,20229,120416766#1,18.391724137931032,2.211736237144586
20230,20231,120416786,23.63277777777778,4.083724569640063
20232,20233,120416814#0,20.715555555555557,34.77777777777777
20236,20237,121110648#1,13.409090909090908,1.054545454545455
20238,20239,121460647,3.218181818181818,0.41818181818181815
20240,20241,121460649#0,2.612857142857143,0.18131868131868137
20242,20243,121460649#1,21.436666666666667,4.5666666666666655
20244,20245,121549474,9.44,0.0
20246,20247,123882078#0,8.597142857142856,0.9047619047619047
20248,20249,123882078#1,1.888,0.3
20250,20251,124194339#0,9.44,4.000000000000001
20252,20253,124194339#1,4.72,1.3333333333333333
20254,20255,124812856#0,2.4639031925849637,2.300846389711744
20256,20257,124812856#0.30,12.513714580113342,82.6886157098318
20258,20259,124812857#0,9.57316309719934,4.110090303969493
20260,20261,124812857#0.120,12.566562242374278,38.55948212298555
20262,20263,125002584,9.024756293519014,0.8830657823505335
20264,20265,125002601,1.9192259225922592,0.23951553192239583
20266,20267,125002604#0,1.9888709677419354,0.21646859083191858
20268,20269,125002604#1,5.019758064516129,0.32791889774062916
20274,20275,125002614#0,1.7445933014354067,1.1641976444608026
20276,20277,125002614#1,5.7306220095693785,22.6716047110784
20278,20279,125002615,4.196612903225806,20.474533106960948
20282,20283,125014858#1,12.979999999999999,1.5
20286,20287,125014858#3,6.136,0.19999999999999996
20308,20309,125858363#2,36.58,0.0
20310,20311,126446061,7.433999999999999,1.250387596899225
20312,20313,126446062#0,7.736423841059603,0.7473773662310265
20314,20315,126446062#1,2.3834437086092715,0.21420617710836323
20316,20317,126446062#2,1.4391471215351812,0.19311865580522308
20318,20319,126446063,15.480955631399317,74.40006545420536
20320,20321,126446076,41.113684210526316,146.69590643274853
20322,20323,126446078,74.73333333333333,45.63333333333333
20324,20325,126446083,165.96940438871474,332.007472250153
20326,20327,126446095,26.549999999999997,17.43103448275862
20328,20329,126446099,22.29578947368421,39.543859649122815
20330,20331,126446100,27.0778947368421,7.052631578947368
20332,20333,126446102,19.066315789473684,6.918128654970759
20334,20335,126446106,47.081999999999994,27.05862068965517
20338,20339,126446111#0,8.26,0.7500000000000002
20340,20341,126446115,21.875384615384615,18.018461538461537
20342,20343,126446127#0,28.408721804511277,20.53975848712691
20344,20345,126446127#1,27.506985645933014,5.840311004784687
20346,20347,126446127#2,7.057902621722846,0.9056630339894681
20348,20349,126446130#0,47.199999999999996,0.0
20350,20351,126446130#1,12.6024,2.3100000000000005
20352,20353,126446130#2,125.38592592592592,164.34661076170516
20354,20355,126446134,55.7255,48.76407563025207
20356,20357,126446135,127.74342857142857,154.6672268907563
20358,20359,126909938,8.673984298331698,0.8130356317835453
20360,20361,126909946#0,2.9499999999999997,0.8181818181818182
20362,20363,126909946#1,38.54666666666666,33.33333333333334
20364,20365,126909949,7.08,0.0
20366,20367,126909971#1,9.833333333333334,4.333333333333333
20370,20371,126954029#1,7.08,0.0
20376,20377,126988001#1,76.7,3.0
20382,20383,126988004,173.45999999999998,2259.272727272727
20386,20387,127047209,30.09,227.00000000000003
20392,20393,127076894#2,3.677597173144876,0.5714607924216221
20394,20395,127076895,6.372,4.3
20396,20397,127076896,50.93666666666666,16.16666666666667
20400,20401,127076901#1,5.6049999999999995,0.24999999999999992
20402,20403,127076902#0,215.36787878787877,890.445075757576
20404,20405,127076902#1,132.9817857142857,220.61525974025975
20408,20409,127076905#0,60.87073170731707,47.34878048780487
20410,20411,127076905#1,21.31044776119403,7.663048394391677
20412,20413,127076905#2,1.4444827586206894,0.17695099818511797
20414,20415,127076907,172.575,506.25000000000006
20416,20417,127076908#1,27.139999999999997,4.0
20418,20419,127076909,38.25684210526315,62.06954887218047
20420,20421,128070665#0,22.890247524752475,132.62470464635228
20422,20423,128070666#0,30.25673913043478,331.4469234104615
20424,20425,128070667#0,9.636504534212696,2.820429940768186
20426,20427,128070690,2.4539130434782606,37.18097682072421
20428,20429,128070691#1,11.738042959427206,27.14556188692604
20430,20431,128070691#2,3.9079681978798586,0.8849879558725681
20432,20433,128070698#0,2.351060606060606,0.4410070284595002
20434,20435,128070718,90.86705179282868,363.2115410613032
20436,20437,128361089,4.425,1.2954545454545452
20438,20439,128361091,7.100232700551133,0.6982352340813854
20440,20441,128361093#1,4.4906583072100315,0.4086473058496479
20442,20443,128361094#0,2.068641975308642,0.21327160493827169
20444,20445,128361096,5.332150170648464,5.912802133300164
20446,20447,128361098,3.735850622406639,0.47379915173388765
20448,20449,128361099,4.294159779614325,4.67327214891253
20450,20451,128361102#0,19.086066176470588,3.4740514299642498
20452,20453,128361102#1,6.923247232472324,0.555333501579009
20454,20455,128361106,5.699777468706536,18.177296694186047
20456,20457,128361107#0,2.8211682892906813,0.8930075429740294
20458,20459,128361107#1,3.808777777777778,0.8298253747488803
20460,20461,128361107#2,2.6357162726008343,0.7085591641129545
20462,20463,128361109#0,4.085862595419847,0.3193174125172165
20464,20465,128361109#1,13.26414110429448,1.6362439097942758
20466,20467,128361109#2,39.21479452054794,160.45025893752057
20468,20469,128361114#0,3.754545454545454,0.27840909090909094
20470,20471,128361114#1,4.166875,0.2570564516129032
20472,20473,128361114#2,4.045714285714285,0.253968253968254
20474,20475,128361114#3,4.451818181818182,0.2792207792207792
20476,20477,128361114#4,4.084615384615384,0.2692307692307692
20478,20479,128361114#5,4.425,0.2045454545454546
20480,20481,128361114#6,4.13,0.5714285714285714
20482,20483,128361114#7,4.248,0.3
20484,20485,128361114#8,15.34,0.4
20486,20487,128361115#0,3.54,0.0
20488,20489,128361115#1,3.54,2.0
20490,20491,128361115#2,3.068,0.8
20494,20495,128361115#4,3.2777777777777777,0.19444444444444448
20496,20497,128361115#5,2.9499999999999997,0.5
20498,20499,128361115#6,3.2449999999999997,0.25
20500,20501,128361115#7,1.18,0.0
20502,20503,128361115#8,5.506666666666667,0.33333333333333326
20506,20507,128361117#1,3.54,0.0
20508,20509,128361117#10,3.54,0.0
20510,20511,128361117#3,3.54,0.0
20512,20513,128361117#4,4.72,0.0
20514,20515,128361117#5,4.72,0.0
20516,20517,128361117#6,2.36,2.0
20518,20519,128361117#7,4.72,0.0
20520,20521,128361117#8,4.13,0.5
20524,20525,128361121#0,10.226666666666665,2.3333333333333326
20526,20527,128361121#1,20.06,0.0
20528,20529,128361121#2,8.26,0.0
20532,20533,128361123#1,9.102857142857143,1.238095238095238
20534,20535,128361123#10,3.54,0.0
20536,20537,128361123#11,12.717777777777778,0.9444444444444448
20538,20539,128361123#2,11.799999999999999,1.0
20544,20545,128361123#5,2.36,0.0
20548,20549,128361123#7,3.835,0.25000000000000006
20550,20551,128361123#8,3.54,0.0
20552,20553,128361123#9,3.54,0.5
20556,20557,128361127,11.475499999999998,1.0762820512820501
20558,20559,128361128,3.54,0.0
20560,20561,128361132,2.065,2.25
20562,20563,128361133,3.54,0.0
20566,20567,128361136,2.36,0.0
20568,20569,128361137#0,10.62,0.0
20570,20571,128361139#0,10.325,2.25
20572,20573,128361139#1,10.62,0.0
20578,20579,128361142#0,10.62,2.0
20580,20581,128361142#1,9.44,4.666666666666667
20586,20587,128361145#0,9.636666666666665,0.6969696969696967
20588,20589,128361145#1,11.406666666666665,0.3333333333333335
20596,20597,128361148#1,10.03,0.5
20598,20599,128361149#0,9.203999999999999,0.7
20600,20601,128361149#1,9.735,0.9166666666666665
20602,20603,128361150#0,9.735,1.5833333333333333
20608,20609,128361152#1,10.62,1.9999999999999998
20610,20611,128361153#0,9.44,0.0
20620,20621,128361157#1,9.44,1.0
20624,20625,128361158#1,1.18,0.0
20626,20627,128361160#0,4.72,0.0
20628,20629,128361160#1,1.18,0.0
20630,20631,128361161#0,10.357777777777779,0.9444444444444443
20634,20635,128361162#1,10.7675,0.6964285714285715
20636,20637,128361163#0,9.44,0.0
20638,20639,128361163#1,10.03,0.5
20640,20641,128361165#0,7.08,0.0
20646,20647,128361170#1,1.4422222222222223,0.19444444444444442
20648,20649,128361171#1,33.629999999999995,84.5
20650,20651,128361171#2,18.88,32.0
20652,20653,128361171#3,66.08,0.0
20654,20655,128668758#0,14.934719626168222,2.6241491387423657
20656,20657,128668758#1,11.539250936329587,1.014896792543155
20658,20659,128668758#3,13.891818181818183,1.3321811268579316
20660,20661,128668759#1,8.26,0.0
20662,20663,128668759#2,4.13,12.5
20664,20665,128906555,5.667765957446808,0.5178060458395898
20666,20667,129130803#0,12.979999999999999,1.0
20668,20669,129130803#1,6.136,0.7
20670,20671,129130803#2,7.3422222222222215,0.4444444444444444
20672,20673,129130803#3,1.7044444444444444,0.2777777777777778
20674,20675,129130803#4,8.732,0.7111111111111111
20676,20677,129130803#5,2.1914285714285713,0.1318681318681319
20678,20679,129130803#6,8.03875,1.7625000000000002
20680,20681,129130803#7,2.36,0.0
20682,20683,129130805#0,34.48222222222222,8.444444444444445
20684,20685,129130805#1,17.7,12.000000000000004
20686,20687,129130810#0,21.514418604651162,3.9611191860465125
20688,20689,129130810#1,3.80734375,0.28684793307086603
20690,20691,129130810#2,29.758125,6.313976377952754
20692,20693,129130810#3,5.846363636363636,0.7517482517482519
20694,20695,129130810#4,2.36,0.0
20696,20697,129130810#5,5.8999999999999995,0.0
20700,20701,129130810#60,8.26,8.0
20702,20703,129130810#7,3.638333333333333,2.446969696969697
20704,20705,129130810#8,9.688421052631579,1.7309941520467835
20708,20709,129323704#1,4.72,0.0
20710,20711,129323704#2,5.427999999999999,0.4888888888888888
20712,20713,129323704#3,40.62571428571429,22.61904761904762
20714,20715,129323704#4,3.54,0.0
20716,20717,129323706#0,2.36,0.0
20718,20719,129323706#1,2.36,0.0
20724,20725,129323706#4,2.556666666666666,0.16666666666666669
20726,20727,129323706#5,3.5871999999999997,0.29000000000000004
20728,20729,129323706#6,3.6711111111111108,0.3611111111111111
20734,20735,129323707#2,4.13,0.5
20736,20737,129323707#3,4.72,0.6666666666666665
20738,20739,129323707#4,4.326666666666666,0.33333333333333337
20742,20743,129323710,19.076666666666668,4.38235294117647
20748,20749,129323715,14.16,0.0
20750,20751,129323718,17.8475,2.410714285714286
20752,20753,129323719,7.08,0.0
20754,20755,129323720,10.226666666666665,2.333333333333334
20756,20757,129323721,12.665333333333331,1.0666666666666667
20758,20759,129323722,13.766666666666666,2.6666666666666665
20760,20761,129323723,20.256666666666668,48.966666666666676
20762,20763,129323724,18.88,0.0
20766,20767,129323727,15.34,0.0
20770,20771,129323739#0,19.89142857142857,3.809523809523809
20772,20773,129323739#1,3.7990243902439023,0.19813309244203556
20774,20775,129323739#2,13.317142857142857,1.9159663865546226
20780,20781,129323741#2,1.9666666666666666,0.33333333333333337
20782,20783,129323741#3,4.263225806451612,0.4451612903225807
20784,20785,129323741#4,12.616923076923076,1.0641025641025645
20786,20787,129323742#0,30.68,8.0
20790,20791,129323742#2,19.47,36.0
20794,20795,129323743#1,2.865714285714285,0.2637362637362635
20796,20797,129323743#2,3.304,0.39999999999999997
20798,20799,129323743#3,3.1466666666666665,0.75
20800,20801,129323743#4,3.933333333333333,0.24999999999999994
20802,20803,129323743#5,2.7533333333333334,0.33333333333333337
20804,20805,129323744#1,3.956470588235294,1.2426470588235297
20806,20807,129323744#2,16.755999999999997,3.457142857142857
20808,20809,129323745#0,2.36,0.0
20814,20815,129323745#3,2.4988235294117644,0.2352941176470588
20816,20817,129323745#4,3.658,0.3222222222222223
20818,20819,129323745#5,13.11111111111111,1.6111111111111114
20822,20823,129323746#1,2.36,0.0
20824,20825,129323746#2,2.7533333333333334,0.33333333333333326
20826,20827,129323746#3,3.697333333333333,0.26666666666666666
20828,20829,129323746#4,3.8546666666666662,0.35238095238095246
20830,20831,129323746#5,3.697333333333333,0.2666666666666668
20832,20833,129379920#1,5.526905890318212,0.7461675226095531
20834,20835,129379922,4.778128078817734,0.9877090195392582
20836,20837,129379925,7.008158295281582,5.038970560938488
20838,20839,129379925.20,3.908408037094281,0.314138605901972
20840,20841,129379930#0,3.7928571428571427,3.191161356628982
20842,20843,129379930#10,21.535,61.47727272727272
20844,20845,129379930#11,1.906153846153846,1.2564102564102564
20846,20847,129379930#2,3.7472972972972975,0.42077008515364683
20848,20849,129379930#4,4.6255999999999995,0.5766666666666665
20850,20851,129379930#5,26.845,6.2142857142857135
20852,20853,129379930#6,1.9969230769230768,0.23076923076923073
20854,20855,129379930#8,2.275714285714286,0.9945054945054946
20856,20857,129379930#9,1.6658823529411766,0.25735294117647056
20858,20859,129379931,18.51125,2.895833333333335
20860,20861,129379932,20.397142857142853,5.912087912087912
20862,20863,129379933,19.424615384615382,3.6025641025641035
20866,20867,129379938,20.096875,2.7409274193548407
20868,20869,129379939,19.845454545454544,3.3636363636363655
20870,20871,129379940,18.88,5.714285714285717
20872,20873,129379941,19.175,3.92857142857143
20874,20875,129379942,20.296,4.742857142857145
20876,20877,129379943,19.351999999999997,3.155555555555557
20878,20879,129379944,18.732499999999998,3.267857142857143
20880,20881,129379945,18.97076923076923,4.0769230769230775
20884,20885,129379947,17.601666666666667,47.17424242424243
20886,20887,129379950#0,4.72,0.0
20888,20889,129379950#1,2.252727272727273,0.09090909090909091
20890,20891,129379951#0,4.641333333333333,0.20952380952380953
20892,20893,129379951#1,6.385882352941176,1.0073529411764706
20894,20895,129379952#1,4.822279293739967,7.687008717284376
20896,20897,129379952#10,3.5568571428571425,0.33072970195272355
20898,20899,129379952#11,4.467142857142857,0.4141829393627956
20900,20901,129379952#12,4.002923076923077,0.3952892069171137
20902,20903,129379952#13,4.888571428571429,0.41184041184041204
20904,20905,129379952#14,5.425686274509803,0.48039215686274506
20906,20907,129379952#15,4.061923076923077,0.6762509335324869
20908,20909,129379952#16,4.298571428571428,0.34886128364389235
20910,20911,129379952#17,3.907540983606557,0.6846994535519128
20912,20913,129379952#18,4.038222222222222,0.47676767676767684
20914,20915,129379952#19,3.8886363636363632,1.4223044397463005
20916,20917,129379952#2,3.739601990049751,0.26369812069221993
20918,20919,129379952#20,19.588,4.299999999999998
20920,20921,129379952#21,3.1538181818181816,0.44646464646464634
20922,20923,129379952#22,3.607428571428571,0.40248447204968946
20924,20925,129379952#23,3.658,0.8470588235294115
20926,20927,129379952#24,4.164705882352941,0.4139433551198258
20928,20929,129379952#25,3.670147058823529,0.3507080610021787
20930,20931,129379952#26,4.092340425531915,0.5221884498480244
20932,20933,129379952#27,4.078695652173913,0.35211044112980006
20934,20935,129379952#28,3.6340579710144922,0.24907436792552634
20936,20937,129379952#29,3.991914893617021,0.42370820668693004
20938,20939,129379952#3,3.749686411149826,0.45702367270493965
20940,20941,129379952#30,3.1794444444444445,0.3255633255633257
20942,20943,129379952#4,3.803180987202925,0.23954168926746616
20944,20945,129379952#5,3.6084719535783365,0.2098046271722672
20946,20947,129379952#6,3.54,0.28629032258064496
20948,20949,129379952#7,3.8964583333333334,0.4283881350034793
20950,20951,129379952#8,3.425319693094629,0.6828382188995998
20952,20953,129379952#9,6.773333333333333,0.5116204417051875
20954,20955,129379953#0,2.065,0.9166666666666666
20956,20957,129379953#1,8.610810810810811,0.825825825825826
20958,20959,129379956,4.897,0.45
20960,20961,129379958#0,5.536923076923077,4.397435897435897
20962,20963,129379958#1,4.001739130434783,0.6126482213438734
20964,20965,129379958#2,2.559036144578313,2.239494563620335
20966,20967,129379958#3,1.6326027397260272,0.9341704718417047
20968,20969,129379962#0,3.54,0.0
20970,20971,129379962#1,7.945333333333333,1.923809523809524
20972,20973,129379962#2,12.898620689655171,2.7807881773399026
20974,20975,129379962#3,3.1466666666666665,3.4666666666666663
20976,20977,129379962#4,5.31,0.5
20980,20981,129379967,25.267733333333332,1096.0139440203561
20982,20983,129379968#1,11.915828220858895,4.731045974399757
20984,20985,129778904#0,1.18,0.0
20986,20987,129778904#1,1.18,0.0
20994,20995,129994349,25.251999999999995,5.542857142857143
20996,20997,129994350,18.88,102.66666666666667
20998,20999,130185484#0,48.675,27.840909090909086
21000,21001,130185484#1,5.8999999999999995,8.666666666666666
21004,21005,130185486#0,10.03,0.3
21006,21007,130185486#1,13.064285714285713,1.3021978021978025
21008,21009,130185486#2,14.474666666666668,2.2095238095238092
21010,21011,130185488#1,7.57691415313225,2.5483574109854485
21012,21013,130185488#1.32,5.6238882421420255,0.36592937524252994
21014,21015,130185488#2,3.8735981308411214,0.294250423566705
21016,21017,130185488#3,7.338081871345029,0.6300943615870265
21018,21019,130185488#4,5.773132947976878,0.7372698565617634
21020,21021,130185490#1,6.56375,1.5958333333333328
21022,21023,130185490#2,80.63333333333333,8.33333333333334
21026,21027,130185490#4,20.06,288.0
21028,21029,130185494,20.734285714285715,3.6190476190476164
21032,21033,130996520,30.06653409090909,320.9112843175342
21034,21035,130996521#1,48.42068965517241,21.32019704433498
21036,21037,130996521#2,86.93521739130435,208.8468599033818
21038,21039,130996521#3,74.33999999999999,0.0
21040,21041,130996528,46.019999999999996,50.0
21042,21043,130996529,24.779999999999998,7.0
21044,21045,131118448#0,1.854285714285714,0.2857142857142857
21046,21047,131118448#1,5.792727272727273,0.7532467532467543
21048,21049,131118449,3.54,0.2000000000000001
21050,21051,131118453,31.538181818181815,14.418181818181818
21052,21053,131118454,3.609411764705882,0.5588235294117648
21054,21055,131118455,1.6388888888888888,0.369281045751634
21056,21057,131118459#0,12.229090909090909,8.054545454545453
21058,21059,131118459#1,5.8999999999999995,18.0
21060,21061,131118460#0,10.226666666666665,1.333333333333334
21062,21063,131118460#1,8.26,0.0
21064,21065,131118462#0,3.54,0.0
21066,21067,131118462#1,4.13,0.2857142857142857
21070,21071,131118463#0,14.16,20.282608695652172
21072,21073,131118464#0,1.18,0.0
21074,21075,131118464#1,1.4749999999999999,0.25
21076,21077,131118464#2,1.416,0.17777777777777778
21078,21079,131118466.32,3.518148148148148,0.24493361285814114
21080,21081,131118467,8.024,1.7000000000000002
21082,21083,131118468#0,2.597433561123766,0.20036326458078
21084,21085,131118468#0.32,7.787436305732483,16.552637221813402
21086,21087,131634116#0,3.449230769230769,0.7435897435897436
21088,21089,131634116#1,4.045714285714285,0.28571428571428564
21090,21091,131634116#2,20.06,1.1999999999999997
21092,21093,131634117#1,6.194999999999999,0.7870370370370373
21094,21095,131634117#2,2.4072,0.12333333333333335
21096,21097,131634117#3,5.703333333333332,0.5666666666666667
21098,21099,131634117#5,8.26,0.0
21100,21101,131634130#0,3.708571428571428,0.14285714285714288
21102,21103,131634130#1,6.293333333333333,0.3333333333333335
21104,21105,131634131,7.08,0.0
21106,21107,131634134#1,3.8459259259259255,0.30887491264849753
21108,21109,131634136,6.843999999999999,0.2
21110,21111,131634138#1,8.653333333333332,0.2666666666666665
21112,21113,131634138#2,2.36,2.0
21114,21115,131634140#0,4.72,0.26666666666666655
21116,21117,131634140#1,6.6866666666666665,0.4999999999999999
21118,21119,131634140#2,5.73142857142857,0.4761904761904761
21122,21123,131634144#1,5.4575,0.26785714285714296
21124,21125,131634144#2,5.506666666666667,0.2666666666666668
21126,21127,131634145#0,3.6875,3.5535714285714284
21128,21129,131634145#1,4.72,0.0
21130,21131,131634145#2,3.1466666666666665,1.3333333333333335
21132,21133,131634145#3,2.7533333333333334,1.3333333333333333
21134,21135,131634145#4,5.8999999999999995,0.0
21144,21145,131700652#0,6.637499999999999,3.1249999999999996
21146,21147,131700652#1,12.389999999999999,0.29999999999999993
21148,21149,131700653#0,7.501428571428571,3.719576719576721
21150,21151,131700654#0,3.9825,0.2678571428571429
21152,21153,131700654#1,24.779999999999998,4.66666666666667
21154,21155,131700656,16.52,0.0
21156,21157,131722023,19.666666666666668,2.333333333333332
21158,21159,131722024,16.284,4.7
21160,21161,133765794#1,5.23295867768595,15.193164030430731
21162,21163,135583699,13.766666666666666,0.6666666666666672
21164,21165,136435839,8.26,0.0
21166,21167,136435842,27.19827160493827,6.1225308641975325
21168,21169,136436468#0,1.18,0.0
21170,21171,136436468#1,6.6866666666666665,0.6666666666666667
21172,21173,136436468#2,7.1743999999999994,85.41000000000001
21174,21175,136436469,9.976363636363637,2.0692640692640687
21176,21177,136436470,11.013333333333334,0.969696969696969
21178,21179,136436471,21.358,5.433333333333336
21180,21181,136436473,7.08,0.0
21182,21183,136436475#0,7.866666666666666,0.33333333333333326
21184,21185,136436476#1,2.1013698630136983,0.31240487062404876
21186,21187,136436476#10,5.572222222222222,2.6830065359477127
21190,21191,136436476#2,2.9008333333333334,0.25905797101449274
21192,21193,136436476#3,9.243333333333332,18.166666666666664
21194,21195,136436476#4,3.54,8.0
21198,21199,136436476#6,7.276666666666666,0.16666666666666666
21200,21201,136436476#7,5.113333333333332,0.3333333333333335
21202,21203,136436476#9,5.546,0.23333333333333328
21212,21213,136516892#0,57.455802469135804,81.51604938271602
21214,21215,136516892#1,6.662682926829268,0.5030111412225231
21216,21217,136516892#2,3.8478260869565215,0.2859903381642512
21218,21219,136516892#3,6.769473684210525,0.42690058479532184
21220,21221,136516892#4,13.452,6.989473684210527
21222,21223,136516892#5,40.56810126582278,74.49496916585521
21226,21227,136517436#1,4.72,0.0
21228,21229,136517436#2,12.979999999999999,0.0
21230,21231,136517436#3,2.36,0.3333333333333333
21234,21235,136517439,5.664,0.6122448979591839
21236,21237,136517440,24.416923076923077,4.397435897435899
21238,21239,136517442#0,2.9499999999999997,0.5
21242,21243,136618613#0,45.20141987829614,1046.2736050905569
21246,21247,136618617#0,7.428636363636364,0.7593684941013185
21248,21249,136618617#1,2.7183703703703705,0.3025981205085684
21250,21251,136618617#2,15.985066666666667,3.926846846846846
21252,21253,136618617#3,10.638730158730159,1.1126472094214022
21254,21255,136618617#4,5.9659217877094965,0.4575356223714768
21256,21257,136618618,47.199999999999996,3.0
21258,21259,136728344#0,24.479022646007152,4.746319774933791
21260,21261,136728344#3,16.53536094674556,1.1692616169830907
21262,21263,136728344#4,6.934964200477327,0.6383991582621181
21264,21265,136728344#4.72,26.48901442307692,128.80839668379178
21266,21267,136728347#0,6.292287234042552,0.5471215684052461
21268,21269,136728347#1,5.67816,0.5213511348464622
21270,21271,136728347#2,5.077001338688086,0.4391758275281639
21272,21273,136728347#3,0.8241018766756032,0.21360814725515917
21274,21275,136728347#4,2.364738955823293,0.19435382279789382
21288,21289,136728351#0,19.448148148148146,4.336182336182336
21290,21291,136728351#1,34.941111111111105,19.545751633986928
21292,21293,136728351#2,398.604,44737.64210526316
21300,21301,136728366#0,384.99701492537315,71739.74491180462
21302,21303,136728366#1,7.932222222222222,5.624183006535949
21316,21317,136728372#3,1.18,0.0
21330,21331,136888519#0,15.43775147928994,0.9061674111841341
21332,21333,136888519#1,3.3445548654244304,0.17997817925654844
21334,21335,136900855,1.4422222222222223,0.19444444444444445
21336,21337,137031654#0,3.4662499999999996,2.1958333333333337
21338,21339,137031654#1,2.4583333333333335,2.0833333333333335
21340,21341,137132992#0,2.517333333333333,0.12380952380952383
21342,21343,137132992#1,3.708571428571428,0.2285714285714285
21344,21345,137132992#2,3.582142857142857,0.4801587301587302
21346,21347,137132992#3,1.8631578947368421,0.2573099415204678
21348,21349,137132993#0,0.8653333333333332,0.20952380952380958
21350,21351,137132993#1,1.1013333333333333,0.06666666666666667
21352,21353,137132994#0,1.2421052631578946,0.05263157894736841
21354,21355,137132994#1,2.270943396226415,0.37880986937590716
21356,21357,137132994#2,1.2437837837837835,0.05255255255255255
21358,21359,137132996,1.84375,0.26249999999999996
21360,21361,137132997,0.995625,0.13608870967741934
21362,21363,137132998,1.18,0.0
21364,21365,137133006#0,6.950713043478261,3.122120890774125
21366,21367,137133006#0.121,49.88336538461538,660.4982159406859
21372,21373,137133010#2,5.506666666666667,0.33333333333333326
21374,21375,137246371#1,7.0000796812749,111.81576289651777
21376,21377,137246371#2,14.84775828460039,692.5561114156918
21378,21379,137246375,0.9619565217391304,0.17427138079311993
21384,21385,137247859#0,23.599999999999998,6.0
21386,21387,137247859#1,9.44,1.0
21396,21397,137435070,34.515,2.9166666666666656
21398,21399,137435076,7.5225,2.2678571428571432
21400,21401,137435081,1.9969230769230768,1.3974358974358976
21402,21403,137435083,7.866666666666666,6.333333333333333
21404,21405,137435084#0,9.44,0.6666666666666666
21406,21407,137435084#1,3.54,0.0
21408,21409,137435089,14.553333333333333,1.333333333333334
21410,21411,137435091,21.63333333333333,54.5
21412,21413,137435095,22.81333333333333,2.266666666666668
21414,21415,137435100#0,1.3111111111111111,0.1111111111111111
21416,21417,137435100#1,3.212222222222222,1.3888888888888888
21418,21419,137435100#2,8.26,0.0
21420,21421,137435102#0,2.1517647058823526,0.40441176470588225
21422,21423,137435102#1,4.214285714285714,0.28571428571428564
21424,21425,137435102#2,12.684999999999999,5.583333333333333
21426,21427,137435107#0,4.641333333333333,1.638095238095238
21430,21431,137435107#3,14.16,0.0
21432,21433,137435107#4,2.36,0.0
21434,21435,137454133#1,5.2864,0.5933333333333333
21436,21437,137454133#3,6.865454545454545,0.7272727272727273
21438,21439,137454133#4,4.326666666666666,0.24999999999999997
21440,21441,137454133#5,8.784444444444444,0.7777777777777779
21442,21443,137463474#0,15.62095238095238,4.690476190476192
21444,21445,137463474#1,10.226666666666665,14.666666666666666
21446,21447,137463475#0,1.2647513812154694,0.08888685113439244
21448,21449,137463475#1,5.764723756906077,0.3865626647715545
21450,21451,137463475#2,14.21222683264177,60.4440217162256
21452,21453,137463477#0,31.184803088803086,2489.640648553168
21454,21455,137463477#1,76.82377622377622,5423.898008678725
21456,21457,137463478#1,5.978219696969696,10.463848197615985
21458,21459,137463478#1.104,2.106344696969697,18.184079240269973
21460,21461,137463478#1.19,14.933257575757576,198.14836995547893
21462,21463,137463478#2,21.50569536423841,2566.8640251856327
21464,21465,137463478#3,45.939008579599616,8687.113605105553
21466,21467,137500982#2,2.36,0.0
21472,21473,137672872,8.977163759144625,1.1574396568769105
21474,21475,137672874#1,4.461251409244645,0.4848847582839415
21478,21479,137685135,2.7676363636363632,0.22819015846538787
21482,21483,137685160#1,1.6388888888888888,0.2516339869281045
21484,21485,137685160#2,7.552,3.2571428571428567
21486,21487,137685160#3,2.1784615384615384,3.641025641025641
21496,21497,137685161#4,228.4142857142857,121.95238095238102
21498,21499,137685161#5,6.194999999999999,0.25
21502,21503,137685161#7,67.25999999999999,111.0
21504,21505,138002148,8.045454545454545,0.634983238020115
21506,21507,138002149#1,3.3065934065934064,0.9167352471317219
21508,21509,138002149#2,14.044622222222221,1.6563424894828007
21510,21511,138002149#3,9.032865497076022,16.980331688596486
21512,21513,138265831,13.766666666666666,0.33333333333333304
21514,21515,138300617#0,4.827272727272727,0.6909090909090908
21516,21517,138300617#1,2.36,0.0
21518,21519,138300617#2,1.3945454545454545,0.16363636363636364
21520,21521,138300617#3,12.336363636363636,1.0727272727272719
21522,21523,138300617#4,10.974,0.9000000000000001
21524,21525,138300617#5,12.272,0.2666666666666667
21526,21527,138300620#1,3.776,0.17777777777777778
21528,21529,138300620#2,7.723636363636364,0.6727272727272728
21530,21531,138300620#6,12.8325,0.9821428571428571
21532,21533,138300621#0,29.971999999999998,0.8000000000000005
21536,21537,138300624#0,10.226666666666665,1.333333333333333
21540,21541,138300626#0,3.4875555555555557,0.3161616161616161
21542,21543,138300626#1,13.28,1.1239041496201052
21544,21545,138300627,7.08,5.857142857142855
21546,21547,138300628,2.467272727272727,0.0909090909090909
21548,21549,138300629,5.3268571428571425,4.139495798319327
21550,21551,138396236,1.8518629076838031,0.25638462065288115
21552,21553,138396239#0,0.21146017699115044,0.1471710310444635
21554,21555,138396239#1,2.3772402597402595,0.31218490497050283
21556,21557,138396689#2,33.629999999999995,5.909090909090904
21560,21561,139230366,4.479034653465346,0.579065295005337
21564,21565,139429268,3.0956927426955705,0.26221182102052976
21566,21567,139429273,52.034193548387094,154.35698924731184
21568,21569,139429275#0,15.227619047619047,2.4904761904761896
21570,21571,139429275#1,5.506666666666667,0.3333333333333335
21574,21575,140579883,21.24,4.0
21576,21577,140684000#1,29.734825870646766,247.220199004975
21578,21579,140684000#1.21,5.410299999999999,2.2138442211055276
21580,21581,140684003,27.89090909090909,16.238636363636367
21586,21587,140737941#2,1.9666666666666666,1.3333333333333335
21592,21593,140737941#5,1.18,0.0
21594,21595,140737941#6,1.18,0.0
21598,21599,140737941#8,1.18,0.0
21602,21603,140737946,30.68,0.0
21604,21605,140737948#0,4.72,0.2222222222222222
21606,21607,140737948#1,5.8999999999999995,0.0
21608,21609,140737948#10,1.6857142857142857,1.2857142857142858
21610,21611,140737948#11,10.62,0.0
21612,21613,140737948#2,4.326666666666666,0.33333333333333337
21614,21615,140737948#3,4.064444444444445,0.2777777777777778
21626,21627,140737948#9,3.2449999999999997,0.25000000000000006
21628,21629,140737954#0,4.72,0.5
21630,21631,140737954#1,4.248,0.7999999999999999
21632,21633,140737954#10,4.425,0.9166666666666666
21634,21635,140737954#11,3.697333333333333,0.40952380952380946
21636,21637,140737954#12,3.4455999999999998,0.24333333333333348
21638,21639,140737954#13,2.2668421052631578,1.3179231863442389
21640,21641,140737954#3,4.484,0.7000000000000001
21642,21643,140737954#4,4.425,0.25000000000000006
21644,21645,140737954#5,4.012,0.30000000000000004
21646,21647,140737954#6,4.72,1.0
21648,21649,140737954#7,3.2449999999999997,0.9166666666666666
21650,21651,140737954#8,2.36,0.0
21652,21653,140737954#9,3.835,0.25000000000000006
21658,21659,140737969,3.54,0.0
21668,21669,140737990,6.293333333333333,0.2666666666666668
21672,21673,140738001,9.44,0.0
21678,21679,140738011,6.194999999999999,8.250000000000002
21686,21687,140738047#0,4.13,0.2857142857142857
21688,21689,140738047#1,1.3275,0.125
21690,21691,140738047#2,10.957142857142857,0.5714285714285717
21692,21693,140738054#0,11.799999999999999,1.0
21694,21695,140738054#1,4.326666666666666,0.24999999999999994
21696,21697,140738054#2,2.5745454545454542,0.36363636363636354
21698,21699,140739763,5.2444444444444445,0.27777777777777773
21700,21701,140834246,60.18,49.0
21702,21703,140834247#0,14.553333333333333,0.3333333333333335
21704,21705,140834247#1,34.22,0.0
21706,21707,140834248,8.653333333333332,0.33333333333333326
21708,21709,140834249#0,13.569999999999999,0.7
21710,21711,140834249#1,7.08,0.0
21716,21717,140834249#2,2.36,2.0
21718,21719,140834249#3,0.59,0.5
21720,21721,140834249#4,2.9499999999999997,0.5
21734,21735,140834251,12.389999999999999,0.7000000000000003
21736,21737,140834252,10.915,24.25
21740,21741,140834254#0,7.611,1.8394736842105261
21742,21743,140834254#10,9.692857142857141,2.642857142857143
21744,21745,140834254#11,5.141428571428571,0.40109890109890095
21746,21747,140834254#13,8.33531914893617,1.8436632747456063
21748,21749,140834254#2,5.219230769230769,0.7338461538461541
21750,21751,140834254#3,4.523333333333333,0.2647058823529412
21752,21753,140834254#4,4.72,0.25
21754,21755,140834254#5,5.4575,0.5535714285714285
21756,21757,140834254#6,4.425,0.21428571428571427
21758,21759,140834254#7,11.603333333333333,0.9666666666666668
21760,21761,140834254#8,8.428571428571429,2.8095238095238098
21762,21763,140834254#9,10.298181818181817,1.0181818181818185
21764,21765,140834255#1,10.408205128205129,4.8879892037786785
21766,21767,140834256#0,23.599999999999998,8.0
21768,21769,140834256#1,1.77,0.5
21770,21771,140834257#0,12.389999999999999,180.5
21772,21773,140834257#1,17.7,0.0
21780,21781,140834257#6,12.094999999999999,2.25
21782,21783,140834257#7,19.175,2.9166666666666665
21784,21785,140834258,7.417142857142856,0.6813186813186813
21786,21787,140834259,8.26,0.0
21790,21791,140834261#0,9.203999999999999,0.7
21792,21793,140834261#1,1.18,0.0
21794,21795,140834261#2,1.416,0.2
21796,21797,140834261#3,16.992,3.8
21798,21799,140834262#0,9.027,0.6042372881355932
21800,21801,140834262#1,6.6866666666666665,0.46327683615819243
21806,21807,140834270#0,27.139999999999997,0.0
21808,21809,140834270#2,25.435555555555556,8.777777777777777
21810,21811,140834271#0,40.12,0.0
21814,21815,140834271#2,3.54,0.0
21816,21817,141058755#0,11.47096153846154,1.737023898431665
21818,21819,141058755#1,13.814267515923566,2.3879634166258374
21820,21821,141058755#2,5.4,0.9501155624036985
21822,21823,141058755#3,2.655,0.22285714285714273
21824,21825,141058755#4,1.5913142857142857,0.23986863711001646
21826,21827,141058756,20.846666666666668,2.333333333333335
21832,21833,141058765,17.6845810914681,6.249829125524748
21834,21835,143054330,1.9252631578947368,0.34708392603129445
21836,21837,143054332#0,5.294054054054055,2.2567567567567566
21838,21839,143054333#1,1.77,0.5
21840,21841,143054333#10,9.911999999999999,0.2999999999999998
21842,21843,143054333#11,7.473333333333333,1.0666666666666669
21844,21845,143054333#12,4.72,0.75
21846,21847,143054333#13,33.46142857142857,63.47802197802197
21848,21849,143054333#14,6.658571428571428,0.5343915343915344
21850,21851,143054333#15,4.298571428571428,0.7566137566137571
21852,21853,143054333#16,4.3424,0.7266666666666666
21854,21855,143054333#17,2.989333333333333,0.40952380952380946
21856,21857,143054333#18,2.411304347826087,0.6798418972332017
21858,21859,143054333#19,6.342499999999999,0.38333333333333375
21860,21861,143054333#2,33.52926829268292,29.49878048780488
21862,21863,143054333#20,5.264615384615385,0.26923076923076933
21864,21865,143054333#21,5.703333333333332,5.242424242424242
21866,21867,143054333#22,4.901538461538462,0.9743589743589746
21868,21869,143054333#23,6.353846153846154,1.0897435897435896
21870,21871,143054333#4,38.2025,165.98214285714286
21872,21873,143054333#5,42.738125,54.27796052631578
21874,21875,143054333#6,24.779999999999998,5.714285714285713
21876,21877,143054333#7,18.584999999999997,5.133333333333331
21878,21879,143054333#8,13.907142857142857,4.335164835164834
21880,21881,143054333#9,6.637499999999999,0.5535714285714285
21882,21883,143313737,16.52,0.0
21884,21885,143313739,19.004210526315788,3.543859649122808
21886,21887,143313756,87.12333333333332,289.7988505747127
21888,21889,144654970,38.35,0.5
21890,21891,144655546#0,13.237156105100462,3.2078514314698428
21892,21893,144655546#1,12.583007751937984,1.9409841590832475
21894,21895,144655546#2,1.6328549141965676,0.3587363494539778
21896,21897,144655547#0,12.148351063829786,0.7099503546099291
21898,21899,144655547#1,5.3398933333333325,0.5280998217468807
21900,21901,144655547#2,2.540321715817694,0.20507941998904552
21902,21903,144655547#3,7.377372654155495,0.7427714837556575
21904,21905,144655547#4,3.4992021276595744,0.40680141843971623
21906,21907,144657087#0,12.684999999999999,0.25000000000000017
21908,21909,144657087#2,15.635,0.24999999999999986
21910,21911,144657087#3,8.26,0.0
21912,21913,144657087#4,12.979999999999999,0.0
21914,21915,144657087#5,14.16,0.6666666666666666
21916,21917,144657087#6,27.336666666666666,3.7666666666666657
21918,21919,144659489,14.611176470588235,2.3645276292335113
21920,21921,144659492#0,6.489999999999999,0.3333333333333333
21922,21923,144659492#1,8.85,0.5
21924,21925,144659492#2,7.08,2.0
21926,21927,144659492#3,3.3924999999999996,0.41071428571428575
21928,21929,144659492#4,4.13,0.33333333333333326
21930,21931,144659492#5,3.835,0.25000000000000006
21932,21933,144659492#6,4.425,0.25000000000000006
21934,21935,144659492#7,5.782,0.9888888888888887
21938,21939,144659495,6.431,0.5797468354430378
21944,21945,145069270#0,14.946666666666665,3.866666666666666
21946,21947,145069270#1,2.491111111111111,2.2222222222222228
21948,21949,145069270#2,5.800281690140845,1.4784708249496978
21950,21951,145069272,25.999333333333333,9.136781609195399
21952,21953,145069278#0,7.585714285714285,2.2916666666666665
21954,21955,145069278#1,18.240833333333335,9.104609929078013
21956,21957,145069278#2,16.014285714285712,4.031746031746032
21958,21959,145069280#0,11.252344497607654,1.1249079867500915
21960,21961,145069280#1,3.8962264150943393,0.2591433425735492
21962,21963,145069284,4.72,0.0
21964,21965,145069286#0,11.016814159292036,1.0823324905183311
21966,21967,145069286#1,1.0337190082644627,0.2095041322314049
21968,21969,145069287#0,4.8183333333333325,0.4469696969696969
21970,21971,145069287#1,5.408333333333332,0.44696969696969685
21972,21973,145069287#2,3.4416666666666664,0.4469696969696969
21974,21975,145069287#3,5.31,0.4545454545454545
21976,21977,145069287#4,3.638333333333333,0.26515151515151514
21978,21979,145069287#8,7.21111111111111,0.8611111111111112
21980,21981,145069291#1,20.296,4.7
21982,21983,145069291#2,28.32,11.538461538461538
21984,21985,145069294#0,5.871219512195122,0.7724076013766273
21986,21987,145069294#1,5.349815950920245,0.4602741801105809
21988,21989,145069294#2,4.386993865030674,0.3890024994319475
21990,21991,145069296,34.22,7.0
21992,21993,145069298,14.658591549295775,2.418913480885312
21994,21995,145069303#1,9.273952095808383,3.244403085720454
21996,21997,145069303#2,4.618535031847133,0.28970716916627703
21998,21999,145069303#3,4.47258064516129,0.3863138114625746
22000,22001,145069303#4,5.358163265306121,0.733823222121613
22004,22005,145069307#0,4.72,1.0
22006,22007,145069307#1,1.9666666666666666,0.3333333333333333
22010,22011,145069311#0,8.56,0.6756282875511394
22012,22013,145069311#1,16.56,1.5850379894798368
22018,22019,145069313#2,6.749599999999999,1.1266666666666667
22020,22021,145069316#1,5.978666666666666,0.06436781609195404
22024,22025,145069320#1,3.54,0.0
22026,22027,145069323#1,20.06,18.375
22028,22029,145069323#2,6.047499999999999,0.65
22030,22031,145069325#0,8.85,13.666666666666666
22032,22033,145069325#1,26.746666666666666,8.33333333333333
22034,22035,145069325#2,15.733333333333333,2.3333333333333326
22036,22037,145069328,7.473333333333333,2.333333333333333
22038,22039,145069331#1,4.13,0.4545454545454545
22040,22041,145069331#2,1.4749999999999999,0.2045454545454545
22042,22043,145069331#3,10.915,1.6590909090909092
22044,22045,145069331#4,16.224999999999998,2.568181818181818
22048,22049,145069335#1,7.552,0.30000000000000016
22050,22051,145069335#2,1.9666666666666666,0.6666666666666667
22052,22053,145069335#3,2.596,0.20000000000000004
22054,22055,145069335#4,1.18,0.0
22056,22057,145069336#0,12.501830065359476,2.413656690746473
22058,22059,145069336#1,4.964905660377358,0.6338667303558636
22060,22061,145069336#3,4.937511520737327,1.5121607782898112
22064,22065,145069339#1,5.782,0.10000000000000003
22066,22067,145069339#2,2.4779999999999998,0.09999999999999999
22068,22069,145069342#0,73.16,0.0
22070,22071,145069342#1,50.739999999999995,86.0
22072,22073,145069342#2,3.54,0.0
22074,22075,145069342#3,17.404999999999998,0.25000000000000017
22076,22077,145069342#4,40.592,44.300000000000004
22078,22079,145069345#1,35.06285714285714,21.914285714285718
22080,22081,145069347#0,22.715,0.916666666666667
22082,22083,145069347#1,4.13,0.29999999999999993
22084,22085,145069350#1,18.04705882352941,2.4705882352941178
22086,22087,145069350#2,6.372,0.2571428571428571
22088,22089,145069351,18.29,0.5
22090,22091,145069354#0,14.16,2.0
22092,22093,145069354#1,15.93,0.5
22094,22095,145069357,9.833333333333334,0.3333333333333335
22096,22097,145069362#1,9.010909090909092,1.8545454545454547
22098,22099,145069362#2,9.833333333333334,3.0
22100,22101,145069363#0,17.306666666666665,14.333333333333332
22102,22103,145069363#1,2.655,0.38636363636363646
22104,22105,145069363#2,10.423333333333334,1.969696969696969
22106,22107,145069363#3,3.0483333333333333,0.2651515151515151
22108,22109,145069369#0,4.12,0.3232028053769725
22110,22111,145069369#1,3.46,0.5470485096434832
22112,22113,145069371#0,13.815833333333334,0.73731884057971
22114,22115,145069371#1,2.556666666666666,0.1666666666666667
22116,22117,145069373#0,3.8841666666666663,0.3874750499001994
22118,22119,145069373#1,42.85366666666667,248.28463687150824
22120,22121,145069374,14.848333333333333,2.8106060606060606
22122,22123,145069384,38.94,88.76923076923077
22124,22125,145069386#1,3.0942857142857143,0.4055219915841932
22126,22127,145069386#2,1.812456575682382,0.2542992234855498
22128,22129,145069386#3,7.693599999999999,0.771528822055138
22130,22131,145069391,4.203749999999999,1.107142857142857
22132,22133,145069394#0,6.663529411764706,0.7201426024955436
22134,22135,145069394#1,11.527692307692307,1.0437405731523381
22140,22141,146973149,4.950380952380953,1.6411255411255405
22142,22143,146973150#0,12.283924794359576,1.0798506946844553
22144,22145,146973150#1,6.749378663540445,0.6291492605496204
22146,22147,146973153,9.3692,0.8409187279151942
22148,22149,146973156#0,10.837091988130565,0.9973060083509349
22150,22151,146973156#1,7.6438165680473364,0.6558031996493532
22152,22153,146973170,8.177674418604651,0.4950166112956811
22154,22155,146973176#0,8.866666666666665,0.7739470980996401
22156,22157,146973176#1,5.71438202247191,0.5287881673332063
22158,22159,146973189,5.0019469026548675,0.32632743362831873
22160,22161,146973196,16.716666666666665,0.566666666666667
22162,22163,146973200#0,1.6561403508771928,0.24498746867167917
22164,22165,146973200#1,16.126666666666665,1.2619047619047614
22166,22167,146973200#2,2.2736585365853657,0.5377898223426678
22168,22169,146973201#0,29.86307692307692,1.7307692307692308
22172,22173,146973206#0,18.88,0.0
22174,22175,146973206#1,17.896666666666665,2.166666666666667
22176,22177,146973206#2,5.113333333333332,0.33333333333333326
22178,22179,146973210,5.392582972582972,0.2714677743579477
22180,22181,146973212,4.935992292870905,0.39693202698983093
22182,22183,146973214#1,19.24839024390244,5.549115255858446
22184,22185,146973214#10,1.414659090909091,0.194512987012987
22186,22187,146973214#11,1.658742857142857,0.28847290640394074
22188,22189,146973214#12,2.051590909090909,0.34272727272727266
22190,22191,146973214#13,3.2345882352941175,0.2403063000348068
22192,22193,146973214#17,4.770862068965517,0.3024737631184407
22194,22195,146973214#18,3.143275862068965,0.2772863568215891
22196,22197,146973214#2,4.180402010050251,0.34033805390589306
22198,22199,146973214#21,5.416115107913669,0.4030862266708372
22200,22201,146973214#22,5.192,0.2865671641791044
22202,22203,146973214#23,7.441612903225806,0.5232100708103856
22204,22205,146973214#6,6.835440414507771,0.6547387737478404
22206,22207,146973214#7,3.8395854922279793,0.3570811744386873
22208,22209,146973214#9,4.1948351648351645,0.39199198591463796
22210,22211,146973218#0,12.586666666666666,0.24242424242424246
22212,22213,146973218#1,10.62,7.099999999999999
22214,22215,146973218#2,9.107179487179486,1.102564102564103
22216,22217,146973218#3,15.095862068965516,3.64065335753176
22218,22219,146973218#4,0.976551724137931,0.14519056261343014
22220,22221,146973218#5,7.403548387096774,1.1203067160232683
22222,22223,146973222,1.970377358490566,0.24116963247786802
22224,22225,146973225#1,5.615867026055705,3.0157087268190845
22226,22227,146973225#1.37,10.699514824797843,36.935203319823856
22228,22229,146973225#2,4.284028906955736,2.6888679796984816
22230,22231,146973225#3,6.270552036199095,2.990971539117322
22232,22233,146973234#1,103.83999999999999,0.0
22234,22235,146973236#0,3.902530120481927,0.22625045637093838
22236,22237,146973236#1,11.9475,1.8138297872340432
22238,22239,146973236#10,3.741463414634146,0.2451219512195122
22240,22241,146973236#11,5.86974358974359,0.5519568151147097
22242,22243,146973236#12,17.306666666666665,0.3333333333333335
22244,22245,146973236#13,7.001333333333333,0.6380952380952386
22246,22247,146973236#14,9.44,0.0
22250,22251,146973236#2,7.15375,0.613031914893617
22252,22253,146973236#3,4.238367346938776,0.49659863945578225
22254,22255,146973236#4,5.081224489795917,0.5918367346938777
22256,22257,146973236#5,6.502040816326531,0.4217687074829934
22258,22259,146973236#7,5.3395,0.4096153846153846
22260,22261,146973236#8,11.394375,1.4586693548387097
22262,22263,146973236#9,4.633658536585366,1.4195121951219511
22264,22265,146973241,8.81696,0.7386933867735467
22266,22267,146973247,23.10516129032258,10.444209413008997
22268,22269,146973256,16.224999999999998,2.534172661870504
22270,22271,146973258,25.959999999999997,0.0
22272,22273,147014252#0,7.375,0.24999999999999992
22274,22275,147014252#1,1.77,0.2857142857142857
22276,22277,147014252#2,7.2615384615384615,3.3076923076923066
22278,22279,147014252#3,8.35076923076923,0.91025641025641
22280,22281,147014252#4,3.6307692307692307,0.4102564102564103
22282,22283,147014252#6,17.03625,6.395833333333333
22284,22285,147014256,135.7,0.0
22286,22287,147014270#0,57.82,0.0
22288,22289,147014273#0,6.194999999999999,0.25000000000000006
22290,22291,147014273#1,9.203999999999999,2.2
22294,22295,147042365#1,5.113333333333332,1.2500000000000004
22312,22313,148050447#0,19.371666666666666,1.5378787878787883
22314,22315,148050447#1,12.010714285714286,1.1150793650793653
22316,22317,148050448#0,10.668163265306122,12.12329931972789
22318,22319,148050448#1,7.727843137254902,1.3325490196078429
22320,22321,148050451#0,11.335151515151514,1.0587121212121213
22322,22323,148050451#1,6.217692307692308,1.0846153846153843
22324,22325,148050451#2,12.936296296296296,3.113960113960114
22326,22327,148050452#0,9.576153846153845,3.226153846153847
22328,22329,148050452#1,20.355,4.25
22330,22331,148050453#0,9.487199999999998,0.706666666666667
22332,22333,148050453#1,4.657894736842104,0.16374269005847955
22334,22335,148050453#3,10.03,1.3157894736842104
22336,22337,148050453#4,17.7,0.666666666666667
22340,22341,148050455#0,12.155873015873016,1.5366103430619529
22342,22343,148050455#1,28.9653125,496.1710137795276
22346,22347,148050457#0,4.72,0.5714285714285714
22348,22349,148050457#1,9.833333333333334,0.3333333333333335
22350,22351,148050457#2,3.304,1.7000000000000002
22358,22359,148126360#1,1.18,0.0
22360,22361,148126361#1,17.936,1.7000000000000004
22364,22365,148126361#3,10.62,2.0
22366,22367,148351766,0.4941657458563536,0.24367329976042615
22368,22369,148352067,8.098696109358569,0.7581360340915374
22372,22373,148352378#1,5.8999999999999995,0.0
22376,22377,148352382#1,1.18,0.0
22384,22385,148527678#0,14.16,0.0
22386,22387,148527678#1,5.8999999999999995,0.0
22388,22389,148527678#2,7.67,4.5
22390,22391,148527679#0,24.35090909090909,0.4545454545454543
22392,22393,148527679#1,1.609090909090909,0.2545454545454545
22396,22397,148527687#0,10.71076923076923,0.7435897435897435
22398,22399,148527687#1,7.08,0.3333333333333333
22400,22401,148527687#2,14.665714285714285,1.8021978021978018
22402,22403,148527687#3,20.604615384615382,1.4358974358974335
22408,22409,148527688#2,15.677142857142858,0.6813186813186815
22410,22411,148527691#1,8.221759259259258,0.4035960378983636
22412,22413,148527691#2,7.745940594059405,0.39633515590364987
22414,22415,148527691#3,8.999701492537312,0.6850746268656717
22416,22417,148527691#4,15.956683417085426,1.9679204101314658
22418,22419,148527691#5,6.668787878787878,0.5835256114443926
22420,22421,148527691#6,6.299292929292929,0.3874532123263089
22422,22423,148527691#7,13.152828282828283,1.53681484899759
22424,22425,148527691#8,20.018282828282825,3.0495052043275397
22426,22427,148527691#9,3.1764646464646464,0.2650105112034047
22428,22429,148527692#0,9.131888888888888,1.3769635126777977
22430,22431,148527692#1,1.0442671614100185,0.15774772227241693
22432,22433,148529632#0,27.227407407407405,5.917378917378915
22434,22435,148529632#2,16.834666666666667,2.0666666666666664
22436,22437,148529632#3,29.29176470588235,8.404411764705882
22438,22439,148529632#4,15.708749999999998,3.0291666666666672
22440,22441,148596540#0,8.37155462184874,0.6198649806925937
22442,22443,148596540#1,3.8501997896950577,0.276083900603243
22444,22445,148596540#2,21.651837253655433,10.08612657294127
22452,22453,148596542#3,14.16,0.0
22454,22455,148680864,4.72,0.0
22458,22459,148680866#0,2.7533333333333334,0.33333333333333326
22464,22465,148681758#0,15.045,2.9166666666666674
22468,22469,148682686,1.18,0.0
22476,22477,149044751#0,13.373333333333333,0.2666666666666667
22478,22479,149044751#1,7.08,0.0
22480,22481,149044751#2,5.015,5.583333333333333
22482,22483,149045266,22.272499999999997,1.839285714285714
22484,22485,149045267#0,3.399523809523809,0.15621370499419285
22486,22487,149045267#1,4.27047619047619,0.2903600464576074
22488,22489,149045267#2,4.27047619047619,0.2903600464576075
22490,22491,149045267#3,4.495238095238094,0.3530778164924506
22492,22493,149045269#0,4.409473684210526,0.3613086770981506
22494,22495,149045269#1,4.114871794871795,0.36167341430499317
22496,22497,149045269#3,11.047241379310345,120.83151845130071
22498,22499,149045845,13.501038961038962,3.144565960355435
22500,22501,149626676#0,10.46170731707317,0.5867208672086722
22502,22503,149626676#1,2.9273076923076924,0.5238984316654216
22504,22505,149626676#2,6.424444444444444,0.31065759637188206
22506,22507,149626676#3,14.096216216216215,13.578869778869775
22508,22509,150391230,6.316470588235293,0.7426470588235298
22510,22511,15057616#0,15.34,0.2222222222222222
22512,22513,15057616#1,6.932499999999999,4.696428571428571
22514,22515,15066337#0,15.793846153846154,1.7564102564102557
22516,22517,15066337#1,10.512727272727272,0.6909090909090908
22518,22519,15066337#2,19.588,4.299999999999999
22520,22521,15066337#3,17.7,6.5
22522,22523,15066339#0,8.045454545454545,0.3636363636363635
22524,22525,15066339#1,4.505454545454546,1.1636363636363636
22526,22527,15066339#2,10.7675,0.4107142857142855
22530,22531,150746347#0,21.308677248677245,2.017823810927258
22532,22533,150746347#1,3.345941644562334,0.2973503019357753
22534,22535,150746347#2,25.382620320855615,6.486480480566586
22536,22537,150746347#4,6.781827956989247,0.6799118917195602
22538,22539,150746361#0,9.833333333333334,14.076923076923078
22540,22541,150746361#2,31.185714285714283,6.457142857142851
22542,22543,150746364#1,7.299534883720931,0.5359911406423036
22544,22545,150746364#2,3.212222222222222,0.26349206349206356
22546,22547,150746364#4,4.505454545454546,0.1558441558441559
22548,22549,150746365,21.004,4.622222222222222
22550,22551,150815016,7.866666666666666,1.0666666666666669
22552,22553,150816775,3.3325274725274725,0.30207570207570195
22556,22557,151167720#0,5.73142857142857,4.476190476190476
22558,22559,151167720#1,16.224999999999998,2.2500000000000004
22560,22561,151167728,4.461722713864306,68.41546391393533
22562,22563,151167728.19,16.94342440801457,275.4914513740878
22564,22565,151167730,18.29,3.0000000000000013
22566,22567,151167733#2,12.684999999999999,0.9166666666666665
22568,22569,151167733#3,11.644305555555555,1.150301087801088
22570,22571,151167733#4,12.769863013698629,1.678412848370336
22572,22573,151167733#5,7.386051873198847,2.0481417934067374
22574,22575,151167738#1,11.46285714285714,119.57142857142856
22576,22577,151167740,7.399037037037037,0.6052380462019005
22578,22579,151167747#0,3.835,3.250514933058703
22580,22581,151167747#0.13,36.07932028836251,365.1084395935747
22582,22583,151167753,20.06,0.0
22584,22585,151167768,1.0372861356932153,0.11936628670337407
22586,22587,151345397,29.5,0.0
22592,22593,151345400,5.8999999999999995,0.0
22600,22601,151345409#1,1.5733333333333333,0.33333333333333337
22602,22603,151345409#2,3.54,0.0
22606,22607,152036408,31.64545454545454,43.16363636363637
22610,22611,152037913#0,7.08,33.46666666666667
22612,22613,152037913#1,3.54,0.0
22614,22615,152037914,5.113333333333332,2.2666666666666666
22616,22617,152038425,7.08,3.0
22618,22619,152038426,5.782,4.544444444444444
22620,22621,152038427,9.102857142857143,0.6813186813186813
22622,22623,152039154#0,4.13,4.5
22624,22625,152039154#1,2.655,1.583333333333333
22628,22629,152039157,12.344615384615384,2.2692307692307696
22630,22631,152040623#0,2.832,0.29999999999999993
22632,22633,152040623#1,8.09142857142857,0.14285714285714288
22634,22635,152077572#0,4.8773333333333335,378.87185628742503
22636,22637,152077572#1,51.841333333333324,16314.125577416615
22638,22639,152077572#2,153.7940191804708,50258.808997141015
22642,22643,152079698,14.16,0.6666666666666666
22644,22645,152079703,4.72,0.0
22646,22647,152081136,10.62,0.0
22648,22649,152081143,3.54,0.0
22652,22653,152508766#0,3.54,0.0
22656,22657,153220338#0,7.348181818181818,0.3651169677228308
22658,22659,153220338#1,2.729225806451613,0.2609980164944149
22660,22661,153220338#2,6.511140065146579,0.4857891039151815
22662,22663,153220338#3,1.6297068403908794,0.26931510932277364
22664,22665,153220338#4,4.251074918566775,0.3186859977432886
22666,22667,153222274#1,6.194999999999999,0.24999999999999992
22668,22669,153222274#2,3.54,0.0
22670,22671,153222274#3,25.369999999999997,0.5
22672,22673,153222276,1.9666666666666666,1.3333333333333335
22676,22677,153692837#2,20.876923076923077,5.9015384615384585
22678,22679,153692841#0,6.489999999999999,1.1
22680,22681,153692841#1,6.293333333333333,2.333333333333333
22682,22683,153692841#2,7.08,1.0
22684,22685,153692841#4,3.933333333333333,0.33333333333333337
22686,22687,153692841#5,15.34,2.8
22690,22691,153774645,20.703636363636363,5.291933418693979
22692,22693,153774646,7.849565217391304,1.41897233201581
22694,22695,153774647,3.9504347826086956,1.3280632411067197
22696,22697,153774648#0,33.658095238095235,7.061904761904762
22698,22699,153774648#1,58.21333333333333,528.6666666666667
22700,22701,153774649#0,13.699670329670328,2.6922773359237455
22702,22703,153774649#1,11.12,2.317358270017534
22704,22705,154658249,5.256363636363636,0.8727272727272727
22706,22707,155458987,1.8741176470588232,0.25735294117647056
22708,22709,155458988,4.3696874999999995,1.1009424603174607
22710,22711,155847370,10.461153846153845,0.3540723981900451
22714,22715,155847568,38.43428571428571,7.285714285714287
22716,22717,156041643#0,7.183508771929824,0.36716791979949875
22718,22719,156041643#1,1.9666666666666666,0.26190476190476186
22720,22721,156041643#2,3.971153846153846,0.2756410256410255
22722,22723,156041695,16.52,0.0
22726,22727,156041708,7.754285714285714,1.8571428571428565
22728,22729,156041710,18.486666666666665,2.333333333333334
22730,22731,156041713#1,2.6746666666666665,0.6380952380952382
22732,22733,156041713#2,10.095555555555555,5.027777777777777
22734,22735,156041713#3,7.08,18.0
22736,22737,156791363,22.419999999999998,0.0
22738,22739,156791366#0,4.639545454545454,0.43710359408033805
22740,22741,156791366#1,17.8475,2.499999999999999
22742,22743,156791366#2,14.905263157894737,9.24561403508772
22744,22745,156817405,3.776,0.3142857142857142
22746,22747,156923382,3.54,0.0
22750,22751,156923526#1,4.305744680851063,0.273278425989476
22752,22753,156923526#2,10.394042553191488,1.0382063601006635
22754,22755,156923526#3,1.6570212765957446,0.2434225577671014
22756,22757,156923526#4,1.6621505376344086,0.24427302477793364
22758,22759,157118746,87.32,162.0
22760,22761,157118751,5.015,0.25
22762,22763,157305700#2,24.006666666666664,5.340780688238315
22764,22765,157305700#3,8.801976744186046,0.9164626682986532
22766,22767,157305700#4,4.5681871345029235,0.5009975920192636
22768,22769,157305700#5,3.033294117647059,0.31747302471284344
22770,22771,157305700#6,9.653253012048193,0.6580503833515883
22774,22775,157305702#0,7.08,0.0
22776,22777,157305702#1,11.472222222222221,0.6830065359477124
22778,22779,157305702#2,15.703076923076923,2.5641025641025634
22780,22781,157305703,7.041935483870968,0.23225806451612915
22782,22783,157306362#0,2.486428571428571,0.32142857142857145
22784,22785,157306362#1,2.978095238095238,0.2619047619047619
22786,22787,157306362#10,19.351999999999997,4.800000000000001
22788,22789,157306362#2,2.6376470588235295,0.19117647058823525
22790,22791,157306362#3,3.3714285714285714,0.4761904761904762
22792,22793,157306362#4,3.933333333333333,1.8666666666666665
22794,22795,157306362#5,6.489999999999999,0.3333333333333335
22796,22797,157306362#8,26.255,8.91666666666667
22798,22799,157306362#9,23.009999999999998,8.333333333333334
22804,22805,158179325#0,1.7129032258064516,0.32258064516129037
22806,22807,158179326,6.0685714285714285,6.131868131868131
22808,22809,158179327,5.359166666666667,2.2590579710144936
22810,22811,158179328#0,3.38,1.3261250730566918
22812,22813,158179328#1,3.3152380952380947,0.8619047619047618
22814,22815,158179328#2,6.169714285714285,2.063865546218488
22816,22817,158179328#3,2.956082474226804,0.5859106529209622
22818,22819,158179329#0,1.18,0.0
22820,22821,158179329#1,6.489999999999999,40.5
22822,22823,158179329#2,8.369767441860464,0.9435215946843852
22826,22827,158179330#0,1.9666666666666666,0.3333333333333333
22832,22833,158179332,11.558636363636362,3.8586051353226942
22838,22839,158180482#2,4.72,0.0
22848,22849,158180483#3,4.72,0.0
22850,22851,159579401#5,5.8999999999999995,0.0
22852,22853,159579401#6,12.707692307692309,1.3589743589743597
22854,22855,159579401#7,6.431,0.681578947368421
22860,22861,159646363#1,3.188510638297872,1.4310823311748384
22862,22863,159646363#2,4.112121212121212,1.3825757575757578
22864,22865,159646363#3,11.370909090909091,1.5856236786469347
22866,22867,159743996#0,9.44,1.2
22868,22869,159743996#1,7.67,2.9444444444444446
22870,22871,159743996#2,10.075384615384614,1.6184615384615384
22872,22873,159743996#3,18.240833333333335,1.6503623188405796
22874,22875,159961033,4.888571428571429,0.1428571428571429
22876,22877,159961041,11.564,21.199999999999996
22878,22879,160090329#0,2.36,0.0
22880,22881,160090329#1,17.7,0.0
22882,22883,160090329#2,2.5285714285714285,0.14285714285714288
22884,22885,160090330,7.67,14.333333333333334
22886,22887,160090331,9.833333333333334,1.5
22890,22891,160309406#0,7.754285714285714,3.285714285714286
22892,22893,160309406#1,8.751666666666667,3.537878787878787
22894,22895,160309406#2,10.841249999999999,6.029166666666666
22898,22899,160314345#0,9.717647058823529,6.6911764705882355
22900,22901,160314345#1,14.328571428571427,1.1428571428571435
22902,22903,160314345#2,15.93,0.5
22904,22905,160314345#3,12.193333333333333,1.333333333333334
22908,22909,160314345#7,14.75,0.5
22910,22911,160314345#8,17.404999999999998,0.9166666666666671
22912,22913,160314346#0,10.122409638554217,0.8322068762856305
22914,22915,160314346#1,9.458437499999999,8.094242125984254
22916,22917,160314351#0,7.585714285714285,0.28571428571428575
22918,22919,160314351#1,1.609090909090909,0.2545454545454545
22920,22921,161678034#0,4.378130841121495,0.23491729191347455
22922,22923,161678034#1,19.128130841121493,2.439142644026151
22924,22925,161678034#2,37.754433962264144,424.35542788160586
22926,22927,161680732,12.103271028037382,29.336339247962446
22928,22929,161680736,9.330805970149253,4.242545121924009
22930,22931,161680739,20.51139293139293,6.3467498555948
22932,22933,161680744#0,5.346875,3.387357752489332
22934,22935,161680744#1,15.464062126642771,1.8884544368415326
22936,22937,161783474#0,3.1059244917715394,0.4362528797736705
22938,22939,161783475#0,4.232608695652174,0.3367149758454105
22940,22941,161783475#1,2.5435555555555553,0.2252525252525253
22942,22943,161783475#2,4.0906666666666665,0.2545454545454545
22944,22945,161783475#3,1.4422222222222223,0.1767676767676767
22946,22947,161783475#4,10.357777777777779,0.44949494949495
22948,22949,161783475#5,4.7462222222222215,0.06767676767676765
22950,22951,161783476#0,2.605085049239033,0.1647076943810706
22952,22953,161783477,14.451529411764705,0.4263305322128849
22954,22955,161783478#0,2.36,0.33036848792884377
22956,22957,161783478#1,1.477994923857868,0.6693074000735297
22958,22959,161783479#0,1.160655737704918,0.09947839046199712
22960,22961,161783480,1.51006993006993,0.2086522401483031
22962,22963,161783481#1,3.632549019607843,10.913725490196075
22964,22965,161783482#0,3.7524,0.15061224489795924
22966,22967,161783483#1,3.9770370370370367,6.803633822501748
22974,22975,161783489#1,2.4237837837837835,0.05255255255255256
22976,22977,161784059#0,29.7114747977598,21.06624272233638
22978,22979,161784059#1,9.230054744525546,0.7381786821317872
22980,22981,161784059#2,13.553235563703025,1.3968163203525092
22982,22983,161784059#3,10.574448529411764,0.892712673845986
22984,22985,161784059#4,2.8064279155188245,0.25563286609409597
22986,22987,161784059#5,10.476838235294117,33.10578223929864
22990,22991,161784062#1,4.72,0.0
22992,22993,161784062#2,13.569999999999999,0.5
22996,22997,161789031#1,15.60222222222222,1.6944444444444442
22998,22999,161789031#2,4.934545454545454,0.5636363636363634
23000,23001,161789031#3,4.72,0.0
23002,23003,161789031#4,21.42153846153846,5.3076923076923075
23004,23005,161789031#5,5.6854545454545455,0.5636363636363636
23006,23007,161789031#6,4.326666666666666,0.33333333333333326
23008,23009,161789031#7,4.72,1.0
23012,23013,161789034,16.14736842105263,6.894736842105264
23014,23015,161789035#1,6.650909090909091,0.9261363636363634
23016,23017,161789037#1,8.508421052631578,1.1977240398293028
23018,23019,161789040,3.4993103448275864,1.0344827586206895
23020,23021,161789042,23.599999999999998,2.0
23022,23023,161789044#1,3.2941666666666665,0.8677536231884061
23024,23025,161789044#2,3.54,0.0
23026,23027,161789379#1,8.623076923076923,0.3974358974358976
23028,23029,161789381,3.647272727272727,0.4675324675324675
23032,23033,162281925,6.5371999999999995,1.9677551020408157
23034,23035,163591683,143.17333333333332,856.3333333333333
23036,23037,164051398,26.114598930481282,5.552114001882676
23038,23039,164051399,3.1068018018018013,0.27319032674162325
23040,23041,164051401#0,2.749010989010989,2.1448606641976813
23042,23043,164051401#1,2.23032967032967,4.087304960233136
23044,23045,164051403#0,5.609538461538461,0.5322115384615383
23046,23047,164051405#1,9.925882352941176,6.767058823529416
23048,23049,164051405#2,3.7366666666666664,0.4857142857142857
23050,23051,164051408,3.6126153846153843,0.24615384615384617
23052,23053,164051410#0,8.71888888888889,1.8647798742138362
23054,23055,164051410#1,2.955042735042735,0.4935160624815798
23056,23057,164051413#0,26.042325581395346,648.384012669834
23058,23059,164051417#0,2.439072164948454,0.07320655947866031
23060,23061,164051417#1,3.821243523316062,0.1824805699481864
23062,23063,164051420,1.379125,0.14115566037735852
23064,23065,164051424,5.738875502008032,1.00547350693095
23066,23067,164051425#0,3.708571428571428,0.22857142857142856
23068,23069,164051425#1,12.24952380952381,0.8476190476190479
23070,23071,164051425#2,16.632380952380952,1.6904761904761916
23072,23073,164051425#3,8.468235294117648,0.5294117647058825
23074,23075,164051425#4,11.6525,0.38333333333333325
23076,23077,164051429#1,16.038367346938774,123.47357404500264
23078,23079,164051431#0,11.406666666666665,1.333333333333333
23080,23081,164051431#1,1.5733333333333333,0.25
23082,23083,164051431#2,14.455,0.9166666666666666
23084,23085,164051431#3,14.229411764705882,1.0588235294117647
23086,23087,164051431#4,7.332857142857143,0.6428571428571429
23088,23089,164051431#5,2.36,0.0
23090,23091,164051438#0,11.564,2.2
23092,23093,164051438#0.108,1.888,0.30000000000000004
23094,23095,164051438#1,5.8999999999999995,0.0
23096,23097,164051438#2,2.36,0.0
23098,23099,164078531#0,22.818620071684588,7.300129385859166
23100,23101,164078531#1,9.514347434743474,83.45728789095119
23102,23103,164078536,9.733281553398058,1.3583393147217715
23110,23111,164341645,139.23999999999998,0.0
23112,23113,164633674#0,12.558571428571428,77.01648351648352
23114,23115,164633674#1,4.81076923076923,0.24358974358974353
23116,23117,164859338#1,5.6404,0.42
23118,23119,164859338#2,7.276666666666666,1.7878787878787876
23120,23121,164859338#3,20.06,13.0
23122,23123,164859338#4,3.54,1.0
23124,23125,165414587#0,1.0816666666666666,0.07971014492753623
23126,23127,165520703#0,1.18,0.08695652173913043
23128,23129,165520703#1,4.179166666666666,0.2590579710144927
23130,23131,165520703#2,3.835,0.1956521739130435
23132,23133,165520703#3,7.08,0.0
23136,23137,165520704#0,5.8999999999999995,0.0
23138,23139,165520704#1,6.489999999999999,0.5
23140,23141,165520706,3.8576923076923073,0.20461538461538453
23180,23181,166638348#8,18.88,0.0
23188,23189,166638351#11,17.306666666666665,0.33333333333333304
23190,23191,166638351#12,10.226666666666665,0.3333333333333335
23192,23193,166638351#13,28.71333333333333,0.33333333333333304
23194,23195,166638351#14,9.44,0.0
23196,23197,166638351#15,13.766666666666666,0.3333333333333335
23198,23199,166638351#16,4.326666666666666,0.33333333333333337
23280,23281,166638365,18.88,4.0
23290,23291,166638367#3,31.27,0.3333333333333333
23292,23293,166638367#4,25.959999999999997,0.0
23294,23295,166638367#5,27.139999999999997,0.0
23296,23297,166638367#6,71.97999999999999,0.0
23378,23379,166639902#2,7.08,0.0
23382,23383,166642717#1,4.523333333333333,0.5666666666666667
23384,23385,166642717#2,4.214285714285714,0.28571428571428575
23386,23387,166642719,9.44,0.0
23388,23389,166642721,2.36,0.0
23394,23395,166692218,7.08,0.0
23396,23397,166821307#0,3.9030769230769224,0.23076923076923075
23398,23399,166821307#1,32.64666666666667,1.333333333333334
23400,23401,166821307#2,1.18,0.0
23402,23403,166821308#1,15.13655172413793,4.362068965517243
23404,23405,166821308#2,7.866666666666666,0.25
23406,23407,166821308#4,1.18,0.0
23408,23409,166822309#1,1.18,0.0
23410,23411,166822311#0,3.54,0.0
23412,23413,166822311#1,3.54,0.0
23414,23415,166822311#3,1.18,0.0
23420,23421,166823358,5.375555555555555,1.202614379084967
23422,23423,166823359#0,1.484516129032258,0.4645161290322582
23426,23427,166878978,6.372,1.5833333333333333
23428,23429,166878981,3.54,0.0
23430,23431,166878983,5.7524999999999995,0.6964285714285714
23436,23437,166878986#1,3.54,0.0
23450,23451,166878991#0,1.18,0.0
23458,23459,166878993#1,4.392222222222222,1.624183006535948
23460,23461,166878993#2,28.91,4.5
23462,23463,166878994#0,9.44,0.0
23466,23467,166878996#1,4.425,0.19999999999999998
23468,23469,166878996#2,12.979999999999999,2.0
23474,23475,166879001#0,4.076363636363636,0.6727272727272726
23476,23477,166879001#1,8.496,1.2
23478,23479,168158792,11.799999999999999,0.0
23480,23481,168158796#0,18.88,3.0
23482,23483,168158796#1,0.59,0.5
23484,23485,168158796#2,1.7044444444444444,0.2777777777777778
23486,23487,168158811#1,5.8999999999999995,0.0
23490,23491,168158826,8.26,0.0
23494,23495,168172762#1,1.18,0.0
23500,23501,168243629#1,4.824888888888888,1.219191919191919
23502,23503,168243629#2,2.4386666666666668,0.1545454545454546
23504,23505,168243629#3,9.225454545454545,2.104493207941484
23506,23507,168243629#3.84,2.115862068965517,0.23576583801122694
23510,23511,168245119#0,5.130434782608695,0.41897233201581
23512,23513,168245119#1,13.1275,1.8532608695652164
23514,23515,168249926#0,13.171884498480242,359.2009130098119
23518,23519,168249929,3.7366666666666664,0.16666666666666669
23520,23521,168434696,9.794,0.5368421052631581
23522,23523,168511765#0,5.113333333333332,0.3333333333333335
23524,23525,168511765#1,5.506666666666667,0.6666666666666664
23526,23527,168853055#0,8.95140625,0.8161151960784306
23528,23529,168853055#1,32.80313868613138,13.977874923130395
23530,23531,168853055#2,22.01707317073171,9.945932116663824
23534,23535,168853060#1,37.95666666666666,106.87878787878789
23538,23539,168853061#1,50.223749999999995,19.4625
23540,23541,168853061#2,36.48166666666667,97.17424242424241
23544,23545,168853069#2,243.4018181818182,510.0181818181819
23546,23547,168853071#1,55.0435294117647,23.367647058823522
23548,23549,168853071#2,51.33,15.0
23550,23551,168853071#3,3.54,0.0
23554,23555,169739284,3.812158154859967,1.1018317647250735
23556,23557,170398274#0,5.027826086956522,0.8379446640316206
23558,23559,170398274#1,3.229473684210526,0.20467836257309935
23560,23561,170398274#2,4.326666666666666,1.0333333333333334
23562,23563,170398274#3,1.4523076923076923,0.19230769230769226
23564,23565,170398274#4,5.427999999999999,0.48888888888888893
23566,23567,170425366#1,18.486666666666665,0.6666666666666672
23572,23573,170425366#4,30.68,0.0
23574,23575,170425366#5,25.959999999999997,0.0
23576,23577,170425368,12.979999999999999,0.0
23578,23579,171006984,1.18,0.0
23580,23581,171006990#0,9.258461538461537,0.6410256410256409
23582,23583,171006990#1,11.799999999999999,1.0
23584,23585,171006990#2,8.26,0.0
23586,23587,171006990#3,13.216,1.7
23588,23589,171007004,6.756078431372549,1.0688854489164092
23590,23591,171007007#1,9.30888888888889,3.516339869281047
23592,23593,171007012#0,24.779999999999998,0.0
23594,23595,171007012#2,14.16,0.0
23596,23597,171007013#0,6.3248,0.4258064516129031
23598,23599,171007013#1,4.056859504132231,0.4148760330578513
23600,23601,171007013#10,4.353793103448275,0.43596059113300506
23602,23603,171007013#11,14.497142857142856,2.2380952380952386
23604,23605,171007013#12,4.13,0.5
23606,23607,171007013#2,2.4393277310924373,0.3174761429995728
23608,23609,171007013#3,3.3254545454545457,0.27856547122602165
23610,23611,171007013#4,22.13853211009174,4.016649677200136
23612,23613,171007013#5,7.15695652173913,0.8748208313425708
23614,23615,171007013#6,12.293953488372093,1.7285909712722307
23616,23617,171007013#7,6.051282051282051,0.34698634698634706
23618,23619,171007013#8,6.166451612903225,0.38064516129032255
23620,23621,171007020#0,17.60923076923077,3.5769230769230766
23622,23623,171007020#1,9.145,0.9166666666666666
23624,23625,171007020#2,7.375,1.5833333333333333
23626,23627,171007027,86.72999999999999,264.5
23628,23629,171007032,4.641333333333333,1.923809523809524
23630,23631,171007036#0,8.653333333333332,1.3333333333333335
23634,23635,171007040#1,1.416,0.2
23644,23645,171571099,10.62,0.0
23646,23647,171571101#2,5.8999999999999995,0.0
23648,23649,171571142#0,62.78988235294117,87.90700280112044
23650,23651,171571142#1,261.0878260869565,2740.110671936759
23658,23659,171571149,4.72,0.0
23660,23661,171571150,4.382857142857143,1.9047619047619049
23662,23663,171571151#0,26.746666666666666,11.176470588235297
23664,23665,171571151#1,2.9499999999999997,0.2631578947368421
23666,23667,171571151#10,4.72,0.0
23668,23669,171571151#11,7.08,0.0
23670,23671,171571151#3,7.787999999999999,1.3777777777777775
23672,23673,171571151#4,21.358,3.8777777777777778
23674,23675,171571151#5,8.85,0.7
23676,23677,171571151#6,10.62,0.7999999999999998
23678,23679,171571151#7,20.565714285714282,3.6190476190476173
23680,23681,171571151#8,3.3714285714285714,0.14285714285714293
23682,23683,171571151#9,5.394285714285714,0.28571428571428575
23684,23685,171571153,2.655,0.21428571428571427
23688,23689,171571155,16.126666666666665,2.3333333333333335
23696,23697,171571159,12.324444444444444,1.777777777777777
23706,23707,171571161,15.93,1.9
23710,23711,171571164,14.16,0.0
23714,23715,171571166,9.44,23.333333333333332
23718,23719,171571167#1,3.54,0.0
23720,23721,171571167#2,4.72,0.0
23724,23725,171571172#2,24.583333333333332,97.36666666666667
23728,23729,171786502#1,9.833333333333334,13.466666666666665
23734,23735,172368742,26.55622800844476,6.861415785352508
23736,23737,172368742.256,2.9391971830985915,0.26559618457751466
23738,23739,172488482#0,11.509538461538462,72.53221153846154
23740,23741,172488483#1,6.527659574468085,0.3413506012950972
23742,23743,172488501,23.599999999999998,42.74999999999999
23748,23749,172493319,7.316,3.7333333333333325
23754,23755,172497282#0,5.633548387096774,7.980645161290322
23756,23757,172497282#1,3.0342857142857143,0.2571428571428572
23758,23759,172497282#2,15.34,0.0
23760,23761,172497282#3,2.36,0.0
23764,23765,172497282#5,14.455,1.5833333333333337
23766,23767,172497283,11.164615384615384,0.602564102564103
23768,23769,172497285,2.7533333333333334,1.4666666666666666
23770,23771,172497289,15.34,2.750000000000001
23772,23773,172497291#0,2.8138461538461534,1.9230769230769231
23774,23775,172497291#1,4.888571428571429,2.1269841269841274
23776,23777,172497293#0,13.129577464788731,2.6265593561368195
23778,23779,172497293#1,7.08,32.0
23780,23781,172497293#2,3.54,0.0
23782,23783,172497295#0,2.298965517241379,0.5060496067755599
23784,23785,172497295#1,4.934545454545454,2.5636363636363635
23786,23787,172499291#0,2.2288888888888887,0.3611111111111111
23788,23789,172499291#1,13.373333333333333,0.3333333333333335
23790,23791,172499291#2,10.915,2.9166666666666665
23792,23793,172503791,12.744,28.622222222222224
23796,23797,172515808,17.37283834586466,2.654639949662594
23798,23799,172515811,53.470485294117644,1154.6496943037707
23800,23801,172516631#1,4.72,0.0
23802,23803,172517196,7.804485294117647,2.688069785109617
23804,23805,172519433,5.664,0.19999999999999996
23806,23807,172519434#0,5.074,1.1222222222222222
23812,23813,172522281#1,2.7533333333333334,1.3333333333333333
23814,23815,172522281#2,12.979999999999999,1.3333333333333337
23816,23817,172522281#3,13.236521739130435,9.17786561264822
23820,23821,172523714#0,1.298,0.09999999999999999
23822,23823,172523714#1,16.913333333333334,4.4333333333333345
23824,23825,172523714#2,9.251199999999999,3.1400000000000006
23826,23827,172699110,2.36,0.0
23830,23831,172699111#1,2.269230769230769,0.07692307692307696
23832,23833,172699112#0,4.813157894736841,0.18278805120910388
23834,23835,172699112#1,14.16,0.0
23836,23837,172699112#2,17.896666666666665,43.36666666666667
23838,23839,172700927#1,8.767440273037542,2.2527934919818597
23840,23841,172701602,8.915555555555555,0.5277777777777777
23842,23843,172701604#0,10.03,0.5
23846,23847,173148224,5.647142857142857,0.33516483516483536
23852,23853,173151868,2.7668965517241375,1.2339901477832513
23854,23855,173151871#0,50.739999999999995,8.0
23856,23857,173151871#1,2.776470588235294,0.2426470588235294
23858,23859,173151871#2,6.56375,0.3958333333333333
23860,23861,173151871#3,11.799999999999999,0.7142857142857142
23862,23863,173151871#4,8.09142857142857,0.8095238095238094
23864,23865,173151872,2.36,0.0
23866,23867,173152763#0,9.44,1.333333333333334
23868,23869,173152763#1,28.025,4.916666666666667
23870,23871,173152763#2,7.248571428571428,0.14285714285714288
23872,23873,173152763#3,5.73142857142857,1.1428571428571428
23874,23875,173152765#1,3.877142857142857,0.5142857142857143
23876,23877,173152765#2,2.5209090909090905,0.79004329004329
23878,23879,173152765#3,17.16363636363636,19.67272727272727
23880,23881,173152768#1,5.317866666666666,1.685765765765766
23882,23883,173152768#2,115.80857142857141,207.14285714285714
23884,23885,173152768#3,13.864999999999998,2.9166666666666665
23886,23887,173152768#4,17.11,3.6666666666666665
23888,23889,173152776#0,6.024210526315789,0.432748538011696
23890,23891,173152776#1,21.04333333333333,6.696969696969694
23892,23893,173152776#2,13.176666666666666,1.3666666666666667
23894,23895,173166289#0,41.536,19.06666666666667
23896,23897,173166289#1,17.7,20.83333333333334
23898,23899,173166289#2,5.506666666666667,1.5
23902,23903,173166291#1,22.81333333333333,7.466666666666666
23904,23905,173166291#2,33.04,21.333333333333336
23906,23907,173166313,4.72,0.0
23908,23909,173166315,2.7191304347826084,0.8618925831202044
23910,23911,173166317,5.130434782608695,2.9644268774703564
23912,23913,173166320,5.953636363636364,1.9502164502164507
23914,23915,173166321#0,5.049302325581395,1.2535991140642304
23916,23917,173166321#1,4.13,0.4727272727272727
23918,23919,173166321#2,5.937460317460317,0.8054275473630312
23920,23921,173166321#3,3.453658536585366,0.21951219512195125
23922,23923,173166321#4,4.13,1.0600000000000003
23924,23925,173166321#5,2.391052631578947,1.2695590327169273
23926,23927,173166321#6,57.61022222222222,26.104040404040393
23928,23929,173166321#7,48.57666666666666,14.966666666666669
23930,23931,173167521#0,10.03,0.5
23936,23937,173167522#1,12.930833333333334,2.2155797101449286
23938,23939,173167522#2,18.537419354838708,2.879569892473118
23942,23943,173167525#0,5.664,0.19999999999999996
23944,23945,173167525#1,12.979999999999999,0.0
23954,23955,173169611#1,14.834285714285713,29.88571428571429
23956,23957,173169611#2,10.24736842105263,1.0058479532163747
23958,23959,173169611#3,4.906315789473684,0.36257309941520477
23960,23961,173169611#4,16.70631578947368,3.0292397660818713
23962,23963,173169611#5,3.6711111111111108,0.69281045751634
23964,23965,173169612,5.1490909090909085,1.6545454545454543
23966,23967,173177776#0,20.977777777777778,4.444444444444444
23968,23969,173177776#1,5.113333333333332,0.25
23972,23973,173177780#2,10.114285714285714,0.952380952380953
23978,23979,173177790#0,14.16,0.0
23980,23981,173177790#1,15.34,0.0
23982,23983,173177790#2,2.36,0.0
23984,23985,173177791#0,2.0977777777777775,0.19444444444444445
23986,23987,173177791#1,9.57111111111111,0.36111111111111105
23988,23989,173177791#2,1.3111111111111111,0.1111111111111111
23990,23991,173177791#3,25.566666666666666,0.33333333333333304
23994,23995,173177794#2,9.496190476190476,2.7476190476190476
23998,23999,173180357#0,1.9666666666666666,0.33333333333333337
24000,24001,173180357#1,19.27333333333333,2.333333333333332
24002,24003,173180357#2,9.735,0.25000000000000017
24010,24011,173180361#0,1.4749999999999999,0.21428571428571433
24012,24013,173180361#1,2.36,0.0
24014,24015,173180361#2,25.28571428571428,15.95238095238095
24016,24017,173180362#0,3.54,0.0
24018,24019,173180362#1,14.16,200.0
24020,24021,173180362#2,3.3536842105263154,3.807017543859649
24022,24023,173180362#3,30.286666666666665,10.266666666666667
24024,24025,173180363#0,4.025882352941176,0.38235294117647056
24026,24027,173180363#1,14.553333333333333,2.333333333333334
24028,24029,173180364#0,31.13384615384615,7.2564102564102555
24032,24033,173182788,3.708571428571428,1.142857142857143
24034,24035,173182789,18.054,3.1222222222222222
24036,24037,173182790,3.647272727272727,2.6909090909090914
24038,24039,173182791,4.72,0.0
24040,24041,173182792#0,2.36,0.3333333333333333
24042,24043,173182792#1,3.54,0.0
24044,24045,173182793,3.54,0.0
24046,24047,173182794#0,2.9499999999999997,0.26315789473684204
24048,24049,173182794#1,15.34,0.0
24050,24051,173182795#1,9.44,98.0
24052,24053,173182795#2,5.8999999999999995,0.0
24054,24055,173182797#0,1.18,0.0
24060,24061,173182798#0,6.293333333333333,0.33333333333333326
24062,24063,173182798#1,3.271818181818182,0.5649350649350651
24064,24065,173182798#2,4.29090909090909,0.6545454545454545
24066,24067,173182798#3,4.326666666666666,0.33333333333333337
24070,24071,173184403#0,12.744,12.622222222222222
24072,24073,173184403#1,12.272,0.2999999999999998
24074,24075,173184403#2,9.675999999999998,2.6999999999999997
24076,24077,173184404#1,4.2775,5.316666666666666
24078,24079,173184404#2,6.784999999999999,1.0714285714285714
24082,24083,173185112#0,11.721333333333334,2.2095238095238092
24084,24085,173185112#1,9.046666666666667,0.8095238095238094
24088,24089,173201776,2.36,0.5454545454545454
24090,24091,173201777#0,18.973465346534653,4.273663366336634
24092,24093,173201777#1,11.108275862068965,5.46551724137931
24094,24095,173201780#1,4.169333333333333,1.4095238095238094
24096,24097,173201784#0,15.744571428571428,5.526050420168067
24098,24099,173201784#1,4.597931034482758,0.31034482758620696
24100,24101,173201784#2,3.329285714285714,0.22619047619047616
24102,24103,173203413#0,7.401818181818181,0.4181818181818181
24104,24105,173203413#1,2.8963636363636365,0.27272727272727265
24106,24107,173203413#2,3.647272727272727,0.09090909090909091
24108,24109,173203413#3,1.609090909090909,0.2545454545454545
24110,24111,173203413#4,4.326666666666666,0.33333333333333337
24112,24113,173203413#5,7.08,0.0
24114,24115,173203413#6,4.13,0.5
24116,24117,173203428,6.6866666666666665,0.2666666666666669
24118,24119,173203430#0,11.406666666666665,0.3333333333333335
24120,24121,173203431,5.73142857142857,1.0549450549450554
24128,24129,173658909,22.55111111111111,30.32828282828282
24130,24131,174321447,2.632617220801364,0.24947990770725886
24136,24137,174527895#1,57.583999999999996,47.7
24138,24139,174527895#2,1.6338461538461537,0.7564102564102564
24140,24141,174533456,29.821532730175623,2.5636248633373366
24142,24143,174597970#0,3.0155555555555553,0.93968253968254
24144,24145,174597970#1,10.957142857142857,0.3865546218487398
24146,24147,174597970#2,10.62,0.4615384615384614
24148,24149,174597970#3,9.925882352941176,3.1323529411764697
24150,24151,174597970#4,3.7288,0.64
24152,24153,174597970#5,7.9381818181818184,1.1601731601731604
24154,24155,174597970#6,4.965833333333332,0.43297101449275355
24156,24157,174597970#7,20.185531914893613,8.92321924144311
24158,24159,174609517#0,7.478474945533769,0.3743902989524902
24160,24161,174609517#1,0.6355821545157779,0.24877851031598708
24162,24163,174609517#3,0.5781875658587987,0.4020621306905339
24164,24165,174609517#4,4.302159916926272,0.5969348212338866
24168,24169,174611972#0,9.44,15.5
24170,24171,174611972#1,1.84375,0.6625
24172,24173,174645621,5.015,0.9166666666666666
24174,24175,174645622#2,7.248571428571428,1.1428571428571426
24176,24177,174645622#3,31.86,12.666666666666666
24178,24179,174645622#4,38.41555555555556,24.52777777777778
24180,24181,174645624#1,41.085454545454546,30.163636363636364
24182,24183,174645625#0,19.47,4.5
24184,24185,174645625#1,2.7533333333333334,2.333333333333333
24186,24187,174645626#1,6.524705882352941,0.25668449197860954
24188,24189,174645627#1,15.812,3.2999999999999994
24190,24191,174645627#2,1.18,0.0
24192,24193,174645627#3,14.553333333333333,1.333333333333333
24194,24195,174645627#4,16.165999999999997,6.011111111111111
24196,24197,174645627#5,12.979999999999999,2.0
24200,24201,175723854#0,2.1517647058823526,0.15441176470588236
24202,24203,175723854#1,13.569999999999999,1.3235294117647065
24208,24209,175761126,6.883333333333333,0.16666666666666666
24210,24211,175761127#0,15.252592592592592,13.994301994301994
24212,24213,175761127#1,13.766666666666666,0.7878787878787883
24220,24221,175761127#2,16.52,0.0
24222,24223,175761127#3,2.36,0.0
24224,24225,175761127#4,6.136,0.19999999999999996
24226,24227,175761127#5,3.1466666666666665,2.3333333333333335
24228,24229,175761127#6,1.18,0.0
24234,24235,175761129#0,8.12888888888889,5.611111111111111
24236,24237,175761129#1,2.865714285714285,0.28571428571428564
24238,24239,175761129#2,20.06,4.0
24240,24241,175761129#3,14.878260869565215,7.885375494071144
24242,24243,175761129#4,14.690999999999999,94.57631578947368
24244,24245,175761129#6,12.411851851851852,2.7977207977207987
24250,24251,175761134#2,14.16,0.0
24252,24253,175761134#3,10.03,4.5
24260,24261,175761134#7,41.3,0.0
24268,24269,175761138#0,4.13,0.5
24270,24271,175761138#1,1.18,0.0
24276,24277,175761138#4,1.18,0.0
24280,24281,175761139#0,2.596,0.19999999999999998
24282,24283,175761139#1,5.506666666666667,0.33333333333333326
24284,24285,175761142#0,1.4749999999999999,0.19999999999999993
24286,24287,175761142#1,4.13,0.2666666666666667
24288,24289,175761142#2,9.88952380952381,0.8476190476190476
24290,24291,175761142#3,4.425,20.891304347826086
24294,24295,175770990,20.846666666666668,2.333333333333332
24298,24299,176023654,31.00181818181818,132.81818181818184
24304,24305,176023661,163.00857142857143,69.47619047619042
24324,24325,176364764#0,1.18,0.0
24326,24327,176364764#2,4.248,1.8000000000000003
24332,24333,176364765#2,3.54,0.0
24334,24335,176364765#3,12.193333333333333,1.333333333333334
24336,24337,176550249#0,8.002748815165877,0.5884726138340628
24338,24339,176550249#1,2.6545397815912635,0.30634750390015597
24340,24341,176550249#2,16.410062111801242,6.109502236218037
24342,24343,176550249#3,7.167542503863987,22.6817940386925
24344,24345,176550249#4,15.367441860465116,5.035172613029034
24346,24347,176550249#5,23.383724340175952,22.801893454941634
24348,24349,176550249#6,44.13477239353891,259.4202297659153
24350,24351,176550257,31.86,2.0
24354,24355,178402482,8.26,0.0
24356,24357,178402484,16.52,4.666666666666667
24358,24359,179330003,1.5526315789473684,0.22807017543859645
24360,24361,179332240,6.034090909090908,0.428646934460888
24362,24363,179332241,3.708571428571428,0.7083333333333334
24364,24365,179332242,5.136025641025641,0.9136062861869312
24366,24367,179332243,3.3679166666666664,0.9357269503546101
24374,24375,181223451#0,42.08666666666666,0.3333333333333339
24376,24377,181223451#1,59.0,2.0
24378,24379,182424335,11.328,19.3
24380,24381,182753513#0,4.344855491329479,1.6018282027154196
24382,24383,182753513#1,3.3125301204819273,0.47458125183661465
24386,24387,182753515#0,30.36338218714769,204.93243769420852
24388,24389,182929773,8.419459459459459,0.4633906633906636
24390,24391,183036524#1,19.157499999999995,24.413792327899518
24392,24393,183036524#2,10.779522862823061,139.87411784274428
24394,24395,183036526#0,3.1185714285714283,0.6825396825396827
24396,24397,183036526#0.13,2.865714285714285,2.402116402116402
24398,24399,18333332#0,0.9006763285024153,0.18155808826978104
24404,24405,183728412#3,2.36,0.0
24406,24407,18809238#0,3.4238223938223937,0.3133051537306857
24408,24409,18809672#1,8.976962025316455,28.036351833820188
24410,24411,18809672#2,7.579230769230769,0.5849150849150851
24412,24413,18809672#3,1.6857142857142857,0.2481203007518796
24414,24415,18809672#5,4.563823529411764,0.32550482879719056
24416,24417,18809672#7,11.399245283018868,1.4593613933236562
24418,24419,18809672#8,7.4576,0.4261224489795917
24420,24421,18809673#1,33.36989247311828,8.813645857507538
24422,24423,18809673#10,3.515157894736842,0.3064327485380119
24424,24425,18809673#11,1.3312820512820511,0.25667459688078237
24426,24427,18809673#12,1.2707692307692307,0.17446471054718476
24428,24429,18809673#13,6.819794871794871,0.945968807824478
24430,24431,18809673#14,3.160229885057471,0.3582486213540628
24432,24433,18809673#15,18.920689655172414,3.0508271875622874
24434,24435,18809673#16,2.5837931034482757,0.20081722144707995
24436,24437,18809673#3,7.2667625899280575,0.7329818455704744
24438,24439,18809673#4,4.136124567474049,0.9730632449058051
24440,24441,18809673#5,2.482068965517241,0.28683927932227676
24442,24443,18809673#6,1.5638062283737024,0.2549500192233756
24444,24445,18809673#7,4.300192307692307,0.5394834633965069
24446,24447,18809673#8,2.4178431372549016,0.16507292572201304
24448,24449,18809673#9,3.0493069306930694,0.34362839269001516
24450,24451,18813598#1,10.7026,2.5960934891485805
24452,24453,18813598#2,8.0613468013468,0.5618296512057055
24454,24455,18813598#3,2.70822934232715,0.22864158424866673
24456,24457,18813598#4,2.988802698145025,0.256095893532656
24458,24459,18813598#5,2.5172006745362565,0.17985734469714218
24460,24461,18813598#6,5.1297495826377295,0.5046370483693563
24462,24463,18813598#7,12.664534686971233,1.2199317445295232
24464,24465,18813598#8,15.89705583756345,1.8428632883076632
24466,24467,18813598#9,13.559575971731448,1.7087713812189236
24468,24469,188625811,8.26,0.0
24470,24471,188625812#0,7.417142857142856,0.2380952380952381
24472,24473,188625813#0,1.4749999999999999,0.21428571428571433
24474,24475,188625813#1,12.979999999999999,0.0
24476,24477,188627193#0,2.145454545454545,0.7272727272727273
24480,24481,188627193#2,8.26,40.666666666666664
24488,24489,188740075#2,16.755999999999997,2.7
24490,24491,188740075#3,79.06,98.0
24492,24493,188740075#4,2.596,0.20000000000000004
24494,24495,188740075#5,10.62,0.0
24496,24497,188740076,4.6819354838709675,1.4989247311827965
24502,24503,188740080#1,4.8675,2.1250000000000004
24504,24505,188740081#0,3.6285,2.8403846153846146
24506,24507,188740084#1,11.799999999999999,0.0
24512,24513,18909061#1,11.8295,3.3583333333333347
24514,24515,18909063#1,2.832,0.30000000000000004
24516,24517,18909063#2,3.304,0.19999999999999996
24518,24519,189226234,8.555,1.2954545454545456
24522,24523,189226235#1,4.5725,2.9166666666666665
24524,24525,189226235#2,6.655199999999999,3.1566666666666663
24526,24527,189226238,4.72,0.0
24528,24529,189581966#1,4.72,0.0
24530,24531,190281933,3.306336633663366,0.3188020294566769
24532,24533,190281935#1,13.878053097345132,2.440432645034413
24534,24535,190281937#1,3.276891891891892,0.2832781761353189
24536,24537,190641749,4.82203007518797,0.22268406866222132
24538,24539,191157509,10.62,0.0
24540,24541,192768905,8.281454545454546,14.129292929292934
24542,24543,192768907#0,5.225714285714286,0.9149159663865538
24544,24545,192768907#1,1.9379562043795622,0.24523408465014299
24546,24547,192768909#1,6.467012987012986,1.1009252185722778
24548,24549,192768914,14.502738589211619,1.5167935609243257
24550,24551,192768918#1,13.999090909090908,3.0757575757575757
24552,24553,192768918#2,16.466363636363635,10.426406926406926
24554,24555,192768918#3,5.015,1.9285714285714286
24556,24557,192768918#4,11.013333333333334,1.8823529411764706
24558,24559,192768918#5,2.61030303030303,0.48484848484848475
24560,24561,192768919#1,4.067529411764706,0.5596638655462187
24562,24563,192768919#2,4.13,1.4578313253012047
24564,24565,192768919#3,3.273095238095238,0.8277395295467584
24566,24567,192768919#4,1.3510144927536232,0.4198635976129581
24568,24569,192768919#5,3.366470588235294,0.3959613696224757
24570,24571,192768919#6,3.92,0.3600233781414377
24572,24573,192768919#7,4.028275862068965,1.3696309739866905
24574,24575,192768919#8,4.2775,3.293181818181818
24576,24577,192768922,18.665454545454544,7.763636363636364
24582,24583,192768925,5.31,0.2999999999999999
24584,24585,192768926,9.70222222222222,2.8530465949820782
24586,24587,192768929,5.8999999999999995,0.0
24588,24589,192768933,3.54,0.0
24594,24595,192768954,5.8999999999999995,0.0
24596,24597,192768976,5.31,0.5
24598,24599,192768978,32.879090909090905,10.877742946708457
24600,24601,192768995#1,6.22676923076923,2.203365384615385
24602,24603,192769003#0,1.614022988505747,0.4072819081788583
24604,24605,192769003#1,10.646971428571428,1.5282101806239736
24606,24607,192769003#2,6.391167512690354,0.6727960219620845
24608,24609,192769008,4.250681818181818,0.4951671891327065
24610,24611,192769009#0,2.655,0.9166666666666666
24612,24613,192769015,3.754545454545454,0.8171368861024034
24614,24615,192769021,0.472,0.24705882352941172
24616,24617,192771013,74.33999999999999,2.0
24618,24619,192771014#0,4.72,0.0
24624,24625,192994888#0,17.5525,0.9821428571428577
24626,24627,192994888#1,3.2676923076923075,0.1923076923076923
24628,24629,192994888#2,13.1275,1.0500000000000003
24630,24631,192994888#3,11.862105263157893,4.830409356725146
24632,24633,192994888#4,11.144444444444444,2.1437908496732025
24634,24635,192994892,9.046666666666667,1.6333333333333333
24636,24637,192994893,11.799999999999999,0.0
24638,24639,192994895,9.038556701030927,3.666043480583303
24640,24641,192994897,20.604615384615382,3.435897435897435
24642,24643,192994898,25.665,10.249999999999998
24644,24645,192994900,25.00125,4.295833333333334
24646,24647,192994902#0,2.55951690821256,0.2091365320575959
24648,24649,192994902#1,5.640251572327044,0.3246556802802324
24650,24651,192994902#2,7.696305732484077,0.5331536828352116
24654,24655,192994906#0,38.94,0.0
24656,24657,192994906#1,11.209999999999999,0.5
24658,24659,192994906#2,8.26,72.0
24660,24661,192994907#0,0.5870351758793969,0.25125628140703515
24662,24663,192994907#1,8.57020618556701,0.6611025052080552
24664,24665,192994907#2,14.992941176470586,2.4705882352941178
24666,24667,192994907#3,11.564,1.5999999999999999
24668,24669,192994907#4,3.61375,0.3291666666666666
24670,24671,192994908#0,15.032173913043477,1.9288537549407119
24672,24673,192994908#1,23.82125,264.4153225806451
24676,24677,193026072,21.24,4.499999999999999
24678,24679,193382571,1.77,0.5714285714285714
24682,24683,193382573#1,6.489999999999999,0.2999999999999999
24684,24685,193384412#0,22.656,6.622222222222221
24690,24691,193384418,35.046,20.899999999999995
24692,24693,193385060#0,18.75578947368421,16.98830409356726
24694,24695,193385060#2,11.125714285714285,6.285714285714286
24696,24697,193386905,2.655,0.7500000000000001
24702,24703,193387819#2,1.18,0.0
24706,24707,193388832,315.06,0.0
24708,24709,193797087,70.96857142857142,23.142857142857128
24710,24711,193806654,33.11788778877888,8.773171370000435
24712,24713,193806655#0,35.885882352941174,127.88235294117646
24714,24715,193806655#1,9.332727272727272,6.490909090909092
24716,24717,193806656#0,41.89,7.363636363636366
24718,24719,193838916,13.373333333333333,2.333333333333334
24724,24725,193838918#0,2.36,1.0
24726,24727,193838918#1,14.946666666666665,0.3333333333333335
24728,24729,193838918#2,2.36,0.0
24732,24733,194116093,4.351249999999999,0.22916666666666669
24734,24735,194116097,12.744,3.6
24736,24737,194116099,6.716923076923077,3.0641025641025643
24738,24739,194116101,6.608,1.7999999999999998
24740,24741,194116103,12.881666666666666,5.210144927536232
24742,24743,194116105,10.992631578947368,6.116959064327486
24744,24745,194116108,11.263636363636362,5.116883116883118
24746,24747,194116110,7.866666666666666,0.25
24748,24749,194116112,5.8999999999999995,0.9411764705882353
24750,24751,194116114,12.586666666666666,2.333333333333334
24752,24753,194116116,10.148,0.7111111111111116
24754,24755,194116118,11.537777777777778,9.444444444444445
24758,24759,194116121#1,4.72,0.49999999999999994
24760,24761,194116124#0,3.7366666666666664,0.45505617977528096
24762,24763,194116124#1,4.261111111111111,0.6917057902973398
24764,24765,194116124#2,4.064444444444445,0.289308176100629
24766,24767,194116124#3,4.149032258064516,0.5913978494623657
24768,24769,194116124#4,3.54,0.6
24770,24771,194116141#1,2.9499999999999997,0.7
24772,24773,194119645,1.652,0.44897959183673464
24774,24775,194119647,5.277818181818182,4.994612794612793
24776,24777,194119649,21.24,8.0
24778,24779,194119651,1.5836842105263156,0.2547368421052632
24782,24783,194119654#0,3.7263157894736842,22.584795321637426
24784,24785,194119654#1,5.067058823529411,0.22058823529411786
24786,24787,194119654#2,18.29,1.0
24790,24791,194134001#0,9.833333333333334,0.3333333333333335
24792,24793,194134001#2,3.0342857142857143,2.9523809523809526
24794,24795,194134004#0,9.982162162162162,3.5330330330330337
24796,24797,194134004#1,14.497142857142856,81.81428571428572
24798,24799,194377108#0,4.596112266112266,0.32507393329453727
24800,24801,194377108#0.54,17.88031185031185,35.01408680753114
24802,24803,195073412#0,1.9324637681159418,0.5285592497868712
24804,24805,195073412#1,3.363,0.7059322033898306
24806,24807,195073413,8.226915887850467,0.6312819608534648
24808,24809,195073415,19.0688,3.542927580893679
24810,24811,195073416,13.209734513274336,0.94390012642225
24812,24813,195073418#0,3.7717857142857145,0.4295366795366796
24814,24815,195073418#1,7.997777777777777,0.6791277258566975
24816,24817,195073423,6.496704545454545,17.02853896103896
24818,24819,195966643#0,1.18,0.0
24820,24821,195966643#1,1.298,0.09999999999999999
24822,24823,195966645#1,2.247619047619047,0.39047619047619064
24824,24825,195966645#3,5.8999999999999995,0.4
24828,24829,195966645#5,3.933333333333333,10.333333333333334
24830,24831,195966646#1,3.0483333333333333,0.2651515151515151
24832,24833,195966646#2,2.491111111111111,0.6158730158730158
24834,24835,195966647#0,9.761818181818182,1.2181818181818185
24836,24837,195966647#1,4.72,1.0000000000000002
24838,24839,195966647#2,5.427999999999999,0.4888888888888887
24840,24841,195966647#3,6.047499999999999,1.8392857142857142
24842,24843,195966648#1,1.9666666666666666,0.3333333333333333
24844,24845,195966648#2,3.3433333333333333,0.1666666666666667
24846,24847,195966649#0,15.540851063829786,2.926919518963922
24848,24849,195966649#1,11.020754716981132,1.5747460087082732
24850,24851,195966649#2,20.343199999999996,4.063673469387755
24852,24853,195977239,11.884285714285713,2.225274725274726
24856,24857,196021038,12.979999999999999,1.5000000000000002
24858,24859,196172701,36.80379310344827,46.156382335148216
24860,24861,196172702#0,38.23552238805969,1079.580742902031
24862,24863,196172703,5.637777777777777,2.404040404040404
24864,24865,196172704#1,7.2237179487179475,64.98507030603804
24866,24867,196176498#1,13.433846153846154,1.7564102564102562
24868,24869,196873454,3.831827956989247,7.905563347358576
24870,24871,198836594,10.62,0.0
24880,24881,198836602,5.637777777777777,2.444444444444444
24882,24883,198836603,8.765714285714285,0.28571428571428575
24884,24885,198836604,8.85,37.900000000000006
24886,24887,198836605,6.114545454545454,1.563636363636363
24888,24889,198836606,4.505454545454546,0.9636363636363636
24890,24891,198836608,10.62,3.500000000000001
24892,24893,198836609#1,8.39111111111111,0.861111111111111
24894,24895,198836610#1,11.799999999999999,0.0
24896,24897,198836611#0,3.54,0.0
24900,24901,198836613#0,14.455,0.9166666666666665
24902,24903,198836613#1,18.88,79.33333333333333
24904,24905,198836614#1,4.72,0.6666666666666666
24906,24907,198836614#2,3.2449999999999997,1.5833333333333337
24908,24909,198836614#3,6.047499999999999,2.4107142857142856
24910,24911,198836615#1,3.0483333333333333,0.26515151515151514
24912,24913,198836615#2,13.216,1.1999999999999995
24916,24917,199227645#0,3.54,2.0
24922,24923,199797244,2.36,0.0
24926,24927,199797251#1,1.9666666666666666,1.3333333333333335
24928,24929,200658487#0,1.9666666666666666,0.3333333333333333
24930,24931,200658487#1,4.326666666666666,0.33333333333333337
24940,24941,200658487#6,1.18,0.0
24942,24943,200658487#7,7.08,0.24999999999999994
24944,24945,200741048,7.247375886524822,90.89784549298611
24946,24947,200741145#0,2.4136363636363636,0.04545454545454547
24948,24949,200741145#2,4.425,0.3863636363636362
24950,24951,200741145#3,4.484,0.7
24952,24953,200741145#4,3.1466666666666665,1.0
24954,24955,200741145#5,4.13,0.7
24956,24957,200741145#6,3.0541176470588236,0.25735294117647056
24958,24959,200741145#7,2.9499999999999997,0.5
24960,24961,200741145#8,4.523333333333333,2.966666666666667
24962,24963,200741145#9,3.2449999999999997,1.3571428571428572
24964,24965,200741155,4.827272727272727,0.20823620823620817
24966,24967,200741156,8.85,0.5
24968,24969,200741157,5.506666666666667,0.33333333333333326
24972,24973,200741161,4.72,0.0
24974,24975,200741163,4.13,0.5
24978,24979,200741168#1,9.44,0.0
24980,24981,200741170#0,7.67,0.5
24982,24983,200741170#1,6.0685714285714285,1.8095238095238095
24984,24985,200741172,1.18,0.0
24986,24987,200741176,14.553333333333333,66.33333333333333
24988,24989,200741177#0,4.72,0.0
24990,24991,200741177#1,3.54,0.0
24992,24993,200741177#2,1.77,0.5
24994,24995,200741178,8.597142857142856,6.571428571428572
24996,24997,200741179#0,8.653333333333332,2.2666666666666666
24998,24999,200741179#1,3.54,0.0
25000,25001,200741179#2,2.9499999999999997,0.5
25002,25003,200741181,49.559999999999995,12.666666666666663
25004,25005,200741183#1,2.992142857142857,0.25793650793650785
25006,25007,200741183#2,3.5936363636363633,0.1406926406926407
25008,25009,200741183#3,4.6505882352941175,0.4338235294117647
25010,25011,200741183#4,3.817647058823529,0.19117647058823525
25014,25015,200741188,4.72,19.0
25018,25019,200742227#1,7.08,0.0
25030,25031,200742227#15,9.44,0.0
25032,25033,200742227#16,2.865714285714285,0.2857142857142857
25034,25035,200742227#17,0.6742857142857143,0.28571428571428575
25036,25037,200742227#18,1.5171428571428571,0.23809523809523805
25038,25039,200742227#2,2.7533333333333334,1.3333333333333335
25044,25045,200742227#3,3.1466666666666665,1.3333333333333335
25052,25053,200742227#4,9.19157894736842,1.6198830409356735
25054,25055,200742227#5,2.5209090909090905,0.7900432900432903
25056,25057,200742227#6,8.138974358974359,2.7786774628879907
25058,25059,200742227#7,5.73142857142857,0.1428571428571428
25060,25061,200742227#8,13.317142857142857,1.904761904761905
25066,25067,200743816#1,2.36,0.0
25076,25077,200743816#6,2.7533333333333334,0.33333333333333337
25080,25081,200743817#0,5.8999999999999995,0.0
25082,25083,200743817#1,3.54,0.0
25098,25099,200743818#0,11.013333333333334,0.33333333333333304
25100,25101,200743818#1,1.652,0.6857142857142857
25102,25103,200743818#2,3.54,0.0
25104,25105,200743818#3,3.54,0.0
25106,25107,200743818#4,12.272,3.299999999999999
25108,25109,200743818#5,3.1466666666666665,0.33333333333333326
25110,25111,200743818#6,1.888,0.8
25112,25113,200743818#7,3.4705882352941178,0.3088235294117647
25114,25115,200743818#8,3.4705882352941178,0.3088235294117647
25116,25117,200743818#9,3.708571428571428,0.7936507936507935
25118,25119,200743819,3.54,0.0
25124,25125,200743822,5.8999999999999995,0.0
25132,25133,200743826,6.6866666666666665,1.333333333333333
25134,25135,200743827,21.711999999999996,1.2999999999999994
25142,25143,200743832,13.569999999999999,0.5
25150,25151,200743836,5.31,4.5
25154,25155,200743838,15.34,1.0
25158,25159,200743839#1,1.18,0.0
25160,25161,200743840,23.403333333333332,90.16666666666666
25162,25163,200743841#0,8.367272727272727,0.4909090909090909
25164,25165,200743841#1,3.877142857142857,0.6813186813186813
25166,25167,200743841#2,3.4705882352941178,1.058823529411765
25168,25169,200743843#0,1.5733333333333333,0.3333333333333333
25170,25171,200743843#1,3.933333333333333,0.33333333333333326
25174,25175,200743844#0,4.925217391304347,0.1501976284584981
25176,25177,200743844#1,33.912173913043475,7.656126482213438
25178,25179,200908887,10.257954545454545,0.7438610240334387
25180,25181,200908888#1,21.1692,177.0064646464647
25182,25183,200908901#0,4.72,0.0
25184,25185,200908901#1,12.979999999999999,0.0
25186,25187,200908901#2,57.95111111111111,65.36111111111111
25188,25189,200908907,8.12888888888889,2.104575163398693
25194,25195,200908911,14.16,7.0
25196,25197,200908916#0,3.449230769230769,21.07692307692308
25198,25199,200908916#1,1.278333333333333,0.08333333333333333
25200,25201,200908916#2,9.145,5.295454545454546
25202,25203,200908916#3,3.3254545454545457,0.16363636363636364
25204,25205,200908916#4,0.944,0.2
25206,25207,200908917,19.666666666666668,0.6666666666666664
25208,25209,200912350#0,7.67,0.3333333333333333
25210,25211,200927707,1.3945454545454545,0.16363636363636364
25212,25213,200949176#0,4.777518463810931,1.168353928738697
25214,25215,200949406,5.000952380952381,0.7904761904761906
25216,25217,200949407,31.466666666666665,12.33333333333333
25220,25221,200949408#1,2.832,1.3
25222,25223,200949414#1,17.194285714285712,11.285714285714286
25224,25225,200949417,10.03,0.5
25226,25227,200949419,21.24,0.0
25228,25229,200949421#0,3.54,0.0
25230,25231,200949421#1,7.08,2.0
25234,25235,200949427,6.843999999999999,0.7
25238,25239,200949433,5.015,0.25
25240,25241,200978113#1,4.514261992619926,12.999120081228535
25242,25243,201078447#0,14.651666666666666,1.7196969696969688
25244,25245,201078447#2,10.226666666666665,0.606060606060606
25246,25247,201078448#0,7.3878260869565215,0.38339920948616596
25248,25249,201078448#1,3.4886956521739125,0.3162055335968379
25250,25251,201078448#2,2.58125,0.6733870967741935
25252,25253,201078448#3,10.878124999999999,0.8215725806451615
25254,25255,201089420#0,3.722576219512195,3.4092987804878074
25256,25257,201089420#1,5.905400457665904,23.598452320645592
25258,25259,201089423#1,11.678054711246201,3.7661855644679005
25260,25261,201089423#2,5.474861821903787,0.7122736882729008
25262,25263,201143839,2.4386666666666668,0.06666666666666665
25264,25265,201143840,1.7811320754716982,0.2547169811320754
25270,25271,201201935#1,5.8999999999999995,0.0
25272,25273,201201935#2,5.31,4.5
25274,25275,201201935#3,2.9499999999999997,0.5
25276,25277,201201935#4,4.13,0.5
25278,25279,201201935#5,2.9499999999999997,0.5
25280,25281,201201935#6,7.08,2.0
25282,25283,201201935#7,7.67,0.5
25284,25285,201201936#0,1.9188785046728971,0.23628989596191138
25286,25287,201201936#10,3.6509401709401708,0.22384320660182735
25288,25289,201201936#11,4.96890625,0.892162893700787
25290,25291,201201936#12,3.58609375,0.13232037401574803
25292,25293,201201936#2,5.2209433962264145,0.24663072776280304
25294,25295,201201936#3,4.508490566037736,0.20566037735849052
25296,25297,201201936#4,3.5622641509433963,0.20916442048517525
25298,25299,201201936#5,2.983396226415094,0.2706199460916442
25300,25301,201201936#6,0.8237735849056603,0.21275831087151834
25302,25303,201201936#7,3.751509433962264,0.2056603773584905
25304,25305,201201936#8,3.6664285714285714,0.47490347490347484
25306,25307,201201936#9,3.58034188034188,0.3608900677866197
25308,25309,201201938#0,5.992328244274809,0.6994110606746164
25310,25311,201201938#1,5.933778625954198,0.5288156992103688
25312,25313,201201938#3,1.3288682745825602,0.1587753722644854
25314,25315,201201938#4,4.702322097378277,0.4237901497424651
25316,25317,201201939#1,3.4546540880503143,0.6372802456296737
25318,25319,201201940#0,14.11740072202166,1.5131847433683887
25320,25321,201201940#3,13.418812499999998,2.3534384796238235
25322,25323,201201945#1,21.05101195219123,381.3116490973901
25324,25325,201201945#10,1.8848006379585327,0.3205353403824444
25326,25327,201201945#11,11.578514376996806,6.453149940111814
25328,25329,201201945#2,0.8777015163607341,0.22105795930023522
25330,25331,201201945#3,11.908473221422861,2.185942765787369
25332,25333,201201945#4,3.4201269841269837,0.5536114578211477
25334,25335,201201945#5,3.602795869737887,0.24120387265740661
25336,25337,201201945#7,7.254328832406672,4.490080324682948
25338,25339,201201945#8,10.82386942675159,28.63387152028822
25340,25341,201201945#9,2.1129140127388535,1.0820152510975207
25342,25343,201201947,2.778363636363636,0.23094245204336936
25344,25345,201201948,2.832,0.24150943396226404
25346,25347,201201949#0,0.7164285714285713,0.24066924066924064
25348,25349,201201949#1,3.0342857142857143,0.247104247104247
25350,25351,201201950#1,16.68824880382775,63.21049331793434
25352,25353,201201950#2,14.195004784688994,26.41961722488038
25354,25355,201201950#3,3.5252783109404993,2.1045512121999925
25356,25357,201201950#4,12.409760765550239,1.3380813580450617
25358,25359,201201950#5,5.833994111874386,0.4831155009630386
25360,25361,201201953#1,14.873283582089552,94.2806528107128
25362,25363,201201953#10,12.801493123772103,4.203448169175317
25364,25365,201201953#11,14.430819672131147,1.7583061231359611
25366,25367,201201953#12,23.79203426124197,283.5356903254266
25368,25369,201201953#2,25.03301707779886,75.14975360928133
25370,25371,201201953#4,5.511992263056093,0.2637608144782813
25372,25373,201201953#5,3.418563106796116,0.16643118884817332
25374,25375,201201953#6,7.685009784735811,0.5875829783968387
25376,25377,201201953#7,8.562504892367905,0.6616016269521501
25378,25379,201201953#8,8.450098231827111,14.312578314744066
25380,25381,201202386#0,4.51604938271605,0.3798788436469594
25382,25383,201202386#1,8.799012345679012,0.8086803159266926
25384,25385,201234440,2.269230769230769,0.12550607287449392
25386,25387,201238718#0,25.122535545023695,643.589419136124
25388,25389,201238718#1,7.635215419501133,299.8226260613968
25390,25391,201238718#1.33,25.35191827468785,759.5023217418225
25392,25393,201238719#1,21.069230769230767,17.518193361269876
25394,25395,201238724#0,21.37111111111111,4.1010101010101
25396,25397,201238724#1,23.526249999999997,336.3452380952381
25398,25399,201238725#1,17.314379084967317,5.5518697096324905
25400,25401,201238725#2,4.3416507936507935,0.5242543726620169
25402,25403,201238725#3,8.290170454545454,1.3640167702667703
25404,25405,201238725#4,1.4979444444444443,0.3255261528938407
25406,25407,201238725#5,7.102944444444445,0.38123645930052635
25408,25409,201238726#0,9.511183294663573,11.791701289591535
25410,25411,201238726#1,47.964009216589865,623.6098434456853
25412,25413,201238730,9.706571879936808,4.855530225768398
25414,25415,201243223,24.779999999999998,10.285714285714286
25416,25417,201243226#1,5.494569420035149,2.9926633001160825
25418,25419,201243226#2,7.915269196822595,1.6062721627749588
25420,25421,201243230#1,8.119188544152745,3.0382963683626514
25422,25423,201278209#0,2.924347826086956,0.35177865612648224
25424,25425,201278209#2,5.8999999999999995,18.0
25426,25427,201278210#0,4.544255319148935,0.37051671732522795
25428,25429,201278210#1,6.236121212121212,1.7415373244641532
25430,25431,201278210#10,6.280265780730896,4.252469545957919
25432,25433,201278210#2,9.63011111111111,1.5325574177529484
25434,25435,201278210#3,4.204972375690607,0.3695518723143033
25436,25437,201278210#4,5.089560439560439,0.37098536822293704
25438,25439,201278210#5,19.119786096256682,3.2488068541199464
25440,25441,201278210#6,7.055416666666667,1.0257417102966842
25442,25443,201278210#7,8.676135265700482,1.384738051686131
25444,25445,201278210#8,4.80205298013245,0.8556137378715534
25446,25447,201278210#9,1.219202657807309,0.07222591362126242
25448,25449,201278214#0,8.402644721906922,42.21422567793425
25450,25451,201278218#0,2.5073819055244195,0.16707981770031405
25452,25453,201278218#0.62,38.487913340935,675.6498518715221
25454,25455,201286890#0,24.555238095238096,3.9619047619047607
25456,25457,201286890#1,4.495238095238094,0.261904761904762
25458,25459,201286890#10,11.617380952380952,1.0962421113023524
25460,25461,201286890#11,4.663809523809523,1.7808376362593232
25462,25463,201286890#12,2.36,0.9756097560975613
25464,25465,201286890#3,17.159166666666664,2.2590579710144927
25466,25467,201286890#4,13.274999999999999,1.0500000000000005
25468,25469,201286890#5,20.06,2.4
25470,25471,201286890#6,11.76974358974359,1.5519568151147092
25472,25473,201286890#7,15.646799999999999,1.828979591836735
25474,25475,201286890#8,9.27142857142857,0.7373271889400922
25476,25477,201286890#9,12.952235294117646,1.428011204481793
25478,25479,201286892#0,2.13875,0.4109042553191489
25480,25481,201286892#1,18.045862068965516,1.82486388384755
25482,25483,201400751#0,26.790985915492957,3.554124748490945
25484,25485,201400755#0,2.3348936170212764,0.19518963922294183
25486,25487,201400755#1,2.636170212765957,0.18316373728029597
25488,25489,201400755#2,2.2093617021276595,0.11378353376503236
25490,25491,201400763#0,11.799999999999999,0.5
25492,25493,201400763#1,5.113333333333332,1.0666666666666664
25494,25495,201400763#2,1.77,0.5
25496,25497,201400763#3,10.62,0.0
25498,25499,201400763#4,9.44,2.0
25500,25501,201414945#0,2.5075,0.24193548387096778
25502,25503,201414945#1,4.756875,0.4183467741935484
25504,25505,201414945#2,5.939333333333333,0.44712643678160924
25506,25507,201444272#0,3.258322580645161,0.23485546711353147
25508,25509,201444272#1,5.692159090909091,0.8316558441558441
25510,25511,201444272#2,6.0848192771084335,0.4722891566265063
25512,25513,201444272#3,6.410853658536585,0.4555962890917253
25514,25515,201775635,25.488,9.8
25516,25517,201775636,14.16,0.0
25520,25521,201775638#1,3.54,0.0
25522,25523,201775639#0,8.26,0.0
25524,25525,201775639#1,6.017999999999999,0.10000000000000003
25526,25527,201775640#0,3.0974999999999997,1.4107142857142858
25530,25531,201775641#0,9.046666666666667,0.6666666666666664
25532,25533,201775641#1,9.046666666666667,0.33333333333333326
25534,25535,201775642#1,9.046666666666667,0.26666666666666666
25538,25539,201775644#1,18.388333333333332,42.62878787878788
25540,25541,201775645#1,2.36,0.0
25542,25543,201777413,8.26,0.0
25544,25545,201777415#0,4.0077477477477474,0.25962325962325955
25546,25547,201777415#1,6.2675409836065565,0.28469945355191256
25548,25549,201777415#2,3.7144347826086954,0.1797101449275362
25550,25551,201777415#3,1.4365217391304348,0.17162471395881004
25552,25553,201789794#1,5.225202429149798,2.968488118824059
25554,25555,201789794#2,3.7107894736842106,0.24954673918839648
25556,25557,201789794#3,4.408211382113821,0.33703032859423215
25558,25559,201789795#0,7.380566037735848,8.039263252470802
25560,25561,201789796,8.959719298245613,149.94652360250365
25562,25563,201789797#0,15.077777777777778,5.194444444444445
25564,25565,201789797#1,11.93111111111111,2.111111111111112
25566,25567,201789798#0,1.7228991596638654,0.2531402034498011
25568,25569,201789798#1,3.310351966873706,0.7960705480099304
25570,25571,201789799#0,3.1532773109243695,0.5071030517470149
25572,25573,201789799#1,5.333599999999999,0.38936708860759484
25574,25575,201789799#2,5.192,0.5620041753653441
25576,25577,201828014#0,1.0889506172839505,0.12096281007529718
25578,25579,201828014#1,1.6323961661341853,0.23715900712705826
25580,25581,201828014#2,5.5908626198083065,0.39909478168264084
25582,25583,201828014#3,9.485530546623794,0.9533450886837472
25584,25585,201828014#4,5.674692556634304,0.4536838565964773
25586,25587,201880159#0,9.298964143426295,0.42879977097597644
25588,25589,201880159#1,7.605176908752327,1.6093832513410593
25590,25591,201880159#2,1.8214471243042671,0.2671476160589278
25592,25593,201880159#3,6.386126760563379,1.0116377276001682
25594,25595,201894096#0,2.6403167420814477,0.24956136300674112
25596,25597,201894096#1,3.9994930875576036,5.2729589936250125
25598,25599,201894096#2,1.2875520833333332,0.6574670909486512
25600,25601,201894096#3,3.127305699481865,3.781259672969518
25602,25603,201894096#4,9.44,3.574999999999998
25604,25605,201894096#5,3.884012539184953,0.5593935450799473
25606,25607,201894096#7,12.470454545454546,1.6987556170065676
25608,25609,201894096#8,13.931751824817518,2.259150824844254
25610,25611,201894099,12.979999999999999,9.500000000000002
25612,25613,201894100#0,2.1784615384615384,0.6410256410256411
25614,25615,201894100#1,21.554666666666666,3.9238095238095254
25616,25617,201894100#2,3.0342857142857143,0.26373626373626374
25618,25619,201894102,3.2449999999999997,0.3863636363636363
25620,25621,201926265#0,15.995555555555555,6.596825396825398
25622,25623,201926265#1,3.402333333333333,0.4098870056497175
25624,25625,201926265#2,7.842461538461539,0.5759615384615383
25626,25627,201926265#4,8.398823529411764,0.2352941176470588
25628,25629,201926265#5,7.98235294117647,2.5490196078431375
25630,25631,201926265#6,1.6264864864864863,0.24174174174174176
25632,25633,201926267#1,11.74013093289689,3.8744707681575505
25634,25635,201926267#3,2.093049180327869,0.2016097337747988
25636,25637,201926268#1,10.893876543209876,3.960896702223443
25638,25639,201926269#0,2.2813333333333334,0.06666666666666667
25640,25641,201926269#2,27.435,94.6
25646,25647,201931241#0,27.877499999999998,5.124999999999997
25648,25649,201931241#1,3.54,0.0
25652,25653,201931241#3,9.735,18.916666666666668
25654,25655,201933877#0,2.9795,0.8711538461538462
25656,25657,201933877#1,4.72,0.30303030303030315
25658,25659,201933877#2,4.557241379310344,0.3374384236453203
25660,25661,201933877#3,2.124,0.1655172413793104
25662,25663,201933878#0,3.788421052631579,2.175438596491228
25664,25665,201933878#1,2.2125,0.37500000000000006
25666,25667,201933878#2,18.486666666666665,1.333333333333333
25668,25669,201933878#3,8.653333333333332,0.33333333333333326
25670,25671,201933879#0,9.44,0.9158878504672889
25672,25673,201933879#1,11.142123893805309,1.0524652338811633
25674,25675,201933879#2,15.575999999999999,2.143859649122806
25676,25677,201933879#3,4.819846153846154,0.3571258199165176
25678,25679,201933879#4,7.293574660633484,0.5761826408885232
25680,25681,201933879#5,7.3882882882882885,0.6644653703477233
25682,25683,201933879#6,4.308713692946058,0.7030082987551863
25684,25685,201933880#0,7.997777777777777,0.9444444444444444
25686,25687,201933880#1,4.72,0.0
25688,25689,201933880#2,6.0685714285714285,0.8095238095238094
25690,25691,201933880#3,20.19111111111111,35.861111111111114
25692,25693,201933881#0,14.16,1.5
25694,25695,201933881#1,5.270666666666666,2.1238095238095234
25696,25697,201933881#2,8.496,0.2
25698,25699,201933881#4,8.915555555555555,2.527777777777778
25700,25701,201933881#5,1.7352941176470589,0.38970588235294124
25702,25703,201933881#6,8.318999999999999,0.7868421052631582
25704,25705,201933881#7,6.463181818181818,1.1855179704016916
25706,25707,201950247#0,7.08,0.0
25708,25709,201950247#1,8.732,13.299999999999997
25710,25711,201950247#3,6.608,0.2999999999999999
25712,25713,201950247#4,8.26,0.0
25714,25715,201950247#5,5.8999999999999995,0.0
25716,25717,201950247#6,4.13,0.5
25718,25719,201950247#7,11.209999999999999,1.6666666666666667
25720,25721,201950247#9,24.485,201.58333333333337
25722,25723,201950250#0,5.637777777777777,0.4444444444444444
25724,25725,201950250#1,12.474285714285713,1.6190476190476193
25726,25727,201950250#2,12.684999999999999,1.5833333333333328
25728,25729,201950259#0,9.518666666666666,0.8768361581920904
25730,25731,201950259#2,3.5898591549295773,0.3267605633802816
25732,25733,201950259#3,10.637611940298507,1.1058344640434183
25734,25735,201950259#5,9.712307692307691,0.8811188811188816
25736,25737,201950259#6,10.068478260869565,1.724199713330147
25738,25739,201950263#0,2.435012224938875,0.5106548731962222
25740,25741,201950263#1,1.6051470588235295,0.3244146552970083
25742,25743,201950263#10,5.219639639639639,1.1340776442356573
25744,25745,201950263#11,5.759582463465553,1.2138433451839181
25746,25747,201950263#12,2.2171189979123174,0.1568557227836933
25748,25749,201950263#13,4.257870722433459,0.9168060836501902
25750,25751,201950263#14,16.06373333333333,120.74905852417298
25752,25753,201950263#2,4.674846938775509,1.0189923795605194
25754,25755,201950263#3,2.576734693877551,0.2168171616472678
25756,25757,201950263#4,2.8670810810810807,0.2890866476232328
25758,25759,201950263#5,2.6172207084468666,0.1982549396226977
25760,25761,201950263#6,2.5625613079019076,0.1862985959113174
25762,25763,201950263#7,2.9292140921409215,0.2666725580299281
25764,25765,201950263#9,2.552296296296296,0.5575357535753573
25766,25767,201953160#0,10.94970588235294,2.5924056189640035
25768,25769,201953160#1,8.624411764705881,1.3211150131694473
25770,25771,201953160#3,9.21642105263158,1.7296752519596843
25772,25773,201953161#0,4.395072463768116,0.8789428815004264
25774,25775,201953161#2,6.071014492753623,0.2728047740835465
25776,25777,201953161#4,4.749873417721519,1.4096072703667641
25778,25779,201953161#5,4.167341772151898,0.3034728984096073
25780,25781,201953161#7,10.925925925925926,0.9194444444444445
25782,25783,201953161#8,2.491111111111111,0.19999999999999987
25784,25785,201953163#0,10.755632183908045,1.2889601710772525
25786,25787,201953163#2,8.626206896551723,0.9141940657578189
25788,25789,201953163#3,6.549662921348314,1.159346271705822
25790,25791,201953163#4,1.5554545454545452,0.21943573667711594
25792,25793,201956811#1,29.408222222222218,103.47995034140287
25794,25795,201956812,15.34,0.0
25796,25797,201956813#0,12.389999999999999,0.5
25798,25799,201956813#1,5.31,0.5
25800,25801,201956813#2,8.85,0.5
25802,25803,201956816#0,3.7411363636363633,0.2809561128526646
25804,25805,201956816#1,1.0995454545454544,0.22518286311389754
25806,25807,201956816#2,5.3268571428571425,1.6752747252747267
25808,25809,201956816#3,7.450857142857142,0.5829670329670331
25810,25811,201956816#4,2.270095238095238,0.16721611721611726
25812,25813,201956816#5,7.046285714285714,0.7203296703296705
25814,25815,201956816#6,4.543,0.2702020202020201
25816,25817,201956817,18.698155230596175,2.490864317635973
25818,25819,201956819#1,10.144157088122606,7.109519585046073
25820,25821,201956819#1.66,17.32814176245211,162.21411398008237
25822,25823,201956820,11.253095652173913,4.320248987777649
25824,25825,201956821#1,9.159625818521983,12.670704978390885
25826,25827,201956821#1.76,19.667955077211044,140.50285981432845
25828,25829,201963522#0,7.114705882352941,0.5748663101604278
25830,25831,201963522#1,8.711176470588235,0.8493761140819963
25832,25833,201963522#2,8.468235294117648,0.5739750445632799
25834,25835,201963522#3,8.433529411764706,0.85650623885918
25836,25837,201963522#4,7.08,0.7222222222222219
25838,25839,201963522#5,5.74906976744186,0.4187414500683993
25840,25841,201963522#6,3.9668085106382978,0.8355067490276823
25842,25843,201963522#7,3.257826086956521,0.2718585762064023
25844,25845,201963522#9,34.05142857142857,264.1238095238094
25846,25847,201963533#1,21.133017591339648,8.984994004202555
25848,25849,201963533#1.184,11.045888738127543,28.029883930151627
25850,25851,201963533#4,7.34904,3.444608811749002
25852,25853,201963533#5,5.516657754010694,0.44987615345517507
25854,25855,201963533#6,1.4544919786096255,0.18410182619962873
25856,25857,201963535,9.374686346863468,5.021864235262854
25858,25859,201963537#1,14.29590785907859,11.82812023556297
25860,25861,201963537#1.83,11.54204155374887,177.12977556044567
25862,25863,202070427#0,9.669833729216151,2.576258341816536
25864,25865,202070427#0.19,4.452636165577342,0.441999410147368
25866,25867,202070427#1,13.801931034482758,1.2671539806133791
25868,25869,202070427#2,6.907916666666667,0.45896171693735444
25870,25871,202070427#3,7.906276346604215,0.5625116821145456
25872,25873,202070429#0,0.8701260504201681,0.19384725499032418
25874,25875,202070429#1,4.376659663865546,0.3432200956092213
25876,25877,202070429#11,27.26707692307692,5.728636866213878
25878,25879,202070429#12,14.506422018348623,29.7749485115147
25880,25881,202070429#12.80,4.677422680412371,7.3970455246667415
25882,25883,202070429#13,7.296333333333333,21.35530066041016
25884,25885,202070429#2,1.802431289640592,0.25797398122979515
25886,25887,202070429#4,5.110820021299254,0.3923195523977563
25888,25889,202070429#5,10.72818763326226,27.165544438199316
25890,25891,202070429#8,13.926537634408602,29.325721957938335
25892,25893,202070430,9.588895899053627,4.706166362277935
25894,25895,202070431,10.938412698412698,3.845366103430621
25896,25897,202070434#0,15.469190439475714,562.9972633903496
25898,25899,202070434#1,2.7831406249999997,0.2677134235731039
25900,25901,202070434#2,5.170579029733959,0.40537105868483236
25902,25903,202070434#2.42,1.421005498821681,0.19881846971695652
25904,25905,202070435#1,4.243461538461538,1.0690045248868785
25906,25907,202070435#10,2.7716279069767444,0.23255813953488358
25908,25909,202070435#11,13.309302325581395,0.9678848283499452
25910,25911,202070435#12,11.168837209302326,0.6356589147286821
25912,25913,202070435#13,5.625581395348837,0.6589147286821705
25914,25915,202070435#14,10.235813953488371,0.5105204872646736
25916,25917,202070435#2,9.902745098039215,0.44313725490196115
25918,25919,202070435#3,1.5812,0.269795918367347
25920,25921,202070435#4,12.151489361702126,0.7789084181313598
25922,25923,202070435#5,7.5225,0.7925531914893619
25924,25925,202070435#6,1.609090909090909,0.23678646934460887
25926,25927,202070435#7,0.8045454545454545,0.22198731501057078
25928,25929,202070435#8,6.302272727272727,0.3694503171247359
25930,25931,202070435#9,3.8081818181818177,0.3192389006342495
25932,25933,202071401#1,6.437721518987341,6.371749000270599
25934,25935,202089409,9.477591297591296,0.9515504367759434
25936,25937,202089410#0,2.3252941176470587,0.14837576821773488
25938,25939,202089410#1,1.1457971014492754,0.02855924978687127
25940,25941,202092675,3.1630555555555553,0.2625735066542868
25942,25943,202092676#1,63.925019305019305,746.9503157642686
25950,25951,202167798,67.25999999999999,0.0
25954,25955,202167799#2,1.18,0.0
25956,25957,202167799#3,3.54,0.0
25958,25959,202167978,6.156521739130435,0.34910485933503843
25960,25961,202315053,14.16,1.0
25962,25963,202587960,69.61999999999999,0.0
25964,25965,202588111,30.68,0.0
25966,25967,202588112#0,13.327058823529413,5.42602495543672
25968,25969,202588112#1,12.305714285714286,1.5462184873949592
25978,25979,20266187#3,17.306666666666665,1.25
25980,25981,20266189#0,10.497931034482757,0.8817733990147781
25982,25983,20266189#1,15.454193548387098,2.223655913978497
25984,25985,20266190#1,17.994999999999997,23.481012658227844
25986,25987,20266190#2,14.695116279069767,1.097811217510259
25990,25991,20266194#0,7.793488372093023,0.8637873754152819
25992,25993,20266194#1,9.46408163265306,2.145408163265307
25994,25995,20266194#2,12.735094339622641,1.7445573294629904
25996,25997,20266194#3,10.41298245614035,1.147243107769423
25998,25999,20266194#4,9.19157894736842,1.0263157894736834
26000,26001,20266195#0,8.227222222222222,1.2849206349206348
26002,26003,20266195#1,6.031111111111111,0.44444444444444436
26004,26005,20266195#2,4.72,0.41379310344827575
26006,26007,20266195#3,2.512258064516129,0.38279569892473125
26008,26009,20266195#4,8.60705882352941,1.7205882352941175
26010,26011,20266196#0,14.946666666666665,0.24242424242424246
26012,26013,20266196#1,8.063333333333333,0.1515151515151515
26014,26015,20266196#2,31.466666666666665,2.333333333333335
26016,26017,202857378,5.077494305239179,0.22992271767508152
26018,26019,202952227,3.4613333333333327,1.3523809523809525
26020,26021,202952229,6.489999999999999,1.611111111111111
26022,26023,202952233,20.06,0.0
26024,26025,202952234#1,8.555,1.5833333333333333
26026,26027,202952237,5.8999999999999995,0.0
26028,26029,202952239,17.7,3.500000000000001
26030,26031,202952240,15.457999999999998,2.766666666666667
26032,26033,202952242#0,1.18,0.0
26034,26035,202952242#1,16.52,6.0
26036,26037,202952242#2,4.467142857142857,2.027472527472528
26038,26039,202956896,7.866666666666666,0.33333333333333326
26040,26041,202956898#1,6.293333333333333,0.3333333333333335
26042,26043,202956898#2,20.65,0.5
26048,26049,203033962#1,23.599999999999998,1.0
26050,26051,203033964,7.08,2.0
26054,26055,203033967,7.276666666666666,0.966666666666667
26056,26057,203033975,4.72,8.0
26060,26061,203033978,9.833333333333334,21.333333333333336
26062,26063,203033982#0,7.08,0.0
26068,26069,203033987#1,5.375555555555555,1.5277777777777777
26070,26071,203033987#2,17.7,0.0
26072,26073,203127018,20.57992081447964,19.935350390646004
26074,26075,203127020#0,5.067760497667185,0.7543222128761702
26076,26077,203127020#1,5.0762957198443575,0.28258966992739154
26078,26079,203127020#2,16.00455538221529,2.0057628534649576
26080,26081,203127020#3,14.006368627450978,22.405327669529374
26082,26083,203127020#4,12.133296616837136,132.42330609539243
26084,26085,203127039,6.537837837837837,0.42192192192192174
26086,26087,203127050,1.5104,0.45999999999999996
26088,26089,203127052,4.965833333333332,0.17210144927536222
26090,26091,203127053#0,4.72,0.24999999999999994
26092,26093,203127053#1,2.3127999999999997,1.2066666666666668
26094,26095,203127053#2,7.686857142857143,1.433613445378151
26100,26101,203132183,4.326666666666666,0.8350877192982455
26102,26103,203132184#0,3.77080684596577,0.4616472505872764
26104,26105,203132184#1,13.195073891625615,1.5222526302986081
26106,26107,203132184#2,11.176034115138592,3.7026953146356156
26108,26109,203132184#3,12.959863481228668,1.468885875917526
26110,26111,203132184#4,7.0415217391304346,0.7748871465906391
26112,26113,203132184#5,4.57568345323741,0.5863830674590763
26114,26115,203132184#7,16.39931818181818,4.806991012789491
26116,26117,203133165#1,3.304,0.39999999999999997
26120,26121,203139698,6.293333333333333,0.26666666666666666
26122,26123,203139699,3.54,0.0
26124,26125,203139701,8.934285714285714,1.8021978021978025
26126,26127,203139703,8.85,0.5
26128,26129,203139704,5.703333333333332,0.5666666666666668
26130,26131,203139705,5.8999999999999995,1.0
26132,26133,203139707,10.62,0.0
26138,26139,203139714#1,17.03625,3.0625000000000004
26142,26143,20314044#0,18.093333333333334,0.9696969696969696
26144,26145,20314044#1,7.945333333333333,2.6380952380952385
26146,26147,20314044#2,19.385714285714283,23.186813186813197
26148,26149,203227506,34.22,0.0
26150,26151,203227507,79.90285714285713,260.13756613756624
26152,26153,203227508#2,106.09272727272726,297.0909090909093
26156,26157,203253180,7.552,1.8285714285714287
26160,26161,203253183,21.594,2.536842105263157
26164,26165,203575340,18.093333333333334,44.266666666666666
26168,26169,203621191#0,29.5,256.6666666666667
26170,26171,203621191#1,3.658,0.7666666666666667
26176,26177,203912074,4.72,8.0
26180,26181,203912080#0,7.433999999999999,5.788888888888889
26182,26183,203912080#1,4.9559999999999995,2.622222222222222
26186,26187,203925326#1,8.934285714285714,1.2857142857142856
26188,26189,203925327,6.194999999999999,1.583333333333333
26190,26191,203925328#1,6.555555555555555,5.277777777777778
26192,26193,203971377#0,12.340833333333334,1.2083333333333335
26194,26195,203971377#1,5.8504201680672265,1.3456772539524287
26196,26197,203971378#0,5.611020408163265,2.8250250920040156
26198,26199,203971379,3.106278613472858,0.3019836391714807
26200,26201,203971380,3.815620437956204,0.20974667239158432
26202,26203,203971381#0,7.806153846153845,37.74038461538461
26204,26205,203976003#0,3.9895238095238095,0.3476190476190476
26206,26207,203976003#1,12.771764705882353,3.6544117647058822
26208,26209,203976003#10,12.389999999999999,1.0666666666666664
26210,26211,203976003#11,18.394117647058824,1.7573529411764697
26212,26213,203976003#12,22.462142857142855,2.8505291005291005
26214,26215,203976003#13,5.709677419354839,0.339784946236559
26216,26217,203976003#14,2.871333333333333,0.254022988505747
26218,26219,203976003#2,10.064705882352941,2.014705882352941
26220,26221,203976003#3,5.815714285714286,0.22527472527472525
26222,26223,203976003#4,12.305714285714286,0.879120879120879
26224,26225,203976003#5,6.6866666666666665,0.23809523809523805
26226,26227,203976003#6,8.915555555555555,0.6143790849673202
26228,26229,203976003#7,17.765555555555554,0.9967320261437908
26230,26231,203976003#8,13.504444444444443,1.202614379084968
26232,26233,203976003#9,6.012380952380951,0.3904761904761904
26238,26239,203986892,2.517333333333333,0.26666666666666666
26240,26241,203986894,14.16,0.0
26242,26243,203986896,2.2725925925925923,0.378917378917379
26244,26245,204005176,10.62,0.0
26246,26247,204005177,8.653333333333332,1.0666666666666667
26248,26249,20405617#0,15.34,3.999999999999999
26250,26251,20405617#1,12.979999999999999,0.5
26256,26257,20405618#0,9.046666666666667,26.666666666666664
26258,26259,20405618#1,9.636666666666665,1.9696969696969686
26262,26263,20405620,57.23,60.5
26264,26265,20405621#0,7.08,0.0
26266,26267,20405621#1,14.16,0.0
26268,26269,20405621#2,9.118181818181817,6.018181818181818
26270,26271,20405621#3,24.583333333333332,0.5666666666666667
26272,26273,20405622,25.016,116.7
26274,26275,20405623#0,14.497142857142856,1.9047619047619044
26276,26277,20405623#2,17.404999999999998,2.9166666666666665
26278,26279,20405623#3,14.632,2.8
26280,26281,20405623#4,5.664,0.7000000000000002
26282,26283,20405623#5,5.31,0.3333333333333335
26284,26285,20405623#6,3.54,0.0
26286,26287,20405623#7,4.72,0.0
26288,26289,20405624#0,10.03,0.3333333333333333
26290,26291,20405624#1,12.707692307692309,1.5256410256410255
26292,26293,20405624#10,16.598666666666666,3.6090909090909093
26294,26295,20405624#2,7.922857142857143,0.23809523809523814
26296,26297,20405624#3,1.888,0.3
26298,26299,20405624#4,5.506666666666667,0.2424242424242424
26300,26301,20405624#5,2.681818181818182,0.2181818181818182
26302,26303,20405624#6,2.8606060606060604,0.6268939393939394
26304,26305,20405624#7,5.834444444444444,0.4539682539682541
26306,26307,20405624#8,9.796744186046512,0.787375415282392
26308,26309,20405624#9,11.856190476190475,1.2171893147502901
26310,26311,20405626#0,16.6675,2.410714285714286
26312,26313,20405626#1,9.243333333333332,0.5666666666666667
26314,26315,20405626#2,9.945714285714285,0.9523809523809521
26316,26317,20405626#3,9.203999999999999,0.19999999999999996
26318,26319,20405626#4,15.575999999999999,2.2
26320,26321,20405627,11.406666666666665,3.8787878787878793
26322,26323,20405628#0,24.65243243243243,21.599099099099096
26324,26325,20405628#1,11.336428571428572,1.0621693121693119
26326,26327,20405628#2,3.9587096774193546,0.5698924731182796
26328,26329,20405628#3,23.651304347826088,18.498023715415016
26330,26331,20405628#4,16.87913043478261,1.7667984189723318
26332,26333,204095914#0,12.979999999999999,0.9113924050632914
26334,26335,204095914#1,7.279220779220778,1.6684894053315105
26336,26337,204095914#2,8.566493506493506,2.615857826384142
26338,26339,204095914#3,3.7595348837209297,1.635567715458276
26340,26341,204131033,3.812476722532588,1.2786695016537442
26342,26343,204388143,22.128831168831166,184.4877344877345
26344,26345,204388144#0,18.33290909090909,114.54453711426187
26346,26347,204414414,4.92395061728395,0.9197530864197534
26348,26349,204582496,5.113333333333332,12.333333333333334
26350,26351,204588664#0,13.154814814814815,1.0541310541310542
26352,26353,204588664#1,11.743809523809523,4.7476190476190485
26354,26355,204588664#2,10.509374999999999,3.248991935483871
26356,26357,204689829,4.9559999999999995,18.02857142857143
26358,26359,205106791,8.732,7.3
26362,26363,205182378#0,5.233360824742268,1.4074465365936784
26364,26365,205182378#1,2.791767151767152,0.3283350658350658
26366,26367,205182378#2,14.00054054054054,1.7254504504504504
26368,26369,205182378#3,7.480315581854043,1.0585946940461988
26370,26371,205182378#4,11.634980842911878,1.421864083952906
26372,26373,205182378#5,10.036807692307692,1.0250148214021042
26374,26375,205182378#6,6.764444444444444,0.5509931421667911
26376,26377,205182378#7,4.834124087591241,0.49337127530391384
26378,26379,205182378#8,3.2000733944954125,0.30472881813275793
26380,26381,205182378#9,9.12014652014652,40.869509695197785
26386,26387,205802904,31.741999999999997,6.766666666666666
26390,26391,20588624#0,27.139999999999997,0.0
26392,26393,20588624#1,12.389999999999999,6.277777777777778
26394,26395,20588624#2,11.078888888888889,2.4869281045751634
26396,26397,20588627,22.419999999999998,2.0
26398,26399,20588629#0,25.173333333333332,17.0
26400,26401,20588629#1,12.658181818181816,4.418181818181818
26406,26407,20588635#1,3.1466666666666665,0.2666666666666666
26408,26409,20588635#2,10.134117647058822,1.0073529411764706
26410,26411,20588635#3,28.62782608695652,106.47430830039525
26416,26417,20588641#0,14.992941176470586,1.3455882352941173
26418,26419,20588641#1,2.891,0.26052631578947366
26420,26421,20588641#10,10.03,11.17948717948718
26422,26423,20588641#2,5.792727272727273,0.37229437229437234
26424,26425,20588641#3,4.894814814814814,0.7464387464387463
26426,26427,20588641#5,10.45611111111111,4.0658730158730165
26428,26429,20588641#6,7.866666666666666,0.7291666666666666
26430,26431,20588641#7,1.888,0.31724137931034485
26432,26433,20588641#8,2.934871794871795,0.30904183535762486
26434,26435,20588641#9,8.32051282051282,0.6288798920377868
26436,26437,206286612,20.846666666666668,12.333333333333336
26440,26441,206290972,17.7,0.0
26442,26443,206406053#0,20.06,0.0
26446,26447,206411593#0,33.77882882882883,7.78266275325099
26448,26449,206411593#1,11.645158371040724,0.9872480460715751
26450,26451,206411595#0,9.335882352941177,1.305531167690957
26452,26453,206411595#1,17.99968253968254,2.6763952892985174
26454,26455,206411597#0,22.906597938144326,3.6943539340847185
26456,26457,206411597#1,19.84970297029703,3.0128565095315487
26458,26459,206411601#0,2.5285714285714285,0.1428571428571429
26460,26461,206411601#1,3.202857142857143,0.5714285714285714
26462,26463,206411605#0,4.13,1.5000000000000002
26464,26465,206411605#1,2.1914285714285713,0.14285714285714285
26466,26467,206411605#2,10.957142857142857,1.904761904761905
26468,26469,206411605#3,14.553333333333333,6.333333333333334
26470,26471,206411605#4,5.31,1.1
26472,26473,206411605#5,4.326666666666666,0.6666666666666667
26474,26475,206411605#6,2.36,0.0
26476,26477,206411605#7,25.075,2.9166666666666665
26478,26479,206411608,12.272,3.063636363636364
26480,26481,206413855,2.13875,0.1625
26482,26483,206413856,2.865714285714285,1.9523809523809526
26484,26485,206413857#0,4.5725,1.5535714285714284
26486,26487,206413857#1,13.766666666666666,1.333333333333333
26488,26489,206413858#0,8.653333333333332,1.8666666666666667
26490,26491,206413858#1,13.485714285714286,22.28571428571428
26498,26499,206567929,11.799999999999999,0.0
26500,26501,206567930,12.193333333333333,0.3333333333333335
26504,26505,206567932,8.796363636363635,0.8727272727272724
26506,26507,206567933,6.883333333333333,9.366666666666667
26508,26509,206567934,8.85,4.5
26512,26513,206567936#0,9.230645161290322,1.000793231094659
26514,26515,206567936#1,3.616129032258064,0.35642517186673706
26516,26517,206567936#10,4.13,0.5
26518,26519,206567936#11,2.36,0.0
26520,26521,206567936#12,19.27333333333333,5.151515151515155
26522,26523,206567936#13,25.828888888888887,0.8611111111111113
26524,26525,206567936#2,4.385666666666666,0.47768361581920893
26526,26527,206567936#3,3.54,0.9629629629629628
26528,26529,206567936#4,3.9825,0.5923913043478258
26530,26531,206567936#5,3.6939130434782608,0.9367588932806327
26532,26533,206567936#6,1.18,0.0
26536,26537,206567936#8,2.36,0.0
26538,26539,206567936#9,2.832,0.30000000000000004
26540,26541,207091116#0,39.637081850533804,1704.364056939502
26542,26543,207091132#0,2.479066265060241,0.16011975558602126
26544,26545,207091132#1,7.869624060150376,0.6985975095752929
26546,26547,207091132#3,5.9062292609351426,0.5275192805714438
26548,26549,207091132#4,10.203215094339622,1.4295308670124796
26554,26555,207218465#0,6.6866666666666665,0.6666666666666665
26556,26557,207218465#1,4.72,0.0
26560,26561,207221842,10.62,0.0
26562,26563,207789884#0,15.34,2.6666666666666665
26564,26565,207789884#1,29.5,0.0
26566,26567,207789884#2,18.486666666666665,2.3333333333333335
26568,26569,208010459#0,4.581176470588235,0.9852941176470588
26570,26571,208010459#1,8.532307692307691,0.6646153846153844
26572,26573,208010462,23.599999999999998,0.0
26574,26575,208117071#0,8.881052631578946,5.707602339181285
26576,26577,208117071#1,4.982222222222222,0.19444444444444442
26578,26579,208445147,9.322,0.5444444444444441
26582,26583,208882310,6.489999999999999,0.5714285714285714
26584,26585,209144149#0,7.08,0.0
26586,26587,20975939#0,26.549999999999997,1.6315789473684208
26588,26589,20975939#1,31.536078431372548,9.923898272180162
26590,26591,20975942#0,17.817999999999998,2.7666666666666666
26592,26593,20975942#1,12.389999999999999,2.8181818181818197
26594,26595,20975942#2,6.086315789473684,0.47368421052631615
26596,26597,20975942#3,7.218823529411764,0.7352941176470585
26598,26599,20975943#0,11.799999999999999,0.0
26600,26601,20975943#1,2.9499999999999997,0.3
26602,26603,20975943#2,5.015,0.7333333333333335
26604,26605,20975943#3,9.658518518518518,0.6951566951566954
26606,26607,20975943#4,16.913333333333334,1.5294117647058827
26608,26609,20975943#5,27.278823529411763,31.48529411764706
26610,26611,20975946#0,5.113333333333332,0.33333333333333326
26612,26613,20975946#1,3.933333333333333,0.33333333333333326
26614,26615,20975948#0,4.916666666666667,1.0606060606060608
26616,26617,20975948#1,15.93,1.1
26618,26619,20975948#2,22.656,2.7
26620,26621,20975950#0,5.99076923076923,2.243589743589743
26622,26623,20975950#1,14.553333333333333,1.333333333333334
26624,26625,20975952#0,17.994999999999997,0.25000000000000017
26626,26627,20975952#1,14.38125,10.829166666666664
26628,26629,20975954#0,13.924,27.7
26630,26631,20975954#1,13.654285714285713,0.9523809523809527
26632,26633,210464672,3.647272727272727,6.710227272727271
26634,26635,210464673#1,9.898888888888889,8.133986928104575
26636,26637,21224499#0,16.646428571428572,1.333766233766234
26638,26639,21224499#1,9.473714285714285,1.4403361344537813
26640,26641,21224502,2.373258426966292,0.011235955056179778
26642,26643,21224504#0,4.13,0.25999999999999995
26644,26645,21224504#1,12.5375,0.7663043478260867
26646,26647,21224504#2,11.492173913043478,0.5652173913043478
26648,26649,21224504#3,14.487777777777778,2.565359477124183
26650,26651,21224504#4,28.025,3.583333333333332
26654,26655,21224509#0,17.7,3.3333333333333335
26656,26657,21224509#2,33.04,0.0
26660,26661,21224509#4,42.67666666666666,18.56666666666666
26662,26663,21224509#5,9.44,1.1428571428571437
26664,26665,21224509#6,12.848888888888888,2.3611111111111107
26666,26667,213233768,10.62,0.0
26668,26669,213233771#1,10.09860465116279,17.490586932447396
26670,26671,213233773,11.209999999999999,11.483870967741934
26672,26673,213233776,24.779999999999998,16.0
26678,26679,213252671#0,2.812333333333333,0.31868993424380326
26680,26681,213252671#1,2.715075987841945,0.2198165188547001
26682,26683,213252672#0,13.864999999999998,2.3863636363636336
26684,26685,213252672#1,3.5656521739130436,0.4661835748792274
26686,26687,213252672#2,26.27891891891892,427.18622732321353
26698,26699,213252676#0,5.8999999999999995,18.307692307692307
26700,26701,213252676#1,14.16,9.099999999999998
26702,26703,213286562,1.18,0.0
26706,26707,213286567#1,5.8999999999999995,0.0
26708,26709,213286578,1.18,0.0
26710,26711,213286584#1,3.0036363636363634,0.6727272727272727
26712,26713,213286584#2,11.799999999999999,98.0
26722,26723,213286595#0,41.66307692307692,40.73076923076922
26726,26727,213286595#2,44.839999999999996,18.0
26728,26729,213286595#3,4.72,10.500000000000002
26730,26731,213286595#4,2.36,0.0
26732,26733,213286595#5,13.569999999999999,22.7
26734,26735,213328560#0,5.31,0.26666666666666655
26736,26737,213328560#2,3.4416666666666664,0.2651515151515152
26738,26739,213328560#4,4.326666666666666,0.4999999999999999
26740,26741,213328563#2,18.12909090909091,7.4545454545454515
26742,26743,213328563#3,2.7139999999999995,0.8999999999999999
26744,26745,213328570#0,1.18,0.0
26748,26749,213328578,4.326666666666666,0.33333333333333326
26750,26751,213328603#0,7.501428571428571,0.40109890109890106
26752,26753,213328603#1,2.36,0.0
26754,26755,213328603#2,3.54,0.0
26756,26757,213328605,10.816666666666665,1.366666666666667
26760,26761,213350772,4.72,0.0
26764,26765,213350773#1,1.18,0.0
26766,26767,213350775#0,9.833333333333334,0.3333333333333335
26772,26773,213842019,8.26,31.142857142857142
26774,26775,213842020,2.9499999999999997,1.0
26776,26777,213842021#1,9.44,8.0
26778,26779,213842021#2,1.5733333333333333,0.6666666666666667
26782,26783,213842022#2,1.18,0.0
26784,26785,215332293,6.742857142857143,4.571428571428572
26786,26787,215333129#0,1.977297297297297,0.28078078078078056
26788,26789,215333129#1,1.481860465116279,0.19490586932447398
26790,26791,215333129#2,9.982162162162162,1.5330330330330328
26792,26793,215333129#3,4.72,0.0
26794,26795,215333131#1,3.835,0.21428571428571427
26796,26797,215333131#2,18.407999999999998,0.7999999999999998
26798,26799,215333450,16.52,0.0
26800,26801,215333452,12.979999999999999,1.5999999999999999
26802,26803,215335392#1,7.08,11.333333333333334
26804,26805,215335393#0,1.9666666666666666,0.24999999999999992
26808,26809,215335395#1,5.31,0.3
26810,26811,215336394#0,1.18,0.0
26812,26813,215336394#1,3.54,0.0
26814,26815,215336394#2,6.489999999999999,0.3333333333333333
26816,26817,215336395,3.54,0.0
26820,26821,215336398#0,3.54,0.0
26822,26823,215336398#1,6.784999999999999,10.916666666666666
26824,26825,215336398#2,1.877272727272727,0.4437229437229438
26826,26827,215337378,8.85,0.5
26830,26831,215337579,3.2449999999999997,1.5833333333333333
26836,26837,215814551,17.025714285714287,4.9523809523809526
26844,26845,215826167#0,10.03,0.5
26846,26847,215826167#1,7.67,3.0
26848,26849,215826167#2,2.697142857142857,0.904761904761905
26850,26851,215827705,38.94,1.999999999999999
26854,26855,215843766#1,53.985,919.5833333333334
26856,26857,216169409#1,4.72,0.0
26858,26859,216169409#2,4.72,0.0
26860,26861,216187660,8.26,0.0
26870,26871,217272032,11.799999999999999,5.0
26876,26877,217272035,43.66,1.0
26880,26881,217389701,10.03,0.5
26882,26883,217407145,12.586666666666666,1.0666666666666664
26884,26885,217450843,2.242,1.8777777777777775
26886,26887,217450845#0,11.406666666666665,0.3333333333333335
26890,26891,217450845#2,2.596,0.7
26892,26893,217450846,8.26,3.0
26894,26895,217450847,5.8999999999999995,1.2000000000000002
26896,26897,217450850#0,2.467272727272727,0.0909090909090909
26906,26907,217652169,12.979999999999999,0.0
26908,26909,217652170,21.24,0.0
26910,26911,217892499,10.03,1.9
26916,26917,218006063#0,22.891999999999996,5.828571428571437
26918,26919,218006063#1,9.44,4.4
26920,26921,218647947#0,4.175384615384615,0.8184615384615384
26922,26923,218647947#1,22.725925925925925,8.507122507122505
26924,26925,218647954,48.379999999999995,8.0
26926,26927,218647958,8.26,0.49999999999999994
26932,26933,21966646#0,12.02125,0.6958333333333332
26936,26937,21966647#0,12.917894736842104,1.719298245614035
26938,26939,21966647#1,10.309473684210525,0.8713450292397668
26940,26941,21966647#2,2.7533333333333334,0.24242424242424232
26942,26943,21966647#3,6.883333333333333,0.5151515151515151
26944,26945,21966647#4,4.523333333333333,0.5666666666666667
26946,26947,21966647#5,24.779999999999998,18.0
26948,26949,21966647#6,5.31,0.5
26950,26951,21966647#7,44.25,4.5
26952,26953,21966648,31.07333333333333,34.33333333333334
26956,26957,219935546,41.46857142857143,13.36263736263737
26958,26959,220012723,12.398045454545453,59.30291468212878
26960,26961,220013328,14.93304632662611,7.844956176094792
26962,26963,220064167,22.419999999999998,0.3333333333333332
26964,26965,220275307,7.375,8.25
26966,26967,220351054,8.653333333333332,0.33333333333333326
26968,26969,220654221,6.017999999999999,2.988888888888889
26970,26971,220654222,4.72,0.0
26974,26975,220658740,3.776,0.19999999999999996
26984,26985,224251774#0,14.321796690307329,2.1231888315358027
26986,26987,224251774#1,12.09988950276243,3.678702390847305
26988,26989,22486112#0,4.523333333333333,0.5666666666666667
26990,26991,22486112#1,7.276666666666666,0.16666666666666666
26992,26993,22486112#2,9.30888888888889,1.8611111111111112
26994,26995,22486112#3,10.915,0.49999999999999994
26996,26997,22486112#5,8.367272727272727,0.4909090909090909
26998,26999,22486112#6,13.118823529411763,1.7352941176470589
27000,27001,22486115#0,12.979999999999999,2.0000000000000004
27002,27003,22486115#1,10.62,0.0
27004,27005,22486115#2,29.696666666666665,5.969696969696969
27006,27007,22486116#1,13.290526315789473,1.0935672514619883
27008,27009,22486116#2,15.222,1.673684210526316
27010,27011,22486118#0,18.56533333333333,2.2095238095238097
27012,27013,22486118#1,8.574666666666666,0.4781609195402298
27014,27015,22486118#2,4.839710144927535,0.4160272804774083
27016,27017,22486118#3,11.184347826086956,1.260869565217391
27018,27019,22486118#4,14.684444444444443,1.5641025641025637
27022,27023,22486119#1,9.177777777777777,0.4444444444444443
27024,27025,22486119#2,11.3575,1.2880434782608698
27026,27027,22486120#0,10.685555555555554,0.6194968553459116
27028,27029,22486120#1,14.707857142857142,2.107792207792208
27030,27031,22486120#2,9.44,2.599999999999999
27034,27035,22486121#1,11.406666666666665,0.9696969696969696
27036,27037,22486121#2,11.406666666666665,2.3333333333333335
27040,27041,22486124,17.994999999999997,258.24999999999994
27042,27043,22486126#0,6.424444444444444,0.9673202614379084
27044,27045,22486126#1,7.4487499999999995,0.7624999999999997
27046,27047,22486126#2,29.89333333333333,15.0952380952381
27048,27049,22486127#1,11.310731707317073,7.233363444745558
27050,27051,22486127#10,5.16952380952381,0.34761904761904766
27052,27053,22486127#11,4.785555555555555,0.4084967320261438
27054,27055,22486127#12,11.799999999999999,1.3333333333333333
27056,27057,22486127#2,2.741230769230769,0.31586538461538466
27058,27059,22486127#3,9.190384615384614,0.8367269984917042
27060,27061,22486127#4,8.555,1.720588235294118
27062,27063,22486127#5,2.9254166666666666,0.2548758865248228
27064,27065,22486127#7,6.469655172413792,0.4014778325123151
27066,27067,22486127#8,8.078461538461537,0.6153846153846159
27068,27069,22486127#9,5.8999999999999995,1.6551724137931032
27070,27071,22486129#0,13.4225,0.8392857142857141
27072,27073,22486129#1,12.389999999999999,2.4545454545454546
27074,27075,22486129#2,13.569999999999999,0.33333333333333304
27078,27079,224892361#0,2.7375999999999996,0.2205405405405406
27080,27081,224892361#1,4.393947368421053,0.3092982456140352
27082,27083,224892361#2,5.341891891891891,0.3622732321362459
27084,27085,224892361#3,6.753617021276596,0.5957446808510635
27086,27087,224892361#4,6.742857142857143,0.5833333333333334
27088,27089,224892361#5,0.9391836734693877,0.16581632653061232
27090,27091,224892361#6,2.889795918367347,0.2525510204081633
27092,27093,224892361#7,4.694347826086956,0.4217391304347826
27094,27095,224892361#8,171.1437037037037,8609.11396011396
27100,27101,224958871#0,11.092,2.7999999999999994
27102,27103,224958871#1,5.664,5.699999999999999
27104,27105,224999403,6.742857142857143,0.37362637362637385
27106,27107,224999404,1.18,0.0
27108,27109,224999405,3.54,0.0
27110,27111,225488970,10.435074626865672,222.7346537986759
27112,27113,225488971#1,13.129701492537313,1.0589720570081915
27114,27115,225488971#2,4.08390625,0.32917076771653514
27116,27117,225488971#3,3.32381679389313,0.36617733411626574
27118,27119,225488971#4,4.445581395348837,0.35174418604651175
27120,27121,225491672,7.08,6.5
27122,27123,225491673,9.735,0.25
27124,27125,225491674,8.39111111111111,0.11111111111111116
27126,27127,225491675,8.26,0.0
27128,27129,225491676,7.887368421052631,1.8947368421052633
27130,27131,225491677,6.124761904761905,0.46190476190476193
27132,27133,225491678,7.9381818181818184,0.41818181818181815
27134,27135,225491679,6.6866666666666665,1.4117647058823535
27136,27137,225491680,6.883333333333333,2.9666666666666663
27138,27139,225856329,7.67,60.5
27140,27141,225856330,28.71333333333333,9.466666666666663
27142,27143,22603930#0,10.915,0.25000000000000017
27144,27145,22603930#1,22.419999999999998,0.0
27146,27147,22603931,8.653333333333332,30.333333333333336
27148,27149,22603932#0,10.586285714285713,2.4991596638655458
27150,27151,22603932#1,13.143888888888888,4.00873015873016
27154,27155,22603934#0,8.26,0.0
27156,27157,22603934#1,23.836,1.2000000000000004
27158,27159,22603934#2,11.957333333333333,0.6952380952380955
27162,27163,22603937#0,20.596363636363634,1.5930735930735926
27164,27165,22603937#1,17.59272727272727,1.4199134199134196
27166,27167,22603937#2,3.3152380952380947,0.26190476190476203
27168,27169,22603937#3,31.579047619047618,3.790476190476192
27170,27171,22603937#4,13.593599999999999,0.843333333333334
27172,27173,22603937#5,19.116,29.95555555555556
27174,27175,22603938#0,11.328,0.30000000000000004
27176,27177,22603938#1,11.328,0.2999999999999998
27178,27179,22603939#0,26.746666666666666,4.333333333333334
27180,27181,22603939#1,14.16,0.0
27186,27187,22603940#2,5.8999999999999995,0.0
27188,27189,22603941#0,10.957142857142857,0.23809523809523822
27190,27191,22603941#1,2.596,0.39999999999999997
27192,27193,22603941#2,10.62,0.0
27194,27195,22603941#3,9.636666666666665,9.366666666666667
27198,27199,22603943#0,12.979999999999999,0.0
27200,27201,22603943#1,11.799999999999999,0.0
27202,27203,22603944#0,2.972426900584795,0.29392814637863574
27204,27205,22603944#1,3.9681097560975607,0.36588158629677914
27206,27207,22603945#0,1.5302819237147596,0.2090764339983361
27208,27209,22603945#1,17.56301824212272,0.827033161986304
27212,27213,226665981#0,37.83866666666667,10.495238095238099
27214,27215,226665981#1,42.48,12.142857142857153
27222,27223,226665982#11,32.64666666666667,22.266666666666662
27226,27227,226665982#13,38.54666666666666,82.33333333333336
27236,27237,226665982#6,64.89999999999999,0.0
27238,27239,226665982#7,24.779999999999998,0.0
27244,27245,226665983#0,4.72,0.0
27250,27251,226665984#0,34.58875,12.09583333333333
27252,27253,226665984#1,87.15142857142857,136.47619047619057
27254,27255,226665984#2,35.989999999999995,29.1
27266,27267,226665986#3,37.95666666666666,4.566666666666667
27280,27281,226665989#0,2.36,0.0
27292,27293,226665990#0,57.361111111111114,32.25163398692811
27294,27295,226665990#1,35.4,8.0
27296,27297,226665990#2,29.929090909090906,15.454545454545457
27304,27305,22690205#0,20.262626262626263,4.837559266130693
27306,27307,22690205#2,6.410746268656716,0.49163274536408846
27308,27309,22690205#3,23.495882352941173,2.2040998217468815
27310,27311,22690206#0,12.632941176470586,1.3455882352941166
27312,27313,22690206#1,21.693846153846152,6.0897435897435885
27314,27315,22690206#2,3.54,0.18181818181818182
27316,27317,22716069#0,16.814999999999998,14.386363636363638
27328,27329,22716072#4,9.44,3.0
27334,27335,22716549#1,10.132608695652173,1.2256038647343
27336,27337,22716549#2,4.442352941176471,0.34352941176470586
27338,27339,22716549#3,10.03,0.5000000000000004
27340,27341,22716549#4,4.0227272727272725,0.2532467532467533
27342,27343,22716549#5,3.76125,0.16249999999999998
27344,27345,22716549#6,8.12888888888889,0.45751633986928114
27346,27347,22724699#0,6.243272727272727,8.987878787878788
27348,27349,22724699#1,4.484,0.2740740740740741
27350,27351,22724699#10,2.2288888888888887,0.2222222222222222
27352,27353,22724699#11,2.891,0.2605263157894736
27354,27355,22724699#12,4.13,0.8529411764705882
27356,27357,22724699#2,8.088363636363637,0.6821548821548823
27358,27359,22724699#3,6.905185185185185,0.8078266946191479
27360,27361,22724699#4,6.265238095238095,0.5603948896631823
27362,27363,22724699#5,3.1164102564102563,0.23616734143049928
27364,27365,22724699#6,7.533846153846154,0.8744939271255058
27366,27367,22724699#7,5.143589743589743,0.2887989203778677
27368,27369,22724699#8,4.72,0.5714285714285714
27370,27371,22724699#9,2.8024999999999998,0.5166666666666667
27372,27373,22727412#0,2.873647058823529,0.24873949579831933
27374,27375,22727412#1,3.512235294117647,0.023249299719887963
27378,27379,229018941,12.71970588235294,90.11079032840114
27380,27381,229019260#0,6.136,38.83076923076924
27382,27383,229019260#1,55.12285714285714,199.45054945054943
27386,27387,229399961,6.405714285714286,0.619047619047619
27388,27389,23009002#0,19.883,3.8184210526315794
27390,27391,23009002#0.132,34.043,607.5026315789473
27392,27393,23009600#1,9.111693548387096,7.472884288885981
27394,27395,23009600#2,3.8043506493506496,0.884502305512078
27396,27397,230450339#0,12.154,2.011111111111111
27398,27399,230450339#1,9.44,1.2
27404,27405,230450345#0,9.735,18.916666666666668
27406,27407,230450345#1,1.18,0.0
27408,27409,230450347#0,13.516363636363636,1.8727272727272726
27410,27411,230450347#1,10.325,1.2954545454545454
27412,27413,230450350#0,1.273157894736842,0.07467994310099572
27416,27417,230450350#13,8.934285714285714,0.9523809523809521
27418,27419,230450350#14,4.13,0.3
27428,27429,230450350#2,5.703333333333332,0.2647058823529414
27434,27435,230450350#22,1.18,0.0
27436,27437,230450350#23,3.068,0.8
27438,27439,230450350#3,2.513913043478261,1.1185770750988142
27440,27441,230450350#4,1.7956521739130435,0.26086956521739135
27442,27443,230450350#5,3.1109090909090904,0.4545454545454545
27444,27445,230450350#6,3.54,0.0
27448,27449,230450350#9,3.54,0.0
27452,27453,230450353#1,10.62,0.0
27454,27455,230450353#2,10.226666666666665,0.25000000000000006
27456,27457,230450354#0,9.44,0.0
27458,27459,230450354#1,4.72,0.0
27460,27461,230450354#2,2.697142857142857,0.2380952380952381
27466,27467,230450355#2,11.406666666666665,2.3333333333333335
27472,27473,230450356#2,10.62,3.0
27474,27475,230450357#0,12.586666666666666,0.3333333333333335
27476,27477,230450357#1,11.799999999999999,5.199999999999999
27478,27479,230450360#0,1.9666666666666666,0.3333333333333333
27482,27483,230450360#2,3.54,0.0
27486,27487,230450360#4,1.18,0.0
27490,27491,230450361#1,4.72,0.0
27492,27493,230450361#2,2.655,0.24999999999999997
27496,27497,230450364#0,3.54,0.0
27498,27499,230450364#1,10.62,0.0
27500,27501,230450364#2,7.08,0.0
27502,27503,230450364#3,25.369999999999997,4.5
27504,27505,230450366#0,2.851666666666666,0.2651515151515152
27506,27507,230450366#1,4.012,0.30000000000000004
27508,27509,230450366#2,3.54,0.0
27510,27511,230450366#3,1.18,0.0
27512,27513,230450366#4,4.13,0.5
27514,27515,230450366#5,3.4557142857142855,0.3791208791208793
27516,27517,230450366#6,4.72,0.0
27518,27519,23059971,86.72999999999999,69.6666666666667
27520,27521,23101640#0,21.60307692307692,3.064102564102565
27522,27523,23101640#1,7.574838709677419,4.718279569892473
27524,27525,23101640#2,7.768333333333333,0.4184397163120568
27528,27529,23101656#1,2.655,0.24999999999999997
27530,27531,23101685#1,5.2881481481481485,1.0090845562543678
27532,27533,23101685#10,9.046666666666667,4.538461538461538
27534,27535,23101685#2,6.377021276595744,0.33302497687326554
27536,27537,23101685#4,2.935609756097561,0.2560975609756097
27538,27539,23101685#5,1.4678048780487805,0.18902439024390244
27540,27541,23101685#6,3.3887179487179484,0.2199730094466937
27542,27543,23101685#7,4.282962962962963,0.3960113960113958
27544,27545,23101685#8,25.26074074074074,1.8660968660968662
27546,27547,23101685#9,5.31,0.2608695652173913
27548,27549,23125141,3.5565863453815263,0.27545594854266126
27550,27551,23125142,10.998356713426853,1.2062196682521673
27552,27553,23128480#2,5.8999999999999995,12.0
27554,27555,23128564#0,2.152702702702703,1.4618659755646057
27556,27557,23128564#1,2.344054054054054,0.06830803406145873
27558,27559,23128564#2,21.845945945945942,2.0888559792669383
27564,27565,231526851,142.85866666666666,151.63809523809525
27566,27567,231526852#1,2.36,0.0
27568,27569,231526854#1,2.596,0.20000000000000004
27570,27571,231526855#1,1.888,0.3
27576,27577,231526859#2,2.36,0.0
27582,27583,231526860#2,8.26,0.0
27584,27585,231526860#3,3.54,0.0
27586,27587,23166741#1,4.879804983748646,0.32328796741738614
27588,27589,23166741#2,7.846032786885245,0.551845607490046
27590,27591,23166741#3,12.508,47.57724288840258
27592,27593,23166741#5,48.966803900325026,1280.0463592501112
27594,27595,23183627#2,60.18,3.0
27596,27597,23183634#0,41.3,10.0
27600,27601,23183634#2,25.369999999999997,3.0
27602,27603,23183634#3,60.474999999999994,14.916666666666666
27606,27607,23183649#0,7.997777777777777,0.48717948717948667
27608,27609,23184252#0,12.440571428571428,8.37310924369748
27610,27611,23184252#1,1.8010526315789475,0.2560455192034139
27612,27613,23184252#2,7.67,1.865853658536585
27614,27615,23184252#3,4.56054054054054,0.3423423423423426
27616,27617,23184274#1,13.117922077922076,21.97300068352699
27618,27619,23184274#2,6.474473684210525,0.5198245614035085
27620,27621,23184274#3,12.372121212121211,1.0536130536130537
27622,27623,23184274#4,7.932222222222222,57.47104851330203
27624,27625,23184317,9.102857142857143,0.8351648351648351
27626,27627,231966468#0,22.715,7.583333333333332
27630,27631,231966468#2,6.329090909090908,0.8545454545454545
27632,27633,23202117#0,15.34,1.9999999999999998
27634,27635,23202117#1,22.25142857142857,2.809523809523809
27638,27639,23202186#1,14.16,1.0
27640,27641,23202186#2,16.126666666666665,0.3333333333333335
27642,27643,23202186#3,22.715,1.5833333333333324
27644,27645,23202186#4,12.744,0.19999999999999996
27646,27647,23202195#0,41.89,4.5
27648,27649,23202195#1,20.06,0.0
27650,27651,23206058#0,11.24470588235294,0.559714795008913
27652,27653,23206058#1,18.88,4.242424242424241
27654,27655,23206058#2,8.968,0.6666666666666666
27656,27657,23206058#4,11.799999999999999,2.0
27658,27659,23206109,24.779999999999998,0.0
27660,27661,23206111#0,17.824210526315788,7.432748538011694
27662,27663,23206111#1,8.555,2.5681818181818183
27664,27665,23206111#2,4.827272727272727,1.290909090909091
27666,27667,23206114#1,11.83189189189189,5.415915915915915
27668,27669,23206120,34.02333333333333,20.966666666666665
27670,27671,23206153,26.195999999999998,31.2
27672,27673,23206178,16.52,7.0
27674,27675,23206325#1,1.18,0.0
27676,27677,23206325#2,7.08,0.0
27678,27679,23206325#3,8.26,0.0
27684,27685,23206339#1,10.226666666666665,2.380952380952381
27686,27687,23258631#0,7.514736842105263,0.48684210526315796
27688,27689,23258631#1,5.36566037735849,0.40638606676342515
27690,27691,23258631#10,4.05304347826087,0.3478260869565217
27692,27693,23258631#12,3.4886956521739125,0.22529644268774704
27694,27695,23258631#14,6.6866666666666665,2.333333333333333
27696,27697,23258631#15,5.506666666666667,0.33333333333333326
27698,27699,23258631#16,7.08,1.0
27700,27701,23258631#18,6.293333333333333,0.3333333333333335
27702,27703,23258631#4,7.685945945945945,1.2567567567567564
27704,27705,23258631#5,5.934705882352941,0.45365418894830656
27706,27707,23258631#8,5.448823529411764,0.8493761140819966
27708,27709,23291881,3.618666666666667,0.6545454545454545
27710,27711,23291898#0,37.223636363636366,5.882775119617225
27712,27713,23291898#1,7.281842105263158,0.46368421052631553
27714,27715,23291898#2,12.809210526315788,1.005438596491228
27716,27717,23291898#3,4.021315789473684,0.27140350877193004
27718,27719,23291898#4,8.834054054054054,0.6641984450203628
27720,27721,23291898#5,9.88463768115942,0.7088661551577153
27722,27723,23291898#8,5.31,1.961538461538462
27724,27725,23291898#9,2.781428571428571,0.24725274725274726
27732,27733,23291925#3,24.779999999999998,156.0
27736,27737,233673410#0,5.239011952191235,0.39649758223882803
27738,27739,233673410#1,3.6058692185007972,2.6576955339084125
27740,27741,233673410#2,4.6671782573940845,4.5179945643485215
27742,27743,233673410#3,5.835290322580645,12.481251789945041
27744,27745,233673410#5,6.627109311740891,3.402006574846293
27746,27747,233673410#6,1.936582587469487,0.24980188336694878
27748,27749,233673410#7,3.0400653061224485,0.2705175403494727
27750,27751,233673410#8,1.8266938110749185,0.2707133736318289
27752,27753,233673410#8.17,1.8051018744906275,0.2525809312225874
27754,27755,233673411#0,2.0043981900452486,1.6292101121385012
27756,27757,233673411#1,20.06427149321267,280.3478129713425
27758,27759,233673412#1,9.646614785992217,3.137189931906615
27760,27761,233673413#0,1.7360716952949962,0.26281241941479694
27762,27763,233673413#1,2.5106945481702763,0.1892093133331325
27764,27765,233673414#0,1.5290420168067227,0.22548736666383729
27766,27767,233673414#1,1.7511596638655462,0.2501655207537559
27768,27769,233673414#2,3.0580840336134454,0.27231983702571944
27770,27771,233673414#3,3.7449578414839793,0.26200947996900764
27772,27773,233673414#5,7.233220910623946,0.6199352809808121
27774,27775,233673414#7,6.8989207419898815,0.5591814411375959
27776,27777,233673414#8,15.817619047619047,87.69619534355475
27778,27779,233673415#0,5.463073047858941,3.309518357377295
27780,27781,233673415#1,1.2277974683544304,0.11003019983293705
27782,27783,233673415#2,4.321712846347607,0.3403302546879377
27784,27785,233673415#3,6.346243654822334,0.48512031619328144
27786,27787,233673416,9.219053497942387,1.0432183615459658
27788,27789,233673418,17.284738675958188,80.2008966643113
27790,27791,233673420#0,17.008460955269143,108.70104956046852
27792,27793,233673421,11.161440329218108,98.58283908192276
27794,27795,233673423,4.842825278810409,0.33240858902513437
27796,27797,233673424#0,6.421748071979435,0.5514138817480722
27798,27799,233673424#1,34.36984126984127,292.2384741695085
27800,27801,233673425#0,33.31908713692946,433.60464822243426
27802,27803,233675413#0,5.0749465240641705,0.4060502258588718
27804,27805,233675413#1,7.619973082099596,0.7579710723264387
27806,27807,233675413#2,7.914711409395974,0.7637223064155296
27808,27809,233675413#3,12.295093833780161,25.897549345952463
27810,27811,233675413#6,6.492104637336504,3.259818243587565
27812,27813,233675413#7,1.4359713945172825,0.17007120079876872
27814,27815,233675413#8,4.012562574493445,0.31675394904150583
27816,27817,233675413#9,2.563933253873659,0.22665919480231328
27818,27819,23422659,8.886875,1.4828629032258058
27820,27821,23436553#0,15.084864864864864,3.3963963963963977
27822,27823,23436553#2,40.12,0.0
27824,27825,23436553#3,3.942926829268292,0.7804878048780486
27828,27829,23441733#1,4.13,0.5
27830,27831,23442105#0,12.895714285714286,8.84065934065934
27832,27833,23442105#1,9.735,0.25000000000000017
27834,27835,23442105#2,9.145,1.6428571428571428
27836,27837,23442105#3,6.843999999999999,1.0666666666666662
27838,27839,23442105#4,9.794,5.788888888888889
27840,27841,23442105#5,8.968,14.3
27842,27843,23442105#6,12.979999999999999,0.0
27844,27845,23525483#0,13.749565217391304,2.146245059288537
27846,27847,23525483#2,5.178888888888889,0.486928104575163
27848,27849,23525483#3,4.982222222222222,1.241830065359477
27850,27851,23525483#4,12.094999999999999,7.0394736842105265
27852,27853,23525483#5,11.986315789473682,6.6959064327485365
27854,27855,23525483#6,15.93,0.7
27856,27857,23525483#7,3.7366666666666664,0.1666666666666667
27858,27859,235889973#0,17.7,7.0
27862,27863,23621940#0,31.007777777777775,13.153594771241828
27864,27865,23621955#0,7.610458715596329,1.897893306150189
27866,27867,23621955#1,4.306391752577319,0.5425257731958762
27868,27869,23621955#10,5.38531914893617,0.5711507664150081
27870,27871,23621955#11,6.226382978723404,0.5248226950354612
27872,27873,23621955#12,4.376310679611651,0.34570721492480494
27874,27875,23621955#2,6.266206896551724,0.7281475541299121
27876,27877,23621955#3,2.865714285714285,0.38095238095238104
27878,27879,23621955#4,5.1002222222222215,0.5803995006242194
27880,27881,23621955#5,4.792989690721649,0.6211340206185564
27882,27883,23621955#6,7.092291666666666,0.6841008771929823
27884,27885,23621955#7,7.952173913043477,0.810320114667941
27886,27887,23621955#8,9.690303030303031,1.066790352504638
27888,27889,23621955#9,5.2309278350515465,0.5605670103092782
27890,27891,23621983,14.16,84.0
27894,27895,23622051#0,36.344,5.955555555555555
27896,27897,23622052#0,36.58,2.0
27898,27899,23622054#0,31.466666666666665,1.333333333333334
27904,27905,23622056#4,16.52,4.0
27906,27907,23622056#5,3.9030769230769224,0.2215384615384615
27908,27909,23622056#6,5.809230769230769,0.3138461538461539
27910,27911,23622106#0,13.4225,1.4500000000000004
27912,27913,23622106#1,9.44,1.0000000000000002
27914,27915,23622106#10,4.822608695652174,1.5375494071146243
27916,27917,23622106#15,8.968,2.7525423728813556
27918,27919,23622106#16,1.6448484848484848,0.3962703962703964
27920,27921,23622106#17,3.3735897435897435,0.746087246087246
27922,27923,23622106#18,5.37051282051282,0.4583749583749583
27924,27925,23622106#19,8.68775,0.6390822784810128
27926,27927,23622106#2,10.1775,4.650000000000001
27928,27929,23622106#3,12.439166666666665,1.73731884057971
27930,27931,23622106#4,9.44,0.0
27932,27933,23622106#5,4.72,2.857142857142857
27934,27935,23622106#6,8.968,0.8000000000000002
27936,27937,23622106#8,2.145454545454545,0.36363636363636365
27938,27939,23622106#9,3.0036363636363634,0.6727272727272727
27940,27941,23622107#0,2.4622666666666664,0.07968680089485454
27942,27943,23622107#1,1.1642666666666666,0.013243847874720358
27944,27945,23622107#2,8.66635761589404,0.3739514348785872
27946,27947,23622107#3,14.998616352201257,2.49804951835045
27948,27949,23622107#4,4.0262637362637355,0.553002246372412
27950,27951,23622107#5,2.708196721311475,0.2531075481895154
27952,27953,23622107#6,4.986666666666666,0.5509116589625062
27954,27955,23622107#7,2.7449197860962564,0.30699787246276816
27956,27957,23622107#8,4.175854922279792,0.5518674438687392
27958,27959,23622128#0,13.433846153846154,2.089743589743589
27960,27961,23622128#1,6.489999999999999,16.333333333333332
27964,27965,23622131#0,3.068,0.7999999999999999
27966,27967,23622131#1,9.833333333333334,0.3333333333333335
27968,27969,23622131#2,67.60962962962962,201.29344729344723
27970,27971,23622140#0,13.569999999999999,5.9
27972,27973,23622140#1,13.569999999999999,7.1
27974,27975,23622140#2,65.29333333333334,110.5
27976,27977,23622141#0,1.18,0.0
27980,27981,23622141#2,21.83,0.3333333333333333
27982,27983,23622167#0,41.89,0.5
27984,27985,23622167#1,13.118823529411763,0.6102941176470589
27986,27987,23622170#0,23.54380952380952,23.04761904761905
27988,27989,23622170#1,11.492173913043478,0.7470355731225297
27990,27991,23622170#2,7.3422222222222215,0.2564102564102565
27992,27993,23622189#0,2.065,0.20454545454545456
27994,27995,23622189#1,25.173333333333332,9.33333333333333
27996,27997,23622189#2,31.017142857142854,6.571428571428573
27998,27999,23622189#3,30.54384615384615,16.346153846153847
28000,28001,23622189#4,1.290625,0.08770161290322581
28002,28003,23622201#0,12.979999999999999,0.0
28004,28005,23622201#1,19.666666666666668,0.33333333333333304
28008,28009,23622232#0,27.139999999999997,0.0
28010,28011,23622232#1,8.26,4.8
28012,28013,23622232#2,28.615,2.9166666666666656
28014,28015,23622249#0,11.968571428571428,0.8095238095238092
28016,28017,23622249#1,6.047499999999999,0.12500000000000003
28018,28019,23622271#1,12.276767676767678,81.03916718202431
28020,28021,23622271#3,8.181333333333333,181.23678160919533
28022,28023,23622271#4,3.068,0.31724137931034474
28024,28025,23622271#6,10.763513513513512,0.7110329507589784
28026,28027,23622271#7,2.391891891891892,0.13813813813813813
28028,28029,23622426,10.69431643625192,1.406796644216
28030,28031,23622443,13.778235294117646,3.5355575065847242
28032,28033,23622517#0,23.599999999999998,0.0
28034,28035,23622517#1,8.934285714285714,0.9523809523809524
28036,28037,23622517#2,7.473333333333333,0.26666666666666655
28038,28039,23622517#3,5.8999999999999995,0.0
28040,28041,23622520#0,18.05674418604651,1.4064230343300113
28042,28043,23622520#2,13.467733333333333,1.3268468468468475
28044,28045,23623583#0,7.08,0.5555555555555551
28046,28047,23623583#1,26.255,4.916666666666667
28048,28049,23623595,31.07333333333333,6.333333333333333
28050,28051,23623633#0,7.67,0.3
28052,28053,23623633#1,6.489999999999999,3.714285714285714
28054,28055,23623633#2,8.508421052631578,0.5087719298245614
28056,28057,23623640,10.114285714285714,1.6190476190476197
28058,28059,23623646,9.44,0.0
28060,28061,23623674#1,21.972413793103446,9.458128078817735
28062,28063,23623674#11,18.021818181818183,7.445887445887445
28064,28065,23623674#2,0.976551724137931,0.14778325123152708
28066,28067,23623674#3,1.99125,0.22177419354838704
28068,28069,23623674#4,1.2253846153846155,0.03846153846153846
28070,28071,23623674#5,2.6323076923076925,0.18461538461538468
28072,28073,23623674#6,1.6991999999999998,0.25666666666666665
28074,28075,23623674#7,4.72,0.47058823529411764
28076,28077,23623674#8,3.7366666666666664,0.16666666666666666
28078,28079,23623680,14.356666666666666,0.9666666666666668
28080,28081,23623681,6.263076923076922,1.0641025641025639
28082,28083,23623685,20.945,10.916666666666666
28086,28087,23623687#1,5.31,24.5
28092,28093,23623692#2,12.979999999999999,0.0
28094,28095,23623693,15.34,4.0
28096,28097,23623701#0,7.488461538461538,1.6753846153846157
28098,28099,23623701#1,5.192,0.5428571428571429
28100,28101,23623701#2,8.732,1.114285714285714
28102,28103,23623701#3,16.402,1.655555555555556
28106,28107,23623713#0,7.08,0.0
28108,28109,23623713#1,13.216,1.7000000000000002
28110,28111,23623713#2,2.0977777777777775,0.6944444444444444
28112,28113,23623715#1,3.176923076923077,0.23076923076923073
28114,28115,23623715#2,5.703333333333332,0.5666666666666667
28116,28117,23623715#3,2.0228571428571427,0.21978021978021975
28118,28119,23623717,17.246153846153845,6.756410256410258
28120,28121,23623720,40.356,20.37894736842106
28128,28129,23659379,35.4,0.0
28130,28131,240066908,11.209999999999999,1.5454545454545459
28132,28133,240187995#1,6.608,0.30000000000000004
28134,28135,24061189#0,4.888571428571429,0.4761904761904763
28136,28137,24061189#1,9.046666666666667,1.4666666666666663
28138,28139,24061189#2,4.13,0.3
28140,28141,24061189#3,2.36,0.0
28142,28143,24061326#0,16.0775,0.8392857142857145
28148,28149,24061326#3,4.72,0.0
28150,28151,24495014#0,21.784615384615382,88.26923076923076
28152,28153,24495014#1,3.129565217391304,2.5098814229249014
28154,28155,24495083#0,4.916666666666667,3.366666666666667
28156,28157,24495083#1,9.833333333333334,0.3333333333333335
28158,28159,24495083#2,8.653333333333332,0.75
28160,28161,24495083#3,33.82666666666667,182.26666666666665
28162,28163,24498193#1,4.884651162790698,0.6467331118493911
28164,28165,24498193#3,6.21235294117647,0.32174688057040995
28166,28167,24498193#4,3.0110344827586206,0.2561576354679803
28168,28169,24498193#5,3.580689655172413,0.32019704433497537
28170,28171,24498193#6,4.072903225806451,0.4559139784946237
28172,28173,24499966#0,3.6711111111111108,1.2564102564102564
28174,28175,24499966#1,19.066315789473684,2.6959064327485383
28176,28177,24499966#2,6.489999999999999,0.45454545454545453
28178,28179,24499968#0,4.0808333333333335,0.8677536231884061
28180,28181,24499968#1,15.76611111111111,10.3515873015873
28182,28183,24499968#2,1.6570212765957446,5.724329324699353
28186,28187,245375072#0,2.851666666666666,0.2651515151515151
28188,28189,245375072#1,3.408888888888889,0.36111111111111105
28190,28191,245375074#0,4.8183333333333325,0.4469696969696967
28192,28193,245375074#1,10.62,0.3333333333333333
28194,28195,245375074#2,11.564,2.2
28196,28197,245375074#3,10.62,0.0
28198,28199,245375074#4,49.774545454545446,24.563636363636363
28200,28201,24537805#0,6.403362701908957,1.2778529434930035
28202,28203,24537805#1,1.1365857247976452,0.07228307221479888
28204,28205,24537805#2,2.3773784977908687,0.1442191961606376
28206,28207,24537805#3,3.533048600883652,0.24167492400176688
28208,28209,24537805#4,18.819040590405905,3.223326265758965
28210,28211,24537805#5,5.467100591715976,0.46042598294491544
28212,28213,24537982#1,12.931411764705881,5.8503654716324425
28214,28215,24537982#2,3.393576642335766,0.5065478746243022
28216,28217,24537982#3,11.274598540145984,0.6605839416058406
28218,28219,24537982#4,8.377999999999998,0.7093525179856113
28220,28221,24598017,4.81076923076923,0.576923076923077
28222,28223,24599188#1,5.676756756756756,0.4842650870048132
28224,28225,24599188#2,16.120615384615384,2.258653846153847
28232,28233,246024697#0,11.799999999999999,0.0
28236,28237,246024698#0,10.62,1.0
28244,28245,246024701#0,8.007142857142856,4.335164835164836
28248,28249,246024704#1,2.36,0.0
28250,28251,24608842#0,16.588076923076922,4.173076923076923
28252,28253,24608842#1,4.854090909090909,0.19608879492600426
28254,28255,24608842#2,10.173513513513512,0.6306306306306302
28256,28257,24608843#0,21.58705882352941,23.595588235294127
28258,28259,24608844#0,8.26,2.0571428571428574
28260,28261,24608844#1,7.7437499999999995,1.8683510638297873
28262,28263,24608844#2,12.574375,16.197420634920636
28264,28265,24608845,13.161538461538461,5.815384615384619
28266,28267,24608846#0,25.959999999999997,1.0
28270,28271,24614922#0,18.71142857142857,0.901098901098901
28272,28273,24614922#2,10.265999999999998,0.4555555555555556
28274,28275,24614922#3,9.558,1.673684210526316
28276,28277,24634411#0,22.92571428571428,0.9523809523809526
28282,28283,24634413#2,8.09142857142857,0.8095238095238098
28284,28285,24634413#3,23.599999999999998,0.0
28286,28287,24634414#0,5.015,6.25
28288,28289,24634414#2,14.75,3.5
28290,28291,24634414#3,12.272,1.2999999999999996
28298,28299,24634414#7,6.194999999999999,0.25
28300,28301,24634414#8,10.62,128.66666666666666
28302,28303,24634415,10.62,12.4
28304,28305,24634416#0,24.779999999999998,0.0
28308,28309,24634505,8.442619047619047,0.8793746414228334
28310,28311,24634506#0,14.395999999999999,2.8444444444444446
28312,28313,24634506#1,2.36,0.0
28314,28315,24634506#2,11.799999999999999,0.0
28316,28317,24634507,29.5,0.0
28318,28319,24634508#0,15.143333333333333,1.7666666666666664
28320,28321,24634508#1,12.61125,3.2958333333333334
28322,28323,24634509#0,6.932499999999999,0.4107142857142856
28324,28325,24634509#1,10.4725,0.12500000000000006
28326,28327,24634509#2,4.13,0.5
28328,28329,24634509#3,3.835,0.25000000000000006
28330,28331,24634509#4,4.72,0.0
28332,28333,24634509#5,1.18,0.0
28334,28335,24634509#6,3.54,0.0
28336,28337,24634509#7,7.67,0.29999999999999993
28338,28339,24634510#0,25.857391304347825,5.433503836317135
28340,28341,24634510#1,2.2616666666666667,0.21327683615819204
28342,28343,24634510#10,4.804285714285713,0.5329670329670327
28344,28345,24634510#11,9.44,0.9230769230769234
28346,28347,24634510#12,2.0228571428571427,0.21978021978021978
28348,28349,24634510#13,5.478571428571429,0.40109890109890106
28350,28351,24634510#14,9.44,0.7272727272727271
28352,28353,24634510#15,7.276666666666666,0.5151515151515152
28354,28355,24634510#16,3.933333333333333,0.42424242424242437
28356,28357,24634510#17,8.555,0.75
28358,28359,24634510#18,8.063333333333333,0.6969696969696973
28360,28361,24634510#2,3.0583673469387755,0.24659863945578228
28362,28363,24634510#20,6.424444444444444,0.496732026143791
28364,28365,24634510#21,7.3422222222222215,6.88888888888889
28366,28367,24634510#3,7.922857142857143,0.49999999999999994
28368,28369,24634510#4,3.3433333333333333,0.26950354609929067
28370,28371,24634510#5,6.079565217391305,0.39855072463768115
28372,28373,24634510#7,12.867619047619048,1.1614401858304304
28374,28375,24634510#8,5.022564102564102,0.4588394062078273
28376,28377,24634510#9,14.356666666666666,1.797101449275362
28378,28379,24634511#0,8.428571428571429,0.901098901098901
28380,28381,24634511#1,14.75,0.5
28390,28391,24634513#4,3.54,3.5000000000000004
28392,28393,24634513#5,26.904,6.199999999999999
28394,28395,24634513#6,11.603333333333333,1.366666666666667
28396,28397,24634514#0,8.26,0.0
28398,28399,24634514#1,10.62,0.0
28408,28409,24634516#1,49.559999999999995,10.0
28410,28411,24634516#2,42.598,24.099999999999998
28412,28413,24634517#1,11.799999999999999,25.503999999999994
28414,28415,24634517#11,6.378378378378378,0.6366366366366366
28416,28417,24634517#13,7.017894736842106,0.5917496443812233
28418,28419,24634517#14,5.962105263157894,0.608187134502924
28420,28421,24634517#16,5.173846153846154,0.42307692307692263
28422,28423,24634517#17,0.66375,0.2625
28424,28425,24634517#18,6.8315789473684205,1.8421052631578947
28426,28427,24634517#19,5.31,0.2692307692307692
28428,28429,24634517#2,2.8444210526315787,0.2871220604703246
28430,28431,24634517#20,3.068,0.29999999999999993
28432,28433,24634517#21,2.9499999999999997,0.5
28434,28435,24634517#22,4.248,0.30000000000000004
28436,28437,24634517#4,8.686808510638297,0.7709906199954244
28438,28439,24634517#5,1.90275,0.26566455696202534
28440,28441,24634517#6,1.3208955223880594,0.10673903211216647
28442,28443,24634517#7,5.9553125,0.48983134920634913
28444,28445,24634517#8,6.3956,0.5342857142857148
28446,28447,24634517#9,4.6977358490566035,0.32656023222060965
28448,28449,24634518#0,20.06,3.384615384615383
28450,28451,24634518#1,12.881666666666666,1.7196969696969702
28452,28453,24634518#2,5.984285714285714,2.071428571428572
28454,28455,24634519#0,13.615384615384615,10.435897435897433
28456,28457,24634519#1,5.637777777777777,8.194444444444445
28458,28459,24634519#2,7.276666666666666,1.3666666666666667
28460,28461,24634521#0,15.93,0.5
28464,28465,24634521#2,10.62,0.0
28468,28469,24692304,7.67,0.5
28470,28471,24692328#0,8.15074074074074,1.0667365478686237
28472,28473,24692328#1,5.417272727272727,0.43340380549682883
28478,28479,24692391#2,7.288235294117647,2.5294117647058827
28480,28481,24693977#0,13.7691961414791,53.79684804658928
28482,28483,24693977#1,7.741611170784103,0.32830232262684367
28484,28485,24733323#0,3.476216216216216,2.052552552552553
28486,28487,24733323#1,47.36857142857143,91.5285714285715
28488,28489,24733323#2,5.850140845070422,2.7553319919517105
28490,28491,24733323#3,21.765290322580643,19.845999162128184
28492,28493,24733323#4,13.442432432432431,21.31007034431692
28494,28495,24733323#5,12.963062200956937,11.475754508649256
28496,28497,24754837#0,5.275294117647059,0.6397058823529411
28498,28499,24754837#1,31.165882352941175,10.382352941176473
28500,28501,24754837#2,5.860666666666667,0.44712643678160935
28502,28503,24754837#3,3.376111111111111,0.18015873015873016
28504,28505,24754837#4,2.0977777777777775,0.17777777777777778
28506,28507,24754837#5,16.695744680851064,2.0860314523589256
28508,28509,24754837#6,8.087916666666667,0.5527482269503549
28510,28511,24754837#7,9.462692307692308,0.881975867269985
28512,28513,24754837#8,3.169803921568627,0.29960784313725486
28514,28515,24754837#9,3.979607843137255,0.7184313725490198
28516,28517,24754854#0,7.80111111111111,0.36928104575163395
28518,28519,24754854#1,7.15375,0.32916666666666666
28520,28521,24754854#2,8.26,0.0
28522,28523,24754854#3,12.193333333333333,0.3333333333333335
28524,28525,24754876#0,3.0818823529411765,0.2641456582633052
28526,28527,24754876#10,4.315890410958904,0.3232876712328766
28528,28529,24754876#11,3.9592893401015226,1.4343209364964264
28530,28531,24754876#12,26.35532994923858,200.3463690044546
28532,28533,24754876#2,15.243673469387755,1.952030296654745
28534,28535,24754876#3,4.190204081632653,0.3530401851462233
28536,28537,24754876#4,6.28991304347826,0.4337147215865751
28538,28539,24754876#5,4.246065573770491,0.705121257282211
28540,28541,24754876#7,4.812056737588652,0.5438703140830802
28542,28543,24754876#8,4.2283333333333335,1.027972027972028
28544,28545,24754876#9,0.9536986301369863,0.28020784128483683
28546,28547,24754881#1,8.228251121076234,5.674948491091987
28548,28549,24754881#2,1.8651612903225805,0.3094384707287932
28550,28551,24754881#3,1.8053456221198156,0.27803379416282636
28552,28553,24754881#4,1.2071889400921658,0.12446663253114863
28554,28555,24754881#5,0.6610185185185186,0.24752368647717485
28556,28557,24754881#6,3.0079768786127166,0.5048393601290496
28558,28559,24754881#7,4.024277456647399,0.27826320742035227
28560,28561,24754890#0,55.459999999999994,0.0
28562,28563,24754890#1,12.193333333333333,2.333333333333334
28564,28565,24754890#2,10.62,1.9999999999999998
28566,28567,24754893,26.50461538461538,1.4358974358974361
28568,28569,24762523#0,13.969677419354838,2.2731182795698928
28570,28571,24762523#1,4.72,0.40000000000000013
28572,28573,248012815,5.8103550784475635,3.0338931693634783
28574,28575,24846867#1,6.784999999999999,4.916666666666667
28576,28577,24846867#2,9.145,0.25
28578,28579,24846867#4,10.395238095238096,1.6619047619047613
28580,28581,24846867#5,7.3878260869565215,48.110671936758884
28582,28583,24872465,6.1832,2.1899999999999995
28584,28585,24872530#0,17.534579439252337,4.046199964732851
28586,28587,24872530#1,6.534249999999999,3.087183544303797
28588,28589,24872530#2,0.9248648648648649,0.19918548685671972
28590,28591,24872530#3,16.52,12.608695652173916
28592,28593,24872530#5,8.496,1.2
28594,28595,24882619,50.739999999999995,824.6666666666669
28596,28597,24890429#2,8.856210526315788,3.6985662750901893
28598,28599,24895299#0,5.225714285714286,0.8791208791208793
28600,28601,24895299#1,10.095555555555555,1.5277777777777781
28602,28603,24895300#1,29.89333333333333,408.33333333333337
28604,28605,24895300#2,8.85,3.0
28606,28607,24895300#3,10.855999999999998,1.2
28608,28609,24895300#4,8.653333333333332,1.8666666666666665
28610,28611,24895300#5,59.589999999999996,37.42857142857142
28612,28613,24895300#6,11.209999999999999,2.571428571428572
28614,28615,24895308,7.08,0.0
28616,28617,24895312#0,12.193333333333333,1.8666666666666667
28618,28619,24895312#1,27.729999999999997,0.5
28620,28621,24895312#2,9.735,0.25000000000000017
28622,28623,24895312#3,20.355,0.2499999999999997
28624,28625,24943166#0,3.304,1.2888888888888888
28626,28627,24943166#1,10.325,0.25
28628,28629,24943166#2,12.586666666666666,1.333333333333333
28630,28631,24943166#3,6.883333333333333,6.166666666666667
28634,28635,24943168#0,14.621739130434783,1.5217391304347823
28636,28637,24943168#1,14.778095238095236,1.4619047619047616
28638,28639,24943168#2,10.226666666666665,0.3333333333333335
28640,28641,24943168#3,20.945,5.933333333333334
28642,28643,24943168#4,16.126666666666665,8.333333333333336
28644,28645,24943168#5,15.34,7.0
28646,28647,24970784#1,13.569999999999999,1.9615384615384615
28648,28649,24970784#3,2.781428571428571,0.24725274725274715
28650,28651,24970784#5,5.96051282051282,1.4183535762483137
28652,28653,24971737#0,12.31027027027027,77.53003003003003
28654,28655,24972185#2,13.140198675496688,5.539647092473208
28656,28657,24972185#3,8.734432989690722,1.2826164237468896
28658,28659,24972185#5,8.451696750902526,0.9409040966881184
28660,28661,24972185#7,10.38051660516605,1.17717643843105
28662,28663,24972185#8,12.246838235294117,1.6088425222487552
28664,28665,24972185#9,15.149248120300753,72.55867498936026
28666,28667,24977473#0,2.839375,1.9909274193548387
28668,28669,24977473#1,6.26875,0.5443548387096774
28670,28671,24977473#2,5.561188118811881,584.0267326732675
28672,28673,24977473#4,41.97762376237623,724.7269306930696
28674,28675,24977548#0,10.976744186046512,2117.5016611295687
28676,28677,24977548#1,3.3584615384615386,1.2388663967611337
28678,28679,24977548#2,2.5745454545454542,1.5284090909090906
28680,28681,24977548#3,14.803636363636363,11.872727272727271
28682,28683,24977577#0,1.9252631578947368,0.4678362573099417
28684,28685,24977577#1,7.122142857142856,0.554232804232804
28686,28687,24977590#1,8.173789954337899,2.732459071166053
28688,28689,24978943#0,8.26,0.0
28690,28691,24978943#1,11.799999999999999,0.0
28692,28693,24982784#0,12.586666666666666,2.3333333333333335
28694,28695,24982784#1,15.733333333333333,2.0000000000000004
28696,28697,24982784#2,12.586666666666666,1.9523809523809526
28698,28699,24989826#0,4.248,0.2571428571428572
28700,28701,24989903,14.3075,3.85
28702,28703,24989982#2,7.837439570277528,0.9110745307932465
28704,28705,24989986,1.5241666666666667,0.21557971014492755
28708,28709,24991571,9.82225352112676,0.9558862609619982
28710,28711,24991573,1.9334272300469482,0.2319071662680486
28714,28715,25000737#1,5.113333333333332,2.333333333333333
28716,28717,25000737#2,1.9666666666666666,0.3333333333333333
28718,28719,25001007#1,6.378378378378378,2.4144144144144146
28720,28721,25001024,13.629,2.471052631578947
28722,28723,25012173,19.666666666666668,9.333333333333336
28724,28725,25027491#2,15.143333333333333,1.3666666666666667
28726,28727,25027491#3,4.72,0.6666666666666666
28728,28729,25076749#0,23.413684210526313,2.362573099415201
28730,28731,25076749#1,11.28972972972973,1.4189189189189197
28732,28733,25076749#2,10.830714285714285,1.0410052910052916
28734,28735,25076787#0,19.27333333333333,4.333333333333335
28736,28737,25076787#1,14.094444444444443,3.4673202614379086
28738,28739,25076787#2,9.015199999999998,1.1566666666666674
28742,28743,25114091,9.400666666666666,16.929885057471264
28744,28745,25117288#1,22.419999999999998,2.571428571428572
28746,28747,25117391#0,7.505935828877005,25.984638213072216
28748,28749,25117391#1,6.256524064171122,0.38299809321730194
28750,28751,25117391#2,5.922445652173913,0.24214399952612245
28752,28753,25117391#3,10.985543478260869,0.5849721596967183
28754,28755,25117417#1,12.271151079136692,28.611458940955337
28756,28757,25117417#2,6.92206500956023,0.4801359677076699
28758,28759,25117417#4,10.244647619047619,1.5226681206833896
28760,28761,25117417#5,1.5785283018867924,1.664546848806934
28762,28763,25122731#1,8.3544,4.909999999999999
28764,28765,25122830#0,9.648235294117645,0.9044117647058826
28766,28767,25122830#1,8.437,0.976315789473684
28768,28769,25136251,14.553333333333333,4.333333333333333
28772,28773,25136980#0,43.07,13.100000000000005
28774,28775,25136980#1,18.093333333333334,4.333333333333333
28776,28777,25136980#2,2.9499999999999997,4.5
28778,28779,25136980#3,18.29,1.9
28780,28781,25136980#5,14.613846153846154,1.7564102564102562
28782,28783,25136980#6,12.616923076923076,1.0641025641025645
28784,28785,25136980#7,10.930526315789473,7.982456140350877
28786,28787,25136980#8,12.418095238095237,1.3619047619047615
28788,28789,25136980#9,15.34,3.684210526315788
28794,28795,25136982#1,2.9499999999999997,0.5
28796,28797,25136982#2,6.843999999999999,5.7
28804,28805,25136984,12.586666666666666,2.333333333333334
28806,28807,25136986,15.661818181818182,4.618181818181817
28808,28809,25141428#0,50.739999999999995,0.0
28810,28811,25141428#1,28.32,0.0
28812,28813,25141428#2,6.784999999999999,4.25
28814,28815,25141430#0,6.02642857142857,0.5436507936507937
28816,28817,25141430#1,4.172142857142857,0.33201058201058203
28818,28819,25145011#0,18.553617021276594,0.682701202590194
28820,28821,25145011#1,22.419999999999998,0.0
28822,28823,25145011#2,3.54,0.0
28824,28825,25145012#0,11.275555555555554,0.5277777777777779
28828,28829,25145012#2,2.9499999999999997,0.2857142857142857
28830,28831,25145012#3,5.6049999999999995,0.21428571428571425
28840,28841,25145012#8,14.455,1.2214285714285718
28842,28843,25145013#0,16.284,0.6999999999999995
28844,28845,25145013#1,21.948,2.3000000000000003
28846,28847,25145014#0,22.026666666666667,0.3333333333333339
28848,28849,25145014#1,15.661818181818182,0.618181818181818
28850,28851,25145014#2,19.588,1.6210526315789473
28852,28853,25145014#3,5.113333333333332,0.23809523809523805
28854,28855,25145014#4,1.7306666666666664,0.26666666666666666
28856,28857,25145014#5,7.922857142857143,0.23809523809523803
28858,28859,25145014#6,3.835,0.24999999999999997
28860,28861,25145014#7,0.885,0.25
28862,28863,25145014#8,2.865714285714285,0.28571428571428575
28864,28865,25145014#9,9.44,0.0
28866,28867,25148803,5.025925925925926,0.8917378917378918
28868,28869,25148808,3.304,0.19999999999999996
28870,28871,25148812,8.555,0.21428571428571427
28872,28873,25148889,3.086153846153846,0.42307692307692274
28874,28875,25149001#1,36.344,2.8551724137931047
28876,28877,25149001#2,7.67,0.3870967741935485
28878,28879,25149001#3,12.864878048780486,0.6902439024390243
28880,28881,25149001#4,17.16363636363636,0.8727272727272734
28882,28883,25149001#5,6.972727272727273,30.490909090909092
28884,28885,25149219#1,26.746666666666666,34.33333333333333
28886,28887,25149219#2,27.139999999999997,4.0
28888,28889,25149251#0,23.993333333333332,2.000000000000001
28890,28891,25149251#1,30.25090909090909,74.65454545454546
28892,28893,25149251#2,16.892631578947366,11.005847953216376
28894,28895,25149251#3,41.46857142857143,13.809523809523816
28896,28897,25149251#4,1.5733333333333333,0.2380952380952381
28898,28899,25171366#1,23.895,4.599999999999998
28900,28901,25171366#2,10.114285714285714,0.619047619047619
28902,28903,25182130,17.27090909090909,8.051136363636363
28904,28905,25182154,22.419999999999998,3.5
28906,28907,25184629,11.406666666666665,57.333333333333336
28908,28909,25184651#0,12.272,0.2999999999999998
28910,28911,25184651#1,8.26,1.3333333333333333
28912,28913,25184651#2,17.936,51.28888888888889
28914,28915,25184664#0,10.62,1.0
28916,28917,25184664#1,4.13,0.2857142857142857
28922,28923,25187891,16.9625,31.124999999999993
28926,28927,25187893,3.54,0.0
28928,28929,25187894,2.36,0.0
28930,28931,25187895#0,10.438461538461539,0.8076923076923075
28932,28933,25187895#1,12.508,0.7111111111111112
28934,28935,25187896,32.25333333333333,17.33333333333333
28936,28937,25188976#0,9.945714285714285,26.28571428571428
28938,28939,25188976#1,17.7,0.0
28940,28941,25188977,15.442608695652174,1.9920948616600795
28942,28943,25188978#0,17.7,3.0
28944,28945,25188978#1,17.306666666666665,2.3333333333333335
28946,28947,25188978#3,35.4,11.0
28948,28949,25188979#0,3.54,0.0
28952,28953,25188982#1,6.081538461538462,0.7910731244064574
28954,28955,25188986#0,35.53111111111111,13.36111111111111
28956,28957,25188986#1,17.160571428571426,1.9025210084033612
28958,28959,25190140#0,16.88711111111111,0.9010101010101015
28960,28961,25190140#1,25.916296296296295,64.96011396011396
28962,28963,25190140#2,3.7585185185185184,20.310541310541314
28964,28965,25192758,1.7572923076923075,0.2506552706552707
28966,28967,25194376#0,9.44,0.0
28968,28969,25194376#1,11.603333333333333,0.566666666666667
28970,28971,25194376#2,3.068,1.8
28972,28973,25195266#0,7.67,4.5
28974,28975,25195266#1,8.85,0.5
28976,28977,25195266#2,11.0625,0.5535714285714287
28978,28979,25195313#0,18.88,1.7142857142857137
28980,28981,25195313#1,8.555,1.3571428571428572
28982,28983,25195313#2,9.972903225806451,4.055913978494623
28984,28985,25195391#0,9.984615384615385,11.769230769230772
28986,28987,25195391#1,23.364,4.171428571428571
28988,28989,25195391#2,11.522352941176472,0.8161764705882354
28992,28993,25209894#1,9.44,0.0
28996,28997,25316895,3.3297029702970296,0.5879207920792082
28998,28999,25316932#2,8.678547008547008,0.45304647665162695
29000,29001,25316932#3,14.904949494949495,2.1831769471363365
29002,29003,25316932#4,12.270552147239265,1.1918503370446105
29004,29005,25316932#5,5.877735849056603,0.7274898495342734
29006,29007,25316932#6,5.666226415094339,0.7318059299191374
29008,29009,25316932#7,16.48033613445378,16.253097849309214
29010,29011,25316932#8,1.0375862068965516,0.3331334332833582
29018,29019,25331328#1,13.71241379310345,5.116757410768301
29020,29021,25331328#2,1.7799999999999998,0.3232028053769726
29022,29023,25331328#3,6.372,0.4823529411764703
29024,29025,25331328#4,1.1105882352941177,0.0588235294117647
29026,29027,25331328#5,18.407999999999998,3.3
29028,29029,25331328#6,3.068,0.30000000000000004
29030,29031,25331328#7,4.72,0.0
29032,29033,25331996#1,42.794666666666664,27.4952380952381
29036,29037,25341073#0,7.270322580645161,0.6367461430575034
29038,29039,25341073#1,8.699361702127659,0.7308396247998166
29040,29041,25341073#10,5.643478260869565,0.5415019762845849
29042,29043,25341073#11,7.624615384615384,0.4358974358974359
29044,29045,25341073#12,5.647142857142857,0.33516483516483514
29046,29047,25341073#13,12.910588235294117,4.433823529411764
29048,29049,25341073#14,13.725263157894735,1.2456140350877196
29050,29051,25341073#2,4.544255319148935,0.32166552276366944
29052,29053,25341073#3,6.870467289719626,0.8643978134367839
29054,29055,25341073#4,6.297009345794391,0.4706400987480161
29056,29057,25341073#7,12.586666666666666,0.4242424242424244
29058,29059,25341073#9,6.752222222222222,0.21241830065359496
29062,29063,25341141#0,13.136530612244897,1.848979591836734
29064,29065,25341141#2,7.407777777777778,1.3001907486886035
29066,29067,25344434#0,15.418666666666665,147.06666666666666
29068,29069,25344434#1,2.7533333333333334,0.38095238095238104
29070,29071,25344434#2,5.8999999999999995,0.0
29072,29073,25344436,9.207575757575757,0.7782648823257956
29074,29075,25344437#0,34.809999999999995,144.5
29078,29079,25344437#3,5.8999999999999995,0.0
29080,29081,25344437#4,7.67,0.5
29082,29083,25344437#5,4.13,0.5
29084,29085,25344437#6,3.1466666666666665,2.3333333333333335
29086,29087,25344437#7,8.318999999999999,0.6815789473684216
29088,29089,25344437#8,4.5336842105263155,0.9181286549707601
29090,29091,25344439#0,6.588333333333333,0.446969696969697
29092,29093,25344439#1,3.2777777777777777,1.4444444444444444
29100,29101,25344542#0,9.337884615384615,1.1866131441374157
29102,29103,25344542#1,2.28625,0.7834645669291341
29104,29105,25344542#2,1.7757281553398057,0.4853421738100877
29106,29107,25344542#3,3.6387906976744184,2.0770702021299723
29108,29109,25344542#4,25.590149253731344,852.7927776846113
29110,29111,25363743#1,14.789333333333332,5.2666666666666675
29112,29113,25363743#2,3.61375,0.32916666666666655
29114,29115,25363743#3,1.2872727272727271,0.09090909090909091
29116,29117,25363743#4,2.596,0.7000000000000001
29118,29119,25363743#5,6.194999999999999,8.25
29120,29121,25363744,28.32,3.0
29122,29123,25363746,18.42111111111111,8.133986928104573
29126,29127,25366186#0,20.45333333333333,0.33333333333333304
29128,29129,25366186#1,41.131428571428565,18.476190476190474
29132,29133,25366901#1,10.915,0.24999999999999986
29134,29135,25366901#3,5.703333333333332,1.3666666666666671
29136,29137,25375417#1,8.26,0.0
29138,29139,25375417#10,7.7093333333333325,2.123809523809524
29140,29141,25375417#11,7.624615384615384,0.269230769230769
29142,29143,25375417#12,3.54,1.0
29144,29145,25375417#13,9.735,12.25
29146,29147,25375417#14,20.06,0.0
29148,29149,25375417#3,4.72,1.3333333333333333
29150,29151,25375417#4,5.8999999999999995,2.0
29152,29153,25375417#7,9.27142857142857,15.142857142857144
29154,29155,25375417#8,10.405454545454544,0.36363636363636376
29156,29157,25375417#9,31.417499999999997,2.839285714285715
29158,29159,25375770#0,11.406666666666665,2.3333333333333326
29160,29161,25375770#1,9.675999999999998,1.7
29162,29163,25375770#2,16.247692307692308,1.5446153846153845
29164,29165,25375770#3,6.136,0.5833333333333334
29166,29167,25375770#4,3.4038461538461537,0.2661538461538462
29168,29169,25375770#5,5.352142857142857,0.40608465608465605
29170,29171,25375770#6,9.5875,0.8870967741935487
29172,29173,25375770#7,1.062,0.09310344827586206
29174,29175,25375770#8,3.6788235294117646,1.2584670231729054
29176,29177,25375814#1,15.694,20.9
29180,29181,25377287#0,8.102666666666666,0.6952380952380953
29182,29183,25377287#2,8.26,1.5714285714285714
29184,29185,25377287#3,4.13,0.6363636363636362
29186,29187,25377287#4,2.2616666666666667,0.08333333333333333
29188,29189,25377287#5,17.336923076923075,2.3974358974358965
29190,29191,25377287#6,20.531999999999996,6.299999999999999
29192,29193,25377287#7,16.755999999999997,3.2
29194,29195,25377287#8,4.72,0.857142857142857
29196,29197,25380714#1,23.009999999999998,0.3333333333333333
29198,29199,25380898#0,15.34,1.0
29200,29201,25380898#1,11.013333333333334,1.333333333333333
29202,29203,253827540#1,3.54,0.0
29204,29205,253827542#0,5.8999999999999995,0.0
29206,29207,25488690#0,4.012,0.30000000000000004
29208,29209,25488690#1,1.9666666666666666,0.3333333333333333
29210,29211,25488693#1,6.162222222222222,8.535947712418299
29212,29213,25488710#0,2.655,0.19999999999999993
29214,29215,25488710#1,4.523333333333333,0.40579710144927517
29216,29217,25488710#2,21.318666666666665,2.923809523809523
29220,29221,25488710#4,1.18,0.0
29222,29223,25488710#5,17.994999999999997,24.6
29224,29225,25503467#1,67.91103448275861,75.6847290640394
29226,29227,25503468#0,30.68,0.0
29228,29229,25503468#1,7.482926829268292,24.13048780487805
29236,29237,25534317#0,24.779999999999998,4.75
29238,29239,25534317#1,10.325,2.7857142857142856
29240,29241,25534318,19.233999999999998,1.7888888888888883
29246,29247,25543966#0,6.136,1.5111111111111113
29248,29249,25543966#2,28.91,3.142857142857143
29250,29251,25543966#3,14.815555555555555,0.777777777777778
29252,29253,25543966#4,11.537777777777778,9.694444444444443
29254,29255,25543966#5,17.582,2.5444444444444443
29256,29257,25543966#6,12.862,13.211111111111112
29258,29259,25543980#0,2.1018749999999997,0.17641129032258082
29260,29261,25543980#1,2.730857142857143,0.3983193277310922
29262,29263,25543980#10,76.39872340425532,1854.8373369938226
29264,29265,25543980#2,2.2160975609756095,0.2097560975609757
29266,29267,25543980#3,5.0435483870967746,0.36620835536753027
29268,29269,25543980#5,4.003571428571428,0.7956110154905335
29270,29271,25543980#6,2.8675268817204302,0.29125759700794757
29272,29273,25543980#7,4.2197826086956525,0.3787625418060201
29274,29275,25543980#8,1.6545652173913044,0.24307214524605833
29276,29277,25543980#9,5.722999999999999,104.12878787878792
29278,29279,25544013#0,39.038333333333334,100.99242424242424
29280,29281,25544013#1,11.263636363636362,0.2727272727272727
29282,29283,25544013#10,3.4613333333333327,0.49523809523809526
29284,29285,25544013#11,5.592173913043478,0.928853754940712
29286,29287,25544013#2,1.6716666666666666,0.2651515151515152
29288,29289,25544013#3,2.7230769230769227,0.23076923076923075
29290,29291,25544013#4,3.0036363636363634,0.47272727272727266
29292,29293,25544013#5,1.18,0.0
29294,29295,25544013#6,2.43375,0.4625
29296,29297,25544013#8,3.776,0.17777777777777778
29298,29299,25573246#0,5.8999999999999995,3.0
29300,29301,25573246#1,13.569999999999999,0.5
29304,29305,25573254#1,6.293333333333333,0.33333333333333326
29306,29307,25573254#2,5.113333333333332,1.3333333333333335
29308,29309,25573254#3,6.136,0.4000000000000002
29310,29311,25573260#0,5.506666666666667,2.333333333333334
29312,29313,25573260#1,4.13,0.7
29314,29315,25573260#2,8.968,3.3000000000000003
29316,29317,25573267#0,20.846666666666668,4.333333333333335
29322,29323,25595895#0,14.395999999999999,4.177777777777778
29324,29325,25595895#1,10.992631578947368,6.228070175438597
29328,29329,25596851#0,14.946666666666665,18.25
29330,29331,25596851#1,3.708571428571428,0.14285714285714288
29332,29333,25596851#2,5.264615384615385,0.9358974358974358
29334,29335,25596851#3,3.90875,0.7624999999999998
29336,29337,25596851#4,2.242,0.19999999999999998
29338,29339,25596851#5,2.7375999999999996,0.39333333333333337
29340,29341,25596851#6,9.44,2.7407407407407414
29342,29343,25596855,28.634666666666664,90.78095238095239
29344,29345,25596861#0,20.715555555555557,28.02777777777778
29346,29347,25596861#1,5.965555555555555,1.8202614379084967
29348,29349,25596861#2,14.455,56.916666666666664
29350,29351,25596974#0,41.3,0.0
29352,29353,25596974#1,5.53125,0.3624999999999999
29354,29355,25596993#0,5.273124999999999,1.1602822580645162
29356,29357,25596993#1,6.342499999999999,0.629032258064516
29358,29359,25596993#2,4.691904761904762,0.5603948896631824
29360,29361,25596993#3,2.5004761904761903,0.15621370499419282
29362,29363,25596993#4,3.077254901960784,0.40313725490196073
29364,29365,25596993#5,1.6658823529411766,0.2470588235294117
29366,29367,25596993#6,5.195522388059701,0.8502939846223422
29368,29369,25596993#7,2.152702702702703,0.14679748241392082
29380,29381,25597196#6,5.8999999999999995,0.0
29384,29385,25597196#9,16.992,0.7999999999999996
29386,29387,25597372,9.712307692307691,9.85897435897436
29390,29391,25616922#0,8.71888888888889,1.0751633986928109
29392,29393,25616922#1,6.057333333333333,0.26666666666666655
29394,29395,25616922#3,8.804615384615385,0.6025641025641023
29396,29397,25616922#4,3.086153846153846,0.2564102564102562
29398,29399,25616922#5,1.18,0.0
29400,29401,25616922#6,7.5225,0.38333333333333325
29402,29403,25616922#7,11.0625,1.6964285714285714
29404,29405,25616922#8,8.152727272727272,1.2909090909090915
29406,29407,25623125#0,7.625378151260504,0.6066087451929926
29408,29409,25623125#1,1.546206896551724,0.21589205397301353
29410,29411,25623125#2,7.377565217391304,0.7867276887871851
29412,29413,25623125#3,9.481043478260869,1.2268497330282233
29414,29415,25623125#4,9.900487804878049,1.8136745301879242
29416,29417,25623126#1,7.541739130434782,0.5217391304347826
29418,29419,25623126#2,5.0212765957446805,1.3681776133209986
29420,29421,25623126#3,12.144166666666665,5.0620567375886525
29422,29423,25623126#4,4.8023255813953485,0.11406423034330006
29424,29425,25623127#0,2.7533333333333334,0.33333333333333337
29426,29427,25623127#1,6.293333333333333,0.33333333333333326
29430,29431,25623128#1,14.75,12.5
29432,29433,25623128#2,31.466666666666665,8.333333333333336
29434,29435,25623128#3,7.67,1.6666666666666667
29436,29437,25623128#4,8.765714285714285,0.9523809523809524
29438,29439,25623128#5,16.165999999999997,23.122222222222224
29440,29441,25623128#6,14.16,2.7999999999999994
29442,29443,25623134#0,0.7172549019607842,0.2431372549019608
29444,29445,25623134#1,3.23921568627451,0.19372549019607846
29446,29447,25623134#2,2.1054901960784314,0.21254901960784323
29448,29449,25623134#3,5.7524999999999995,1.145161290322581
29450,29451,25623135#0,7.369636363636363,0.6089241034195163
29452,29453,25623135#2,5.387924528301887,0.4811320754716982
29454,29455,25623135#3,3.5680952380952378,0.3164924506387921
29456,29457,25623135#4,3.8260606060606057,0.3143939393939394
29458,29459,25623135#5,3.54,0.18181818181818182
29460,29461,25623139,12.404390243902437,3.2060975609756084
29464,29465,25625950#0,8.325555555555555,0.4084967320261438
29466,29467,25625950#1,7.932222222222222,1.9771241830065358
29470,29471,25626411,4.1858108108108105,0.4807409450266593
29472,29473,25626559#0,4.782105263157894,1.0526315789473684
29474,29475,25626559#2,4.175384615384615,0.2692307692307693
29476,29477,25626559#3,5.8999999999999995,0.0
29478,29479,25626605#0,15.34,0.0
29480,29481,25626605#1,6.293333333333333,0.3333333333333335
29482,29483,25626605#2,7.08,0.0
29484,29485,25626605#3,12.389999999999999,0.5
29486,29487,25626605#4,8.732,0.30000000000000016
29488,29489,25626614#0,5.97531914893617,0.8436632747456061
29490,29491,25626614#1,2.119183673469388,0.24914965986394555
29492,29493,25626614#2,6.815102040816327,0.3027210884353741
29494,29495,25626614#3,18.446530612244896,1.4872448979591832
29496,29497,25626620#0,2.36,0.0
29498,29499,25626620#1,2.0876923076923073,1.5256410256410258
29500,29501,25626620#2,8.85,1.6666666666666667
29502,29503,25626622#0,2.865714285714285,1.2857142857142856
29508,29509,25626777#0,11.799999999999999,0.0
29510,29511,25626777#1,1.4749999999999999,0.25
29512,29513,25626777#2,1.4749999999999999,0.25
29514,29515,25638462#0,10.095555555555555,0.5641025641025642
29516,29517,25638462#1,17.317297297297298,2.6696696696696707
29518,29519,25638462#2,7.633125,0.8561507936507936
29520,29521,25638462#3,9.188266666666667,0.7376576576576575
29522,29523,25638462#4,10.198571428571427,0.7624784853700519
29526,29527,25638463#1,4.214285714285714,0.6190476190476191
29528,29529,25638466,5.8999999999999995,0.0
29530,29531,25638468,1.4422222222222223,0.19444444444444442
29532,29533,25638471#0,12.253846153846153,1.2564102564102566
29534,29535,25638471#2,7.187272727272727,1.0909090909090906
29536,29537,25638471#3,7.735555555555555,2.027777777777778
29538,29539,25638471#4,4.484,0.6222222222222222
29540,29541,25638471#5,3.54,0.0
29542,29543,25638471#6,2.9499999999999997,0.7
29544,29545,25638471#7,2.124,1.0285714285714287
29546,29547,25638471#8,3.3433333333333333,0.1515151515151515
29548,29549,25638471#9,1.18,0.0
29550,29551,25638474,5.8999999999999995,0.0
29552,29553,25638475,1.18,0.0
29554,29555,25638527,4.045714285714285,1.9523809523809526
29556,29557,25638529,16.52,2.0
29558,29559,25638614,18.88,0.0
29560,29561,25638617#0,5.8999999999999995,0.0
29562,29563,25638617#1,25.369999999999997,0.5
29564,29565,25638625,12.508,1.3777777777777775
29566,29567,25638628,19.175,4.499999999999999
29568,29569,25638632,12.193333333333333,0.3333333333333335
29570,29571,25638642,13.216,22.699999999999996
29572,29573,25638649,12.55090909090909,0.6545454545454543
29576,29577,25638677,28.025,5.071428571428565
29580,29581,25638761#0,10.583124999999999,1.7731854838709684
29582,29583,25638761#2,7.527586206896552,0.6009852216748764
29584,29585,25638761#4,7.3818604651162785,1.1449854651162787
29586,29587,25638761#5,2.6851968503937007,0.28058992625921775
29588,29589,25638761#6,19.17968253968254,82.23898412698408
29592,29593,25640093#0,10.788571428571428,13.809523809523808
29594,29595,25640093#1,12.193333333333333,23.06666666666667
29596,29597,25640093#2,5.8999999999999995,0.4
29598,29599,25640093#3,37.464999999999996,4.916666666666666
29600,29601,25640093#4,18.726086956521737,1.7549407114624507
29602,29603,25640093#5,16.52,1.3846153846153852
29604,29605,25640093#6,7.67,0.3333333333333333
29606,29607,25640093#7,15.34,0.666666666666667
29608,29609,25640093#8,7.433999999999999,9.566666666666666
29610,29611,25640094,51.919999999999995,13.0
29612,29613,25640097#0,10.62,0.5000000000000007
29614,29615,25640097#1,15.34,3.1999999999999993
29616,29617,25640098#0,23.009999999999998,3.666666666666666
29618,29619,25640098#1,16.9625,2.1166666666666667
29620,29621,25640099#0,5.31,0.5
29622,29623,25640099#1,10.226666666666665,44.333333333333336
29624,29625,25640145#0,9.145,1.9285714285714293
29626,29627,25640145#1,5.8999999999999995,0.0
29628,29629,25640145#2,6.932499999999999,0.41071428571428564
29630,29631,25640145#3,2.8024999999999998,0.26785714285714285
29632,29633,25640145#4,5.225714285714286,0.28571428571428575
29634,29635,25640145#5,12.389999999999999,0.3
29636,29637,25640146,9.44,0.0
29640,29641,25640147#1,8.85,4.5
29642,29643,25640148#0,7.866666666666666,0.33333333333333326
29646,29647,25640148#2,9.046666666666667,0.33333333333333326
29648,29649,25640148#3,11.564,0.7000000000000002
29650,29651,25640149,20.65,0.5
29652,29653,25640150,20.06,0.44444444444444425
29654,29655,25640151,13.629,1.1026315789473686
29656,29657,25640157#0,9.675999999999998,0.48421052631578915
29658,29659,25640157#1,7.9381818181818184,0.8744588744588745
29660,29661,25640157#2,15.508571428571427,11.670329670329673
29662,29663,25640375#0,4.8675,0.12499999999999996
29668,29669,25640375#3,7.08,0.0
29672,29673,25650588#0,3.4705882352941178,1.3088235294117647
29674,29675,25650588#1,13.569999999999999,0.5
29676,29677,25650588#2,2.36,0.0
29680,29681,25650588#4,8.26,3.0
29682,29683,25665370#0,12.979999999999999,0.0
29686,29687,25665374,21.745714285714282,2.9523809523809526
29688,29689,25665375#0,14.3075,0.41071428571428603
29690,29691,25665375#1,18.74888888888889,1.6111111111111112
29692,29693,25665377,32.64666666666667,2.333333333333333
29694,29695,25665412#0,21.948,2.2999999999999994
29696,29697,25665412#1,103.83999999999999,2.0
29698,29699,25665412#2,50.15,0.5
29700,29701,25665412#3,28.15142857142857,16.80952380952381
29702,29703,25665421#0,24.189999999999998,2.277777777777777
29704,29705,25665421#1,23.599999999999998,0.0
29706,29707,25665421#2,8.26,0.0
29708,29709,25665421#3,9.44,0.0
29710,29711,25665421#4,7.08,0.0
29712,29713,25665421#5,11.209999999999999,0.5
29714,29715,25665446#0,3.658,0.5444444444444445
29718,29719,25665446#2,3.1466666666666665,0.33333333333333337
29720,29721,25665446#3,6.293333333333333,0.33333333333333326
29722,29723,25665446#4,3.54,0.0
29724,29725,25665446#5,7.866666666666666,0.33333333333333326
29726,29727,25665446#6,21.24,0.0
29728,29729,25689281#1,14.109608540925267,2.7432711033297186
29730,29731,25689281#2,4.232746858168761,0.3076023920540411
29732,29733,25689281#3,6.809672727272726,0.6905911574764032
29734,29735,25689281#4,5.148705035971223,0.5236243437682286
29736,29737,25699357#0,12.137142857142857,2.904761904761905
29738,29739,25699357#1,4.248,1.3777777777777778
29740,29741,25699357#2,6.424444444444444,0.5277777777777779
29742,29743,25699357#3,3.1466666666666665,0.49999999999999983
29744,29745,25699357#4,5.8999999999999995,1.25
29746,29747,25705489#0,57.361111111111114,58.95751633986929
29756,29757,25705904#0,1.6876744186046513,0.24801641586867318
29758,29759,25705904#1,17.206046511627907,2.410943912448699
29760,29761,25705905,6.645849056603773,0.5395327942497754
29762,29763,25708166#1,3.1466666666666665,0.33333333333333326
29764,29765,25730198,6.090322580645161,0.4064516129032257
29766,29767,257907860,34.63830687830688,177.47366946778675
29768,29769,257907861,9.046666666666667,2.7549019607843133
29770,29771,25794504#1,14.553333333333333,2.592000000000001
29772,29773,25794504#2,13.569999999999999,1.4360000000000006
29774,29775,25796375#1,7.50611111111111,8.180158730158732
29776,29777,25796375#2,17.27090909090909,1.4545454545454546
29778,29779,25796388,14.684444444444443,0.7777777777777785
29780,29781,25796398#0,8.783886524822694,34.502893294648636
29782,29783,25796398#1,36.4377304964539,658.0237951321733
29784,29785,25796964#0,13.963333333333333,0.5666666666666669
29786,29787,25796964#1,19.47,3.0
29788,29789,25797084#0,13.373333333333333,2.7500000000000004
29790,29791,25797084#1,5.637777777777777,0.4444444444444444
29792,29793,25797084#2,13.766666666666666,4.333333333333333
29794,29795,25797090#0,16.49716129032258,97.6294930875576
29796,29797,25797295#0,10.09860465116279,5.4905869324474
29798,29799,25797315#0,13.452,18.114285714285714
29800,29801,25797315#1,22.55111111111111,2.111111111111111
29802,29803,25797315#2,21.54782608695652,31.292490118577078
29804,29805,25797370,15.34,0.0
29806,29807,25797433#0,23.009999999999998,0.5
29808,29809,25797433#1,20.06,2.842105263157894
29810,29811,25797433#2,7.608965517241379,0.6133004926108374
29812,29813,25797433#3,14.242325581395349,19.54263565891473
29814,29815,25801550#0,1.5733333333333333,0.3333333333333333
29816,29817,25801550#1,4.13,0.3333333333333333
29818,29819,25801550#2,12.586666666666666,0.33333333333333304
29820,29821,25801550#3,5.8999999999999995,0.0
29822,29823,25801550#4,5.8999999999999995,0.0
29828,29829,25801552,13.569999999999999,0.5
29830,29831,25801569,11.564,1.2
29832,29833,25801580#0,3.54,0.0
29834,29835,25801580#1,12.979999999999999,0.0
29836,29837,25801580#2,8.26,1.5000000000000002
29838,29839,25801655#0,8.26,1.0
29844,29845,25804120#0,3.933333333333333,0.33333333333333337
29846,29847,25804120#1,15.34,2.0
29850,29851,25804122,15.635,0.5000000000000003
29852,29853,25804126,18.88,0.0
29856,29857,25850446,2.512258064516129,0.5161290322580644
29858,29859,25869404#0,2.36,0.0
29860,29861,25869404#1,14.16,2.0
29862,29863,25869404#4,6.293333333333333,0.6666666666666665
29864,29865,25869404#5,7.866666666666666,0.6666666666666667
29866,29867,25889271#0,8.597142857142856,0.23809523809523822
29870,29871,25895864#0,14.75,0.5
29872,29873,25895864#1,15.34,0.0
29874,29875,25895943#0,10.405454545454544,0.36363636363636376
29876,29877,25895943#1,16.52,1.7777777777777781
29878,29879,25895943#2,14.29111111111111,0.8611111111111112
29880,29881,25895945#0,9.046666666666667,1.0666666666666664
29882,29883,25895945#1,10.095555555555555,8.527777777777779
29884,29885,25895945#2,19.0275,62.98214285714284
29890,29891,25895961,28.64181818181818,3.6181818181818235
29892,29893,25895966#0,6.0026086956521745,2.173913043478261
29894,29895,25895966#1,2.770434782608696,0.5098814229249012
29896,29897,25895966#2,2.247619047619047,0.09047619047619052
29898,29899,25895966#3,4.272413793103448,0.4581280788177341
29900,29901,25895966#5,5.792727272727273,1.272727272727273
29902,29903,25895966#6,54.559999999999995,6745.356516656924
29904,29905,25895966#7,43.31221052631578,7031.997312430011
29906,29907,25901651#0,12.094999999999999,1.6428571428571428
29908,29909,25901651#1,4.827272727272727,0.4909090909090909
29910,29911,25901651#2,4.4132,0.726938775510204
29912,29913,25901651#3,8.54039603960396,0.722970297029703
29914,29915,25901651#4,11.55157894736842,66.87564042850485
29916,29917,25901651#5,178.9894214876033,65641.00055096413
29918,29919,25901682,8.26,0.0
29920,29921,25901699,12.674074074074072,0.9686609686609687
29922,29923,25901702,12.8325,8.249999999999998
29924,29925,25901706,17.7,0.0
29926,29927,25902499,3.230952380952381,3.320216709438267
29928,29929,25902499.18,4.776190476190476,44.76418591388653
29930,29931,25902677#1,14.110234301780693,5.894092078401856
29934,29935,25902795#1,2.36,0.0
29938,29939,25955082#0,15.34,1.6666666666666674
29940,29941,25955082#1,15.93,1.9090909090909092
29950,29951,25955084#1,26.549999999999997,5.899999999999999
29952,29953,25955085,28.32,0.0
29954,29955,25955087#0,3.9175999999999997,2.31
29956,29957,25955087#1,7.893793103448275,0.650246305418719
29958,29959,25955087#2,5.375555555555555,2.5277777777777777
29960,29961,25955089,2.931438202247191,1.0599322556590527
29962,29963,25955175#0,11.498723404255319,14.662917933130695
29964,29965,25955175#1,11.118222222222222,0.9208489388264666
29966,29967,25955175#2,2.644827586206896,0.2085004009623096
29968,29969,25955175#3,7.423544303797468,12.285946121389163
29970,29971,25955318#0,2.9499999999999997,1.3888888888888888
29974,29975,25974839#1,4.359444444444445,0.29968701095461664
29976,29977,25974839#2,2.124,0.7500000000000001
29978,29979,25974839#3,12.163076923076924,14.564102564102564
29980,29981,25974839#4,13.471666666666666,12.62878787878788
29982,29983,25974839#5,11.816275862068965,2.5275862068965504
29984,29985,25974839#6,3.480144927536232,0.8952184491695762
29986,29987,25993505#1,9.502105263157894,0.16374269005847955
29988,29989,25993505#2,4.29090909090909,0.2545454545454545
29990,29991,25993505#3,3.54,0.0
29994,29995,25993505#5,8.26,0.0
29996,29997,26071515#0,3.1064008620689654,0.2909354889707249
29998,29999,26071515#1,6.475361380798274,1.1097271441585663
30000,30001,26134437,6.293333333333333,0.33333333333333326
30002,30003,26134440#0,8.26,8.0
30004,30005,26134440#1,9.44,0.0
30006,30007,26134440#2,7.866666666666666,0.33333333333333326
30016,30017,26134457,33.04,0.0
30018,30019,26134468#1,8.653333333333332,0.33333333333333326
30020,30021,26134468#2,6.784999999999999,0.25000000000000006
30022,30023,26134472,22.419999999999998,0.0
30024,30025,26134480#0,24.779999999999998,8.0
30026,30027,26134480#1,17.306666666666665,2.3333333333333326
30030,30031,26134499#0,4.72,0.0
30032,30033,26134499#1,10.03,112.5
30034,30035,26134507#0,17.7,2.3636363636363638
30036,30037,26134507#1,16.618333333333332,1.901515151515152
30038,30039,26134542#0,24.779999999999998,0.0
30040,30041,26134542#1,7.67,1.0000000000000002
30042,30043,26134542#2,15.635,0.9166666666666665
30044,30045,26134546#0,10.816666666666665,0.16666666666666669
30046,30047,26134546#1,12.2425,0.26785714285714274
30048,30049,26135504#0,9.046666666666667,34.33333333333333
30050,30051,26135504#1,6.608,0.30000000000000004
30052,30053,26135504#2,4.484,0.7000000000000002
30054,30055,26135505,27.139999999999997,0.0
30056,30057,26135510#0,7.316,0.7000000000000001
30058,30059,26135510#1,6.732941176470588,2.3455882352941178
30060,30061,26135517,10.7675,2.1249999999999996
30062,30063,26135523#0,6.489999999999999,0.5
30070,30071,261386347#0,7.08,50.0
30072,30073,261386347#1,5.31,24.5
30074,30075,261445607#0,6.883333333333333,0.5666666666666667
30076,30077,261445607#1,5.31,0.7000000000000001
30078,30079,261448661,33.30222222222222,6.944444444444442
30080,30081,261448764#1,14.665714285714285,14.725274725274724
30082,30083,261448764#2,11.603333333333333,1.6060606060606062
30084,30085,261448764#3,4.467142857142857,0.7967032967032966
30086,30087,261448764#4,13.654285714285713,2.1098901098901104
30088,30089,261448764#5,19.430666666666664,6.695238095238096
30090,30091,261448764#6,8.85,1.0666666666666667
30094,30095,26176222#1,8.85,0.5
30096,30097,26176222#2,21.83,12.5
30102,30103,26176224#0,7.08,0.0
30104,30105,26176224#1,7.965,2.25
30106,30107,26176224#2,10.03,0.9705882352941172
30108,30109,26176225#0,9.27142857142857,0.4761904761904761
30110,30111,26176225#1,6.742857142857143,0.9047619047619048
30112,30113,26176225#3,3.1466666666666665,0.33333333333333337
30114,30115,26176225#4,3.3433333333333333,0.5666666666666667
30116,30117,26176225#5,6.372,4.3
30118,30119,26176229,14.91090909090909,3.254545454545454
30120,30121,26179010,9.44,0.4
30128,30129,26180731#0,5.8999999999999995,37.0
30134,30135,26180733#0,1.18,0.0
30136,30137,26180733#1,2.163333333333333,0.9666666666666668
30138,30139,26180733#2,1.18,0.0
30148,30149,26219869#1,8.653333333333332,0.33333333333333326
30150,30151,26219869#2,12.193333333333333,1.333333333333333
30156,30157,26219871#0,23.364,5.199999999999999
30158,30159,26219871#1,12.272,0.7999999999999998
30160,30161,26220138#1,1.77,0.5
30168,30169,26224134#0,9.102857142857143,0.7207792207792204
30170,30171,26224134#1,9.545671641791044,0.9693637077769042
30172,30173,26224134#2,13.022446043165468,1.440725680325306
30174,30175,26224442,5.386678700361011,0.37642070491771173
30176,30177,26224444#0,69.86842105263158,285.5087719298246
30178,30179,26224546#1,4.203749999999999,0.39583333333333337
30180,30181,26224547,17.7,0.0
30188,30189,262722744,18.644,9.699999999999996
30190,30191,26288510#0,2.9499999999999997,0.30000000000000004
30192,30193,26288510#1,11.209999999999999,2.9999999999999987
30194,30195,26320091,3.2608471074380163,0.5613499619680876
30196,30197,26320108#0,3.54,0.0
30198,30199,26320108#1,5.8999999999999995,0.0
30200,30201,26320108#2,10.62,0.0
30202,30203,26320108#3,7.08,0.0
30204,30205,26320108#4,5.8999999999999995,2.0
30206,30207,26320108#5,7.965,2.25
30208,30209,26320108#6,4.72,0.8
30210,30211,26320108#7,11.406666666666665,1.4666666666666672
30212,30213,26334127,23.250614525139664,5.175883497583328
30214,30215,26334131#1,23.1575,17.28804347826087
30216,30217,26334132#0,15.111044776119403,1.007236544549976
30218,30219,26334132#1,19.47746835443038,41.04803635183383
30220,30221,26334133#0,8.184358974358974,0.9958374958374959
30222,30223,26334133#1,10.362298850574712,1.1959369152632988
30224,30225,26334133#2,6.06225,0.8289556962025316
30226,30227,26334133#3,11.209999999999999,8.747058823529409
30228,30229,26339174,19.93148514851485,12.418019801980188
30230,30231,26339462#0,3.304,6.676923076923076
30232,30233,26339462#1,1.18,0.0
30234,30235,26339462#2,4.405333333333333,0.7454545454545456
30236,30237,26339462#4,6.837058823529412,0.6532976827094473
30238,30239,26339463#0,27.637981651376148,8.949881073734288
30240,30241,26339463#1,3.472845528455284,0.4475543116086897
30242,30243,26339463#2,4.727814569536424,0.6066225165562916
30244,30245,26339463#3,3.1136774193548384,0.3231671554252199
30246,30247,26339463#4,9.997711442786068,2.45049751243781
30248,30249,26339463#5,13.985185185185184,1.9772079772079794
30250,30251,26339463#6,1.8355555555555554,0.2503912363067292
30252,30253,26339463#7,6.251730769230769,0.5607729648991785
30254,30255,26339463#8,5.063272727272727,1.712760633861552
30256,30257,26339463#9,16.16242424242424,3.4053030303030307
30258,30259,26339464#0,7.473333333333333,0.33333333333333326
30260,30261,26339464#1,11.799999999999999,0.0
30262,30263,26339464#2,8.26,0.0
30264,30265,26339464#3,3.54,8.0
30266,30267,26339465,16.716666666666665,0.5666666666666667
30268,30269,26339466,19.385714285714283,4.9523809523809526
30270,30271,26339468#0,7.08,1.8571428571428572
30272,30273,26339468#1,4.164705882352941,0.26470588235294135
30274,30275,26339468#2,12.979999999999999,0.0
30276,30277,26339470,5.8999999999999995,0.0
30278,30279,26339471#0,6.382727272727273,0.91991341991342
30280,30281,26339471#1,8.171775700934578,0.6547346147064008
30282,30283,26339471#2,1.1689719626168225,0.06594956797742903
30284,30285,26339471#3,7.587289719626168,0.4549462175983074
30286,30287,26339471#4,5.178888888888889,0.2772585669781929
30288,30289,26339471#5,23.853644859813084,117.39675542232409
30290,30291,26339472#0,17.817999999999998,21.65555555555556
30292,30293,26339472#1,4.2283333333333335,0.2651515151515152
30294,30295,26339472#2,9.102857142857143,2.8351648351648344
30296,30297,26339472#3,13.674117647058823,0.7573529411764707
30298,30299,26339472#4,5.483529411764706,0.24264705882352935
30300,30301,26339472#5,16.913333333333334,41.03333333333334
30302,30303,26339473#0,14.553333333333333,0.7878787878787876
30306,30307,26339476#1,15.464210526315789,1.4327485380116958
30308,30309,26339478#0,15.13478260869565,0.6956521739130435
30310,30311,26339478#1,4.484,0.16666666666666666
30312,30313,26339478#2,12.491724137931033,0.6083743842364532
30314,30315,26339478#3,11.9888,0.3066666666666667
30316,30317,26339478#4,15.373714285714286,55.44033613445376
30322,30323,26339480#1,16.52,2.499999999999999
30324,30325,26339480#3,17.454166666666666,11.650362318840582
30326,30327,26339623#0,11.504999999999999,0.9166666666666665
30332,30333,26339623#4,7.949473684210526,1.9824561403508767
30334,30335,26339623#5,7.257,1.8184210526315787
30336,30337,26339623#6,2.697142857142857,0.21978021978021983
30338,30339,26339623#7,5.815714285714286,0.37912087912087916
30340,30341,26339624#1,10.226666666666665,0.6666666666666667
30342,30343,26339624#2,9.44,0.25000000000000006
30346,30347,26339625#1,6.031111111111111,0.11111111111111109
30348,30349,26339626#0,4.9559999999999995,0.2
30350,30351,26339626#1,4.72,1.0
30354,30355,26339627#1,16.224999999999998,3.6428571428571437
30358,30359,26339627#3,5.6049999999999995,0.916666666666667
30360,30361,26356902#0,29.5,0.0
30362,30363,26356902#1,19.666666666666668,2.095238095238096
30364,30365,26356922#1,5.8999999999999995,0.0
30372,30373,263949099#0,3.933333333333333,0.2666666666666666
30374,30375,26416597#1,14.75,27.0
30376,30377,26416598#0,19.424615384615382,17.935897435897438
30378,30379,26416599#0,12.07230769230769,1.3001876172607885
30380,30381,26416599#1,8.73011952191235,4.128637450199207
30382,30383,26416600#0,37.82941176470588,6.933823529411768
30384,30385,26416600#1,7.364649122807017,0.8710680887240123
30386,30387,26416600#2,12.683878326996197,2.1734246654863134
30388,30389,26416601#0,25.369999999999997,4.5
30392,30393,26416602#0,9.145,3.355263157894737
30394,30395,26416602#1,8.653333333333332,3.8095238095238093
30396,30397,26416602#2,9.102857142857143,2.1142857142857148
30398,30399,26416602#3,5.73142857142857,0.12857142857142856
30400,30401,26416602#4,10.62,0.3999999999999998
30402,30403,26416602#5,7.08,0.0
30404,30405,26416602#6,7.276666666666666,1.766666666666667
30406,30407,26416603#0,9.984615384615385,1.102564102564103
30408,30409,26416603#1,8.407499999999999,1.5535714285714286
30414,30415,26416603#12,7.866666666666666,2.333333333333333
30416,30417,26416603#2,3.9825,0.26785714285714285
30418,30419,26416603#3,2.36,2.0
30420,30421,26416603#4,2.0228571428571427,0.2380952380952381
30422,30423,26416603#5,7.08,0.0
30424,30425,26416603#6,4.72,0.0
30426,30427,26416603#7,4.72,0.0
30428,30429,26416603#8,5.506666666666667,0.33333333333333326
30436,30437,26416605#0,8.915555555555555,9.027777777777777
30438,30439,26416605#1,9.533157894736842,0.9935988620199147
30440,30441,26416605#2,18.828695652173913,2.407114624505928
30442,30443,26416606#0,10.03,0.5
30444,30445,26416606#1,8.85,0.5
30446,30447,26416606#2,14.028888888888888,1.045751633986928
30448,30449,26416606#3,4.986451612903226,0.913978494623656
30450,30451,26416607,19.217142857142854,3.2967032967032925
30452,30453,26438879#0,5.478571428571429,0.24725274725274707
30454,30455,26438879#1,6.405714285714286,0.4175824175824176
30456,30457,26438879#2,2.789090909090909,0.2545454545454546
30458,30459,26438880#0,12.586666666666666,0.3333333333333335
30462,30463,26438881#1,9.44,0.0
30464,30465,26438881#2,2.065,0.25
30466,30467,26438881#3,5.31,1.0
30468,30469,26438881#4,4.425,0.9166666666666665
30470,30471,26438881#5,2.2616666666666667,0.26515151515151514
30472,30473,26438881#6,21.24,2.299999999999995
30478,30479,26438884#1,11.030434782608694,0.6318840579710142
30480,30481,26438884#2,9.833333333333334,0.6285714285714289
30482,30483,26438884#3,4.989714285714285,0.29915966386554627
30484,30485,26438884#4,2.681818181818182,0.20454545454545445
30486,30487,26438884#5,14.724347826086955,1.07905138339921
30488,30489,26438884#6,5.9513043478260865,0.7707509881422923
30490,30491,26438884#7,2.9499999999999997,0.5714285714285715
30492,30493,26438884#8,4.5725,0.6964285714285714
30500,30501,26451325#1,12.783333333333333,4.8739837398373975
30502,30503,26451325#2,24.308,8.799999999999999
30504,30505,26451326,20.06,3.3749999999999973
30506,30507,26451327#1,5.812592592592592,1.6096866096866091
30508,30509,26451327#10,1.77,1.0
30510,30511,26451327#11,4.621666666666666,0.6287878787878788
30512,30513,26451327#12,3.3152380952380947,0.2619047619047618
30514,30515,26451327#13,3.54,0.0
30518,30519,26451327#15,3.2777777777777777,0.6944444444444445
30524,30525,26451327#18,2.6222222222222222,0.1944444444444444
30526,30527,26451327#19,6.074814814814814,0.5925925925925924
30528,30529,26451327#2,11.42736842105263,0.5614035087719299
30530,30531,26451327#4,3.776,0.20000000000000004
30534,30535,26451327#8,1.18,0.0
30536,30537,26471752#1,6.903,3.9256410256410246
30538,30539,26471752#2,10.885499999999999,0.896794871794872
30540,30541,26471752#3,2.0228571428571427,0.3597883597883598
30542,30543,26471752#4,3.9175999999999997,0.5600000000000002
30544,30545,26471752#5,3.3924999999999996,1.5833333333333333
30546,30547,26471931#0,5.8999999999999995,0.0
30548,30549,26471932#0,11.37561403508772,35.435879521813376
30550,30551,26471933,5.31,0.5
30552,30553,26471934#1,4.753714285714286,0.6168067226890754
30554,30555,26471934#2,18.388333333333332,1.9015151515151516
30556,30557,26471934#3,4.72,0.3636363636363638
30558,30559,26471935#0,4.258260869565217,0.43083003952569165
30560,30561,26471935#1,7.541739130434782,1.067193675889329
30562,30563,26471935#2,10.203529411764706,1.4926470588235292
30564,30565,26471935#3,16.38888888888889,3.0457516339869297
30566,30567,26471936#0,6.883333333333333,0.9666666666666668
30568,30569,26471936#1,5.31,0.9999999999999999
30570,30571,26471936#2,15.34,0.0
30572,30573,26471936#3,4.72,0.0
30574,30575,26471937#0,1.77,0.3333333333333333
30584,30585,26471940#1,4.901538461538462,0.22051282051282037
30590,30591,26546530#1,2.869545454545454,0.2510570824524313
30592,30593,26546533,4.417874396135265,0.34674733830495763
30594,30595,26546601,16.614942528735632,2.191125367548783
30596,30597,26546602,18.05264367816092,2.094868992016959
30598,30599,26546603,6.101463414634146,0.3230707716913234
30600,30601,26546605,4.4609756097560975,0.27560975609756105
30602,30603,26546606,2.517333333333333,0.1238095238095238
30604,30605,26546610,1.9666666666666666,0.3333333333333333
30606,30607,26554544#1,3.218181818181818,0.21818181818181817
30608,30609,26554545#0,5.31,0.2999999999999999
30610,30611,26554545#1,18.486666666666665,1.333333333333333
30614,30615,26574714#1,9.945714285714285,1.8021978021978033
30616,30617,26574714#2,14.356666666666666,3.366666666666667
30622,30623,26574714#7,23.337777777777777,11.944444444444446
30624,30625,26574716#1,7.08,0.0
30626,30627,26574716#2,18.88,0.0
30630,30631,26574717,2.9499999999999997,0.3333333333333333
30636,30637,26642300#2,7.7093333333333325,3.695238095238095
30638,30639,26642300#3,12.193333333333333,1.0666666666666667
30640,30641,26642301#0,7.08,0.0
30642,30643,26642301#1,4.72,0.0
30648,30649,26642303#0,54.41111111111111,38.11111111111109
30650,30651,26642304#0,1.77,0.30000000000000004
30652,30653,26642304#2,6.444615384615385,2.2692307692307696
30654,30655,26642305#1,35.79333333333333,14.333333333333336
30656,30657,26642306#0,25.304444444444442,4.967320261437909
30662,30663,26642362#0,11.144444444444444,2.527777777777778
30664,30665,26642362#1,19.666666666666668,6.823529411764706
30666,30667,26642362#2,8.322105263157894,1.4970760233918128
30668,30669,26642362#3,5.341052631578947,6.263157894736842
30670,30671,26642362#4,2.4221052631578948,0.8304093567251463
30672,30673,26642362#5,2.7326315789473683,2.672514619883041
30676,30677,26642373#0,31.86,1.0
30678,30679,26642373#1,8.653333333333332,2.235294117647059
30680,30681,26642373#2,10.114285714285714,1.5571428571428574
30682,30683,26642373#3,9.648235294117645,1.1194295900178253
30684,30685,26642374,10.521666666666665,0.8106060606060606
30688,30689,266507532,8.006586682663468,0.67654080228372
30690,30691,266507533,18.102272727272727,0.8810782241014806
30692,30693,266507534,127.05790476190475,368.9902930402932
30694,30695,266507535,33.52835964310226,9.256483478772427
30696,30697,266507536,8.002318021201413,4.804471189168391
30698,30699,266507537,5.192379421221864,0.618745204865391
30700,30701,266507538,6.776611374407582,0.42703894009669724
30702,30703,266507539,3.161372767857143,5.200725539901892
30704,30705,266507539.83,4.257201834862385,3.832320106112519
30706,30707,266507540,4.242666666666667,1.2864048879004026
30708,30709,266507540.73,4.705851318944844,0.8209845089114783
30710,30711,266507541,10.679,3.166949152542373
30712,30713,266507542#0,43.9839798488665,644.9118006259063
30714,30715,266507543,2.8550209455415914,0.2628287410815711
30716,30717,266507544,7.945333333333333,2.3512820512820514
30718,30719,266507545,5.910442477876106,0.8481352718078387
30720,30721,266507546,12.535384615384615,1.3473980548813504
30722,30723,266507547#0,11.343714953271029,65.66219541504393
30724,30725,266507548,14.331711292200232,159.30164364157395
30726,30727,266507550#0,16.73161094224924,163.64833504935365
30728,30729,266507551,3.3609655172413793,0.3398762157382847
30730,30731,266507552#0,15.703618290258447,210.18554543386452
30732,30733,266507553,3.6151592356687896,0.22241184896230137
30734,30735,266507553.35,45.09824915824915,667.1850486850486
30736,30737,266507554#0,42.703814541622755,436.8585008425476
30738,30739,266507555,3.428092729188619,0.2336125524091538
30740,30741,266507557#0,7.1612237093690245,2.0852095474214862
30742,30743,266507557#1,3.773795863909273,0.7637882308722063
30744,30745,266507557#2,13.042891405729513,81.90115745058851
30746,30747,266507558,10.220615384615384,7.946571258199164
30748,30749,266561174#0,9.721300309597522,53.53918583527361
30750,30751,266561177#0,2.594026284348865,0.19506896926251763
30752,30753,266561177#1,3.576654719235364,0.2813305665597686
30754,30755,266561178#0,37.58731707317073,407.9662862683671
30756,30757,266565295#0,5.640580152671755,0.37055349347526606
30758,30759,266565295#1,11.53090909090909,1.163965454925908
30760,30761,266565295#2,19.143259493670882,28.049988465164827
30762,30763,266565295#3,20.327762128325507,5.156891891228949
30764,30765,266565295#4,3.6991627906976743,0.567181857576195
30766,30767,266565295#6,17.191099656357387,3.1062837506136503
30768,30769,266565299,1.708841463414634,0.24769130515732604
30770,30771,266565302,37.94542857142857,430.1477903391572
30772,30773,266567294#0,14.578566037735847,155.39435922105253
30774,30775,266567303,3.260328167730173,34.64632973803799
30776,30777,266567304#0,20.549690385659968,151.16681860047706
30778,30779,266567307#0,11.3499306518724,12.227931884727983
30780,30781,266567307#1,6.638725761772853,72.83360675577552
30782,30783,266567308#0,13.310088105726873,121.94591746037895
30784,30785,266607792#0,3.090357894736842,0.567477823772915
30786,30787,266607792#1,2.1735533707865167,0.3748761320836655
30788,30789,266607792#2,1.0580168776371308,0.2109808567687224
30790,30791,266607792#3,5.622059238363892,0.5372820267296272
30792,30793,266607792#4,5.6731093638313075,0.4043466567679135
30794,30795,266607792#5,7.490137581462707,0.6095394011900641
30796,30797,266607792#7,5.4245672727272725,0.4299769749900761
30798,30799,266607795#0,2.7685378151260505,0.25345499007004
30800,30801,266607795#1,2.9524894514767928,0.4968283156574292
30802,30803,266607795#2,4.673960983884648,2.606286297702722
30804,30805,266607795#4,5.372105263157894,0.6460422346471978
30806,30807,266607795#5,5.390878734622144,0.5515864367272424
30808,30809,266607795#6,1.1258428949691084,0.22757368879019724
30810,30811,266607795#7,3.192695035460993,0.31081072577041857
30812,30813,266607795#8,5.0917522123893795,0.40553077749124106
30814,30815,266607795#9,12.62715173025732,3.410505263191072
30816,30817,266607796,2.1409848484848486,1.0140458795690028
30818,30819,266607798,2.1121910538286577,9.058291274601045
30820,30821,266607800#0,5.424649511978704,17.581803653579776
30822,30823,266607800#1,10.125195035460994,71.69002545514053
30824,30825,266607801#0,3.0024123879380604,1.3004316952314108
30826,30827,266607801#1,5.792990196078431,20.406323649656112
30828,30829,266607802#1,7.488842281879194,2.4432453411774024
30830,30831,266607803#1,10.205516759776536,5.452353415394951
30832,30833,266607803#2,2.156294736842105,0.41118864577173336
30834,30835,266607804#0,1.0340636042402827,0.12439037344605756
30836,30837,266607804#1,16.40836427939876,110.95121867248832
30838,30839,266607805#0,32.51555555555556,173.77228596646083
30840,30841,26676668,1.18,0.0
30842,30843,26677213#0,8.613999999999999,1.1384615384615382
30844,30845,26677213#1,7.367027027027026,0.30030030030030036
30846,30847,26677213#2,7.643181818181818,1.278541226215645
30848,30849,26677213#3,1.545238095238095,0.21893147502903593
30850,30851,26677213#4,2.331219512195122,0.32439024390243903
30852,30853,26677213#5,4.188999999999999,0.4076923076923079
30854,30855,26677213#6,3.3433333333333333,0.18439716312056736
30856,30857,26677214#0,16.461,1.3131578947368419
30858,30859,26677214#1,1.3485714285714285,0.13186813186813187
30860,30861,26677214#2,1.8236363636363635,0.6727272727272727
30862,30863,26677214#3,11.092,0.2666666666666667
30864,30865,26677214#4,12.586666666666666,1.333333333333333
30866,30867,26677214#5,11.537777777777778,0.44444444444444453
30868,30869,26677216#0,33.777499999999996,3.4107142857142874
30870,30871,26677216#1,9.44,0.8888888888888888
30872,30873,26677216#2,6.372,0.2666666666666668
30874,30875,26677216#3,6.871764705882352,0.40441176470588236
30876,30877,26677216#4,9.046666666666667,0.380952380952381
30878,30879,26677216#5,11.164615384615384,0.7692307692307688
30880,30881,26677416#0,1.278333333333333,0.08333333333333333
30882,30883,26677416#1,16.52,0.5454545454545453
30884,30885,26677416#2,15.93,1.0882352941176479
30886,30887,26677416#3,19.47,12.5
30888,30889,26677416#4,15.34,8.0
30890,30891,26677416#5,1.77,0.5
30892,30893,26677416#6,1.18,0.0
30894,30895,26677416#7,2.36,0.0
30896,30897,26677417#0,16.295238095238094,1.661904761904762
30898,30899,26677417#1,5.338095238095238,0.2619047619047619
30902,30903,26677540#0,7.08,0.5555555555555557
30904,30905,26677540#1,6.396842105263158,0.5906432748538011
30910,30911,26677542#0,13.466984126984126,3.794674859190988
30912,30913,26677542#1,6.409545454545454,0.7161733615221988
30914,30915,26677542#2,6.245365853658536,0.31219512195121973
30916,30917,26677542#3,15.162999999999998,1.7131578947368424
30918,30919,26678225,11.144444444444444,1.0277777777777777
30920,30921,266885713,66.81714457831325,201.3846819465925
30922,30923,266885714,4.790816468946266,1.2422058657268626
30924,30925,266885715,15.935121527777778,2.290163595665603
30926,30927,266885716,8.447054161162484,0.6018221467362818
30928,30929,266885717,3.7708995327102803,0.21943191935633635
30930,30931,266885717-AddedOffRampEdge,4.548275862068966,0.29050485164792017
30932,30933,266885719,7.726434782608695,7.759364444564538
30934,30935,266885720,21.93404500261643,3.7125092807964912
30936,30937,266885721#0,19.594342291371994,249.17124585789173
30938,30939,266885722,4.71871878393051,0.35978142850398925
30940,30941,266885723#0,89.58362976406534,5172.149545620123
30942,30943,266887586,5.354408602150538,0.37328291402994324
30944,30945,266887587,8.588174123337364,0.6828497061932183
30946,30947,266887588#0,19.21430789133247,101.58413824075495
30948,30949,266887589#0,0.6784634448574969,0.24468284643365582
30950,30951,266887589#1,11.453457249070633,1.5451585229736091
30952,30953,266887589#2,4.996170212765957,0.3423985495654026
30954,30955,266887589#3,6.687657430730479,0.47442832593759626
30956,30957,266887591,8.695692307692306,4.19763033175356
30958,30959,266887592,12.629150485436892,37.715861635739465
30960,30961,266887593#1,6.554465558194774,0.43755878224373795
30962,30963,266887593#2,2.900598086124402,0.6485445377188211
30964,30965,266887593#3,1.606267942583732,0.482520127209695
30966,30967,266887593#4,17.952529182879374,2.7424528778614357
30968,30969,266887593#6,4.649780077619663,0.4005992398903402
30970,30971,26729232#0,4.827272727272727,1.490909090909091
30972,30973,26729232#1,13.471666666666666,1.719696969696969
30974,30975,26729232#2,43.66,2.0
30976,30977,26729233#0,5.8999999999999995,0.0
30980,30981,26766980#0,11.3575,0.8392857142857145
30982,30983,26766980#1,12.979999999999999,1.3333333333333317
30986,30987,26809976#0,41.693333333333335,249.46666666666664
30988,30989,26809976#1,61.36,18.0
30992,30993,268133899#1,17.056363636363635,1.672727272727273
30994,30995,268133899#2,4.601999999999999,1.2111111111111112
30996,30997,268133899#3,24.779999999999998,8.57142857142857
30998,30999,268133899#4,2.36,0.0
31004,31005,268133900#2,23.009999999999998,4.5
31006,31007,268133900#3,3.54,4.0
31008,31009,268133900#4,9.44,0.0
31010,31011,268133902,4.72,0.0
31012,31013,268133903#0,2.7533333333333334,0.33333333333333326
31014,31015,268133903#1,3.708571428571428,0.4761904761904761
31016,31017,268133904#0,19.433125,3.177960526315791
31018,31019,268133904#1,29.785684210526316,14.632250839865614
31020,31021,268133904#2,16.634193548387096,2.8057503506311368
31022,31023,26814848#0,4.164705882352941,1.0147058823529411
31024,31025,26814848#1,15.93,1.9090909090909085
31026,31027,26814848#2,3.4276190476190473,0.1904761904761905
31028,31029,26814848#4,7.611,1.1026315789473689
31030,31031,26814848#5,9.636666666666665,0.8529411764705883
31032,31033,26972791,17.936,5.699999999999999
31034,31035,26973015,6.377974683544304,0.6854711376348119
31036,31037,26973018#1,11.297049180327868,2.015300546448088
31038,31039,27082004,8.067608695652174,21.610745397926593
31042,31043,27195924#2,5.074,0.2333333333333334
31044,31045,27195926#1,14.16,0.0
31046,31047,27196044#0,17.666603773584903,2.3515723270440247
31048,31049,27196044#1,8.85,0.8944954128440372
31050,31051,27196044#2,4.445344827586206,0.3888305847076461
31052,31053,27196044#3,3.672241379310345,0.30907046476761624
31054,31055,27196044#4,3.437391304347826,0.27307398932112886
31056,31057,27196044#5,4.486034482758621,0.3516491754122939
31058,31059,27196044#6,4.648173913043478,0.37345537757437053
31060,31061,27196044#7,2.4515517241379308,0.2461019490254873
31062,31063,27196044#8,11.199827586206895,0.6347076461769114
31064,31065,272042143,26.128142493638677,4.654828933080503
31066,31067,272042145,25.021292875989445,5.079662812867064
31070,31071,272255518#1,4.467142857142857,0.18131868131868129
31072,31073,272255519#0,4.72,0.0
31074,31075,272255519#1,3.54,0.0
31076,31077,272255519#2,10.62,0.0
31078,31079,272255519#3,12.979999999999999,0.0
31080,31081,272255519#4,5.427999999999999,0.30000000000000004
31082,31083,272255519#5,11.564,0.6999999999999995
31084,31085,272255519#6,32.155,6.916666666666667
31086,31087,27267723,2.5170628683693517,0.1911197945579083
31088,31089,27267724,6.782535626535626,0.5072166293405226
31090,31091,273078633,15.34,2.0
31092,31093,273078634#0,4.326666666666666,27.380952380952383
31094,31095,273078634#1,5.965555555555555,0.6437908496732027
31096,31097,273078634#2,14.34153846153846,0.6410256410256412
31098,31099,273123309#0,41.66922580645161,513.8079235828375
31100,31101,273123311,19.217142857142854,7.571428571428572
31102,31103,273123315,111.6835294117647,92.74264705882368
31104,31105,273123316#1,9.44,0.24999999999999986
31106,31107,273123318,67.65333333333334,44.33333333333334
31108,31109,273123319,16.52,0.0
31110,31111,27453586#0,28.433083333333332,167.5340806395549
31112,31113,274823616#0,4.457777777777777,0.19444444444444448
31114,31115,274823616#1,23.305,2.916666666666668
31116,31117,274823622#0,13.41547619047619,0.8380665519219738
31118,31119,274823622#1,12.525060240963855,1.288568909785483
31120,31121,274823622#10,54.1234693877551,17983.68325268252
31122,31123,274823622#3,11.306046511627905,0.9991792065663473
31124,31125,274823622#4,2.3457831325301206,0.1339994122832795
31126,31127,274823622#5,3.54,0.17073170731707313
31128,31129,274823622#6,5.658924731182796,0.6643291257597007
31130,31131,274823622#9,6.309894736842105,4.5269876819708825
31132,31133,274823623#1,2.7533333333333334,0.33333333333333337
31134,31135,274823624#0,2.832,0.8
31138,31139,274823625,6.162222222222222,0.44444444444444436
31140,31141,27761238#0,9.44,1.0
31142,31143,27761238#1,4.326666666666666,0.33333333333333337
31144,31145,27761238#2,5.041818181818181,0.21818181818181817
31146,31147,27761238#3,12.193333333333333,0.6666666666666667
31148,31149,27761238#4,14.395999999999999,1.1999999999999995
31150,31151,27761238#5,4.9559999999999995,0.20000000000000007
31152,31153,27761238#6,15.733333333333333,0.3333333333333335
31154,31155,27761238#7,17.896666666666665,7.366666666666669
31156,31157,27781905,16.323333333333334,4.5666666666666655
31158,31159,27781907#0,15.192499999999999,1.983333333333333
31160,31161,27781907#1,23.526249999999997,30.995833333333334
31162,31163,27781908#0,17.7,0.0
31170,31171,27781947#2,12.744,1.7333333333333336
31172,31173,27781947#3,27.848,8.93333333333333
31174,31175,27781947#4,17.16363636363636,2.8727272727272735
31176,31177,27781947#5,22.419999999999998,157.42857142857147
31178,31179,27782265#0,7.178333333333333,0.4469696969696969
31180,31181,27782265#1,6.489999999999999,0.3
31182,31183,27782265#10,29.162857142857142,37.904761904761905
31184,31185,27782265#2,2.163333333333333,0.16666666666666669
31186,31187,27782265#3,4.72,0.0
31188,31189,27782265#6,8.26,0.0
31194,31195,27782265#9,28.71333333333333,5.333333333333332
31196,31197,27825198,7.866666666666666,1.333333333333333
31198,31199,27825199,5.703333333333332,0.9666666666666668
31202,31203,27825202#0,4.538461538461538,2.6953846153846155
31204,31205,27825202#2,11.11923076923077,1.3738461538461544
31206,31207,27825202#3,6.194999999999999,0.7236842105263159
31210,31211,27825654#1,7.417142857142856,0.23809523809523814
31212,31213,27825654#3,5.8999999999999995,0.5
31214,31215,27825654#4,10.488888888888889,1.1111111111111114
31216,31217,27825654#5,5.8999999999999995,0.0
31218,31219,27825654#6,10.433684210526316,34.2514619883041
31220,31221,27827337,52.716499999999996,123.301923076923
31228,31229,27830333#1,10.879571938168846,10.124171904195684
31232,31233,27866012#1,2.865714285714285,1.9523809523809526
31236,31237,27866016,95.58,914.25
31238,31239,27866593,12.193333333333333,0.3333333333333335
31240,31241,27872579#0,9.843684210526316,1.3122332859174968
31242,31243,27872579#1,4.467142857142857,0.841269841269841
31244,31245,27872579#2,8.87185185185185,0.7977207977207978
31246,31247,27872579#3,5.8999999999999995,0.6000000000000002
31248,31249,27872582,13.569999999999999,1.7368421052631586
31250,31251,27872583#0,3.647272727272727,0.6909090909090909
31252,31253,27872583#1,5.6049999999999995,0.4999999999999997
31254,31255,27872583#2,7.997777777777777,1.1944444444444444
31256,31257,27872583#3,3.7366666666666664,0.5666666666666667
31258,31259,27872583#4,18.486666666666665,5.333333333333332
31260,31261,27872584#0,5.801666666666667,2.992424242424242
31262,31263,27872584#1,4.425,0.2045454545454545
31264,31265,27872584#2,6.194999999999999,0.20454545454545456
31266,31267,27872584#3,4.326666666666666,0.2424242424242424
31268,31269,27872584#4,3.54,0.2857142857142857
31270,31271,27893434#1,5.083076923076923,0.23076923076923084
31272,31273,27893434#2,6.489999999999999,0.5769230769230771
31274,31275,27893434#3,6.353846153846154,0.4230769230769231
31276,31277,27893434#4,2.6323076923076925,0.19230769230769237
31278,31279,27893434#5,6.716923076923077,0.8974358974358974
31280,31281,27893434#6,5.083076923076923,0.3974358974358974
31292,31293,27914967,27.139999999999997,2.0
31296,31297,27920078#0,5.631287128712871,0.42639282515612154
31298,31299,27920078#1,2.3074257425742575,0.15910289913749726
31300,31301,27998319,3.1575925925925925,0.2958636206299757
31302,31303,27998320#0,1.5526315789473684,0.22807017543859645
31304,31305,27998320#1,20.129411764705882,5.558823529411765
31306,31307,27998322#0,19.47,0.5
31308,31309,27998322#1,4.511764705882353,17.404411764705888
31310,31311,27998675#2,13.924,3.2
31312,31313,27998675#4,11.209999999999999,1.6666666666666667
31314,31315,27998675#5,35.4,3.0
31316,31317,27998676#0,6.00325,0.28338607594936716
31318,31319,27998676#1,1.8567647058823529,0.24824407374890256
31320,31321,27998676#2,4.635714285714285,0.17662337662337654
31322,31323,27998676#3,5.251,0.556779661016949
31324,31325,27998676#4,3.84,0.19286966686148463
31326,31327,28012818#1,14.507058823529412,1.8455882352941182
31328,31329,28013725#2,15.002857142857142,2.013937282229967
31330,31331,28013725#3,9.44,1.0
31332,31333,28013728#0,1.5733333333333333,0.24999999999999997
31334,31335,28013728#1,2.36,0.0
31336,31337,28013728#10,2.36,0.2
31338,31339,28013728#11,3.802222222222222,0.19444444444444448
31340,31341,28013728#13,7.433999999999999,10.233333333333334
31342,31343,28013728#2,8.26,1.0
31348,31349,28013728#5,8.784444444444444,0.27777777777777773
31350,31351,28013728#6,1.298,0.09999999999999999
31352,31353,28013728#8,10.451428571428572,1.516483516483517
31354,31355,28013728#9,11.263636363636362,0.6727272727272731
31356,31357,28013743#0,1.7109999999999999,0.25384615384615383
31362,31363,28013743#2,3.933333333333333,0.2666666666666666
31364,31365,28013743#3,2.9499999999999997,0.5
31368,31369,28013743#5,3.835,0.25000000000000006
31372,31373,28013743#7,3.835,0.25000000000000006
31374,31375,28013743#8,4.13,0.5
31376,31377,28013743#9,4.13,0.5
31378,31379,28013748#0,3.835,0.9166666666666666
31380,31381,28013748#1,4.72,0.0
31382,31383,28013748#10,7.08,2.0
31384,31385,28013748#2,3.54,0.0
31386,31387,28013748#3,3.933333333333333,0.33333333333333337
31388,31389,28013748#4,3.933333333333333,0.33333333333333337
31390,31391,28013748#5,3.54,0.0
31398,31399,28013748#9,4.13,0.5
31400,31401,28013789#0,2.36,0.0
31402,31403,28013789#2,10.03,0.5
31404,31405,28014156#1,77.60235294117646,334.3161764705882
31406,31407,28014167#0,90.86,0.0
31408,31409,28014167#1,129.20999999999998,84.5
31410,31411,28014167#3,28.94470588235294,9.014705882352942
31412,31413,28014170#1,59.19666666666666,185.08823529411765
31416,31417,28035146#1,4.13,0.3
31418,31419,28091398,0.3938648648648648,0.22267307903302488
31420,31421,28098600#0,1.4422222222222223,0.19444444444444445
31422,31423,28098600#1,2.491111111111111,0.11111111111111119
31424,31425,28098609#0,13.687999999999999,206.3578947368421
31426,31427,28098609#1,4.045714285714285,0.28571428571428564
31428,31429,28098609#2,6.221818181818181,2.218181818181818
31430,31431,28098609#3,22.419999999999998,0.0
31432,31433,28098611#1,4.13,1.772727272727273
31434,31435,28111851#1,8.85,0.29999999999999993
31436,31437,28111926#1,3.1466666666666665,0.9523809523809523
31438,31439,28111930#0,2.36,0.0
31440,31441,28111930#1,17.7,6.000000000000003
31444,31445,28111977#1,28.86461538461538,17.602564102564102
31446,31447,28111977#11,17.7,0.0
31448,31449,28111977#2,8.26,0.0
31450,31451,28111977#4,30.005714285714284,6.619047619047623
31452,31453,28111977#5,36.44888888888889,18.61111111111111
31460,31461,28111977#9,34.22,0.0
31462,31463,28114237,7.401818181818181,2.017045454545455
31464,31465,28114295#0,12.979999999999999,2.0
31468,31469,28119595#2,19.722857142857144,0.571428571428572
31470,31471,28119595#3,8.85,0.5
31472,31473,28124197#0,10.03,0.5
31476,31477,28124258#0,22.656,7.04615384615385
31478,31479,28124258#1,6.096666666666667,1.3874458874458875
31480,31481,28124258#2,20.473766233766234,9.65174299384825
31482,31483,28124258#3,14.345098039215685,3.0549019607843126
31484,31485,28124570#0,15.045,0.9166666666666666
31486,31487,28124570#1,26.549999999999997,5.666666666666667
31488,31489,28124570#2,8.26,0.6666666666666665
31490,31491,28124570#3,33.925,8.249999999999998
31492,31493,28124570#4,5.8999999999999995,0.6666666666666665
31500,31501,28124570#8,10.03,0.5
31510,31511,28124729#0,24.641176470588235,2.4852941176470584
31512,31513,28124729#1,3.1235294117647054,0.2426470588235295
31514,31515,28124729#2,50.830769230769235,6979.74358974359
31516,31517,28124764#0,4.765384615384615,0.2784615384615386
31518,31519,28124764#1,19.765,20.200000000000006
31520,31521,28124764#2,7.443076923076922,4.730769230769231
31522,31523,28124764#3,9.709714285714284,1.0638655462184872
31524,31525,28124764#4,4.214285714285714,18.666666666666668
31526,31527,28124854#1,8.461514084507042,0.6885976351938793
31528,31529,28124854#1.89,8.749929328621908,1.4078395196847937
31532,31533,28132014#0,8.141265560165975,4.823717161532726
31534,31535,28132014#1,5.973367875647669,1.533474512501883
31536,31537,28132014#2,8.363142559833506,7.088185050294825
31538,31539,28132017,4.186483412322275,0.26691907155768574
31540,31541,28132244#0,3.54,0.0
31542,31543,28132244#1,4.72,0.0
31546,31547,28132718,10.512727272727272,0.8909090909090909
31554,31555,28132813,14.684444444444443,50.52777777777778
31556,31557,28132836#0,14.16,7.0
31558,31559,28132836#1,1.77,0.5
31560,31561,28132836#2,4.72,0.0
31562,31563,28132836#3,2.36,2.4
31564,31565,28132836#4,12.979999999999999,0.7499999999999999
31568,31569,28132869,12.783333333333333,0.16666666666666669
31570,31571,28133036#0,9.44,0.0
31574,31575,28133087,25.369999999999997,6.999999999999999
31576,31577,28133099,31.335555555555555,1.0277777777777781
31578,31579,28133108#0,6.293333333333333,6.666666666666667
31580,31581,28133108#1,3.54,0.0
31586,31587,28133112#1,3.54,0.0
31588,31589,28133112#2,3.3433333333333333,0.16666666666666666
31590,31591,28133141,26.746666666666666,1.333333333333334
31592,31593,28133152#0,17.025714285714287,37.952380952380956
31594,31595,28133152#1,11.013333333333334,1.333333333333333
31596,31597,28133177#0,26.078,8.988888888888889
31598,31599,28133177#1,13.078333333333333,1.3560606060606057
31606,31607,28133199,29.5,0.0
31608,31609,28161015,202.95999999999998,0.0
31610,31611,28161024#0,2.36,0.0
31612,31613,28161024#1,13.569999999999999,4.5
31614,31615,28161024#2,12.026923076923076,1.8415384615384613
31616,31617,28161026#0,7.08,0.0
31618,31619,28161026#1,8.26,0.0
31620,31621,28161026#2,8.597142857142856,0.23809523809523803
31622,31623,28161026#3,3.9647999999999994,1.24
31624,31625,28161026#4,9.8176,0.6433333333333334
31626,31627,28161026#5,9.251199999999999,0.7233333333333336
31628,31629,28161026#6,10.431199999999999,8.306666666666668
31630,31631,28161027,42.48,0.0
31632,31633,28161030,37.56333333333333,10.166666666666668
31640,31641,28161105#2,21.63333333333333,0.3333333333333339
31642,31643,28161139,18.683333333333334,57.766666666666666
31644,31645,28161140,2.4386666666666668,0.9238095238095237
31646,31647,28161141#0,2.36,0.5
31648,31649,28161141#1,20.846666666666668,1.3333333333333321
31650,31651,28162357#1,2.596,0.17777777777777787
31652,31653,28162375#1,2.36,1.0
31654,31655,28162375#2,15.93,1.0
31656,31657,28162390#1,6.405714285714286,0.28571428571428553
31658,31659,28162390#2,14.455,0.25000000000000017
31664,31665,28252424,9.161090909090909,866.6282828282827
31666,31667,282532460#0,10.423333333333334,1.9696969696969695
31668,31669,282532460#1,9.833333333333334,0.6333333333333336
31670,31671,282532460#2,7.417142857142856,0.5142857142857146
31672,31673,28268963,24.386666666666667,10.333333333333332
31678,31679,28269269#0,26.746666666666666,2.2666666666666675
31680,31681,28269269#1,9.44,1.0
31682,31683,28269269#2,15.733333333333333,2.333333333333334
31690,31691,28269326#0,11.406666666666665,1.333333333333333
31692,31693,28269326#1,16.52,1.0
31698,31699,28269326#4,17.994999999999997,1.5833333333333328
31702,31703,28269616#1,3.54,3.0000000000000004
31708,31709,28269616#4,4.72,0.6666666666666666
31710,31711,28269620#0,15.045,2.9166666666666665
31716,31717,28269631,2.065,2.25
31718,31719,28269810#1,9.18512,0.8481290322580645
31720,31721,28269810#2,14.326197183098591,2.675057436819499
31728,31729,283067359#3,6.194999999999999,0.25000000000000006
31730,31731,283067359#4,5.8999999999999995,0.0
31732,31733,283067359#5,25.959999999999997,0.0
31738,31739,28319300#0,19.71294117647059,6.21390374331551
31740,31741,28319300#1,5.7524999999999995,0.37096774193548393
31742,31743,28319300#2,8.85,0.6034482758620688
31744,31745,28319300#4,3.591304347826087,0.4071146245059289
31746,31747,28319300#5,8.58181818181818,0.49350649350649334
31748,31749,28319300#6,1.3275,0.1166666666666667
31750,31751,28319300#7,7.375,0.6000000000000001
31752,31753,28320823,19.349462365591396,4.176951846657319
31754,31755,283470309,1.989142857142857,0.2806722689075632
31756,31757,28390298,57.28363636363636,307.8727272727273
31758,31759,28418763,26.184552238805967,69.44305159595274
31760,31761,28418764,21.366590038314175,3.103831417624522
31762,31763,284224051,3.1466666666666665,0.33333333333333326
31766,31767,284224052#1,3.54,0.0
31768,31769,284224053,38.41555555555556,26.02777777777778
31770,31771,284224054#2,30.09,4.5
31772,31773,28444755,123.7390909090909,482.858041958042
31774,31775,285490885,13.409090909090908,3.254545454545455
31776,31777,285548171#0,12.744,0.7
31778,31779,285548171#1,3.0342857142857143,0.28571428571428575
31780,31781,285549250#0,4.324481481481482,0.319724455438741
31782,31783,285549250#0.50,15.508571428571427,99.78066914498147
31784,31785,285716192#0,9.162490118577074,3.03662479523659
31786,31787,285716192#1,4.31185332011893,9.101473641984043
31788,31789,28577490#0,5.8580444444444435,1.0523015873015866
31790,31791,28577490#1,1.6887111111111108,0.2552777777777778
31792,31793,28577490#3,3.4145669291338585,0.45110640814167013
31794,31795,28593900,13.486623516720604,1.9018595017253006
31796,31797,28639688#1,8.34513422818792,6.136369867386754
31798,31799,28639688#2,4.6843624161073825,5.589462298554439
31800,31801,28639688#3,1.504697986577181,4.826310828015914
31802,31803,286646181,32.66167938931298,13.496418085731065
31806,31807,286646183,52.9525,11.553571428571427
31808,31809,286646184#0,16.302153846153846,41.99663461538463
31810,31811,286646185,44.839999999999996,16.999999999999993
31812,31813,286646186#0,15.094166666666665,56.237774451097785
31814,31815,286646186#1,3.737888198757764,24.702950310559007
31816,31817,286646187#0,3.54,0.0
31818,31819,286646187#1,1.18,0.0
31820,31821,286646188#0,2.615135135135135,1.2676786375416507
31822,31823,286646188#1,6.932499999999999,2.5166666666666666
31824,31825,286646188#2,4.789411764705882,0.6838235294117648
31826,31827,286646188#3,3.835,0.25
31828,31829,286646188#4,23.599999999999998,16.0
31832,31833,286646190#0,10.153488372093022,0.7830369357045144
31834,31835,286646190#1,35.70494382022471,19.307456588355457
31836,31837,286646191#0,146.1233333333333,61.76666666666667
31840,31841,286646191#2,10.701379310344826,0.6267392619479732
31842,31843,286646191#3,6.334736842105262,0.7368421052631584
31844,31845,286646456#0,4.018519337016574,4.794438468684295
31846,31847,286646456#2,7.469684601113172,1.5472926065842898
31848,31849,286646456#3,3.909172809172809,1.0479410856460032
31850,31851,286646456#4,6.779443079443079,0.5145782145782147
31852,31853,28738529#1,2.7533333333333334,0.2666666666666666
31854,31855,28738529#12,10.62,26.5
31856,31857,28738529#13,2.655,0.25000000000000006
31858,31859,28738529#14,16.52,3.0
31862,31863,28738529#2,3.54,0.0
31866,31867,28738529#4,15.34,0.0
31872,31873,28738529#8,16.52,0.0
31876,31877,28738541#0,3.9726989335520915,1.0879209990691976
31878,31879,28738541#1,1.418129614438064,0.2564499421448309
31886,31887,28738543#1,9.44,0.0
31888,31889,28738543#2,2.36,0.0
31890,31891,28738543#3,3.54,0.0
31892,31893,28738543#4,7.08,2.0
31894,31895,28738543#5,1.18,0.0
31896,31897,28738543#6,10.62,0.0
31898,31899,28740443#0,2.2616666666666667,3.9015151515151527
31900,31901,28740443#1,3.3714285714285714,2.142857142857143
31906,31907,28750058#0,3.3302222222222224,0.33131313131313134
31908,31909,28763451#1,3.686943396226415,0.14731275014293882
31910,31911,28763451#2,1.3441353383458645,0.12774861682508157
31912,31913,28781036#0,2.36,0.0
31914,31915,28781036#1,11.3575,1.1250000000000002
31916,31917,28781036#2,8.934285714285714,0.9523809523809524
31918,31919,28781036#4,7.375,2.25
31920,31921,28781036#5,4.72,0.0
31922,31923,28781036#6,3.54,1.5
31924,31925,28781036#7,7.787999999999999,10.3
31926,31927,288193337#0,2.36,0.0
31930,31931,288213479,5.8999999999999995,0.0
31938,31939,28845091#0,28.15142857142857,26.285714285714285
31940,31941,28845091#1,6.784999999999999,0.25
31942,31943,28845091#2,7.965,12.022727272727273
31944,31945,28845091#3,54.427499999999995,51.839285714285715
31946,31947,28845095#0,92.335,46.916666666666664
31954,31955,28970268#0,4.012,0.39999999999999986
31956,31957,28970268#1,7.2615384615384615,3.641025641025641
31958,31959,28970268#2,12.488333333333333,8.628787878787879
31960,31961,28970268#3,9.44,0.0
31964,31965,289878517#1,6.608,0.8
31968,31969,289879699,12.389999999999999,3.5
31970,31971,29001352,3.8939999999999997,0.23333333333333325
31972,31973,29002239,36.97333333333333,4.666666666666664
31974,31975,29002248#0,10.451428571428572,0.7142857142857143
31976,31977,29002248#1,10.689411764705882,2.420677361853832
31978,31979,29002251#0,10.521666666666665,3.2214285714285706
31980,31981,29002251#1,2.7427027027027022,0.2807807807807807
31982,31983,29002252#0,10.462666666666667,5.838095238095237
31984,31985,29002252#1,1.9666666666666666,0.6060606060606061
31986,31987,29002252#3,4.382857142857143,0.5274725274725275
31988,31989,29002252#4,3.4684848484848483,0.24621212121212133
31990,31991,29002253,11.799999999999999,2.0
31992,31993,29002614,27.701904761904757,9.06190476190476
31994,31995,29002689,10.325,0.9318181818181821
31996,31997,29002846,7.08,0.0
31998,31999,29027727#0,4.6048780487804875,0.4321412539278769
32000,32001,29027727#1,4.2595121951219515,0.3743827622325304
32002,32003,29027727#2,7.889940828402366,1.1927303465764996
32004,32005,29027727#4,4.123370786516854,0.46606995492922
32006,32007,29027727#5,1.5688636363636363,0.24506493506493504
32008,32009,29027727#6,6.241931818181818,130.2412662337661
32010,32011,29027727#7,1.687461139896373,0.4547171848013813
32012,32013,29027727#8,58.18642105263157,35456.11999443052
32014,32015,29027727#9,462.0524731182795,432985.38157512347
32016,32017,29027839#0,17.394074074074073,1.2763532763532763
32018,32019,29027839#1,5.681481481481481,0.3105413105413104
32020,32021,29027839#2,8.60962962962963,0.4472934472934474
32022,32023,29027840,7.527586206896552,2.1009852216748772
32024,32025,29027936#1,5.117464366091522,2.550871952222286
32026,32027,290388899,93.27533014354066,457.94894865167095
32028,32029,29048562#1,9.527407407407408,4.7667766776677665
32030,32031,29060369#0,29.5,0.0
32032,32033,29060369#1,9.44,0.0
32034,32035,29119849#0,1.2008388520971303,1.0217792039325453
32036,32037,29119849#1,11.445999999999998,69.73774834437091
32038,32039,29119850,11.217480190174326,14.299999434677943
32040,32041,29119850.76,1.9038144329896907,6.211053950935844
32042,32043,29119851#0,4.147759197324414,0.311014343112388
32044,32045,29119851#1,3.3421965317919073,1.1718187149199961
32046,32047,29119898,2.984705882352941,0.389705882352941
32048,32049,29146979#1,8.284583333333332,1.297429078014184
32050,32051,29146979#2,1.8783673469387754,0.24659863945578242
32052,32053,29146979#3,2.065,0.25
32054,32055,29146979#4,6.922666666666665,0.3909090909090908
32058,32059,29187258#0,7.754285714285714,0.2857142857142857
32060,32061,29187258#1,1.609090909090909,0.6545454545454545
32064,32065,29187258#3,5.506666666666667,0.33333333333333326
32066,32067,29187258#4,7.276666666666666,2.515151515151515
32068,32069,29187258#5,3.54,1.517241379310345
32070,32071,29187258#6,2.9499999999999997,0.29999999999999993
32072,32073,29187258#7,9.44,21.0
32076,32077,29205272#10,30.68,0.0
32080,32081,29205272#13,25.173333333333332,7.866666666666665
32088,32089,29205272#4,40.12,0.0
32090,32091,29205272#5,4.72,0.0
32098,32099,29205272#9,24.779999999999998,0.0
32100,32101,29205273#0,6.356774193548387,0.8451612903225806
32102,32103,29205273#1,4.822608695652174,0.3557312252964427
32104,32105,29205273#2,14.589090909090908,3.0545454545454547
32106,32107,29205273#5,12.684999999999999,4.499999999999999
32108,32109,29205273#6,8.26,6.0
32110,32111,29205273#7,9.675999999999998,2.6222222222222227
32112,32113,29205273#8,12.389999999999999,2.3000000000000003
32114,32115,29205273#9,8.555,2.2142857142857144
32120,32121,29212862#1,24.07653846153846,65.02071322681601
32122,32123,29212862#2,19.138308457711442,3.4818407960199007
32124,32125,29213028#1,13.094935064935065,109.00352262116972
32126,32127,29213028#2,6.996174863387977,3.9344862787485737
32128,32129,29213363,42.25480916030534,692.494069289489
32130,32131,29213366,3.1415584415584417,1.673957621326042
32132,32133,29213402,1.8312033195020747,0.3233402489626557
32134,32135,29213411,12.008235294117645,0.877005347593583
32136,32137,29213449#0,3.6307692307692307,0.576923076923077
32138,32139,29213449#1,2.9499999999999997,1.2
32140,32141,29213449#2,2.2125,0.5166666666666667
32142,32143,29213449#3,2.6705263157894734,0.31578947368421045
32144,32145,29213477#0,13.234879999999999,2.428774193548389
32146,32147,29213477#1,26.031206896551723,4.387631184407796
32148,32149,29213811,3.5282587064676614,0.13990049751243783
32150,32151,29213889,2.8439325842696626,0.25458642798197173
32158,32159,29238187#0,10.77391304347826,4.2094861660079035
32160,32161,29238187#1,9.893846153846154,0.2564102564102565
32162,32163,29238187#2,16.333684210526314,1.2514619883040936
32164,32165,29238188#0,11.274512922465208,725.2900428276118
32166,32167,29238188#0.17,13.90562874251497,1761.7576794463057
32168,32169,29238188#1,17.16255060728745,2673.895684382804
32170,32171,29238188#2,91.60992893401016,30723.7826792126
32172,32173,29238188#3,46.769717171717176,12953.097434404717
32174,32175,29254382#0,16.814999999999998,1.6428571428571428
32176,32177,29254382#1,27.139999999999997,12.0
32178,32179,29254382#2,15.34,3.3333333333333326
32180,32181,29254384#0,7.417142857142856,1.5714285714285712
32182,32183,29254384#1,5.8999999999999995,0.3999999999999999
32184,32185,29254494,55.79714285714285,23.758241758241752
32188,32189,29254505#0,1.888,0.7999999999999999
32190,32191,29254505#1,2.556666666666666,0.5666666666666667
32192,32193,29254505#2,9.177777777777777,4.194444444444445
32194,32195,29254506,16.52,8.0
32198,32199,29254533#0,10.62,0.0
32202,32203,29254533#2,9.44,1.0
32206,32207,29254586#0,5.31,12.5
32208,32209,29254586#1,2.36,0.0
32210,32211,29254586#2,16.402,1.8777777777777775
32212,32213,29254586#3,5.192,0.4888888888888888
32214,32215,29254586#30,6.254,0.3263157894736844
32216,32217,29254586#4,4.382857142857143,0.2142857142857144
32218,32219,29254590#0,11.312608695652173,0.958937198067633
32220,32221,29254590#1,3.54,0.41666666666666674
32222,32223,29254590#2,9.656734693877551,0.5697278911564627
32224,32225,29254590#3,5.746086956521739,0.3003952569169961
32226,32227,29254706#1,16.52,2.0
32228,32229,29254706#1.167,4.916666666666667,0.16666666666666666
32232,32233,29254759#0,28.12333333333333,5.7666666666666675
32234,32235,29254759#1,16.913333333333334,1.333333333333334
32236,32237,29254759#2,50.346666666666664,27.46666666666667
32238,32239,29254771#0,32.7551724137931,5.261083743842365
32240,32241,29254771#1,19.444347826086958,1.9881422924901186
32242,32243,29254771#2,16.066153846153846,15.756410256410254
32244,32245,29254773,23.094285714285714,1.6190476190476197
32246,32247,29254778,48.18333333333334,959.3666666666666
32248,32249,29254786#0,5.8999999999999995,5.5
32250,32251,29254786#1,66.67,24.5
32252,32253,29254798#1,49.6567213114754,18.571738246850025
32254,32255,29254818#0,2.5745454545454542,1.2034632034632036
32256,32257,29254818#1,69.88222222222221,18.194444444444432
32258,32259,29254835#0,3.449230769230769,1.2435897435897434
32260,32261,29254835#1,71.08095238095238,216.2904761904762
32262,32263,29255794,9.150175438596492,0.7957393483709273
32264,32265,293162564#0,14.781836019621585,5.910035962419817
32266,32267,293162564#1,4.887028169014084,1.5254042223744166
32268,32269,293162564#2,12.152076541459957,32.31303989424529
32270,32271,293162564#3,10.023692088382036,50.34858053305384
32272,32273,293162564#4,5.347858687815429,8.208746232538596
32274,32275,293162564#5,3.130455531453362,0.8345916352483583
32276,32277,29353676#0,8.102666666666666,0.8380952380952381
32278,32279,29353676#1,6.911428571428571,0.47619047619047644
32280,32281,29353676#2,14.946666666666665,2.5238095238095233
32282,32283,29353679,6.883333333333333,5.766666666666667
32288,32289,294213267,4.72,0.5
32294,32295,294213270#1,5.113333333333332,4.333333333333334
32296,32297,29458096#1,10.018431372549019,1.6149019607843138
32298,32299,29458097#1,14.589090909090908,89.33971291866028
32300,32301,29458640,37.96292424242424,432.89004009005913
32302,32303,29458645,8.917980972515856,0.9342783721265623
32304,32305,29458647#0,23.784018212862833,83.33671432071918
32306,32307,29459180#0,7.301532567049808,0.6146183318597109
32308,32309,29459180#1,18.31269230769231,2.767968517968517
32310,32311,29459182#0,11.156363636363636,8.872727272727271
32312,32313,29459182#1,11.692727272727272,7.690909090909092
32314,32315,297594879#0,8.961621621621621,50.692192192192174
32318,32319,297594880#0,1.3897777777777778,0.1494949494949496
32320,32321,297594880#1,7.9191111111111105,46.3010101010101
32322,32323,297778952,2.237799352750809,0.30011684018044715
32324,32325,299477326#0,1.18,0.0
32326,32327,299477326#1,4.72,0.0
32352,32353,30054268#0,15.68157894736842,1.778805120910384
32354,32355,30054268#1,9.608571428571427,1.420168067226891
32356,32357,30054268#2,7.653142857142857,0.6689075630252102
32358,32359,30054268#3,17.565142857142856,4.574789915966388
32360,32361,30054268#4,7.254814814814814,0.6695156695156693
32362,32363,30054268#5,15.121481481481482,3.925925925925926
32366,32367,30054346#0,9.44,0.0
32368,32369,30054346#1,2.36,0.0
32370,32371,30054351#0,6.784999999999999,0.9166666666666666
32372,32373,30054351#1,51.919999999999995,0.0
32374,32375,30054354,61.596000000000004,788.7
32376,32377,30054386#0,15.34,0.0
32378,32379,30054386#1,7.67,4.5
32384,32385,30054410#0,20.846666666666668,8.33333333333333
32390,32391,30054413#0,3.6435087719298243,0.18859649122807023
32392,32393,30054413#1,1.7878787878787878,0.2575757575757575
32394,32395,30054413#2,2.4136363636363636,0.04545454545454544
32396,32397,30054413#3,2.2838709677419353,0.7290322580645161
32398,32399,30054413#4,1.4576470588235293,0.18538324420677363
32400,32401,30054437#0,8.528181818181817,0.37445887445887444
32402,32403,30054437#1,3.218181818181818,0.39826839826839816
32404,32405,30054437#2,25.152631578947364,3.78362573099415
32406,32407,30054437#3,14.653953488372093,4.868217054263566
32408,32409,30054443,60.50181818181818,153.73160173160173
32418,32419,30054718,18.88,0.0
32420,32421,30054829#0,27.651807228915658,12.12665295327652
32422,32423,30054829#1,15.34,242.0
32424,32425,30054837,13.822857142857142,18.9047619047619
32428,32429,30054884#0,8.85,1.0000000000000002
32430,32431,30054884#1,5.113333333333332,0.2666666666666668
32432,32433,30054903#0,8.26,0.0
32434,32435,30054903#1,5.506666666666667,4.333333333333334
32436,32437,30054903#2,12.062222222222221,1.694444444444445
32438,32439,30054903#3,18.202127659574465,0.8584643848288608
32442,32443,30054914#1,20.06,2.6666666666666665
32444,32445,30054925#0,24.386666666666667,9.333333333333336
32446,32447,30054925#2,18.88,5.571428571428571
32448,32449,30056007#0,19.666666666666668,2.07051282051282
32450,32451,30056007#1,17.513684210526314,1.0554765291607395
32452,32453,30056007#2,14.7264,12.926666666666668
32456,32457,30064385#1,8.997499999999999,1.583333333333333
32458,32459,30064385#2,3.933333333333333,0.2666666666666666
32460,32461,30064385#3,7.866666666666666,0.2666666666666669
32462,32463,30064385#4,1.6857142857142857,0.5714285714285714
32464,32465,30068855,25.330666666666662,74.40952380952383
32466,32467,300750369#0,5.664,0.19999999999999996
32468,32469,300750369#1,3.202857142857143,2.2380952380952377
32470,32471,300750369#2,1.18,0.0
32472,32473,300750370,11.799999999999999,4.0
32474,32475,30093832#0,5.639480519480519,24.04272043745728
32476,32477,30093878,15.53772972972973,2.0858989424206813
32478,32479,30131199,6.757987307343608,0.5053171271881834
32480,32481,30131200,15.35326836581709,1.4694908734679912
32482,32483,30131201,6.578339798293251,0.5318521748767652
32484,32485,30136341#0,18.093333333333334,0.3333333333333335
32486,32487,30136341#1,7.965,0.24999999999999992
32488,32489,30187448#0,4.466075949367089,0.863356053229471
32490,32491,30187448#1,17.147659574468083,3.0043468313886983
32492,32493,302753339#0,3.802222222222222,3.6944444444444446
32494,32495,302753341,1.18,0.0
32496,32497,302753648,5.31,0.5
32502,32503,302879124,3.54,0.0
32506,32507,302879156#1,8.26,0.4
32508,32509,302879156#2,4.326666666666666,1.0952380952380953
32510,32511,302879162#0,3.164545454545454,0.9891774891774894
32512,32513,302879162#1,4.179166666666666,0.43297101449275344
32514,32515,302879162#2,1.877272727272727,0.2532467532467533
32516,32517,303155140#0,2.0228571428571427,0.5714285714285715
32524,32525,303155140#8,2.36,0.0
32526,32527,30315720#0,21.82144927536232,2.9300937766410917
32528,32529,30315720#1,12.646521739130435,1.1405797101449275
32530,32531,30315925,2.5238888888888886,0.12128325508607196
32532,32533,30315926#0,5.933714285714285,0.3180124223602486
32534,32535,30315926#1,9.388695652173912,0.5127877237851661
32536,32537,30315927,7.723636363636364,0.6727272727272728
32538,32539,30315928#0,21.83,4.5
32540,32541,30315928#1,14.16,2.0
32542,32543,30320326,6.911428571428571,0.4761904761904761
32544,32545,30320943,5.208356435643564,3.9441934682239537
32546,32547,303210413,11.93111111111111,18.861111111111114
32550,32551,303843481,5.768888888888889,0.6111111111111109
32554,32555,303843501,1.18,0.0
32558,32559,303843510#0,3.068,1.2999999999999998
32560,32561,303843510#2,3.835,0.25000000000000006
32562,32563,303843510#3,3.933333333333333,0.33333333333333326
32564,32565,30399316#0,4.914589764419171,23.54107639370464
32566,32567,30399316#1,3.813344208809135,18.834458834104606
32568,32569,30399316#2,7.55585306122449,51.18038148592765
32570,32571,30399316#4,16.03821371610845,16.03747306305379
32572,32573,30399316#5,1.7171292624900871,0.6291416487292784
32574,32575,30399319,5.741153846153845,21.373680241327296
32576,32577,30399322#0,5.378315789473684,0.47051096135801496
32578,32579,30399322#1,1.7249105691056907,0.2536241375432468
32580,32581,30399322#2,14.873957654723126,33.99792069850729
32582,32583,30399325,22.293504,4.287938510808649
32584,32585,30399326#1,2.7107592891760905,0.2448306329762482
32586,32587,30399326#1.23,4.695573248407643,0.7252486311319712
32588,32589,30399663#0,15.525098039215685,668.8083516314182
32590,32591,30399663#1,95.26579881656805,2875.286666510751
32592,32593,30404124,4.51762102351314,0.6492147599836015
32594,32595,30404130,1.806875,9.857283464566923
32596,32597,304151838#0,3.0974999999999997,0.8392857142857143
32598,32599,304151838#1,1.4749999999999999,0.21428571428571427
32600,32601,304151838#10,1.9175,0.5535714285714286
32602,32603,304151838#11,1.0488888888888888,0.1111111111111111
32604,32605,304151838#12,2.2125,0.125
32606,32607,304151838#2,1.3766666666666667,0.16666666666666669
32608,32609,304151838#3,1.18,0.0
32610,32611,304151838#4,1.5733333333333333,0.2666666666666667
32612,32613,304151838#5,1.5733333333333333,0.2666666666666667
32614,32615,304151838#6,1.18,0.0
32616,32617,304151838#7,1.416,0.17777777777777778
32618,32619,304151838#8,1.77,0.5
32622,32623,304151905,2.58125,1.0958333333333334
32624,32625,304151911,6.194999999999999,0.24999999999999992
32626,32627,304151923,1.18,0.0
32628,32629,304151928,1.18,0.0
32630,32631,304151930#1,4.72,1.9999999999999998
32632,32633,304151947#2,2.7139999999999995,1.788888888888889
32636,32637,304151955#1,2.36,2.0
32638,32639,304151955#2,14.455,14.916666666666666
32640,32641,30417783#1,108.67799999999998,21247.87777777778
32642,32643,30417892,2.1749019607843136,0.3548656103662839
32644,32645,30421297#0,10.758823529411764,0.6102941176470592
32646,32647,30421297#1,11.799999999999999,1.1999999999999997
32648,32649,30421297#2,9.833333333333334,0.33333333333333304
32650,32651,30482614,2.0296,0.20999999999999996
32652,32653,30482615#0,0.0944,0.07666666666666667
32654,32655,30482615#1,17.1808,2.006666666666668
32656,32657,30482615#2,58.83909090909091,18.504329004329012
32658,32659,30482615#3,4.880909090909091,0.21861471861471848
32660,32661,30482615#4,17.824210526315788,1.6549707602339176
32662,32663,30482615#5,7.787999999999999,0.8285714285714282
32664,32665,30482615#6,65.49,12.5
32666,32667,30482619,8.974210526315789,3.8129445234708403
32668,32669,30482626#0,18.828695652173913,1.3162055335968381
32670,32671,30482626#1,17.7,0.0
32672,32673,30482630#0,17.306666666666665,4.333333333333334
32674,32675,30482630#1,10.62,1.0
32676,32677,30482630#2,14.16,2.0
32678,32679,30482630#3,2.36,1.0
32680,32681,30482630#4,8.26,0.7999999999999999
32682,32683,30482633#0,10.541333333333332,0.7809523809523815
32684,32685,30482633#1,14.356666666666666,6.753623188405798
32686,32687,30482638#0,8.623076923076923,1.686707296985669
32688,32689,30482638#1,5.971206896551724,0.48015193267297207
32690,32691,30482638#10,3.6773396674584324,0.2507069336047956
32692,32693,30482638#11,7.428380952380952,0.62861688828276
32694,32695,30482638#12,14.116993166287015,2.0671617728128453
32696,32697,30482638#13,10.418018018018017,1.0541557358713118
32698,32699,30482638#14,3.8343370786516853,0.34529810709586
32700,32701,30482638#2,6.035661605206073,0.4280580967650663
32702,32703,30482638#3,3.6470353982300887,0.304392402331103
32704,32705,30482638#4,4.376488888888888,0.37163573372927494
32706,32707,30482638#5,1.7070666666666667,0.24770601336302916
32708,32709,30482638#6,7.018434782608695,2.1846357866818225
32710,32711,30482638#7,2.704965197215777,0.32829007715966124
32712,32713,305390325#0,8.583678402522333,3.393697924523396
32714,32715,305390325#2,5.721098784997358,8.973302106682123
32716,32717,305390325#3,4.042982171799028,10.813342678172516
32718,32719,305390335,2.3911769415532427,0.1651667487836423
32720,32721,305397288#0,2.8844444444444446,2.47979797979798
32722,32723,305397288#1,1.7443478260869563,1.7217391304347827
32724,32725,305397289#1,1.7158895027624308,0.4724676189341808
32726,32727,305495773#0,14.209875120076848,4.136673317076772
32728,32729,305495773#2,6.910611057225994,0.548305443861648
32730,32731,305495779#0,3.7801070950468536,0.3231514081347729
32732,32733,305495779#1,3.958649921507064,0.4777010949517684
32734,32735,305496616#0,7.364827586206896,0.7477313974591652
32736,32737,305496616#1,10.72,1.2857977790765633
32738,32739,305496616#10,16.892631578947366,98.5922807017544
32740,32741,305496616#2,4.72,0.41379310344827597
32742,32743,305496616#3,4.414827586206896,0.30036297640653353
32744,32745,305496616#4,3.0517241379310343,0.2819116757410768
32746,32747,305496616#5,1.4124242424242424,0.2221445221445222
32748,32749,305496616#6,1.1442424242424243,0.09137529137529136
32750,32751,305496616#7,2.663939393939394,0.22494172494172493
32752,32753,305496616#9,3.629393939393939,0.28648018648018625
32754,32755,305496617#0,13.511,0.7666666666666664
32756,32757,305496617#1,15.34,2.3103448275862055
32758,32759,305496618#0,12.763391608391608,4.150132267032443
32760,32761,305496618#2,4.548324125230202,0.36809307319592555
32762,32763,305496618#3,9.368022181146026,54.92775381666323
32764,32765,305496619#0,7.65182751540041,3.8799063722632052
32766,32767,305496619#2,9.709506172839506,1.0590683466972144
32768,32769,306162410,2.36,0.0
32770,32771,306240160#0,48.072458410351196,645.6523173820777
32772,32773,306240161#2,2.6866617320503328,0.22701099322860968
32774,32775,306240162#1,10.306494464944649,3.4933652045880095
32776,32777,306240162#2,13.164556650246304,1.019897286692219
32778,32779,306240162#4,24.759125910509884,6.3423950745751
32782,32783,306384636#0,4.13,0.5
32786,32787,306431310#0,1.88,0.2454704850964348
32788,32789,306431310#1,5.829552238805969,1.3903211216644045
32790,32791,306431419,2.36,0.5
32792,32793,306431420,0.9984615384615384,0.14102564102564102
32794,32795,306431425#0,12.498028169014084,0.782339426630706
32796,32797,306431425#1,10.798273381294964,1.1146908560108435
32798,32799,306431425#2,3.0646043165467622,0.2712960066729224
32800,32801,306431425#3,0.6621582733812948,0.27703054947346467
32802,32803,306726646,6.943846153846154,9.226153846153844
32804,32805,306726647#0,4.866685082872928,0.9955847017951958
32806,32807,306726647#1,8.450443037974683,0.8278380550532436
32808,32809,306793479#0,50.739999999999995,0.0
32810,32811,306793479#2,24.779999999999998,0.0
32812,32813,306793479#3,3.0974999999999997,1.4107142857142858
32814,32815,306793480#0,2.1914285714285713,0.13186813186813187
32816,32817,306793480#1,2.5209090909090905,1.170995670995671
32818,32819,306793480#2,4.175384615384615,0.6025641025641023
32820,32821,306793480#3,3.8939999999999997,0.4555555555555556
32822,32823,306793480#4,3.2676923076923075,1.1923076923076923
32824,32825,306793480#5,3.802222222222222,0.4444444444444444
32826,32827,306793480#6,6.6866666666666665,0.33333333333333326
32830,32831,306793482,4.72,0.0
32836,32837,306793486,4.72,0.0
32838,32839,306793488,5.637777777777777,0.1944444444444445
32840,32841,306793669,22.086717557251905,5.087003452132062
32842,32843,306793670#0,1.6316192345436702,0.24826720599378047
32844,32845,306793670#1,30.209151219512194,6.566209984756107
32846,32847,306793671,6.278121546961326,0.2634131368938001
32848,32849,306876891#0,2.681818181818182,0.6181818181818182
32850,32851,306876891#1,2.9499999999999997,0.3333333333333333
32852,32853,306876893#0,4.72,0.0
32854,32855,306876893#1,5.31,3.142857142857143
32864,32865,307050878,6.047499999999999,0.6964285714285714
32866,32867,307050880,10.957142857142857,2.373626373626373
32868,32869,307050882#0,16.913333333333334,1.333333333333333
32870,32871,307050882#1,2.006,0.4315789473684211
32872,32873,307536275#0,73.4776923076923,35.724615384615376
32880,32881,307562643#0,8.45032258064516,0.9410939691444602
32882,32883,307562643#1,7.729662921348314,1.4775280898876408
32884,32885,307562643#2,2.565379746835443,0.9569117942535655
32886,32887,307562643#3,6.4626006191950465,0.7222852527738781
32888,32889,307685696,5.8999999999999995,33.0
32892,32893,307837955#2,4.6977358490566035,0.9804063860667633
32894,32895,307837955#3,3.6115151515151513,0.1837121212121212
32896,32897,307837955#4,3.702758620689655,0.19458128078817727
32898,32899,307837955#5,3.6523809523809523,0.19047619047619052
32900,32901,307837955#6,3.802222222222222,0.19444444444444442
32902,32903,307837955#7,3.708571428571428,0.14285714285714293
32904,32905,307837956#1,1.7109999999999999,0.26052631578947366
32906,32907,30820056,7.08,0.0
32908,32909,30820532,31.388,8.500000000000002
32910,32911,30820566,22.849090909090908,2.6233766233766236
32912,32913,30820584,36.226,4.2333333333333325
32914,32915,30820747#1,26.38142857142857,36.554945054945065
32916,32917,30820747#2,1.5171428571428571,0.5274725274725275
32918,32919,30820747#3,2.0977777777777775,0.9444444444444446
32920,32921,30820819,8.370828729281767,2.9633517495395942
32922,32923,30820919#0,3.049518072289157,2.062541073384447
32924,32925,30820919#1,3.2098809523809524,0.8374322783005415
32928,32929,30851877,40.513333333333335,17.333333333333336
32930,32931,308849647#0,5.412712550607287,0.544593890618527
32932,32933,308849647#1,6.446362715298886,0.6119677511503503
32936,32937,309370389#0,5.8999999999999995,0.0
32942,32943,309370389#3,2.36,0.0
32944,32945,309370389#4,1.5733333333333333,0.25
32946,32947,309370390#0,2.36,0.0
32948,32949,309370390#1,1.18,0.0
32954,32955,309370390#4,2.242,0.9888888888888889
32956,32957,309370390#5,2.242,1.4333333333333331
32962,32963,31021477#0,12.728608695652174,0.8146762863109928
32964,32965,31021477#1,3.26295652173913,0.25031327131194225
32966,32967,31021477#2,14.739739130434783,1.0807100816404027
32968,32969,31025769#2,40.12,10.736842105263168
32980,32981,31026158#7,1.9666666666666666,1.0
32984,32985,31026160,17.306666666666665,2.333333333333334
32988,32989,312301373,3.933333333333333,1.3333333333333333
32990,32991,31342064#0,18.35638838475499,15.455051586497017
32992,32993,31342064#2,32.82613843351548,447.9862657388178
32994,32995,31342305,2.9597790055248616,0.36092707640815164
32996,32997,31342347,18.973477366255143,1317.0040166897627
32998,32999,31342349#0,8.175776306107432,3.0118383850206043
33000,33001,31342349#1,4.625916542473919,21.493265252369646
33002,33003,31342349#2,90.60206691449814,11406.754267348202
33004,33005,31342349#3,153.70678151918557,30106.560881817895
33006,33007,31342350#0,15.720196463654224,9.778090728731424
33008,33009,31342350#1,12.406421471172962,2.9684628547125214
33010,33011,31342350#2,9.243923923923925,24.0384934032229
33012,33013,31342350#3,4.822865731462925,2.7155625192209896
33014,33015,31342350#4,18.91198795180723,440.36609856511467
33016,33017,31342350#5,59.70966700302724,3691.1551091133315
33018,33019,31342351#1,7.805060240963854,2.825154275639142
33020,33021,31343367#1,14.42222222222222,81.94871794871794
33022,33023,31343381#0,31.415584415584412,492.10628844839374
33024,33025,31343450,3.4234346504559268,0.2746449085256624
33026,33027,31355478#0,36.074285714285715,19.619047619047617
33028,33029,31355478#1,33.82666666666667,9.333333333333334
33030,33031,31355478#2,84.96,147.0
33032,33033,31355478#3,9.145,17.583333333333332
33034,33035,31355478#4,58.60666666666666,17.33333333333334
33036,33037,31355478#5,57.746249999999996,194.32916666666668
33038,33039,31355478#6,50.739999999999995,0.0
33040,33041,31355478#7,87.32,0.0
33046,33047,31355490#1,61.75333333333333,49.33333333333334
33052,33053,31355495#2,21.745714285714282,5.619047619047617
33056,33057,31355764,14.16,0.0
33058,33059,31355765,2.36,0.0
33062,33063,31361632,4.0562499999999995,0.2625
33064,33065,31362504#2,4.72,0.5
33066,33067,31362504#4,6.883333333333333,0.5666666666666665
33068,33069,31362504#5,2.612857142857143,0.33516483516483514
33070,33071,31362504#6,2.2288888888888887,0.3611111111111111
33072,33073,31362504#7,8.597142857142856,1.9047619047619044
33074,33075,31362731#0,12.848888888888888,5.8611111111111125
33076,33077,31362731#1,17.7,4.0
33078,33079,31362731#2,19.048571428571428,4.131868131868129
33080,33081,31362731#3,5.024516129032258,1.4645161290322581
33082,33083,31363129#0,2.8680136402387038,0.25903360305392353
33084,33085,31363129#1,2.106480349344978,0.1915625858857302
33086,33087,31395281,7.08,50.0
33088,33089,31402308#1,2.484210526315789,0.7660818713450293
33090,33091,31402308#2,3.9988888888888887,2.369281045751634
33092,33093,31402308#3,9.322,0.5444444444444442
33094,33095,31403616#1,47.35733333333333,42.98095238095239
33096,33097,31403616#2,46.96399999999999,21.699999999999996
33098,33099,31403616#3,8.85,15.539999999999997
33100,33101,31404757,30.68,11.333333333333336
33102,33103,31404759#0,1.832236286919831,0.3160623614388901
33104,33105,31404759#1,9.096455696202531,0.8428448830723024
33106,33107,31404759#2,4.77042735042735,0.2728439895821869
33108,33109,31404759#3,5.949789029535864,1.015161267253093
33110,33111,31404759#4,3.0199999999999996,0.5709340064911647
33112,33113,31404759#5,2.942403433476395,0.3889669971881014
33114,33115,31404759#6,4.248,0.9333333333333333
33116,33117,31404759#7,6.817777777777778,0.4444444444444443
33118,33119,31404759#8,12.717777777777778,1.1944444444444442
33120,33121,31404760#0,13.146868686868686,1.8369408369408364
33122,33123,31404760#1,18.014666666666667,466.94743589743587
33124,33125,31404761,54.01777777777777,9.59477124183007
33126,33127,31404762#0,7.08,0.0
33128,33129,31404762#1,18.29,0.5
33130,33131,31404762#2,2.467272727272727,0.09090909090909091
33132,33133,31404762#3,7.945333333333333,2.638095238095238
33134,33135,31404762#4,2.297894736842105,0.16374269005847958
33136,33137,31404767#0,25.251999999999995,3.3000000000000016
33138,33139,31404767#1,3.068,0.3
33146,33147,31470281,31.86,6.499999999999999
33148,33149,31470282,38.94,15.142857142857142
33150,33151,31470283,28.657142857142855,10.57142857142857
33152,33153,314970097,2.580275330396476,0.21031267824419633
33154,33155,314970098#0,6.295715859030836,0.5480828509362752
33156,33157,314970098#1,3.985430463576159,0.33119896438614677
33158,33159,315358242#0,7.349347826086957,0.5870072351071743
33160,33161,315358242#1,33.389765990639624,319.5682527301093
33162,33163,315358242#2,12.797753510140407,3.5401716068642792
33164,33165,315358242#3,3.5531319554848966,0.39637276842222513
33166,33167,315358242#4,7.600698412698413,5.318484871426047
33168,33169,315358243#1,16.527090128755365,819.8272834535352
33170,33171,315358244,27.925987920621225,1348.8270961954279
33172,33173,315358245,2.0223888888888886,0.2549597647787062
33174,33175,315358246,9.364799999999999,21.702855828714693
33176,33177,315358247#0,10.980583690987125,94.17458224562331
33178,33179,315358248#0,3.4279329608938545,0.5119634445957152
33180,33181,315358248#1,5.112234636871508,0.4018042971378499
33182,33183,315358251#0,4.804554140127388,60.45578226109567
33184,33185,315358251#1,34.56761146496815,503.3149945651626
33186,33187,315358252#0,15.858502463054185,242.27812982773233
33188,33189,315358252#1,16.886613386613387,407.4663756243751
33190,33191,315358253#0,3.0954570637119114,0.3132348414896891
33192,33193,315358253#1,6.47202216066482,1.061572791628193
33194,33195,315358254#0,68.99219417475727,2958.4206641229985
33196,33197,315358255#1,2.958228055783429,0.2747871347345195
33198,33199,315358255#2,3.1247619047619044,0.5658909877030955
33200,33201,315358255#3,37.14480898876405,545.0518302646424
33202,33203,315358257#0,13.21408906882591,130.56966651813653
33204,33205,315358257#2,23.656190476190474,499.3020195144081
33208,33209,315392062#0,5.201971830985915,0.36552503742629283
33210,33211,315392062#1,3.9702620087336244,0.33028849595533
33212,33213,315392062#2,1.1091484716157205,0.10458753907461757
33214,33215,315392062#3,5.07683406113537,0.40353520891497835
33216,33217,315392062#4,8.83054945054945,0.9364716691449375
33218,33219,317614084#0,1.3275,0.125
33220,33221,317614084#1,8.85,0.7000000000000001
33222,33223,31773007,8.968,0.9894736842105265
33224,33225,31860333#0,14.29111111111111,0.8611111111111112
33226,33227,31860333#1,34.11272727272727,11.290909090909093
33228,33229,31860333#2,5.572222222222222,2.6830065359477127
33230,33231,31860333#3,8.60705882352941,3.8455882352941173
33232,33233,31860333#4,15.699130434782608,3.4031620553359687
33234,33235,318763112,3.0237499999999997,0.5291666666666666
33236,33237,318763113,2.8024999999999998,0.5535714285714286
33238,33239,31894763#0,10.056855172413794,3.3326995618213004
33240,33241,31952420#1,50.268,22.8
33246,33247,31959308#1,5.135185185185185,6.270090845562543
33248,33249,31959308#2,3.36188679245283,0.13062409288824386
33250,33251,31959308#3,2.8844444444444446,1.527777777777778
33252,33253,31959308#4,3.068,1.8
33254,33255,31959308#5,18.88,2.0000000000000004
33256,33257,31959732#1,19.47,8.08695652173913
33258,33259,31969997#0,3.54,0.0
33262,33263,31969997#2,6.293333333333333,2.333333333333333
33264,33265,31969997#4,5.225714285714286,1.9523809523809519
33268,33269,31982513#0,13.216,2.1999999999999993
33270,33271,31982513#1,1.9666666666666666,0.7878787878787878
33272,33273,31982513#2,10.62,8.0
33276,33277,32007121,26.195999999999998,2.2
33278,33279,32008983,0.08857908847184985,0.06961861108708814
33280,33281,32009682,9.984615384615385,6.129735935706082
33282,33283,32009683#0,12.971172069825435,54.267443890274336
33284,33285,32009826#0,8.901868131868131,1.5523980833471895
33286,33287,32009827,16.26394213381555,5.071421207236551
33288,33289,32020916#0,21.577142857142857,69.23809523809526
33290,33291,32020916#1,12.744,23.06666666666667
33292,33293,32021112,40.37785185185185,396.88515764835483
33294,33295,32021365#0,11.37,1.3276111835433868
33296,33297,32021365#1,15.489999999999998,1.8042155584528476
33298,33299,32021365#3,9.833333333333334,11.46268656716418
33300,33301,32021408,9.538901734104046,0.8770126497444919
33302,33303,32061928#0,3.7052,0.1636734693877551
33304,33305,32061928#1,4.743599999999999,0.30571428571428555
33306,33307,32061928#2,10.655223880597015,1.1203075531433746
33308,33309,32061928#4,10.136626506024097,1.0496620628856896
33310,33311,32061928#5,6.772876712328767,0.639649923896499
33312,33313,32061928#6,1.9197014925373135,0.237449118046133
33314,33315,32061928#7,15.163880597014924,2.0076888285843526
33316,33317,32061928#8,1.891470588235294,0.36237928007023723
33318,33319,32061997,8.814457831325301,0.6640839886878718
33320,33321,32061997.96,6.4800481927710845,12.671351644520175
33322,33323,32062034#3,7.942480916030534,3.114835870564711
33324,33325,32062034#4,5.080807692307692,0.2897547057951683
33326,33327,320733891,3.1109090909090904,0.2545454545454545
33328,33329,320733892#0,13.687999999999999,0.2666666666666669
33330,33331,320733892#1,2.038181818181818,0.8181818181818181
33332,33333,320733892#2,9.984615384615385,0.6025641025641025
33334,33335,320733892#3,6.6866666666666665,0.33333333333333326
33336,33337,320733892#4,2.36,0.0
33338,33339,320733895#0,5.795111111111111,0.08282828282828279
33340,33341,320733895#1,1.3373333333333333,0.11818181818181821
33342,33343,320733897,0.6333216783216782,0.24886967800353635
33344,33345,320733900#0,4.551428571428572,0.28571428571428564
33346,33347,320733900#1,5.113333333333332,0.2352941176470588
33348,33349,320733900#4,3.0155555555555553,0.26143790849673204
33350,33351,320733900#5,2.0281249999999997,0.2086693548387097
33352,33353,320733900#6,9.403125,0.8699596774193546
33354,33355,320733900#7,18.843125,2.482862903225807
33356,33357,320733900#9,9.8825,0.8870967741935485
33358,33359,320733901#0,0.51625,0.2540322580645161
33360,33361,320733901#1,4.326666666666666,0.4166666666666668
33362,33363,320733901#2,3.921764705882353,0.286096256684492
33364,33365,320733903#1,6.861481481481481,0.5310971348707197
33366,33367,320733903#2,3.408888888888889,0.21383647798742128
33368,33369,320733903#3,8.806296296296296,0.7061495457721875
33370,33371,320733905#0,4.615882352941176,0.36770910896003944
33372,33373,320733905#1,6.133025210084034,0.5135801155905402
33374,33375,320733905#2,1.7922175732217573,0.2843078654055762
33376,33377,320733906#0,1.356048387096774,0.1355459057071961
33378,33379,320733906#2,3.6351612903225803,0.28496800313438697
33380,33381,320733908,5.4854054054054044,0.34534534534534544
33382,33383,320733909#0,3.189593908629442,0.2754614381111066
33384,33385,320733909#1,6.454060913705583,0.5092481368104262
33386,33387,320733909#2,7.72854961832061,50.768577660071685
33388,33389,320733910#0,1.3358490566037735,0.15529753265602328
33390,33391,320733910#1,14.181851851851851,1.6788958770090852
33392,33393,320733910#2,19.68207373271889,4.800188376028357
33394,33395,320733911#0,5.517297297297297,0.3363363363363364
33396,33397,320733911#1,12.85578947368421,1.177809388335704
33398,33399,320733911#2,4.347368421052631,0.2759601706970128
33400,33401,320733911#3,7.480754716981132,0.6132075471698112
33402,33403,320733911#4,3.54,0.22641509433962265
33404,33405,320733911#5,2.7607547169811317,0.2670537010159651
33406,33407,320733913,2.4258849804578446,0.07956230563119786
33408,33409,320733915,3.745125448028674,0.15823697097224615
33410,33411,320733916,2.012941176470588,0.22058823529411767
33412,33413,320733917#0,31.86,2.9999999999999996
33414,33415,320733917#1,13.504444444444443,1.0277777777777777
33416,33417,320733917#2,15.391304347826086,1.7707509881422938
33418,33419,32084380,13.569999999999999,0.5
33420,33421,32115351,5.8999999999999995,0.3999999999999999
33422,33423,32115605,12.979999999999999,0.0
33424,33425,32124561,5.390980392156862,3.490196078431373
33426,33427,32124563#0,3.0940157480314956,0.26730211355159533
33428,33429,32124563#1,12.741522309711286,1.3827324216051935
33430,33431,32124637#1,12.155109717868338,76.23582329001044
33432,33433,32124744,3.615112936344969,0.28782465374136595
33434,33435,32124745,0.12818274111675126,0.09692748957946422
33436,33437,32140053,90.07333333333332,36.333333333333336
33438,33439,32140179#0,2.167906976744186,0.13789329685362514
33440,33441,32140179#1,13.332897196261682,8.117263269264683
33442,33443,32140180,18.902264150943395,2.5139263252470805
33444,33445,32140255,6.545016077170418,26.629270822528785
33446,33447,32140256#0,8.161666666666667,2.265151515151515
33448,33449,32140256#1,10.718333333333334,0.446969696969697
33450,33451,32140444#0,0.6951937984496124,0.24299460079027538
33452,33453,32140444#2,9.573151750972762,0.9598735408560303
33454,33455,32140444#3,17.713774319066147,2.675644455252918
33456,33457,32140444#4,18.38686567164179,2.723573145508413
33458,33459,32140444#5,10.886165413533835,1.0659100581642784
33460,33461,32141019,1.3724598930481282,0.21729437570787508
33466,33467,32199969#0,4.607130434782609,0.21006864988558357
33468,33469,32199969#1,1.4365217391304348,0.17162471395881002
33470,33471,32199969#2,4.045714285714285,0.28865979381443296
33472,33473,32199969#3,4.792244897959184,0.28487271197138647
33474,33475,32199969#4,18.350204081632654,1.755102040816327
33476,33477,32199969#5,10.52923076923077,0.8483943241224797
33478,33479,32199989,6.5807692307692305,0.3823749066467516
33480,33481,32200414#0,8.112499999999999,1.2750000000000006
33482,33483,32200415#0,4.076363636363636,0.27272727272727265
33484,33485,32200415#1,3.7135294117647057,0.31105169340463457
33486,33487,32200762#0,12.598235294117647,1.922459893048128
33488,33489,32200762#2,8.374193548387096,1.0236559139784946
33490,33491,32200762#3,12.717777777777778,1.3594771241830064
33492,33493,32200762#4,8.12888888888889,2.222222222222222
33494,33495,32200762#5,18.584999999999997,1.6428571428571437
33496,33497,32200983#0,15.508571428571427,13.149825783972123
33498,33499,32200983#1,29.258636363636363,64.53858350951374
33500,33501,32201042,7.990285714285714,1.0738916256157631
33502,33503,32201043,9.499,2.5763157894736843
33504,33505,32201044#0,8.6848,1.404137931034482
33506,33507,32201044#1,3.9479012345679014,0.38908059197914285
33508,33509,32201044#2,2.683451776649746,0.25101004868952664
33510,33511,32201044#4,4.995532994923857,0.22070858800372892
33514,33515,32201172#1,5.31,0.5
33516,33517,32202011#0,3.1235294117647054,0.24264705882352935
33518,33519,32202011#1,1.2455555555555555,0.05555555555555555
33520,33521,32202328,15.34,1.0000000000000002
33522,33523,32202330,8.358333333333333,0.265151515151515
33524,33525,32202510#0,8.26,1.1428571428571428
33526,33527,32202510#1,3.9445714285714284,0.23193277310924373
33528,33529,32202763,4.208666666666667,0.5988505747126435
33530,33531,32202764,13.864999999999998,2.9166666666666665
33532,33533,32202927#0,15.17142857142857,0.8095238095238094
33534,33535,32202927#1,7.754285714285714,0.9523809523809526
33536,33537,32202927#2,33.984,333.7
33542,33543,32203022,5.394285714285714,0.6190476190476188
33544,33545,32203023#0,1.5044696189495366,0.5335895611920963
33546,33547,32203023#1,7.639011328527292,10.028948793357884
33548,33549,32203023#2,15.364304840370751,34.17277118922987
33550,33551,32203023#2.136,14.848333333333333,146.69169273548846
33556,33557,32203701#0,6.784999999999999,0.9166666666666666
33558,33559,32203701#1,5.427999999999999,0.8000000000000002
33560,33561,32203701#2,7.316,0.7
33562,33563,32203701#3,4.72,0.39999999999999997
33564,33565,32203701#4,8.653333333333332,0.6666666666666665
33566,33567,32203888#0,5.506666666666667,1.2499999999999993
33568,33569,32203888#1,10.62,1.111111111111111
33570,33571,32203888#2,14.867999999999999,1.3777777777777773
33572,33573,32203888#3,5.192,0.4888888888888888
33574,33575,32203959#0,12.934615384615384,1.8784615384615384
33576,33577,32203959#1,6.615151515151515,1.371212121212121
33578,33579,32203959#3,4.897,1.7131578947368424
33580,33581,32203959#4,20.987142857142853,5.258241758241757
33582,33583,32203959#6,5.015,1.3571428571428577
33584,33585,32203959#7,10.915,0.25000000000000017
33586,33587,32225921,3.4539583333333335,0.19462719298245612
33588,33589,32226141#0,5.8999999999999995,0.49999999999999994
33590,33591,32229741,4.382857142857143,0.45360824742268047
33592,33593,32229742#1,5.184468085106382,0.39178677648135446
33594,33595,32229742#2,1.4232989690721647,0.1653780068728522
33596,33597,32229742#3,4.488865979381443,0.26331615120274915
33598,33599,32229742#4,3.248470588235294,0.30728291316526607
33600,33601,32229742#5,4.7502564102564095,0.07725607725607729
33602,33603,32229973,7.932222222222222,0.4477124183006535
33604,33605,32229975#1,10.62,0.7058823529411763
33606,33607,32229975#2,6.391666666666667,0.5144927536231885
33610,33611,32230348,15.47111111111111,1.1111111111111112
33612,33613,32230349#0,14.384761904761904,1.3619047619047613
33614,33615,32230349#1,3.820952380952381,0.19047619047619047
33616,33617,32230349#2,8.26,0.9999999999999999
33618,33619,32230724#1,13.822857142857142,4.238095238095238
33620,33621,32234776#0,3.54,0.0
33622,33623,32234776#1,3.6875,2.6964285714285716
33624,33625,32234776#2,7.754285714285714,0.28571428571428575
33628,33629,32253723,14.70859649122807,1.7022977798478507
33636,33637,32259255#1,3.6426086956521737,0.3557312252964427
33638,33639,32259255#2,6.0026086956521745,0.5375494071146244
33640,33641,32259258,17.908235294117645,2.2794117647058822
33642,33643,32274767#0,13.945454545454545,1.1636363636363636
33644,33645,32274767#1,2.655,0.25000000000000006
33646,33647,32274767#2,2.36,0.0
33648,33649,32274767#3,7.08,0.0
33650,33651,323248155#2,11.746363636363636,14.14069264069264
33652,33653,323248156#0,28.084,281.19708029197085
33654,33655,323248169#0,22.695844155844153,184.81305536568692
33656,33657,32350852#0,4.1130824372759855,0.29692155235098416
33658,33659,32350852#1,7.685018181818181,0.8696009273058447
33660,33661,32350852#1.78,3.7162477231329687,0.3499129139909324
33662,33663,32350852#3,20.734285714285715,125.10039318479681
33664,33665,32350901#0,1.3111111111111111,0.10015649452269172
33666,33667,32350901#1,8.780588235294118,0.9024461269656375
33668,33669,32350901#2,9.090370370370369,0.8833506403599861
33670,33671,32350901#3,3.997117117117117,0.33038493038493005
33672,33673,32350901#4,5.017398373983739,0.5834999333599892
33674,33675,32350901#5,4.335813953488372,0.37754360465116293
33676,33677,32350901#6,1.783720930232558,0.25181686046511637
33678,33679,32350901#7,7.326976744186046,4.557412790697673
33680,33681,32395288#1,1.18,0.0
33684,33685,32395288#3,7.866666666666666,0.3333333333333335
33686,33687,32395327#1,54.988,26.266666666666666
33688,33689,32395352#1,30.68,0.0
33694,33695,32395414#1,8.26,0.0
33698,33699,32396358#0,4.13,0.5
33700,33701,32396358#1,14.16,0.0
33702,33703,324206932,5.8999999999999995,0.0
33704,33705,325057234,3.3433333333333333,0.16666666666666669
33708,33709,32509968#0,11.799999999999999,4.800000000000001
33710,33711,32509968#1,14.16,2.0
33714,33715,32509968#5,25.5495652173913,30.237154150197625
33716,33717,32530108#0,6.112176656151419,0.8251607235554846
33718,33719,32530108#1,4.463154574132492,0.30373757137723134
33720,33721,32530108#2,3.7989341692789966,0.35421225922201865
33722,33723,32530108#3,13.900975609756097,2.0957051961823967
33724,33725,32530108#4,8.814060913705584,0.9265509357926145
33726,33727,32530108#5,5.596743002544529,0.4006205535649374
33728,33729,32530113#0,9.413777777777778,2.1131313131313134
33730,33731,32530113#1,1.8469565217391304,0.2956521739130435
33732,33733,32530113#2,9.177777777777777,0.44444444444444453
33734,33735,32530113#3,9.44,0.2499999999999997
33736,33737,32530113#5,14.497142857142856,0.5820105820105825
33738,33739,32530113#6,11.275555555555554,0.2777777777777778
33740,33741,32530113#7,27.27111111111111,4.111111111111111
33742,33743,32545811,7.08,0.0
33744,33745,32553639,9.243333333333332,0.5666666666666669
33748,33749,32555307#1,4.72,0.0
33750,33751,32555329,15.34,8.0
33752,33753,32597384#1,9.44,2.285714285714286
33754,33755,32597384#2,7.316,0.2
33756,33757,32597384#3,10.384,19.7
33758,33759,32598753,5.8999999999999995,0.0
33760,33761,32598755#0,2.1784615384615384,0.3076923076923077
33762,33763,32598755#1,5.31,0.3000000000000001
33766,33767,32598755#3,10.10375,2.5291666666666655
33768,33769,32598887#0,11.996666666666666,0.1666666666666668
33770,33771,32598887#1,15.104,0.6999999999999997
33772,33773,32612308,24.779999999999998,0.0
33776,33777,32684155#0,54.14336842105263,26.763045912653975
33778,33779,32684155#1,248.4844,1439.717959183674
33780,33781,32684155#2,374.06,4570.0
33782,33783,32684156#0,1.7974674115456237,0.2573862530920817
33784,33785,32684156#1,18.884402985074626,4.041107546380248
33786,33787,32684156#2,43.11675471698113,35.10334201234077
33788,33789,32684156#3,17.433780487804878,3.5314812975013656
33790,33791,32684156#4,6.977255936675462,0.5982186483505738
33792,33793,32684156#5,111.86603448275861,89.33713987162274
33794,33795,32684156#6,86.44412371134021,64.13079896907217
33796,33797,32684157,17.472280701754386,6.229949874686719
33798,33799,32684165,13.766666666666666,2.266666666666666
33800,33801,32728752,7.565882352941176,0.7573529411764705
33802,33803,32787437#0,18.88,2.0
33804,33805,32787437#1,17.306666666666665,3.9999999999999996
33806,33807,32787437#2,9.5875,1.5535714285714282
33808,33809,32787437#4,11.799999999999999,2.6666666666666674
33810,33811,327975019,8.110873621713315,0.6809589433651441
33812,33813,327975020,5.731713080168776,0.41460970464135005
33814,33815,327975022,15.443784910379323,2.05523012959598
33816,33817,327975024,4.707054852320675,0.35545387159311165
33818,33819,32815473,55.76634615384615,90.15524645257649
33820,33821,32875547#0,45.71976331360947,41.97654268808115
33822,33823,32875547#1,3.46586387434555,9.996031964728573
33824,33825,32881076#0,39.72109734513274,482.7454465574592
33826,33827,32881184,3.54,3.4375
33828,33829,32883444#0,4.326666666666666,0.5
33830,33831,32883444#1,3.933333333333333,0.24999999999999997
33832,33833,329028996#1,13.706153846153844,1.4230769230769227
33834,33835,329028998,38.815789473684205,5.543859649122808
33836,33837,329028999#1,2.4189999999999996,0.04999999999999999
33838,33839,329029003,3.9126315789473685,0.43421052631578955
33840,33841,329029004,12.804255319148936,1.7816836262719704
33842,33843,329029005,54.38727272727273,19.690909090909095
33844,33845,329029040#1,2.655,0.25
33846,33847,329029044,3.481,1.1026315789473684
33848,33849,32903546#1,1.18,0.0
33850,33851,32903546#2,7.433999999999999,0.7473684210526317
33852,33853,329108798#1,4.505454545454546,1.2034632034632036
33854,33855,329108798#2,8.756842105263157,0.9239766081871343
33858,33859,329190301,60.474999999999994,12.200000000000001
33860,33861,32923863#0,2.052890829694323,0.2101765047179895
33862,33863,32923863#1,1.461344978165939,0.1922282957217455
33864,33865,32923863#2,6.147552447552448,0.48263372672821414
33866,33867,32923863#3,2.608257042253521,0.1979889247378543
33868,33869,32923863#4,4.140424028268551,0.32264514657593746
33870,33871,32923863#5,2.5663957597173144,0.21517903728212018
33872,33873,32923867#0,10.09941176470588,0.8731448380457162
33874,33875,32923867#1,11.0684,1.1686338797814215
33876,33877,32923867#2,19.23614545454545,132.7320549759894
33878,33879,32923867#4,7.188058608058607,2.9860940282958635
33880,33881,32924041#0,4.72,0.6000000000000002
33882,33883,32924041#1,0.6436363636363636,0.2727272727272727
33884,33885,32924041#2,3.1109090909090904,0.4545454545454546
33886,33887,32924041#3,1.3945454545454545,0.16363636363636364
33888,33889,32924042#1,5.2444444444444445,0.3790849673202613
33890,33891,32937030,9.268985507246377,0.6551577152600169
33894,33895,32976551,1.8017038007863695,0.2522299391475146
33896,33897,32976750,11.40819417475728,1.1443995315628424
33898,33899,32976751,5.489731925264013,2.7765779688666146
33900,33901,32976752,6.590459459459459,0.46229565153787106
33902,33903,32976753,14.886679536679535,1.7457450542556945
33904,33905,32976753-AddedOnRampEdge,5.4098461538461535,0.3897435897435897
33906,33907,32976754,18.49851030110935,1.3270595929866928
33908,33909,32976755,7.916289424860853,5.640239585325135
33910,33911,32978638#0,4.756875,0.2623432601880877
33912,33913,32978638#1,11.733624999999998,2.1661050156739816
33914,33915,32978638#2,11.230473186119873,72.28213472826737
33916,33917,32998243#0,10.226666666666665,0.3333333333333335
33918,33919,32998243#1,138.65,193.3636363636364
33920,33921,32998243#2,38.87444444444444,14.879084967320262
33922,33923,32998243#3,62.950434782608696,37.146245059288525
33924,33925,32999110,6.691880695940348,0.5326872953652072
33926,33927,32999110.68,13.407578772802653,96.80219992705908
33928,33929,32999434#0,21.474983853606027,69.29758546453358
33930,33931,32999435#0,10.891993067590986,45.28184575389943
33938,33939,330048410#0,19.351999999999997,4.933333333333334
33940,33941,330048410#1,12.16875,2.095833333333333
33942,33943,330048411#0,6.489999999999999,0.5
33944,33945,330048411#1,5.8999999999999995,0.0
33946,33947,330048411#2,2.9499999999999997,0.3333333333333333
33964,33965,330048687,20.45333333333333,6.333333333333333
33968,33969,330048693,16.52,0.0
33980,33981,330690610#0,4.2231578947368416,1.1461988304093564
33982,33983,330690610#1,7.866666666666666,1.0666666666666667
33988,33989,330690610#4,8.063333333333333,0.1666666666666666
33994,33995,330690614#0,3.54,0.0
33998,33999,330694492#0,14.946666666666665,4.333333333333334
34012,34013,330908495#0,1.18,0.0
34014,34015,330908495#1,10.855999999999998,5.700000000000001
34016,34017,330908496,5.8999999999999995,32.0
34018,34019,330908497#0,3.1185714285714283,0.8626373626373626
34022,34023,330908498#1,6.337037037037036,23.242165242165242
34024,34025,330908499#0,4.13,1.6666666666666663
34028,34029,330908499#3,3.54,0.0
34034,34035,330908502,14.317333333333332,1.98095238095238
34036,34037,330908503#0,3.933333333333333,0.33333333333333337
34038,34039,330908503#1,3.933333333333333,0.23333333333333334
34040,34041,330908503#2,3.835,0.19736842105263167
34042,34043,330908503#3,3.54,0.2
34044,34045,330908503#4,3.6711111111111108,0.8611111111111112
34046,34047,330908503#5,4.045714285714285,0.28571428571428575
34048,34049,330908503#6,10.423333333333334,0.5666666666666668
34050,34051,33102205#0,40.71,32.00000000000001
34052,34053,33102205#1,68.52740740740741,63.840455840455846
34056,34057,33102205#3,17.681846153846152,308.85913461538445
34058,34059,33102476,2.430238095238095,0.2718848018249217
34060,34061,33102477,9.618787878787879,5.445075757575758
34062,34063,33102490#0,1.8987272727272726,0.2402835696413679
34064,34065,33102490#1,4.795090909090908,0.40875729774812336
34066,34067,332608836,2.065,0.20454545454545456
34068,34069,332608837,15.575999999999999,1.7
34070,34071,332608838#0,5.8999999999999995,0.0
34072,34073,332608838#1,5.8999999999999995,0.0
34074,34075,33280102#0,9.07050505050505,0.5874283374283378
34076,34077,33280102#1,11.844300341296927,1.406119968207957
34078,34079,33280102#2,8.544147157190634,0.8277255280465085
34080,34081,33280102#3,38.990212765957445,512.7176959003633
34082,34083,33280103#0,1.8060093896713616,0.2731842032587685
34084,34085,33280103#1,10.09846913580247,0.9947683657254601
34086,34087,33280103#2,0.8101492537313432,0.22071686455503026
34088,34089,33280103#4,3.704378109452736,0.2548603615339761
34090,34091,33280103#5,1.906153846153846,0.2721010332950628
34092,34093,33280103#6,6.002481389578164,24.76109526807648
34094,34095,33280103#7,33.64610421836228,521.6036689999136
34096,34097,333213157#1,50.49509433962264,58.74455732946298
34098,34099,333213157#2,21.92833333333333,3.174242424242424
34100,34101,333213157#3,11.147234042553192,1.8612395929694718
34102,34103,333213157#4,3.5154166666666664,1.1697695035460993
34104,34105,333418281,24.894193548387097,9.050043591979078
34108,34109,333420165#1,4.13,1.6666666666666667
34112,34113,333420168#0,3.2449999999999997,0.25000000000000006
34118,34119,333420174#1,4.72,0.0
34124,34125,333420175#1,5.8999999999999995,12.18181818181818
34126,34127,333420176#0,5.8999999999999995,0.0
34128,34129,333420176#1,8.26,0.0
34130,34131,333420177#0,7.08,1.0000000000000002
34132,34133,333420177#1,3.54,0.0
34134,34135,333420177#2,4.72,0.0
34136,34137,333420177#3,7.787999999999999,10.3
34138,34139,333420178#0,3.54,8.0
34144,34145,333420180#1,6.784999999999999,0.568181818181818
34146,34147,333420180#2,7.768333333333333,0.9924242424242423
34152,34153,333420184#0,4.72,0.0
34158,34159,333421782#0,2.36,0.0
34162,34163,333421782#2,11.445999999999998,12.011111111111113
34164,34165,333421783#1,4.045714285714285,0.6190476190476191
34166,34167,333421783#2,1.8355555555555554,1.0277777777777777
34168,34169,333421783#3,12.85578947368421,3.5438596491228074
34170,34171,333421789#1,1.18,0.0
34172,34173,333421793,9.44,2.5
34174,34175,333424243#0,13.654285714285713,76.95238095238096
34176,34177,333424243#1,3.1466666666666665,0.26666666666666666
34178,34179,333424243#2,67.25999999999999,52.0
34184,34185,333428400#1,2.0228571428571427,0.23809523809523814
34186,34187,333428400#3,4.484,1.2888888888888888
34190,34191,333428404,22.81333333333333,1.333333333333334
34194,34195,333428409#2,12.744,4.699999999999999
34196,34197,333428411#0,20.06,2.0
34198,34199,333428411#1,3.54,0.0
34206,34207,333434590#1,11.013333333333334,1.333333333333333
34208,34209,333434590#2,1.609090909090909,0.6545454545454545
34210,34211,333434590#3,5.8999999999999995,32.0
34214,34215,333434596#0,7.5962499999999995,6.529166666666667
34216,34217,333434597#0,8.597142857142856,0.5714285714285713
34218,34219,333434597#1,15.34,1.0
34224,34225,333434600#1,2.5285714285714285,0.14285714285714293
34228,34229,333434601,6.247058823529411,7.470588235294118
34234,34235,333438877#0,3.933333333333333,1.7499999999999998
34246,34247,333438884,2.36,0.0
34248,34249,333438885#1,3.6875,0.12500000000000008
34250,34251,333438885#2,4.214285714285714,0.28571428571428575
34252,34253,333438885#3,3.54,0.6666666666666667
34254,34255,333438885#4,4.13,0.3
34256,34257,333438885#5,4.13,0.3
34258,34259,333438885#6,11.209999999999999,32.7
34260,34261,333438887,1.5733333333333333,0.3333333333333333
34264,34265,334062994#2,34.809999999999995,3.6666666666666665
34266,34267,334065604,4.326666666666666,0.33333333333333337
34272,34273,334065611,6.489999999999999,0.5
34274,34275,334065613,1.18,0.0
34276,34277,334065616,2.789090909090909,0.6545454545454545
34278,34279,334066858#1,5.225714285714286,0.6190476190476191
34280,34281,334066858#11,4.551428571428572,0.8285714285714286
34282,34283,334066858#2,19.076666666666668,6.166666666666666
34284,34285,334066858#3,1.18,0.0
34290,34291,334066858#7,2.556666666666666,1.7666666666666668
34292,34293,334066858#9,3.7366666666666664,1.6060606060606062
34294,34295,334066859#0,4.847567567567567,0.5990990990990992
34296,34297,334066859#1,6.293333333333333,0.4385964912280702
34298,34299,334066859#2,10.7675,0.37499999999999983
34310,34311,334656212#0,22.34133333333333,76.20952380952382
34312,34313,335392792,17.7,3.3333333333333317
34316,34317,335392800#0,14.16,2.0
34318,34319,335392800#1,20.45333333333333,65.86666666666666
34320,34321,335392801,8.26,0.0
34322,34323,335810252#2,1.9873684210526315,0.33918128654970764
34324,34325,335810252#3,2.8963636363636365,0.2597402597402597
34326,34327,335810252#4,19.201818181818183,2.3030303030303036
34328,34329,336216577#1,37.76,0.0
34332,34333,336233945#0,17.275199999999998,8.239999999999998
34334,34335,336233945#1,2.36,0.09090909090909091
34340,34341,336708442,2.36,0.0
34344,34345,33697953,11.77730769230769,2.9211915535444937
34358,34359,337346379,8.078461538461537,2.8076923076923084
34370,34371,337347472,10.969629629629628,2.293447293447296
34372,34373,337347473#1,6.293333333333333,0.3333333333333335
34376,34377,337348718#0,14.815555555555555,1.527777777777778
34378,34379,337348718#1,16.52,0.0
34380,34381,337348718#2,6.489999999999999,1.6666666666666667
34382,34383,337348718#3,2.36,1.7777777777777775
34388,34389,337348722#2,10.62,0.0
34394,34395,337348726#1,4.326666666666666,0.2666666666666666
34400,34401,337351588,41.693333333333335,16.333333333333336
34404,34405,337577542#0,20.06,5.499999999999999
34410,34411,337577550,9.735,23.583333333333332
34416,34417,337577836,12.979999999999999,0.0
34418,34419,337577948,9.44,0.0
34420,34421,33779209,5.630285714285714,1.4168067226890757
34424,34425,337875143#1,20.531999999999996,5.377777777777779
34426,34427,337875143#2,8.968,0.8
34434,34435,337985774#2,1.18,0.0
34442,34443,33814393#1,5.3227822120866595,0.7729989638816436
34444,34445,33814393#2,10.12076923076923,0.640390962173141
34446,34447,33814393#3,11.707450980392156,1.4638527166591835
34448,34449,338574357#0,5.055754803293687,0.3319676663683988
34450,34451,338574357#1,4.56194495412844,0.3236400704290612
34452,34453,339189099,7.67,40.5
34454,34455,339189103#0,20.355,120.91666666666667
34456,34457,339189103#1,42.80181818181818,11.922077922077923
34458,34459,339189103#3,5.956190476190476,2.339140534262486
34460,34461,339417557#1,2.8844444444444446,0.2777777777777777
34462,34463,339417557#2,1.8683333333333332,0.2536231884057971
34464,34465,339417557#3,4.8144,1.8266666666666673
34466,34467,339417557#4,6.2776,0.39333333333333326
34468,34469,339417557#5,6.4192,0.2566666666666665
34470,34471,339417557#6,2.8792,0.25666666666666665
34472,34473,339417557#7,1.7464,0.2599999999999999
34474,34475,339417557#8,6.117368421052631,1.6137980085348511
34476,34477,339418351,27.247272727272726,4.890909090909092
34478,34479,339698300,21.535,4.386363636363637
34482,34483,34015253#1,38.91686274509803,10.739607843137263
34498,34499,34017546#1,1.18,0.0
34510,34511,34026117#11,3.54,0.0
34514,34515,34026117#13,2.36,0.0
34516,34517,34026117#14,4.72,0.0
34518,34519,34026117#15,3.54,0.0
34520,34521,34026117#16,9.44,0.0
34524,34525,34026117#3,18.093333333333334,2.3333333333333335
34526,34527,34026117#4,5.506666666666667,1.3333333333333335
34528,34529,34026117#5,8.653333333333332,0.33333333333333326
34558,34559,34026288#0,44.839999999999996,8.0
34560,34561,34026288#1,2.9499999999999997,0.5
34570,34571,34026352#2,12.979999999999999,0.0
34586,34587,34026368,28.58222222222222,6.194444444444445
34594,34595,34081184,17.7,392.0
34596,34597,342059249#1,6.5851612903225805,0.38494623655913995
34598,34599,342059249#2,6.162222222222222,1.6634920634920636
34600,34601,342059249#3,11.209999999999999,1.4000000000000004
34602,34603,342059249#4,4.13,0.8717948717948715
34604,34605,342059249#5,9.468780487804876,1.124390243902439
34606,34607,342059250#0,11.065283018867925,0.9038634321653188
34608,34609,342059250#1,11.109811320754716,0.7974842767295597
34612,34613,344545840,93.02333333333333,85.36666666666667
34614,34615,344545841,29.028,198.3
34616,34617,344545842#0,10.7675,2.4107142857142856
34618,34619,346571110#1,13.373333333333333,1.0666666666666667
34620,34621,34880352#1,13.039,6.36578947368421
34622,34623,34880352#2,1.5077777777777777,0.21241830065359468
34624,34625,34880352#3,4.214285714285714,0.2637362637362637
34626,34627,34880352#4,9.547272727272727,0.8909090909090918
34628,34629,34880352#6,15.192499999999999,3.2678571428571437
34630,34631,34880352#7,11.799999999999999,2.0
34632,34633,34880352#8,6.784999999999999,1.0714285714285714
34634,34635,350320331#0,5.7350537634408605,0.5418776218718364
34636,34637,350320331#1,1.017536231884058,0.1641636117571314
34638,34639,35064464#0,40.12,0.0
34644,34645,35064464#3,10.03,0.5
34646,34647,35064465,22.715,3.840909090909091
34648,34649,35073467#0,10.98875,1.0291666666666666
34650,34651,35073467#1,12.979999999999999,0.5
34652,34653,35073467#3,19.666666666666668,9.333333333333336
34654,34655,35073467#4,6.136,0.7
34656,34657,35073468#0,42.48,6.875000000000001
34658,34659,35073468#1,10.03,1.7272727272727273
34660,34661,35073468#2,9.976363636363637,0.27272727272727265
34662,34663,35073468#3,26.510666666666662,4.123809523809525
34664,34665,35342077#1,8.800833333333333,0.6068840579710144
34666,34667,35342077#2,13.078333333333333,0.4275362318840579
34668,34669,35342077#3,4.425,0.45652173913043476
34670,34671,35342077#4,12.635833333333334,0.3894927536231885
34672,34673,35342077#5,9.675999999999998,0.40000000000000013
34674,34675,35342077#6,11.209999999999999,0.7222222222222225
34676,34677,35342077#7,6.254,4.233333333333334
34678,34679,35342079#1,8.277226277372263,1.4556676685272654
34680,34681,35342079#2,5.538248175182481,0.2582653499355947
34682,34683,35342079#3,2.9542446043165467,0.2952768220206442
34684,34685,35342079#4,5.74650406504065,0.4911368785819004
34686,34687,35342079#5,12.717777777777778,0.8639846743295018
34690,34691,35342080#1,3.54,0.0
34692,34693,35342080#2,3.068,0.29999999999999993
34694,34695,35342080#3,1.854285714285714,0.28571428571428575
34696,34697,35342080#4,5.6854545454545455,2.3636363636363638
34698,34699,35342080#5,6.742857142857143,1.6043956043956042
34700,34701,35342080#6,13.226976744186047,1.6932447397563681
34702,34703,35342080#7,4.888571428571429,0.9059233449477347
34704,34705,35342080#8,4.13,2.1538461538461537
34706,34707,35342844#0,1.77,0.3
34712,34713,35342845#1,8.26,1.0
34716,34717,35342846#0,3.877142857142857,0.21978021978021964
34718,34719,35342846#1,16.42923076923077,4.743589743589744
34720,34721,35342846#2,15.34,4.5
34722,34723,35342846#3,16.52,0.0
34724,34725,35342846#4,21.24,2.0
34726,34727,35342847#1,14.181454545454544,1.4996632996633006
34728,34729,35342847#2,3.627407407407407,0.2585604472396925
34730,34731,35342847#4,2.655,0.46666666666666673
34732,34733,35342847#5,0.7585714285714286,0.24725274725274723
34734,34735,35342847#6,2.9499999999999997,0.2777777777777778
34736,34737,35342847#7,1.4749999999999999,0.21428571428571427
34738,34739,35342847#9,1.9666666666666666,0.3333333333333333
34740,34741,35342848#1,2.36,0.0
34742,34743,35342848#2,5.225714285714286,0.28571428571428564
34744,34745,35342848#3,3.54,0.0
34746,34747,35417465#1,13.876346153846153,4.339712471994025
34748,34749,35417465#2,24.027241379310343,10.901693889897157
34750,34751,35417465#3,13.285172413793102,2.8266787658802177
34752,34753,35417465#4,4.493076923076923,1.681538461538462
34754,34755,35417466#0,139.46264150943395,256.5406386066764
34756,34757,35417466#1,51.276363636363634,20.27272727272727
34758,34759,35417467,19.175,1.9285714285714286
34760,34761,354652470#0,5.8999999999999995,2.0
34762,34763,35468001#0,105.846,119.59655172413801
34764,34765,35468001#1,4.394482758620689,0.4211822660098523
34766,34767,35468001#2,54.49454545454545,32.56363636363638
34768,34769,35468001#3,95.934,74.67777777777778
34770,34771,354967514#1,1.007640449438202,0.12614913176710932
34772,34773,354967514#2,1.2728089887640448,0.07328907048008171
34774,34775,354967544#0,6.525850694444444,135.0585641614804
34776,34777,354967544#1,34.75589743589743,627.8158316799878
34778,34779,354967545#0,4.2036712913553895,0.36388638042853666
34780,34781,354967545#1,21.673340471092075,115.28728560903902
34800,34801,35588519#0,15.635,3.583333333333332
34802,34803,35588519#1,6.784999999999999,0.25
34808,34809,35588522#0,3.6788235294117646,0.11029411764705888
34810,34811,35588522#1,21.934117647058823,3.2573529411764692
34818,34819,35589036#0,204.53333333333333,129.33333333333337
34820,34821,35589036#1,39.61428571428571,8.285714285714286
34822,34823,35589037,20.06,0.0
34826,34827,35681685#0,11.170666666666666,0.5523809523809521
34828,34829,35681685#1,3.618666666666667,0.0666666666666667
34830,34831,35681685#2,4.012,0.257142857142857
34832,34833,35681687,8.26,0.0
34836,34837,35681725,9.44,0.0
34840,34841,35743389#0,17.227999999999998,1.1555555555555552
34842,34843,35743389#1,5.041818181818181,0.41818181818181815
34844,34845,35743389#3,10.226666666666665,23.466666666666665
34848,34849,35743405,5.8999999999999995,3.0
34850,34851,35744086#0,20.975777559055118,193.87154978735123
34852,34853,35744154#0,5.611020408163265,1.907182504903802
34854,34855,35744154#1,5.331673469387756,16.56919160302159
34856,34857,35744155#0,3.9395569620253164,0.2908684226363621
34858,34859,35744155#1,1.3127733755942945,0.13493824365456705
34860,34861,35744155#2,6.327011308562197,0.47724955691139836
34862,34863,35744155#3,0.587140549273021,0.2536348949919225
34864,34865,35744155#4,3.236295081967213,0.2407090365824118
34866,34867,35744155#5,0.3520655737704918,0.20968532127378928
34868,34869,35779587,13.373333333333333,0.3333333333333335
34870,34871,35779588#0,11.013333333333334,0.3333333333333335
34872,34873,35779588#1,8.85,0.5
34874,34875,35779588#2,10.62,37.0
34876,34877,358042226,20.296,0.6999999999999997
34902,34903,35921580#1,7.187272727272727,0.4909090909090913
34906,34907,35926298,4.425,2.25
34908,34909,35926319#0,7.417142857142856,0.37362637362637346
34910,34911,35926319#1,8.054782608695652,1.2411067193675884
34912,34913,35926319#4,7.847,0.7657894736842102
34914,34915,35926319#5,8.555,0.5131578947368423
34916,34917,35926528#0,3.020254335260115,0.24674052665382126
34918,34919,35926528#1,5.6556769055745155,2.483275932217445
34920,34921,35926529,1.8638274932614554,0.2690763830983729
34928,34929,35960206,13.216,16.4
34932,34933,361440256,38.94,0.0
34936,34937,36291830#0,1.638252427184466,0.23986293546544832
34938,34939,36291830#1,4.548155339805825,0.26289739196649525
34940,34941,363564528#1,1.6857142857142857,0.9523809523809522
34942,34943,36548854#0,40.415,24.916666666666668
34944,34945,36548854#1,90.27,12.5
34948,34949,36558370,6.6866666666666665,8.333333333333334
34950,34951,36689751#0,7.250444444444445,3.2639354438237116
34952,34953,36689751#1,12.28,1.208590138674885
34954,34955,36788200#0,3.54,0.0
34956,34957,36788200#1,6.784999999999999,0.25000000000000006
34958,34959,36788200#2,4.72,0.0
34966,34967,36788203#1,5.113333333333332,0.24999999999999986
34970,34971,36789283#2,8.26,0.0
34972,34973,36789284#1,2.36,0.0
34976,34977,36789284#4,4.214285714285714,0.8791208791208783
34978,34979,36789285,14.455,38.25
34980,34981,36792010#0,7.411874999999999,1.0473790322580647
34982,34983,36792010#1,14.886153846153844,0.9661538461538461
34984,34985,36792010#2,12.014545454545454,0.46590909090909066
34990,34991,36792015#0,20.06,4.0
34992,34993,36792015#1,6.293333333333333,2.75
34994,34995,36792017#1,12.712533333333333,0.7992792792792793
34996,34997,36792017#2,11.138048780487805,0.8024390243902436
34998,34999,36792017#3,11.618461538461538,0.4553846153846155
35000,35001,36792018,15.422325581395349,1.3045404208194904
35002,35003,36792019,18.167931034482756,10.173321234119785
35004,35005,36792021#0,4.9559999999999995,2.1999999999999997
35006,35007,36792021#1,8.26,0.0
35008,35009,36792021#2,6.250810810810811,0.27027027027027045
35010,35011,36792021#3,17.7,4.0
35018,35019,36793495#4,3.933333333333333,0.33333333333333337
35020,35021,36793495#5,4.248,0.8
35022,35023,36793495#6,4.214285714285714,0.2857142857142857
35024,35025,36793495#7,5.225714285714286,1.6190476190476193
35026,35027,36793495#8,3.9825,1.9821428571428574
35042,35043,36793501#0,15.34,0.0
35044,35045,36793501#1,18.88,0.0
35068,35069,36793509#1,18.735087719298246,4.852041608445891
35078,35079,36856995,2.9499999999999997,4.5
35080,35081,36962701#0,7.735555555555555,0.5277777777777779
35082,35083,36962701#1,2.36,0.6666666666666666
35084,35085,37192503#0,8.26,0.0
35086,35087,37192503#1,133.34,49.0
35088,35089,37192504,12.389999999999999,0.8571428571428577
35090,35091,37192505#1,6.989230769230769,0.4102564102564102
35092,35093,37192505#2,26.549999999999997,9.166666666666666
35094,35095,37192506#0,13.452,0.29999999999999993
35096,35097,37192506#1,3.54,0.0
35098,35099,37192506#2,5.8999999999999995,0.0
35100,35101,37192507#0,32.8925,136.125
35104,35105,37192508#0,8.85,0.5
35106,35107,37192508#1,6.489999999999999,0.5
35108,35109,37192511#0,12.389999999999999,0.5
35114,35115,37193852#0,7.965,0.5000000000000003
35116,35117,37193852#1,7.248571428571428,0.14285714285714288
35118,35119,37193852#2,8.597142857142856,7.904761904761904
35120,35121,37193852#3,10.423333333333334,1.3666666666666667
35122,35123,37193852#4,10.226666666666665,4.333333333333332
35124,35125,37193853,10.226666666666665,1.5
35126,35127,37193854,18.355555555555554,3.2777777777777772
35128,35129,37193855#0,7.9381818181818184,0.6181818181818185
35130,35131,37193855#1,3.54,0.0
35132,35133,37193855#2,9.833333333333334,0.33333333333333304
35134,35135,37193855#3,12.979999999999999,0.6666666666666666
35136,35137,37193856,18.88,0.0
35142,35143,37193858#0,13.485714285714286,2.285714285714286
35144,35145,37193858#1,12.979999999999999,0.0
35146,35147,37193858#2,9.44,0.0
35148,35149,37193858#3,9.44,0.0
35150,35151,37193859#1,11.436923076923076,1.8974358974358976
35152,35153,37193859#11,10.863206106870228,0.7648854961832058
35154,35155,37193859#12,10.62,0.0
35156,35157,37193859#13,7.533846153846154,0.4230769230769229
35158,35159,37193859#2,2.467272727272727,0.3722943722943724
35160,35161,37193859#3,11.452941176470587,0.9705882352941175
35162,35163,37193859#4,7.997777777777777,0.4871794871794871
35164,35165,37193859#5,5.004827586206896,0.18965517241379318
35166,35167,37193859#6,8.10054054054054,0.397897897897898
35168,35169,37193859#8,9.945714285714285,1.665505226480836
35170,35171,37193859#9,9.387555555555556,1.316161616161616
35174,35175,37193861#0,5.352142857142857,0.33201058201058203
35176,35177,37193861#1,7.754285714285714,0.32804232804232814
35178,35179,37193861#2,11.209999999999999,0.6363636363636357
35180,35181,37193862#0,19.175,6.25
35182,35183,37193862#1,14.16,0.0
35186,35187,37193863#1,18.093333333333334,1.333333333333333
35190,35191,37193865,16.913333333333334,0.3333333333333335
35198,35199,37255717#0,2.907857142857143,0.4060846560846561
35200,35201,37255717#1,4.629230769230769,0.07384615384615391
35202,35203,37255717#2,8.428571428571429,7.476190476190475
35204,35205,37255717#4,6.784999999999999,0.24999999999999992
35206,35207,37255717#5,5.015,0.25000000000000006
35214,35215,37255726#0,7.214857142857142,1.2621118012422363
35216,35217,37255726#2,4.536896551724137,0.5193587416817909
35218,35219,37255726#3,3.797454545454545,0.24781144781144782
35220,35221,37255726#4,4.687222222222222,0.4277777777777781
35222,35223,37255726#5,23.701142857142855,4.080672268907562
35236,35237,37255739#0,9.44,1.0
35238,35239,37255739#1,5.506666666666667,0.33333333333333326
35240,35241,37255739#2,3.933333333333333,0.33333333333333326
35242,35243,37255739#3,6.6866666666666665,0.3333333333333335
35248,35249,37256211,30.286666666666665,23.88617886178861
35250,35251,37275085,54.574999999999996,6.916666666666667
35252,35253,37282369,19.92849089332177,125.28692310731418
35254,35255,37282688#0,2.027179487179487,0.27320954907161804
35256,35257,37282688#1,1.522905982905983,0.22516946654877693
35258,35259,37282688#2,9.510447761194028,1.3949051733812154
35260,35261,37282688#3,4.3534848484848485,0.30736756881795063
35262,35263,37282688#4,1.4770068027210885,0.8608703755474787
35264,35265,37282688#5,24.35388888888889,149.39316239316238
35266,35267,37282738,3.985984251968504,1.1576052993375834
35268,35269,37386279#0,2.36,2.0
35270,35271,37386279#1,11.799999999999999,0.0
35272,35273,37451605,11.67578947368421,3.0994152046783627
35274,35275,37480109,9.680489130434783,1.8084868498993023
35276,35277,37480269,13.766666666666666,70.33333333333334
35278,35279,37547253,23.599999999999998,0.0
35284,35285,376285856#1,11.013333333333334,184.33333333333334
35288,35289,376285856#3,57.82,0.0
35290,35291,376285856#4,3.54,0.0
35292,35293,376285856#5,28.32,0.0
35294,35295,376285856#6,9.833333333333334,30.333333333333332
35296,35297,376285856#7,2.36,0.0
35298,35299,37649447#0,3.933333333333333,0.2380952380952382
35300,35301,37649447#1,5.034666666666666,0.49523809523809537
35302,35303,37649447#2,3.1466666666666665,0.23809523809523814
35304,35305,37649447#3,7.906,0.6421052631578945
35306,35307,37649448#0,6.136,0.7428571428571423
35308,35309,37649448#1,4.8773333333333335,0.5523809523809525
35310,35311,37649448#2,11.013333333333334,1.1764705882352953
35312,35313,37681424#0,28.32,0.0
35314,35315,37681424#1,30.901249999999997,9.495833333333337
35316,35317,37681425#1,3.9825,1.1833333333333336
35318,35319,37681425#2,1.7306666666666664,0.4095238095238095
35320,35321,37681425#3,4.543,0.5552631578947369
35322,35323,37681425#4,5.192,0.46315789473684205
35324,35325,37681425#5,2.4148837209302325,0.18826135105204875
35326,35327,37681425#6,6.853076923076922,1.2171945701357467
35328,35329,37681425#7,8.30140350877193,1.24874686716792
35330,35331,37681592#0,13.516363636363636,1.193181818181819
35332,35333,37681592#2,20.222758620689653,2.1945812807881766
35334,35335,37681592#3,2.0453333333333332,0.4781609195402298
35336,35337,37681592#4,15.212432432432431,4.543543543543546
35338,35339,37681592#5,10.722608695652173,2.392270531400967
35340,35341,37681592#6,4.431020408163265,1.9387755102040816
35342,35343,37681592#7,2.2087179487179487,0.2726045883940623
35344,35345,37681592#8,4.310612244897959,0.4812925170068027
35346,35347,37714408#0,5.31,24.999999999999996
35348,35349,37714408#1,8.26,0.6666666666666666
35350,35351,37715607,20.846666666666668,2.333333333333335
35352,35353,37715611,21.24,14.4
35354,35355,37715612#0,18.958666666666666,16.78095238095238
35356,35357,37715612#1,11.406666666666665,56.333333333333336
35358,35359,37715612#2,2.832,0.5428571428571429
35360,35361,37715613#0,5.524545454545454,1.5606060606060603
35362,35363,37715613#1,11.406666666666665,4.787878787878787
35364,35365,37715613#2,11.209999999999999,2.2727272727272716
35366,35367,37715614#0,15.592857142857142,2.027472527472528
35368,35369,37715614#1,13.485714285714286,10.725274725274728
35372,35373,378466167,3.9246332945285216,0.38779846463199213
35374,35375,378946906,3.5712848402447315,1.199976877222678
35376,35377,378946906.15,2.404209809264305,0.747743267414453
35378,35379,378946907,2.2201895734597157,0.4024569008156695
35380,35381,378946908,1.4561058923996584,0.19135664601078792
35382,35383,378946911,8.523392857142856,0.6254021879021878
35384,35385,379510292,3.304,0.3142857142857142
35386,35387,379520414#0,0.8653333333333332,0.20952380952380958
35388,35389,379520414#1,3.304,0.3142857142857142
35390,35391,379718294,3.7511009174311924,0.20287067179638943
35392,35393,379721535,7.3422222222222215,0.19444444444444453
35394,35395,379721536#0,7.67,0.3000000000000001
35396,35397,379721536#1,10.816666666666665,0.16666666666666657
35398,35399,379723622#0,0.5244444444444444,0.2777777777777778
35400,35401,379723622#1,9.44,1.333333333333334
35402,35403,379723623#0,6.967098765432099,0.6936035622826129
35404,35405,379723623#2,4.614382716049382,0.3975365974849978
35406,35407,379723624#1,8.660550458715596,22.40110631408528
35408,35409,379795369,1.4557752808988764,0.1822212489260986
35410,35411,379795371,1.964663951120163,0.23524459641539566
35412,35413,379795373,2.4091319689484822,0.5469939276501244
35414,35415,379795373.16,2.2325,0.24485386596394557
35416,35417,379795383,4.961075268817204,0.29476390836839644
35418,35419,379795384,6.369462365591397,0.5030388031790557
35420,35421,379795385,1.555828970331588,0.2189937279468364
35422,35423,379795386,1.258232044198895,0.0955801104972376
35424,35425,379795387,2.1572569706103994,0.42143734776386926
35426,35427,379795388,1.5314669051878351,0.20932394623344225
35428,35429,379795389,1.2830055248618784,0.20022539237514106
35430,35431,379795390,2.4084516680923866,0.36303859990391013
35432,35433,379797627,10.62,0.0
35434,35435,379897806,7.711665213600697,4.521221610057958
35436,35437,380058449,12.389999999999999,4.5
35438,35439,380271165#0,23.936388059701493,358.0785511902377
35440,35441,380273341,36.038,471.0772898621619
35442,35443,380273342,7.296138613861386,2.9165312053593397
35444,35445,380273346,5.8999999999999995,1.0
35460,35461,381247993,0.08428571428571428,0.06728778467908901
35462,35463,381247994,2.006,0.27101449275362305
35464,35465,381248004,0.236,0.2
35466,35467,38305646#0,10.047878787878789,0.7766899766899769
35468,35469,38305646#2,9.746493506493506,0.7737525632262475
35470,35471,38305646#3,10.539545454545454,0.6389759665621735
35472,35473,38434492#0,10.52483870967742,1.583553675304072
35474,35475,38434492#1,7.234754098360655,0.615846994535519
35476,35477,38434492#2,4.700333333333333,0.38954802259886984
35478,35479,38434492#4,17.784285714285712,3.5584415584415594
35480,35481,38434492#5,2.614509803921569,0.21254901960784311
35482,35483,38434492#7,8.871071428571428,1.1996753246753247
35484,35485,38434492#8,15.317735849056604,2.6342525399129175
35486,35487,38434577,4.6977358490566035,0.36502177068214814
35488,35489,38434578,16.898490566037733,2.9143686502177073
35490,35491,38435025,7.439130434782608,0.2736572890025576
35492,35493,38550961#0,57.82,0.0
35498,35499,38550961#3,42.311428571428564,35.47619047619049
35502,35503,38550998#1,1.5733333333333333,0.4242424242424242
35504,35505,38550998#2,2.163333333333333,0.15151515151515152
35506,35507,38551086#1,73.16,0.0
35508,35509,38573373#0,36.58,0.0
35510,35511,38573373#1,12.783333333333333,1.7666666666666662
35512,35513,38573374,1.18,0.0
35524,35525,38573377#1,25.959999999999997,0.0
35526,35527,38573380,20.81090909090909,2.0545454545454547
35528,35529,386687232#0,3.7043326885880075,4.551738471822508
35530,35531,386687232#1,32.043910939012584,325.8526231267402
35532,35533,386687235#1,16.07137380191693,6.0440230031948845
35534,35535,386687235#1.84,2.9471679999999996,0.2696256410256411
35536,35537,386687242#1,10.765362318840578,3.7292393949010907
35538,35539,386687242#2,2.043623188405797,0.2122606579921718
35540,35541,386687242#3,5.2244927536231875,0.46551359356817934
35546,35547,389552421#1,11.041428571428572,3.7857142857142843
35548,35549,389552421#2,4.382857142857143,0.21978021978021983
35550,35551,389552421#3,15.76142857142857,2.2472527472527477
35552,35553,389552421#4,4.13,1.0384615384615385
35554,35555,389552421#5,1.18,0.0
35556,35557,389565213#0,18.172,6.711111111111112
35558,35559,389831363,3.3955102040816323,0.7763605442176872
35560,35561,389831364#1,11.25657894736842,5.311968038909152
35562,35563,389831364#1.51,4.610957095709571,0.3026905339540576
35564,35565,389840420#0,6.351176470588236,0.4187884108867427
35566,35567,389840420#1,4.286176470588235,0.3553555750658472
35568,35569,389840420#2,9.573225806451612,1.1181914331041773
35570,35571,389840420#3,20.58444444444444,96.89605734767025
35572,35573,389840423#0,26.156666666666666,2.840579710144927
35574,35575,389840423#2,11.878666666666666,0.6380952380952382
35576,35577,390068133#0,1.74,0.2536528345996493
35578,35579,390068133#1,9.091803278688523,2.078142076502732
35580,35581,390068133#2,5.5263333333333335,0.5929378531073445
35582,35583,390068133#3,5.613939393939394,0.4634032634032632
35584,35585,390282481,3.2608602150537633,0.24777933613838232
35586,35587,390565276#0,2.103478260869565,0.1778656126482214
35588,35589,390565276#1,2.450769230769231,0.15384615384615388
35590,35591,390565277#0,7.866666666666666,0.33333333333333326
35592,35593,390565277#1,7.195686274509803,0.6501960784313726
35594,35595,390565278#0,5.270666666666666,0.4095238095238095
35596,35597,390565278#1,0.3933333333333333,0.33333333333333337
35598,35599,390565279,4.696862745098039,0.379607843137255
35600,35601,390565280,1.7464,1.343333333333333
35602,35603,390565281,1.8959550561797751,0.26404494382022475
35604,35605,390565282,1.18,0.0
35606,35607,390565283,1.4422222222222223,0.17676767676767677
35608,35609,390832775#0,9.405797101449275,0.5579710144927535
35610,35611,390832776#1,8.063333333333333,4.166666666666667
35612,35613,390832777#0,11.799999999999999,0.0
35614,35615,390832777#1,33.629999999999995,3.0
35616,35617,390835794#0,3.84050784167289,7.955275281845879
35618,35619,390835794#1,5.442850644427597,30.26178382712798
35620,35621,390835794#2,14.942789992418499,230.77431056083543
35622,35623,390842191#0,2.596,0.19999999999999998
35624,35625,390842191#1,3.54,0.0
35626,35627,390842192#0,1.1395428571428572,0.044794745484400635
35628,35629,390842192#1,1.6385142857142856,0.2389490968801314
35630,35631,390842192#2,3.2736964980544743,0.30043166342412464
35632,35633,390842192#3,1.064765625,0.1433670343137255
35634,35635,390842192#4,4.8293436293436285,0.2704498518452011
35636,35637,391029004#0,9.109599999999999,1.1329292929292931
35638,35639,391029004#1,11.637614678899082,1.6382942575603128
35640,35641,391029004#2,7.701052631578947,0.8886818816953892
35642,35643,391029005#1,5.178888888888889,0.6045751633986925
35644,35645,391029007,10.689411764705882,30.593503072870934
35646,35647,391029008#0,3.4232733812949636,0.487509332665841
35648,35649,391029008#1,11.289518652226233,1.0872681919971932
35650,35651,391029008#2,9.723626506024097,5.354488115209482
35652,35653,391029008#3,26.543954189270647,388.7338398369536
35654,35655,391029009#0,7.7023828647925034,0.6838973409276076
35656,35657,391029009#0.80,14.238877005347593,66.21239324499426
35658,35659,391029010,9.57111111111111,0.6928104575163399
35660,35661,391029011#0,9.44,0.9999999999999998
35662,35663,391029011#1,13.766666666666666,0.8235294117647061
35664,35665,391029011#2,11.42736842105263,0.45029239766081885
35666,35667,391029011#3,4.523333333333333,0.1666666666666667
35668,35669,391029012#0,3.54,0.0
35670,35671,391029012#1,3.54,0.0
35672,35673,391029012#2,10.62,0.0
35674,35675,391029012#3,7.08,0.28571428571428564
35676,35677,391029012#4,11.799999999999999,1.4999999999999998
35678,35679,391029012#5,10.148,1.2999999999999994
35680,35681,391029012#6,4.982222222222222,0.19444444444444436
35682,35683,391029013,17.7,0.0
35684,35685,391029014#0,7.604444444444444,5.027777777777778
35686,35687,391208987#0,11.476078431372548,31.19122500485343
35688,35689,391208987#1,12.077647058823528,3.112405358182878
35690,35691,391208988,6.096236323851203,1.343616758659863
35692,35693,391208990,31.585122265122266,7.727882153139892
35694,35695,391208991,4.777560975609756,0.047560975609756105
35696,35697,391208992#0,27.435,0.9166666666666666
35698,35699,391208992#1,19.351999999999997,0.30000000000000027
35700,35701,391208993#0,22.534193548387098,3.0236559139784926
35702,35703,391208993#1,16.35142857142857,1.4761904761904763
35704,35705,391208993#2,4.72,0.6666666666666666
35706,35707,391208993#3,7.585714285714285,0.28571428571428564
35708,35709,391208993#4,8.428571428571429,0.8095238095238098
35710,35711,391208993#5,5.506666666666667,0.24999999999999994
35712,35713,391344206#0,23.836,3.7000000000000006
35714,35715,391344206#1,23.170909090909092,3.0545454545454547
35716,35717,391344206#3,6.136,0.19999999999999996
35718,35719,391344206#4,3.933333333333333,0.33333333333333326
35720,35721,391344206#5,4.13,0.5
35724,35725,391344207,8.653333333333332,0.24999999999999986
35726,35727,391344216,4.6819354838709675,0.5891062929666842
35728,35729,391606911#0,17.73404975124378,9.456337832748607
35730,35731,391606911#1,7.4986707566462165,0.650852009301878
35732,35733,391606911#2,13.882494887525562,0.8678710547081858
35734,35735,391606911#3,2.9079429735234212,0.3631524422271632
35736,35737,391606911#4,2.8249224405377458,0.3549536356064832
35738,35739,391606914,2.8795450852965065,0.27265162172336593
35740,35741,391606915,1.697832618025751,0.34301014331492685
35742,35743,391606922,7.1743999999999994,39.49333333333334
35744,35745,391758376,1.3945454545454545,0.16363636363636364
35746,35747,391758377,2.739550209205021,0.7855487061255153
35750,35751,39227066#0,20.06,0.6666666666666661
35756,35757,39227661#1,5.852162162162162,0.47778600518326536
35758,35759,39227661#2,2.2655999999999996,0.588108108108108
35760,35761,39236841#1,17.7,14.117647058823524
35764,35765,392631301,3.901138790035587,0.39885612608032533
35766,35767,39265638,6.6866666666666665,0.3333333333333335
35768,35769,39265639#2,9.893846153846154,8.406153846153844
35774,35775,392714143#1,2.7241975308641972,0.4702806876943915
35776,35777,392714143#1.19,3.96756329113924,0.3898949828482021
35778,35779,39301798#0,8.532307692307691,1.3589743589743588
35782,35783,393244238,0.4854430379746836,0.24253244799293852
35784,35785,393244241#0,2.704719101123595,0.4585871787844929
35786,35787,393244241#0.36,1.8583805668016193,0.4477256489640393
35788,35789,393244241#0.36.12,1.6375510204081631,0.4055757272234046
35790,35791,393420106#0,1.9666666666666666,1.3333333333333335
35792,35793,393420106#1,15.34,3.0
35794,35795,393420112#0,6.5844,0.9424489795918368
35796,35797,393420112#1,9.601960784313725,1.1607843137254903
35798,35799,393420112#2,5.215599999999999,0.33020408163265313
35800,35801,393420112#4,2.34,0.25832846288720057
35802,35803,393420116#1,11.766285714285713,13.680331262939958
35804,35805,393420116#3,11.692727272727272,1.253146853146853
35806,35807,393420116#4,4.0009375,0.3370535714285715
35808,35809,393420116#5,1.6409375,0.24181547619047616
35810,35811,393420116#6,12.658181818181816,1.3872053872053878
35812,35813,393420116#7,4.312363636363636,0.3043771043771042
35814,35815,39345679#1,2.989333333333333,5.695238095238096
35816,35817,39345679#2,3.802222222222222,0.4444444444444444
35820,35821,39443315#0,28.32,0.0
35822,35823,39443315#1,35.989999999999995,21.666666666666668
35824,35825,39443316#0,10.560999999999998,0.5763157894736842
35826,35827,39443316#2,4.897,17.397368421052633
35828,35829,39444328#0,17.11,220.5
35830,35831,39444328#2,4.13,0.5
35832,35833,39444740#1,5.506666666666667,1.3333333333333335
35834,35835,39444740#2,5.8999999999999995,0.0
35838,35839,39444746#1,12.979999999999999,0.0
35840,35841,39444746#2,35.26888888888889,13.111111111111112
35842,35843,39444746#3,23.337777777777777,7.194444444444445
35844,35845,39444746#4,10.045128205128204,2.519568151147099
35846,35847,39444747,20.768,3.2999999999999985
35848,35849,39444748,2.36,0.0
35850,35851,39445512#1,10.876521739130434,0.35968379446640397
35858,35859,39445786#0,7.787999999999999,0.7999999999999999
35860,35861,39445786#1,1.652,0.3
35864,35865,39445788#0,7.866666666666666,0.33333333333333326
35872,35873,39445983,24.189999999999998,0.5
35874,35875,39445984#0,1.18,0.0
35882,35883,39446253#1,30.68,0.0
35884,35885,39530040,6.452229580573951,4.873420070718322
35886,35887,39530041,4.359058823529412,5.729647335966189
35888,35889,39530043,7.08,1.2
35890,35891,39530044#0,10.1008,1.5899999999999996
35892,35893,39530044#1,2.704166666666666,0.4764492753623188
35894,35895,39530044#2,9.046666666666667,0.6153846153846152
35896,35897,39530044#3,5.506666666666667,0.3846153846153848
35898,35899,39530044#4,2.493584905660377,0.5638606676342526
35900,35901,39530044#5,32.01296296296296,37.36023759608667
35902,35903,39530419,8.496,5.066666666666666
35904,35905,39577340,24.189999999999998,6.333333333333333
35906,35907,39577537,3.202857142857143,1.2380952380952381
35908,35909,39577538,9.920947867298578,0.46165651094561094
35910,35911,39577540,6.017999999999999,0.8517241379310347
35912,35913,39603434,8.547027027027026,2.0220628792057367
35914,35915,39603435#0,3.077254901960784,0.28313725490196073
35916,35917,39603436#0,4.193009708737864,0.3264030310206016
35918,35919,39603436#1,10.287766990291262,1.7057068434762017
35920,35921,39603436#2,2.339655172413793,0.2628554143980641
35922,35923,39603436#3,4.326666666666666,0.34666666666666657
35924,35925,39603437,2.21568345323741,0.19507871963298926
35926,35927,39603438#0,15.477640891218874,1.890575604654924
35928,35929,39603438#1,0.9993075898801598,0.13518686196182852
35930,35931,396370763#1,2.7533333333333334,0.33333333333333326
35932,35933,396370764#1,2.2288888888888887,0.1111111111111111
35940,35941,396370773#0,7.08,0.0
35944,35945,396370774#1,1.5171428571428571,0.23809523809523805
35946,35947,396370774#2,17.86857142857143,190.80952380952382
35948,35949,39649524#0,45.918857142857135,535.5481822836659
35950,35951,39649528,13.609924812030075,10.659831396673498
35952,35953,39649533,4.200397727272727,0.36110301735301725
35954,35955,39697943,11.806126687435098,0.919931433950126
35956,35957,39698489,17.31469387755102,23.72448979591837
35958,35959,39704293#0,2.730857142857143,1.1523124357656735
35960,35961,39704293#1,28.370571428571427,3.6240493319630005
35962,35963,39704293#2,4.20044776119403,0.2783638199977555
35964,35965,39704293#3,7.521374045801527,0.5282442748091598
35966,35967,39704293#4,1.8465648854961831,0.24768056371109812
35968,35969,39704919#0,19.42547169811321,245.47315739713073
35970,35971,39704920,4.436660079051383,0.34485775051508494
35972,35973,39704922,8.86222797927461,0.7690234739890998
35974,35975,39704923,17.535696202531643,3.353006078356637
35976,35977,39704924,9.236972833117724,3.5519642869112342
35980,35981,397587871#0,29.3525,8.125
35984,35985,397587871#2,57.82,21.0
35986,35987,397587872#0,18.644,3.5111111111111093
35988,35989,397587872#1,35.92444444444444,11.777777777777779
35990,35991,397588242,7.67,0.29999999999999993
35994,35995,397588246,7.473333333333333,0.3333333333333335
35996,35997,397588247#2,31.185714285714283,4.285714285714287
35998,35999,39857771,120.30978723404255,318.25901942645686
36000,36001,39857772#0,50.592499999999994,17.839285714285715
36002,36003,39857772#1,25.5175,7.125
36006,36007,39860602,1.3732917316692665,0.15906298751950068
36008,36009,39860603,7.0099374999999995,0.3376271517996864
36010,36011,39860604#0,9.046666666666667,0.3333333333333335
36012,36013,39860604#2,50.739999999999995,32.0
36014,36015,39861421,5.703333333333332,0.16666666666666669
36016,36017,39861704#1,7.42258064516129,0.3052714398111723
36018,36019,39861707,2.0415873015873016,0.21641809877104004
36020,36021,39861708#0,1.6332698412698412,0.23694955459661338
36022,36023,39861708#1,8.87247619047619,0.6379513967749263
36024,36025,39863083#0,17.503333333333334,22.151515151515152
36026,36027,39863083#2,3.721538461538461,0.30769230769230754
36028,36029,39863083#3,4.888571428571429,1.142857142857143
36030,36031,39863083#4,3.776,1.7
36032,36033,39863083#5,5.506666666666667,1.333333333333333
36034,36035,39863083#6,8.26,0.9999999999999998
36036,36037,39863083#7,5.664,0.7000000000000002
36038,36039,39863083#8,4.72,0.0
36040,36041,39863084#0,8.653333333333332,0.3333333333333335
36042,36043,39863084#1,8.653333333333332,0.33333333333333326
36044,36045,39863084#2,4.183636363636364,1.0727272727272728
36046,36047,39863084#3,7.7437499999999995,1.4624999999999997
36048,36049,39863084#4,12.669473684210525,1.6491228070175454
36050,36051,39863084#5,9.263,4.45
36052,36053,39863101,17.7,1.4999999999999998
36054,36055,39918460,12.979999999999999,0.0
36056,36057,39918462,5.8999999999999995,0.0
36062,36063,399835085#0,6.226052631578947,0.49600749895847746
36064,36065,399835085#1,17.175555555555555,3.03511801957398
36066,36067,399835085#2,15.848261964735515,5.271073454952548
36068,36069,399835087#0,10.641454545454545,8.870033670033669
36070,36071,399835087#1,13.080425531914894,5.5578168362627185
36072,36073,399835087#2,10.367142857142857,4.244155844155843
36074,36075,399835087#4,35.43371428571428,16.20504201680673
36076,36077,400100578,8.496,0.844444444444445
36078,36079,400100580#1,1.9495652173913043,0.3280632411067193
36080,36081,400100580#2,10.325,4.0227272727272725
36082,36083,40059576#0,4.445581395348837,0.23034330011074194
36084,36085,40059576#1,10.809951219512193,0.9004304160688664
36086,36087,402154210,1.77,0.3333333333333333
36088,36089,402600768#1,11.525512010113781,5.864808206244296
36096,36097,40490659#2,10.62,2.0000000000000004
36098,36099,40493395,8.26,8.0
36100,36101,40493437#0,4.72,0.0
36102,36103,40493437#1,2.2288888888888887,0.1111111111111111
36104,36105,40493437#2,7.08,0.8181818181818182
36106,36107,40496432#0,1.18,0.0
36108,36109,40496432#1,28.32,0.0
36110,36111,40512185#1,29.124545454545455,5.274891774891776
36112,36113,40512185#2,34.397,6.976315789473685
36114,36115,40527181,4.588888888888889,0.6111111111111112
36116,36117,40527191,3.1466666666666665,0.33333333333333337
36120,36121,40578426#1,8.85,1.7272727272727273
36126,36127,4058141,14.292671029149314,2.6391369932863054
36128,36129,4058147#0,4.923330930064888,2.1917870641735124
36130,36131,4058147#1,5.618399423215573,0.34776959001904956
36132,36133,40623117#0,7.268606557377049,0.7423671188608753
36134,36135,40623117#1,5.36077868852459,0.7414708654525883
36136,36137,40623117#2,1.578159509202454,0.3182892487176908
36138,36139,40623117#3,4.000038986354776,0.3438033016569197
36140,36141,40631191,3.835,0.25000000000000006
36142,36143,40632372,9.44,98.0
36144,36145,40640588#0,2.6855172413793102,0.421182266009852
36146,36147,40640588#1,5.818620689655172,0.4236453201970445
36148,36149,40640588#2,1.18,0.20000000000000004
36150,36151,40640588#3,2.425555555555555,0.8836477987421382
36152,36153,40640588#4,2.848275862068965,0.6678765880217787
36154,36155,40640588#5,3.7169999999999996,0.23135593220338982
36156,36157,40642783#0,3.7928571428571427,16.02747252747253
36158,36159,40642783#1,1.3766666666666667,0.15151515151515155
36160,36161,40642783#2,16.52,18.0
36162,36163,40642783#3,8.791,3.1026315789473684
36164,36165,40642787#0,9.44,50.0
36166,36167,40642787#1,4.05304347826087,2.893280632411067
36168,36169,40642787#2,12.127777777777778,2.094771241830065
36170,36171,40642790#0,3.0541176470588236,0.8823529411764706
36172,36173,40642790#1,4.8063414634146335,17.919512195121946
36174,36175,40642790#2,2.2087179487179487,6.641025641025642
36188,36189,40644493#2,2.36,0.0
36196,36197,40801033#3,3.933333333333333,4.0
36198,36199,40801034#0,13.373333333333333,1.333333333333333
36200,36201,40801034#1,3.0155555555555553,0.37908496732026137
36202,36203,40801035#1,3.933333333333333,0.24999999999999992
36204,36205,40801035#2,8.532307692307691,1.3589743589743586
36208,36209,40801035#4,1.18,0.0
36210,36211,40801035#5,7.866666666666666,0.33333333333333326
36212,36213,40801035#6,7.830909090909091,1.454545454545454
36214,36215,40801035#8,15.34,4.0
36216,36217,40801035#9,20.502499999999998,3.849999999999999
36218,36219,40801036,19.765,2.25
36220,36221,40801039,21.764444444444443,2.7777777777777772
36224,36225,40879982#0,1.77,0.5
36226,36227,40879982#1,14.16,0.0
36228,36229,40888350#1,20.818571428571428,1.016483516483516
36230,36231,40888351#0,20.06,0.6666666666666661
36232,36233,40888351#1,4.992307692307692,0.1923076923076922
36234,36235,40888351#3,3.9938461538461536,0.25641025641025644
36236,36237,40888351#5,4.9559999999999995,1.1714285714285706
36238,36239,40888351#6,8.85,123.96153846153844
36240,36241,40888354#0,12.094999999999999,1.5833333333333333
36242,36243,40888354#1,7.67,0.3333333333333333
36244,36245,40888354#2,2.36,0.0
36246,36247,40888354#3,2.9499999999999997,0.3333333333333333
36248,36249,40888354#4,5.31,0.3333333333333333
36250,36251,40888356#0,4.414074074074074,0.660968660968661
36252,36253,40888356#2,3.5871999999999997,0.2900000000000001
36254,36255,40888356#3,2.2616666666666667,0.07971014492753625
36256,36257,40888356#4,3.1466666666666665,0.24242424242424246
36258,36259,40888356#5,2.36,0.0
36260,36261,40888356#6,1.9666666666666666,0.3333333333333333
36262,36263,40888359,32.64666666666667,14.333333333333329
36264,36265,40888360#1,9.794,12.011111111111113
36266,36267,40888360#2,23.921818181818182,6.218181818181817
36270,36271,40930495#0,30.68,2.0
36272,36273,40930495#1,12.979999999999999,2.0
36274,36275,41051113#0,15.93,2.0000000000000004
36276,36277,41051113#1,26.845,6.785714285714289
36278,36279,41051113#2,15.554545454545453,3.7748917748917745
36280,36281,41051113#3,6.9957142857142856,0.8095238095238095
36282,36283,41051113#4,27.645714285714284,87.6190476190476
36284,36285,41106793#0,9.608571428571427,1.142857142857143
36286,36287,41106793#1,1.77,0.3333333333333333
36288,36289,41106793#2,18.88,8.0
36292,36293,41106793#4,13.373333333333333,0.3333333333333335
36294,36295,41139095,13.569999999999999,3.6666666666666665
36296,36297,41139660#0,14.976923076923075,2.622596153846153
36298,36299,41139660#1,2.5596923076923073,0.2677884615384616
36300,36301,41139660#2,9.823855421686748,1.880693505730238
36302,36303,41139660#3,2.9014117647058826,0.3464985994397759
36304,36305,41139660#4,3.7898823529411763,0.2403361344537817
36308,36309,41190839#0,31.323636363636364,10.272727272727272
36310,36311,41190839#1,15.045,5.583333333333335
36312,36313,41190839#2,42.08666666666666,6.3333333333333375
36314,36315,41190840,21.790666666666663,4.6952380952380945
36316,36317,41193093#0,1.534,0.23333333333333328
36318,36319,41193093#1,62.80222222222222,16.194444444444446
36320,36321,41193093#2,67.496,19.95555555555556
36322,36323,41193100#0,85.845,1690.0227272727273
36324,36325,41195860#1,6.237142857142857,8.433862433862432
36326,36327,41195860#10,9.44,0.4999999999999998
36328,36329,41195860#11,5.369,0.8921052631578948
36330,36331,41195860#2,1.18,0.0
36332,36333,41195860#3,3.933333333333333,0.25
36334,36335,41195860#4,2.6746666666666665,1.2095238095238094
36336,36337,41195860#5,12.783333333333333,1.7666666666666668
36338,36339,41195860#6,6.6866666666666665,1.7500000000000002
36340,36341,41195860#7,4.012,0.7111111111111109
36342,36343,41195860#8,2.36,1.6
36344,36345,41195860#9,3.54,0.25000000000000017
36348,36349,41195861#1,6.293333333333333,0.33333333333333326
36350,36351,41195862#0,8.26,3.0
36354,36355,41195863#0,7.08,0.4999999999999999
36356,36357,41195863#1,8.85,4.5
36358,36359,41195865#0,2.36,0.0
36362,36363,41195865#2,1.18,0.0
36364,36365,41195865#3,1.77,0.5
36366,36367,41195866,3.6788235294117646,1.1102941176470589
36368,36369,41195867#0,5.8999999999999995,0.0
36370,36371,41195867#1,14.16,2.6666666666666665
36372,36373,41195867#2,4.214285714285714,0.28571428571428575
36374,36375,41195869#0,11.478181818181817,0.8181818181818181
36376,36377,41195869#1,4.382857142857143,0.2380952380952381
36378,36379,41195869#2,3.54,0.3333333333333333
36380,36381,41195869#3,3.54,0.3333333333333333
36382,36383,41195869#4,3.9825,1.1250000000000002
36384,36385,41195869#5,4.13,0.29999999999999993
36386,36387,41195869#6,2.36,0.0
36394,36395,41195877,8.26,0.0
36396,36397,41199132,19.47,2.7
36398,36399,41199133,17.896666666666665,3.424242424242424
36400,36401,41199134,16.59375,2.1249999999999996
36402,36403,41203191#0,29.89333333333333,1.3333333333333321
36406,36407,41203193,22.147692307692306,17.358974358974354
36408,36409,41203916#0,10.62,0.0
36410,36411,41203916#2,2.36,0.0
36412,36413,41203916#3,2.36,0.0
36414,36415,41203918#0,4.13,1.0
36422,36423,41222724#0,3.849832402234637,4.272346368715081
36428,36429,41225169,15.34,2.0
36430,36431,413002076#0,193.243829787234,1010.8353376503235
36432,36433,413002077#0,184.2548148148148,514.2849002849003
36434,36435,413002077#1,17.404999999999998,1.5833333333333333
36438,36439,413002080,89.78727272727272,184.2909090909091
36442,36443,413332605,12.127777777777778,1.6241830065359475
36444,36445,41359029#0,11.591764705882353,1.6544117647058805
36446,36447,41359029#1,10.744210526315788,1.0994152046783627
36448,36449,41400364,123.56652173913044,389.76280193236727
36450,36451,41425835#0,21.498521505376342,5.786391626506902
36452,36453,41425835#0.246,12.756370967741935,222.21840945599783
36456,36457,414730005,25.959999999999997,968.0
36458,36459,414730013#0,6.637499999999999,5.125
36460,36461,414730013#1,27.218666666666664,5.923809523809525
36462,36463,414730021,42.48,0.0
36464,36465,41494423#0,4.541212121212121,0.25757575757575757
36466,36467,41494423#1,6.073529411764706,0.4322638146167557
36468,36469,41494741#0,3.900555555555555,0.21517996870109543
36470,36471,41494741#1,4.071830985915493,0.2511066398390342
36472,36473,41494741#2,3.091267605633803,0.23903420523138838
36474,36475,41522167#0,1.765563909774436,0.250929209816995
36476,36477,41522167#1,13.778496240601502,1.2837565612143567
36478,36479,41522169#0,3.7318021201413423,0.4841240007017014
36480,36481,41522169#1,2.6518727915194344,0.3357642282535148
36482,36483,41522169#2,10.599151943462896,0.6415307119765429
36484,36485,41522169#3,5.716537102473498,0.31616670425782534
36486,36487,41522169#4,4.000393442622951,0.6005608283002593
36488,36489,41522170,11.799999999999999,0.0
36490,36491,41530624#0,10.226666666666665,0.33333333333333304
36492,36493,41530624#1,8.26,0.0
36496,36497,41539057#2,1.4749999999999999,0.25
36498,36499,41539057#3,10.788571428571428,9.809523809523808
36500,36501,41567676#0,13.287153558052433,1.7613852759098063
36502,36503,41567676#1,6.146108007448789,0.7026876789238167
36504,36505,420153789,5.3461224489795915,0.9931297022120094
36510,36511,42277294,12.684999999999999,19.113636363636367
36512,36513,42277295#0,10.128333333333334,0.9924242424242427
36516,36517,42277296,11.799999999999999,0.0
36518,36519,42315764#0,5.8999999999999995,0.0
36520,36521,42315764#1,7.08,0.0
36522,36523,423287073,16.52,0.0
36532,36533,423804014#6,2.36,0.0
36536,36537,423804016,19.89142857142857,1.67032967032967
36542,36543,423804019,3.54,1.851851851851852
36544,36545,424028485#0,61.55666666666666,93.36666666666667
36546,36547,424028486,18.365641025641025,6.936572199730097
36548,36549,42444460#0,3.4680487804878046,0.10734718458295696
36550,36551,42444460#1,34.49639639639639,10.45372645372645
36552,36553,42444460#2,12.016333333333334,1.6971988795518214
36554,36555,42444460#3,8.545166666666665,0.5713585434173669
36556,36557,42444460#4,4.164132231404959,0.3012396694214875
36558,36559,42444461,4.3602439024390245,0.46145739235170136
36560,36561,42485338#0,17.896666666666665,0.9666666666666668
36562,36563,42485338#1,16.913333333333334,1.4666666666666668
36564,36565,42485339,116.702,150.76666666666665
36566,36567,42485340,12.586666666666666,0.33333333333333304
36568,36569,42487766#1,13.10206896551724,1.898946360153257
36570,36571,42487766#2,6.161342281879194,0.6871032105931435
36572,36573,42487767#0,18.88,0.0
36574,36575,42487767#1,21.63333333333333,21.176470588235308
36576,36577,42487767#2,16.814999999999998,1.5833333333333328
36578,36579,42487768,9.27142857142857,0.14285714285714282
36580,36581,42491774#0,14.042,1.8777777777777789
36582,36583,42491774#1,2.36,0.22222222222222227
36584,36585,42491774#2,3.54,0.0
36588,36589,42491776#0,9.076923076923077,3.3974358974358974
36590,36591,42491776#1,4.72,8.0
36592,36593,42491777,9.833333333333334,0.3333333333333335
36598,36599,424967103,3.933333333333333,0.24999999999999992
36604,36605,42508855#2,11.799999999999999,0.0
36610,36611,42508858#1,14.32090909090909,7.170995670995673
36612,36613,42508858#2,18.584999999999997,0.9166666666666666
36614,36615,42508858#3,24.189999999999998,4.5
36616,36617,42508860,7.08,0.0
36618,36619,42508865#1,13.864999999999998,9.392857142857139
36622,36623,425100437#1,14.16,0.0
36624,36625,425100437#2,16.52,0.0
36626,36627,425100437#3,1.18,0.0
36634,36635,425100439#0,10.62,0.0
36636,36637,425100439#1,11.406666666666665,2.3333333333333335
36640,36641,425100439#2,7.473333333333333,0.3333333333333335
36654,36655,425100439#9,2.0977777777777775,0.19444444444444445
36658,36659,425100440#2,5.8999999999999995,0.49999999999999994
36660,36661,425100440#3,4.72,0.0
36664,36665,425100442,5.8999999999999995,0.0
36666,36667,425100443,11.799999999999999,0.0
36670,36671,425100450#0,5.31,0.3333333333333333
36672,36673,425100450#1,26.746666666666666,2.333333333333332
36674,36675,425100451#0,1.5733333333333333,0.3333333333333333
36682,36683,425100455#1,11.799999999999999,0.0
36684,36685,425100455#2,7.08,0.0
36686,36687,425100455#3,2.36,0.0
36690,36691,425100456#0,10.095555555555555,1.527777777777778
36702,36703,425100457#1,10.03,0.5
36704,36705,425100457#2,7.67,0.5
36710,36711,425100458#1,11.692727272727272,3.2909090909090906
36716,36717,425100460#0,2.36,0.0
36718,36719,425100460#1,11.799999999999999,1.0
36724,36725,425100461#1,12.193333333333333,0.3333333333333335
36726,36727,425100461#2,7.473333333333333,0.33333333333333326
36730,36731,425100461#4,8.653333333333332,2.333333333333334
36732,36733,425100461#5,5.8999999999999995,0.0
36734,36735,425100462#1,2.36,0.0
36736,36737,425100462#2,8.689090909090908,2.8545454545454545
36738,36739,425100462#3,9.225454545454545,0.5636363636363633
36740,36741,425100462#4,12.229090909090909,0.6545454545454545
36742,36743,425100463,22.419999999999998,0.0
36744,36745,425100465#0,9.735,0.25
36746,36747,425100465#1,12.389999999999999,0.5
36748,36749,425100465#2,7.67,0.5
36756,36757,425100466#0,2.7533333333333334,0.33333333333333337
36758,36759,425100466#1,3.7366666666666664,0.5666666666666667
36760,36761,425100466#2,3.54,0.0
36762,36763,425100466#3,3.2449999999999997,1.5833333333333333
36764,36765,425100466#4,3.54,0.0
36768,36769,425100467#0,9.44,1.0
36770,36771,425100467#1,11.907272727272728,1.290909090909091
36772,36773,425100467#2,7.9381818181818184,0.6181818181818182
36774,36775,425100467#3,15.733333333333333,2.333333333333334
36780,36781,425100470#0,1.18,0.0
36782,36783,425100470#1,35.4,0.0
36786,36787,425104280#1,8.26,0.0
36788,36789,425104281,18.29,0.5
36790,36791,425148882#0,2.36,0.0
36792,36793,425148882#1,1.4749999999999999,0.25
36794,36795,425148883,37.42285714285714,7.904761904761904
36796,36797,425148884#0,1.5171428571428571,0.2380952380952381
36800,36801,42517570,7.754285714285714,0.2857142857142858
36802,36803,42517571#0,14.696363636363635,2.872727272727274
36806,36807,42517571#2,5.113333333333332,0.3333333333333335
36808,36809,42517575#0,75.52,43.312499999999986
36812,36813,426547307,13.334,1.7999999999999998
36816,36817,42674130#1,7.08,3.0000000000000004
36820,36821,42674133#0,33.629999999999995,4.5
36826,36827,42674133#4,13.373333333333333,1.333333333333333
36830,36831,42674133#6,29.205,14.249999999999998
36832,36833,42674135#0,21.24,9.0
36834,36835,42674135#1,24.779999999999998,8.0
36838,36839,42674135#3,26.255,11.583333333333336
36840,36841,4268816#0,27.883778425655976,47.44085374773342
36842,36843,4268966#1,10.226666666666665,2.3333333333333326
36844,36845,4268967#1,10.226666666666665,0.33333333333333304
36846,36847,42738708,22.27973979893554,6.93675042602852
36848,36849,42738709#0,7.164135472370766,0.596577794451475
36850,36851,42738709#0.106,10.156002379535991,1.1601682671878992
36852,36853,42738709#1,9.5152587244284,24.016399440407866
36854,36855,42745460,4.823083247687564,10.4872165759456
36856,36857,42745461#1,9.841006160164271,72.7466745875812
36858,36859,42745545#0,10.017556363636363,18.96768347227739
36862,36863,429033100,36.9556270096463,11.701566227569753
36864,36865,430589879#0,5.8999999999999995,0.0
36866,36867,430589879#1,3.54,2.0
36868,36869,430589879#2,3.54,1.0
36870,36871,430589879#3,12.193333333333333,0.3333333333333335
36872,36873,430872811#1,21.914285714285715,17.28571428571429
36876,36877,4324820,27.662724520686172,3.6975037967974402
36878,36879,4324827#1,13.216,2.6312500000000005
36882,36883,433271143,2.131612903225806,0.8946236559139784
36888,36889,433809243,3.54,0.0
36890,36891,433809256,11.575238095238095,1.2311265969802556
36892,36893,433809259#0,16.25354838709677,2.9139784946236555
36894,36895,433809259#1,1.6275862068965516,0.2438423645320197
36896,36897,433809272#0,10.4725,4.125
36898,36899,433809272#2,7.552,0.9333333333333333
36900,36901,433809275#0,17.11,4.3
36902,36903,433809275#1,2.9499999999999997,0.3
36904,36905,433809279#0,6.293333333333333,0.7499999999999999
36906,36907,433809279#1,24.189999999999998,12.5
36908,36909,433809279#2,2.124,1.2
36910,36911,433809279#3,12.979999999999999,48.666666666666664
36912,36913,433809279#4,5.31,2.0000000000000004
36914,36915,433809283#0,16.305454545454545,1.3636363636363638
36918,36919,433809283#3,2.36,0.0
36920,36921,433809283#4,11.799999999999999,0.0
36922,36923,433809285#0,3.068,0.29999999999999993
36924,36925,433809285#1,4.095294117647058,0.2647058823529411
36926,36927,433809285#2,3.609411764705882,0.3088235294117647
36928,36929,433809285#3,3.3714285714285714,1.028571428571429
36930,36931,433809285#4,3.7169999999999996,0.3447368421052632
36932,36933,433809285#5,3.304,0.16842105263157894
36938,36939,434713634,5.8999999999999995,0.0
36940,36941,434992724#0,4.457777777777777,0.9444444444444443
36942,36943,434992724#1,7.866666666666666,0.3333333333333335
36944,36945,434992724#2,1.18,0.0
36950,36951,435127858#2,3.1466666666666665,1.6470588235294112
36952,36953,435127859#0,6.784999999999999,1.2666666666666666
36954,36955,435127859#1,15.457999999999998,17.211111111111116
36956,36957,435127860,9.964444444444444,23.52777777777778
36958,36959,435177658,19.175,2.25
36960,36961,435177660,16.224999999999998,0.9166666666666671
36962,36963,435275873,7.375,0.568181818181818
36968,36969,43541447,24.189999999999998,12.5
36972,36973,435562885,2.36,0.0
36976,36977,438473448,15.045,64.91666666666667
36980,36981,439434275,4.72,0.3333333333333333
36982,36983,439478422,1.1548936170212765,0.45605920444033293
36984,36985,439478423,1.1626470588235294,0.04455662862159792
36986,36987,4396670,1.6739203860072376,0.2726496623019414
36988,36989,4396674,1.5148904329235702,1.0899996284408535
36990,36991,4396678,12.979999999999999,0.0
36992,36993,439871826,5.714901960784313,1.0949019607843138
36994,36995,441565711,1.18,0.0
36996,36997,441714405,7.08,7.0
36998,36999,441810448#0,12.640919540229884,2.5296658029366825
37000,37001,441810448#1,3.0304545454545453,0.8753246753246751
37002,37003,441810448#2,1.1732954545454544,0.25711038961038984
37006,37007,449057052,2.1306971005552127,0.6541899909368556
37008,37009,449057052.11,2.6024059222702034,2.2287606339631845
37010,37011,449057056,1.9355349344978166,0.9972403344629964
37012,37013,449057056.9,2.85853711790393,0.7520444837693382
37014,37015,449057059,2.205741239892183,0.17586964508513667
37016,37017,449057060,2.2550635208711434,0.4261061771904928
37018,37019,449057060.18,3.0995523290986084,0.8442482594563572
37022,37023,44959795,7.67,3.0
37024,37025,450072140,7.541937984496124,7.772222724941938
37026,37027,450076615#0,47.791086556169425,509.61946409519345
37028,37029,450094703,5.5384142857142855,0.9660773001123235
37030,37031,450094709,3.6948996655518394,0.27815101943717535
37032,37033,450094710,17.58570943075616,79.57564487137239
37034,37035,450094712,5.37179054054054,0.41314740353201906
37036,37037,450094713,15.375848101265822,5.706846561751628
37038,37039,450094714,3.7449606862044313,0.2995650888995927
37040,37041,45378204#0,12.396860465116278,1.4093227254181966
37042,37043,45378204#1,18.54285714285714,2.216748768472908
37044,37045,457182376,19.656315789473684,3.7446657183499306
37046,37047,457182377,95.29297297297298,520.0225225225225
37048,37049,457182378,23.86222222222222,59.444444444444436
37050,37051,457182379,51.88424242424242,26.905303030303035
37052,37053,457182382,19.91186147186147,5.675475249388293
37054,37055,457182384,48.67168539325842,179.1654749744638
37058,37059,461125445,23.009999999999998,3.0
37060,37061,461125446#2,1.4749999999999999,0.25
37062,37063,467634653,11.799999999999999,0.0
37064,37065,467634654#0,3.54,0.0
37068,37069,467634655#0,2.865714285714285,0.28571428571428575
37072,37073,467634656#0,1.8683333333333332,0.4469696969696969
37074,37075,467634656#1,7.08,0.5
37076,37077,467634657#0,12.979999999999999,0.0
37078,37079,467634657#1,3.54,0.0
37080,37081,467634657#2,8.968,0.3
37082,37083,467634658#0,4.326666666666666,0.26666666666666666
37084,37085,467634658#1,5.637777777777777,3.444444444444444
37086,37087,467634659#0,4.326666666666666,0.26666666666666666
37088,37089,467634659#2,8.26,0.0
37090,37091,467634660#0,3.877142857142857,0.21978021978021983
37094,37095,467634661#1,4.72,0.0
37096,37097,467634661#2,1.854285714285714,0.7252747252747253
37098,37099,467634661#3,4.538461538461538,0.9353846153846149
37100,37101,467634661#4,3.7243749999999998,0.3941532258064515
37102,37103,467634661#5,3.812307692307692,0.18461538461538463
37104,37105,467634661#6,1.77,0.257142857142857
37106,37107,467634661#7,11.799999999999999,1.3333333333333333
37108,37109,467634661#8,7.08,0.0
37110,37111,469737222,17.7,1.0
37114,37115,469737225#0,2.697142857142857,1.571428571428571
37116,37117,469737225#1,3.54,0.75
37118,37119,469737226,7.08,0.0
37124,37125,47067279,8.26,0.0
37126,37127,472368139,3.8516981132075467,1.928882438316401
37128,37129,472368140,4.72,1.9016393442622948
37130,37131,472368141,4.05304347826087,1.1660079051383396
37132,37133,472368142,5.255031055900621,0.8118788819875778
37134,37135,472368143,2.765074626865671,0.6834011759384891
37136,37137,472368144,2.467272727272727,0.38047138047138035
37138,37139,472368145,6.108235294117647,1.2794117647058825
37140,37141,472368146,4.084615384615384,1.2692307692307692
37142,37143,472368151,4.854430379746835,1.4612138915936381
37144,37145,472368152,5.695642458100559,2.9642207017764104
37150,37151,475496141#0,3.835,0.9166666666666666
37152,37153,475496141#1,6.194999999999999,0.24999999999999992
37154,37155,475496141#2,6.194999999999999,0.25
37158,37159,475886450,8.58181818181818,1.4181818181818182
37162,37163,480213874#1,1.6338461538461537,0.42307692307692313
37164,37165,481432711,21.07142857142857,131.14285714285714
37170,37171,4819338#1,8.300689655172413,23.47706146926536
37172,37173,4819338#2,4.288292682926829,0.8240703718512592
37174,37175,4819338#3,1.4289062499999998,0.24649360236220477
37176,37177,4819338#4,7.860472440944881,0.7654043244594427
37178,37179,48234439#4,23.206666666666667,1.333333333333334
37180,37181,4826080,10.282857142857141,1.2380952380952384
37182,37183,4826092#0,2.9704624277456646,0.2504230543687692
37184,37185,4826092#1,1.3511178247734137,0.12436143916506463
37186,37187,4826092#2,2.4836526946107784,0.14213914513315717
37188,37189,4826092#3,1.0563809523809524,0.11337434495329236
37190,37191,4826092#4,2.3458964143426293,0.27585657370517935
37192,37193,482729033,10.62,28.666666666666668
37194,37195,48444993,11.67109243697479,2.047286711294687
37196,37197,484875201#1,10.39956043956044,5.417178409825468
37198,37199,484875201#2,61.11038461538461,91.9743837243838
37200,37201,484875201#3,30.09,16.746575342465754
37202,37203,484875201#4,37.502545454545455,15.321885521885521
37204,37205,484875201#5,97.68486486486486,275.22972972972974
37206,37207,484875201#6,31.21636363636363,9.402597402597403
37208,37209,486362408,5.8999999999999995,1.0
37210,37211,48742425#0,13.426654929577465,4.316786521598727
37212,37213,48742425#1,1.4843816254416962,0.22360924356609038
37214,37215,48742425#2,2.7124675324675325,0.3585670834741465
37216,37217,48742425#3,8.14304424778761,1.1816481516349706
37220,37221,490041772,43.42399999999999,27.955555555555552
37222,37223,4942376#1,40.611666666666665,123.90151515151514
37224,37225,4942407,23.52179169701384,6.360764345276133
37226,37227,4942408,30.5744259699129,4121.972179036904
37228,37229,4942575#0,28.58621951219512,32.37737912766557
37230,37231,4942575#1,3.1335312306740875,1.7618397043786034
37232,37233,4942575#2,16.150149253731342,1.8208026451439132
37234,37235,4942575#3,24.11388343156516,279.86067903126013
37236,37237,4942575#4,15.902864651773982,336.7006542655994
37238,37239,4942659#0,11.7555252606255,6.506603971522023
37240,37241,4942659#1,10.580064464141822,1.195627875542618
37242,37243,49887169#1,31.47296,14.609290322580653
37244,37245,49887169#2,4.766825396825396,0.5344126984126986
37246,37247,49887169#3,4.050496453900709,0.47578520770010135
37250,37251,500252910#1,1.18,0.0
37252,37253,500252912#0,1.77,0.8181818181818183
37254,37255,500254610#1,1.5733333333333333,0.3333333333333333
37256,37257,500254611#0,4.326666666666666,0.33333333333333337
37258,37259,50191615#1,7.08,0.0
37260,37261,50192291#0,1.8236363636363635,0.5454545454545453
37262,37263,50192291#1,8.26,2.0
37264,37265,50192291#2,5.562857142857142,2.2380952380952377
37266,37267,50192291#3,1.3275,0.125
37268,37269,50192291#4,3.4416666666666664,1.537878787878788
37270,37271,50192291#5,1.2872727272727271,0.09090909090909091
37272,37273,50192291#6,1.5018181818181817,0.21818181818181817
37274,37275,50192291#7,1.534,0.23333333333333334
37276,37277,50192291#8,2.596,0.17777777777777773
37278,37279,50192501#0,2.36,0.25
37280,37281,50192501#1,7.08,0.0
37286,37287,50299718,4.551428571428572,2.476190476190476
37288,37289,506207150,29.150614525139662,5.973636306572093
37290,37291,507836375,10.983076923076924,4.397435897435897
37292,37293,507836379,13.409090909090908,1.054545454545455
37294,37295,50833756#1,53.95222222222222,12.800653594771232
37296,37297,50833756#2,96.09133333333334,89.15057471264369
37298,37299,51244813#2,18.88,0.0
37300,37301,51244813#5,15.958365384615384,0.8013517279821621
37302,37303,51244813#6,6.6421719457013575,0.8344302756067465
37304,37305,51244813#7,14.75,3.3059866962305966
37306,37307,51244813#8,3.3634836065573768,0.49708402060120543
37308,37309,51262567#0,7.51752808988764,0.41777323799795707
37310,37311,51262567#1,7.477752808988764,0.5669050051072525
37312,37313,51262567#2,24.886067415730334,4.696373850868233
37314,37315,51262567#3,8.7556,1.3975757575757584
37316,37317,51262568,6.071014492753623,0.27280477408354664
37318,37319,51450980#0,4.72,0.5
37320,37321,51450980#1,3.54,0.0
37322,37323,51450980#2,2.36,0.0
37326,37327,51450980#4,4.72,0.25000000000000006
37328,37329,51450980#5,3.933333333333333,4.333333333333333
37330,37331,51450980#6,2.36,0.0
37334,37335,515573829,16.52,0.0
37336,37337,515573959,4.72,18.0
37338,37339,515574067,15.143333333333333,1.7666666666666668
37352,37353,51560242#0,3.54,0.0
37354,37355,51560242#1,3.54,0.0
37356,37357,51560242#10,2.36,0.0
37360,37361,51560242#12,4.72,0.0
37362,37363,51560242#13,1.888,0.3
37364,37365,51560242#14,1.18,0.0
37366,37367,51560242#2,1.416,0.39999999999999997
37368,37369,51560242#3,1.6224999999999998,0.25
37370,37371,51560242#4,4.351249999999999,0.49583333333333346
37372,37373,51560242#5,4.266153846153846,0.4230769230769231
37374,37375,51560242#7,4.084615384615384,0.2692307692307691
37376,37377,51560242#8,4.425,0.5681818181818181
37378,37379,51560242#9,4.447692307692307,0.19230769230769237
37380,37381,51560244#0,2.467272727272727,0.490909090909091
37382,37383,51560244#1,4.505454545454546,0.16363636363636364
37384,37385,51560244#2,2.6705263157894734,1.6491228070175439
37386,37387,51560244#3,3.54,1.3846153846153846
37388,37389,51560244#4,3.54,1.8181818181818181
37390,37391,51560244#5,3.9614285714285713,0.2472527472527472
37392,37393,51560245,11.799999999999999,0.0
37394,37395,51560246#0,2.832,0.29999999999999993
37396,37397,51560246#1,16.52,2.0
37398,37399,51560246#2,3.2449999999999997,0.24999999999999997
37404,37405,51560557#0,10.62,1.0
37410,37411,51560614#1,3.8677777777777775,0.5653594771241831
37414,37415,51561014,14.16,0.0
37420,37421,51743953#1,9.348926174496643,0.9401509502180649
37422,37423,51743953#2,6.199742765273312,0.8997821802717558
37424,37425,51743953#3,1.274855305466238,0.11287210870241675
37426,37427,51745097#0,10.314328165374677,26.11320192954938
37428,37429,51745097#0.53,7.759625080801551,12.971426564456014
37430,37431,51745097#1,3.246908150064683,4.748621978840896
37436,37437,51856495#1,20.024776119402983,77.90818634102217
37438,37439,51856496#0,3.679569892473118,0.27933613838242166
37440,37441,51856496#1,1.2604545454545453,0.15621734587251826
37442,37443,51856496#10,1.373090909090909,0.13811509591326113
37444,37445,51856496#2,4.465227272727272,0.4700888192267506
37446,37447,51856496#3,13.228421052631578,1.981754385964911
37448,37449,51856496#4,6.0258666666666665,0.3398198198198196
37450,37451,51856496#5,3.954255319148936,1.1334934797529166
37452,37453,51856496#6,3.4338,0.5877777777777777
37454,37455,51856496#7,0.8967999999999999,0.22464646464646457
37456,37457,51856496#8,3.1109090909090904,0.8940783986655546
37458,37459,51856496#9,5.824909090909091,0.4638031693077564
37460,37461,51857517#0,3.3383544303797468,0.22044408079446845
37462,37463,51857517#0.59,5.069961977186311,34.54898573661963
37464,37465,51857517#1,10.448010139416983,162.8454800460647
37466,37467,51857519#0,9.175327102803738,4.2687025580272895
37468,37469,51872702,15.487499999999999,2.048387096774195
37470,37471,51872703,10.61792618629174,4.818658877694991
37472,37473,51872705#0,3.8939999999999997,0.4555555555555553
37474,37475,51872715,89.67999999999999,0.0
37476,37477,51890699#0,31.757391304347827,11.901185770750992
37478,37479,51890699#1,15.34,0.6666666666666666
37482,37483,51890700#0,59.485882352941175,35.63235294117647
37484,37485,51890700#1,54.11142857142856,16.809523809523807
37486,37487,51890708#0,2.697142857142857,0.6813186813186813
37488,37489,51890708#1,7.929599999999999,1.2933333333333332
37490,37491,51890709#0,1.5171428571428571,0.5714285714285715
37492,37493,51890709#2,9.44,0.0
37496,37497,521665299,12.717777777777778,1.3594771241830068
37498,37499,521666263,9.046666666666667,0.33333333333333326
37500,37501,522856657,26.9925,3.5535714285714275
37502,37503,523096471,2.36,3.0
37506,37507,523096473,2.36,3.0
37508,37509,523096474,2.36,0.0
37510,37511,523500301,7.276666666666666,0.9666666666666666
37512,37513,523500303,8.26,0.6666666666666666
37514,37515,523500304,7.08,0.0
37516,37517,523500307,5.8999999999999995,0.0
37520,37521,52513194,3.54,0.0
37522,37523,52513195,0.9833333333333333,0.16666666666666669
37524,37525,52513815,3.4684848484848483,0.24621212121212127
37526,37527,52564193#1,2.9106666666666667,0.5523809523809524
37528,37529,52564193#2,7.473333333333333,0.75
37530,37531,52572753#0,4.9559999999999995,0.5894736842105263
37532,37533,52572753#1,3.5989999999999998,0.36578947368421055
37534,37535,52572753#2,9.112222222222222,1.0359477124183005
37536,37537,52572753#3,2.7533333333333334,0.23529411764705882
37538,37539,52918687#0,16.126666666666665,2.3333333333333326
37540,37541,52918687#2,9.984615384615385,1.7692307692307685
37542,37543,52918687#4,28.32,0.0
37544,37545,52918687#5,7.08,1.0
37554,37555,53396619#3,7.965,0.25
37556,37557,53396619#4,8.85,0.3333333333333333
37558,37559,53396619#6,15.677142857142858,1.238095238095238
37562,37563,53396623#0,7.866666666666666,0.6666666666666665
37564,37565,53396623#1,2.36,0.0
37566,37567,53399445#1,4.303529411764705,4.823529411764705
37568,37569,53399445#10,4.045714285714285,0.6476190476190473
37570,37571,53399445#11,3.8785245901639342,3.594702614821841
37572,37573,53399445#13,5.6587555555555555,4.663373015873018
37574,37575,53399445#2,3.8039473684210527,0.3092982456140349
37576,37577,53399445#3,3.8635483870967744,0.36620835536753044
37578,37579,53399445#4,4.078245614035088,0.2882205513784461
37580,37581,53399445#5,3.134375,0.9425403225806451
37582,37583,53399445#6,25.543529411764705,7.617647058823529
37584,37585,53399445#7,4.72,1.733333333333333
37586,37587,53399445#8,3.802222222222222,0.17777777777777778
37588,37589,53399445#9,3.6435087719298243,2.4028822055137846
37592,37593,53534122#1,40.71,4.5
37600,37601,537262426#1,6.883333333333333,0.9666666666666666
37602,37603,53795883#0,8.338666666666667,3.0666666666666678
37604,37605,53795883#1,12.160555555555554,2.2753968253968244
37606,37607,53795883#10,14.450163934426229,1.542338436526217
37608,37609,53795883#2,13.254418604651162,3.1827242524916977
37610,37611,53795883#3,9.088070175438597,0.9630325814536341
37612,37613,53795883#4,10.168823529411764,1.1352063213345036
37614,37615,53795883#5,6.923469387755102,0.44613928045445
37616,37617,53795883#6,13.838181818181816,1.209341117597999
37618,37619,53795883#8,12.356422764227641,2.9889377582300396
37620,37621,53898183#0,23.364,4.699999999999998
37622,37623,53898183#1,4.72,0.0
37624,37625,53898183#2,5.31,0.5
37630,37631,53898206,5.8999999999999995,0.0
37632,37633,54033673#0,4.395645959318307,1.6075697729201162
37634,37635,54033673#0.34,6.964529961517317,14.611981099154441
37636,37637,541286865#1,6.470967741935483,0.2866208355367531
37638,37639,541286865#2,25.76967741935484,5.022739291380223
37640,37641,54154921#0,15.205438596491227,56.33201366247477
37642,37643,54154921#2,2.933761467889908,0.32619775739041823
37644,37645,54154921#3,6.911428571428571,13.296703296703292
37646,37647,54154922#1,7.733577586206896,3.216079864598449
37648,37649,54154969#0,8.312154696132596,21.998035604665446
37650,37651,54154969#1,4.326666666666666,1.1955307262569825
37652,37653,54154969#2,5.778152173913043,0.43190187693038706
37654,37655,54154969#3,2.317349397590361,0.2047462577583059
37656,37657,54154970,7.533846153846154,1.0897435897435899
37658,37659,54154971,6.128387096774193,2.1785527462946814
37660,37661,54169231#0,20.734285714285715,1.2857142857142867
37662,37663,54169231#1,8.428571428571429,0.4761904761904761
37664,37665,54169231#2,10.915,1.5833333333333337
37666,37667,54169241#1,11.732571428571427,721.1142857142858
37668,37669,54169241#2,6.038823529411764,1.7352941176470584
37670,37671,54169241#3,2.242,0.3222222222222222
37672,37673,54169241#4,20.142599999999998,104.59101010101014
37674,37675,54169280#0,6.574646680942184,2.835237054258057
37676,37677,54169280#1,13.888859132297805,2.419305578758039
37678,37679,54169280#2,5.5840645161290325,0.8287598257821585
37680,37681,54169280#3,9.78466917697687,10.611622045256228
37682,37683,54169280#5,4.982007637752318,7.450125310596369
37684,37685,54169280#5.31,5.506021857923497,19.915253938519363
37686,37687,54169287#1,5.192,0.3
37690,37691,542617943,1.6456704980842911,0.23981727085175367
37692,37693,542630099,5.316911608093717,3.7662236512553595
37694,37695,542635729#1,61.45332727272727,9560.045604268336
37696,37697,542642192,4.414588235294118,0.28935574229691874
37698,37699,542650138,6.817587209302325,3.265418604651165
37700,37701,542650138.26,2.656721120186698,0.8106371007349259
37702,37703,542650762,22.184,1.1999999999999993
37704,37705,542650763#0,8.234257565095003,0.7917772645726558
37706,37707,542650763#1,7.767151943462897,0.6026579235409661
37708,37709,542650763#1.87,9.689036827195466,27.63366948882009
37712,37713,542727960#0,43.956416,8087.544534187351
37714,37715,542730346#1,9.980123711340205,4.304197121062206
37716,37717,542760419#0,5.8999999999999995,4.4
37718,37719,542760419#1,7.922857142857143,2.238095238095238
37720,37721,542760419#2,7.866666666666666,2.333333333333333
37722,37723,542769268,4.1364835164835165,0.3194139194139194
37724,37725,542769269#0,3.796521739130435,0.17786561264822134
37726,37727,542769269#1,12.068181818181817,0.5649350649350652
37728,37729,542769272#0,32.64666666666667,20.333333333333336
37730,37731,542769272#1,2.832,1.3
37732,37733,542769272#2,21.24,0.0
37734,37735,542769273#0,3.8975757575757575,1.0928030303030296
37736,37737,542769273#1,36.894666666666666,8.638095238095238
37738,37739,542769274,3.4219999999999997,0.10000000000000006
37740,37741,542769275#0,44.50285714285714,766.2197802197802
37742,37743,542769276#0,15.982513089005234,71.88143869329404
37744,37745,542806889,10.686666666666666,13.587699024139715
37746,37747,542806891#1,6.903,1.6987341772151907
37748,37749,54462051#1,15.635,1.357142857142856
37750,37751,54606419#0,10.50653846153846,0.7944947209653092
37752,37753,54606419#1,3.61695652173913,0.10676328502415462
37754,37755,54606419#2,4.668695652173913,0.3091787439613525
37756,37757,54606419#3,33.890697674418604,4.777408637873758
37758,37759,54606432#0,2.744186046511628,0.22480620155038752
37760,37761,54606432#1,46.34930232558139,10.586932447397547
37762,37763,54606432#2,11.275555555555554,0.527777777777778
37764,37765,54606432#3,11.799999999999999,0.0
37768,37769,54638300,47.457454545454546,20.95151515151515
37770,37771,54828617#0,18.88,4.800000000000001
37772,37773,54828618#1,2.2813333333333334,0.35238095238095235
37774,37775,54828618#2,15.487499999999999,16.41071428571429
37776,37777,54828621#0,10.915,1.5833333333333333
37778,37779,54828621#1,20.06,0.0
37780,37781,54828621#2,2.8762499999999998,2.662499999999999
37782,37783,54828621#3,1.5487499999999998,0.3625
37784,37785,54828622#0,1.8847222222222222,1.6805555555555556
37786,37787,54828622#1,1.2118918918918917,0.05405405405405405
37788,37789,54828622#2,7.001333333333333,0.673446327683616
37790,37791,54828622#3,5.090196078431372,0.4596078431372551
37792,37793,54828622#4,3.7595348837209297,0.8217054263565889
37794,37795,54828622#5,5.399393939393939,0.25189393939393934
37796,37797,54828622#6,1.2127777777777775,0.14206349206349206
37798,37799,54828622#7,9.771875,7.951388888888891
37800,37801,54828623#1,16.52,0.0
37802,37803,54828623#2,40.12,19.714285714285715
37804,37805,54828628,4.72,0.0
37806,37807,54828629,12.389999999999999,1.4666666666666666
37808,37809,54844250#0,31.538181818181815,72.58874458874459
37810,37811,54844250#1,21.476,38.622222222222234
37812,37813,54844250#2,8.26,4.571428571428572
37814,37815,54844252#0,34.57081081081081,13.603603603603606
37816,37817,54844252#1,21.46125,20.96250000000001
37818,37819,54844253#0,35.105,36.774193548387096
37820,37821,54844253#1,22.419999999999998,6.8
37822,37823,54844254#0,30.819999999999997,11.278784336645238
37824,37825,54844254#1,21.914285714285715,48.952380952380956
37826,37827,54844257,25.488,6.800000000000001
37828,37829,54844264#0,8.078461538461537,8.133603238866398
37830,37831,54844264#1,24.255555555555556,19.77777777777778
37832,37833,54844264#2,39.53,61.66666666666666
37834,37835,54844264#3,6.769473684210525,0.760233918128655
37836,37837,54844264#4,8.170943396226415,1.609579100145137
37838,37839,54844264#5,8.57235294117647,4.078138718173837
37840,37841,54844264#6,5.3710344827586205,4.840779610194905
37842,37843,54844264#7,7.134883720930232,6.991976064191487
37844,37845,54858973#0,17.77577981651376,31.55872596278442
37846,37847,54858974#0,53.038009216589856,11012.241702518406
37848,37849,549032836,6.525785381026439,2.4021162483103464
37850,37851,549401642#0,3.7009090909090907,0.40415584415584405
37852,37853,549401642#1,2.124,0.24634146341463398
37854,37855,549401642#3,37.00909090909091,58.33766233766234
37856,37857,55600044#0,21.664093178036605,3.537282307265669
37858,37859,55600044#1,24.824933774834435,4.845977068300881
37860,37861,55600044#2,7.737737104825292,0.743782584581253
37862,37863,55600046#0,13.19754189944134,1.4827399316267826
37864,37865,55600050,27.667052441229657,4.714993317084678
37866,37867,556434727#0,6.816426116838487,11.593398278634245
37868,37869,55686319,4.326666666666666,0.26666666666666666
37870,37871,55693689#1,3.7366666666666664,4.515151515151516
37872,37873,55693689#2,18.683333333333334,2.1666666666666665
37874,37875,55693689#3,3.54,0.0
37878,37879,55693694#3,4.72,0.0
37880,37881,55693698#0,15.93,0.5
37882,37883,55693698#1,23.403333333333332,4.966666666666667
37890,37891,55728606#0,17.11,0.3333333333333333
37892,37893,55728606#1,2.124,0.2
37894,37895,55728606#2,12.744,104.7
37900,37901,55728625#0,11.0625,15.410714285714286
37902,37903,55728625#1,26.432,31.299999999999997
37904,37905,56031014#0,17.994999999999997,2.9166666666666665
37906,37907,56031014#1,3.54,0.0
37910,37911,56045714,23.599999999999998,3.0
37912,37913,56045715,19.6175,6.267857142857141
37916,37917,56045717,18.61777777777778,3.944444444444444
37918,37919,56045718,21.24,0.0
37920,37921,56045721,12.979999999999999,1.0
37922,37923,56045725#1,4.195555555555555,8.277777777777779
37924,37925,56045725#2,10.915,0.25000000000000017
37926,37927,56045726#0,9.833333333333334,0.3333333333333335
37930,37931,56045727,5.8999999999999995,0.0
37932,37933,56045730#0,8.26,0.3333333333333334
37934,37935,56045730#1,8.26,7.2
37944,37945,560809620#0,1.18,0.0
37946,37947,560809620#1,10.62,0.0
37950,37951,560809623#1,1.18,0.0
37972,37973,561084561#0,4.72,0.0
37974,37975,561084561#1,15.34,0.0
37978,37979,561084563,1.18,0.0
37982,37983,566948820,21.83,4.5
37984,37985,56863461,24.235384615384618,4.174962292609351
37986,37987,57401083,30.174285714285716,5.285714285714286
37988,37989,57401085,8.26,0.4
37990,37991,57827547,5.113333333333332,0.33333333333333326
37996,37997,57827550,5.543255813953489,0.311184939091916
37998,37999,57827557,3.54,0.0
38002,38003,57827562#0,3.2449999999999997,0.20454545454545459
38004,38005,57827562#1,4.827272727272727,0.09090909090909094
38006,38007,57827563#0,4.13,0.83206106870229
38008,38009,57827563#1,8.056258992805756,1.0134501094776354
38010,38011,57827563#3,6.393758865248227,0.759371833839919
38012,38013,57827563#4,2.8162666666666665,0.4266666666666665
38014,38015,57827566#1,33.44846153846154,8.075384615384614
38016,38017,57827567,21.59913043478261,3.130434782608696
38018,38019,57827572,13.226976744186047,1.978959025470653
38020,38021,582810637,6.627337057728119,0.49808916312293233
38022,38023,582810638#1,7.340797101449275,0.5717535968857685
38024,38025,582810639#1,10.41391979301423,3.42412309218508
38026,38027,582810640,5.251487603305785,1.904368358913812
38028,38029,582810642#0,2.5798039215686273,1.103572121918074
38030,38031,582810642#1,2.554757281553398,0.6293546544831525
38032,38033,582810642#2,1.8948076923076922,0.2605489171023152
38034,38035,582810642#3,20.638653846153847,2.737770724421211
38036,38037,582810642#4,6.478653846153845,0.5047610156833459
38038,38039,582810643,11.11483870967742,4.63571990558615
38040,38041,582810645,5.8999999999999995,0.0
38044,38045,58295043,0.9657289002557544,0.15385857563087585
38046,38047,58622231#0,12.783333333333333,57.766666666666666
38048,38049,58622231#10,4.72,0.0
38050,38051,58622231#2,4.982222222222222,0.4444444444444444
38052,38053,58622231#3,2.832,0.2571428571428572
38054,38055,58622231#4,3.304,0.2
38056,38057,58622231#5,1.77,0.5
38058,38059,58622231#7,6.489999999999999,0.5
38060,38061,58622231#8,1.18,0.0
38062,38063,58622231#9,15.93,1.6666666666666667
38064,38065,58622232#0,30.68,8.551724137931034
38066,38067,58622232#1,20.397142857142853,2.681318681318681
38072,38073,58622232#4,1.18,0.0
38074,38075,58622232#5,2.0977777777777775,0.4444444444444444
38082,38083,589179136,25.828888888888887,4.6111111111111125
38084,38085,589179144,2.868467336683417,0.2681757845832937
38086,38087,591545485#1,2.3357201646090533,0.24337652620480912
38088,38089,591726489,28.32,4.0
38090,38091,591898302#0,4.830133333333333,0.19387387387387375
38092,38093,591898302#1,12.296842105263156,1.0350877192982455
38094,38095,591898302#10,3.2449999999999997,0.25
38096,38097,591898302#2,5.8999999999999995,0.0
38098,38099,591898302#3,2.36,0.0
38100,38101,591898302#5,7.08,2.0
38102,38103,591898302#6,10.62,0.0
38104,38105,591898302#7,2.36,0.0
38106,38107,591898302#8,8.26,0.0
38108,38109,591898302#9,5.8999999999999995,0.0
38110,38111,591899018#0,4.439047619047619,0.5904761904761906
38112,38113,591899018#1,2.135238095238095,0.1619047619047619
38114,38115,591899019,11.013333333333334,0.3333333333333335
38116,38117,591899020#0,1.2474285714285713,0.29075630252100854
38118,38119,591899020#1,2.36,0.2727272727272727
38120,38121,591899020#2,0.6436363636363636,0.2597402597402598
38122,38123,591899020#3,1.6627272727272728,0.2532467532467533
38124,38125,594229006,1.7720629370629368,0.2537152261561709
38126,38127,595914500,13.485714285714286,19.952380952380953
38128,38129,595914502,2.9499999999999997,0.5
38130,38131,595914503#0,8.063333333333333,0.16666666666666674
38136,38137,596846686#0,6.5210526315789465,0.4853801169590644
38138,38139,596846686#1,7.735555555555555,0.496732026143791
38140,38141,596846686#2,10.226666666666665,0.8095238095238096
38142,38143,596846686#3,3.2253333333333334,0.2095238095238095
38144,38145,596846686#4,6.608,1.9714285714285715
38148,38149,596846692,4.607619047619047,0.3904761904761905
38150,38151,60064938#0,7.912941176470588,0.9705882352941175
38152,38153,60064938#1,5.4575,0.65
38154,38155,60064938#2,5.6854545454545455,0.5636363636363637
38156,38157,60064938#3,8.555,0.7857142857142856
38158,38159,60064938#4,2.163333333333333,0.5666666666666667
38160,38161,60066780,26.818181818181817,58.81818181818183
38162,38163,60100821#0,10.018867924528301,1.204672057502247
38164,38165,60100821#1,6.144504504504504,0.5475839475839476
38166,38167,60100821#3,7.95171171171171,1.1038493038493036
38168,38169,60100821#4,14.213153153153153,104.33431613431615
38170,38171,60135599#1,19.286896551724137,38.733990147783246
38174,38175,602098904#2,2.556666666666666,0.16666666666666669
38176,38177,602098904#3,3.1466666666666665,0.2666666666666666
38180,38181,602098904#5,3.54,0.0
38182,38183,602098904#6,3.54,0.0
38184,38185,602098904#7,12.979999999999999,0.0
38194,38195,60931370,2.4207878787878787,0.3797397342162141
38198,38199,60995199#2,109.74,0.0
38200,38201,60995199#3,70.56757575757575,33.883682983683
38202,38203,611319803,63.72,53.2
38206,38207,611319805,28.766969696969696,19.008158508158512
38208,38209,611319807#0,2.3681944444444447,0.1887626262626262
38210,38211,611319807#2,15.29845070422535,2.062581160723205
38212,38213,611319807#3,1.0700621118012423,0.3850155279503104
38214,38215,611319808#0,2.9166037735849057,0.2634344399331261
38216,38217,611319808#1,2.983821656050955,0.3020578147966682
38218,38219,611319808#2,9.792467532467533,1.1912401324166029
38220,38221,611319809#0,2.405384615384615,0.0769230769230769
38222,38223,611319809#1,1.18,0.08695652173913043
38224,38225,611319809#2,3.057272727272727,0.24735729386892175
38226,38227,611319809#3,3.0155555555555553,0.4343434343434344
38228,38229,611319809#4,4.3936170212765955,0.595744680851064
38230,38231,611319809#6,14.216190476190475,8.095238095238098
38232,38233,611319809#7,1.8816216216216215,0.4144144144144144
38234,38235,611319810,34.73625,11.932539682539684
38236,38237,611319811#1,23.305,2.214285714285713
38240,38241,611319827,15.102540753232153,7.74913232810486
38242,38243,611569239#0,3.54,1.1428571428571428
38248,38249,611569261,4.72,8.0
38250,38251,611569263,4.13,4.5
38252,38253,611569275,12.193333333333333,1.0666666666666664
38256,38257,611624472,2.832,0.30000000000000004
38258,38259,611624476#1,5.782,0.5444444444444445
38260,38261,611624476#3,2.7139999999999995,0.23333333333333328
38262,38263,612075145#0,3.0005714285714284,2.6084033613445388
38264,38265,612075145#1,1.2744,0.07666666666666667
38266,38267,612075145#2,11.294285714285714,0.7724867724867726
38268,38269,612075145#3,1.8792592592592592,0.2507122507122507
38270,38271,612075153#0,349.06076502732236,47200.734522308296
38272,38273,612075155#0,2.0494736842105263,0.22315789473684206
38274,38275,612075155#1,7.67,0.7153846153846152
38276,38277,612075155#2,10.481176470588235,1.9262510974539062
38278,38279,612075155#3,25.886249999999997,5.129166666666666
38280,38281,612075155#4,3.131538461538461,0.8753846153846152
38282,38283,612075156,4.2050909090909085,0.3245791245791245
38284,38285,612075157,4.8773333333333335,0.25747126436781614
38286,38287,612075158#1,3.3254545454545457,0.92027972027972
38288,38289,612075159#0,3.4819672131147543,1.214207650273224
38290,38291,612075159#1,40.13638888888888,89.81670579029729
38292,38293,612084388,7.552,0.8285714285714286
38294,38295,612084392,16.52,0.0
38296,38297,612084394,7.08,0.0
38298,38299,612084395,4.916666666666667,0.6176470588235293
38300,38301,612084401#1,14.878260869565215,3.124040920716112
38304,38305,61318930#1,1.0727272727272725,0.2909090909090909
38306,38307,61318930#2,1.8236363636363635,0.27272727272727276
38308,38309,61318930#3,5.6854545454545455,0.3636363636363639
38310,38311,61326419,4.901538461538462,0.1410256410256411
38312,38313,61326424#0,54.67333333333333,26.74999999999999
38314,38315,61326424#1,4.064444444444445,0.2777777777777778
38316,38317,61326427#0,25.369999999999997,1.6666666666666667
38318,38319,61326427#1,24.779999999999998,0.6666666666666664
38322,38323,614738714,1.77,0.5
38328,38329,614738717,7.08,0.0
38330,38331,614738718#0,8.26,0.0
38334,38335,614738718#2,1.3485714285714285,0.14285714285714285
38336,38337,614738718#3,3.54,0.0
38340,38341,614738718#5,5.562857142857142,0.2380952380952381
38342,38343,614738719#0,2.9499999999999997,0.5
38344,38345,614738719#1,7.67,0.5
38346,38347,614738719#2,3.2777777777777777,0.44444444444444453
38348,38349,614738719#3,3.6711111111111108,0.36111111111111105
38350,38351,614738719#4,3.4613333333333327,0.2095238095238095
38352,38353,614738719#5,3.54,0.6153846153846155
38354,38355,614738719#6,9.616999999999999,2.9763157894736847
38356,38357,614738720,13.504444444444443,2.0277777777777772
38358,38359,614738721,4.72,0.0
38362,38363,61595541,41.3,0.0
38364,38365,61671904,5.907853577371048,0.963288962839712
38366,38367,61687506,4.72,0.0
38368,38369,617083035,1.18,0.0
38374,38375,61909838#1,7.866666666666666,0.2666666666666668
38376,38377,61909838#2,2.163333333333333,0.16666666666666669
38378,38379,61909838#3,2.36,0.4
38380,38381,61909838#4,10.226666666666665,5.066666666666668
38382,38383,61909838#5,8.024,0.7
38386,38387,61940355,14.593242095327984,7.9151812750415536
38388,38389,61940356,4.137748592870544,0.3730211485416291
38390,38391,62011795,3.54,0.0
38392,38393,62011796#0,6.489999999999999,0.5714285714285713
38396,38397,62011798#0,7.67,5.428571428571429
38398,38399,62011798#1,17.11,2.884615384615384
38400,38401,62011799#0,1.18,0.0
38408,38409,620167544,19.771020408163263,5.309477215543753
38416,38417,623402296#2,13.530666666666667,0.26666666666666655
38418,38419,623402297#0,9.44,0.0
38420,38421,623402297#1,13.766666666666666,0.33333333333333304
38422,38423,623402297#2,14.16,0.0
38424,38425,624350642,12.252655737704918,1.3490724762726496
38426,38427,627181816,0.49166666666666664,0.3405797101449275
38428,38429,627181817,3.304,0.20000000000000004
38430,38431,627181818#0,17.546218057921635,245.46381967348844
38432,38433,627181818#0.45,13.47954003407155,230.01074212367706
38434,38435,631766893,38.70399999999999,10.2
38436,38437,631839135#0,1.18,0.0
38440,38441,631839138#0,1.18,0.0
38442,38443,631839138#1,10.62,0.0
38446,38447,633628836,22.22333333333333,6.166666666666669
38448,38449,636801029,23.993333333333332,2.333333333333332
38450,38451,63709069#0,5.6049999999999995,0.24999999999999992
38452,38453,63709069#1,3.877142857142857,1.5714285714285714
38454,38455,63709074,11.726249999999999,2.062499999999999
38456,38457,63709075#0,2.697142857142857,0.5714285714285714
38460,38461,63709077,4.72,0.0
38464,38465,63709081,31.86,1152.0
38466,38467,63709082#0,25.763333333333332,4.566666666666667
38468,38469,63709082#1,3.54,0.0
38470,38471,63709082#2,12.586666666666666,1.5151515151515154
38472,38473,638602238,12.032131147540982,1.4273224043715846
38474,38475,638758710#1,5.192,8.3
38476,38477,640370488,9.243333333333332,0.9666666666666666
38478,38479,640370489,9.44,0.0
38480,38481,640370491,8.653333333333332,5.1515151515151505
38482,38483,640370546,13.569999999999999,43.0
38484,38485,640370561,11.799999999999999,0.0
38486,38487,64080426#0,4.13,0.5
38488,38489,64080426#1,2.36,0.0
38490,38491,64089736,7.67,15.097101449275378
38492,38493,64092194,13.766666666666666,85.33333333333334
38514,38515,643314345,48.379999999999995,30.5
38516,38517,64388187#0,3.54,0.0
38518,38519,64442509#0,6.8467949666913395,0.5512832743920835
38520,38521,64442509#1,1.6101262063845583,0.2407308740682882
38522,38523,64442509#2,20.280278184480235,3.828130044674694
38524,38525,64442509#3,47.17227606461087,259.1030478798413
38526,38527,644489725#1,4.916666666666667,3.366666666666667
38528,38529,644489725#2,2.491111111111111,0.8611111111111112
38534,38535,64464377#1,17.175555555555555,7.252525252525254
38536,38537,64464377#2,6.529333333333333,0.2666666666666665
38538,38539,64464377#3,2.275714285714286,0.2252747252747254
38540,38541,64464405,37.94281690140845,543.5089024714323
38542,38543,64464420,12.312430278884461,2.9603003035193587
38544,38545,64464430,15.82658426966292,234.61379532614598
38548,38549,65047492#0,8.555,6.916666666666667
38550,38551,65047492#1,21.594,36.455555555555556
38552,38553,65047492#2,25.454285714285714,2.61904761904762
38554,38555,65047492#3,1.5018181818181817,0.6181818181818179
38556,38557,65047492#4,10.557894736842105,9.274853801169591
38558,38559,65047492#5,15.870999999999999,0.7868421052631581
38560,38561,653473568#0,2.1126820603907634,0.1944274128809188
38562,38563,653473568#1,7.442593250444049,0.5833454485692438
38564,38565,653473569#0,1.643197158081705,0.23887663318647567
38566,38567,653473569#2,16.79246891651865,1.4839541601613109
38568,38569,653473569#3,6.811245551601423,0.46140280764521885
38570,38571,653473569#4,3.903238434163701,0.2740562417137673
38572,38573,653473569#5,4.699003558718861,0.3276685633813539
38574,38575,653473569#6,2.561925133689839,0.18137891520244484
38576,38577,653473569#7,7.480357142857143,90.89362381804236
38578,38579,659389376#1,8.85,0.5
38580,38581,659389384,28.47569444444444,5.961489898989896
38582,38583,666132823#0,2.36,0.0
38584,38585,666132823#1,18.698461538461537,4.141025641025641
38586,38587,666132823#2,2.9499999999999997,0.29999999999999993
38590,38591,666132824,22.026666666666667,2.2500000000000013
38592,38593,666132825#0,24.189999999999998,4.333333333333333
38594,38595,666132825#1,3.54,0.0
38600,38601,672008256,29.237777777777776,4.694444444444445
38604,38605,67237927,22.419999999999998,0.0
38606,38607,67237928#0,18.631578947368418,2.9110386585933865
38608,38609,67237928#1,6.962,0.47303370786516874
38610,38611,67237928#2,17.12475,82.83528481012658
38612,38613,67237947#1,6.078787878787878,2.132575757575758
38614,38615,67237950,12.783333333333333,0.16666666666666657
38616,38617,67237955#0,10.58,0.8264172998246649
38618,38619,67237955#1,1.5128205128205128,0.2604588394062078
38620,38621,67237955#2,21.889,3.207894736842105
38624,38625,67237958#1,14.802444444444443,2.56541822721598
38626,38627,67237958#2,1.547111111111111,0.21672908863920098
38628,38629,67237958#3,1.7831111111111109,0.2526841448189763
38630,38631,67237958#4,3.1466666666666665,0.36947791164658633
38632,38633,67237958#5,2.52,0.1881940385739334
38634,38635,67237962,33.82666666666667,0.33333333333333304
38636,38637,67237970#0,5.572222222222222,0.26349206349206356
38638,38639,67237970#1,3.4744444444444444,0.2825396825396827
38640,38641,67237970#3,5.342777777777777,0.31349206349206354
38646,38647,67237972#2,1.18,0.0
38648,38649,67237972#3,1.18,0.0
38650,38651,67237972#4,3.2449999999999997,0.9166666666666669
38652,38653,67237972#5,3.0342857142857143,0.28571428571428564
38654,38655,67237972#6,4.214285714285714,0.28571428571428575
38656,38657,67237972#7,3.776,0.7
38664,38665,67237979#0,2.36,0.0
38666,38667,67237979#1,9.833333333333334,0.3333333333333335
38668,38669,67237979#2,23.206666666666667,386.33333333333337
38670,38671,67237985#0,7.754285714285714,1.9571428571428573
38672,38673,67237985#1,33.37714285714286,3.571428571428573
38676,38677,67237994,25.959999999999997,4.4
38680,38681,67238004,36.58,0.0
38688,38689,67238006#3,3.304,0.20000000000000004
38690,38691,67238006#4,2.832,0.48888888888888893
38692,38693,67238006#5,5.074,0.23333333333333328
38694,38695,67238006#6,3.6711111111111108,0.11111111111111119
38696,38697,67238006#7,23.731111111111108,6.692810457516342
38700,38701,67238013,28.809268292682926,138.66546221017762
38702,38703,67238016#0,6.031111111111111,1.3611111111111112
38704,38705,67238016#1,3.9883999999999995,0.2812244897959187
38706,38707,67238016#2,5.132999999999999,0.5364406779661018
38708,38709,67238018#0,43.45176470588235,47.779411764705884
38714,38715,67238029#1,2.9499999999999997,0.42307692307692296
38716,38717,67238030,2.36,0.0
38720,38721,675026434#1,4.72,8.0
38726,38727,675026435#1,9.44,0.0
38728,38729,675026436#0,5.173846153846154,0.25641025641025644
38730,38731,675757784#0,8.85,19.0
38732,38733,675757784#1,12.127777777777778,0.8006535947712421
38734,38735,675757784#2,9.44,0.545454545454545
38736,38737,675757784#3,5.354408602150538,0.33824216923796163
38738,38739,675757784#4,4.440860215053763,0.8564749883122953
38744,38745,675757785#2,11.799999999999999,0.0
38746,38747,675757785#3,32.745,11.583333333333336
38748,38749,675757785#4,5.8999999999999995,0.6666666666666666
38756,38757,677165953#0,9.70222222222222,0.9444444444444444
38758,38759,677165953#1,33.04,4.5
38760,38761,677541740#0,6.630476190476189,2.747619047619048
38762,38763,677541740#1,17.404999999999998,3.5833333333333335
38764,38765,678309990#0,9.44,0.0
38766,38767,679514632,7.866666666666666,0.33333333333333326
38770,38771,682620734#1,4.72,0.0
38774,38775,682620737,8.26,0.0
38782,38783,682944656,2.36,0.0
38784,38785,69556532#0,4.13,0.30000000000000004
38786,38787,69556532#1,3.54,0.0
38788,38789,69556532#2,3.3433333333333333,0.16666666666666669
38790,38791,69556532#3,1.5171428571428571,0.5714285714285715
38794,38795,700272065,4.079553903345724,0.30450042574401376
38796,38797,700272066,7.488461538461538,1.2895927601809951
38798,38799,700272066.5,7.636005121638924,0.6828228109918242
38800,38801,700272067#0,17.213417402269858,140.88908950794203
38802,38803,700272068,2.5094227188081937,0.21154701353567368
38804,38805,700272069,10.065757575757576,2.3759906759906766
38806,38807,700272074#0,16.940775193798448,4.245254069015318
38810,38811,700272076#0,36.160192307692306,346.2120052277818
38812,38813,700272077,10.585294117647058,25.751601630751303
38814,38815,700668007#0,24.358571428571427,38.70879120879121
38816,38817,700668007#1,24.527142857142856,6.544973544973545
38818,38819,700668008,5.627692307692307,1.1923076923076927
38824,38825,701585562,3.54,0.0
38828,38829,708784615#0,2.36,0.0
38832,38833,708784615#2,1.77,0.5
38834,38835,708784616#1,12.399004016064257,1.6311716318650828
38836,38837,708784621,9.608571428571427,0.4761904761904765
38842,38843,708784624#1,2.36,0.0
38844,38845,708784625#1,3.202857142857143,0.23809523809523805
38846,38847,710645377#0,2.2211764705882353,0.4852941176470588
38848,38849,710645378,4.72,6.0
38850,38851,710645391,5.067058823529411,1.411764705882354
38852,38853,710645392,1.9446812227074235,0.24926405472256985
38854,38855,714371902,11.986315789473682,1.1403508771929827
38858,38859,71809618#0,5.5933858267716525,0.3749027419003453
38860,38861,71809618#1,2.692460317460317,0.23504395117940924
38862,38863,71809618#3,6.94841726618705,1.146365218294678
38864,38865,71809618#4,5.948074074074073,0.9983340217540958
38866,38867,71809618#5,20.358105263157896,675.0767976278725
38868,38869,718469828#1,4.79375,0.19583333333333333
38870,38871,718469828#10,8.26,1.3333333333333333
38872,38873,718469828#2,4.72,0.4000000000000001
38874,38875,718469828#3,2.989333333333333,0.2666666666666666
38876,38877,718469828#4,3.2253333333333334,0.6380952380952382
38878,38879,718469828#6,3.9614285714285713,0.40109890109890106
38880,38881,718469828#7,4.467142857142857,0.3351648351648352
38882,38883,718469828#8,5.782,0.9888888888888892
38884,38885,718469828#9,6.608,1.1555555555555554
38888,38889,718469829#1,12.979999999999999,0.0
38890,38891,718469830,33.99875,13.229166666666666
38892,38893,718481091#0,9.945714285714285,29.54621848739496
38894,38895,718481092,3.537223529411764,0.24602153515909003
38896,38897,718481093#0,4.2500077339520494,2.597427443318273
38898,38899,718481093#1,21.281299999999998,31.56734234234236
38900,38901,718481094#0,8.529982925441093,3.7699446276073765
38902,38903,718481095,17.783098591549294,82.80351613225454
38904,38905,718481096#0,4.714016901408451,0.48193594486876107
38906,38907,718481096#1,3.043333333333333,0.27101557584641933
38908,38909,718481096#2,8.256668548842462,0.6966021941703588
38910,38911,718481096#3,8.348550312677657,0.6997123844153351
38912,38913,718481097#1,10.123157894736842,4.257309941520469
38914,38915,718481097#2,3.2449999999999997,0.25000000000000006
38916,38917,718481097#3,3.54,0.0
38918,38919,718481098,1.3976174112256585,0.15287629916874224
38922,38923,718481100,3.117635532331809,0.28225560635750024
38924,38925,718481103#0,2.3291503267973854,0.06510147918816647
38926,38927,718481103#1,1.3715584415584416,0.16301672184025126
38928,38929,718481103#2,5.22,0.5710560625814863
38930,38931,718481103#3,13.850952380952378,9.17085714285714
38932,38933,718481107,5.6345,0.6403846153846156
38934,38935,718797712#0,102.42399999999999,60.7
38940,38941,718800194#0,9.59391304347826,1.75494071146245
38942,38943,718800194#1,85.44272727272727,61.96753246753242
38946,38947,718802450#0,15.34,1.0
38948,38949,718828178#1,63.16094405594405,1174.529959095196
38950,38951,718828179#0,7.976799999999999,0.7806451612903228
38952,38953,718828183#0,10.325,0.7857142857142859
38954,38955,718828183#1,5.355384615384615,1.7692307692307692
38956,38957,718828183#2,2.7533333333333334,0.3333333333333334
38958,38959,718828183#4,22.419999999999998,5.200000000000001
38960,38961,718828183#5,24.779999999999998,2.0
38962,38963,718828184#0,9.243333333333332,0.5666666666666667
38964,38965,718828184#1,9.964444444444444,9.437908496732026
38966,38967,718828185#0,9.203999999999999,1.4315789473684204
38968,38969,718828185#1,8.555,0.3863636363636363
38970,38971,718828185#2,20.846666666666668,1.0666666666666662
38972,38973,718828185#3,3.54,0.0
38974,38975,718828186#0,16.19222222222222,3.0359477124183014
38976,38977,718828186#1,2.655,0.33333333333333326
38978,38979,718844696,1.18,0.0
38980,38981,718844697#0,6.0685714285714285,0.4761904761904761
38982,38983,718844697#1,4.2775,1.9821428571428572
38984,38985,718844698#0,7.08,1.3333333333333328
38986,38987,718844698#1,0.6742857142857143,0.28571428571428575
38988,38989,718844698#2,8.26,1.666666666666666
38990,38991,718844698#3,5.62235294117647,2.941176470588236
38992,38993,718844698#4,1.5733333333333333,0.8405797101449274
38994,38995,718844698#6,5.041818181818181,0.8744588744588743
38996,38997,718844698#7,14.553333333333333,92.93333333333334
38998,38999,718850685#2,41.85603411513859,14.30098591292622
39000,39001,718850685#3,8.950669546436284,0.7540695445663042
39002,39003,718850686#1,8.91084375,1.6749584311424102
39004,39005,718850686#1.194,37.34450704225352,566.7143803258426
39006,39007,718850686#1.58,8.983881064162754,0.927154007289995
39008,39009,718850688,10.866114285714284,2.757038701113039
39010,39011,718850689,6.137378964941568,0.585228374218797
39016,39017,718926969#0,4.72,0.2500000000000002
39018,39019,718926969#1,9.787058823529412,0.8455882352941175
39020,39021,71900674#0,8.078461538461537,13.974358974358973
39022,39023,71900674#1,6.342499999999999,0.5535714285714285
39024,39025,71900674#2,4.588888888888889,2.111111111111111
39026,39027,71900674#3,14.514,1.5666666666666667
39028,39029,71900678,13.452,0.30000000000000004
39030,39031,719015092,5.015,0.25000000000000006
39032,39033,719015093,3.0788505747126433,0.26410050788559186
39034,39035,719015094#0,2.661860465116279,0.1926128590971272
39036,39037,719015094#1,3.100930232558139,0.2599179206566347
39038,39039,719015097,14.028888888888888,0.8611111111111113
39040,39041,719015099,10.390952130457652,4.259670533514218
39042,39043,719015101,5.028687999999999,3.192519455564454
39044,39045,719015101.12,1.4388630904723778,0.19382300712364772
39102,39103,72562655#0,72.27499999999999,36.25000000000001
39104,39105,72562655#1,10.03,0.3333333333333333
39106,39107,72562655#2,2.36,0.0
39108,39109,72562658,23.299135695764907,17.819882287146395
39114,39115,72562674#0,59.589999999999996,29.66666666666667
39116,39117,72562674#1,71.97999999999999,0.0
39122,39123,72562699,1.534,0.22105263157894733
39124,39125,72562708,7.945333333333333,0.6380952380952378
39126,39127,72562710,5.722999999999999,0.45
39128,39129,726080889#0,4.72,0.0
39130,39131,726080889#1,3.54,0.0
39132,39133,726080889#2,2.36,0.0
39134,39135,726080889#3,2.36,0.0
39136,39137,726080889#4,5.6049999999999995,3.0714285714285716
39138,39139,726080889#5,4.326666666666666,1.3333333333333335
39142,39143,726080896#1,6.031111111111111,0.36111111111111105
39144,39145,726080898#0,29.5,0.0
39148,39149,726514442#0,7.317811900191939,4.280459176140553
39150,39151,726514442#1,3.718582375478927,0.25152410998595404
39152,39153,726514443#0,6.10980906921241,3.623067096660135
39154,39155,726514443#1,4.546387559808612,0.2669498323926309
39156,39157,726514443#2.43,22.336739659367392,102.04130029546774
39158,39159,726514445,2.576056338028169,0.2909307698040092
39160,39161,726514446,1.6533018124507486,0.6583899491141578
39162,39163,726514447,13.274999999999999,342.9166666666667
39164,39165,726514448#0,9.44,0.0
39170,39171,726514449,5.475539568345323,0.4097035971223021
39172,39173,726514450,16.07107098381071,5.620277929726143
39174,39175,726514451#0,8.745882352941177,1.0073529411764706
39176,39177,726514451#2,2.773,0.8710526315789472
39178,39179,726514451#3,3.3433333333333333,0.33333333333333337
39180,39181,726514451#4,3.0483333333333333,0.6287878787878788
39182,39183,726514452#0,18.71646739130435,4.614781129843243
39184,39185,726514452#1,4.971475409836065,0.34576484043865346
39186,39187,726514453#1,10.427115384615384,5.147778192681105
39188,39189,726514453#2,11.684313725490195,1.534847602407299
39190,39191,726514453#3,5.719847328244275,0.6380504991192013
39192,39193,726514454,3.9259813084112145,1.2976547346147065
39194,39195,726515357,4.73937187723055,0.42758743754461065
39198,39199,726515361,2.0512149532710278,0.21389525656850655
39200,39201,726515362,3.176923076923077,0.22153846153846146
39202,39203,726515363,15.34,3.857142857142857
39204,39205,727164240,4.527749347258485,0.931644526656681
39206,39207,727164241#0,31.137910447761193,326.3319764812302
39208,39209,727164244,12.01086642599278,1.112673895587574
39210,39211,72883541#0,9.547272727272727,0.8909090909090907
39212,39213,72883541#1,6.41625,0.3789893617021279
39214,39215,72883541#2,16.085263157894737,0.4678362573099416
39218,39219,72883544#1,7.754285714285714,2.619047619047619
39220,39221,72883546,3.933333333333333,1.0666666666666667
39222,39223,72883554,4.001739130434783,0.3399209486166008
39224,39225,72883558#0,9.777142857142858,1.2380952380952386
39226,39227,72883558#1,3.1354285714285712,0.4672268907563025
39228,39229,72883559,62.54,0.0
39230,39231,737320746,2.689402332361516,1.5274134348956858
39232,39233,737320746.8,4.098307579102281,0.7457803266501285
39234,39235,737320747#1,5.681966001478196,0.38595144692705646
39236,39237,737320747#2,4.418908554572271,0.43373716923010014
39238,39239,737320747#3,4.763117076808352,0.3680668247131229
39240,39241,737320747#4,12.653598841419262,2.972706188542226
39242,39243,737320747#4.146,14.23615663524293,142.24474309332078
39244,39245,737320748#2,8.688856048166393,3.4132955167437933
39246,39247,746482758#0,16.126666666666665,2038.5142857142866
39248,39249,746482758#1,521.4944444444444,37788.68253968253
39250,39251,746483005#0,47.656415094339614,617.0203953279425
39252,39253,746483006#1,6.9111270125223605,4.574464128852723
39254,39255,746483006#2,3.9990828402366865,1.0054503616042076
39256,39257,746483006#3,5.0034061135371175,0.567596470902771
39258,39259,746483006#4,2.487288629737609,0.17812772658594223
39260,39261,746483006#5,8.951191860465116,94.16148530855423
39262,39263,746483006#6,27.37565597667638,331.5848758272858
39264,39265,746700169,6.226869806094182,0.3119421360418591
39266,39267,746700170#0,11.799999999999999,0.0
39268,39269,746700170#1,5.31,4.5
39270,39271,746700171,2.5627076222980656,0.7984741409916528
39272,39273,746700172#0,16.52,8.0
39274,39275,746700172#1,3.54,0.0
39276,39277,746700173#0,29.94891304347826,227.74518888096932
39280,39281,746700175,2.929655172413793,1.187192118226601
39282,39283,746700176,24.911111111111108,1.8611111111111118
39284,39285,746700179,3.091230425055928,0.6353066281437788
39286,39287,746700180#0,17.926812652068126,216.30474452554733
39288,39289,746700181#0,15.438104118104116,362.16804363771763
39290,39291,746700182,6.920898876404493,0.5605174940619566
39292,39293,746700183#1,5.529041916167664,3.7392989302294337
39294,39295,746700186#0,3.626764705882353,1.3825724319578576
39296,39297,746700186#2,9.102857142857143,68.31746031746032
39298,39299,747007933#0,6.293333333333333,1.4666666666666668
39300,39301,747007936,4.326666666666666,1.3333333333333333
39304,39305,747007938#0,35.4,28.0
39306,39307,747007938#1,23.599999999999998,0.0
39308,39309,747007938#2,4.72,0.0
39312,39313,747324456#0,8.48125,0.42916666666666675
39314,39315,747324456#1,35.4,0.0
39316,39317,747324457,3.2720524017467247,0.3692637707806637
39320,39321,749560258,34.22,9.0
39322,39323,749560259#1,4.827272727272727,0.09090909090909091
39324,39325,749560260,5.475199999999999,0.5616326530612245
39326,39327,749560261,5.984285714285714,0.47308488612836436
39328,39329,749560262,1.8969186046511626,0.2624499966099398
39330,39331,749560262.18,14.768098159509202,60.558225578102885
39332,39333,749560268,1.9048571428571428,0.2693581780538302
39334,39335,749560269#1,8.635454545454545,0.5940803382663847
39336,39337,749560271,7.2688,3.3900000000000006
39338,39339,749560273,6.051714285714286,0.37453416149068336
39340,39341,749560274#1,12.103971377459748,5.317034386801828
39342,39343,75123311,104.62666666666667,56.333333333333314
39344,39345,75123338,24.779999999999998,0.0
39346,39347,75123439,101.47999999999999,114.15384615384617
39348,39349,75123444,123.60499999999999,76.91666666666667
39350,39351,75123449,77.88,34.0
39352,39353,752837945#0,5.8999999999999995,0.0
39356,39357,752837946,14.16,0.0
39358,39359,753083360#0,10.502,8.76666666666667
39360,39361,753083360#1,6.6866666666666665,0.24999999999999994
39362,39363,753083360#2,0.59,0.2857142857142857
39364,39365,753083360#3,20.7975,129.9821428571429
39366,39367,753083361,10.708499999999999,1.4557692307692303
39368,39369,753083363,5.064166666666667,0.6191542288557211
39372,39373,75405816,11.209999999999999,2.9999999999999987
39374,39375,754318764,3.1466666666666665,0.2666666666666666
39380,39381,754318766,9.833333333333334,0.3333333333333335
39390,39391,763360618,12.064897959183673,1.5451495666759858
39392,39393,764189466,5.579506172839506,0.5220458553791885
39394,39395,764189467#2,6.293333333333333,2.333333333333333
39396,39397,764189467#5,5.578181818181818,2.818181818181818
39398,39399,764189467#7,8.428571428571429,17.228571428571428
39400,39401,765244913#1,12.727352697095435,471.94581409134116
39402,39403,765244913#1.57,74.93640768588136,12438.611383531299
39404,39405,765244914#0,16.64872727272727,237.0989898989899
39406,39407,765244915,19.731889934829834,4.4762501442978735
39408,39409,765541113,1.4749999999999999,0.25
39412,39413,765779078,6.6866666666666665,0.3333333333333335
39414,39415,768560222,15.969333333333333,1.695238095238095
39416,39417,77033039,10.148,12.3
39418,39419,77033040,10.62,1.4285714285714286
39420,39421,770768078#0,3.1466666666666665,0.4057971014492752
39422,39423,770768078#1,20.16260869565217,4.083003952569173
39424,39425,770768081,13.139101123595504,1.99301720307243
39426,39427,770847746,16.992,2.0444444444444425
39428,39429,771682702,13.074399999999999,10.410000000000002
39430,39431,771682710#1,2.608421052631579,0.5087719298245614
39432,39433,77169979,14.16,0.0
39434,39435,771705191#0,2.7533333333333334,0.26666666666666666
39436,39437,771705191#1,12.193333333333333,40.33333333333333
39440,39441,771705192,12.474285714285713,34.952380952380956
39442,39443,771710367,2.006,0.4555555555555555
39444,39445,772879616,10.983076923076924,1.8974358974358971
39446,39447,772879617#0,8.653333333333332,1.6666666666666665
39448,39449,772879617#1,5.578181818181818,1.018181818181818
39450,39451,772913612#3,12.798461538461538,9.807692307692308
39452,39453,772913613,1.1137641509433962,0.3125626630575118
39454,39455,772913614,1.9665043334709038,1.2355720518987277
39456,39457,772913615,3.54,2.0
39458,39459,77414793#0,20.567201283079388,7.530987371296252
39460,39461,77414793#1,1.827712206952304,4.306060701195345
39462,39463,77414799,3.9471460423634337,0.9634249008748889
39464,39465,77414800#0,1.2154095701540957,0.04698839279131244
39466,39467,77414800#1,11.18368207623682,51.32438040467237
39468,39469,77414800#2,27.304074373484234,418.964469315836
39470,39471,77414803#0,2.4181854043392503,0.04697086636885969
39472,39473,77414807#0,1.9100765864332603,1.2551943914465638
39474,39475,77414810#0,16.885238095238094,9.926248548199768
39476,39477,77414810#1,2.921904761904762,12.011614401858303
39484,39485,774543490#0,12.272,4.3
39492,39493,774631638#1,9.833333333333334,2.333333333333334
39494,39495,774631639,22.419999999999998,18.0
39496,39497,775009293,19.27333333333333,1.333333333333334
39500,39501,77526509#0,8.496,2.2
39502,39503,77526509#1,23.599999999999998,0.0
39510,39511,775849466,4.13,0.33333333333333326
39514,39515,775903824,8.85,0.5
39532,39533,776461317,8.85,0.5
39540,39541,776923595#1,29.5,0.0
39542,39543,776943061#1,10.03,0.5
39544,39545,777420322,1.77,0.5
39546,39547,778163219#0,4.064444444444445,0.5277777777777777
39548,39549,778163219#1,2.612857142857143,0.18131868131868129
39550,39551,778163219#2,12.586666666666666,5.866666666666666
39552,39553,778163219#3,4.366,0.6421052631578946
39560,39561,778486950,13.485714285714286,31.61904761904762
39562,39563,778859032#0,5.8999999999999995,2.0
39566,39567,77912228,2.36,0.0
39568,39569,77912230#1,9.187142857142856,0.6428571428571428
39570,39571,77912233,24.189999999999998,8.277777777777779
39572,39573,77912241#0,12.979999999999999,0.0
39574,39575,77912241#1,10.62,0.0
39578,39579,77912268,12.717777777777778,1.9444444444444442
39582,39583,779463170,12.389999999999999,4.7
39586,39587,779561593,9.44,0.0
39588,39589,779561594,22.419999999999998,27.500000000000004
39590,39591,779867058,10.62,37.0
39592,39593,779963063#0,5.23625,1.8625000000000003
39594,39595,779963063#1,3.54,0.8571428571428571
39602,39603,779963080,8.597142857142856,0.9047619047619048
39604,39605,779963083#0,3.54,8.0
39606,39607,779963083#1,4.382857142857143,1.9142857142857141
39608,39609,779963083#2,5.8999999999999995,0.0
39610,39611,779963086,5.113333333333332,0.33333333333333326
39612,39613,779963090,5.506666666666667,0.3333333333333335
39614,39615,779963104#0,4.9559999999999995,0.19999999999999996
39616,39617,779963104#1,2.9499999999999997,1.0
39620,39621,779963108#0,3.3347826086956522,4.695652173913043
39622,39623,779963108#1,1.4481818181818182,0.183982683982684
39624,39625,779963108#2,1.18,0.0
39626,39627,779963108#3,1.3111111111111111,0.1111111111111111
39628,39629,779963109,14.25076923076923,0.9102564102564098
39630,39631,779963111#0,3.3983999999999996,2.6933333333333334
39632,39633,779963111#1,8.26,0.9230769230769229
39636,39637,779963113#0,22.81333333333333,10.333333333333332
39638,39639,779963113#1,2.36,0.0
39640,39641,780085522,3.54,0.0
39642,39643,780085523,5.8999999999999995,0.0
39644,39645,780108803#0,1.18,0.0
39646,39647,780108803#1,3.7928571428571427,1.2582417582417582
39648,39649,780108803#2,0.7261538461538461,0.2564102564102564
39650,39651,780108804,2.36,0.0
39652,39653,780108805,7.585714285714285,1.557142857142857
39660,39661,780151719,10.325,0.9166666666666665
39662,39663,780151720,8.26,2.0
39664,39665,780151721#0,7.08,1.0
39666,39667,780151721#1,10.882222222222222,4.944444444444444
39668,39669,780151723,7.866666666666666,0.33333333333333326
39672,39673,780208933#1,24.189999999999998,6.3
39678,39679,780400471,12.744,5.7333333333333325
39680,39681,780400472,10.384,1.288888888888889
39682,39683,780403241,4.13,4.5
39686,39687,780488951,11.294285714285714,14.263736263736261
39688,39689,780592074,2.9046153846153846,0.4358974358974359
39690,39691,780592075#0,2.36,1.6
39692,39693,780592075#1,5.113333333333332,0.24242424242424232
39694,39695,780592076#0,2.36,0.0
39696,39697,780592076#1,1.18,0.0
39698,39699,780592077,1.77,0.27272727272727276
39700,39701,780592078,1.18,0.0
39702,39703,780592079#0,1.8153846153846154,0.2692307692307692
39712,39713,780869567#1,2.2616666666666667,0.08333333333333333
39714,39715,780869568,8.26,0.0
39716,39717,780913598#0,2.36,0.0
39718,39719,780913598#1,12.979999999999999,0.0
39720,39721,780913598#2,47.593333333333334,24.333333333333336
39722,39723,780913599#0,3.1466666666666665,0.33333333333333337
39728,39729,780913601,47.986666666666665,14.333333333333341
39730,39731,780951181#0,2.36,0.0
39732,39733,780951181#1,8.26,8.0
39734,39735,780951181#2,14.946666666666665,2.333333333333334
39736,39737,781302071#0,2.865714285714285,0.2857142857142857
39738,39739,781302071#1,10.62,0.0
39740,39741,781302072,7.787999999999999,0.7999999999999999
39742,39743,781302073,8.26,0.0
39744,39745,781741850#1,1.18,0.0
39746,39747,781741851,11.209999999999999,12.5
39748,39749,782708741,17.7,8.0
39750,39751,782710385#1,1.18,0.0
39752,39753,782710385#2,17.11,1.1
39754,39755,782710385#3,1.6627272727272728,0.2532467532467533
39756,39757,782710385#4,10.451428571428572,1.2285714285714284
39758,39759,782710385#5,14.219,7.523684210526318
39760,39761,782710386,12.305714285714286,18.619047619047617
39762,39763,782710387,9.352592592592591,1.225071225071225
39768,39769,784165402,8.26,1.0
39774,39775,785039017#0,11.967375886524822,0.8797365754812565
39776,39777,785784586,6.608,11.8
39778,39779,785858199#0,4.248,2.3000000000000003
39782,39783,785858200,4.72,0.0
39790,39791,786179513,18.1425,0.8392857142857144
39794,39795,786563243,16.52,0.0
39808,39809,787388576,12.193333333333333,0.33333333333333304
39812,39813,787965027,11.436923076923076,1.2307692307692306
39814,39815,788773538#0,30.68,0.0
39818,39819,788773539,2.36,0.0
39820,39821,788776521#0,46.862857142857145,12.989010989010978
39822,39823,788776521#1,26.887142857142855,4.335164835164835
39824,39825,788776521#2,2.052173913043478,0.6859903381642513
39828,39829,789844314,9.44,0.0
39830,39831,790001123,11.554166666666665,1.563405797101449
39832,39833,790651031,29.5,0.0
39834,39835,791207676,15.34,4.000000000000001
39836,39837,791259521,12.193333333333333,0.26666666666666683
39838,39839,791264657#0,5.281904761904761,0.761904761904762
39840,39841,791264657#1,7.866666666666666,0.33333333333333326
39842,39843,791264658,5.73142857142857,2.142857142857143
39844,39845,791362821,12.88923076923077,11.743589743589745
39848,39849,791808809,7.965,4.25
39850,39851,791808810#0,1.888,0.6857142857142856
39856,39857,791808811,3.54,0.0
39860,39861,791808814,7.67,0.5
39864,39865,792046573,21.895555555555557,41.52777777777778
39866,39867,792511578#0,3.933333333333333,0.33333333333333326
39870,39871,792797765,18.88,0.0
39872,39873,792867568,7.473333333333333,0.2666666666666668
39876,39877,794349351,15.733333333333333,2.2424242424242427
39880,39881,794349353,1.1263636363636365,0.04545454545454545
39886,39887,794349354#2,2.2125,1.45
39890,39891,794669422,9.355714285714285,1.4560439560439562
39896,39897,795585638,14.16,200.0
39898,39899,796248412,8.653333333333332,6.999999999999998
39900,39901,797226140#0,1.18,0.0
39906,39907,797327371#0,2.36,0.0
39910,39911,797327372,21.24,0.0
39912,39913,797840524,9.30888888888889,3.8611111111111116
39914,39915,798269066#0,7.866666666666666,0.33333333333333326
39918,39919,798269067#0,9.046666666666667,0.33333333333333326
39928,39929,799538919,5.408333333333332,1.7196969696969695
39932,39933,800890645,1.18,0.0
39940,39941,802120007,11.013333333333334,2.3333333333333335
39942,39943,802847229,5.31,0.5
39946,39947,8033459#1,6.6439130434782605,0.45532728141423795
39948,39949,8033459#2,31.07333333333333,2.333333333333332
39950,39951,8033459#3,1.5733333333333333,0.3333333333333333
39952,39953,8033459#6,23.599999999999998,7.0
39954,39955,8033459#7,3.2449999999999997,0.25
39956,39957,8033460#1,12.66108108108108,66.5915915915916
39958,39959,8033460#2,9.712307692307691,4.6923076923076925
39960,39961,8033475#0,1.0615062761506275,0.15116212841464205
39962,39963,8033475#1,2.047392670157068,0.2159065713940749
39964,39965,803546304#1,31.86,7.0
39966,39967,803564142,19.638571428571428,3.478021978021978
39968,39969,803586532#1,7.787999999999999,9.8
39970,39971,803727017#0,7.866666666666666,0.3333333333333335
39972,39973,803727017#1,10.226666666666665,0.3333333333333335
39974,39975,803727017#2,11.799999999999999,0.0
39980,39981,8050409#0,8.986153846153845,1.0897435897435896
39982,39983,8050409#1,7.552,0.48888888888888893
39984,39985,805074682,2.1066257668711654,0.2066954480042415
39986,39987,805074683#0,10.416049382716048,0.8519285330879538
39988,39989,805074683#1,6.76679012345679,1.0160647189632697
39990,39991,805074685,9.80875,3.1625
39992,39993,80518321#0,25.57323590814196,4.609917802954198
39994,39995,80518321#1,5.024915966386554,0.3267713401149927
39996,39997,80518321#2,40.34558823529411,591.561269349845
39998,39999,805893591,13.471666666666666,1.4710144927536235
40000,40001,805906399,11.406666666666665,0.6666666666666667
40002,40003,805978013,11.209999999999999,1.0000000000000002
40004,40005,806941700#0,1.827683315621679,0.6624150221946538
40006,40007,806941700#1,1.1552128247650635,0.1345142527284914
40008,40009,806941701,1.5113572542901714,0.20367521960831614
40010,40011,806941702,3.711290322580645,0.37560402246310576
40012,40013,806941703,0.6762635379061372,0.2447661578831566
40014,40015,806941704,2.412338709677419,0.9980246832963297
40016,40017,806941705,1.0453018867924528,0.6127302839538051
40018,40019,806941706,1.2655765765765765,0.0997403667750672
40020,40021,806941707,2.553090909090909,0.3584415584415577
40026,40027,806941711#0,4.63421647819063,0.3885699264664922
40028,40029,806941711#1,1.0450701186623517,0.12291330831195331
40030,40031,806941712,1.18,0.0
40032,40033,806941713,3.1401181525241673,0.40793384012729966
40034,40035,806941714,1.3358490566037735,0.2706821480406386
40036,40037,806941715,1.7842383107088988,0.2606090099319841
40038,40039,806941716,1.5242433697347892,0.2067856016348383
40040,40041,806941717,1.5006925498426023,0.19812048638972918
40044,40045,806941719,5.8999999999999995,0.0
40046,40047,807102008,12.979999999999999,3.0
40048,40049,807111100#0,4.72,0.0
40050,40051,807111100#1,1.18,0.0
40052,40053,807111100#2,4.13,0.5
40054,40055,807111100#3,3.933333333333333,0.33333333333333337
40056,40057,807111100#4,3.54,1.0
40058,40059,807111100#5,2.8844444444444446,1.4102564102564108
40064,40065,807111103,4.72,0.0
40070,40071,807310150,20.45333333333333,2.333333333333335
40072,40073,807310151#0,17.211724137931032,2.0362976406533573
40074,40075,807310151#1,4.437826086956521,0.36376811594202907
40076,40077,807310151#2,81.65086956521739,33.894202898550745
40078,40079,807310151#3,28.025,3.1333333333333333
40080,40081,807310151#4,63.60580645161291,111.55698924731185
40082,40083,807310152,27.64060606060606,3.6893939393939337
40090,40091,808377741,14.16,2.0
40096,40097,808643942,8.26,0.6666666666666665
40098,40099,808643943,10.62,0.0
40102,40103,809947516,13.216,12.177777777777779
40104,40105,810275622,8.997499999999999,0.8532608695652178
40106,40107,810275624,3.54,0.0
40108,40109,810275626,2.9499999999999997,0.5
40110,40111,812556219,7.08,0.0
40114,40115,812603023,11.668888888888889,1.111111111111111
40118,40119,812643950#0,23.128,3.299999999999999
40122,40123,812648595#1,8.732,1.3777777777777778
40126,40127,812648595#4,8.496,1.2
40128,40129,812648598,16.52,0.0
40132,40133,812648600,6.096666666666667,0.1666666666666666
40136,40137,812648603,10.816666666666665,0.5666666666666662
40138,40139,812713147,27.375999999999998,11.7
40140,40141,812715246,14.16,0.0
40142,40143,812838382,14.946666666666665,1.7500000000000002
40148,40149,813022184#2,2.5285714285714285,0.14285714285714288
40152,40153,813022185#1,2.36,0.0
40158,40159,813263431#0,6.597272727272727,0.5389610389610388
40160,40161,813263431#1,6.244166666666667,0.476449275362319
40164,40165,813607518,17.7,2.000000000000001
40166,40167,813800286,6.293333333333333,0.33333333333333326
40168,40169,814515313,18.172,22.93333333333333
40170,40171,814691983#0,10.208446866485014,0.506439749259243
40172,40173,814691983#1,2.1762295081967213,0.17567931731417008
40174,40175,814691983#2,3.9559016393442623,0.27817201886368736
40176,40177,814691983#3,8.53707182320442,0.6123031480999671
40178,40179,814691983#4,47.72154696132596,484.91767802757835
40180,40181,814691984#1,23.122814726840854,436.41331401199335
40182,40183,814691988#0,29.136923076923075,316.7662141779789
40184,40185,814691989#0,2.952694063926941,0.278664488291232
40186,40187,814691989#1,2.6861090909090906,1.0620305242203052
40188,40189,814691990,10.252043010752686,9.221156640511486
40190,40191,814691990.7,6.514329896907216,0.6550130869077508
40192,40193,814691991,12.868864265927977,71.97999384425978
40194,40195,815004589,1.888,0.25263157894736843
40198,40199,815412592#0,18.367924528301884,13.73369272237197
40200,40201,815412597#0,6.231146245059288,2.966634054709821
40202,40203,815412597#1,4.514093959731543,1.0636530532398356
40204,40205,815412597#2,5.682988505747127,0.5655039915200903
40206,40207,815412597#3,7.659464285714286,3.0626066098081006
40208,40209,815412597#4,13.707518796992481,1.6033479926230676
40210,40211,815412603#0,9.749878260869565,2.4344008483563098
40212,40213,815412603#1,28.290915492957744,202.20044961124756
40214,40215,815412608,13.974185733512785,4.03175224655709
40216,40217,815412622,13.753555555555554,3.8977406375735084
40218,40219,815413474,17.326659751037344,3.728453829018062
40220,40221,815517012,13.430284913591779,8.687492961189411
40222,40223,815517019,21.028554913294794,196.94994266457633
40224,40225,815822086#3,8.121176470588235,2.1102941176470598
40226,40227,815822086#4,2.6222222222222222,0.1830065359477125
40228,40229,815856347,8.26,0.0
40232,40233,816083237#0,2.7533333333333334,0.33333333333333337
40282,40283,816120713,17.404999999999998,84.24999999999999
40284,40285,816120714#0,5.8999999999999995,0.0
40286,40287,816120714#1,9.911999999999999,2.3
40288,40289,816120715#0,6.489999999999999,40.5
40290,40291,816120715#1,8.26,0.0
40296,40297,816120718#0,1.8153846153846154,0.2692307692307693
40298,40299,816120718#1,4.076363636363636,0.27272727272727276
40300,40301,816120718#2,4.3981818181818175,0.2181818181818181
40302,40303,816120718#3,12.389999999999999,1.4999999999999998
40304,40305,816120718#4,2.7533333333333334,0.33333333333333337
40306,40307,816120718#5,8.26,0.0
40308,40309,816120719,3.0036363636363634,1.4727272727272727
40310,40311,816120720,8.26,72.0
40312,40313,816120721,4.72,0.0
40320,40321,816133972,12.789440993788821,6.45359029430545
40330,40331,816162128#0,1.77,0.30000000000000004
40332,40333,816162128#1,14.867999999999999,1.3
40336,40337,816162128#3,3.1466666666666665,0.33333333333333337
40338,40339,816162128#4,16.126666666666665,2.3333333333333335
40342,40343,816162129#1,1.18,0.0
40348,40349,816162131#2,2.36,2.0
40352,40353,816162132#1,17.503333333333334,2.566666666666666
40356,40357,816162134,7.67,0.5
40366,40367,816174618#0,2.36,0.0
40372,40373,816175256,8.85,4.5
40374,40375,816175257#0,18.068749999999998,15.695833333333331
40378,40379,816175261,7.571666666666666,1.5378787878787876
40380,40381,816178097#0,2.9499999999999997,4.5
40382,40383,816178097#1,7.08,0.0
40384,40385,816178099,5.225714285714286,0.7252747252747253
40386,40387,816178100,6.293333333333333,0.33333333333333326
40388,40389,816178101,8.26,0.0
40392,40393,816195562,31.07333333333333,8.666666666666668
40394,40395,816195563,20.45333333333333,156.33333333333331
40400,40401,816206615#1,14.946666666666665,0.3333333333333335
40402,40403,816206616,12.508,1.2571428571428573
40404,40405,816209587,16.52,0.0
40406,40407,816209588,4.72,0.0
40408,40409,816209589,5.506666666666667,0.33333333333333326
40410,40411,816209590,5.015,1.5833333333333333
40412,40413,816209591,3.2449999999999997,1.8409090909090906
40416,40417,816209593#1,3.1466666666666665,1.5000000000000002
40418,40419,816209593#2,4.183636363636364,0.8451178451178452
40422,40423,816209594#0,2.655,0.25000000000000006
40424,40425,816209594#1,1.888,0.9333333333333333
40434,40435,816287457#0,33.32381128584644,475.7958012128689
40436,40437,816287485,10.910371593724195,15.422040387358287
40438,40439,816287490,14.459912357581068,4.300256776911608
40440,40441,816287496,15.838380187416332,32.403545416315865
40442,40443,816287498,9.239744525547446,3.1210551248348626
40444,40445,816287498.31,5.560073394495412,0.29737587695628676
40446,40447,816433141,15.457999999999998,3.6555555555555563
40454,40455,816438820,18.374285714285712,1.3406593406593414
40456,40457,816438821#1,6.667412587412587,0.5811090318132573
40460,40461,816461642,5.809230769230769,1.5769230769230769
40462,40463,816461643,14.553333333333333,2.333333333333334
40464,40465,816461644#1,21.37111111111111,5.111111111111114
40466,40467,816461645,5.703333333333332,3.6060606060606064
40468,40469,816461646,35.4,0.0
40470,40471,816461647,8.26,2.0
40472,40473,816461648#1,10.62,0.5714285714285714
40474,40475,816461649,7.276666666666666,3.366666666666667
40476,40477,816461650,8.613999999999999,5.788888888888889
40480,40481,816466985,19.722857142857144,2.9047619047619064
40482,40483,816466986#1,26.998399999999997,6.276666666666663
40484,40485,816466986#2,10.282857142857141,3.758241758241758
40486,40487,816466986#3,3.54,0.0
40490,40491,816466988,10.62,0.0
40492,40493,816466989#0,2.36,0.0
40494,40495,816466989#1,12.979999999999999,0.0
40498,40499,816476702,8.85,0.7000000000000001
40500,40501,816476703#0,10.788571428571428,3.054945054945054
40502,40503,816476703#1,11.996666666666666,0.5666666666666671
40504,40505,816476703#2,91.25333333333332,34.266666666666694
40508,40509,816476704,10.62,0.0
40510,40511,816476705,22.81333333333333,1.333333333333334
40512,40513,816476706#0,15.34,2.0
40516,40517,816483538,30.848571428571425,5.476190476190475
40518,40519,816483539#1,4.13,0.2777777777777778
40520,40521,816483539#2,7.3422222222222215,0.4444444444444443
40538,40539,816483546#0,14.553333333333333,1.75
40548,40549,816501621,12.147058823529411,7.220588235294118
40550,40551,816501622#0,25.459393939393937,55.75189393939394
40552,40553,816501622#1,25.403146067415726,9.933861082737485
40554,40555,816504078,17.7,0.0
40556,40557,816504079,25.959999999999997,0.0
40558,40559,816504080,15.93,0.5
40562,40563,816504082,4.72,0.0
40566,40567,816504084,7.08,1.0
40570,40571,816506792,4.72,18.0
40572,40573,816506793,11.799999999999999,0.0
40574,40575,816506794#0,3.54,0.0
40580,40581,816506796#0,3.54,0.0
40590,40591,816506796#5,1.416,0.2
40598,40599,816506797,3.54,0.0
40600,40601,816508405#1,7.997777777777777,21.477124183006534
40604,40605,816511117,10.423333333333334,0.5666666666666667
40606,40607,816511118#0,16.52,0.0
40614,40615,816511120#1,2.7533333333333334,0.33333333333333337
40618,40619,816511122#1,14.16,0.0
40626,40627,816531488,7.178333333333333,1.7196969696969695
40628,40629,816531489,12.979999999999999,2.0
40630,40631,816532196,9.44,0.0
40634,40635,816603268,15.454722222222221,2548.511541471048
40636,40637,816603269#0,2.9499999999999997,0.33333333333333326
40640,40641,816603269#2,6.726,0.8999999999999999
40644,40645,816603270#1,2.9499999999999997,0.5
40646,40647,816603270#2,1.18,0.0
40648,40649,816603270#3,10.488888888888889,0.6111111111111109
40650,40651,816603270#4,14.267272727272728,1.8909090909090907
40654,40655,816603272,2.9499999999999997,0.5
40656,40657,816603273#0,5.770199999999999,0.8463636363636364
40658,40659,816603273#1,3.073709677419355,0.7612772095462895
40660,40661,816603274#0,10.799565217391304,1.0652173913043477
40662,40663,816603274#1,1.6815,0.5006329113924048
40664,40665,816603274#2,33.46909090909091,8.260765550239235
40666,40667,816609196,4.207310344827586,0.28908045977011504
40668,40669,816623824,13.642318977756743,81.98310288760759
40670,40671,816623825,18.36497237569061,114.01399631675869
40672,40673,816623827,8.630059171597633,6.526063679909834
40674,40675,816623833#1,15.403311190597853,2.081475652918106
40676,40677,816623833#2,8.080474471376998,1318.8452624447061
40678,40679,816623833#4,43.287841543930924,14.781068967368167
40680,40681,816623837#0,9.670843495934959,3.2728431208435045
40682,40683,816623837#1,7.082402035623409,12.398162860237413
40684,40685,816626563,6.327561890472618,2.6756677908215756
40686,40687,816734244,20.06,0.0
40690,40691,816734246,3.54,0.0
40692,40693,816734247#0,11.092,0.8
40694,40695,816734247#1,2.9499999999999997,0.33333333333333326
40696,40697,816734247#2,24.779999999999998,0.0
40698,40699,816734247#3,9.44,0.0
40700,40701,816734248,8.456666666666667,2.029411764705882
40702,40703,816734249#0,1.4749999999999999,0.25
40704,40705,816734249#1,5.192,2.8
40706,40707,816734249#2,33.43333333333333,4.2666666666666675
40708,40709,816734249#3,2.36,0.0
40710,40711,816734250,72.76666666666667,86.33333333333334
40716,40717,816734583,3.754545454545454,0.9636363636363635
40718,40719,816734584#0,1.652,0.3058823529411764
40720,40721,816734584#1,4.511764705882353,0.5294117647058825
40722,40723,816734584#2,8.85,0.5
40732,40733,816736910,10.03,0.5
40756,40757,816736915,29.5,8.0
40760,40761,816739558,10.095555555555555,1.2777777777777781
40762,40763,816739559#0,10.226666666666665,0.3333333333333335
40764,40765,816739559#1,22.419999999999998,39.45454545454545
40768,40769,816739561,16.913333333333334,2.3333333333333326
40772,40773,816740258,14.16,0.0
40774,40775,816749704,6.405714285714286,0.6190476190476192
40778,40779,816749706#2,9.750526315789473,17.204678362573098
40780,40781,816749706#3,4.064444444444445,0.5277777777777778
40784,40785,816749707,24.779999999999998,0.0
40788,40789,816749709#0,1.9666666666666666,1.3333333333333335
40790,40791,816749709#1,4.2283333333333335,0.446969696969697
40792,40793,816751256#0,8.585687919463087,2.9002466766971513
40794,40795,816751256#1,11.244238856181664,15.306606859172014
40796,40797,816754679,20.329798994974876,139.96526658449457
40798,40799,816754680,15.168344007319305,47.36068688859177
40800,40801,816754681,12.710285714285714,4.4756302521008395
40802,40803,816754682,18.712624113475176,91.09402228976697
40806,40807,816766056,8.26,0.0
40808,40809,816766057#0,2.36,0.0
40812,40813,816766057#2,2.9499999999999997,4.5
40816,40817,816766060,6.6866666666666665,1.3333333333333335
40818,40819,816766061#0,2.655,0.25
40820,40821,816766061#1,12.979999999999999,0.0
40828,40829,816779849,4.382857142857143,0.23809523809523803
40830,40831,816779850#0,1.7044444444444444,0.7777777777777778
40832,40833,816779850#1,5.113333333333332,4.333333333333334
40834,40835,816779851,38.055,416.25000000000006
40836,40837,816779852#0,3.54,8.0
40840,40841,816785931#0,2.0031699687174136,0.277979628222683
40842,40843,816785931#3,4.468567229977957,2.7663288239616213
40844,40845,816785932#0,5.015,0.3357933579335796
40846,40847,816785932#3,3.794153846153846,0.2935765265662174
40848,40849,816796147#0,3.041371681415929,0.3820173459176267
40850,40851,816796147#1,6.2949790794979075,1.0994622948518886
40854,40855,816799873,12.979999999999999,162.0
40856,40857,816799874,2.36,0.0
40860,40861,816799876#0,2.36,0.0
40866,40867,816799877,5.8999999999999995,8.0
40868,40869,816799878,23.599999999999998,0.0
40870,40871,816799879,11.799999999999999,0.0
40872,40873,816799880,16.048,32.3
40890,40891,816806961,27.814285714285713,3.285714285714286
40892,40893,816806962,16.52,0.0
40894,40895,816806963,17.7,0.0
40898,40899,816806965,5.6049999999999995,4.916666666666667
40900,40901,816806966#0,5.113333333333332,0.3333333333333335
40902,40903,816806966#1,20.65,4.5
40904,40905,816806966#2,5.4575,3.696428571428572
40906,40907,816806967,15.812,2.9333333333333322
40912,40913,816806969,8.26,0.0
40914,40915,816806970,10.282857142857141,14.571428571428571
40918,40919,816813501,17.896666666666665,1.7666666666666668
40922,40923,816813502#1,1.18,0.0
40924,40925,816813503,9.203999999999999,1.2000000000000004
40926,40927,816813504,18.88,0.0
40928,40929,816813505,15.733333333333333,6.333333333333334
40930,40931,816813506,16.716666666666665,0.5666666666666667
40934,40935,816813508#0,14.795384615384615,13.602564102564104
40936,40937,816813508#1,11.013333333333334,1.8666666666666667
40938,40939,816816925,16.52,3.5
40942,40943,816816927,26.255,536.9166666666666
40946,40947,816816929#0,4.183636363636364,3.8727272727272735
40952,40953,816816929#3,1.888,0.4
40954,40955,816816929#5,17.306666666666665,561.0666666666666
40956,40957,816816929#6,5.8999999999999995,21.4
40958,40959,816816930#0,3.0342857142857143,0.6190476190476192
40960,40961,816816930#1,2.36,1.2
40962,40963,816816931,18.88,1.9999999999999982
40968,40969,816818166,11.799999999999999,0.0
40970,40971,816839813#0,4.72,1.6
40972,40973,816839813#1,9.44,3.0
40974,40975,816839813#2,1.5733333333333333,0.33333333333333337
40976,40977,816839813#3,7.08,1.0
40984,40985,816855270#1,2.6746666666666665,0.20952380952380953
40988,40989,816855271#1,7.08,5.200000000000001
40990,40991,816855272#0,3.877142857142857,0.6813186813186812
40992,40993,816855272#1,10.62,1.1999999999999995
40994,40995,816855274#0,6.6866666666666665,6.333333333333334
40998,40999,816855275#0,3.0342857142857143,0.28571428571428564
41000,41001,816855275#1,14.16,4.666666666666667
41002,41003,816858722,9.853,2.871052631578948
41004,41005,816858723,10.897647058823528,0.6911764705882352
41006,41007,816858724#0,7.932222222222222,0.6830065359477122
41008,41009,816858724#1,2.984705882352941,0.26470588235294107
41010,41011,816858724#2,6.489999999999999,0.5
41012,41013,816858725,17.11,3.5
41014,41015,816858726,12.586666666666666,2.333333333333334
41016,41017,816858727#0,2.1736842105263157,0.9181286549707602
41020,41021,816858727#2,1.6857142857142857,0.26373626373626374
41022,41023,816858727#3,15.34,0.0
41024,41025,816858728#0,2.832,0.7999999999999998
41026,41027,816858728#1,2.8606060606060604,0.6268939393939397
41028,41029,816858728#2,3.4525925925925924,0.225071225071225
41030,41031,816858728#3,11.275555555555554,0.7777777777777777
41034,41035,816858729,3.776,1.0666666666666667
41044,41045,816868352#0,17.7,92.0
41048,41049,816868354#0,13.343076923076923,25.897435897435898
41050,41051,816872143#0,11.799999999999999,0.0
41052,41053,816872144#0,1.18,0.0
41054,41055,816872144#1,1.18,0.0
41058,41059,817081320,7.08,0.0
41060,41061,817081321,10.62,0.0
41062,41063,817081322#1,5.380799999999999,0.84
41064,41065,817081322#2,12.717777777777778,1.241830065359477
41066,41067,817081323#0,15.192499999999999,95.55357142857143
41072,41073,817081324#0,12.336363636363636,4.532769556025371
41074,41075,817081324#1,0.7706122448979591,0.439625850340136
41076,41077,817081325,24.071999999999996,86.8
41078,41079,817081326,9.44,0.0
41080,41081,817081328,15.34,0.0
41084,41085,817086040,12.979999999999999,2.0
41086,41087,817086041,16.224999999999998,9.583333333333336
41088,41089,817086042,14.328571428571427,22.5934065934066
41094,41095,817095974,3.54,0.0
41096,41097,817095975,4.72,2.0
41098,41099,817095976,5.113333333333332,0.33333333333333326
41102,41103,817095977#1,3.877142857142857,0.5714285714285713
41104,41105,817095977#2,4.382857142857143,0.23809523809523803
41106,41107,817095977#3,8.869032258064516,6.324731182795699
41108,41109,817095977#4,6.424444444444444,0.2777777777777778
41112,41113,817095979,10.62,0.0
41116,41117,817095981,11.013333333333334,4.333333333333332
41118,41119,817095982,27.139999999999997,0.0
41124,41125,817101509,1.18,0.0
41126,41127,817101510#0,22.616666666666667,2.1666666666666665
41130,41131,817101511,1.18,0.0
41132,41133,817101512,7.473333333333333,1.0666666666666664
41134,41135,817101513,1.18,0.0
41136,41137,817101514,13.864999999999998,0.5000000000000001
41138,41139,817101515#0,7.473333333333333,0.2666666666666668
41140,41141,817101515#1,7.67,0.4545454545454547
41142,41143,817101516,11.799999999999999,0.0
41144,41145,817101517,28.91,5.666666666666667
41146,41147,817105858#0,9.636666666666665,0.566666666666667
41148,41149,817105858#1,5.31,0.5
41152,41153,817105860,3.54,0.0
41160,41161,817107240#0,3.0342857142857143,1.2857142857142858
41162,41163,817107240#1,18.88,3.0
41168,41169,817107240#4,11.013333333333334,1.4666666666666661
41170,41171,817107241,6.489999999999999,0.9999999999999999
41172,41173,817107242,6.784999999999999,6.25
41176,41177,817110755,4.13,12.5
41178,41179,817118469,10.62,0.0
41180,41181,817118471,8.358333333333333,1.9015151515151516
41182,41183,817127200,3.54,0.0
41184,41185,817127201#0,1.6857142857142857,0.3571428571428571
41188,41189,817127202#0,2.36,0.0
41190,41191,817127202#1,12.193333333333333,0.6666666666666673
41192,41193,817127203#0,14.553333333333333,5.749999999999999
41194,41195,817127203#1,3.0342857142857143,0.6190476190476191
41198,41199,817127205,5.8999999999999995,0.0
41200,41201,817127206,7.08,0.0
41204,41205,817128871,5.015,2.25
41206,41207,817128872#0,12.094999999999999,0.5681818181818182
41208,41209,817128872#1,4.266153846153846,2.5897435897435894
41212,41213,817134038,9.44,27.2
41218,41219,817206446#1,4.898113207547169,2.1306240928882443
41222,41223,817426971#1,6.883333333333333,2.1666666666666665
41226,41227,817666077,5.691764705882353,0.40441176470588236
41228,41229,817666078#1,8.803267326732673,1.573050588640954
41230,41231,817666078#2,11.048609865470851,2.673776915929383
41232,41233,817666078#3,22.123063457330417,4.552765941110985
41234,41235,817666078#4,24.519066339066338,7.1726558623110295
41236,41237,817666078#5,9.902857142857142,1.088483509250334
41238,41239,817666078#6,13.420722891566264,1.7176532215819786
41240,41241,817666078#7,17.07028846153846,24.05187673772014
41244,41245,818707465,3.791063829787234,0.17113783533765028
41246,41247,819168463,7.3032432432432435,24.71321321321322
41248,41249,819333663,6.194999999999999,1.583333333333333
41250,41251,819521343#0,28.449670329670326,9.454456654456651
41252,41253,819521343#1,22.774,1.905263157894737
41254,41255,819521343#2,3.54,0.5263157894736843
41256,41257,819521343#3,2.13875,2.4291666666666667
41258,41259,819521344#0,52.78947368421052,29.315789473684205
41260,41261,819521344#1,2.093548387096774,0.6473118279569893
41262,41263,819521345,1.2262745098039216,0.07843137254901962
41264,41265,819521346,1.0999095022624434,0.10900863842040315
41266,41267,819521347,1.7208333333333332,0.2617265469061874
41268,41269,819521348,1.720591133004926,0.2593766765839146
41270,41271,819521349,2.7761352657004825,0.24881572158904372
41272,41273,819943655,8.432216216216215,0.5927144535840188
41274,41275,819943656#0,6.41625,0.2625
41276,41277,819943656#1,10.915,0.4999999999999999
41278,41279,819943656#2,45.79523809523809,12.361904761904768
41280,41281,819943656#3,2.517333333333333,0.2666666666666666
41282,41283,819943656#4,2.0228571428571427,0.2380952380952381
41284,41285,819943656#5,1.3275,0.125
41286,41287,819943656#6,1.18,0.0
41290,41291,819943657,70.12571428571428,83.6190476190476
41292,41293,821484658,3.54,0.0
41298,41299,823650753#0,3.708571428571428,1.142857142857143
41300,41301,823880344#0,4.72,0.6666666666666665
41302,41303,823880344#1,0.885,0.25000000000000006
41304,41305,823880344#2,2.4189999999999996,0.3657894736842106
41306,41307,823880345,1.5171428571428571,0.21978021978021975
41308,41309,823880349#0,13.242222222222221,1.1794871794871797
41310,41311,823880349#1,3.3924999999999996,0.6964285714285715
41312,41313,823880355#0,2.744494382022472,2.3358018386108284
41314,41315,823880355#1,5.617826086956522,0.9415458937198079
41316,41317,823880355#2,4.760689655172413,0.248768472906404
41318,41319,823880355#3,11.799999999999999,2.0
41320,41321,823880356#0,2.242,0.3222222222222222
41322,41323,823880356#1,10.4725,1.5535714285714284
41324,41325,823880356#2,9.145,22.25
41326,41327,823880357#0,10.226666666666665,0.5
41328,41329,823880357#1,1.5171428571428571,0.2380952380952381
41332,41333,823880359#0,3.4327272727272726,1.690909090909091
41334,41335,823880359#1,2.5682352941176467,0.5294117647058822
41336,41337,823880360,7.08,2.0
41338,41339,824136617#1,18.355555555555554,1.5277777777777772
41340,41341,824791780#0,3.54,0.8
41346,41347,824791781,15.536666666666665,1.3666666666666665
41350,41351,825260741,11.049090909090909,1.2900432900432905
41352,41353,825260762,2.36,0.0
41354,41355,825260795#0,3.54,0.0
41356,41357,825260795#1,1.18,0.0
41358,41359,825402588#0,5.8999999999999995,5.199999999999999
41360,41361,825402588#0.12,10.941818181818181,0.2181818181818183
41362,41363,825402588#1,6.436363636363636,0.2727272727272727
41364,41365,825402588#2,16.52,1.0
41366,41367,825445496#0,4.856679536679537,0.7927329322678159
41368,41369,825445496#1,1.559612403100775,0.5692546677525417
41370,41371,825445496#1.47,4.962403100775194,9.595768105450484
41372,41373,825933196,3.54,0.0
41374,41375,82626964#0,32.745,12.916666666666664
41376,41377,82626964#1,31.27,12.5
41378,41379,82626965,7.08,0.0
41380,41381,82627284#1,11.209999999999999,84.5
41382,41383,82627284#2,15.487499999999999,14.916666666666666
41384,41385,82627286#0,3.766923076923077,1.3615384615384616
41386,41387,826277538,2.556666666666666,0.16666666666666669
41388,41389,82628434,9.145,0.9166666666666666
41390,41391,82628436#0,12.979999999999999,1.4999999999999998
41394,41395,82628963#0,3.694523809523809,0.21156052782558796
41396,41397,82628963#1,6.560238095238095,0.4662937464142282
41398,41399,82628963#2,3.5540476190476187,0.3010613884107861
41400,41401,82628963#3,19.666666666666668,3.04417670682731
41402,41403,82628963#4,2.4234408602150537,0.4644693782141187
41404,41405,82628965,6.784999999999999,0.24999999999999992
41406,41407,82628966,4.012,0.2526315789473684
41408,41409,826551069#0,4.411590909090909,0.35415584415584406
41410,41411,826551069#1,2.601363636363636,0.19792207792207794
41412,41413,826578283,7.67,7.2173913043478235
41414,41415,826578284#1,16.52,5.200000000000001
41416,41417,826578284#2,44.25,12.5
41418,41419,826594746#0,3.54,0.0
41420,41421,826596269,24.779999999999998,3.0
41422,41423,826596271,1.2253846153846155,0.03846153846153846
41426,41427,831295614,7.17,0.6009705924960165
41428,41429,831295615,8.26,1.3333333333333333
41430,41431,831295616,10.52923076923077,32.41025641025641
41432,41433,831295617,6.353846153846154,0.2564102564102563
41434,41435,832481042#0,3.933333333333333,1.4666666666666668
41438,41439,832481043,5.703333333333332,1.7666666666666664
41440,41441,832481045#0,3.54,1.5
41442,41443,832481045#1,5.506666666666667,0.33333333333333326
41444,41445,832481048,19.353296703296703,3.4570153603302787
41446,41447,832481049,15.671228070175438,2.6340852130325816
41448,41449,832481050,4.352888888888889,0.3555555555555554
41450,41451,832481051,6.342499999999999,0.592391304347826
41452,41453,832481052,3.54,0.0
41454,41455,832481053,8.116097560975609,0.9604158336665336
41456,41457,832481056,31.165882352941175,8.007352941176467
41458,41459,832481057,8.85,0.9999999999999999
41462,41463,83299769#1,17.025714285714287,3.61904761904762
41464,41465,83299775#0,6.9957142857142856,0.22527472527472525
41466,41467,83299775#1,22.026666666666667,2.333333333333333
41468,41469,83299777,12.488333333333333,1.537878787878788
41470,41471,83299779#0,3.6875,0.125
41472,41473,83299779#1,11.209999999999999,0.5
41474,41475,83299780#0,10.62,0.0
41476,41477,83299780#1,1.888,0.30000000000000004
41478,41479,83299780#2,15.93,0.5
41480,41481,83299783#0,6.8076923076923075,1.0256410256410258
41482,41483,83299783#1,21.24,5.0
41486,41487,83299788#0,10.855999999999998,10.7
41492,41493,83299788#3,1.534,0.23333333333333328
41494,41495,83299790#0,7.08,1.333333333333333
41496,41497,83299790#1,22.81333333333333,8.424242424242424
41500,41501,83304166#0,1.8355555555555554,0.2777777777777778
41502,41503,83304166#1,3.54,0.25
41506,41507,83304175#1,7.151515151515151,0.48857808857808877
41508,41509,83304175#2,11.263636363636362,0.8979020979020982
41512,41513,83304180#1,2.065,0.25
41514,41515,83304180#2,18.88,0.0
41516,41517,83304180#3,2.9499999999999997,4.5
41520,41521,833439669,17.7,0.0
41522,41523,834006805#0,8.5231654676259,4.324997583507088
41524,41525,834006805#0.47,3.325403071017274,0.25831703130082395
41526,41527,83808285#1,5.8999999999999995,0.0
41536,41537,85404276,4.72,0.0
41538,41539,87288526#0,17.7,0.0
41540,41541,87288526#1,1.18,0.0
41542,41543,87288529,40.12,18.0
41544,41545,885197072,9.553393393393392,0.8622837713746798
41546,41547,88888406,1.18,0.0
41548,41549,88888427,7.473333333333333,0.3333333333333335
41552,41553,88903261,8.26,1.0
41554,41555,88903294#1,4.084615384615384,2.1025641025641026
41556,41557,88903294#2,4.382857142857143,0.23809523809523803
41558,41559,88903294#3,16.913333333333334,0.3333333333333335
41572,41573,88903308#1,4.646249999999999,2.062500000000001
41574,41575,88903325,5.113333333333332,2.333333333333333
41576,41577,88903339#0,5.007027027027027,0.6336336336336339
41578,41579,88903339#1,3.933333333333333,0.6666666666666667
41586,41587,90587321#0,5.506666666666667,8.333333333333334
41588,41589,90587322#1,7.03575,0.08718354430379747
41590,41591,91806117,41.05794871794872,24.13919413919414
41592,41593,91854588,13.242222222222221,0.9444444444444445
41594,41595,91854591,2.467272727272727,0.09090909090909098
41606,41607,91854602,11.799999999999999,0.0
41608,41609,91854606,10.62,0.0
41630,41631,92026758#0,3.54,0.0
41654,41655,92026769#0,14.042,2.9368421052631577
41658,41659,92026769#11,5.123684210526315,0.5554765291607395
41660,41661,92026769#12,16.030731707317074,2.048780487804878
41662,41663,92026769#2,5.31,24.5
41666,41667,92026769#4,3.54,0.0
41668,41669,92026769#5,2.36,0.0
41670,41671,92026769#6,6.096666666666667,0.33333333333333326
41672,41673,92026769#7,5.555833333333332,0.9112318840579711
41674,41675,92026769#8,5.015,0.8913043478260869
41676,41677,92026769#9,5.53125,0.4153225806451613
41686,41687,93128019#1,7.473333333333333,1.5151515151515154
41688,41689,93128040#0,4.72,0.23529411764705888
41690,41691,93386922,12.193333333333333,1.4666666666666668
41692,41693,94085089,60.96666666666666,16.333333333333332
41694,41695,97304242#1,8.105692307692307,2.7086049543676634
41696,41697,97304242#10,3.8534374999999996,0.4301154147104854
41698,41699,97304242#11,2.8175510204081635,0.23777435502502872
41700,41701,97304242#12,2.1210361067503922,0.21835846094606212
41702,41703,97304242#13,8.643406940063091,0.564085696772168
41704,41705,97304242#2,7.813415384615385,0.451307336731065
41706,41707,97304242#3,4.237107692307692,0.31917506222590986
41708,41709,97304242#4,7.245487804878048,0.594042077825358
41710,41711,97304242#6,16.085075528700905,2.329903880872612
41712,41713,97304242#8,7.015045871559632,0.5605181449063601
41714,41715,97304242#9,7.345046153846154,1.4163423017660308
41716,41717,978455265,4.026398809523809,0.26034242811048447
41718,41719,978455265.52,6.662908277404921,0.5152659521186002
41720,41721,978455266#1,8.862664692820132,2.583403240398061
41722,41723,98323000#0,3.304,0.7
41724,41725,98323000#1,43.07,26.999999999999996
41728,41729,98323002#0,2.5555029585798814,0.30571992110453666
41730,41731,98323002#1,0.5077575757575757,0.24663710273466374
41732,41733,98323002#2,4.661,0.26052631578947366
41734,41735,98323002#3,27.66444444444444,6.527777777777779
41736,41737,98323012#0,2.5016,0.7766666666666667
41738,41739,98323012#1,42.56740740740741,61.60968660968661
41740,41741,98323012#3,45.03032258064516,29.973558963511366
41742,41743,98323012#4,26.370434782608697,27.50988142292491
41744,41745,98323012#5,7.531176470588235,0.7887700534759355
41746,41747,98323012#6,1.6593749999999998,1.6418650793650795
41748,41749,98323022,50.284090909090914,97.07980972515858
41750,41751,98323024#0,7.531655172413792,1.2336117408423826
41752,41753,98323024#1,5.078783783783784,0.37630998345284083
41754,41755,98323025#0,23.94962962962963,14.174703004891677
41756,41757,98323025#1,3.9599999999999995,1.0263004091174748
41758,41759,98323025#2,2.865714285714285,4.619047619047619
41760,41761,98323025#3,14.06969387755102,5.168472004186287
41762,41763,98323027#0,0.6911428571428572,0.24616977225672887
41764,41765,98323027#1,32.65228571428571,109.32525879917183
41780,41781,98901087#0,13.766666666666666,0.33333333333333304
41782,41783,98901087#1,7.866666666666666,0.33333333333333326
41784,41785,98901087#3,7.866666666666666,0.33333333333333326
41786,41787,98901091,1.77,0.5
41788,41789,98901092#0,10.226666666666665,1.2500000000000004
41790,41791,98901092#1,3.6711111111111108,0.6111111111111113
41792,41793,98901092#2,5.375555555555555,0.2777777777777777
41794,41795,98901092#3,5.637777777777777,0.44444444444444453
41798,41799,E0,6.405714285714286,1.0329670329670328
41800,41801,E1,11.156363636363636,12.672727272727274
41802,41803,E10,2.798285714285714,1.5344537815126051
41804,41805,E12,4.178528138528138,34.25733803768485
41806,41807,E13,5.204642857142857,0.4583600256245996
41808,41809,E14,12.584129032258064,3.198408043569335
41810,41811,E15,6.511851851851851,0.8527777777777776
41812,41813,E16,6.342499999999999,2.056818181818181
41814,41815,E17,4.664600938967136,0.6675967756222876
41816,41817,E2,3.54,0.0
41820,41821,E4,3.933333333333333,0.23809523809523805
41822,41823,E5,6.293333333333333,1.8787878787878782
41824,41825,E7,5.51324414715719,0.7108781982005011
41826,41827,E8,38.3043315089914,918.8512005050887
41828,41829,E9,6.2038323353293405,0.5055912271841857
41830,41831,gneE101,4.7396666666666665,0.32175141242937844
41832,41833,gneE102,6.136,5.7
41834,41835,gneE103,2.038181818181818,0.21818181818181817
41836,41837,gneE104,3.721538461538461,2.807692307692308
41838,41839,gneE11,7.655609756097561,96.30609756097564
41840,41841,gneE112,15.639916666666666,3.596216875871687
41842,41843,gneE113,9.376388140161724,9.53762657536243
41844,41845,gneE114,5.706027397260274,2.1245158242796407
41846,41847,gneE114.33,3.9306206896551723,3.6952107279693505
41848,41849,gneE118,14.75,87.87837837837837
41850,41851,gneE119,18.123589743589744,146.92201956119482
41852,41853,gneE12,8.415638465580662,74.65609561083747
41856,41857,gneE132,0.9141407307171854,0.9695149715575689
41858,41859,gneE134,49.12907849829351,677.6024825845059
41860,41861,gneE136,17.7,2.0
41862,41863,gneE137,30.129635316698657,477.8283615525449
41864,41865,gneE138,45.04226173541963,1215.4745128908635
41866,41867,gneE14,4.588888888888889,0.36111111111111105
41868,41869,gneE14.25,3.2777777777777777,0.9444444444444444
41870,41871,gneE141,19.570731707317073,243.69878048780492
41872,41873,gneE142,14.061666666666666,30.862318840579707
41874,41875,gneE143,8.094589285714285,4.075953498021185
41876,41877,gneE144,24.531685201026516,21.755336196491548
41878,41879,gneE146,12.616923076923076,13.064102564102564
41880,41881,gneE147,11.971014492753623,13.478687127024724
41882,41883,gneE150,7.473333333333333,0.6666666666666667
41884,41885,gneE151,6.114545454545454,0.27840909090909094
41886,41887,gneE153,8.446315789473683,0.5847953216374268
41890,41891,gneE18,41.280967741935484,564.2423267541956
41892,41893,gneE21,12.188863636363637,14.822930524759801
41894,41895,gneE22,8.636379310344827,20.86914935903807
41896,41897,gneE23,11.944912280701754,87.37894736842102
41898,41899,gneE24,6.194999999999999,40.78571428571428
41900,41901,gneE25,9.292499999999999,83.94148936170212
41902,41903,gneE26,3.741463414634146,7.045121951219514
41904,41905,gneE260,9.01225,2.9428797468354433
41906,41907,gneE27,46.25006289308176,475.62630363824513
41908,41909,gneE28,4.363895747599451,0.3291314309832828
41910,41911,gneE289,4.016140350877193,0.4198105884179475
41912,41913,gneE290,3.9202222222222223,0.5579275905118605
41914,41915,gneE291,3.721538461538461,0.3396603396603397
41916,41917,gneE293,3.405142857142857,1.0453781512605043
41920,41921,gneE34,8.688639551192146,25.961962431252655
41922,41923,gneE34.31,5.631893408134642,5.04380919362718
41924,41925,gneE38,4.9559999999999995,10.7
41926,41927,gneE39,3.933333333333333,3.7500000000000004
41928,41929,gneE4,14.812470588235293,10.63109243697479
41930,41931,gneE58,10.483846153846153,34.346153846153854
41932,41933,gneE63,7.4045,2.766666666666668
41934,41935,gneE64,1.7075294117647057,0.2486599373477201
41936,41937,gneE65,5.25248630887185,1.725966065217809
41938,41939,gneE66,3.666590038314176,0.7370294379361826
41940,41941,gneE67,4.72,0.5263157894736841
41942,41943,gneE7,84.1051968503937,28458.002801033283
41948,41949,gneE9,16.10132137030995,198.07890335253208
