from_node,to_node,edge_id,edge_tt,edge_var
0,1,--153692837#1,5.6844,369.5505572441743
2,3,-101238042,5.508,1.0999999999999999
4,5,-101731827#0,0.5058,0.7542283298097253
6,7,-101731827#1,0.9738000000000001,8.988142292490117
8,9,-101731827#2,6.7824,4.5
10,11,-101731858,13.0878,0.0
12,13,-102461801,40.8924,11.3
14,15,-102818928#0,6.6078,1618.7458347273339
16,17,-102818928#1,13.095,1521.37092655642
18,19,-103053747,13.467600000000001,2.9166666666666665
20,21,-103053774#0,1.197,1317.9676346037513
22,23,-103053774#1,0.09000000000000001,0.6390243902439028
24,25,-103053774#2,1.0386,0.6497326203208557
26,27,-103053774#3,7.3854,0.3333333333333335
28,29,-103053774#4,1.9620000000000002,1.2
30,31,-103053774#5,0.3276,0.26785714285714285
32,33,-103053774#6,0.0648,0.42916666666666686
34,35,-103053774#7,2.8656,3.0
36,37,-103053803,13.516200000000001,4.3
38,39,-103396186,1.9620000000000002,4.666666666666667
40,41,-103512657,13.5738,207.65454545454546
42,43,-103512667#0,9.2898,34.95159217176714
44,45,-103512667#2,4.0194,5.64835226394684
46,47,-103512672,51.989399999999996,7.0
50,51,-103671254,7.4682,2.25
52,53,-103671264,4.2228,0.3214285714285713
54,55,-103671267#0,30.4992,0.0
56,57,-103671267#1,3.7224000000000004,0.0
58,59,-103671267#10,0.7956,0.3611111111111111
60,61,-103671267#11,0.7992,0.0
62,63,-103671267#12,1.0044000000000002,0.3333333333333333
66,67,-103671267#14,30.5316,6.333333333333336
68,69,-103671267#2,0.7578,0.25000000000000006
70,71,-103671267#3,1.3176,0.0
72,73,-103671267#4,0.6354,2.3333333333333335
74,75,-103671267#5,0.9774,0.5714285714285713
76,77,-103671267#6,1.1754,0.2777777777777778
78,79,-103671267#7,1.9908000000000001,0.0
80,81,-103671267#9,1.6902,0.23809523809523803
82,83,-103671270,6.309,0.5925925925925927
84,85,-103678452,0.0648,0.19230769230769237
86,87,-103678458#0,0.0648,0.5
88,89,-103678458#1,0.0648,0.18300653594771243
90,91,-103686129#1,115.16040000000001,81.58333333333333
92,93,-103687101,0.1296,370.6827922077922
94,95,-103718186,1.8017999999999998,9012.468077518333
96,97,-104010328,0.25200000000000006,165.5
98,99,-1040258009,13.876199999999999,1.0592637608203614
100,101,-104236368#0,14.806800000000003,5.076923076923076
102,103,-104236369,0.6876,0.043478260869565216
104,105,-1042557946,1.8324,0.11246105919003116
106,107,-1042557947,0.9252,0.10469236760124612
108,109,-10425610#1,3.9798,9500.129864547658
110,111,-10425611#0,13.0194,6469.52572257561
112,113,-10425611#1,8.1198,2353.426338659199
114,115,-10427692#1,5.2505999999999995,1055.6670578846067
116,117,-10427692#2,1.2726,10.999594223061381
118,119,-10427692#3,2.4624,11.22168498168498
120,121,-10427692#4,2.7828,7.173628265588741
122,123,-10427692#5,7.570800000000001,4.413331836215284
124,125,-10427692#6,4.0788,0.26911034171308146
126,127,-10427692#7,7.0614,0.7197350594610868
128,129,-104847200,21.3894,4.800000000000001
130,131,-105141980#0,59.4126,75.06666666666665
132,133,-105141980#1,0.1746,0.33333333333333337
134,135,-105143683#0,36.2754,12.571428571428571
136,137,-105143683#1,9.120600000000001,10.285714285714285
138,139,-105467137,14.8734,2.9958333333333327
140,141,-105482066,9.2592,0.0
142,143,-105540411,11.854800000000001,67.953216374269
144,145,-10597452#0,18.7452,0.33333333333333304
146,147,-10597452#1,15.003000000000002,1.2500000000000004
148,149,-10597454#1,1.71,253.23182957393482
150,151,-10597454#2,3.7403999999999997,75.52482269503544
152,153,-10597455#0,0.0648,0.3
154,155,-10597455#1,5.8086,0.9523809523809524
156,157,-106083637,8.3322,0.7000000000000002
160,161,-107431496#0,6.559200000000001,1.6919337175683298
162,163,-107431496#1,20.2788,2.0306370439379067
170,171,-108237964#2,1.9548,0.3333333333333333
174,175,-108239224#1,11.0898,0.0
176,177,-108239938,15.478200000000001,1.4364791288566243
178,179,-108240279#0,3.3534,8.904761904761905
180,181,-108240279#1,12.3534,24.243589743589748
182,183,-108240279#2,12.4254,49.056582633053225
184,185,-1082935356#0,32.8914,1.333333333333334
186,187,-1082935356#1,23.2254,0.0
188,189,-1082935357#1,53.703,0.0
190,191,-108310250,0.5778,0.14494680851063832
192,193,-108310251,1.7027999999999999,0.6011396011396012
194,195,-108310252,8.3556,0.8505291005291005
196,197,-108310253,2.1564,0.7320024198427104
200,201,-10941814,12.934800000000001,0.8234406215316319
202,203,-10941825,16.7832,1.739647626529009
204,205,-109483355,9.873000000000001,5.333333333333333
206,207,-11014139#1,7.29,3452.441636731673
208,209,-110212545,47.4534,14.7
210,211,-110750652,56.6424,18.166666666666675
212,213,-111120103,7.6374,1.3333333333333335
214,215,-111120105#0,31.095,0.0
216,217,-112979062,9.442800000000002,4.5
218,219,-112979065#1,2.0034,0.30000000000000004
222,223,-112979075,11.9682,0.9999999999999997
224,225,-112979077,7.929,4.7531914893617015
226,227,-112979081,29.273400000000002,11.575498575498575
228,229,-112979094#0,6.9984,2.6304029304029304
230,231,-112979094#1,2.0718,1.508534850640114
232,233,-112979110,6.6798,1.3276044420941302
234,235,-113796178#0,0.2358,2.4175824175824174
236,237,-113796178#1,4.878,0.25000000000000006
238,239,-113796181#1,0.17820000000000003,38.04654654654656
240,241,-113796181#2,0.045000000000000005,2.0073529411764706
242,243,-113796181#3,0.7308000000000001,0.5
244,245,-113796181#4,10.188,0.0
246,247,-113796181#5,11.282399999999999,2.1250000000000004
248,249,-113796182,8.0838,1.2999999999999998
250,251,-113796184,7.009200000000001,1.1428571428571428
252,253,-113796194#0,22.2966,9.8
254,255,-113796195,3.7818,1.7999999999999998
256,257,-113796197,6.9282,1.356060606060606
258,259,-113796198,11.0358,1.2
260,261,-114198606#1,3.6306,199.64698081932264
262,263,-114325482,63.2466,35.3
264,265,-115082348,0.8172,1026.398171495754
266,267,-115082374#0,2.7396000000000003,37.88588588588587
268,269,-115881035#0,16.192800000000002,0.0
270,271,-115881035#1,17.172,2.0
274,275,-115881035#3,17.2872,24.5
276,277,-115881035#4,26.818199999999997,57.0
278,279,-115881035#5,0.23940000000000003,1.2857142857142858
280,281,-115881035#6,12.774600000000001,17.98214285714286
282,283,-115881035#7,23.0436,7.000000000000003
284,285,-115881039,49.761,24.333333333333336
286,287,-115881041#0,15.7392,1819.5243128964057
288,289,-115881041#1,4.5936,91.65064102564101
290,291,-115881041#2,23.4144,2.425396825396826
292,293,-115881041#3,5.6628,0.7277310924369748
294,295,-115881041#4,14.6952,1.3963963963963966
296,297,-115881043#0,16.056,19.190476190476186
298,299,-115881043#10,2.4318,1.1944444444444444
300,301,-115881043#11,22.248,2.5000000000000004
302,303,-115881043#2,4.14,0.7263157894736842
304,305,-115881043#4,4.361400000000001,1.1026315789473689
306,307,-115881043#5,7.957800000000001,2.2614379084967324
308,309,-115881043#7,0.9234,0.24725274725274726
310,311,-115881043#8,1.9854,1.0727272727272723
312,313,-115881043#9,9.957600000000001,1.1222222222222222
314,315,-115881046,40.7178,12.916666666666666
316,317,-115881047,14.963400000000002,0.3333333333333335
318,319,-115881048#0,4.1454,0.0
322,323,-115881049#0,24.3234,5.200000000000001
324,325,-115881049#1,2.0718,0.23809523809523803
326,327,-115881049#2,28.7316,8.410714285714286
328,329,-115881050,24.4692,9.66666666666667
332,333,-116765451#1,17.3538,6997.846292209231
334,335,-116765451#2,0.5202,1.6640960059726846
336,337,-116765457#1,0.2646,5782.224576271185
338,339,-117070809,86.9058,52.62222222222223
340,341,-117560677,13.698,3.9625000000000012
342,343,-118004622,15.766200000000001,0.0
344,345,-118004624#1,53.197199999999995,40.490909090909085
346,347,-118004640#1,7.685999999999999,407.44164456233426
348,349,-118004640#1.47,1.9062,304.30361188857796
350,351,-118004640#2,0.028800000000000003,0.2736694677871148
352,353,-118004640#4,0.54,70.76558265582653
354,355,-118004640#5,2.0808,239.483606557377
356,357,-118004642,15.5556,0.3333333333333335
358,359,-118004649,15.692400000000001,1.0
360,361,-118604348#0,5.418,0.4166666666666666
362,363,-118604348#1,2.835,0.24319727891156462
364,365,-118604350,4.3740000000000006,2.2499999999999996
366,367,-118604351#0,1.6704,0.7666666666666667
368,369,-118604351#1,10.2942,1.6190476190476193
370,371,-118604351#2,18.6858,2.6190476190476186
372,373,-118604351#3,0.8280000000000001,0.2666666666666667
374,375,-118604351#4,28.5822,8.147058823529411
378,379,-118604353,4.095,1.2
380,381,-118604354,4.2246,0.8
382,383,-118604355,4.881600000000001,0.6666666666666666
384,385,-118604356,4.6008000000000004,0.0
386,387,-118604357,4.199400000000001,1.2
388,389,-118604358,4.0824,0.0
392,393,-118604360,4.069800000000001,1.3333333333333335
394,395,-118604365,5.1372,0.0
396,397,-118604366,3.8952000000000004,0.0
398,399,-118604367,3.9330000000000003,0.0
400,401,-118607467,28.3986,0.0
402,403,-118607469#0,22.0968,2.8014184397163113
404,405,-118607469#1,36.4266,6.554116558741905
406,407,-118607469#2,53.9838,14.226641998149853
408,409,-118607469#3,23.5872,4.293246993524513
410,411,-118607469#4,15.075000000000001,0.41071428571428586
414,415,-118607473,9.864,0.0
416,417,-118607475#1,97.119,24.5
418,419,-118607475#2,40.7754,12.5
422,423,-118607480,6.102,1.809523809523809
424,425,-118607482,31.957200000000004,3.904761904761907
426,427,-118607484,6.2388,0.2666666666666669
428,429,-118607485,28.722600000000003,2.6666666666666665
430,431,-118607487#0,0.25739999999999996,0.29054279054279075
432,433,-118607487#1,16.0974,1.714992389649923
434,435,-118607487#10,1.1538000000000002,0.37112799532437163
436,437,-118607487#11,1.3158,0.3607142857142859
438,439,-118607487#12,0.8190000000000001,0.2879105520614955
440,441,-118607487#13,1.368,0.24849170437405735
442,443,-118607487#14,1.1682000000000001,0.32313725490196077
444,445,-118607487#15,1.2060000000000002,0.0816326530612245
446,447,-118607487#2,0.9882000000000001,0.31138716356107665
448,449,-118607487#3,0.882,0.08276797829036633
450,451,-118607487#4,0.7704,0.20624151967435542
452,453,-118607487#5,1.1520000000000001,0.3098145635459067
454,455,-118607487#6,1.0854,0.2539682539682539
456,457,-118607487#7,0.9648000000000001,0.3333333333333331
458,459,-118607487#8,1.1376,0.2516949152542373
460,461,-118607487#9,0.7362,0.23276836158192085
462,463,-118607492,34.4034,13.563636363636363
464,465,-118607497#0,0.0648,0.2857142857142857
466,467,-118607504#4,149.1156,167.83928571428572
468,469,-118607504#5,37.382400000000004,12.0
470,471,-118607504#6,36.1818,9.333333333333336
476,477,-118619445#0,0.0648,0.6081871345029239
478,479,-118619445#1,5.668200000000001,3.2307692307692313
480,481,-118619463,106.1514,62.08974358974359
482,483,-118619465#0,0.0648,0.29047619047619044
484,485,-118619465#1,7.893,0.0
486,487,-118619467,10.728,2.6397058823529407
494,495,-11940927#0,4.3776,4.727733220768258
496,497,-11940927#1,3.9168000000000003,0.2510058247763166
498,499,-11940927#2,10.2348,0.6476911067075002
500,501,-11940927#3,1.6758000000000002,1.1854320542845134
502,503,-11940927#4,4.9302,592.5906040268457
504,505,-11940927#5,45.178200000000004,2.333333333333333
506,507,-119621356#0,352.2654,781.0874316939887
508,509,-119621360#0,0.0648,2.6494949494949496
512,513,-120033060#0,32.6304,24.916666666666668
514,515,-120033060#1,48.852000000000004,0.0
516,517,-120033065,15.2838,5.923809523809524
518,519,-120033067,22.1544,0.0
520,521,-120033068#0,31.147199999999998,12.177777777777774
522,523,-120033068#1,3.7062000000000004,1.2564102564102562
524,525,-120033074#0,47.959199999999996,24.5
526,527,-120033074#1,6.0767999999999995,0.19999999999999996
528,529,-120033077,32.688,2.0
530,531,-120033091#0,32.562,0.0
534,535,-120033097,1.6344,0.33333333333333337
536,537,-120033098#0,0.0648,0.5
538,539,-120033098#3,6.4458,2.0111111111111115
540,541,-120033098#4,37.88100000000001,10.666666666666663
542,543,-120033098#5,19.965600000000002,1.4444444444444444
544,545,-120033098#6,0.54,0.17306397306397311
546,547,-120033098#7,0.0648,0.38316400580551524
548,549,-120033100#0,47.4966,16.46666666666667
550,551,-120033100#1,0.0648,0.4291666666666666
552,553,-120033103,29.476800000000004,9.742647058823524
554,555,-120033104#0,7.1478,0.7602339181286553
556,557,-120033104#1,1.2456,0.5
558,559,-120125554,11.692800000000002,3.2582417582417587
560,561,-120365432,17.0838,8.0
566,567,-120416766#0,8.6688,1.3571428571428577
568,569,-120416766#1,24.0228,3.7997093868061604
570,571,-120416786,31.058999999999997,8.171225937183387
572,573,-120416814#0,29.8818,40.333333333333336
574,575,-120416814#1,0.7956,0.0
576,577,-121110648#0,19.227600000000002,6.333333333333334
578,579,-121110648#1,15.373800000000001,1.0
580,581,-121460647,0.0648,0.0
586,587,-121549474,4.9014,2.361111111111111
588,589,-124194339#0,12.310200000000002,1.357142857142857
590,591,-124194339#1,4.1616,1.7142857142857137
592,593,-125002584,12.774600000000001,0.8390866209262426
594,595,-125002604#0,1.818,10.752777777777782
596,597,-125002604#1,5.6610000000000005,93.83364197530855
600,601,-125014858#0,17.6706,9.780952380952376
602,603,-125014858#1,14.886,0.5000000000000002
606,607,-125014858#3,0.9198000000000001,0.9166666666666666
610,611,-125014865,3.159,0.8
622,623,-125496624,18.3456,21.757352941176475
628,629,-126446062#0,11.028599999999999,8739.039075219793
630,631,-126446062#1,1.4004,818.8697363998657
632,633,-126446062#2,0.48600000000000004,255.7627401837927
634,635,-126446076,63.6444,30.475384615384606
636,637,-126446078,105.9768,105.01470588235297
638,639,-126446083,223.1514,358.1433128275234
640,641,-126446095,37.8972,22.229166666666668
642,643,-126446099,32.6016,8.894153225806454
644,645,-126446100,37.175399999999996,19.877777777777776
646,647,-126446102,23.7816,0.0
648,649,-126446106,58.2858,16.871539313399783
650,651,-126446109,37.272600000000004,6.952380952380957
654,655,-126446115,30.645,5.4673202614379095
656,657,-126446127#0,33.1128,12.094326725905672
658,659,-126446127#1,34.1262,15.519869097709215
660,661,-126446127#2,5.6916,2.1071116110486203
664,665,-126446130#1,16.3044,4.688405797101448
666,667,-126909938,11.9574,0.8221707023870857
668,669,-126909946#0,3.4055999999999997,0.4
670,671,-126909946#1,49.845600000000005,4.5
674,675,-126909971#0,7.047000000000001,32.32222222222222
676,677,-126909971#1,9.4464,2.285714285714285
678,679,-126909971#2,49.8528,0.0
680,681,-126954023,22.4028,19.0
682,683,-126954029#0,18.126,4.333333333333333
684,685,-126954029#1,11.809800000000001,2.9166666666666665
686,687,-126954030,67.05900000000001,26.0
688,689,-126954032,22.2822,3.0
690,691,-126987998,168.588,0.0
692,693,-126987999,98.11980000000001,4.0
710,711,-127076886,3.5388,0.2
712,713,-127076894#2,0.039599999999999996,0.4285492496118683
716,717,-127076896,73.4922,24.5
718,719,-127076900,5.6646,0.5
720,721,-127076901#1,3.8880000000000003,1.0
722,723,-127076902#0,280.53180000000003,406.584084084084
724,725,-127076904,74.2122,14.25
726,727,-127076905#0,81.86399999999999,41.55077317049146
728,729,-127076905#1,27.8352,6.92996026862628
730,731,-127076905#2,0.0648,305.9015695015207
732,733,-127076907,247.4154,180.97290640394084
734,735,-127076908#1,38.9844,5.300000000000001
736,737,-127076909,50.720400000000005,13.439548022598856
738,739,-128070665#1,10.7712,2.086504552160926
740,741,-128070666#0,2.7306,261.5195063880112
742,743,-128070667#1,4.2192,260.47579208945933
744,745,-128070698#0,0.0648,0.44117647058823517
748,749,-128361102#0,24.2298,39.82182130250959
750,751,-128361102#1,8.109,0.5979744208603069
752,753,-128361114#0,1.5732,0.9166666666666666
754,755,-128361114#1,1.1466,0.25
756,757,-128361114#2,1.1034,0.0
758,759,-128361114#3,1.1466,0.0
762,763,-128361114#5,1.1232,0.0
764,765,-128361114#6,1.1880000000000002,0.0
766,767,-128361114#7,1.179,0.0
768,769,-128361115#0,1.629,3.0
770,771,-128361115#1,1.0098,0.0
776,777,-128361115#4,1.2816,4.5
778,779,-128361115#5,1.1196,0.0
782,783,-128361115#7,1.179,0.0
784,785,-128361115#8,1.1556,0.0
788,789,-128361133,2.9358,0.0
792,793,-128361137#0,9.3438,0.4888888888888888
794,795,-128361137#1,10.503,1.357142857142857
798,799,-128361139#1,9.909,4.0
800,801,-128361140#0,9.8604,0.0
802,803,-128361140#1,9.909,0.0
804,805,-128361142#0,9.8604,0.5
808,809,-128361144#0,11.3112,0.0
810,811,-128361144#1,9.345600000000001,3.6999999999999993
812,813,-128361145#0,9.3492,0.5
814,815,-128361145#1,11.3148,2.0
816,817,-128361146#0,11.3112,0.5
818,819,-128361146#1,9.345600000000001,0.9444444444444445
820,821,-128361148#0,9.345600000000001,0.0
822,823,-128361148#1,11.3112,1.333333333333333
824,825,-128361149#0,11.3112,0.0
826,827,-128361149#1,9.345600000000001,3.944444444444444
840,841,-128361155#0,9.3438,3.4999999999999996
842,843,-128361155#1,11.3148,0.0
844,845,-128361157#0,9.8604,0.0
852,853,-128361161#0,9.8604,0.5
854,855,-128361161#1,9.909,0.0
856,857,-128361162#0,14.639399999999998,0.5
860,861,-128361163#0,11.3112,2.285714285714285
862,863,-128361163#1,9.345600000000001,1.2
864,865,-128361165#0,11.3148,3.5833333333333335
866,867,-128361165#1,9.3438,0.3333333333333335
868,869,-128668758#0,1.8521999999999998,0.3377049180327868
870,871,-128668758#0.24,14.4864,0.9759562841530054
872,873,-128668758#1,4.7754,0.9325646401118096
874,875,-128668758#1.44,2.025,0.430817610062893
876,877,-128668758#3,14.949,1.1048780487804881
878,879,-128668759#1,8.758799999999999,0.0
880,881,-128906555,6.195600000000001,37.1869698222406
882,883,-129130803#0,16.533,0.0
884,885,-129130803#1,7.002000000000001,0.5
886,887,-129130803#2,8.064000000000002,0.5
888,889,-129130803#3,0.7992,0.5
890,891,-129130803#4,10.4436,2.0
892,893,-129130803#5,0.0432,0.0
894,895,-129130803#6,9.945,2.0
896,897,-129130803#7,0.0432,0.5
898,899,-129130805#0,43.3296,3.0
900,901,-129130805#1,20.2986,3.5833333333333335
908,909,-129130810#3,2.9322,0.6323671497584544
910,911,-129130810#4,0.6966,0.2502085070892411
912,913,-129130810#5,8.1198,0.5968306922435361
914,915,-129130810#6,10.4274,2.5208507089241023
916,917,-129130810#60,3.672,0.31367806505421175
918,919,-129130810#7,1.971,0.6000196986112479
920,921,-129323704#0,64.3212,84.25000000000001
922,923,-129323704#1,1.9620000000000002,2.3333333333333335
924,925,-129323704#2,4.5252,1.2000000000000002
926,927,-129323704#3,50.6556,38.90476190476191
928,929,-129323704#4,0.0648,2.1944444444444446
930,931,-129323706#0,0.6444,0.0
938,939,-129323706#4,0.3852,0.5
940,941,-129323706#5,0.6678000000000001,0.0
942,943,-129323706#6,0.5886,0.0
944,945,-129323706#7,0.5760000000000001,0.33333333333333337
948,949,-129323707#1,1.7586,0.33333333333333326
950,951,-129323707#2,1.2006000000000001,0.5
952,953,-129323707#3,1.4400000000000002,0.0
954,955,-129323707#4,1.3626,0.0
960,961,-129323711,22.041,0.0
964,965,-129323715,17.9316,2.0
966,967,-129323718,23.290200000000002,2.3333333333333326
968,969,-129323719,5.4395999999999995,0.0
970,971,-129323720,9.7344,0.0
972,973,-129323721,15.381,0.0
974,975,-129323722,13.9104,0.5
984,985,-129323730,21.8718,12.0
986,987,-129323739#0,25.290000000000003,10.0
988,989,-129323739#1,2.2176,4.163636363636364
990,991,-129323739#2,14.639399999999998,3.1428571428571423
992,993,-129323741#0,0.3078,0.0
994,995,-129323741#1,0.4662,0.0
996,997,-129323741#2,0.3402,2.0
998,999,-129323741#3,1.3014,0.6666666666666666
1002,1003,-129323742#0,34.9218,0.0
1004,1005,-129323742#1,2.3346,0.5
1006,1007,-129323742#2,28.6614,0.0
1008,1009,-129323743#0,0.25200000000000006,0.3333333333333333
1010,1011,-129323743#1,0.5562,0.19999999999999998
1012,1013,-129323743#2,0.6245999999999999,0.0
1014,1015,-129323743#3,0.6768000000000001,0.9166666666666666
1016,1017,-129323743#4,0.621,0.33333333333333326
1018,1019,-129323743#5,0.3078,0.0
1020,1021,-129323744#0,35.7642,14.333333333333336
1022,1023,-129323744#1,3.5316,0.8
1024,1025,-129323744#2,16.8318,6.300000000000001
1028,1029,-129323745#1,0.5472,0.33333333333333337
1030,1031,-129323745#2,0.49500000000000005,0.30000000000000004
1032,1033,-129323745#3,0.5346,0.0
1036,1037,-129323746#0,0.7128000000000001,1.6
1038,1039,-129323746#1,0.3402,0.6666666666666666
1040,1041,-129323746#2,0.7704,0.2678571428571429
1042,1043,-129323746#3,1.1916,0.3078078078078079
1044,1045,-129323746#4,2.4246,1.0439024390243903
1046,1047,-129323746#5,2.6316,1.1684088269454125
1048,1049,-129379920#1,2.214,14.730561839477675
1050,1051,-129379920#1.28,2.2428,13.37430324250381
1052,1053,-129379922,4.642200000000001,0.8424352341876277
1054,1055,-129379925,3.8484,128.4072880927927
1056,1057,-129379925.33,2.8764000000000003,249.91496906261423
1058,1059,-129379930#0,1.8485999999999998,2.4530583214793737
1060,1061,-129379930#10,39.0942,9.7
1062,1063,-129379930#11,0.0648,0.26666666666666666
1064,1065,-129379930#2,0.0324,8.896739130434783
1066,1067,-129379930#4,0.0522,0.7
1070,1071,-129379930#6,0.1422,0.0
1072,1073,-129379930#8,0.0648,0.5
1074,1075,-129379930#9,0.0648,1.0
1076,1077,-129379931,23.3442,1.5000000000000004
1078,1079,-129379932,26.087400000000002,2.666666666666666
1080,1081,-129379933,25.977600000000002,2.0
1082,1083,-129379938,26.0424,1.7777777777777777
1084,1085,-129379939,23.869799999999998,7.000000000000003
1086,1087,-129379940,23.578200000000002,4.333333333333335
1090,1091,-129379942,24.0246,0.0
1092,1093,-129379943,26.0388,5.1944444444444455
1098,1099,-129379947,25.9866,0.0
1100,1101,-129379950#0,3.8682000000000003,0.0
1102,1103,-129379951#0,4.1148,2.2499999999999996
1104,1105,-129379952#1,1.1178000000000001,16.37665647298675
1106,1107,-129379952#10,0.09000000000000001,0.3333333333333333
1108,1109,-129379952#11,1.3374,2.3333333333333335
1110,1111,-129379952#12,0.7956,0.0
1112,1113,-129379952#13,1.6182,2.3333333333333335
1114,1115,-129379952#14,1.6704,0.33333333333333337
1116,1117,-129379952#15,0.7578,1.0
1118,1119,-129379952#16,1.1106,0.29999999999999993
1120,1121,-129379952#17,1.0044000000000002,0.5
1122,1123,-129379952#18,0.5868,0.33333333333333337
1124,1125,-129379952#19,1.2168,0.7
1126,1127,-129379952#2,0.2016,0.2972367438386856
1130,1131,-129379952#21,0.9414,1.7
1132,1133,-129379952#22,0.621,0.7500000000000002
1134,1135,-129379952#23,1.0368,0.36363636363636365
1136,1137,-129379952#24,1.3086,0.31428571428571433
1138,1139,-129379952#25,0.531,0.7476190476190478
1140,1141,-129379952#26,1.1844000000000001,0.6571428571428571
1142,1143,-129379952#27,1.0422,1.6780626780626777
1144,1145,-129379952#28,0.3438,0.31724137931034485
1146,1147,-129379952#29,1.0493999999999999,0.4962121212121212
1148,1149,-129379952#3,0.2682,0.37997334856272613
1150,1151,-129379952#30,0.0648,0.5951219512195124
1152,1153,-129379952#4,0.3942,0.46505050505050505
1154,1155,-129379952#5,0.162,0.33264699153511773
1156,1157,-129379952#6,0.0648,0.29562828475871955
1158,1159,-129379952#7,0.5112,0.45505617977528096
1160,1161,-129379952#8,0.0648,0.3006345848757272
1162,1163,-129379952#9,4.5198,0.0
1164,1165,-129379953#0,0.1296,0.07971014492753625
1166,1167,-129379953#1,14.5746,3.156410256410256
1172,1173,-129379958#1,0.0648,0.0
1174,1175,-129379958#2,0.0648,0.16363636363636366
1176,1177,-129379958#3,0.0648,0.8096618357487922
1178,1179,-129379962#0,1.0782,1.8070175438596492
1180,1181,-129379962#1,5.9544,0.3247311827956988
1182,1183,-129379962#2,14.119200000000001,7.111111111111111
1184,1185,-129379962#3,1.5156,0.5
1186,1187,-129379962#4,1.5534000000000001,3.2
1188,1189,-129379964,21.6252,5.666666666666667
1190,1191,-129778904#0,13.9302,0.5277777777777779
1192,1193,-129778904#1,7.0056,0.8076923076923079
1194,1195,-129778904#2,4.2264,0.2564102564102565
1196,1197,-129778904#3,29.163600000000002,7.076923076923076
1198,1199,-129778925,13.6692,0.0
1200,1201,-129994349,35.2458,24.8
1202,1203,-129994350,35.136,4.0
1204,1205,-130185484#0,48.7368,2.0
1206,1207,-130185484#1,0.5058,4.25
1208,1209,-130185484#2,0.1296,0.0
1210,1211,-130185486#0,9.756,0.4999999999999999
1212,1213,-130185486#1,16.3062,1.2000000000000002
1214,1215,-130185486#2,15.055200000000001,4.476190476190477
1216,1217,-130185488#1,6.5412,2.0948107077882683
1218,1219,-130185488#1.58,3.7782000000000004,68.90282317275351
1220,1221,-130185488#2,4.0734,0.2843054594265817
1222,1223,-130185488#3,8.503200000000001,0.5669360122297447
1224,1225,-130185488#4,5.0922,0.18057562975635638
1226,1227,-130185490#1,2.7774,41.070478723404236
1228,1229,-130185490#2,92.5506,596.343761569789
1230,1231,-130185490#3,92.8494,0.0
1232,1233,-130185490#4,1.9098,736.2692307692308
1234,1235,-130185494,23.549400000000002,1.3611111111111112
1236,1237,-130185495,23.2866,0.0
1238,1239,-130996521#1,54.2196,12315.571117561685
1240,1241,-130996521#2,105.048,214.0397779833489
1242,1243,-130996521#3,66.807,24.9047619047619
1244,1245,-130996528,63.20700000000001,25.0
1246,1247,-130996529,20.4534,4.916666666666665
1248,1249,-131118449,0.7632,317.20789473684204
1250,1251,-131118454,0.5058,25.38048780487805
1252,1253,-131118455,0.738,0.3259244689221084
1254,1255,-131118458,38.2914,673.1179678552198
1256,1257,-131118459#0,15.575400000000002,1330.5444444444445
1258,1259,-131118459#1,10.971,2.611111111111111
1260,1261,-131118460#0,15.575400000000002,1.4666666666666663
1262,1263,-131118460#1,9.3204,1.3333333333333335
1264,1265,-131118462#0,0.7614,0.6909090909090907
1266,1267,-131118462#1,1.1142,0.9166666666666666
1268,1269,-131118462#2,0.936,0.0
1270,1271,-131118464#0,0.0648,0.0
1272,1273,-131118464#1,0.48240000000000005,0.2666666666666667
1274,1275,-131118464#2,0.8748,0.5666666666666667
1276,1277,-131634116#0,1.2942,82.6111111111111
1278,1279,-131634116#1,4.118399999999999,0.2678571428571429
1282,1283,-131634117#1,1.6092,0.42615384615384627
1284,1285,-131634117#2,0.0648,0.7397849462365591
1286,1287,-131634117#3,4.0338,1.9571428571428573
1288,1289,-131634117#5,5.4323999999999995,1.0816091954022986
1290,1291,-131634130#0,0.9036000000000001,0.3333333333333333
1292,1293,-131634130#1,6.0678,0.4444444444444443
1294,1295,-131634134#0,10.9134,2846.586666666667
1296,1297,-131634134#1,0.49140000000000006,1.2781649245063882
1298,1299,-131634136,4.3776,873.1471631205675
1300,1301,-131634138#1,8.3916,0.14285714285714288
1302,1303,-131634138#2,2.3436000000000003,0.2666666666666667
1304,1305,-131634140#0,2.7612,0.6830065359477124
1306,1307,-131634140#1,8.346599999999999,1.2205882352941182
1308,1309,-131634140#2,6.9444,0.9904761904761903
1310,1311,-131634142,5.9508,3.0
1312,1313,-131634144#1,3.8394,2.0
1314,1315,-131634145#0,0.12600000000000003,0.1400000000000001
1316,1317,-131634145#1,6.174,0.9239766081871349
1318,1319,-131634145#2,4.095,1.8823529411764708
1320,1321,-131634145#3,0.0648,0.11857707509881421
1322,1323,-131634145#4,6.9984,1.2753623188405798
1324,1325,-131700647#0,5.1732000000000005,0.0
1332,1333,-131700652#0,8.0478,1.0294117647058825
1334,1335,-131700652#1,18.210600000000003,1.7333333333333334
1336,1337,-131700653#0,6.9048,2.9166666666666665
1338,1339,-131700654#0,2.8332,1.0
1340,1341,-131700654#1,30.4704,4.749999999999998
1342,1343,-131700656,25.750799999999998,0.0
1344,1345,-131722023,23.230800000000002,0.0
1346,1347,-131722024,21.141,2.9166666666666665
1348,1349,-135583699,15.908399999999999,36.5
1352,1353,-136435842,33.814800000000005,3.6555555555555586
1356,1357,-136436468#1,6.5772,0.34782608695652184
1358,1359,-136436468#2,2.5182,0.5054347826086956
1360,1361,-136436469,11.25,1210.4142857142856
1362,1363,-136436470,12.1302,0.6025641025641021
1364,1365,-136436471,29.383200000000002,0.0
1368,1369,-136436475#0,5.6916,0.6999999999999997
1370,1371,-136436476#1,0.12600000000000003,354.17695184665735
1372,1373,-136436476#10,4.905,0.7309941520467835
1374,1375,-136436476#11,10.8324,0.0
1376,1377,-136436476#2,0.0648,99.67857142857144
1378,1379,-136436476#3,12.186,1189.631868131868
1380,1381,-136436476#4,6.9444,0.29090909090909095
1382,1383,-136436476#5,20.3724,4.300000000000001
1384,1385,-136436476#6,5.4234,0.0
1386,1387,-136436476#7,3.4019999999999997,0.0
1388,1389,-136436476#9,5.1444,0.8611111111111112
1390,1391,-136437407#0,0.41400000000000003,0.23333333333333334
1392,1393,-136437407#1,0.1872,0.30000000000000004
1394,1395,-136437407#2,14.886,0.0
1396,1397,-136437411,30.564,5.3
1398,1399,-136517436#0,35.9676,0.0
1400,1401,-136517436#1,3.978,2.011111111111111
1402,1403,-136517436#2,16.6212,2.408496732026143
1404,1405,-136517436#3,0.0648,0.41847826086956524
1406,1407,-136517436#4,24.1902,0.0
1408,1409,-136517439,4.4190000000000005,294.43954802259884
1410,1411,-136517442#0,4.5846,0.647783251231527
1416,1417,-136618617#0,7.1154,4.555349870418365
1418,1419,-136618617#1,1.1718000000000002,0.2998246639392168
1420,1421,-136618617#2,20.925,3.093137254901961
1422,1423,-136618617#3,12.2688,1.695195195195195
1424,1425,-136618617#4,5.5602,0.37333333333333335
1426,1427,-136618618,70.3584,3.6666666666666665
1428,1429,-136728344#0,28.076400000000003,2.6606698564593287
1430,1431,-136728344#3,18.0702,5.543330755679074
1432,1433,-136728344#4,9.1044,1.1815712021734206
1434,1435,-136728344#4.82,7.9074,0.5867110808287284
1436,1437,-136728347#0,7.9685999999999995,16.66846754114123
1438,1439,-136728347#1,6.7302,1.9130460293045028
1440,1441,-136728347#2,5.8932,1.4249859487258676
1442,1443,-136728347#3,0.5022000000000001,0.3463378598004057
1444,1445,-136728347#4,2.079,0.30193462308205515
1458,1459,-136728351#0,25.4394,24.27596017069701
1460,1461,-136728351#1,43.1424,24.23529411764706
1462,1463,-136728351#3,169.71120000000002,264.6580086580089
1470,1471,-136728366#0,3.6936,1.176411290322581
1472,1473,-136728366#1,2.3436000000000003,5381.114285714286
1500,1501,-136888519#0,10.0152,41.814581560283706
1502,1503,-136888519#1,3.2418,0.3436837747182573
1504,1505,-136888525,119.7324,59.66666666666665
1506,1507,-136900855,1.278,0.24735449735449727
1508,1509,-137031654#0,1.7424,1.0
1510,1511,-137031654#1,3.2796000000000003,0.33333333333333326
1512,1513,-137132992#0,1.8521999999999998,0.2794117647058823
1514,1515,-137132992#1,4.9914000000000005,0.35897435897435886
1516,1517,-137132992#2,4.2858,0.42307692307692296
1518,1519,-137132992#3,0.5346,0.7435897435897436
1524,1525,-137133010#2,4.5036,1.0
1526,1527,-137246371#1,3.3444000000000003,867.3509067647476
1528,1529,-137246371#2,2.0016000000000003,579.1759775165922
1530,1531,-137246375,0.3816,1.8727272727272724
1550,1551,-137435076,7.6572,4.0
1552,1553,-137435081,2.4858000000000002,2934.916666666666
1554,1555,-137435083,5.425199999999999,6783.333333333334
1556,1557,-137435084#0,8.9838,1.6944444444444446
1558,1559,-137435084#1,0.2142,0.0
1560,1561,-137435089,16.569,3653.8611111111113
1562,1563,-137435091,21.0006,1.3021978021978018
1564,1565,-137435095,29.354400000000002,1.0
1566,1567,-137435100#0,1.791,2.285714285714286
1568,1569,-137435100#1,2.5092,14388.56666666667
1570,1571,-137435100#2,3.6846000000000005,8618.777777777777
1572,1573,-137435102#0,0.0684,2.484975541579315
1574,1575,-137435102#1,1.1142,5.006666666666667
1576,1577,-137435102#2,21.4614,4.151515151515152
1578,1579,-137435107#0,4.069800000000001,4.4869281045751634
1580,1581,-137435107#2,13.042800000000002,5.066666666666666
1582,1583,-137435107#3,17.557199999999998,1.2111111111111112
1584,1585,-137435107#4,0.3294,0.8
1586,1587,-137454133#1,1.845,2.0056818181818183
1588,1589,-137454133#3,5.760000000000001,2.045378151260504
1590,1591,-137454133#4,5.592600000000001,0.5714285714285714
1592,1593,-137454133#5,11.3058,2.528138528138528
1594,1595,-137463474#0,16.606800000000003,117537.51713297407
1596,1597,-137463474#1,11.763,34617.576794216184
1598,1599,-137463475#0,0.3726,9043.787250646245
1600,1601,-137463475#1,7.0182,99584.24190173873
1602,1603,-137463475#2,13.5414,320712.6529653553
1604,1605,-137463478#1,1.0151999999999999,1653.5288765509815
1606,1607,-137463478#1.16,12.4632,4270.859334727942
1608,1609,-137463478#2,11.6748,3771.2662592398583
1610,1611,-137463478#3,9.9252,3972.502914572864
1612,1613,-137500982#2,20.5506,4.891625615763546
1616,1617,-137672872,11.556000000000001,7.1729123990842325
1618,1619,-137672879,45.876599999999996,0.0
1620,1621,-137685135,2.8422,154.4733249807777
1622,1623,-137685160#0,9.725399999999999,2.9999999999999996
1624,1625,-137685160#1,0.039599999999999996,0.27301587301587305
1626,1627,-137685160#2,9.1944,0.8137651821862345
1628,1629,-137685160#3,0.7056,0.4975609756097558
1636,1637,-137685161#3,1.8648,0.0
1638,1639,-137685161#4,329.15700000000004,373.2089985486212
1640,1641,-137685161#5,1.3086,0.7600250626566414
1642,1643,-137685161#6,65.23740000000001,25.561101028433153
1644,1645,-137685161#7,86.85719999999999,49.067796610169495
1646,1647,-138002149#1,2.3994,632.8231473709732
1648,1649,-138002149#2,18.862199999999998,5792.135819359757
1650,1651,-138002149#3,10.5066,1150.368432203389
1652,1653,-138002150,9.599400000000001,0.0
1654,1655,-138265831,12.7944,5.714285714285714
1656,1657,-138300617#0,2.2266000000000004,2.027667984189723
1658,1659,-138300617#1,3.1788000000000003,0.6245059288537548
1660,1661,-138300617#2,0.7110000000000001,0.25377468060394887
1662,1663,-138300617#3,15.7212,2.004429678848283
1664,1665,-138300617#4,11.0646,0.48941935483871
1666,1667,-138300620#1,1.6254000000000002,170.2674253200569
1668,1669,-138300620#2,7.502400000000001,21.356097560975606
1670,1671,-138300620#6,10.953,0.8327796234772977
1672,1673,-138300621#0,42.132600000000004,4.916666666666667
1676,1677,-138300624#0,13.2066,1.344444444444444
1678,1679,-138300624#1,11.2932,2.9000000000000004
1680,1681,-138300626#0,0.7362,1.3589743589743593
1682,1683,-138300626#1,14.450400000000002,0.9444444444444449
1686,1687,-138396689#2,42.0642,21.111111111111114
1688,1689,-138396689#3,6.4062,2.333333333333334
1690,1691,-139230366,1.197,114.47391653519078
1694,1695,-139429268,4.3974,0.4781842057169156
1696,1697,-139429275#0,20.0808,2.944444444444444
1698,1699,-139429275#1,5.5548,0.19999999999999996
1702,1703,-140579883,23.5818,4.333333333333332
1704,1705,-140684000#1,2.1348,1349.1436662447522
1706,1707,-140684000#1.23,1.9080000000000001,943.7763514985844
1708,1709,-140684003,31.626,4914.910256410257
1710,1711,-140737941#0,14.328,3.8000000000000003
1712,1713,-140737941#1,1.8558,0.3333333333333333
1714,1715,-140737941#2,1.791,0.24999999999999992
1716,1717,-140737941#3,1.9260000000000002,0.0
1718,1719,-140737941#4,1.7748,4.25
1720,1721,-140737941#5,1.1358000000000001,0.0
1722,1723,-140737941#6,0.738,0.5
1724,1725,-140737941#7,1.6740000000000002,3.0
1726,1727,-140737941#8,1.0224,0.0
1728,1729,-140737941#9,0.9126000000000001,0.3
1730,1731,-140737946,38.1276,0.0
1732,1733,-140737948#0,3.0006,0.9000000000000001
1734,1735,-140737948#1,2.2626,1.2111111111111112
1736,1737,-140737948#10,1.2042000000000002,0.46396396396396394
1738,1739,-140737948#11,13.1058,2.038054968287526
1740,1741,-140737948#2,1.8738,3.377777777777779
1742,1743,-140737948#3,0.9396000000000001,0.4999999999999999
1744,1745,-140737948#4,1.278,0.6060606060606061
1746,1747,-140737948#5,1.1394,0.34558823529411753
1748,1749,-140737948#6,1.1880000000000002,0.3188405797101449
1750,1751,-140737948#7,1.1358000000000001,0.7806267806267807
1752,1753,-140737948#8,1.2276,1.1024955436720143
1754,1755,-140737948#9,1.0386,0.4319327731092437
1756,1757,-140737954#0,0.9324,0.7636363636363638
1758,1759,-140737954#1,1.3572,1.4285714285714286
1760,1761,-140737954#10,1.1718000000000002,1.0666666666666669
1762,1763,-140737954#11,1.5606,5.2250000000000005
1764,1765,-140737954#12,0.0486,1.6427061310782243
1766,1767,-140737954#13,1.2042000000000002,0.7711962833914056
1768,1769,-140737954#3,1.2942,0.0
1770,1771,-140737954#4,0.9684,0.5
1772,1773,-140737954#5,1.2078000000000002,0.16666666666666669
1774,1775,-140737954#6,1.2924,1.890909090909091
1776,1777,-140737954#7,0.2718,0.2777777777777778
1778,1779,-140737954#8,0.747,0.2909090909090909
1780,1781,-140737954#9,0.81,1.690909090909091
1782,1783,-140737957,7.6914,4.027777777777779
1786,1787,-140737969,0.0648,0.7564102564102564
1788,1789,-140737971,7.594200000000001,0.0
1790,1791,-140737980#0,9.3492,0.0
1792,1793,-140737980#1,1.7586,0.0
1794,1795,-140737986,7.7058,2.6666666666666665
1796,1797,-140737990,6.291,0.0
1800,1801,-140738001,7.7076,0.0
1802,1803,-140738003,7.6698,0.29999999999999993
1804,1805,-140738008,7.578,0.0
1806,1807,-140738011,7.9218,0.5
1808,1809,-140738021,24.1866,0.3333333333333333
1810,1811,-140738034,24.705,0.0
1812,1813,-140738037,24.75,2.7999999999999994
1814,1815,-140738047#0,0.0648,0.21428571428571427
1816,1817,-140738047#1,0.5147999999999999,0.606060606060606
1818,1819,-140738047#2,8.5734,0.0
1820,1821,-140738054#0,11.116800000000001,4.397435897435898
1822,1823,-140738054#1,1.1178000000000001,0.8625
1824,1825,-140738054#2,0.0648,0.5505142165759227
1826,1827,-140739763,7.2738000000000005,3.4666666666666672
1828,1829,-140834247#0,16.8804,17.583333333333336
1830,1831,-140834247#1,32.821200000000005,0.0
1832,1833,-140834248,8.253,0.5
1834,1835,-140834249#0,17.9982,1.329637096774194
1836,1837,-140834249#1,8.226,0.6438746438746439
1838,1839,-140834249#10,13.8114,0.5666666666666665
1840,1841,-140834249#11,18.7182,1.066666666666667
1842,1843,-140834249#2,0.198,0.31384615384615394
1844,1845,-140834249#3,0.36000000000000004,0.24561403508771928
1846,1847,-140834249#4,1.7226,0.496732026143791
1848,1849,-140834249#5,1.6686,0.19999999999999993
1850,1851,-140834249#6,2.4894000000000003,0.20952380952380964
1852,1853,-140834249#7,5.9274000000000004,0.8076923076923078
1854,1855,-140834249#8,21.7548,3.6
1856,1857,-140834249#9,5.434200000000001,0.1666666666666667
1858,1859,-140834250,13.7826,0.0
1860,1861,-140834251,16.479,0.5
1862,1863,-140834252,16.8534,5.866666666666666
1866,1867,-140834254#0,7.587,6.150782361308677
1868,1869,-140834254#10,11.034,0.5535714285714286
1870,1871,-140834254#11,4.903200000000001,0.5535714285714286
1872,1873,-140834254#13,7.738200000000001,1.0256410256410255
1874,1875,-140834254#2,5.139,0.7173913043478264
1876,1877,-140834254#3,4.3866,0.5368421052631579
1878,1879,-140834254#4,4.248,0.8128654970760232
1880,1881,-140834254#5,5.6466,0.4705882352941174
1882,1883,-140834254#6,3.2418,1.7647058823529411
1884,1885,-140834254#7,13.383,1.1923076923076925
1886,1887,-140834254#8,9.379800000000001,2.2666666666666666
1888,1889,-140834254#9,11.575800000000001,2.3333333333333335
1890,1891,-140834255#1,8.035200000000001,19.32748538011697
1892,1893,-140834256#0,32.283,4.333333333333334
1894,1895,-140834256#1,0.225,0.6666666666666666
1896,1897,-140834257#0,17.2422,4.333333333333331
1898,1899,-140834257#1,10.366200000000001,40.5
1902,1903,-140834257#4,9.1044,0.0
1904,1905,-140834257#5,5.1408,0.5
1906,1907,-140834257#6,16.7634,8.799999999999999
1908,1909,-140834257#7,13.014000000000001,4.238095238095239
1910,1911,-140834260,33.5916,9.333333333333336
1912,1913,-140834261#0,14.022,0.8054275473630311
1914,1915,-140834261#1,0.2808,0.22991071428571425
1916,1917,-140834261#2,1.413,0.18948412698412703
1918,1919,-140834261#3,24.777,1.63952892985151
1920,1921,-140834262#0,10.4148,6.916049382716051
1922,1923,-140834262#1,8.6832,0.6594181604466646
1924,1925,-140834263#0,14.347800000000001,1.8602941176470593
1926,1927,-140834263#1,5.1174,0.8589743589743596
1928,1929,-140834270#0,33.6762,4.700000000000001
1930,1931,-140834270#2,34.9632,0.5
1932,1933,-140834271#0,30.7098,16.333333333333332
1938,1939,-141058755#0,13.2246,1.4164797238999134
1940,1941,-141058755#1,17.0406,1.9346842082998421
1942,1943,-141058755#2,5.652,0.34517793641881256
1944,1945,-141058755#3,2.6118,0.1629907773386035
1946,1947,-141058755#4,1.5138,0.11378129117259553
1950,1951,-141058758,26.928,0.33333333333333304
1952,1953,-141058763,29.732400000000002,0.0
1954,1955,-143054330,0.0648,0.24725274725274723
1956,1957,-143054332#0,4.0896,4.141025641025641
1958,1959,-143054333#1,0.12240000000000001,1.1111111111111112
1960,1961,-143054333#10,12.1212,1.333333333333333
1962,1963,-143054333#11,5.7168,0.33333333333333326
1964,1965,-143054333#12,3.3894,0.6868131868131867
1966,1967,-143054333#13,48.7368,16.57142857142858
1968,1969,-143054333#14,5.8572,2.2536231884057965
1970,1971,-143054333#15,1.71,0.3188405797101449
1972,1973,-143054333#16,1.7964,0.3846153846153847
1974,1975,-143054333#17,0.0648,0.25806451612903225
1976,1977,-143054333#18,0.0648,0.7132132132132133
1978,1979,-143054333#19,4.4352,0.8198717948717948
1980,1981,-143054333#2,42.8958,14.333333333333336
1982,1983,-143054333#20,1.9205999999999999,0.25889046941678534
1984,1985,-143054333#21,1.6992,1.1331923890063422
1986,1987,-143054333#22,2.052,1.65265700483092
1988,1989,-143054333#23,5.0112,1.3996753246753244
1990,1991,-143054333#4,58.878,47.76666666666667
1992,1993,-143054333#5,59.69520000000001,16.090909090909097
1994,1995,-143054333#6,32.209199999999996,0.0
1996,1997,-143054333#7,22.626,1.6428571428571428
1998,1999,-143054333#8,15.1308,6.999999999999999
2000,2001,-143054333#9,7.4718,0.0
2002,2003,-143313737,18.1332,3.3333333333333326
2004,2005,-143313739,25.4844,0.0
2006,2007,-143313756,124.21979999999999,69.86189516129029
2008,2009,-144654970,49.3074,0.0
2010,2011,-144655546#0,12.3696,16958.01889390879
2012,2013,-144655546#1,17.937,22504.63286407024
2014,2015,-144655546#2,0.8622,754.699063593126
2016,2017,-144655547#0,12.5838,1.4492203180484806
2018,2019,-144655547#1,5.869800000000001,0.42118566176470595
2020,2021,-144655547#2,2.4228,0.23699243476918333
2022,2023,-144655547#3,9.2178,0.6774765802496028
2024,2025,-144655547#4,3.0978000000000003,0.2092017909526015
2026,2027,-144657087#0,13.4082,211.12333333333336
2028,2029,-144657087#2,14.7582,573.7556818181819
2030,2031,-144657087#3,6.8544,2.1719886632026464
2032,2033,-144657087#4,14.7816,2.2022988505747123
2034,2035,-144657087#5,18.531,2.0909090909090904
2036,2037,-144657087#6,34.9722,11.533596837944659
2038,2039,-144659492#0,3.3714,0.19444444444444442
2040,2041,-144659492#1,8.379000000000001,0.3076923076923078
2042,2043,-144659492#2,7.9236,0.9532163742690055
2044,2045,-144659492#3,2.3274,0.2536231884057971
2046,2047,-144659492#4,3.2958,0.38949275362318836
2048,2049,-144659492#5,3.3714,0.2826086956521738
2050,2051,-144659492#6,4.861800000000001,0.24384236453201977
2052,2053,-144659492#7,4.8186,0.40340909090909094
2054,2055,-144659493,3.8520000000000003,17.666666666666664
2056,2057,-144659496,12.4452,0.0
2060,2061,-145069278#0,6.0732,19870.30013589594
2062,2063,-145069278#1,20.460600000000003,77245.39009334538
2064,2065,-145069278#2,17.1648,29747.75198354393
2066,2067,-145069284,3.1644,5018.141025641026
2068,2069,-145069287#0,4.3398,0.3293439716312057
2070,2071,-145069287#1,6.0858,0.5492021276595744
2072,2073,-145069287#2,4.0824,0.18439716312056723
2074,2075,-145069287#3,5.9796000000000005,0.5514184397163121
2076,2077,-145069287#4,3.8286,0.5035460992907802
2078,2079,-145069287#8,5.5422,2.8934693877551014
2080,2081,-145069294#0,2.7324,12585.779562542719
2082,2083,-145069294#1,7.2738000000000005,61928.20263157894
2084,2085,-145069294#2,4.5252,34616.187464142284
2086,2087,-145069303#1,3.5514,2581.677521488412
2088,2089,-145069303#2,3.6486000000000005,2001.1821516217558
2090,2091,-145069303#3,5.2812,3221.9018402369666
2092,2093,-145069303#4,4.2912,2392.8302530128626
2094,2095,-145069307#0,3.2760000000000002,0.6964285714285714
2096,2097,-145069307#1,1.4238000000000002,0.4107142857142857
2098,2099,-145069309,38.3436,13.285714285714286
2100,2101,-145069316#1,2.493,27.992647058823533
2102,2103,-145069320#0,1.3860000000000001,0.23333333333333334
2104,2105,-145069320#1,5.2452000000000005,2.0
2106,2107,-145069334,0.1296,0.5238095238095238
2108,2109,-145069335#1,6.201,730.6999999999999
2110,2111,-145069335#2,1.6614000000000002,0.8
2112,2113,-145069335#3,1.1772,0.25
2114,2115,-145069335#4,0.5346,0.0
2116,2117,-145069347#0,28.755,3.5000000000000018
2118,2119,-145069347#1,3.636,4.738367346938777
2120,2121,-145069357,10.0944,30512.81025641026
2122,2123,-145069369#0,2.5758,6627.8161764705865
2124,2125,-145069369#1,2.8782,3904.7285714285717
2126,2127,-145069371#0,15.337800000000001,10056.146187363836
2128,2129,-145069371#1,0.7686,165.8387596899224
2130,2131,-145069391,3.2508000000000004,514.1204312841112
2132,2133,-145577005,6.9696,0.0
2134,2135,-145577009,95.571,4.666666666666667
2136,2137,-145577013,87.7572,48.285714285714285
2140,2141,-146973200#0,0.48780000000000007,0.1975051975051976
2142,2143,-146973200#1,23.495400000000004,2.4593995989344846
2144,2145,-146973200#2,1.1826,0.17654217873762082
2148,2149,-146973212,5.9886,0.817787041862081
2150,2151,-146973214#1,11.998800000000001,276.89958163268784
2152,2153,-146973214#10,0.1386,0.1716554643494152
2154,2155,-146973214#11,0.2844,0.21482205082595837
2156,2157,-146973214#12,1.1178000000000001,0.45554691613804904
2158,2159,-146973214#13,2.8134,1.3922413793103445
2160,2161,-146973214#17,0.1602,0.47344118471610735
2162,2163,-146973214#18,4.0302,0.7485116838998006
2164,2165,-146973214#2,3.5874,0.7975637926518758
2166,2167,-146973214#21,1.2762,0.8603317399939415
2168,2169,-146973214#22,3.8286,0.684462787911064
2170,2171,-146973214#23,8.4474,1.0104558194805033
2172,2173,-146973214#6,2.736,0.293872183950847
2174,2175,-146973214#7,2.8764000000000003,0.37469512195121923
2176,2177,-146973214#9,1.8864,0.36896608072460724
2178,2179,-146973218#0,9.883799999999999,1.3176031606672514
2180,2181,-146973218#1,10.510200000000001,0.8563146997929607
2182,2183,-146973218#2,9.594000000000001,0.6743361895694485
2184,2185,-146973218#3,18.829800000000002,1.6414285714285717
2186,2187,-146973218#4,0.0252,0.2187677779041983
2188,2189,-146973218#5,6.8688,22.258102035421622
2190,2191,-146973225#1,6.2622,10.729244668910338
2192,2193,-146973225#1.38,2.5236,30.794035245949562
2194,2195,-146973225#2,1.3860000000000001,5.862892204098641
2196,2197,-146973225#3,6.573600000000001,15.801450668038166
2198,2199,-146973234#0,7.9254,3.5
2200,2201,-146973234#1,132.0678,163.0
2202,2203,-146973236#0,3.4164,0.6073517126148701
2204,2205,-146973236#1,15.1326,1.1137205120067704
2206,2207,-146973236#10,5.2164,0.28253968253968254
2208,2209,-146973236#11,6.2585999999999995,1.4500000000000002
2210,2211,-146973236#12,21.8016,2.839285714285715
2212,2213,-146973236#13,4.8906,0.5000000000000002
2214,2215,-146973236#14,6.6132,0.0
2216,2217,-146973236#15,0.2898,0.0
2218,2219,-146973236#2,8.856,0.6045250755917003
2220,2221,-146973236#3,5.634,0.3019497445521845
2222,2223,-146973236#4,6.0894,0.395996246481076
2224,2225,-146973236#5,8.8218,0.7654676258992804
2226,2227,-146973236#7,3.5244,1.5575896262395126
2228,2229,-146973236#8,13.1418,1.3145235892691944
2230,2231,-146973236#9,4.0482000000000005,0.22857142857142868
2234,2235,-147014252#0,8.4402,0.0
2236,2237,-147014252#1,1.2473999999999998,0.9666666666666666
2238,2239,-147014252#2,8.2962,0.25000000000000006
2240,2241,-147014252#3,8.9694,1.5833333333333337
2242,2243,-147014252#4,2.7936,0.9166666666666666
2244,2245,-147014252#6,15.9876,0.8095238095238096
2246,2247,-147014256,168.786,67.0
2248,2249,-147014270#0,73.82520000000001,15.333333333333334
2250,2251,-147014273#0,3.447,0.7500000000000001
2252,2253,-147014273#1,9.8388,0.904761904761905
2254,2255,-147042365#0,2.6262000000000003,0.3333333333333335
2256,2257,-147042365#1,1.6776000000000002,0.8496732026143792
2258,2259,-147042366,5.8986,0.5714285714285716
2260,2261,-147042372#0,1.9385999999999999,1.3571428571428572
2262,2263,-147042373,14.1084,0.0
2264,2265,-147042385#0,14.594400000000002,347.6060606060606
2266,2267,-147042385#1,31.523400000000002,6.222222222222224
2268,2269,-147042385#2,38.6766,8.654545454545453
2270,2271,-148050447#0,23.4972,226.99999999999997
2272,2273,-148050447#1,14.166,1.8243902439024395
2274,2275,-148050448#0,10.1178,577.7105131109226
2276,2277,-148050448#1,7.977600000000001,269.88704215813556
2278,2279,-148050451#0,14.1948,513.5168362403097
2280,2281,-148050451#1,6.7661999999999995,10.793714285714286
2282,2283,-148050451#2,13.701600000000001,46.45085714285717
2284,2285,-148050452#0,11.2068,2445.731157731158
2286,2287,-148050452#1,26.5122,1532.6909090909091
2288,2289,-148050453#0,9.6984,628.048620850865
2290,2291,-148050453#1,6.0102,0.6396321070234114
2292,2293,-148050453#3,10.4148,1.3872180451127818
2294,2295,-148050453#4,21.619799999999998,3.2322695035460995
2296,2297,-148050453#5,20.4066,3.3876040703052728
2298,2299,-148050455#0,14.455800000000002,29.55010898192716
2300,2301,-148050455#1,7.8876,1376.7172236904692
2302,2303,-148050456,25.812,1380.8106060606058
2304,2305,-148050457#0,4.7106,35.090476190476195
2306,2307,-148050457#1,13.5504,3.4909090909090907
2308,2309,-148050457#2,2.9934000000000003,0.9444444444444446
2314,2315,-148126360#0,1.2294,0.0
2316,2317,-148126360#1,12.247200000000001,0.0
2318,2319,-148126361#1,22.374,443.02777777777777
2320,2321,-148126361#2,5.598,0.30000000000000004
2322,2323,-148126361#3,12.2724,0.6999999999999998
2324,2325,-148351766,0.0162,0.4260611567406587
2326,2327,-148352067,11.514600000000002,1.2782709113607984
2340,2341,-148527678#0,15.6798,1.2000000000000006
2342,2343,-148527678#1,7.662599999999999,2.333333333333333
2344,2345,-148527678#2,5.4036,3.0
2346,2347,-148527679#0,29.9808,0.30000000000000027
2360,2361,-148527688#0,4.5648,0.0
2362,2363,-148527688#1,3.8898,0.0
2366,2367,-148527691#1,5.355,25.488918439716304
2368,2369,-148527691#2,9.324,0.6524822695035462
2370,2371,-148527691#3,11.9088,1.1910460992907805
2372,2373,-148527691#4,20.611800000000002,2.796484736355227
2374,2375,-148527691#5,8.0028,0.791859389454209
2376,2377,-148527691#6,6.6204,0.4889184397163121
2378,2379,-148527691#7,17.2386,1.6152482269503554
2380,2381,-148527691#8,27.1692,4.357712765957447
2382,2383,-148527691#9,3.9672000000000005,0.29609929078014185
2384,2385,-148529632#0,35.879400000000004,5.370129870129872
2386,2387,-148529632#2,18.3528,1.6291666666666678
2388,2389,-148529632#3,38.4012,0.9666666666666659
2390,2391,-148529632#4,18.282600000000002,0.5666666666666665
2392,2393,-148596540#0,10.9278,0.8446652762442243
2394,2395,-148596540#1,3.9438,0.3181451612903226
2396,2397,-148596540#2,29.1708,7.497468241638611
2406,2407,-148680864,7.3062000000000005,0.0
2408,2409,-148680865,1.6380000000000001,0.769230769230769
2410,2411,-148680866#0,0.117,0.27272727272727276
2412,2413,-148680869#0,7.5456,0.5
2414,2415,-148680869#1,9.2916,0.0
2428,2429,-149044751#0,14.790600000000001,334.7522522522522
2430,2431,-149044751#1,8.91,0.7109243697478993
2432,2433,-149044751#2,6.759,0.8783068783068787
2434,2435,-149045266,25.7418,3740.0231854838703
2436,2437,-149045269#0,4.293,0.33333333333333337
2438,2439,-149045269#1,4.649400000000001,0.0
2440,2441,-149045269#3,7.570800000000001,290.00000000000006
2442,2443,-149045845,16.1676,3.8909090909090915
2444,2445,-150391230,5.5818,0.17391304347826078
2446,2447,-15057616#0,16.144199999999998,0.5666666666666671
2448,2449,-15057616#1,8.5392,2.3823529411764706
2450,2451,-15066337#0,16.929,0.8791208791208788
2452,2453,-15066337#1,11.475,1.4444444444444444
2454,2455,-15066337#2,22.9482,1.6666666666666667
2456,2457,-15066337#3,21.6864,0.3333333333333333
2458,2459,-15066339#0,7.0074,0.4358974358974359
2460,2461,-15066339#1,5.13,1.7500000000000004
2462,2463,-15066339#2,15.0966,3.142857142857143
2464,2465,-15066339#3,9.8316,0.5666666666666667
2466,2467,-150746347#0,25.5942,568.1211887550207
2468,2469,-150746347#1,3.6,6.935685828116108
2470,2471,-150746347#2,35.053200000000004,6.162064156206415
2472,2473,-150746347#4,3.4038,0.6036652835408021
2474,2475,-150746361#1,4.062600000000001,243.77259924370918
2476,2477,-150746361#2,41.3928,253.5723499943983
2478,2479,-150746364#1,6.827400000000001,139.3827956989247
2480,2481,-150746364#2,0.0648,1.507056451612903
2482,2483,-150746364#4,0.7218000000000001,0.8187134502923975
2484,2485,-150816775,4.687200000000001,0.34519368723099003
2488,2489,-151167720#0,4.8906,1153.842105263158
2490,2491,-151167720#1,20.9088,6.264705882352942
2492,2493,-151167730,24.9858,2.7666666666666675
2496,2497,-151167733#3,13.114799999999999,2.1589713617767385
2498,2499,-151167733#4,12.817800000000002,1.1005649717514128
2500,2501,-151167733#5,7.1676,0.4602019407290847
2502,2503,-151167738#2,36.5058,38564.44534412954
2504,2505,-151167753,24.7086,0.9999999999999986
2506,2507,-151345398#1,14.688,4.333333333333332
2508,2509,-151345399,3.1824,0.23809523809523805
2510,2511,-151345400,3.6648,0.2999999999999999
2512,2513,-151345407#0,0.8064,54.80153846153846
2514,2515,-151345407#1,1.26,62.641538461538445
2516,2517,-151345408#0,40.982400000000005,8.658008658008653
2518,2519,-151345409#0,28.3626,5.7888888888888905
2520,2521,-151345409#1,0.35640000000000005,0.8333333333333334
2522,2523,-151345409#2,0.7146,0.3611111111111113
2524,2525,-151345409#3,9.8388,1.0999999999999999
2526,2527,-151345410,41.4414,4.25
2528,2529,-152036408,28.5354,13501.166666666666
2530,2531,-152037912,7.614000000000001,8.8
2532,2533,-152037913#0,5.6592,9946.181318681318
2534,2535,-152037913#1,1.1196,0.17777777777777778
2536,2537,-152037914,5.6916,0.3333333333333333
2538,2539,-152038425,9.738000000000001,2.2857142857142843
2540,2541,-152038426,8.107199999999999,2.5666666666666664
2542,2543,-152038427,9.232199999999999,1.2
2544,2545,-152039154#0,5.0472,2.952380952380953
2546,2547,-152039154#1,1.0908,2.555263157894737
2548,2549,-152039156,14.3442,4.666666666666666
2550,2551,-152039157,14.2344,1.333333333333334
2552,2553,-152040623#0,1.4238000000000002,0.690909090909091
2554,2555,-152040623#1,8.8146,1.8392857142857142
2556,2557,-152077572#0,0.873,1406.49636547663
2558,2559,-152077572#1,4.7862,10669.96348940913
2560,2561,-152077572#2,9.604800000000001,11771.269390514834
2562,2563,-152079697,9.4986,1.2111111111111112
2564,2565,-152079698,18.320400000000003,3.9
2566,2567,-152079703,7.666200000000001,0.9047619047619047
2568,2569,-152081136,3.8322000000000003,852.2424242424241
2570,2571,-152081143,5.7132,0.9166666666666666
2578,2579,-153220338#0,5.7996,34993.05759162304
2580,2581,-153220338#1,2.8188,16625.31986578414
2582,2583,-153220338#2,7.7274,19052.646988795514
2584,2585,-153220338#3,0.2988,0.32076176250933525
2586,2587,-153220338#4,4.1094,51.48232323232323
2588,2589,-153222274#1,1.6794000000000002,0.33333333333333326
2590,2591,-153222274#2,0.3528,0.0
2592,2593,-153222274#3,42.546600000000005,5.333333333333332
2594,2595,-153222276,1.3302,0.0
2596,2597,-153222277,1.071,0.0
2598,2599,-153692837#1,5.6844,12876.813473574688
2600,2601,-153692837#2,26.267400000000002,36005.003272544185
2602,2603,-153692841#0,7.0506,27.390476190476193
2604,2605,-153692841#1,6.0372,0.3790849673202614
2606,2607,-153692841#2,8.728200000000001,1.217391304347825
2608,2609,-153692841#4,1.7226,0.29344729344729353
2610,2611,-153692841#5,18.1188,2.318548387096775
2612,2613,-153692841#6,18.869400000000002,89.6844758064516
2614,2615,-153774648#0,43.6536,11.801343784994414
2616,2617,-153774648#1,96.7176,38.25362318840578
2618,2619,-153774649#0,15.4206,5.565022589278
2620,2621,-153774649#1,9.9522,5.867911056711546
2622,2623,-154658249,5.7726,0.6964285714285714
2624,2625,-155458987,0.0432,0.05479818230419674
2626,2627,-155847370,13.158,0.9278879015721131
2630,2631,-155847568,49.2156,13.606884057971019
2632,2633,-156041643#0,5.724,0.3024777933613837
2634,2635,-156041643#1,1.6794000000000002,0.3170899107755662
2636,2637,-156041643#2,3.4038,0.2785372522214626
2638,2639,-156041695,17.265600000000003,7.696969696969697
2640,2641,-156041699,13.0104,52.952380952380956
2642,2643,-156041708,9.2178,62.268774703557305
2644,2645,-156041710,27.252000000000002,88.38636363636365
2646,2647,-156041713#1,1.3464,9.307692307692307
2648,2649,-156041713#2,12.4506,12.914414414414416
2650,2651,-156041713#3,13.743,2.4738461538461523
2652,2653,-156791366#0,5.5908,20290.452516129033
2654,2655,-156791366#1,23.241600000000002,64723.12716222534
2656,2657,-156791366#2,20.136599999999998,1829.1402439024391
2658,2659,-156817405,1.2168,1882.8620689655168
2660,2661,-156923382,6.4908,1.476190476190476
2662,2663,-156923383,7.0938,12939.466666666667
2664,2665,-156923526#1,4.6259999999999994,8496.428899473665
2666,2667,-156923526#2,14.785200000000001,19134.666971497078
2668,2669,-156923526#3,1.854,2437.86460681928
2670,2671,-156923526#4,1.53,831.0152326424528
2674,2675,-157118751,7.714799999999999,0.0
2676,2677,-157305700#2,28.7658,2.6410256410256445
2678,2679,-157305700#3,9.369,0.8285714285714286
2680,2681,-157305700#4,4.095,0.2605263157894736
2682,2683,-157305700#5,3.114,0.15526315789473688
2684,2685,-157305700#6,11.1006,0.7473684210526316
2688,2689,-157305702#0,5.337,0.33333333333333326
2690,2691,-157305702#1,12.186,2.4107142857142856
2692,2693,-157305702#2,19.0152,4.027777777777778
2694,2695,-157305703,3.0834,11.066666666666668
2696,2697,-157306362#0,0.8838,0.8059380378657487
2698,2699,-157306362#1,1.5822,0.4653846153846155
2700,2701,-157306362#10,22.525199999999998,2.7720797720797674
2702,2703,-157306362#2,1.8648,0.5294685990338165
2704,2705,-157306362#3,1.8468,0.21652421652421647
2706,2707,-157306362#4,4.7664,0.17543859649122812
2708,2709,-157306362#5,8.5932,1.11437908496732
2710,2711,-157306362#8,35.74080000000001,5.407114624505926
2712,2713,-157306362#9,27.0522,7.173913043478264
2714,2715,-157306363,23.002200000000002,4.299999999999999
2716,2717,-157306371,21.0366,4.3
2718,2719,-158179325#0,1.0872,0.25000000000000006
2720,2721,-158179326,8.0748,2.285714285714286
2722,2723,-158179327,7.1802,1.1
2724,2725,-158179329#0,43.6914,4.5
2726,2727,-158179329#1,16.6734,0.0
2728,2729,-158179329#2,7.6302,0.9924242424242425
2730,2731,-158179329#3,1.0368,1.3333333333333333
2732,2733,-158179332,8.116200000000001,1.04093567251462
2734,2735,-158180482#0,3.4398,0.9047619047619048
2736,2737,-158180482#1,3.5766000000000004,0.6777777777777777
2738,2739,-158180482#2,1.5948,0.26373626373626374
2740,2741,-158180482#3,0.5616,0.0
2742,2743,-158180482#4,1.8234,0.5
2750,2751,-159579401#5,8.344800000000001,0.0
2752,2753,-159579401#6,11.331,1.9015151515151516
2754,2755,-159579401#7,5.5404,0.879120879120879
2756,2757,-159579413,45.8478,11.999999999999998
2758,2759,-159633435,28.6704,4.25
2760,2761,-159646351,4.2984,1.4096153846153847
2762,2763,-159646354,26.5464,11.609704968944094
2764,2765,-159646363#0,8.504999999999999,2.2489919354838706
2766,2767,-159646363#1,0.4626,0.9053249678249676
2768,2769,-159646363#2,1.557,2.0455840455840457
2770,2771,-159646363#3,11.4192,9.265865384615388
2772,2773,-159743996#0,9.7992,1.2
2774,2775,-159743996#1,8.118,0.0
2776,2777,-159743996#2,10.510200000000001,0.9166666666666662
2778,2779,-159743996#3,21.8736,8.666666666666666
2780,2781,-159961033,4.7574,0.7499999999999999
2782,2783,-159961041,20.3274,5.267857142857143
2784,2785,-160090329#0,0.8352,0.3091954022988505
2786,2787,-160090329#1,23.040000000000003,3.7196969696969693
2788,2789,-160090329#2,2.9754,2.2666666666666666
2790,2791,-160090330,16.0794,18077.529411764706
2792,2793,-160090331,15.802200000000001,3.0
2794,2795,-160309404#1,19.0944,485.58333333333326
2796,2797,-160309406#0,7.207199999999999,28292.909343200732
2798,2799,-160309406#1,11.2338,1.6555555555555554
2800,2801,-160309406#2,11.829600000000001,5.1428571428571415
2802,2803,-160311903#1,32.7456,89100.3451219512
2804,2805,-160314345#0,7.8065999999999995,234.2571428571428
2806,2807,-160314345#1,15.7572,3.3566666666666674
2808,2809,-160314345#2,17.598599999999998,1.1241830065359475
2810,2811,-160314345#3,14.949,1.0769230769230769
2812,2813,-160314345#4,15.7158,12.12337662337662
2814,2815,-160314345#7,16.4142,569.0968309859156
2816,2817,-160314345#8,22.2876,57.283255086071975
2818,2819,-160314346#0,11.565,1.284758719541329
2820,2821,-160314346#1,7.973999999999999,9.54811881188119
2822,2823,-160314351#0,7.680600000000001,0.33333333333333326
2824,2825,-160314351#1,0.2358,0.0
2826,2827,-161678034#0,5.1318,7019.426329388808
2828,2829,-161678034#1,26.838,78583.58484184444
2830,2831,-161678034#2,8.503200000000001,6591.944127606487
2840,2841,-161783475#4,13.4172,0.0
2842,2843,-161783475#5,3.0708,0.0
2844,2845,-161783477,12.5586,0.31372549019607837
2846,2847,-161783480,0.5327999999999999,0.217305382260627
2848,2849,-161784059#0,36.4302,8.971273560222347
2850,2851,-161784059#1,12.2886,1.1514063506453234
2852,2853,-161784059#2,16.0902,1.2294834707547604
2854,2855,-161784059#3,13.5432,0.9088370122115647
2856,2857,-161784059#4,2.9339999999999997,0.23176547632805589
2858,2859,-161784059#5,9.8658,0.4500365961708854
2868,2869,-161789031#0,5.3100000000000005,1.5535714285714286
2870,2871,-161789031#1,19.3914,0.5
2872,2873,-161789031#2,3.7872000000000003,0.23809523809523805
2874,2875,-161789031#3,2.7684,0.0
2876,2877,-161789031#4,28.0746,3.0
2878,2879,-161789031#5,3.0978000000000003,7.0
2880,2881,-161789031#6,2.7197999999999998,0.9047619047619048
2882,2883,-161789031#7,3.3966000000000003,0.4242424242424242
2884,2885,-161789032,19.596600000000002,0.0
2886,2887,-161789034,19.6794,0.0
2888,2889,-161789040,2.871,13.206965174129351
2890,2891,-161789044#1,0.45,0.22134387351778653
2892,2893,-161789044#2,4.6044,0.0
2894,2895,-161789046#0,36.2682,3.2
2896,2897,-161789379#1,7.812,0.0
2898,2899,-161789381,1.9422,2.5751633986928106
2902,2903,-163591683,173.5668,90.33333333333333
2904,2905,-164051403#0,5.4323999999999995,1.5689578713968955
2906,2907,-164051405#1,7.628400000000001,3.1105625110209845
2908,2909,-164051405#2,3.4974000000000003,0.25414141414141417
2910,2911,-164051408,1.2653999999999999,0.24928806133625417
2912,2913,-164051410#0,8.1666,2907.7963879598665
2914,2915,-164051410#1,1.1196,236.78162325221146
2916,2917,-164051413#0,1.2132,500.2900865045312
2918,2919,-164051417#0,0.18000000000000002,0.33720220840390913
2920,2921,-164051417#1,2.9610000000000003,0.4368759496932563
2922,2923,-164051420,0.0432,0.27637288642825075
2924,2925,-164051425#0,3.078,0.22522522522522528
2926,2927,-164051425#1,17.665200000000002,0.9654654654654653
2928,2929,-164051425#2,23.7834,2.2319327731092424
2930,2931,-164051425#3,10.9512,0.5721997300944665
2932,2933,-164051425#4,14.414399999999999,1.1511470985155192
2934,2935,-164051429#2,5.922000000000001,2906.735177375619
2936,2937,-164051431#0,10.26,2.666666666666666
2938,2939,-164051431#1,0.8424,1.125
2940,2941,-164051431#2,19.0278,1.454545454545454
2942,2943,-164051431#3,17.6976,1.6428571428571426
2944,2945,-164051431#4,8.3682,0.8000000000000002
2946,2947,-164051431#5,2.1816,1.4666666666666666
2948,2949,-164051438#0,0.5976,0.3244511533063211
2950,2951,-164051438#0.17,12.607199999999999,0.7735335398956602
2952,2953,-164051438#1,5.486400000000001,0.283959816498936
2954,2955,-164051438#2,3.5388,0.2779508248077835
2956,2957,-164064646,39.988800000000005,0.0
2958,2959,-164078531#0,16.686,51.46383822409315
2960,2961,-164078531#0.144,9.142199999999999,181.2819638081308
2962,2963,-164078531#1,2.826,1.6815671754221269
2964,2965,-164078536,9.0432,1.8357428272538625
2972,2973,-164633674#0,5.0598,400.05714285714276
2974,2975,-164633674#1,7.848000000000001,72.00000000000001
2976,2977,-164859338#1,3.4902,1.3518518518518523
2978,2979,-164859338#2,6.3288,2.3049932523616734
2980,2981,-164859338#3,26.6076,10.065359477124181
2982,2983,-164859338#4,1.1034,0.16842105263157897
2984,2985,-165414587#0,0.5454,0.4948408962530601
2986,2987,-165520703#0,0.7505999999999999,517.9187678964643
2988,2989,-165520703#1,4.6764,5838.163512029943
2990,2991,-165520703#2,3.2688,4057.2316481254197
2992,2993,-165520703#3,3.2598,3679.9674638487218
2994,2995,-165520703#4,12.366,13774.363070083085
2996,2997,-165520725,1.4634,10196.370766488413
3018,3019,-166638348#0,66.9618,63.6764705882353
3020,3021,-166638348#1,23.617800000000003,6.777777777777778
3022,3023,-166638348#2,8.181000000000001,0.8187830687830688
3024,3025,-166638348#3,6.3162,0.5436507936507936
3044,3045,-166638351#13,38.1042,0.8000000000000005
3046,3047,-166638351#14,8.874,2.371657754010694
3048,3049,-166638351#15,15.8994,3.9730094466936565
3050,3051,-166638351#16,6.1937999999999995,3.7794117647058822
3070,3071,-166638353#0,12.6972,1.0
3072,3073,-166638353#1,25.5564,11.302197802197801
3112,3113,-166638360#0,4.7718,54.32275132275135
3130,3131,-166638364,65.8692,142.9666666666667
3134,3135,-166638366,65.6712,3.5
3142,3143,-166638367#3,42.2028,30.554232804232807
3144,3145,-166638367#4,35.7192,18.031746031746028
3146,3147,-166638367#5,37.08540000000001,18.813846153846153
3148,3149,-166638367#6,107.0712,63.32417582417583
3156,3157,-166638371#0,8.883,2.7074829931972793
3158,3159,-166638371#1,12.7584,2.917112299465241
3180,3181,-166638371#2,17.1648,3.4333333333333327
3182,3183,-166638371#3,7.0452,1.4476190476190478
3196,3197,-166638372,39.9924,10.563636363636366
3226,3227,-166639902#0,15.838199999999999,1.0
3230,3231,-166639902#2,9.8262,2.0
3234,3235,-166642721,3.717,1.5476190476190472
3240,3241,-166821307#0,0.0648,0.6758893280632411
3242,3243,-166821307#1,37.1916,11.444444444444446
3244,3245,-166821307#2,1.3428,1.0
3246,3247,-166821308#1,15.332400000000002,2.9234365867913508
3248,3249,-166821308#2,5.517,4.46969696969697
3250,3251,-166821308#4,0.5562,0.5714285714285714
3252,3253,-166822309#0,15.543,4.369281045751634
3254,3255,-166822309#1,1.4472,1.2857142857142858
3256,3257,-166822311#0,2.3508,26.916666666666668
3258,3259,-166822311#1,1.3176,1.9733333333333334
3260,3261,-166822311#3,0.0648,4.1345029239766085
3262,3263,-166822311#4,17.793,2.0
3264,3265,-166822311#5,1.2762,0.2380952380952381
3266,3267,-166823358,2.6910000000000003,0.33333333333333326
3268,3269,-166823359#0,0.0648,0.9523809523809522
3270,3271,-166878977,30.591,1076.9333333333334
3272,3273,-166878981,1.1682000000000001,1.9444444444444442
3274,3275,-166878983,3.1410000000000005,306.6815789473684
3276,3277,-166878985,7.353,0.0
3280,3281,-166878986#1,5.7078,2.9166666666666674
3282,3283,-166878987#0,7.7345999999999995,0.5
3284,3285,-166878987#1,8.0226,4.333333333333334
3286,3287,-166878988#0,4.8132,0.0
3288,3289,-166878988#1,7.7472,0.0
3290,3291,-166878990#0,5.193,1.4666666666666668
3292,3293,-166878990#1,7.718400000000001,0.0
3294,3295,-166878991#0,7.723800000000001,0.0
3296,3297,-166878991#1,7.4556000000000004,0.0
3300,3301,-166878992#1,7.7508,12.5
3302,3303,-166878993#1,0.5886,539.2122877122878
3304,3305,-166878993#2,35.8092,89.33918128654972
3306,3307,-166878994#0,10.2492,2.0
3308,3309,-166878994#1,5.8751999999999995,1.7333333333333334
3310,3311,-166878996#1,0.936,980.9064856711916
3312,3313,-166878996#2,12.843,326.40919540229885
3314,3315,-166878996#3,15.3396,0.0
3316,3317,-166878996#4,19.5354,12.5
3318,3319,-168158771,4.086,1.2424242424242415
3320,3321,-168158796#0,20.0808,3.2
3322,3323,-168158796#1,0.0648,0.14285714285714285
3324,3325,-168158796#2,0.0648,1.8666666666666671
3326,3327,-168158811#0,6.183,0.27777777777777746
3328,3329,-168158820#0,12.933,1.75
3330,3331,-168158820#1,0.0522,0.2307692307692308
3332,3333,-168158826,7.4556000000000004,1.333333333333333
3344,3345,-168243629#1,3.024,6530.0885821792235
3346,3347,-168243629#2,1.9044,578.65240852856
3348,3349,-168243632,14.184,18.916666666666668
3350,3351,-168245119#0,5.0652,26055.993455201977
3352,3353,-168245119#1,19.1142,110546.75671149202
3354,3355,-168249926#0,1.8396000000000001,9.211848164110588
3356,3357,-168249928,1.3896000000000002,0.0
3358,3359,-168249929,3.6738,1.3666666666666667
3360,3361,-168434697,9.757800000000001,1.4285714285714288
3362,3363,-168511765#0,9.7056,2.838095238095238
3364,3365,-168511765#1,9.6408,4.352380952380953
3366,3367,-168853055#0,11.7144,0.6906132157221313
3368,3369,-168853055#1,44.1558,8.872342812272143
3370,3371,-168853060#0,1.26,0.0
3372,3373,-168853060#1,50.940000000000005,1.3333333333333321
3374,3375,-168853061#0,1.5372,0.5
3376,3377,-168853061#1,67.1058,33.10256410256411
3378,3379,-168853061#2,51.2874,22.055555555555557
3380,3381,-168853069#0,88.7544,31.88669950738916
3382,3383,-168853069#1,64.69380000000001,35.87522281639929
3384,3385,-168853069#2,338.32800000000003,595.0806722689076
3386,3387,-168853071#0,110.4534,102.16908563134983
3388,3389,-168853071#1,68.1246,38.599033816425106
3390,3391,-168853071#2,71.307,47.08514492753625
3392,3393,-168853071#3,2.1366,0.9411764705882352
3394,3395,-168853071#4,307.4562,328.7999999999999
3396,3397,-169739284,1.9080000000000001,2.718353736123909
3398,3399,-170398274#0,1.9980000000000002,32922.78924731182
3400,3401,-170398274#1,2.7756000000000003,28261.908866995076
3402,3403,-170398274#2,3.8789999999999996,5561.550264550267
3404,3405,-170398274#3,0.3996,0.3743386243386243
3406,3407,-170425366#1,28.9098,27.0
3408,3409,-170425366#2,52.723800000000004,23.0
3410,3411,-170425366#3,18.414,2.0
3412,3413,-170425366#4,30.211199999999998,12.333333333333329
3414,3415,-170425366#5,28.3914,0.5
3416,3417,-170425368,14.8428,3.527777777777777
3420,3421,-171006990#0,6.6941999999999995,32.71936758893281
3422,3423,-171006990#1,11.993400000000001,1.5000000000000009
3424,3425,-171006990#2,10.031400000000001,1.0666666666666669
3426,3427,-171006990#3,18.4086,0.33333333333333304
3428,3429,-171007007#1,5.6664,4.5
3430,3431,-171007012#0,28.1412,3.3666666666666663
3432,3433,-171007012#2,13.3074,0.7
3434,3435,-171007013#0,4.8258,6.161957886602917
3436,3437,-171007013#1,3.618,0.33321952884943645
3438,3439,-171007013#10,3.3804,0.9920948616600792
3440,3441,-171007013#11,19.8144,1.9291666666666667
3442,3443,-171007013#12,2.6928,1.9636363636363634
3444,3445,-171007013#2,1.0584,0.3155519480519481
3446,3447,-171007013#3,1.1124,0.14761573268360598
3448,3449,-171007013#4,29.0664,3.968441814595664
3450,3451,-171007013#5,7.0884,1.7147599591419818
3452,3453,-171007013#6,15.4116,1.025632262474368
3454,3455,-171007013#7,6.4242,0.4311263318112635
3456,3457,-171007013#8,5.7762,4.076354679802956
3458,3459,-171007020#0,20.910600000000002,3.6666666666666665
3460,3461,-171007020#1,7.2522,0.49090909090909074
3462,3463,-171007020#2,5.7906,0.7777777777777777
3464,3465,-171007027,129.1176,2.800000000000006
3466,3467,-171007032,5.7654,0.0
3468,3469,-171007036#0,9.495000000000001,2.2727272727272734
3472,3473,-171007040#0,46.2366,9.061904761904762
3474,3475,-171007040#1,0.0648,0.20158102766798416
3476,3477,-171007045,35.3016,60.33333333333333
3480,3481,-171525985#0,13.8276,0.0
3484,3485,-171571099,9.2772,0.3866995073891629
3486,3487,-171571101#2,2.3832,0.0665024630541872
3488,3489,-171571142#0,75.5226,54.139682539682546
3490,3491,-171571142#1,340.9128,1308.1625
3492,3493,-171571153,0.24840000000000004,1.1441245019171484
3508,3509,-171571169,51.6618,25.01853228693378
3510,3511,-171571171,502.8678,2261.4046153846148
3512,3513,-171571172#2,36.8874,13.758258258258255
3516,3517,-171639938#0,171.95759999999999,0.0
3518,3519,-171786502#1,10.8072,1.3623188405797104
3520,3521,-171786505,18.414,0.6666666666666667
3522,3523,-172488500#0,23.238,1936.4965765765762
3524,3525,-172488501,32.1822,0.6666666666666666
3528,3529,-172493318#1,12.6684,0.7000000000000003
3530,3531,-172493318#2,14.9796,1.6190476190476197
3532,3533,-172493319,6.710400000000001,0.0
3534,3535,-172493322,10.1916,1.8380952380952384
3536,3537,-172493328,25.0794,28.0
3538,3539,-172497282#0,0.0648,6786.2908961593175
3540,3541,-172497282#1,0.0648,4423.359477124183
3542,3543,-172497282#2,23.617800000000003,337.7
3544,3545,-172497282#3,0.0648,0.6777777777777777
3546,3547,-172497282#4,18.6192,5.242424242424244
3548,3549,-172497282#5,15.1506,2.1103448275862076
3550,3551,-172497283,12.927600000000002,333.09090909090907
3552,3553,-172497285,0.0648,0.46249999999999997
3554,3555,-172497289,17.269199999999998,6.214285714285714
3556,3557,-172497291#0,2.3796000000000004,0.7500000000000001
3558,3559,-172497291#1,5.5818,17284.0
3560,3561,-172497293#0,13.6098,4502.390476190476
3562,3563,-172497293#1,14.1318,21375.454545454544
3564,3565,-172497293#2,6.336,0.33333333333333326
3566,3567,-172497295#0,0.08460000000000001,0.9411764705882353
3568,3569,-172497295#1,7.9956000000000005,10185.111111111111
3570,3571,-172499291#0,0.0648,181.281045751634
3572,3573,-172499291#1,13.318200000000001,0.3333333333333335
3574,3575,-172499291#2,12.9618,0.7999999999999998
3576,3577,-172503791,16.867800000000003,0.5
3578,3579,-172506028,0.028800000000000003,0.0
3580,3581,-172516631#1,7.918200000000001,92727.23809523809
3582,3583,-172519433,3.8142000000000005,2.0
3584,3585,-172519434#0,4.5846,7267.405342624854
3586,3587,-172519434#2,12.7134,2.0
3588,3589,-172522281#1,0.8712,1618.5020757020752
3590,3591,-172522281#2,14.383799999999999,8114.4000000000015
3592,3593,-172522281#3,14.4234,3.5151515151515134
3594,3595,-172523713,11.2734,0.0
3596,3597,-172523714#0,0.0648,5487.384615384616
3598,3599,-172523714#1,19.767599999999998,178948.8909090909
3600,3601,-172699110,0.0648,0.2222222222222222
3602,3603,-172699111#0,3.114,0.33333333333333337
3606,3607,-172699112#0,2.2986,0.4
3608,3609,-172699112#1,12.8484,4.524137931034481
3610,3611,-172699112#2,28.9044,417.90730837789647
3612,3613,-172701602,9.1044,0.0
3614,3615,-172701604#0,12.0402,0.0
3616,3617,-172701604#1,14.2416,16.593103448275862
3618,3619,-173151861,15.6294,0.666666666666667
3622,3623,-173151868,0.3528,0.5766129032258066
3624,3625,-173151871#0,61.4142,3.200000000000002
3626,3627,-173151871#1,0.8442,1.0256410256410253
3628,3629,-173151871#2,3.7458,1.0661764705882355
3630,3631,-173151871#3,9.0072,0.2999999999999999
3634,3635,-173152763#0,7.767000000000001,66.8715986394558
3636,3637,-173152763#1,32.4198,5.934782608695647
3638,3639,-173152763#2,7.772399999999999,4.028409090909091
3640,3641,-173152763#3,8.0118,0.0
3642,3643,-173152765#1,2.3148,5.6321839080459775
3644,3645,-173152765#2,0.2034,11.114754098360656
3646,3647,-173152765#3,24.5178,0.0
3648,3649,-173152768#1,1.2942,10.83610188261351
3650,3651,-173152768#2,156.06,134.5714285714286
3652,3653,-173152768#3,14.9148,1.0666666666666664
3654,3655,-173152768#4,19.693800000000003,3.8392857142857153
3656,3657,-173152776#0,4.824000000000001,0.787878787878788
3660,3661,-173152776#2,18.729,4.5
3662,3663,-173166289#0,40.4154,19.142857142857142
3664,3665,-173166289#1,22.066200000000002,8.142857142857144
3666,3667,-173166289#2,3.8466,6.6190476190476195
3668,3669,-173166291#0,2.9016,0.33333333333333337
3670,3671,-173166291#1,24.1056,4.5
3672,3673,-173166291#2,37.593,13.999999999999998
3674,3675,-173166313,5.3586,1.4993252361673413
3676,3677,-173166315,0.3276,2.9804804804804803
3678,3679,-173166317,4.509,2.1512077294685983
3680,3681,-173166320,4.8366,14.40873015873016
3682,3683,-173166321#0,6.4062,0.6000000000000002
3684,3685,-173166321#1,3.7224000000000004,0.9068100358422939
3686,3687,-173166321#2,6.678,5.40701754385965
3688,3689,-173166321#3,1.953,4.403959642109268
3690,3691,-173166321#4,1.2618,1.6580645161290322
3692,3693,-173166321#5,0.49860000000000004,3.8187134502923974
3694,3695,-173166321#6,74.4768,23.59047619047619
3696,3697,-173166321#7,72.747,72.0
3698,3699,-173167518,4.0085999999999995,0.36363636363636376
3700,3701,-173167521#0,14.9886,0.0
3702,3703,-173167521#1,18.9324,0.0
3706,3707,-173167522#1,14.5332,0.0
3708,3709,-173167522#2,24.596999999999998,3.4999999999999996
3712,3713,-173167525#0,5.9112,1.860294117647059
3716,3717,-173167526#0,14.455800000000002,0.4999999999999999
3718,3719,-173167526#1,2.1294,0.3333333333333333
3720,3721,-173167527#0,11.043,0.0
3722,3723,-173167527#1,25.381800000000002,0.0
3724,3725,-173169611#1,7.432199999999999,4166.320785174911
3726,3727,-173169611#2,12.3264,1302.7893434426546
3728,3729,-173169611#3,6.114599999999999,8.406750120855913
3730,3731,-173169611#4,22.824,2.940921876997825
3732,3733,-173169611#5,2.2518,0.9081157660392635
3734,3735,-173169612,5.1534,0.5947318311647095
3736,3737,-173177776#0,23.5944,4.5
3738,3739,-173177776#1,1.1196,2.2666666666666666
3740,3741,-173177780#1,0.31679999999999997,0.0
3742,3743,-173177780#2,13.707,0.0
3744,3745,-173177783#1,0.46980000000000005,1.618181818181818
3746,3747,-173177783#2,5.8374,4.25
3748,3749,-173177790#0,14.4,3.307359307359308
3750,3751,-173177790#1,20.7936,6.516666666666671
3752,3753,-173177790#2,29.5416,7.05882352941177
3754,3755,-173177791#0,0.0648,0.2727272727272727
3756,3757,-173177791#1,11.9844,1.6666666666666667
3758,3759,-173177791#2,0.0648,0.25
3762,3763,-173177794#0,0.0648,8.0
3764,3765,-173177794#2,3.591,0.6808510638297872
3766,3767,-173178641,14.597999999999999,0.0
3768,3769,-173180357#0,1.0782,1.4545454545454546
3770,3771,-173180357#1,21.0762,1.2380952380952384
3772,3773,-173180357#2,13.8528,2.9821428571428577
3774,3775,-173180358,15.8184,0.0
3776,3777,-173180359,21.726000000000003,0.5
3778,3779,-173180360,28.971,3.6111111111111116
3780,3781,-173180361#0,0.7254,0.25
3782,3783,-173180361#1,1.476,34.3
3786,3787,-173180362#0,1.7838,13.299999999999999
3788,3789,-173180362#1,32.617799999999995,8.0
3790,3791,-173180362#2,1.8485999999999998,3.1818181818181817
3792,3793,-173180362#3,32.772600000000004,2.0
3794,3795,-173180363#0,1.0133999999999999,0.33333333333333326
3796,3797,-173180363#1,15.8184,5.583333333333333
3798,3799,-173180364#0,38.842200000000005,19.590643274853804
3800,3801,-173180365,53.64,66.0
3802,3803,-173182788,3.2832000000000003,1.4581105169340467
3804,3805,-173182789,23.8572,6.333333333333332
3806,3807,-173182790,4.257000000000001,1.6680761099365753
3808,3809,-173182791,3.1212,0.9166666666666666
3810,3811,-173182792#0,0.7776,8.11111111111111
3812,3813,-173182792#1,0.0648,0.0
3814,3815,-173182793,2.4120000000000004,0.19999999999999998
3816,3817,-173182794#0,0.08460000000000001,1.2678571428571428
3818,3819,-173182794#1,17.5914,0.24999999999999986
3820,3821,-173182795#1,19.528200000000002,5.6
3822,3823,-173182795#2,6.0516000000000005,0.41071428571428586
3824,3825,-173182797#0,0.45,0.0
3826,3827,-173182797#1,3.8466,0.0
3832,3833,-173182798#1,0.43019999999999997,0.3
3834,3835,-173182798#2,0.8712,0.3333333333333333
3836,3837,-173182798#3,3.0078,2.0
3838,3839,-173184401#1,2.5632,0.0
3840,3841,-173184403#0,17.1234,3.0
3842,3843,-173184403#1,14.328,4.5
3844,3845,-173184403#2,8.64,4.5
3846,3847,-173184404#1,0.2232,10.796703296703296
3848,3849,-173184404#2,7.002000000000001,23.15555555555555
3850,3851,-173185107,1.2618,0.0
3852,3853,-173186697,34.3584,0.0
3854,3855,-173201770,74.14020000000001,0.0
3856,3857,-173201776,2.826,0.28571428571428564
3858,3859,-173201777#0,21.447,3.642512077294686
3860,3861,-173201777#1,12.097800000000001,1.0000000000000004
3862,3863,-173201780#0,13.9374,0.23809523809523836
3864,3865,-173201780#1,3.1374000000000004,4.0
3866,3867,-173203413#0,5.796,0.2777777777777775
3868,3869,-173203413#1,3.1032,0.17777777777777784
3870,3871,-173203413#2,3.7638000000000003,0.22222222222222238
3872,3873,-173203413#3,1.5282,0.17777777777777776
3874,3875,-173203413#4,5.338800000000001,0.4888888888888887
3876,3877,-173203413#5,9.3672,1.75
3878,3879,-173203413#7,3.1986,0.33333333333333326
3880,3881,-173203428,5.4036,0.0
3882,3883,-173203430#0,13.4442,2.333333333333334
3886,3887,-173203435,10.0782,0.0
3888,3889,-173203437,6.012,0.0
3890,3891,-173203445,6.937200000000001,7.0
3892,3893,-173658909,25.3962,33.232026143790854
3894,3895,-174324279#0,18.990000000000002,2.200000000000002
3896,3897,-174324279#1,12.978,2.09090909090909
3898,3899,-174527895#1,72.6768,17.333333333333336
3900,3901,-174527895#2,0.0648,1.3333333333333333
3902,3903,-174597970#0,0.2934,20.375566399442317
3904,3905,-174597970#1,12.96,433.0878838021697
3906,3907,-174597970#2,9.4824,0.9686122377005817
3908,3909,-174597970#3,10.285200000000001,1.215287517531557
3910,3911,-174597970#4,2.4588,0.6604662698412701
3912,3913,-174597970#5,8.8146,0.8830601092896172
3914,3915,-174597970#6,4.3434,0.3160919540229885
3916,3917,-174597970#7,25.6698,3.316901408450704
3918,3919,-174609517#0,7.9685999999999995,633.5925418326691
3920,3921,-174609517#1,0.0252,364.48045674132663
3922,3923,-174609517#3,0.0252,750.7846849014732
3924,3925,-174609517#4,5.178599999999999,8175.8531225296465
3926,3927,-174609519,4.0356000000000005,0.8095238095238094
3928,3929,-174611972#0,17.4384,0.3333333333333335
3930,3931,-174611972#1,0.028800000000000003,0.25
3932,3933,-174645621,2.0466,0.2380952380952381
3934,3935,-174645622#0,63.4572,15.700000000000006
3936,3937,-174645622#2,6.7752,2.3999999999999995
3938,3939,-174645622#3,46.598400000000005,32.95238095238095
3940,3941,-174645622#4,48.6846,0.0
3942,3943,-174645623#0,35.760600000000004,2231.6384615384613
3944,3945,-174645625#0,24.291,2.333333333333332
3946,3947,-174645625#1,2.5902000000000003,2.4
3948,3949,-174645627#0,50.6394,4352.097175141243
3950,3951,-174645627#1,17.622,2.4102564102564092
3952,3953,-174645627#2,0.0648,0.9238095238095239
3954,3955,-174645627#3,18.8514,2.2424242424242427
3956,3957,-174645627#4,21.6486,5.3
3958,3959,-174645627#5,19.845000000000002,1.3333333333333333
3960,3961,-175607510#0,8.8938,0.5
3962,3963,-175723854#0,0.0432,0.16666666666666666
3964,3965,-175723854#1,19.053,2.0
3966,3967,-175726347#0,4.4064,0.0
3968,3969,-175761126,6.5304,2.410714285714286
3970,3971,-175761127#0,20.952,67.94117647058825
3972,3973,-175761127#1,17.825400000000002,3.5636363636363653
3974,3975,-175761127#11,5.8104000000000005,0.9924242424242425
3976,3977,-175761127#12,17.0406,118.02777777777777
3978,3979,-175761127#13,21.7206,2.5
3980,3981,-175761127#2,17.775000000000002,0.3333333333333335
3982,3983,-175761127#3,2.007,0.46249999999999997
3984,3985,-175761127#4,4.9068000000000005,0.40952380952380957
3986,3987,-175761127#5,3.9816000000000003,0.6102941176470589
3988,3989,-175761127#6,6.449400000000001,0.7777777777777777
3990,3991,-175761127#7,7.1766000000000005,0.2380952380952381
3992,3993,-175761127#9,4.1382,0.6944444444444444
3994,3995,-175761134#0,108.567,0.0
3996,3997,-175761134#1,6.710400000000001,1.2999999999999998
3998,3999,-175761134#2,12.486600000000001,3.999999999999999
4000,4001,-175761134#3,7.990200000000001,4.488888888888889
4002,4003,-175761134#4,19.0206,4.666666666666667
4004,4005,-175761134#5,15.1632,2.3
4006,4007,-175761134#6,43.974000000000004,10.785714285714281
4010,4011,-175761136,19.2528,1.333333333333334
4012,4013,-175761138#0,0.0648,1.6
4014,4015,-175761138#1,1.098,0.0
4018,4019,-175761138#3,1.2204000000000002,1.0000000000000002
4020,4021,-175761138#4,0.0648,0.3333333333333333
4024,4025,-175761139#0,0.045000000000000005,0.4555555555555555
4026,4027,-175761139#1,4.5558000000000005,1.3291666666666664
4028,4029,-175761142#0,1.2276,0.25000000000000006
4030,4031,-175761142#1,4.8528,0.5216450216450216
4032,4033,-175761142#2,11.259,1.6503623188405796
4034,4035,-175761142#3,0.9594,1.356589147286822
4036,4037,-175770984,30.157200000000003,10.333333333333336
4038,4039,-175770990,25.2072,0.0
4040,4041,-175770991,26.6724,2.8070175438596476
4042,4043,-176023658,6.372,0.0
4046,4047,-176023660,29.1402,0.0
4048,4049,-176364757,10.265400000000001,4.5
4050,4051,-176364758,9.5724,0.30000000000000004
4054,4055,-176364760,7.804800000000001,1.5714285714285712
4060,4061,-176364763#0,61.0866,18.115918367346932
4064,4065,-176364764#2,1.3464,0.0
4066,4067,-176364765#0,0.0648,0.2678571428571429
4068,4069,-176364765#1,0.0648,0.0
4070,4071,-176364765#2,3.3408,0.0
4072,4073,-176364765#3,11.1654,0.5
4074,4075,-176550257,38.5704,0.0
4076,4077,-176550268,34.7562,0.0
4078,4079,-178402483,9.5706,2.333333333333333
4080,4081,-178402484,20.3022,1.6666666666666667
4082,4083,-179330001,8.6634,0.742737430167598
4084,4085,-179330003,1.6254000000000002,0.17206875383670966
4086,4087,-181221346,4.1544,0.0
4088,4089,-181221350#0,7.7796,2.0
4090,4091,-181221350#1,0.0648,0.3333333333333333
4092,4093,-181223451#0,59.2542,26.711462450592865
4094,4095,-181223451#1,86.4774,65.18333333333331
4096,4097,-182424335,16.2252,2.923076923076923
4098,4099,-182753513#0,0.2196,0.3
4100,4101,-182753513#1,0.23940000000000003,1.3333333333333335
4104,4105,-182929773,8.6634,2.2
4106,4107,-183036524#1,22.375799999999998,3.6555555555555546
4108,4109,-183036524#2,3.1032,0.3636363636363638
4116,4117,-18809672#1,0.4752,528.089251513062
4118,4119,-18809672#2,7.482600000000001,382.50444335738484
4120,4121,-18809672#3,0.1404,0.5362986304690341
4122,4123,-18809672#5,3.1716,63.25501947857354
4124,4125,-18809672#7,9.9504,10.716767676767684
4126,4127,-18809672#8,7.7742,0.8129967274427301
4128,4129,-18809673#1,40.0554,64.89875161973386
4130,4131,-18809673#10,3.1536,0.3423097880638963
4132,4133,-18809673#11,0.5382,0.18326484426180692
4134,4135,-18809673#12,0.9792000000000001,0.3473616818533739
4136,4137,-18809673#13,7.3278,0.838310728568945
4138,4139,-18809673#14,2.7252,0.3003657982265641
4140,4141,-18809673#15,26.229599999999998,3.487907404434192
4142,4143,-18809673#16,3.0654000000000003,0.2823838479673395
4144,4145,-18809673#3,7.3386000000000005,0.6075890602601625
4146,4147,-18809673#4,4.1255999999999995,0.3845382155621041
4148,4149,-18809673#5,2.1726,0.8303807781842365
4150,4151,-18809673#6,1.5066,0.7763183805953928
4152,4153,-18809673#7,3.9978000000000002,0.2945993951862218
4154,4155,-18809673#8,2.7288,0.3000764931519089
4156,4157,-18809673#9,2.9699999999999998,0.3323729821191752
4158,4159,-18813598#1,7.398000000000001,68.57184133972798
4160,4161,-18813598#2,10.386,3.3547710773907804
4162,4163,-18813598#3,3.1536,0.2672785789360298
4164,4165,-18813598#4,3.5712,0.2549304417649709
4166,4167,-18813598#5,2.9160000000000004,0.2926984746479333
4168,4169,-18813598#6,5.9112,0.4710508342277291
4170,4171,-18813598#7,15.6114,1.5893630849220082
4172,4173,-18813598#8,21.519000000000002,2.7827985103716255
4174,4175,-18813598#9,16.182000000000002,1.1910183824846823
4176,4177,-188625811,5.9832,0.0
4178,4179,-188625812#0,5.5098,0.5666666666666667
4180,4181,-188625813#0,0.0648,0.0
4182,4183,-188625813#1,13.228200000000001,0.0
4184,4185,-188627193#0,0.3402,0.7428571428571429
4186,4187,-188627193#1,29.4858,1.6190476190476193
4188,4189,-188627193#2,19.9098,2.3333333333333326
4190,4191,-188722978#0,30.807,11.357142857142858
4192,4193,-188722978#1,32.5692,9.366666666666665
4194,4195,-188740075#2,20.367,28.666666666666668
4196,4197,-188740075#3,101.2014,0.0
4198,4199,-188740075#4,1.1952,0.0
4200,4201,-188740075#5,10.8198,0.0
4202,4203,-188740076,0.117,2.0
4204,4205,-188740078#0,0.5832,0.2678571428571428
4208,4209,-188740080#1,0.061200000000000004,2814.3564102564105
4212,4213,-188740084#3,23.7366,2.91025641025641
4214,4215,-188740084#4,0.5346,0.2692307692307691
4216,4217,-18909061#1,4.861800000000001,540.6554455445548
4218,4219,-18909063#1,1.3806,25.978091728091748
4220,4221,-18909063#2,2.1852,20.618368368368362
4222,4223,-189226234,9.0198,1.1111111111111114
4224,4225,-189226235#0,14.643,2.6666666666666665
4226,4227,-189226235#1,3.06,2.0073529411764706
4228,4229,-189226235#2,4.642200000000001,0.6397058823529411
4230,4231,-189226238,7.2558,6.0
4232,4233,-189256319,32.076,18.85714285714287
4234,4235,-189581966#1,11.3544,966.7222222222222
4238,4239,-190281932,25.101000000000003,3.029968863518422
4240,4241,-190281933,3.6971999999999996,0.3578687173853336
4242,4243,-190281935#1,14.0868,38.73515986041686
4244,4245,-190281937#1,0.1512,0.15405844155844142
4246,4247,-192768909#1,2.0826000000000002,1017.7739130434785
4248,4249,-192768914,19.5768,1.8427947598253287
4250,4251,-192768918#1,8.802,0.5
4254,4255,-192768918#3,2.4048000000000003,0.0
4256,4257,-192768918#4,11.0466,0.0
4258,4259,-192768918#5,0.1098,0.5
4260,4261,-192768919#0,39.978,11.777777777777779
4262,4263,-192768919#1,0.5706,0.5714285714285714
4264,4265,-192768919#2,0.5346,0.0
4266,4267,-192768919#3,0.0648,0.14285714285714288
4268,4269,-192768919#4,0.0648,0.3678678678678678
4270,4271,-192768919#5,0.48600000000000004,0.523001508295626
4272,4273,-192768919#6,0.48240000000000005,0.36702127659574446
4274,4275,-192768919#7,0.5598,0.3802035152636447
4276,4277,-192768919#8,0.5147999999999999,1.8787202380952381
4282,4283,-192768925,2.3598,0.0
4284,4285,-192768926,11.0466,0.810631229235881
4292,4293,-192768952,2.331,0.33333333333333337
4296,4297,-192768976,2.3868,0.0
4298,4299,-192768995#1,2.2428,0.7707509881422925
4300,4301,-192769003#0,0.0648,0.16666666666666669
4302,4303,-192769003#1,11.1294,0.20000000000000007
4304,4305,-192769003#2,5.8572,14.204994192799068
4306,4307,-192769008,2.4372000000000003,0.27372549019607856
4308,4309,-192769009#0,0.3492,2.0416666666666656
4310,4311,-192769015,2.1564,0.6273784355179706
4312,4313,-192769021,0.0882,0.5
4314,4315,-192771013,103.97879999999999,117.69802259887003
4316,4317,-192771014#0,3.4344,1.3333333333333333
4320,4321,-192771014#2,6.2874,0.0
4324,4325,-192994888#1,0.9234,0.0
4326,4327,-192994888#2,16.030800000000003,2.3333333333333335
4330,4331,-192994888#4,12.0852,0.0
4334,4335,-192994897,26.200799999999997,0.0
4336,4337,-192994902#0,0.3744,0.2092343658679136
4338,4339,-192994902#1,4.1454,2.4261796042617947
4340,4341,-192994902#2,7.250399999999999,1.3591228070175436
4350,4351,-192994906#2,18.2196,6.333333333333334
4352,4353,-192994907#0,0.30060000000000003,0.2815623843021102
4354,4355,-192994907#1,8.8344,0.7803312629399585
4356,4357,-192994907#2,18.072,3.8932806324110683
4358,4359,-192994907#3,13.788,1.7944664031620563
4360,4361,-192994907#4,1.314,0.33992094861660077
4362,4363,-192994908#0,22.6584,7.384057971014494
4364,4365,-192994908#1,9.936,73.21652421652423
4366,4367,-192994909,11.237400000000001,1.333333333333333
4368,4369,-193026072,29.550600000000003,4.333333333333331
4370,4371,-193382571,0.0648,0.13360323886639675
4372,4373,-193382573#0,15.588000000000001,2.6
4374,4375,-193382573#1,5.7924,0.45310734463276847
4376,4377,-193384412#0,25.6914,8.810276679841898
4378,4379,-193384412#1,21.769199999999998,2.809523809523809
4380,4381,-193384415,26.514000000000003,0.6666666666666666
4382,4383,-193384418,41.283,18.70355731225297
4386,4387,-193385060#2,12.9438,0.5
4388,4389,-193386905,1.9980000000000002,282.89876819708866
4398,4399,-193388832,1.5984,0.0
4402,4403,-193806654,43.39620000000001,7.014660711960117
4404,4405,-193806656#0,59.1516,12.5
4406,4407,-193838916,15.685200000000002,0.0
4408,4409,-193838917#0,0.6282,2.5714285714285716
4410,4411,-193838917#1,0.7182000000000001,0.33333333333333337
4414,4415,-193838918#1,22.05,2.333333333333333
4416,4417,-193838918#2,1.2006000000000001,1.9999999999999998
4418,4419,-194116091,15.931800000000003,3.1111111111111116
4420,4421,-194116093,0.738,0.17777777777777778
4422,4423,-194116097,15.937199999999999,2.0
4424,4425,-194116099,6.645600000000001,0.5
4426,4427,-194116101,4.1832,0.5
4428,4429,-194116103,15.931800000000003,1.0666666666666669
4430,4431,-194116105,15.9192,0.0
4432,4433,-194116108,15.9408,2.7857142857142856
4434,4435,-194116110,8.380799999999999,0.0
4436,4437,-194116112,6.147,3.0
4438,4439,-194116114,15.908399999999999,2.1666666666666674
4440,4441,-194116116,10.6614,0.9166666666666665
4442,4443,-194116118,14.0508,5.666666666666667
4444,4445,-194116121#0,9.6858,1.5
4448,4449,-194116124#0,1.836,0.4433333333333335
4450,4451,-194116124#1,1.053,0.6126482213438736
4452,4453,-194116124#2,1.0295999999999998,1.1461988304093564
4454,4455,-194116124#3,0.7290000000000001,0.6813186813186812
4456,4457,-194116124#4,0.2466,0.0
4458,4459,-194116141#0,102.7872,33.86666666666666
4460,4461,-194116141#1,0.0648,0.2
4462,4463,-194116146,102.78540000000001,14.333333333333318
4464,4465,-194119645,0.8118000000000001,0.2678571428571428
4466,4467,-194119647,5.9184,2.142857142857143
4468,4469,-194119649,23.869799999999998,5.300000000000001
4470,4471,-194119651,0.648,0.16363636363636364
4472,4473,-194119652,26.6112,4.044615384615386
4476,4477,-194119654#1,4.7556,0.0
4478,4479,-194119654#2,20.091600000000003,2.9821428571428563
4480,4481,-194119656,42.8832,4.0
4482,4483,-194134001#0,10.580400000000001,9.25
4484,4485,-194134001#2,0.045000000000000005,0.2380952380952381
4486,4487,-194134004#0,12.51,2.1517113783533754
4488,4489,-194134004#1,7.1154,30.960919540229884
4490,4491,-194377108#1,17.708399999999997,2.190468733688277
4492,4493,-194377108#1.168,6.0786,0.907921684279512
4494,4495,-195073412#0,1.3698000000000001,0.2878810857264594
4496,4497,-195073412#1,3.0132,0.3306531851220134
4498,4499,-195073416,19.078200000000002,7.903318151515651
4502,4503,-195966643#1,0.7902,0.33333333333333326
4506,4507,-195966645#3,2.3922,2.266666666666667
4508,4509,-195966645#4,8.3916,0.7
4512,4513,-195966646#1,1.4112,0.0
4514,4515,-195966646#2,0.2034,0.36111111111111127
4516,4517,-195966647#0,11.0556,0.6999999999999998
4518,4519,-195966647#1,2.5956,4.3
4520,4521,-195966647#2,4.428,1.0
4522,4523,-195966647#3,3.4542,0.25
4524,4525,-195966648#1,0.0648,0.0
4526,4527,-195966648#2,0.3852,0.20000000000000018
4528,4529,-195966649#0,16.4718,2.8461538461538467
4530,4531,-195966649#1,11.4642,1.342857142857144
4532,4533,-195966649#2,24.0372,4.105939716312057
4534,4535,-195977239,14.6196,0.6190476190476192
4538,4539,-196021038,14.720400000000001,0.0
4540,4541,-196172701,48.2112,10.973333333333334
4542,4543,-196172703,7.6212,4.040780141843969
4544,4545,-196176498#1,14.6268,2.0
4546,4547,-196873454,0.3816,0.09999999999999999
4548,4549,-198836594,10.9368,1.0
4550,4551,-198836595,13.7754,0.5
4552,4553,-198836596,12.0438,1.3000000000000003
4556,4557,-198836601,9.009,1653.9999999999998
4558,4559,-198836602,5.0562000000000005,0.5
4560,4561,-198836603,7.556400000000001,1.996047430830039
4562,4563,-198836605,8.4078,1.9047619047619049
4564,4565,-198836608,10.1844,2.6944444444444446
4566,4567,-198836609#1,9.016200000000001,4613.666666666668
4568,4569,-198836610#1,10.375200000000001,0.0
4570,4571,-198836611#0,0.0648,2.4761904761904763
4572,4573,-198836611#1,7.6788,4.2857142857142865
4574,4575,-198836613#0,16.776,0.0
4578,4579,-198836614#1,1.395,0.31884057971014484
4580,4581,-198836614#2,0.4572,0.7413793103448275
4582,4583,-198836614#3,7.578,3.5415019762845854
4584,4585,-198836615#1,1.0548,5.153846153846152
4586,4587,-198836615#2,15.688799999999999,2310.5147058823536
4588,4589,-198836615#3,20.655,3.923976608187134
4590,4591,-199227645#0,3.9726,4.109848484848485
4592,4593,-199227645#1,7.0308,1.0904761904761906
4594,4595,-199227645#2,1.1106,0.5763157894736841
4596,4597,-199797244,0.198,0.2
4598,4599,-199797251#0,10.1844,0.8095238095238096
4600,4601,-199797251#1,0.0648,0.30000000000000004
4602,4603,-200658487#0,0.5508,2.0
4604,4605,-200658487#1,0.9486000000000001,0.0
4606,4607,-200658487#2,0.6245999999999999,0.0
4608,4609,-200658487#3,0.441,0.0
4610,4611,-200658487#4,1.0908,0.0
4612,4613,-200658487#5,0.6696,0.3
4614,4615,-200658487#6,1.0548,0.20000000000000004
4616,4617,-200658487#7,6.202800000000001,1.4761904761904763
4618,4619,-200741048,0.9450000000000001,55.86666666666665
4620,4621,-200741145#0,0.522,270.8129032258064
4622,4623,-200741145#2,1.5354,29.150786308973178
4624,4625,-200741145#3,1.2294,3.1666666666666665
4626,4627,-200741145#4,0.8226,0.6942028985507244
4628,4629,-200741145#5,1.3086,0.6427061310782243
4630,4631,-200741145#6,1.1358000000000001,0.5000000000000001
4632,4633,-200741145#7,0.9126000000000001,2.378365384615384
4634,4635,-200741145#8,1.7838,4.378123985718925
4636,4637,-200741145#9,0.7056,36.9546218487395
4638,4639,-200741156,10.236600000000001,2346.1489361702133
4640,4641,-200741157,3.6683999999999997,1.9999999999999998
4642,4643,-200741159,16.342200000000002,8.083333333333332
4644,4645,-200741161,3.7098,2398.2599999999998
4646,4647,-200741163,1.7064,0.33333333333333326
4648,4649,-200741168#0,2.5578000000000003,0.0
4650,4651,-200741168#1,8.4294,0.33516483516483536
4652,4653,-200741170#0,10.4022,0.6666666666666665
4654,4655,-200741170#1,6.3612,1.0000000000000002
4656,4657,-200741172,8.5536,3.285714285714286
4658,4659,-200741176,21.2112,14.333333333333336
4660,4661,-200741177#0,4.5072,0.0
4662,4663,-200741177#1,1.278,0.25000000000000006
4664,4665,-200741177#2,3.2706,0.25000000000000006
4666,4667,-200741178,11.1654,10368.0
4668,4669,-200741179#0,9.251999999999999,42.85714285714287
4670,4671,-200741179#1,0.9126000000000001,1.5714285714285714
4672,4673,-200741179#2,1.548,0.33333333333333326
4674,4675,-200741183#0,2.952,782.6143790849675
4676,4677,-200741183#1,0.48240000000000005,0.6102941176470588
4678,4679,-200741183#2,0.41400000000000003,0.4
4680,4681,-200741183#3,1.6344,216.01111111111115
4682,4683,-200741183#4,0.747,1.0277777777777781
4684,4685,-200741183#5,8.3016,2.8095238095238084
4686,4687,-200741188,0.0648,3252.8561301084237
4688,4689,-200742227#0,21.3336,1.537878787878788
4690,4691,-200742227#1,5.0328,0.21818181818181812
4692,4693,-200742227#10,5.7509999999999994,0.5
4694,4695,-200742227#11,0.171,0.5
4696,4697,-200742227#12,4.1436,0.3736263736263735
4698,4699,-200742227#13,5.7258000000000004,0.4175824175824176
4700,4701,-200742227#14,6.494400000000001,0.48901098901098916
4702,4703,-200742227#15,8.901000000000002,0.838095238095238
4704,4705,-200742227#16,3.3102,0.2571428571428572
4706,4707,-200742227#17,0.6822,0.2380952380952381
4708,4709,-200742227#18,0.0252,3.809523809523809
4710,4711,-200742227#2,4.7394,0.27272727272727265
4712,4713,-200742227#28,6.9786,0.44444444444444436
4714,4715,-200742227#29,2.4678,1.3611111111111112
4716,4717,-200742227#3,1.7784,0.0909090909090909
4718,4719,-200742227#30,2.2338000000000005,0.3333333333333333
4720,4721,-200742227#31,5.6052,2.9166666666666674
4722,4723,-200742227#32,39.7314,12.33333333333333
4724,4725,-200742227#4,8.199,0.9414414414414414
4726,4727,-200742227#5,2.0124000000000004,0.10810810810810816
4728,4729,-200742227#6,5.9814,0.4765027322404369
4730,4731,-200742227#7,1.728,0.5
4732,4733,-200742227#8,14.677200000000001,0.5
4734,4735,-200742227#9,3.9330000000000003,0.0
4736,4737,-200743816#0,16.5888,0.0
4742,4743,-200743816#3,0.6696,0.0
4746,4747,-200743816#5,0.441,4.5
4748,4749,-200743816#6,0.5706,0.0
4752,4753,-200743817#0,3.024,1.2105263157894735
4754,4755,-200743817#1,0.0972,0.75
4756,4757,-200743817#2,0.5670000000000001,0.36363636363636387
4758,4759,-200743817#3,0.2358,0.361111111111111
4760,4761,-200743817#4,0.3402,0.125
4762,4763,-200743817#5,10.4274,0.9166666666666666
4764,4765,-200743817#6,0.061200000000000004,0.5
4766,4767,-200743817#7,0.5382,0.0
4768,4769,-200743817#8,10.4562,0.0
4770,4771,-200743818#0,10.7676,4.5
4772,4773,-200743818#1,0.30060000000000003,0.0
4774,4775,-200743818#2,0.40140000000000003,0.33333333333333326
4776,4777,-200743818#3,0.6408,0.0
4780,4781,-200743818#5,0.6354,2.0
4782,4783,-200743818#6,0.324,0.2857142857142857
4784,4785,-200743818#7,0.6354,0.23947368421052626
4786,4787,-200743818#8,0.621,0.9576719576719578
4788,4789,-200743818#9,1.1520000000000001,0.5473484848484848
4790,4791,-200743819,5.9544,1.9047619047619049
4792,4793,-200743820,5.0598,0.3333333333333333
4794,4795,-200743821,6.611400000000001,0.0
4796,4797,-200743822,4.5360000000000005,0.0
4800,4801,-200743824,9.81,0.0
4804,4805,-200743826,9.6444,0.3333333333333335
4806,4807,-200743827,9.5706,0.0
4808,4809,-200743828,5.562,3.0
4810,4811,-200743829,9.738000000000001,0.0
4812,4813,-200743830,16.3782,68.51209677419355
4814,4815,-200743831,6.183,0.36111111111111105
4816,4817,-200743832,10.1034,0.0
4818,4819,-200743833,6.6078,3.0
4820,4821,-200743834,10.0224,0.5
4822,4823,-200743835,6.0192,2.0
4824,4825,-200743836,6.5718,0.0
4826,4827,-200743837,9.6372,1.2
4834,4835,-200743841#0,9.9846,3.6952380952380954
4836,4837,-200743841#1,0.5796,1.5173160173160176
4838,4839,-200743841#2,0.7182000000000001,0.3099999999999999
4840,4841,-200743843#0,0.1368,1.9047619047619049
4844,4845,-200743843#2,47.9394,0.0
4846,4847,-200743844#0,4.1724000000000006,0.4021164021164022
4848,4849,-200743844#1,40.9572,9.951058201058196
4850,4851,-200908887,11.0448,0.5314980158730159
4852,4853,-200908888#1,3.9798,68.74986779481756
4854,4855,-200908901#0,1.4706,0.0
4856,4857,-200908901#1,15.364799999999999,0.5
4858,4859,-200908901#2,77.37660000000001,0.0
4862,4863,-200908910#0,2.0754,0.0
4864,4865,-200908910#1,17.6544,0.5
4866,4867,-200908911,11.8008,3.0
4868,4869,-200908916#0,0.0648,49.8986928104575
4870,4871,-200908916#1,0.0684,403.6544117647058
4872,4873,-200908916#2,8.883,1.366666666666667
4874,4875,-200908916#3,0.1062,0.0
4876,4877,-200908916#4,0.0648,0.5535714285714286
4878,4879,-200908917,27.372600000000002,4.333333333333334
4880,4881,-200912350#2,5.6916,526.0833333333334
4882,4883,-200927707,0.0648,0.0
4884,4885,-200949176#0,5.13,2441.7924296975007
4886,4887,-200949406,6.645600000000001,0.9696969696969702
4888,4889,-200949407,35.7318,0.5
4890,4891,-200949408#0,15.6114,1765.0909090909086
4892,4893,-200949408#1,2.7234,1.4333333333333333
4894,4895,-200949414#1,16.6212,4032.9230769230767
4896,4897,-200949417,11.988000000000001,2.9166666666666665
4898,4899,-200949419,22.2246,3.111111111111111
4900,4901,-200949421#0,0.0648,0.03333333333333333
4902,4903,-200949421#1,10.0332,86.58839406207827
4904,4905,-200949423,5.9238,3.0
4906,4907,-200949427,8.303400000000002,0.7000000000000001
4908,4909,-200949428#1,16.281,0.0
4910,4911,-200949433,0.1296,4.9
4912,4913,-201078447#0,14.8428,2.9044117647058827
4914,4915,-201078447#2,8.647200000000002,0.6545454545454542
4916,4917,-201078448#0,3.7008,0.23529411764705876
4918,4919,-201078448#1,4.0122,0.2647058823529411
4922,4923,-201089420#0,2.6244,0.18807258932110274
4924,4925,-201089420#1,5.3334,0.5460109846554554
4926,4927,-201089423#1,6.5628,296.40619525410125
4928,4929,-201089423#2,6.0012,183.73853191372865
4932,4933,-201151937#1,28.0548,4.5
4934,4935,-201201935#1,4.3848,0.2655794991263832
4936,4937,-201201935#2,4.8042,0.2500485342651913
4938,4939,-201201935#3,3.7728,0.25208697340322256
4940,4941,-201201935#4,5.814,0.2908173170258203
4942,4943,-201201935#5,4.0428,0.2559697146185208
4944,4945,-201201935#6,9.909,0.5381479324403033
4946,4947,-201201935#7,11.0934,0.612405358182877
4948,4949,-201201936#0,0.0252,8.564814814814813
4950,4951,-201201936#10,3.9168000000000003,0.2658823529411766
4952,4953,-201201936#11,5.472,0.37475198412698413
4954,4955,-201201936#12,3.8484,0.3350694444444445
4956,4957,-201201936#2,3.9402000000000004,0.9523809523809523
4958,4959,-201201936#3,5.5458,0.3320105820105821
4960,4961,-201201936#4,4.5342,0.3650793650793651
4962,4963,-201201936#5,3.7602,0.25793650793650796
4964,4965,-201201936#6,0.5346,0.21164021164021166
4966,4967,-201201936#7,4.707000000000001,0.2564102564102561
4968,4969,-201201936#8,3.7656,0.3
4970,4971,-201201936#9,3.7782000000000004,0.36817761332099896
4972,4973,-201201940#0,14.153400000000001,31.009950248756216
4974,4975,-201201940#3,15.3018,1.4049050632911393
4976,4977,-201201945#1,9.756,1158.495538375331
4978,4979,-201201945#1.91,6.3414,988.5868051560097
4980,4981,-201201945#10,0.6318,4.942404442076333
4982,4983,-201201945#11,13.2642,14.679146919431272
4984,4985,-201201945#2,0.9882000000000001,81.86777271244273
4986,4987,-201201945#3,14.346,856.6132678102973
4988,4989,-201201945#4,2.8728000000000002,15.911929257694087
4990,4991,-201201945#5,3.6990000000000003,0.6202027459739771
4992,4993,-201201945#7,7.1244000000000005,0.47904288244153537
4994,4995,-201201945#8,4.9842,1.3601521955040778
4996,4997,-201201945#9,0.5616,13.350852602571084
4998,4999,-201238718#0,24.784200000000002,10.77445737752415
5000,5001,-201238718#1,5.7996,27.018175626782458
5002,5003,-201238724#0,26.982,5.778947368421055
5004,5005,-201238724#1,16.5978,7.936842105263159
5006,5007,-201238725#1,14.853600000000002,108.11937666053544
5008,5009,-201238725#2,4.8384,0.9128179083486347
5010,5011,-201238725#3,9.5328,0.8684507470311144
5012,5013,-201238725#4,0.4176,0.2726524917522923
5014,5015,-201238725#5,7.6572,4.707811052254334
5016,5017,-201238726#0,7.331400000000001,3.268932725053011
5018,5019,-201238726#1,6.0156,44.62451965123366
5020,5021,-201243223,32.832,8.71111111111111
5022,5023,-201243226#1,1.1412,68.16121106928078
5024,5025,-201243226#2,8.1,193.83769794206546
5026,5027,-201243230#1,4.6674,81.8746815978213
5028,5029,-201278209#0,1.7009999999999998,0.4317185731286098
5030,5031,-201278209#2,5.2164,0.5263157894736842
5032,5033,-201278210#0,4.2462,1.1474358974358976
5034,5035,-201278210#1,6.6708,0.7779794313369632
5036,5037,-201278210#10,4.024800000000001,68.22439244162938
5038,5039,-201278210#2,11.6316,0.9022017409114181
5040,5041,-201278210#3,4.1148,0.4659498207885305
5042,5043,-201278210#4,4.7718,0.9578088578088583
5044,5045,-201278210#5,24.7968,3.809134906231094
5046,5047,-201278210#6,5.1246,57.30246069719752
5048,5049,-201278210#7,10.6218,2.157377049180328
5050,5051,-201278210#8,3.1284,5.365277078419422
5052,5053,-201278210#9,1.053,0.16378236556860032
5054,5055,-201278214#0,2.5884,851.1001410437246
5056,5057,-201286890#0,31.058999999999997,11446.95492750783
5058,5059,-201286890#1,3.1338000000000004,0.4922813338985439
5060,5061,-201286890#10,14.0256,1.211547128508885
5062,5063,-201286890#11,3.492,0.21335285926921752
5064,5065,-201286890#12,1.2942,7.26592083993534
5066,5067,-201286890#3,19.6308,4.674251636654395
5068,5069,-201286890#4,16.3692,1.927337885885206
5070,5071,-201286890#5,28.2168,5.830986511654163
5072,5073,-201286890#6,13.6368,1.586623885918005
5074,5075,-201286890#7,19.8828,2.922151821403012
5076,5077,-201286890#8,10.3788,0.9731240296705193
5078,5079,-201286890#9,15.463799999999999,1.6476190476190484
5080,5081,-201286892#0,0.5904,1.0833333333333335
5082,5083,-201286892#1,20.644199999999998,5.69230769230769
5084,5085,-201400751#0,38.482200000000006,6.476609759376263
5086,5087,-201400755#0,0.06300000000000001,17.954887218045112
5088,5089,-201400755#1,2.142,25.820175438596497
5090,5091,-201400755#2,0.18180000000000002,25.71428571428572
5092,5093,-201400763#0,13.278599999999999,1.6978609625668446
5094,5095,-201400763#1,3.7314,0.8602941176470589
5096,5097,-201400763#2,0.4428,0.332010582010582
5098,5099,-201400763#3,12.495600000000001,0.8553846153846151
5100,5101,-201400763#4,8.708400000000001,0.7272727272727272
5102,5103,-201414945#0,3.2742,0.31974603174603167
5104,5105,-201414945#1,5.6286,0.31593650793650785
5106,5107,-201414945#2,6.6744,0.5536323105166533
5108,5109,-201444272#0,3.5262000000000002,3402.0501999340404
5110,5111,-201444272#1,6.453,4042.2236208290833
5112,5113,-201444272#2,7.594200000000001,3442.4203864497968
5114,5115,-201444272#3,8.739,597.533613445378
5116,5117,-201775636,15.7824,0.3333333333333335
5118,5119,-201775637,9.3006,10.333333333333334
5120,5121,-201775639#0,7.772399999999999,2.8571428571428568
5122,5123,-201775640#0,1.053,131.4952380952381
5124,5125,-201775640#1,0.0648,0.3333333333333333
5126,5127,-201775641#0,9.0558,0.9924242424242427
5128,5129,-201775641#1,8.622,12.978461538461538
5132,5133,-201775645#1,0.0648,50.971428571428554
5136,5137,-201789794#1,2.9196000000000004,961.4251276937164
5138,5139,-201789794#2,3.4578,1050.7189727367665
5140,5141,-201789794#3,5.1282000000000005,1370.6182226441442
5142,5143,-201789796,5.58,293.5204420988675
5144,5145,-201789797#0,16.003800000000002,132.91666666666666
5146,5147,-201789797#1,13.3992,0.0
5148,5149,-201789798#0,2.232,6.072381804046686
5150,5151,-201789798#1,2.7594,3.955021691580766
5152,5153,-201789799#0,2.2176,19.11232122374467
5154,5155,-201789799#1,7.081200000000001,58.62038734578544
5156,5157,-201789799#2,5.6466,28.424133567375605
5158,5159,-201828014#0,0.9828000000000001,0.2628318584070797
5160,5161,-201828014#1,0.5075999999999999,0.2435714285714286
5162,5163,-201828014#2,7.3584000000000005,0.5725396825396826
5164,5165,-201828014#3,11.1582,0.8316523688074808
5166,5167,-201828014#4,6.4224000000000006,1.118758306436302
5168,5169,-201880159#0,6.633,15.858158248117554
5170,5171,-201880159#1,8.3214,2.3212628531125885
5172,5173,-201880159#2,1.1736,6.548119295975572
5174,5175,-201880159#3,7.0344,57.09391991599976
5176,5177,-201894096#0,2.5488,0.2897012253889577
5178,5179,-201894096#1,3.9042000000000003,0.4814846104024103
5180,5181,-201894096#2,0.14400000000000002,0.25153517830097744
5182,5183,-201894096#3,1.5714000000000001,1.3038179887081456
5184,5185,-201894096#4,10.2042,1.6503581107239627
5186,5187,-201894096#5,3.5478,0.6398479569211275
5188,5189,-201894096#7,15.508799999999999,2.1509734310581767
5190,5191,-201894096#8,18.4554,2.468172757475084
5192,5193,-201894099,17.9424,0.0
5194,5195,-201894100#0,0.0648,0.0
5198,5199,-201894100#2,0.0648,0.20000000000000004
5200,5201,-201894102,2.2428,1.6964285714285714
5202,5203,-201926265#0,21.519000000000002,163049.79074132
5204,5205,-201926265#1,0.8226,0.845607769423559
5206,5207,-201926265#2,8.017199999999999,671.5547538305406
5208,5209,-201926265#4,9.0342,256.1194575471697
5210,5211,-201926265#5,8.0424,0.7274278515803935
5212,5213,-201926265#6,0.8046,0.4229276731029971
5214,5215,-201926267#1,6.4206,1708.5209120766292
5216,5217,-201926267#3,0.8802,5.089502157610164
5218,5219,-201926268#1,7.3908,3152.9224153279356
5220,5221,-201926269#0,2.367,101.91871577899451
5222,5223,-201926269#2,13.356,2455.7565638382007
5224,5225,-201928667,81.8874,0.0
5226,5227,-201931240,10.0008,1.0
5228,5229,-201931241#0,37.4238,14.131868131868137
5230,5231,-201931241#1,0.9972000000000001,1.0714285714285714
5232,5233,-201931241#2,22.9698,7.0
5234,5235,-201931241#3,16.695,0.9999999999999997
5236,5237,-201933877#0,1.6560000000000001,1813.3559727688548
5238,5239,-201933877#1,4.7646,13269.132561354983
5240,5241,-201933877#2,4.509,6765.634323239943
5242,5243,-201933877#3,1.1628,4498.428451882844
5244,5245,-201933878#0,2.6316,16245.985757575754
5246,5247,-201933878#1,0.6048,2593.9050051072513
5248,5249,-201933878#2,26.980200000000004,144638.13643095148
5250,5251,-201933878#3,13.024799999999999,8214.46588235294
5252,5253,-201933879#0,9.993599999999999,1.3669387755102038
5254,5255,-201933879#1,12.749400000000001,1.242837176799441
5256,5257,-201933879#2,18.761400000000002,4.564269064269067
5258,5259,-201933879#3,3.6882,0.5439318248604172
5260,5261,-201933879#4,6.426,44.48275862068966
5262,5263,-201933879#5,8.249400000000001,0.5938037865748712
5264,5265,-201933879#6,2.8566,1886.7117581187008
5266,5267,-201933880#0,6.9912,16662.96754999565
5268,5269,-201933880#1,4.7574,9708.498457831327
5270,5271,-201933880#2,6.6654,15310.271468645371
5272,5273,-201933880#3,29.271600000000003,45365.55942295886
5274,5275,-201933881#0,17.4744,3.5728242174062568
5276,5277,-201933881#1,4.3362,0.4190191046478469
5278,5279,-201933881#2,9.1008,0.7068965517241377
5280,5281,-201933881#4,10.8414,0.826095461658842
5282,5283,-201933881#5,1.4148,0.4607552758237691
5284,5285,-201933881#6,9.0342,0.6351495726495728
5286,5287,-201933881#7,6.7716,0.41012021246854896
5288,5289,-201950247#0,8.217,0.9444444444444444
5290,5291,-201950247#1,15.7158,0.75
5292,5293,-201950247#3,6.3936,0.361111111111111
5294,5295,-201950247#4,7.1262,0.2666666666666667
5296,5297,-201950247#5,7.8912,0.10000000000000003
5298,5299,-201950247#6,3.8789999999999996,0.47272727272727255
5300,5301,-201950247#7,13.674600000000002,0.0
5302,5303,-201950247#9,19.017,76.30000000000001
5308,5309,-201950250#2,15.337800000000001,0.0
5310,5311,-201950259#0,10.197000000000001,1.7777777777777781
5312,5313,-201950259#2,1.7334,0.10000000000000007
5314,5315,-201950259#3,14.3154,2.5
5316,5317,-201950259#5,9.471599999999999,1.25
5318,5319,-201950259#6,11.583,1.476190476190476
5320,5321,-201950263#0,1.4328,0.1951899616591148
5322,5323,-201950263#1,1.3806,0.5708870686650406
5324,5325,-201950263#10,5.7834,0.7706031746031746
5326,5327,-201950263#11,5.9634,0.2992628992628994
5328,5329,-201950263#12,2.5758,0.6099918099918102
5330,5331,-201950263#13,4.6656,0.31844929041190734
5332,5333,-201950263#14,19.2618,2.011336102457599
5334,5335,-201950263#2,5.0832,0.4303395747381783
5336,5337,-201950263#3,2.3904,0.31546762589928057
5338,5339,-201950263#4,2.7485999999999997,0.3248175182481752
5340,5341,-201950263#5,2.4084000000000003,0.1830184628595963
5342,5343,-201950263#6,3.1032,0.39942035208243876
5344,5345,-201950263#7,2.9412,0.6525152017689331
5346,5347,-201950263#9,2.0303999999999998,0.2162995017046946
5348,5349,-201953160#0,12.942,0.725827814569536
5350,5351,-201953160#1,11.0574,0.8302544440571623
5352,5353,-201953160#3,10.206,1.2183383991894634
5354,5355,-201953161#0,3.861,1.339014202172097
5356,5357,-201953161#2,8.1198,0.6576441102756887
5358,5359,-201953161#4,4.6116,0.31844888366627516
5360,5361,-201953161#5,4.9194,0.3993525778094559
5362,5363,-201953161#7,12.0384,0.8017174082747852
5364,5365,-201953161#8,2.4983999999999997,0.2325707079805441
5366,5367,-201953163#0,13.5378,1.0625351795564555
5368,5369,-201953163#2,10.774799999999999,1.3931667229539584
5370,5371,-201953163#3,7.1748,0.344057490326147
5372,5373,-201953163#4,1.6308,0.1772875816993463
5374,5375,-201956812,19.845000000000002,1.5199275362318831
5376,5377,-201956813#0,16.867800000000003,1.4619565217391302
5378,5379,-201956813#1,7.0038,0.302536231884058
5380,5381,-201956813#2,12.626999999999999,0.7663043478260867
5382,5383,-201956816#0,5.0256,0.3372549019607844
5384,5385,-201956816#1,0.0252,0.1999455337690633
5386,5387,-201956816#2,5.1822,0.29909677419354846
5388,5389,-201956816#3,10.1736,0.45974603174603207
5390,5391,-201956816#4,2.6946000000000003,0.2936507936507937
5392,5393,-201956816#5,8.791200000000002,0.4763870967741935
5394,5395,-201956816#6,4.8906,0.2824612403100777
5396,5397,-201963522#0,5.967,6.793931731984832
5398,5399,-201963522#1,10.4634,1.2296975874957523
5400,5401,-201963522#2,9.8406,1.0857142857142845
5402,5403,-201963522#3,10.1466,0.9171901770416906
5404,5405,-201963522#4,7.8012,0.7235810306198655
5406,5407,-201963522#5,4.5936,1.092753623188406
5408,5409,-201963522#6,2.7882,0.19066339066339075
5410,5411,-201963522#7,2.4786,0.3620517097581316
5412,5413,-201963522#9,11.1204,4.862853925353924
5414,5415,-201963533#1,23.466600000000003,43.39343959065307
5416,5417,-201963533#1.188,8.427600000000002,197.51173584146403
5418,5419,-201963533#4,5.513400000000001,166.60348040083835
5420,5421,-201963533#5,6.606,67.05763141199293
5422,5423,-201963533#6,0.8136,2.205623346889562
5424,5425,-202070429#0,0.9702000000000001,1609.018090996906
5426,5427,-202070429#1,5.0742,4675.211910920455
5428,5429,-202070429#11,32.8104,15417.4087520713
5430,5431,-202070429#12,2.727,58.337342679746826
5432,5433,-202070429#12.49,11.829600000000001,367.0907337867423
5434,5435,-202070429#13,2.2194000000000003,20.456333189461635
5436,5437,-202070429#2,1.368,885.1875826581069
5438,5439,-202070429#4,3.195,2487.8816958166553
5440,5441,-202070429#5,7.9794,6351.13462250184
5442,5443,-202070429#8,4.7646,3540.875200141905
5444,5445,-202070435#1,2.5434,12.393982951100321
5446,5447,-202070435#10,2.4822,0.20990008848569194
5448,5449,-202070435#11,18.4788,2.053646916146916
5450,5451,-202070435#12,12.745800000000001,1.08375269590223
5452,5453,-202070435#13,6.6708,0.3571293990983109
5454,5455,-202070435#14,13.869,0.7861449431397617
5456,5457,-202070435#2,13.0464,16.46263473053891
5458,5459,-202070435#3,0.9486000000000001,0.11982289529753734
5460,5461,-202070435#4,17.377200000000002,1.4482101649818084
5462,5463,-202070435#5,9.8622,0.7077600897792925
5464,5465,-202070435#6,1.0998,0.2575169375285756
5466,5467,-202070435#7,0.0252,0.19531739075998486
5468,5469,-202070435#8,8.1468,0.5705145862025788
5470,5471,-202070435#9,3.7584000000000004,0.2973866191506511
5472,5473,-202071401#1,3.9744000000000006,320.5981848184818
5474,5475,-202089409,10.5768,2.435228740084856
5476,5477,-202089410#0,1.7064,0.2909090909090909
5478,5479,-202089410#1,0.531,0.2181818181818182
5480,5481,-202092675,1.359,44.86551243086416
5482,5483,-202164592,2.7125999999999997,2.011111111111111
5484,5485,-202167797#0,7.8354,0.1428571428571428
5488,5489,-202167798,74.0682,0.0
5490,5491,-202167799#1,34.7436,1.2000000000000006
5496,5497,-202167978,8.298,0.5921333183705534
5498,5499,-202315053,18.682199999999998,1.5
5500,5501,-202587960,91.18440000000001,0.0
5502,5503,-202588111,37.017,0.0
5504,5505,-202588112#0,16.2414,2.257142857142857
5506,5507,-202588112#1,15.627600000000001,3.2582417582417587
5508,5509,-202591405#1,25.7112,0.5
5510,5511,-20266187#0,11.9016,1.0227272727272734
5512,5513,-20266187#1,12.893400000000002,1.3475935828877008
5514,5515,-20266187#2,55.8738,6.666666666666671
5516,5517,-20266187#3,21.0762,2.476190476190475
5518,5519,-20266189#0,11.6046,12.17981642670439
5520,5521,-20266189#1,17.6202,3.3343727428078176
5522,5523,-20266190#1,17.0802,1111.1255470801545
5524,5525,-20266190#2,16.6806,430.31724017718767
5526,5527,-20266191,66.366,142.73076923076925
5528,5529,-20266194#0,10.2204,1.2400000000000009
5530,5531,-20266194#1,10.2258,0.9052631578947368
5532,5533,-20266194#2,14.112,2.0291666666666677
5534,5535,-20266194#3,11.529,1.0671936758893281
5536,5537,-20266194#4,8.4168,2.0904761904761915
5538,5539,-20266195#0,9.4518,0.8387461059190034
5540,5541,-20266195#1,8.109,0.8824059561128529
5542,5543,-20266195#2,4.467600000000001,0.4274298097947019
5544,5545,-20266195#3,1.2096,0.2394013273736962
5546,5547,-20266195#4,10.0566,0.9557599369823935
5548,5549,-20266196#0,17.064,22.810606060606062
5550,5551,-20266196#1,8.4258,1.4107142857142858
5552,5553,-20266196#2,48.6864,8.916666666666666
5554,5555,-202857378,5.5332,11.900697006970068
5556,5557,-202952227,3.7584000000000004,6622.065934065933
5558,5559,-202952229,7.756200000000001,850.6838235294118
5560,5561,-202952233,25.151400000000002,89378.31596638654
5562,5563,-202952234#1,9.615599999999999,8041.652645861601
5564,5565,-202952237,5.824800000000001,19937.9
5566,5567,-202952239,27.783,1.9523809523809523
5568,5569,-202952240,24.633000000000003,43610.68157894737
5570,5571,-202952242#0,3.3732,15586.871052631575
5572,5573,-202952242#1,23.180400000000002,6022.720588235294
5574,5575,-202952242#2,6.3936,39388.80952380952
5576,5577,-202956896,10.884599999999999,2.7
5578,5579,-202956898#1,4.5846,0.0
5580,5581,-202956898#2,29.3274,0.0
5582,5583,-203033959,5.355,0.8571428571428571
5584,5585,-203033961,8.753400000000001,1.6190476190476188
5586,5587,-203033964,9.81,3.1
5588,5589,-203033966,7.300800000000001,1.1428571428571428
5590,5591,-203033967,10.647,4.0
5592,5593,-203033975,6.5466,0.5
5594,5595,-203033976,10.9458,0.476190476190476
5598,5599,-203033982#0,4.3632,3.8
5602,5603,-203033983,28.036800000000003,496.8909090909091
5604,5605,-203033987#0,17.526600000000002,0.0
5606,5607,-203033987#1,4.5072,0.8571428571428569
5608,5609,-203033987#2,19.695600000000002,4.499999999999999
5610,5611,-203127018,22.1094,44.22945443704658
5612,5613,-203127020#0,3.1392,1777.774852262798
5614,5615,-203127020#1,5.3352,3221.41602032957
5616,5617,-203127020#2,21.114,18403.976802978414
5618,5619,-203127020#3,16.2234,3557.4592191048664
5620,5621,-203127020#4,6.391800000000001,345.7335662716539
5622,5623,-203127039,7.570800000000001,0.4444444444444444
5624,5625,-203127050,1.9872000000000003,1818.2294291521594
5626,5627,-203127052,3.5028,5467.637762680339
5628,5629,-203127053#0,6.0732,1.7000000000000002
5630,5631,-203127053#1,0.1656,0.4
5632,5633,-203127053#2,5.8302,0.722222222222222
5634,5635,-203132183,3.7043999999999997,6.6882312021754275
5636,5637,-203132184#0,1.6884,13.596491228070175
5638,5639,-203132184#1,17.784000000000002,12.624999999999998
5640,5641,-203132184#2,12.8628,14.36794848539815
5642,5643,-203132184#3,15.966,2.0685787828644977
5644,5645,-203132184#4,7.5600000000000005,1.0011040791782502
5646,5647,-203132184#5,3.9366,1.0346669518523939
5648,5649,-203132184#7,13.3902,3.083191850594228
5650,5651,-203133164,5.652,0.16666666666666666
5652,5653,-203133165#1,0.6245999999999999,0.0
5654,5655,-203139695,15.584399999999999,16.333333333333332
5656,5657,-203139698,9.4536,4.125000000000001
5658,5659,-203139699,6.1344,0.33333333333333326
5660,5661,-203139701,9.5472,2.5
5662,5663,-203139702,19.0818,6381.515151515153
5664,5665,-203139703,12.1914,2.5
5666,5667,-203139704,8.2044,1.818181818181818
5668,5669,-203139705,7.452,0.5
5670,5671,-203139707,10.9692,0.0
5672,5673,-203139709#1,13.5198,532.4066666666668
5674,5675,-203139713#1,14.0724,1207.6964285714287
5678,5679,-20314044#0,18.5904,23.47644927536232
5680,5681,-20314044#1,6.8472,0.3940886699507389
5682,5683,-20314044#2,24.435,1.206451612903226
5688,5689,-203253180,9.333,3.6666666666666665
5692,5693,-203253183,27.207,7.076923076923077
5694,5695,-203575316,28.6344,6.322510822510823
5696,5697,-203621102,1.3824,1.0714285714285714
5698,5699,-203621191#0,50.922,0.5
5700,5701,-203621191#1,0.7415999999999999,0.8
5704,5705,-203912072,18.8154,0.0
5706,5707,-203912074,6.7860000000000005,1.2418300653594776
5708,5709,-203912079,10.7424,0.0
5710,5711,-203912080#0,7.585200000000001,1.655555555555556
5712,5713,-203912080#1,8.7192,1.766666666666667
5716,5717,-203925326#1,12.438,0.6601731601731602
5718,5719,-203925327,8.359200000000001,1.1953846153846157
5720,5721,-203925328#1,7.394399999999999,2.1873015873015875
5722,5723,-203971377#0,18.3582,1.4755686441663112
5724,5725,-203971377#1,6.5268,0.7049226441631508
5726,5727,-203971378#0,4.6746,70781.58961038962
5728,5729,-203971380,2.8656,217.19094050714486
5730,5731,-203976003#0,5.0472,0.42840444184687304
5732,5733,-203976003#1,15.112800000000002,1.4317851959361394
5734,5735,-203976003#10,15.690600000000002,1.4750290360046452
5736,5737,-203976003#11,23.3226,2.532692307692307
5738,5739,-203976003#12,28.227600000000002,4.2630662020905925
5740,5741,-203976003#13,4.5936,0.6858304297328686
5742,5743,-203976003#14,1.7748,0.18615384615384628
5744,5745,-203976003#2,11.5452,1.3476589797344511
5746,5747,-203976003#3,6.3306,0.49966329966329964
5748,5749,-203976003#4,16.133399999999998,1.7917271407837445
5750,5751,-203976003#5,7.0506,0.46715583508036346
5752,5753,-203976003#6,10.764000000000001,1.3270588235294118
5754,5755,-203976003#7,22.5396,2.7044025157232707
5756,5757,-203976003#8,17.6256,1.5585106382978726
5758,5759,-203976003#9,6.0336,0.5485661424606846
5760,5761,-203984392,5.1516,0.9166666666666669
5764,5765,-203986892,3.7062000000000004,5.829545454545455
5766,5767,-203986894,12.754800000000001,1.5277777777777777
5768,5769,-203986896,1.4922,0.5
5770,5771,-204005176,9.6318,0.3333333333333335
5772,5773,-204005177,9.8316,0.0
5774,5775,-20405617#0,13.0464,9782.861572535992
5776,5777,-20405617#1,15.152399999999998,9221.157142857142
5778,5779,-20405617#3,15.5358,1.715415019762846
5780,5781,-20405617#4,8.935200000000002,1.9142857142857146
5782,5783,-20405618#0,13.8636,1.9999999999999982
5784,5785,-20405618#1,10.490400000000001,1.5999999999999996
5786,5787,-20405619,87.318,5.766666666666666
5788,5789,-20405620,85.9662,14.696428571428578
5790,5791,-20405621#0,10.1394,0.9415384615384614
5792,5793,-20405621#1,17.4312,1.7307692307692308
5794,5795,-20405621#2,13.228200000000001,1.2727272727272727
5796,5797,-20405621#3,35.38440000000001,1.3666666666666667
5798,5799,-20405622,41.5728,12.7
5800,5801,-20405623#0,16.4124,3.475396825396825
5802,5803,-20405623#2,21.956400000000002,3.1082251082251093
5804,5805,-20405623#3,19.229400000000002,2.2666666666666657
5806,5807,-20405623#4,6.501600000000001,6.694444444444445
5808,5809,-20405623#5,5.8716,0.2000000000000001
5810,5811,-20405623#6,5.2344,0.6222222222222222
5812,5813,-20405623#7,5.0436000000000005,0.2666666666666667
5814,5815,-20405624#0,10.917000000000002,3.337301587301587
5816,5817,-20405624#1,16.245,1.4940711462450589
5818,5819,-20405624#10,19.666800000000002,7.553571428571431
5820,5821,-20405624#2,8.8416,1.8823529411764706
5822,5823,-20405624#3,0.0432,0.2857142857142857
5824,5825,-20405624#4,8.235000000000001,0.7999999999999999
5826,5827,-20405624#5,2.4966,0.0
5828,5829,-20405624#6,1.4580000000000002,0.3
5830,5831,-20405624#7,7.470000000000001,0.6964285714285714
5832,5833,-20405624#8,13.1508,2.857142857142858
5834,5835,-20405624#9,13.7574,1.4666666666666663
5836,5837,-20405626#0,21.726000000000003,8.044444444444444
5838,5839,-20405626#1,8.0946,0.43956043956043966
5840,5841,-20405626#2,10.7568,1.1483516483516483
5842,5843,-20405626#3,7.1136,0.26666666666666666
5844,5845,-20405626#4,17.0892,1.5714285714285718
5846,5847,-20405627,10.4742,2.4414414414414414
5848,5849,-20405628#0,29.890800000000002,100.54566398608995
5850,5851,-20405628#1,14.7258,1.1520058888479947
5852,5853,-20405628#2,2.4084000000000003,0.6943779904306223
5854,5855,-20405628#3,29.7882,7.611349495816349
5856,5857,-20405628#4,20.970000000000002,1.5401370357014073
5860,5861,-204095914#0,12.798,1.0724484399788474
5862,5863,-204095914#1,8.9334,0.8804003336113428
5864,5865,-204095914#2,10.031400000000001,0.5688557677379292
5866,5867,-204095914#3,2.3165999999999998,10.31181224601616
5868,5869,-204131033,0.0648,0.36415525114155245
5870,5871,-204388143,1.017,8.134590791863141
5872,5873,-204388144#0,1.8684,29.30727541985696
5874,5875,-204414414,2.3346,0.25730994152046777
5876,5877,-204582496,5.558400000000001,208.33333333333331
5878,5879,-204588664#0,16.5438,1.5540540540540548
5880,5881,-204588664#1,15.1578,1.651282051282051
5882,5883,-204588664#2,14.0472,1.1896681749622922
5884,5885,-204689829,3.0294000000000003,0.0
5886,5887,-204723193#0,2.403,0.39682539682539697
5888,5889,-205106791,13.9266,29809.333333333332
5890,5891,-205106792,12.097800000000001,1868.7195767195765
5892,5893,-205141818,7.8354,0.0
5894,5895,-205182378#0,4.8636,2.062851334304922
5896,5897,-205182378#1,2.1222000000000003,0.44048126477312366
5898,5899,-205182378#2,19.3806,2.5801268389713403
5900,5901,-205182378#3,8.6652,0.9588973141520797
5902,5903,-205182378#4,13.7682,1.5546657617916533
5904,5905,-205182378#5,12.535200000000001,1.4604576475311102
5906,5907,-205182378#6,7.0506,1.2989602131133446
5908,5909,-205182378#7,5.0796,34.74346618357488
5910,5911,-205182378#8,2.8602,0.9570905619303016
5912,5913,-205182378#9,4.8726,338.96186148974255
5914,5915,-205802903#0,70.4394,21.33333333333333
5916,5917,-205802903#1,0.774,0.0
5918,5919,-205802904,39.303000000000004,6.072727272727273
5920,5921,-20588622,33.3936,6.999999999999999
5922,5923,-20588624#0,36.621,67.59581947147069
5924,5925,-20588624#1,12.427200000000001,3639.8542363433676
5926,5927,-20588624#2,12.267000000000001,1865.209424756036
5928,5929,-20588627,27.493199999999998,3129.3142857142857
5930,5931,-20588629#0,35.7012,10.11428571428572
5932,5933,-20588629#1,14.484600000000002,4.333333333333334
5934,5935,-20588630,68.9166,13.980952380952383
5936,5937,-20588633,25.3836,10.619047619047615
5938,5939,-20588635#0,24.096600000000002,0.0
5940,5941,-20588635#1,4.4910000000000005,2.0000000000000004
5942,5943,-20588635#2,10.864799999999999,1.0606060606060603
5944,5945,-20588635#3,33.400800000000004,16.95238095238097
5946,5947,-20588639#0,19.9602,2.3000000000000003
5948,5949,-20588641#0,17.9028,20718.35555555556
5950,5951,-20588641#1,1.4849999999999999,1283.2219873150107
5952,5953,-20588641#10,8.722800000000001,2.0846994535519126
5954,5955,-20588641#2,5.702400000000001,2838.046457607433
5956,5957,-20588641#3,4.1292,0.46941678520625896
5958,5959,-20588641#5,12.7944,1.3205128205128205
5960,5961,-20588641#6,7.9361999999999995,29.45031055900621
5962,5963,-20588641#7,0.3888,295.51420765027325
5964,5965,-20588641#8,1.7334,3.163405605499736
5966,5967,-20588641#9,11.138399999999999,0.9388989715668482
5970,5971,-206290971,14.889600000000002,25393.0
5972,5973,-206290972,23.979599999999998,41654.333333333336
5974,5975,-206406053#0,25.803,0.3333333333333339
5976,5977,-206406053#1,57.0402,26.14285714285714
5978,5979,-206411593#0,44.01,15.241277702893314
5980,5981,-206411593#1,11.734200000000001,1.3498834841391467
5982,5983,-206411595#0,9.5418,10.084608098508172
5984,5985,-206411595#1,21.4128,3.3327805686972667
5986,5987,-206411597#0,28.6686,5.306027133219661
5988,5989,-206411601#0,0.7956,0.33333333333333337
5990,5991,-206411601#1,3.1482,0.0
5992,5993,-206411605#0,3.2616,0.3222222222222222
5994,5995,-206411605#1,0.27,0.0
5996,5997,-206411605#2,12.33,0.8888888888888891
5998,5999,-206411605#3,17.361,1.466666666666666
6000,6001,-206411605#4,6.3936,0.9166666666666666
6002,6003,-206411605#5,2.8332,0.0
6004,6005,-206411605#6,0.198,0.0
6006,6007,-206411605#7,30.9348,0.0
6008,6009,-206411608,15.0462,1.8409090909090908
6010,6011,-206413855,0.24300000000000002,0.9821428571428571
6012,6013,-206413856,1.8845999999999998,0.6964285714285715
6014,6015,-206413857#0,4.4316,1.0
6016,6017,-206413857#1,15.368400000000001,4.2857142857142865
6018,6019,-206413858#0,5.3153999999999995,0.24999999999999992
6020,6021,-206413858#1,17.424,2.8
6028,6029,-206567929,10.864799999999999,1.0
6030,6031,-206567930,10.634400000000001,0.0
6032,6033,-206567931,31.3218,10.333333333333336
6034,6035,-206567932,8.2584,0.4102564102564102
6036,6037,-206567933,8.3718,0.5
6040,6041,-206567935,8.542800000000002,0.0
6042,6043,-206567936#0,7.0308,6.694541231126596
6044,6045,-206567936#1,0.5184,0.34294871794871806
6046,6047,-206567936#10,0.2916,0.23333333333333328
6048,6049,-206567936#11,0.5147999999999999,0.32222222222222213
6050,6051,-206567936#12,25.0182,0.24999999999999986
6052,6053,-206567936#13,37.8396,1.95238095238095
6054,6055,-206567936#2,1.4562000000000002,0.7852062588904692
6056,6057,-206567936#3,0.5147999999999999,0.5294117647058825
6058,6059,-206567936#4,1.1178000000000001,0.9238095238095239
6060,6061,-206567936#5,0.747,0.6181818181818179
6062,6063,-206567936#6,1.0062000000000002,0.7307692307692308
6064,6065,-206567936#7,24.7788,7.299999999999999
6066,6067,-206567936#8,0.7794,1.5
6068,6069,-206567936#9,1.6740000000000002,0.8392857142857143
6070,6071,-207091116#0,1.0313999999999999,231.27986633249793
6072,6073,-207091132#0,0.7794,8.17079135686553
6074,6075,-207091132#1,10.265400000000001,98.11759897065322
6076,6077,-207091132#3,6.6474,2.6256713392788793
6078,6079,-207091132#4,13.5738,1.59442183797705
6080,6081,-207091134#1,6.5466,0.5
6082,6083,-207218464,13.0752,2.0
6084,6085,-207218465#0,5.4198,30421.936758893276
6086,6087,-207218465#1,1.6956,5149.917582417583
6088,6089,-207218465#2,12.535200000000001,0.9821428571428577
6090,6091,-207221842,17.9766,7480.299999999999
6092,6093,-208010459#0,3.555,1.9047619047619049
6094,6095,-208010459#1,7.666200000000001,1.7941176470588225
6096,6097,-208010462,23.8464,4.238095238095236
6098,6099,-208117071#0,11.1816,1.3666666666666667
6100,6101,-208117071#1,5.724,0.0
6104,6105,-209144149#0,8.379000000000001,8.20076726342711
6106,6107,-20975939#0,32.9904,4.095833333333334
6108,6109,-20975939#1,37.3716,17.48825420375868
6110,6111,-20975942#0,22.833000000000002,28725.030969030962
6112,6113,-20975942#1,16.2234,1.4314019314019313
6114,6115,-20975942#2,4.9878,4.4308095952024
6116,6117,-20975942#3,7.9758000000000004,1.0793040293040288
6118,6119,-20975943#0,12.0744,2529.019902413971
6120,6121,-20975943#1,0.8856,0.27318628753653995
6122,6123,-20975943#2,5.0976,612.3299581448442
6124,6125,-20975943#3,10.7064,1040.8815420985634
6126,6127,-20975943#4,20.005200000000002,1308.1856459330136
6128,6129,-20975943#5,27.9036,53.74580044525397
6130,6131,-20975946#0,2.475,4901.366666666667
6132,6133,-20975946#1,3.7854000000000005,0.0
6134,6135,-20975948#0,6.1128,26637.309968602825
6136,6137,-20975948#1,20.4066,44808.44974046491
6138,6139,-20975948#2,30.146400000000003,2136.1717805151184
6140,6141,-20975950#0,4.473,28886.26635174419
6142,6143,-20975950#1,19.479599999999998,131946.38298412698
6144,6145,-20975952#0,21.8952,94.32798448245464
6146,6147,-20975952#1,19.6416,1.8110236220472447
6148,6149,-20975954#0,21.6414,5.082728592162552
6150,6151,-20975954#1,16.4394,52.30918134157812
6152,6153,-210464673#0,3.4055999999999997,4053.3666666666663
6154,6155,-210464673#1,9.4734,6962.0
6156,6157,-21224499#0,16.8642,49.325619448340326
6158,6159,-21224499#1,11.7072,1.4000000000000001
6160,6161,-21224502,0.2286,8.48824422684191
6162,6163,-21224504#0,3.528,1.4512077294685992
6164,6165,-21224504#1,14.3046,2.02142857142857
6166,6167,-21224504#2,11.7468,3.1794871794871793
6168,6169,-21224504#3,16.3548,4.380952380952381
6170,6171,-21224504#4,36.3438,13.583333333333334
6172,6173,-21224508,25.3548,0.3333333333333335
6174,6175,-21224509#0,18.6984,4.73684210526316
6176,6177,-21224509#2,45.1206,25.00000000000001
6178,6179,-21224509#3,16.502399999999998,0.5
6182,6183,-21224509#5,11.6316,0.666666666666667
6184,6185,-21224509#6,14.4414,1.1
6188,6189,-213252669,24.2316,0.0
6190,6191,-213252673#0,10.2762,0.9166666666666666
6192,6193,-213252674#0,1.0908,0.5
6194,6195,-213252674#1,32.80500000000001,2.0
6196,6197,-213252674#2,0.36540000000000006,0.0
6200,6201,-213252676#0,0.6894,57.99999999999999
6202,6203,-213252676#1,19.2816,0.5
6204,6205,-213286564#0,1.6182,0.33333333333333337
6206,6207,-213286567#0,10.0044,1.0369458128078815
6208,6209,-213286578,5.6466,0.8444444444444446
6210,6211,-213286584#1,0.12060000000000001,183.24358974358972
6212,6213,-213286584#2,24.2478,18.52777777777778
6214,6215,-213286587,4.8132,4.5
6216,6217,-213286589#1,5.652,0.5553846153846154
6218,6219,-213286589#3,11.372399999999999,0.9729064039408869
6220,6221,-213286595#0,44.4564,14.606060606060607
6222,6223,-213286595#1,0.3978,0.30000000000000004
6224,6225,-213286595#2,58.894200000000005,50.56666666666668
6226,6227,-213286595#3,4.888800000000001,8.0
6228,6229,-213286595#4,0.0432,0.23809523809523814
6230,6231,-213286595#5,18.459000000000003,9.366666666666665
6232,6233,-213328560#0,2.9646,3.779411764705882
6234,6235,-213328560#2,0.0648,1.8095238095238095
6236,6237,-213328560#4,1.9494,0.5666666666666667
6238,6239,-213328563#2,20.6262,265.8727272727273
6240,6241,-213328563#3,3.69,0.2666666666666666
6242,6243,-213328570#0,13.9626,2.322222222222221
6244,6245,-213328570#2,0.0648,7872.833333333336
6246,6247,-213328578,6.3324,1.2307692307692306
6248,6249,-213328603#0,7.1514,1.0714285714285714
6250,6251,-213328603#1,0.6642,0.6666666666666666
6252,6253,-213328603#2,1.2114,0.5666666666666667
6254,6255,-213350768,2.7414,1.2000000000000002
6256,6257,-213350772,2.745,0.33333333333333326
6258,6259,-213350773#0,12.4452,2.3333333333333335
6260,6261,-213350773#1,0.13319999999999999,0.5444444444444445
6262,6263,-213350775#0,13.078800000000001,1.6190476190476193
6264,6265,-213530792#0,0.0648,13130.14285714286
6266,6267,-213530792#1,3.9924,27812.619047619053
6268,6269,-213842019,4.9428,6.809523809523809
6270,6271,-213842021#1,4.383,0.6323529411764705
6272,6273,-213842021#2,1.7676,0.3897058823529411
6274,6275,-213842022#1,3.5802,0.9166666666666666
6276,6277,-213842022#2,1.1682000000000001,0.5
6278,6279,-215332293,8.262,1.6111111111111112
6280,6281,-215333129#0,0.28800000000000003,0.21052631578947387
6282,6283,-215333129#1,0.5886,0.24901185770750986
6284,6285,-215333129#2,8.857800000000001,1.9920948616600789
6286,6287,-215333129#3,7.131600000000001,2.4
6288,6289,-215333131#1,1.7316,0.26785714285714285
6290,6291,-215333131#2,23.9274,2.333333333333334
6292,6293,-215333450,19.434600000000003,7.999999999999999
6294,6295,-215333452,17.090999999999998,2.0
6296,6297,-215335392#1,0.9684,0.5
6298,6299,-215335393#0,0.0522,0.0
6300,6301,-215335393#1,33.5844,0.0
6302,6303,-215335395#1,1.2204000000000002,0.6666666666666666
6304,6305,-215336395,0.29700000000000004,0.4727272727272724
6306,6307,-215336397,9.106200000000001,0.33333333333333326
6308,6309,-215336398#0,5.9058,1.9015151515151516
6310,6311,-215336398#1,11.007000000000001,3.7
6312,6313,-215336398#2,0.0648,2.0
6314,6315,-215337378,9.858600000000001,0.0
6316,6317,-215337380,3.0330000000000004,28.0
6318,6319,-215337579,0.5237999999999999,0.0
6322,6323,-215337585,21.3318,4.0
6326,6327,-215826160#0,65.00160000000001,40.61904761904763
6328,6329,-215826160#1,18.8604,40.5
6330,6331,-215826160#2,19.1916,0.0
6332,6333,-215826167#0,6.8328,0.0
6336,6337,-215826167#2,0.0252,0.5
6338,6339,-215827705,48.571200000000005,0.0
6342,6343,-216169402,4.1958,1.2167338709677424
6344,6345,-216169409#1,0.1062,0.8571428571428571
6346,6347,-216169409#2,3.6558,0.5666666666666669
6348,6349,-216187660,6.827400000000001,2.333333333333333
6350,6351,-216478224,15.3774,0.5
6352,6353,-217170171,10.3122,4.5
6354,6355,-217170172#0,51.5754,0.0
6356,6357,-217170172#1,13.455,4.80952380952381
6358,6359,-217272032,15.199200000000001,138.99999999999997
6360,6361,-217272033,16.630200000000002,144.5
6362,6363,-217272034,13.0212,32.0
6366,6367,-217272036#1,33.510600000000004,0.0
6368,6369,-217389701,11.781,0.3333333333333335
6370,6371,-217407145,12.461400000000001,0.8000000000000003
6372,6373,-217450843,1.9062,1.0
6374,6375,-217450845#0,12.1464,2.263736263736265
6376,6377,-217450845#1,0.20700000000000002,1.0329670329670328
6378,6379,-217450845#2,0.8802,1.4761904761904763
6380,6381,-217450847,7.6698,5.125
6382,6383,-217450850#0,0.36540000000000006,3.8000000000000007
6384,6385,-217450852,15.264000000000001,5.366666666666667
6388,6389,-217477084,24.0696,0.3333333333333333
6390,6391,-217477085,12.4938,2.3333333333333326
6392,6393,-217652169,12.482999999999999,1.1428571428571426
6394,6395,-217652170,22.861800000000002,6.333333333333333
6396,6397,-217892499,10.609200000000001,0.5
6398,6399,-217968254#0,41.7348,0.0
6400,6401,-218006062,3.1338000000000004,0.9166666666666666
6402,6403,-218006063#0,29.347199999999997,12.09090909090909
6404,6405,-218006063#1,10.7964,1.2678571428571423
6406,6407,-218647947#0,4.3416,0.423529411764706
6408,6409,-218647947#1,30.722400000000004,4.565233785822022
6410,6411,-218647954,47.214,0.0
6414,6415,-219423250,6.6924,44135.952380952374
6416,6417,-219559054,7.9452,1.3333333333333335
6418,6419,-21966646#0,12.1014,40040.3615819209
6420,6421,-21966646#2,51.1434,9.999999999999996
6422,6423,-21966647#0,14.747399999999999,848.7797979797982
6424,6425,-21966647#1,10.8954,0.8377016129032256
6426,6427,-21966647#2,0.36000000000000004,0.23188405797101447
6428,6429,-21966647#3,9.1296,0.2678571428571427
6430,6431,-21966647#4,3.87,0.33333333333333326
6432,6433,-21966647#5,36.486,2.0
6434,6435,-21966647#6,7.757999999999999,0.0
6436,6437,-21966647#7,52.767,14.25
6438,6439,-21966648,41.6088,3.0
6444,6445,-220012723,3.7494000000000005,497.5839342612784
6446,6447,-220013328,13.721400000000001,0.812530600549175
6448,6449,-220064167,25.3944,10.619047619047622
6450,6451,-220275307,9.9558,4.250000000000001
6452,6453,-220351054,12.6774,2.0
6454,6455,-220654221,6.4386,1.6190476190476188
6456,6457,-220654222,7.264799999999999,0.5666666666666669
6458,6459,-220658739,14.0562,1.4999999999999996
6460,6461,-220658740,3.3336,0.30000000000000004
6462,6463,-220658741,17.886599999999998,1.0
6464,6465,-220752851,28.0386,2.333333333333332
6468,6469,-223105086,0.5634,1502.3967213114754
6470,6471,-224251774#0,4.6476,923.3980464452933
6472,6473,-224251774#1,11.9412,41.867412659845826
6474,6475,-22486112#0,3.3768,0.25747126436781603
6476,6477,-22486112#1,8.7642,1.431034482758621
6478,6479,-22486112#2,9.379800000000001,0.7985507246376813
6480,6481,-22486112#3,14.1444,1.2758454106280193
6482,6483,-22486112#5,8.0478,0.7090592334494775
6484,6485,-22486112#6,15.5214,1.3311184939091913
6486,6487,-22486115#0,10.8252,7.096980255516843
6488,6489,-22486115#1,11.1744,0.9450317124735729
6490,6491,-22486115#2,38.1654,2.591397849462365
6492,6493,-22486116#0,11.849400000000001,1.4909090909090907
6494,6495,-22486116#1,14.5908,1.8
6496,6497,-22486116#2,18.144000000000002,0.9333333333333333
6498,6499,-22486118#0,25.875,0.3333333333333335
6500,6501,-22486118#1,8.1378,0.3161290322580645
6502,6503,-22486118#2,3.321,0.5372340425531914
6504,6505,-22486118#3,11.988000000000001,0.47195121951219504
6506,6507,-22486118#4,17.334000000000003,2.470985155195682
6508,6509,-22486119#0,33.561,0.0
6510,6511,-22486119#1,11.122200000000001,0.29999999999999993
6512,6513,-22486120#0,12.1914,0.7625000000000003
6514,6515,-22486120#1,18.126,1.5571428571428563
6516,6517,-22486120#2,12.618,25.901515151515163
6518,6519,-22486121#0,15.474599999999999,6.897435897435898
6520,6521,-22486121#1,12.5604,1.8777777777777775
6522,6523,-22486121#2,14.5728,0.0
6524,6525,-22486123,39.564,8.666666666666664
6526,6527,-22486124,44.5338,59.32333333333333
6528,6529,-22486126#0,6.949800000000001,0.40340909090909094
6530,6531,-22486126#1,8.1792,0.9883040935672516
6532,6533,-22486126#2,38.5542,6.4437229437229435
6534,6535,-22486127#1,10.4526,598.1309872461028
6536,6537,-22486127#10,5.6574,1.3101503759398494
6538,6539,-22486127#11,4.1742,1.815114709851552
6540,6541,-22486127#12,13.2462,0.8172905525846702
6542,6543,-22486127#2,3.0366,0.5657075748678803
6544,6545,-22486127#3,12.816,1.1538213825676251
6546,6547,-22486127#4,10.7838,0.9813224559896947
6548,6549,-22486127#5,0.9036000000000001,0.19660433070866135
6550,6551,-22486127#7,4.8149999999999995,0.6272862755724158
6552,6553,-22486127#8,10.2726,1.2383946592144075
6554,6555,-22486127#9,6.3792,1.702582022908173
6556,6557,-22486129#0,19.2708,2.225061698909323
6558,6559,-22486129#1,13.9608,0.839622641509434
6560,6561,-22486129#2,15.2388,2.7939858490566034
6566,6567,-224892361#0,0.0252,1.6019713185836968
6568,6569,-224892361#1,4.32,3.092844521087479
6570,6571,-224892361#2,6.3666,0.654194792671167
6572,6573,-224892361#3,9.0144,0.596077422974426
6574,6575,-224892361#4,8.4456,0.41427418424997164
6576,6577,-224892361#5,0.8244,0.11652542372881358
6578,6579,-224892361#6,4.0662,0.21702931745304635
6580,6581,-224892361#7,5.760000000000001,0.3922106975798249
6582,6583,-224892361#8,15.4674,1.7556436851738861
6586,6587,-224958870,5.814,1.0
6588,6589,-224958871#0,10.0206,0.25000000000000006
6590,6591,-224958871#1,0.9810000000000001,0.8888888888888888
6592,6593,-224999403,5.8914,3.043650793650794
6594,6595,-224999404,0.0648,0.2
6596,6597,-224999405,0.0648,0.23333333333333334
6598,6599,-225488970,6.507000000000001,0.4107953188440411
6600,6601,-225488971#1,14.8086,1.2573529411764701
6602,6603,-225488971#2,3.9906,0.3619047619047618
6604,6605,-225488971#3,2.9772,0.22807017543859645
6606,6607,-225488971#4,3.825,0.4493927125506071
6608,6609,-225491672,7.9506,0.33333333333333326
6610,6611,-225491673,8.508600000000001,4.0
6612,6613,-225491674,7.464600000000001,4.5
6614,6615,-225491675,7.1586,1.0
6618,6619,-225491677,4.7916,2.0
6620,6621,-225491678,5.7168,0.0
6622,6623,-225491679,6.1254,2.2500000000000004
6624,6625,-225491680,5.8734,0.30000000000000016
6626,6627,-225856329,18.502200000000002,1.4999999999999996
6628,6629,-225856330,37.63440000000001,12.966666666666669
6630,6631,-22603930#0,11.5578,0.28571428571428564
6632,6633,-22603930#1,27.212400000000002,0.0
6634,6635,-22603931,12.715200000000001,1.1944444444444449
6636,6637,-22603932#0,11.124,1.5
6638,6639,-22603932#1,15.188400000000001,0.6964285714285717
6640,6641,-22603933,38.7612,2.2499999999999996
6642,6643,-22603934#0,9.7146,1.100142938822184
6644,6645,-22603934#1,26.1306,0.0
6646,6647,-22603934#2,13.572000000000001,2.9166666666666665
6648,6649,-22603935,26.8578,5.366666666666669
6650,6651,-22603937#0,23.7366,2.036796536796535
6652,6653,-22603937#1,21.3228,1.885714285714286
6654,6655,-22603937#2,1.8108,2.6666666666666656
6656,6657,-22603937#3,41.1876,11.356060606060607
6658,6659,-22603937#4,15.2496,0.7878787878787878
6660,6661,-22603937#5,29.1744,2.619047619047619
6662,6663,-22603938#0,12.8574,16.82857142857143
6664,6665,-22603938#1,14.5152,2.692810457516339
6666,6667,-22603939#0,35.677800000000005,15.343527738264578
6668,6669,-22603940#0,30.2076,0.5
6670,6671,-22603940#1,40.869,4.8
6672,6673,-22603940#2,3.9366,0.8611111111111105
6674,6675,-22603941#0,14.2794,1.0000000000000002
6676,6677,-22603941#1,3.1986,0.7000000000000002
6678,6679,-22603941#2,11.9952,1.333333333333333
6680,6681,-22603941#3,12.6504,2.8444444444444454
6682,6683,-22603942,33.2496,0.0
6684,6685,-22603943#0,13.9176,0.9821428571428571
6686,6687,-22603943#1,16.2846,1.7196969696969695
6688,6689,-22603945#0,0.2754,2.8203683204186403
6690,6691,-22603945#1,21.3858,39.72221537238478
6694,6695,-226665981#0,51.471,21.372160745486322
6696,6697,-226665981#1,56.2014,33.41935483870968
6698,6699,-226665982#0,38.1654,0.5
6702,6703,-226665982#10,37.321200000000005,4.250000000000001
6704,6705,-226665982#11,40.572,9.0
6706,6707,-226665982#12,91.0206,21.666666666666668
6708,6709,-226665982#13,53.5824,41.125
6710,6711,-226665982#2,37.5966,0.0
6712,6713,-226665982#3,138.9924,58.0
6716,6717,-226665982#5,34.8534,0.0
6722,6723,-226665982#8,59.196600000000004,0.0
6726,6727,-226665983#0,7.1514,0.0
6728,6729,-226665983#1,67.69080000000001,0.0
6730,6731,-226665983#2,19.954800000000002,0.0
6732,6733,-226665984#0,45.1368,14.299999999999997
6734,6735,-226665984#1,112.2372,133.0
6736,6737,-226665984#2,43.5276,28.0
6738,6739,-226665985#0,20.2734,0.0
6740,6741,-226665985#1,107.5014,2.0
6742,6743,-226665985#2,47.1168,0.0
6744,6745,-226665986#1,56.5506,11.799999999999999
6746,6747,-226665986#2,0.0774,0.9166666666666666
6750,6751,-226665987#1,54.3132,14.916666666666663
6752,6753,-226665987#2,53.364599999999996,0.0
6754,6755,-226665987#3,30.664800000000003,12.5
6756,6757,-226665987#4,61.102799999999995,0.0
6758,6759,-226665988#0,5.3064,8.0
6760,6761,-226665988#1,278.63820000000004,374.7999999999999
6762,6763,-226665989#0,29.593799999999998,8.0
6764,6765,-226665989#1,36.262800000000006,0.0
6766,6767,-226665989#2,41.8914,0.0
6768,6769,-226665989#3,39.4902,60.5
6770,6771,-226665989#4,40.8168,37.238095238095234
6772,6773,-226665989#5,37.4184,4.249999999999997
6774,6775,-226665990#0,76.4676,25.410714285714295
6776,6777,-226665990#1,42.921,2.700000000000001
6778,6779,-226665990#2,41.148,4.0
6780,6781,-226665990#3,73.3086,4.199999999999996
6782,6783,-226665990#4,32.724000000000004,0.5
6784,6785,-226665990#5,44.1738,4.333333333333334
6786,6787,-22690205#1,22.374,2314.422339593114
6788,6789,-22690205#2,5.9778,0.6666666666666664
6790,6791,-22690205#3,29.3022,5.29598308668076
6792,6793,-22690206#0,13.8582,0.16666666666666657
6794,6795,-22690206#1,29.933999999999997,0.3333333333333339
6796,6797,-22690206#2,2.8458,1.0
6798,6799,-22716069#0,15.719400000000002,1057.9024325046778
6800,6801,-22716069#1,16.4034,6.842818057455538
6802,6803,-22716069#2,22.104,4.078053996257686
6804,6805,-22716072#1,57.7728,846.8
6806,6807,-22716072#2,9.484200000000001,0.9523809523809522
6808,6809,-22716072#3,2.1564,1.2
6810,6811,-22716072#4,9.9252,1.1428571428571428
6812,6813,-22716072#5,0.07919999999999999,4.125
6814,6815,-22716073,15.840000000000002,0.25000000000000017
6816,6817,-22716549#1,11.7954,1020.3953846153845
6818,6819,-22716549#2,5.3424000000000005,0.4678362573099416
6820,6821,-22716549#3,12.5262,1.2046783625730988
6822,6823,-22716549#4,3.1302000000000003,0.38235294117647056
6824,6825,-22716549#5,3.24,0.3611111111111111
6826,6827,-22716549#6,10.6596,1.142857142857143
6828,6829,-22724699#0,4.4856,37.28122109158186
6830,6831,-22724699#1,5.369400000000001,0.5202898550724637
6832,6833,-22724699#10,1.9422,0.25905797101449274
6834,6835,-22724699#11,2.0682,0.23715415019762842
6836,6837,-22724699#12,4.0392,0.2124183006535947
6838,6839,-22724699#2,9.3438,0.52361673414305
6840,6841,-22724699#3,7.3422,0.4729729729729731
6842,6843,-22724699#4,5.4954,0.6140819964349378
6844,6845,-22724699#5,1.9620000000000002,0.10256410256410256
6846,6847,-22724699#6,9.649799999999999,0.3280423280423281
6848,6849,-22724699#7,6.210000000000001,0.5669515669515665
6850,6851,-22724699#8,4.3326,0.1778656126482213
6852,6853,-22724699#9,2.835,0.25905797101449274
6854,6855,-22879845,30.043799999999997,11.333333333333334
6856,6857,-229019260#0,2.4084000000000003,0.6666666666666666
6858,6859,-229019260#1,81.9612,2.333333333333334
6860,6861,-229019341,0.036000000000000004,0.0
6862,6863,-23009600#1,3.8933999999999997,24769.341822133138
6864,6865,-23009600#2,1.6074000000000002,4967.261589347519
6866,6867,-230450339#0,13.05,3.0666666666666664
6868,6869,-230450339#1,12.2562,0.0
6870,6871,-230450343#0,13.014000000000001,0.0
6872,6873,-230450343#1,13.0266,0.28571428571428575
6878,6879,-230450347#0,13.131,0.6999999999999998
6880,6881,-230450347#1,10.8576,0.0
6882,6883,-230450350#0,0.0522,2.672514619883041
6884,6885,-230450350#10,6.2316,0.9102564102564102
6886,6887,-230450350#13,6.7860000000000005,0.0
6892,6893,-230450350#16,10.71,0.0
6894,6895,-230450350#18,0.0648,0.2666666666666667
6896,6897,-230450350#19,0.3924,0.2727272727272728
6898,6899,-230450350#2,1.1682000000000001,0.16666666666666669
6900,6901,-230450350#20,0.0648,0.20454545454545459
6902,6903,-230450350#21,0.0648,0.23076923076923075
6904,6905,-230450350#22,0.48600000000000004,0.35897435897435903
6906,6907,-230450350#23,0.81,0.26666666666666666
6908,6909,-230450350#3,0.0648,0.2
6910,6911,-230450350#4,0.0648,0.20000000000000004
6912,6913,-230450350#5,1.2294,0.0
6914,6915,-230450350#6,0.3528,0.0
6916,6917,-230450350#8,16.497,2.6999999999999993
6918,6919,-230450350#9,2.2734,0.44444444444444464
6922,6923,-230450353#1,7.504199999999999,0.0
6924,6925,-230450353#2,12.830400000000001,5.333333333333334
6926,6927,-230450354#0,12.3894,0.3333333333333335
6928,6929,-230450354#1,7.128,0.5
6930,6931,-230450354#2,1.3536000000000001,0.4761904761904761
6932,6933,-230450355#0,25.6374,3.5000000000000004
6934,6935,-230450355#1,7.426800000000001,0.489010989010989
6936,6937,-230450355#2,12.927600000000002,1.683823529411764
6938,6939,-230450356#0,20.772,3.8000000000000003
6940,6941,-230450356#1,7.4628,0.6964285714285715
6942,6943,-230450356#2,12.884400000000001,0.8392857142857142
6944,6945,-230450357#0,17.8452,1.0
6946,6947,-230450357#1,14.2794,2.333333333333334
6948,6949,-230450360#0,0.0648,0.33333333333333337
6950,6951,-230450360#1,0.6318,0.0
6952,6953,-230450360#2,0.657,0.6952380952380951
6954,6955,-230450360#3,0.1296,0.09672830725462303
6956,6957,-230450360#4,0.0648,0.37339971550497864
6958,6959,-230450361#0,11.404800000000002,0.0
6960,6961,-230450361#1,7.354800000000001,0.3333333333333335
6962,6963,-230450361#2,1.0872,0.8
6964,6965,-230450361#3,12.0456,0.0
6966,6967,-230450364#0,0.7866,2.2651515151515156
6968,6969,-230450364#1,7.417800000000001,16.96363636363636
6970,6971,-230450364#2,7.3782000000000005,0.4
6976,6977,-230450366#1,0.5706,0.0
6980,6981,-230450366#3,0.2142,0.0
6982,6983,-230450366#4,0.6966,2.3333333333333335
6984,6985,-230450366#5,0.5472,1.0000000000000002
6986,6987,-230450366#6,0.3276,0.5
6988,6989,-23059971,91.4958,73.0
6990,6991,-23101640#0,27.0576,3.8076923076923106
6992,6993,-23101640#1,8.116200000000001,1.3476190476190477
6994,6995,-23101640#2,8.2818,0.6666666666666666
6998,6999,-23101656#1,0.36719999999999997,0.0
7000,7001,-23101685#1,0.6678000000000001,3124.207733443029
7002,7003,-23101685#10,8.2242,24.537462802168683
7004,7005,-23101685#2,5.9058,7174.421403466246
7006,7007,-23101685#4,2.2752,1208.3649162431775
7008,7009,-23101685#5,0.7074,299.76257650395604
7010,7011,-23101685#6,1.6488,302.7217771027152
7012,7013,-23101685#7,2.4912,560.0242095824725
7014,7015,-23101685#8,33.787800000000004,386.70237954768953
7016,7017,-23101685#9,6.028200000000001,0.4496917040358746
7018,7019,-23125141,5.1857999999999995,0.6964285714285714
7020,7021,-23125142,16.074,0.8392857142857141
7022,7023,-23128480#2,5.9202,1.3587301587301588
7024,7025,-23128564#0,0.0162,9.777176788222626
7026,7027,-23128564#1,0.7938000000000001,5.33822232762343
7028,7029,-231526847,0.0648,0.5
7030,7031,-231526848#0,0.3078,0.5
7032,7033,-231526853,0.0648,0.3333333333333333
7034,7035,-231526856,0.12600000000000003,0.0
7038,7039,-231526858,211.6134,150.64285714285717
7040,7041,-231526859#0,4.3344,0.0
7044,7045,-231526859#2,0.2718,0.0
7046,7047,-231526860#0,6.3252,0.0
7054,7055,-23183627#2,86.7492,38.33333333333334
7056,7057,-23183634#0,45.5634,3.476190476190474
7058,7059,-23183634#1,23.2128,25.0
7060,7061,-23183634#2,28.4382,0.0
7062,7063,-23183634#3,83.61540000000001,212.3333333333334
7064,7065,-23183635,62.307,32.47435897435897
7066,7067,-23183649#0,8.9946,0.7307095171557212
7068,7069,-23184252#0,3.9240000000000004,28093.11047172968
7070,7071,-23184252#1,1.2042000000000002,7757.436144578318
7072,7073,-23184252#2,9.131400000000001,77473.90015797786
7074,7075,-23184252#3,4.7988,32046.20553440812
7076,7077,-23184274#1,6.683400000000001,13241.760948323328
7078,7079,-23184274#2,7.3476,12438.401113066888
7080,7081,-23184274#3,15.597,10410.638667169766
7082,7083,-23184274#4,2.0951999999999997,879.8285006195787
7084,7085,-231966468#0,29.305799999999998,2.333333333333335
7088,7089,-23202117#0,21.555,1.9239766081871343
7090,7091,-23202117#1,29.178,6.1999999999999975
7092,7093,-23202186#0,17.6778,0.0
7094,7095,-23202186#1,15.4854,1.0000000000000002
7096,7097,-23202186#2,19.6236,1.9555555555555537
7098,7099,-23202186#3,25.614,4.5
7100,7101,-23202186#4,13.239,2.0
7102,7103,-23202195#0,60.0228,8.800000000000002
7104,7105,-23202195#1,22.312800000000003,3.0
7106,7107,-23206058#0,13.0104,2.4283071230342275
7108,7109,-23206058#1,24.8202,1.9225806451612897
7110,7111,-23206058#2,11.0574,1.305555555555556
7112,7113,-23206058#4,12.366,0.3333333333333335
7114,7115,-23206109,30.2076,7.861111111111111
7116,7117,-23206111#0,21.321,2.0101950354609928
7118,7119,-23206111#1,7.360200000000001,0.5161290322580645
7120,7121,-23206111#2,3.9221999999999997,0.8128078817733992
7122,7123,-23206114#1,14.9778,1.896907216494845
7124,7125,-23206120,46.254599999999996,8.277777777777779
7126,7127,-23206153,28.314,3.2280701754385968
7128,7129,-23206178,14.904,1.3
7146,7147,-23258631#10,1.7748,0.33333333333333337
7148,7149,-23258631#12,1.3806,0.0
7150,7151,-23258631#14,5.1588,0.0
7152,7153,-23258631#15,7.412400000000001,0.0
7154,7155,-23258631#16,9.408600000000002,0.9166666666666664
7156,7157,-23258631#18,6.9426000000000005,0.7000000000000002
7158,7159,-23258631#4,7.2036,0.0
7160,7161,-23258631#5,8.1,0.0
7162,7163,-23258631#8,2.25,0.1428571428571428
7164,7165,-23291881,2.3382,0.26328677670959555
7166,7167,-23291898#0,46.431000000000004,11.384212305611905
7168,7169,-23291898#1,8.6418,0.8549150654413812
7170,7171,-23291898#2,16.4196,1.9710120454801305
7172,7173,-23291898#3,3.4632,0.3256030223772159
7174,7175,-23291898#4,10.355400000000001,1.084419615145872
7176,7177,-23291898#5,12.2238,2.5379429892141747
7178,7179,-23291898#8,0.5832,2.175618073316283
7180,7181,-23291898#9,1.2833999999999999,10.248746867167924
7184,7185,-233673410#0,4.5,10.760662507558667
7186,7187,-233673410#1,2.7504,0.7211675315859774
7188,7189,-233673410#2,2.4012000000000002,0.5188901000574168
7190,7191,-233673410#3,1.9242,1.0416112967666884
7192,7193,-233673410#5,4.8582,9.448319733199858
7194,7195,-233673410#6,1.359,0.40066759692467585
7196,7197,-233673410#7,2.5326,0.4655097056918616
7198,7199,-233673410#8,3.9636,0.33771440865262375
7200,7201,-233673411#0,0.9828000000000001,0.5322996960076525
7202,7203,-233673411#1,3.8771999999999998,20.087051591701467
7204,7205,-233673412#1,5.8518,17.999718038487757
7206,7207,-233673413#0,1.0998,77.39206097453527
7208,7209,-233673413#1,2.3004000000000002,144.07977197320244
7210,7211,-233673414#0,0.6174000000000001,97.3871383891207
7212,7213,-233673414#1,1.2906,62.25582354549249
7214,7215,-233673414#2,3.1302000000000003,70.68720483693073
7216,7217,-233673414#3,3.4434,110.15439140298352
7218,7219,-233673414#5,8.8128,148.08824006449555
7220,7221,-233673414#7,7.5582,12.349951384235354
7222,7223,-233673414#8,4.5018,1.531553511315537
7224,7225,-233673415#0,1.6956,24.81544612540937
7226,7227,-233673415#1,1.3896000000000002,1.7837642898760382
7228,7229,-233673415#2,1.1538000000000002,0.29407108271552823
7230,7231,-233673415#2.19,2.0448,0.4650145067698258
7232,7233,-233673415#3,7.2918,0.5150417534338788
7234,7235,-233673416,11.9826,0.888964180468663
7236,7237,-233673420#0,2.6964,2.1818049215553263
7238,7239,-233673421,7.272,1.8005005610076001
7240,7241,-233673423,2.9556,3541.150229446854
7242,7243,-233673424#0,8.2044,0.7713834162689148
7244,7245,-233673424#1,9.126000000000001,2.009172908672965
7246,7247,-233673425#0,3.51,152.81296590587812
7248,7249,-233675413#0,5.3748000000000005,2.997024935799165
7250,7251,-233675413#1,10.002600000000001,1.7897533833043144
7252,7253,-233675413#2,9.765,1.0131237332855203
7254,7255,-233675413#3,9.6786,0.9682596392805296
7256,7257,-233675413#6,4.2732,47.59975042427867
7258,7259,-233675413#7,0.6642,0.41168662851031596
7260,7261,-233675413#8,3.7602,22.718576661433826
7262,7263,-233675413#9,2.9663999999999997,18.44778090706032
7264,7265,-23422659,6.820200000000001,15.102193548387095
7266,7267,-23436553#0,17.235,1.65036231884058
7268,7269,-23436553#2,44.9424,4.249999999999999
7270,7271,-23436553#3,2.6172,0.09090909090909088
7272,7273,-23436553#4,16.9758,1.1999999999999997
7274,7275,-23441733#1,24.912,760.5763157894737
7276,7277,-23442105#0,15.037199999999999,1.5225806451612904
7278,7279,-23442105#1,9.5508,0.9230769230769231
7280,7281,-23442105#2,10.232999999999999,0.6923076923076926
7282,7283,-23442105#3,8.6112,0.49523809523809526
7284,7285,-23442105#4,10.2762,1.3625730994152052
7286,7287,-23442105#5,11.5668,1.5955882352941175
7288,7289,-23442105#6,12.9168,0.9999999999999997
7290,7291,-23525483#0,14.2362,1.676666666666666
7292,7293,-23525483#2,3.7368,0.27272727272727276
7294,7295,-23525483#3,8.215200000000001,0.7111111111111109
7296,7297,-23525483#4,17.874,2.1250000000000013
7298,7299,-23525483#5,19.3266,5.333333333333332
7300,7301,-23525483#6,22.0032,1.0909090909090906
7302,7303,-23525483#7,4.167,0.26666666666666655
7306,7307,-235889973#1,20.6964,0.0
7308,7309,-23621940#0,32.19840000000001,10.000000000000002
7310,7311,-23621955#0,7.0452,39.307198859586585
7312,7313,-23621955#1,3.6288,0.34809964047252195
7314,7315,-23621955#10,4.2534,0.564102564102564
7316,7317,-23621955#11,6.642,1.0353846153846156
7318,7319,-23621955#12,3.0294000000000003,0.318840579710145
7320,7321,-23621955#2,5.695200000000001,0.5977854257070178
7322,7323,-23621955#3,1.6272,0.5880184331797239
7324,7325,-23621955#4,4.933800000000001,0.4933868682097308
7326,7327,-23621955#5,5.5116,0.839112276612277
7328,7329,-23621955#6,6.6744,0.6125073056691995
7330,7331,-23621955#7,9.036,1.4245283018867925
7332,7333,-23621955#8,10.7694,1.1072463768115943
7334,7335,-23621955#9,5.0994,0.8439716312056739
7336,7337,-23621983,23.031,18.249999999999996
7338,7339,-23622049#0,39.1338,0.5
7340,7341,-23622051#0,41.4774,9.333333333333332
7342,7343,-23622052#0,43.1676,32.27777777777778
7344,7345,-23622054#0,36.8424,0.0
7348,7349,-23622056#1,26.6328,2.9523809523809526
7350,7351,-23622056#4,20.230200000000004,3.5287784679089027
7352,7353,-23622056#5,2.5848,0.30732600732600746
7354,7355,-23622056#6,6.6582,0.9703296703296703
7356,7357,-23622106#0,13.0302,18.260526315789477
7358,7359,-23622106#1,11.2968,0.9444444444444444
7360,7361,-23622106#10,3.9978000000000002,1.4285714285714286
7362,7363,-23622106#15,5.061599999999999,0.2415384615384615
7364,7365,-23622106#16,1.0962,0.26086956521739135
7366,7367,-23622106#17,1.3158,0.18850574712643675
7368,7369,-23622106#18,6.4350000000000005,0.5333333333333333
7370,7371,-23622106#19,9.1692,2.434475806451614
7372,7373,-23622106#2,11.5848,0.568181818181818
7374,7375,-23622106#3,14.3748,0.6624999999999999
7376,7377,-23622106#4,11.556000000000001,0.4
7378,7379,-23622106#5,5.913,0.5535714285714286
7380,7381,-23622106#6,12.427200000000001,0.9888888888888892
7382,7383,-23622106#8,0.7794,0.0
7384,7385,-23622106#9,2.8764000000000003,0.24725274725274723
7386,7387,-23622107#0,0.1764,1.7899009900990095
7388,7389,-23622107#1,0.027,5.3336633663366335
7390,7391,-23622107#2,4.4424,1.6675247524752481
7392,7393,-23622107#3,19.693800000000003,2.166666666666667
7394,7395,-23622107#4,3.726,0.35643564356435653
7396,7397,-23622107#5,2.6118,0.27548543689320387
7398,7399,-23622107#6,6.0047999999999995,0.45512820512820523
7400,7401,-23622107#7,2.1294,0.2934092606422704
7402,7403,-23622107#8,4.2264,0.3683434249340165
7404,7405,-23622128#0,14.4072,1.2727272727272723
7406,7407,-23622128#1,11.6172,0.6666666666666666
7408,7409,-23622128#2,17.443800000000003,0.0
7410,7411,-23622131#0,3.1410000000000005,0.0
7412,7413,-23622131#1,15.481800000000002,0.0
7414,7415,-23622131#2,78.10560000000001,32.0
7416,7417,-23622140#0,8.249400000000001,5.2
7418,7419,-23622140#1,5.7492,23.333333333333332
7420,7421,-23622140#2,80.4114,24.666666666666668
7422,7423,-23622141#0,0.9648000000000001,0.0
7424,7425,-23622141#1,8.8254,0.0
7426,7427,-23622141#2,20.979,10.249999999999998
7428,7429,-23622167#0,56.7666,4.3333333333333375
7430,7431,-23622167#1,14.7276,1.281538461538461
7432,7433,-23622170#0,32.1084,3.104395604395605
7434,7435,-23622170#1,15.319799999999999,1.2087912087912094
7436,7437,-23622170#2,6.1434,0.8398692810457516
7438,7439,-23622189#0,0.0432,0.0
7440,7441,-23622189#1,34.038000000000004,18.0
7442,7443,-23622189#2,35.4492,2.0
7444,7445,-23622189#3,35.676,13.242424242424242
7446,7447,-23622189#4,0.0432,0.17142857142857149
7448,7449,-23622201#0,16.7634,2.27777777777778
7450,7451,-23622201#1,27.8928,0.5
7452,7453,-23622201#2,15.627600000000001,1.7666666666666668
7454,7455,-23622232#0,42.219,8.602564102564104
7456,7457,-23622232#1,13.329,1.9999999999999982
7458,7459,-23622232#2,44.9748,6.333333333333331
7460,7461,-23622249#0,11.2968,0.5000000000000002
7462,7463,-23622249#1,6.4746,0.619047619047619
7464,7465,-23622271#1,3.123,989.9378635642519
7466,7467,-23622271#3,2.034,208.2102272727273
7468,7469,-23622271#4,2.4858000000000002,155.00189393939394
7470,7471,-23622271#6,11.0502,129.9722617354196
7472,7473,-23622271#7,1.4184,0.2777777777777778
7474,7475,-23622517#0,21.1158,2.6024955436720143
7476,7477,-23622517#1,10.423800000000002,0.666666666666667
7478,7479,-23622517#2,10.926,2.57142857142857
7480,7481,-23622517#3,7.0362,2.3611111111111116
7482,7483,-23622520#0,22.237199999999998,5.696428571428568
7484,7485,-23622520#2,11.7036,0.6666666666666666
7486,7487,-23623583#0,6.5178,1.51
7488,7489,-23623583#1,34.1802,4.151515151515154
7490,7491,-23623595,41.769,3.96969696969697
7494,7495,-23623633#1,7.1766000000000005,0.0
7496,7497,-23623633#2,6.9264,0.30000000000000016
7498,7499,-23623640,10.279800000000002,0.0
7500,7501,-23623646,10.596599999999999,2.0
7502,7503,-23623674#1,24.831,120.5731225296443
7504,7505,-23623674#11,12.2004,39.16666666666667
7506,7507,-23623674#2,0.0432,0.055555555555555546
7508,7509,-23623674#3,2.142,0.1544117647058824
7510,7511,-23623674#4,0.47340000000000004,0.05555555555555555
7512,7513,-23623674#5,2.8386,0.6176470588235294
7514,7515,-23623674#6,0.039599999999999996,0.2647058823529411
7516,7517,-23623674#7,4.300199999999999,1.1410256410256407
7518,7519,-23623674#8,3.1248,0.6666666666666669
7520,7521,-23623680,12.672,5.800000000000001
7522,7523,-23623681,7.398000000000001,0.6944444444444444
7524,7525,-23623685,26.685,3.5833333333333344
7526,7527,-23623687#0,14.104800000000001,0.3333333333333335
7528,7529,-23623687#1,9.9198,0.5
7530,7531,-23623692#0,16.491600000000002,1.9999999999999998
7532,7533,-23623692#1,18.8226,0.3333333333333335
7534,7535,-23623692#2,13.6782,2.25
7536,7537,-23623693,18.5904,0.3
7538,7539,-23623701#0,6.8886,9.261904761904761
7540,7541,-23623701#1,4.4118,0.44771241830065345
7542,7543,-23623701#2,10.4562,0.4545454545454545
7544,7545,-23623701#3,20.124,3.618181818181818
7546,7547,-23623705,18.1548,0.0
7548,7549,-23623713#0,3.6558,0.5714285714285714
7550,7551,-23623713#1,11.8926,0.9230769230769228
7552,7553,-23623713#2,0.3618,4.397435897435898
7554,7555,-23623715#0,0.0252,0.2181818181818182
7556,7557,-23623715#1,0.5670000000000001,0.25000000000000006
7558,7559,-23623715#2,1.1700000000000002,0.2545454545454546
7560,7561,-23623717,16.070400000000003,0.9166666666666666
7562,7563,-23623720,50.7744,16.0
7564,7565,-23623780#0,0.1296,5.2678571428571415
7566,7567,-23623780#1,34.983,4.666666666666667
7572,7573,-240187995#1,4.5611999999999995,1.5199275362318847
7574,7575,-24061326#0,17.0514,7.5
7576,7577,-24061326#1,13.9644,0.6666666666666666
7578,7579,-24061326#2,33.982200000000006,7.071428571428571
7580,7581,-24061326#3,2.727,0.5714285714285714
7582,7583,-243554732,29.838600000000003,7.616089754165979
7584,7585,-24495014#0,20.2554,1.8727272727272744
7586,7587,-24495014#1,0.29700000000000004,4.457142857142857
7588,7589,-24495083#0,5.369400000000001,0.9166666666666664
7590,7591,-24495083#1,9.9126,1.3
7592,7593,-24495083#2,9.615599999999999,1.4107142857142858
7594,7595,-24495083#3,54.8226,18.96363636363636
7596,7597,-24495188,21.666600000000003,10108.219192687548
7598,7599,-24498193#1,1.5372,1420.5777395295468
7600,7601,-24498193#3,2.5578000000000003,13.33618233618234
7602,7603,-24498193#4,0.7290000000000001,0.33333333333333337
7604,7605,-24498193#5,3.5388,0.6766666666666664
7606,7607,-24498193#6,4.2606,1.885714285714286
7608,7609,-24499966#0,1.2384,2480.1651920979284
7610,7611,-24499966#1,25.221600000000002,28138.117528229548
7612,7613,-24499966#2,5.742,558.7522802468026
7614,7615,-24499968#0,2.1582000000000003,3583.8353846153846
7616,7617,-24499968#1,19.5912,2772.1320346320344
7618,7619,-24499968#2,0.0432,6.499999999999999
7620,7621,-245375067,5.7078,1.3333333333333333
7622,7623,-245375072#0,1.1682000000000001,0.2857142857142857
7624,7625,-245375072#1,2.6604,0.33333333333333326
7626,7627,-245375074#0,0.1296,0.9166666666666666
7628,7629,-245375074#1,12.8142,0.3333333333333335
7630,7631,-245375074#2,13.2408,0.0
7632,7633,-245375074#3,13.2858,0.0
7634,7635,-245375074#4,63.045,0.0
7636,7637,-24537805#0,4.4172,3504.044296788483
7638,7639,-24537805#1,0.1602,3633.678646934461
7640,7641,-24537805#2,2.052,10921.870507399575
7642,7643,-24537805#3,3.2292,3896.718816067652
7644,7645,-24537805#4,24.994799999999998,10578.139024390253
7646,7647,-24537982#1,6.2424,4992.38373174619
7648,7649,-24537982#2,2.2122,949.2133857303057
7650,7651,-24537982#3,12.852,6179.150609651375
7652,7653,-24537982#4,7.5204,3281.0522029753356
7654,7655,-24598017,5.149800000000001,3653.952380952381
7656,7657,-24599188#1,4.107600000000001,34.399323220401044
7658,7659,-246024693,6.247800000000001,4.5
7660,7661,-246024695,6.6006,3.0666666666666664
7662,7663,-246024696,2.0718,1.0277777777777777
7664,7665,-246024697#0,13.1724,3.6
7666,7667,-246024698#0,14.4522,3.8611111111111107
7668,7669,-246024699#0,0.0648,0.23809523809523805
7670,7671,-246024699#1,7.5114,1.5294117647058822
7672,7673,-246024701#0,10.728,2.6666666666666665
7674,7675,-246024701#1,6.633,3.0000000000000004
7676,7677,-24608842#0,20.115000000000002,2218.245665445666
7678,7679,-24608842#1,3.7638000000000003,171.42368421052632
7680,7681,-24608842#2,12.751199999999999,187.80303030303028
7682,7683,-24608843#0,24.6942,1.9655913978494624
7684,7685,-24608845,15.361200000000002,1.4102564102564104
7686,7687,-24608846#0,29.199600000000004,17.134502923976612
7688,7689,-24608846#1,12.5802,1.2619047619047614
7690,7691,-24614922#0,22.604400000000002,2.2666666666666666
7692,7693,-24614922#2,11.2392,0.5
7696,7697,-24634411#0,30.6522,5.123809523809524
7698,7699,-24634411#1,19.7982,0.9166666666666671
7700,7701,-24634413#1,44.933400000000006,15.699999999999998
7702,7703,-24634413#2,7.8696,1.0000000000000002
7704,7705,-24634413#3,29.9196,4.285714285714287
7706,7707,-24634414#0,2.9124000000000003,55.27272727272726
7708,7709,-24634414#2,17.4222,251.47368421052636
7710,7711,-24634414#3,13.7538,2.4705882352941186
7712,7713,-24634414#4,22.784399999999998,1.5333333333333337
7714,7715,-24634414#5,10.9602,1.3476190476190477
7716,7717,-24634414#6,4.509,0.6566666666666667
7718,7719,-24634414#7,5.391,0.43971631205673767
7720,7721,-24634414#8,2.4552,0.43112244897959195
7722,7723,-24634415,13.406400000000001,1.476190476190476
7724,7725,-24634417#1,29.095200000000002,19.867753623188403
7726,7727,-24634505,10.409400000000002,0.817591691009413
7728,7729,-24634506#0,19.6506,2.4909090909090907
7730,7731,-24634506#1,2.7774,0.8571428571428571
7732,7733,-24634506#2,15.4116,0.0
7734,7735,-24634507,42.813,0.5
7736,7737,-24634508#0,19.6452,0.6666666666666666
7738,7739,-24634508#1,13.743,21.982142857142858
7740,7741,-24634509#0,9.772200000000002,0.5714285714285717
7742,7743,-24634509#1,12.103200000000001,1.0
7746,7747,-24634509#3,5.4792000000000005,0.0
7750,7751,-24634509#5,0.2826,0.0
7752,7753,-24634509#6,4.0932,0.0
7754,7755,-24634509#7,10.5228,0.6666666666666666
7756,7757,-24634510#0,33.3306,6.643956043956041
7758,7759,-24634510#1,0.8406,0.37058823529411744
7760,7761,-24634510#10,4.141800000000001,0.33770161290322603
7762,7763,-24634510#11,11.865599999999999,1.3618951612903232
7764,7765,-24634510#12,0.3042,0.12315270935960594
7766,7767,-24634510#13,6.4026,0.332512315270936
7768,7769,-24634510#14,10.596599999999999,0.8916256157635468
7770,7771,-24634510#15,7.515,0.5965608465608464
7772,7773,-24634510#16,3.51,0.24216524216524205
7774,7775,-24634510#17,9.324,0.7512315270935961
7776,7777,-24634510#18,9.6984,1.5960591133004927
7778,7779,-24634510#2,1.2096,0.24347826086956528
7780,7781,-24634510#20,5.13,0.39831932773109235
7782,7783,-24634510#21,5.8644,23.27694235588972
7784,7785,-24634510#3,10.3032,1.2909090909090908
7786,7787,-24634510#4,2.4678,0.28141025641025647
7788,7789,-24634510#5,6.417,0.7830725462304408
7790,7791,-24634510#7,15.199200000000001,1.279487179487179
7792,7793,-24634510#8,4.518,0.37187789084181305
7794,7795,-24634510#9,16.473599999999998,1.6820512820512827
7796,7797,-24634511#0,7.844399999999999,0.9480769230769227
7798,7799,-24634511#1,18.981,6.027777777777778
7800,7801,-24634513#0,18.5184,8.333333333333336
7802,7803,-24634513#1,25.038,24.5
7804,7805,-24634513#2,30.0762,0.0
7806,7807,-24634513#3,1.0044000000000002,0.0
7808,7809,-24634513#4,3.9762000000000004,0.0
7810,7811,-24634513#5,24.2478,6.800000000000001
7812,7813,-24634513#6,6.6042000000000005,0.4
7814,7815,-24634514#0,6.6168000000000005,9.352380952380951
7816,7817,-24634514#1,9.5706,0.33333333333333304
7818,7819,-24634514#2,11.6424,2.3333333333333335
7820,7821,-24634514#3,10.872,0.0
7822,7823,-24634514#4,6.5466,2.0
7824,7825,-24634514#5,27.2592,7.583333333333333
7826,7827,-24634516#1,61.9704,67.25641025641025
7828,7829,-24634516#2,52.2,46.49264705882354
7830,7831,-24634517#1,8.1684,853.4547263681594
7832,7833,-24634517#11,4.833,0.9325236167341433
7834,7835,-24634517#13,7.5924000000000005,0.8319327731092437
7836,7837,-24634517#14,6.130800000000001,1.4999999999999998
7838,7839,-24634517#16,4.4694,0.3142857142857141
7840,7841,-24634517#17,0.25020000000000003,0.1045751633986928
7842,7843,-24634517#18,8.017199999999999,0.4555555555555555
7844,7845,-24634517#19,6.9066,0.9444444444444444
7846,7847,-24634517#2,1.6272,13.357786357786354
7848,7849,-24634517#20,1.0655999999999999,0.16666666666666666
7850,7851,-24634517#21,0.6048,0.2666666666666667
7852,7853,-24634517#22,2.4264,1.3666666666666667
7854,7855,-24634517#4,9.1944,0.9048245614035085
7856,7857,-24634517#5,1.2294,0.2759879725085912
7858,7859,-24634517#6,0.1404,0.25243832472748134
7860,7861,-24634517#7,6.5034,1.0270349691448715
7862,7863,-24634517#8,6.949800000000001,0.6396499238964991
7864,7865,-24634517#9,5.6034,1.8708249496981888
7866,7867,-24634518#0,21.438000000000002,15.267857142857142
7868,7869,-24634518#1,4.0014,0.3333333333333335
7870,7871,-24634518#2,0.20700000000000002,0.0
7872,7873,-24634519#0,13.751999999999999,10.025132275132275
7874,7875,-24634519#1,0.1296,5.6000000000000005
7876,7877,-24634519#2,0.1296,0.5
7878,7879,-24634521#0,17.4114,15.766666666666666
7880,7881,-24634521#1,75.8592,18.0
7882,7883,-24634521#2,17.541,8.233333333333334
7884,7885,-24634522,10.684800000000001,0.5
7886,7887,-24692304,6.1776,0.0
7888,7889,-24692328#0,3.1410000000000005,34387.496604938264
7890,7891,-24692328#1,0.1296,2697.6648841354718
7892,7893,-24692391#0,2.637,0.3544895413685827
7894,7895,-24692391#1,1.2366000000000001,0.2685839629539362
7896,7897,-24692391#2,3.5532,91.2808219178082
7898,7899,-24693977#0,2.5884,543.928725108173
7900,7901,-24693977#1,9.7452,540.7135367568012
7902,7903,-24733323#0,2.7684,3.3823925485355164
7904,7905,-24733323#1,63.523799999999994,37.35885885885887
7906,7907,-24733323#2,5.7114,18.175102040816327
7908,7909,-24733323#3,23.2182,28.039944903581265
7910,7911,-24733323#4,14.826600000000001,65.08490322580646
7912,7913,-24733323#5,13.131,129.78572315332093
7914,7915,-24754837#0,4.4856,0.5666666666666667
7916,7917,-24754837#1,40.1166,11.125
7918,7919,-24754837#2,5.6556,0.2748538011695907
7920,7921,-24754837#3,2.3274,0.3
7922,7923,-24754837#4,0.9468000000000001,0.2619047619047618
7924,7925,-24754837#5,21.8412,2.852439024390245
7926,7927,-24754837#6,8.071200000000001,1.0527289546716003
7928,7929,-24754837#7,10.5282,0.8673290473407366
7930,7931,-24754837#8,3.9042000000000003,0.24430157802454697
7932,7933,-24754837#9,3.1302000000000003,0.32261835184102877
7934,7935,-24754854#0,8.0316,1.1275862068965519
7936,7937,-24754854#1,8.1558,2.0197628458498036
7938,7939,-24754854#2,9.0684,1.0666666666666667
7940,7941,-24754854#3,12.751199999999999,4.277777777777778
7942,7943,-24754876#0,2.79,0.32300486398847067
7944,7945,-24754876#10,5.4774,0.38116343490304716
7946,7947,-24754876#11,3.2634,0.9749702483780563
7948,7949,-24754876#12,7.264799999999999,1.6827421398134295
7950,7951,-24754876#2,5.6394,0.5209637529948214
7952,7953,-24754876#2.36,8.647200000000002,0.8401731200247314
7954,7955,-24754876#3,3.9600000000000004,0.4853609747226767
7956,7957,-24754876#4,4.9716000000000005,0.3761273209549069
7958,7959,-24754876#5,4.6259999999999994,0.43508547876817694
7960,7961,-24754876#7,3.528,0.5140368026615904
7962,7963,-24754876#8,5.0796,0.34766167618459654
7964,7965,-24754876#9,0.162,0.2611111111111108
7966,7967,-24754881#1,3.0654000000000003,205.75516248457416
7968,7969,-24754881#2,0.9936000000000001,0.27679262973380614
7970,7971,-24754881#3,0.9882000000000001,0.2493987199869552
7972,7973,-24754881#4,0.2286,0.22941176470588234
7974,7975,-24754881#5,0.0828,0.2470343646814235
7976,7977,-24754881#6,2.3238,0.2242951618517229
7978,7979,-24754881#7,3.0402,0.6343543334493562
7980,7981,-24754890#0,75.7098,11.33333333333333
7982,7983,-24754890#1,17.1486,0.6666666666666666
7984,7985,-24754890#2,12.726,4.612903225806453
7986,7987,-24754893,33.1956,9.700534759358288
7988,7989,-24872465,5.0022,30892.285714285714
7990,7991,-24872530#0,17.378999999999998,33337.012002227806
7992,7993,-24872530#1,5.0436000000000005,7212.580051082135
7994,7995,-24872530#2,0.1296,7702.098282362794
7996,7997,-24872530#3,17.9676,62640.927102238325
7998,7999,-24872530#5,6.7266,1.5833333333333333
8000,8001,-24882619,90.8028,72.26666666666667
8002,8003,-24895299#0,2.9952,0.36842105263157876
8004,8005,-24895299#1,12.816,0.849673202614379
8006,8007,-24895300#0,46.470600000000005,14.435897435897438
8008,8009,-24895300#1,61.9956,30.700000000000006
8010,8011,-24895300#2,12.0006,3.3000000000000003
8012,8013,-24895300#3,10.053,0.19999999999999996
8014,8015,-24895300#4,11.692800000000002,4.8076923076923075
8016,8017,-24895300#5,80.2008,35.05494505494505
8018,8019,-24895300#6,14.8698,1.5065359477124187
8020,8021,-24895308,4.23,0.883940620782726
8022,8023,-24895312#0,15.3576,2.508771929824562
8024,8025,-24895312#1,34.201800000000006,5.241106719367587
8026,8027,-24895312#2,9.9414,1.0678160919540227
8028,8029,-24895312#3,24.856199999999998,3.18939393939394
8030,8031,-24943166#0,2.2752,1.3548387096774193
8032,8033,-24943166#1,10.3878,0.6157635467980295
8034,8035,-24943166#2,13.518,1.266233766233766
8036,8037,-24943166#3,8.753400000000001,0.905263157894737
8038,8039,-24943166#4,8.8812,3.344444444444445
8040,8041,-24943168#0,17.1828,4.544444444444445
8042,8043,-24943168#1,14.9382,1.8666666666666671
8044,8045,-24943168#2,10.645199999999999,0.0
8050,8051,-24943168#5,16.7922,0.0
8052,8053,-24970784#1,8.632800000000001,28316.07289855072
8054,8055,-24970784#3,2.862,3522.4907069654323
8056,8057,-24970784#5,3.9366,4337.088221727806
8058,8059,-24972185#2,8.748000000000001,412.4496143674753
8060,8061,-24972185#3,11.196,148.10808884758256
8062,8063,-24972185#5,9.201600000000001,3.406490939733056
8064,8065,-24972185#7,12.3606,11.137576409584227
8066,8067,-24972185#8,17.1018,1.9219206212372881
8068,8069,-24972185#9,5.1714,1.7492217384015838
8070,8071,-24977473#0,2.1582000000000003,3417.471122747573
8072,8073,-24977473#1,7.6698,13306.062264856657
8074,8075,-24977473#2,0.9774,2486.1892530657733
8076,8077,-24977473#4,2.5362,1597.0701060752158
8078,8079,-24977548#0,0.0648,3362.551921973608
8080,8081,-24977548#1,1.3176,6782.228741496599
8082,8083,-24977548#2,0.6318,9616.51
8084,8085,-24977575,23.9562,2964.2678571428564
8086,8087,-24977577#0,0.8676,2.090909090909091
8088,8089,-24977577#1,5.2704,34.666666666666664
8090,8091,-24977590#1,3.2148000000000003,1213.674261090578
8092,8093,-24978943#0,9.8856,346.6343209876544
8094,8095,-24978943#1.15,14.531400000000001,16.740899992586556
8096,8097,-24989826#0,6.4332,0.25000000000000006
8098,8099,-24989903,17.586,40513.5
8100,8101,-24989986,0.9378000000000001,639.4771536979733
8102,8103,-24989994,8.3574,4371.122222222222
8104,8105,-24991571,1.5678,184.3363306027703
8106,8107,-24991571.15,11.16,2110.7441430133135
8108,8109,-24991573,1.7027999999999999,235.6235953876942
8110,8111,-25000737#0,36.7218,15.142857142857146
8112,8113,-25000737#1,1.8576000000000001,14.266666666666664
8114,8115,-25000737#2,0.855,13.816176470588234
8116,8117,-25001007#1,4.0428,606.1292143401982
8118,8119,-25001024,14.8086,2116.260147918818
8120,8121,-25012173,25.6626,8.799999999999999
8122,8123,-25027491#2,19.9188,0.5000000000000001
8124,8125,-25027491#3,6.1217999999999995,8.700000000000001
8126,8127,-25076749#0,30.6522,2.0
8128,8129,-25076749#1,13.098600000000001,0.7000000000000004
8130,8131,-25076749#2,11.439000000000002,0.5666666666666669
8132,8133,-25076787#0,25.4484,25.333333333333336
8134,8135,-25076787#1,18.293400000000002,1.7643600180913614
8136,8137,-25076787#2,10.6722,1.057471264367817
8140,8141,-25114091,6.3252,21493.58479532164
8142,8143,-25117391#0,0.5166,61.26749462622403
8144,8145,-25117391#1,6.1794,436.07387946819506
8146,8147,-25117391#2,5.3838,0.255210918114144
8148,8149,-25117391#3,13.0914,0.9421868454126516
8150,8151,-25117417#1,7.8912,1219.2058222676196
8152,8153,-25117417#2,9.6912,13.409346271705827
8154,8155,-25117417#4,10.0188,1.7708120965001688
8156,8157,-25117417#5,0.12060000000000001,0.2787971457696229
8158,8159,-25122731#1,4.4622,177.93107344632764
8160,8161,-25122830#0,11.4138,0.8106060606060613
8162,8163,-25122830#1,7.677,58.63103448275862
8164,8165,-25136251,14.3226,0.9523809523809524
8166,8167,-25136252,16.111800000000002,3.2678571428571437
8168,8169,-25136980#0,61.4034,28.110294117647054
8170,8171,-25136980#1,21.875400000000003,4.69090909090909
8172,8173,-25136980#2,3.6846000000000005,2.9166666666666665
8174,8175,-25136980#3,18.6894,2.3333333333333326
8176,8177,-25136980#5,15.7914,2.9999999999999996
8178,8179,-25136980#6,13.0536,1.999999999999999
8180,8181,-25136980#7,12.4344,4.446969696969697
8182,8183,-25136980#8,12.969000000000001,3.356060606060605
8184,8185,-25136980#9,15.921000000000001,2.265151515151515
8186,8187,-25136981,24.494400000000002,2.6999999999999993
8188,8189,-25136982#0,18.990000000000002,2.285714285714286
8190,8191,-25136982#1,0.0648,0.7
8192,8193,-25136982#2,9.045000000000002,13.142857142857142
8194,8195,-25136982#3,36.5508,18.000000000000004
8196,8197,-25136983#0,14.6718,0.0
8198,8199,-25136983#1,66.2886,8.0
8200,8201,-25136984,18.7578,1.6999999999999995
8202,8203,-25136986,17.924400000000002,16.054545454545455
8204,8205,-25141428#0,63.495,20.56666666666666
8206,8207,-25141428#1,35.326800000000006,2.0
8208,8209,-25141428#2,8.136,2.9166666666666665
8210,8211,-25141430#0,2.8332,0.36363636363636365
8212,8213,-25145011#0,21.9582,34933.054945054944
8214,8215,-25145011#1,28.1034,4.696428571428571
8216,8217,-25145011#2,2.8998,109.06666666666666
8218,8219,-25145012#0,11.3076,0.1666666666666665
8220,8221,-25145012#1,27.090000000000003,2.166666666666667
8222,8223,-25145012#2,1.3554,0.3
8224,8225,-25145012#3,6.7068,0.3333333333333333
8226,8227,-25145012#4,13.530600000000002,0.666666666666667
8228,8229,-25145012#5,14.202,0.25
8230,8231,-25145012#6,16.6734,0.5
8232,8233,-25145012#7,16.2558,0.666666666666667
8234,8235,-25145012#8,17.073,0.24999999999999986
8236,8237,-25145013#0,18.2016,145504.39977851606
8238,8239,-25145013#1,23.967,2156.5551535087716
8240,8241,-25145014#0,26.5932,58.025
8242,8243,-25145014#1,18.6642,2.8436974789915967
8244,8245,-25145014#2,24.7392,4.299999999999999
8246,8247,-25145014#3,5.4792000000000005,0.4761904761904762
8248,8249,-25145014#4,0.7956,0.29999999999999993
8250,8251,-25145014#5,7.4916,0.8522167487684728
8252,8253,-25145014#6,4.1202000000000005,0.3264367816091954
8254,8255,-25145014#7,0.3258,0.19458128078817732
8256,8257,-25145014#8,0.9414,0.32473118279569874
8258,8259,-25145014#9,11.3796,3.7978494623655923
8260,8261,-25148803,5.4198,6526.655913978495
8262,8263,-25148808,0.765,0.16666666666666669
8264,8265,-25148812,8.0874,1773.5418719211823
8266,8267,-25148889,2.8962,0.49032258064516154
8268,8269,-25149001#1,43.8462,6287.705695364239
8270,8271,-25149001#2,8.5572,1.007839294463498
8272,8273,-25149001#3,14.646600000000001,2.770494009960964
8274,8275,-25149001#4,20.6766,106.38010204081637
8276,8277,-25149001#5,4.0122,2.849290780141845
8278,8279,-25149251#0,28.728,11.311257763975153
8280,8281,-25149251#1,47.21040000000001,11.93299075025693
8282,8283,-25149251#2,24.1398,3.792644757433492
8284,8285,-25149251#3,59.4954,20.69494949494951
8286,8287,-25149251#4,0.5616,1.1396078431372545
8288,8289,-25171366#1,31.244400000000002,6.558886158886157
8290,8291,-25171366#2,10.4148,0.8920027341079975
8292,8293,-25182130,21.4578,3.0000000000000013
8294,8295,-25182154,30.839399999999998,5.075163398692809
8296,8297,-25184629,18.603,0.0
8298,8299,-25184651#0,12.6504,2.7
8300,8301,-25184651#1,9.5814,2.0000000000000004
8302,8303,-25184651#2,29.523600000000002,3.194444444444445
8304,8305,-25184664#0,12.0798,0.6666666666666667
8306,8307,-25184664#1,5.1335999999999995,1.0
8308,8309,-25184672,31.0806,5.750000000000004
8310,8311,-25187889,15.2334,5.333333333333332
8312,8313,-25187891,16.030800000000003,29.653377630121803
8314,8315,-25187892,24.348599999999998,8.0
8318,8319,-25187895#0,9.6228,0.0
8320,8321,-25187895#1,14.0868,0.0
8324,8325,-25188976#0,12.2094,1.1330594184576481
8326,8327,-25188976#1,23.5638,2.23474615742897
8328,8329,-25188977,12.7926,32.19437420986093
8330,8331,-25188978#0,22.0086,58.25
8332,8333,-25188978#1,20.460600000000003,16.333333333333336
8334,8335,-25188978#3,42.8076,29.839285714285715
8336,8337,-25188979#0,0.0648,1.2
8338,8339,-25188979#1,42.6978,8.0
8340,8341,-25188986#0,46.323,0.0
8342,8343,-25188986#1,20.8368,1.333333333333333
8344,8345,-25190140#0,20.2554,3.782987532987532
8346,8347,-25190140#1,29.2644,5.152843048769103
8348,8349,-25190140#2,1.4292,0.1020184824902724
8350,8351,-25192758,1.9278,12528.3201754386
8352,8353,-25194376#0,11.3886,1.1250000000000002
8354,8355,-25194376#1,16.7778,1.6666666666666667
8356,8357,-25194376#2,3.5028,1.9958333333333333
8358,8359,-25195266#0,8.5266,1.5714285714285714
8360,8361,-25195266#1,7.2234,0.0
8362,8363,-25195266#2,11.212200000000001,0.9010989010989015
8364,8365,-25195313#0,24.730200000000004,1.2000000000000004
8366,8367,-25195313#1,11.3076,3.5833333333333326
8368,8369,-25195313#2,11.3202,4.333333333333332
8370,8371,-25195391#0,12.5676,1.2777777777777781
8372,8373,-25195391#1,29.079000000000004,5.411764705882354
8374,8375,-25195391#2,12.429,1.4532019704433488
8376,8377,-25209894#0,14.0292,0.0
8378,8379,-25209894#1,9.945,1.2391304347826084
8380,8381,-25216322,36.750600000000006,2.2666666666666666
8382,8383,-25316895,3.7962000000000002,0.12129661903102115
8384,8385,-25316932#2,8.7966,0.4376068376068374
8386,8387,-25316932#3,19.119600000000002,2.1381834820407226
8388,8389,-25316932#4,15.1254,2.6272511043153255
8390,8391,-25316932#5,4.8582,0.6773074253990284
8392,8393,-25316932#6,5.832000000000001,1.70875388814829
8394,8395,-25316932#7,19.9206,2.362132877102938
8396,8397,-25316932#8,0.0432,2164.1686390532536
8398,8399,-253294209#1,1.6866,0.9230769230769232
8400,8401,-253294209#2,2.619,1.7888888888888888
8402,8403,-253294209#3,5.1966,1.4285714285714288
8404,8405,-25331328#1,14.3226,7.821538461538463
8406,8407,-25331328#2,0.49860000000000004,0.605911330049261
8408,8409,-25331328#3,4.460400000000001,0.2571428571428571
8410,8411,-25331328#4,0.0648,0.2573529411764706
8412,8413,-25331328#5,24.0642,3.8392857142857144
8414,8415,-25331328#6,1.2168,0.2777777777777778
8416,8417,-25331328#7,4.460400000000001,0.5
8418,8419,-25331996#0,14.905800000000001,3.7624831309041853
8420,8421,-25331996#1,56.079,22.48148148148148
8422,8423,-25331996#2,73.2042,28.2222222222222
8424,8425,-25341073#0,8.0442,0.9782608695652174
8426,8427,-25341073#1,10.2006,0.6666666666666666
8428,8429,-25341073#10,5.1912,1.1564102564102565
8430,8431,-25341073#11,7.3962,0.7724867724867726
8432,8433,-25341073#12,6.345,0.5000000000000003
8434,8435,-25341073#13,13.766399999999999,3.3859649122807016
8436,8437,-25341073#14,15.060600000000003,5.800000000000001
8438,8439,-25341073#2,5.346,0.2865497076023391
8440,8441,-25341073#3,7.446599999999999,0.8713450292397661
8442,8443,-25341073#4,5.4468,1.2294372294372293
8444,8445,-25341073#7,15.361200000000002,1.4562569213732006
8446,8447,-25341073#9,6.5394000000000005,0.5902439024390242
8448,8449,-25341109,21.371399999999998,0.0
8450,8451,-25341141#0,16.6716,2.4035998615437864
8452,8453,-25341141#2,7.986600000000001,1.0686650400836524
8454,8455,-25344434#0,3.3084000000000002,3528.0
8456,8457,-25344434#1,1.3356000000000001,0.0
8460,8461,-25344437#1,15.073200000000002,107455.3402421984
8462,8463,-25344437#2,3.6126000000000005,577.8085742771686
8464,8465,-25344437#3,2.5848,0.3565217391304348
8466,8467,-25344437#4,7.7778,0.6280701754385966
8468,8469,-25344437#5,4.0518,0.877270610153703
8470,8471,-25344437#6,2.3886,0.11762509335324862
8472,8473,-25344437#7,8.2314,12321.502631578946
8474,8475,-25344437#8,2.6532,0.5277777777777777
8476,8477,-25344439#0,6.1506,58174.20719776384
8478,8479,-25344439#1,2.5362,5251.284391534392
8482,8483,-25344452#0,4.7952,0.0
8486,8487,-25344542#0,8.1432,0.9856591285162726
8488,8489,-25344542#1,1.7082,0.15848501562787276
8490,8491,-25344542#2,0.5292,0.16995888091590752
8492,8493,-25344542#3,3.0096,0.2648569894946706
8494,8495,-25344542#4,3.9960000000000004,32.81501571150682
8496,8497,-25363743#1,12.3606,53.81818181818181
8498,8499,-25363743#2,3.978,1.0714285714285714
8500,8501,-25363743#3,0.5075999999999999,0.0
8502,8503,-25363743#4,0.4932,0.0
8508,8509,-25363746,25.1478,4.5
8510,8511,-25366157,9.1872,4.249999999999999
8512,8513,-25366186#0,28.585800000000003,6.333333333333331
8514,8515,-25366186#1,63.7254,0.0
8518,8519,-25366901#1,13.527,1.174242424242424
8520,8521,-25366901#3,2.4804,0.0
8522,8523,-25375417#1,6.8472,12.318840579710145
8524,8525,-25375417#10,5.3802,0.9047619047619047
8526,8527,-25375417#11,9.1008,0.5
8528,8529,-25375417#12,3.9258,1.2
8530,8531,-25375417#13,13.743,0.9166666666666666
8532,8533,-25375417#14,25.0956,0.0
8534,8535,-25375417#3,5.1822,0.8623188405797102
8536,8537,-25375417#4,5.5818,0.8
8538,8539,-25375417#7,11.2842,0.666666666666667
8540,8541,-25375417#8,11.1132,4.904761904761905
8542,8543,-25375417#9,41.328,8.7
8544,8545,-25375770#0,12.8628,0.9999999999999999
8546,8547,-25375770#1,9.4968,1.0
8548,8549,-25375770#2,18.223200000000002,3.701751459549623
8550,8551,-25375770#3,5.7384,0.4545935461117971
8552,8553,-25375770#4,1.7604,0.37706797706797696
8554,8555,-25375770#5,4.9536,0.7302063128196082
8556,8557,-25375770#6,9.8388,1.4921530594251455
8558,8559,-25375770#7,1.476,0.6521604938271606
8560,8561,-25375770#8,2.7306,1.231267345050879
8562,8563,-25375814#1,14.702399999999999,53.12500000000001
8564,8565,-25375814#2,21.878999999999998,5.333333333333332
8566,8567,-25377287#0,8.0514,31.828051804904934
8568,8569,-25377287#2,6.2046,1.2922201138519924
8570,8571,-25377287#3,4.2552,0.3556404230317276
8572,8573,-25377287#4,1.791,0.29724496921221344
8574,8575,-25377287#5,21.7926,2.6026272577996705
8576,8577,-25377287#6,26.3322,3.6864745011086475
8578,8579,-25377287#7,18.9288,1.8634885439763489
8580,8581,-25377287#8,4.1886,1.0784194528875382
8582,8583,-25380714#1,28.7658,16518.376292399786
8584,8585,-25380898#0,16.6176,1.3
8586,8587,-25380898#1,14.785200000000001,0.0
8588,8589,-253827540#1,5.4648,0.0
8592,8593,-25488710#0,0.5922000000000001,0.2307692307692308
8594,8595,-25488710#1,1.1232,1.4338461538461535
8598,8599,-25488710#3,0.9846000000000001,1.5833333333333333
8600,8601,-25488710#4,0.5544,0.5
8602,8603,-25488710#5,24.416999999999998,0.5
8604,8605,-25503468#0,39.1464,1.8
8606,8607,-25503468#1,4.671,2.6046153846153843
8614,8615,-25534317#0,36.1638,4.666666666666668
8616,8617,-25534317#1,10.9206,0.2666666666666668
8618,8619,-25534318,22.7556,16.333333333333336
8624,8625,-25543966#0,2.9142,2.1
8626,8627,-25543966#2,41.193000000000005,8.694444444444445
8628,8629,-25543966#3,17.524800000000003,2.966666666666667
8630,8631,-25543966#4,14.680800000000001,5.499999999999999
8632,8633,-25543966#5,21.261599999999998,0.9523809523809527
8634,8635,-25543966#6,16.7922,0.5
8636,8637,-25543980#0,2.4804,0.26813086250285983
8638,8639,-25543980#1,1.818,0.34152334152334146
8640,8641,-25543980#11,3.0816,36.94979950256331
8642,8643,-25543980#2,0.9162,0.29995727104401076
8644,8645,-25543980#3,4.167,0.7088545257559342
8646,8647,-25543980#5,1.2168,0.1970970206264324
8648,8649,-25543980#6,1.6668,0.29672815871910907
8650,8651,-25543980#7,3.6035999999999997,0.3852509179926562
8652,8653,-25543980#8,0.24840000000000004,0.1539506742552428
8654,8655,-25543980#9,2.8908,0.4572613065326635
8656,8657,-25544013#0,56.1672,0.0
8658,8659,-25544013#1,12.495600000000001,2.3333333333333335
8660,8661,-25544013#10,2.7161999999999997,0.2580645161290323
8662,8663,-25544013#11,6.0804,13.315966386554623
8664,8665,-25544013#2,0.8118000000000001,0.27272727272727265
8666,8667,-25544013#3,0.7218000000000001,0.6143790849673202
8668,8669,-25544013#4,2.9538,0.17543859649122806
8670,8671,-25544013#5,0.1116,0.2573099415204678
8672,8673,-25544013#6,0.81,0.23715415019762845
8674,8675,-25544013#8,3.4398,0.6084656084656085
8676,8677,-25573246#0,4.2552,119.35714285714286
8678,8679,-25573246#1,13.6872,2.266666666666666
8680,8681,-25573254#0,6.777,0.1666666666666666
8682,8683,-25573254#1,6.2532000000000005,1.3571428571428572
8684,8685,-25573254#2,4.107600000000001,0.457142857142857
8686,8687,-25573254#3,5.142600000000001,0.29583333333333334
8688,8689,-25573260#0,4.8942,216.2727272727273
8690,8691,-25573260#1,5.2254000000000005,0.7878787878787876
8692,8693,-25573260#2,11.759400000000001,1.5833333333333333
8694,8695,-25573267#0,26.8902,7.809523809523807
8696,8697,-25573267#1,8.5482,0.20454545454545467
8698,8699,-25573267#2,26.265600000000003,21.09698025551684
8700,8701,-25595895#0,16.425,3925.74340340438
8702,8703,-25595895#1,11.7846,43.8103779628443
8704,8705,-25595931,16.5816,2.166666666666667
8706,8707,-25596851#0,22.8816,62.4
8708,8709,-25596851#1,5.1084000000000005,0.4545454545454545
8710,8711,-25596851#2,6.1416,0.6428571428571429
8712,8713,-25596851#3,3.9546,1.25
8714,8715,-25596851#4,0.1278,0.2571428571428571
8716,8717,-25596851#5,1.692,1.3625
8718,8719,-25596851#6,11.763,1.5666666666666667
8720,8721,-25596855,44.955000000000005,8.346459006758744
8722,8723,-25596861#0,25.509600000000002,348399.94559386966
8724,8725,-25596861#1,7.1928,1740.5679125206561
8726,8727,-25596861#2,21.619799999999998,4144.925605648399
8728,8729,-25596974#0,50.4882,8.254545454545456
8730,8731,-25596974#1,4.7394,0.6151150054764509
8732,8733,-25597196#0,4.275,5175.860982495765
8734,8735,-25597196#1,6.0642000000000005,10529.922567363743
8736,8737,-25597196#2,20.669400000000003,19859.949576903924
8738,8739,-25597196#4,16.9506,3011.453029159654
8740,8741,-25597196#5,15.507000000000001,2315.57251575291
8742,8743,-25597196#6,4.3073999999999995,407.532059489806
8744,8745,-25597196#7,18.8154,1112.1007361848845
8746,8747,-25597196#9,23.916600000000003,6.901315789473678
8748,8749,-25597372,10.270800000000001,35.81951909476661
8750,8751,-25616917,0.0648,0.0
8752,8753,-25616922#0,7.704000000000001,36426.39371155161
8754,8755,-25616922#1,5.004,14544.361130097972
8756,8757,-25616922#3,10.5084,11015.843335290661
8758,8759,-25616922#4,3.4128,975.9630276102823
8760,8761,-25616922#5,0.4806,0.33171225937183396
8762,8763,-25616922#6,8.0748,2905.647930283225
8764,8765,-25616922#7,12.8574,3802.5615089136204
8766,8767,-25616922#8,8.2422,1114.3457282786142
8768,8769,-25623125#0,8.5752,5207.48947261947
8770,8771,-25623125#1,0.8513999999999999,116.38254694602169
8772,8773,-25623125#2,10.1286,4487.445776771095
8774,8775,-25623125#3,11.975399999999999,561.7088747451799
8776,8777,-25623125#4,11.5632,1.5906345436036649
8778,8779,-25623126#1,4.3793999999999995,63.78354978354977
8780,8781,-25623126#2,4.1112,0.5333333333333332
8782,8783,-25623126#3,16.245,1.5769230769230773
8784,8785,-25623126#4,4.0932,0.5
8786,8787,-25623127#0,2.0412,0.21921182266009845
8788,8789,-25623127#1,6.240600000000001,0.4695767195767193
8790,8791,-25623128#0,50.140800000000006,7.285714285714284
8792,8793,-25623128#1,19.1448,0.8095238095238092
8794,8795,-25623128#2,44.4906,1.8666666666666678
8796,8797,-25623128#3,9.0216,1.4958333333333338
8798,8799,-25623128#4,9.2916,1.1025641025641029
8800,8801,-25623128#5,22.105800000000002,2.064102564102564
8802,8803,-25623128#6,15.949800000000002,4.80952380952381
8804,8805,-25623135#0,7.893,3.5830917874396158
8806,8807,-25623135#2,0.0648,0.3333333333333333
8808,8809,-25623135#3,0.5508,0.0
8810,8811,-25623135#4,0.7092,0.5
8814,8815,-25623139,10.7136,257.8407766483919
8818,8819,-25625950#0,7.2702,0.8495062258480031
8820,8821,-25625950#1,9.4608,0.5802314670003129
8824,8825,-25626559#0,2.4588,4628.3703703703695
8826,8827,-25626559#2,2.4552,549.7309941520467
8828,8829,-25626559#3,7.8264,52.56666666666666
8830,8831,-25626614#0,5.8176000000000005,0.7216748768472907
8832,8833,-25626614#1,1.1034,0.47536945812807874
8834,8835,-25626614#2,8.618400000000001,1.3361823361823362
8836,8837,-25626614#3,23.085,2.0113960113960103
8838,8839,-25626620#0,1.3338,1.1768115942028987
8840,8841,-25626620#1,0.81,1.2138461538461538
8842,8843,-25626620#2,8.1774,1.0000000000000002
8844,8845,-25626622#0,1.4436000000000002,188.04168195344675
8846,8847,-25626622#1,3.6323999999999996,19.48449262270399
8848,8849,-25626622#2,3.231,1.9277310924369744
8850,8851,-25626777#0,11.5722,0.6287878787878792
8856,8857,-25638462#0,9.9288,152.4958868349387
8858,8859,-25638462#1,22.374,232.2204514966141
8860,8861,-25638462#2,7.752600000000001,16.095895686501677
8862,8863,-25638462#3,11.5434,8.153881281441645
8864,8865,-25638462#4,11.844000000000001,2.2336937864744266
8866,8867,-25638463#0,2.853,0.0
8868,8869,-25638463#1,2.1114,1.5714285714285714
8870,8871,-25638466,1.7658,0.0
8872,8873,-25638468,0.057600000000000005,0.0
8874,8875,-25638471#0,16.3008,1.3333333333333333
8876,8877,-25638471#2,6.8526,0.7865612648221344
8878,8879,-25638471#3,9.887400000000001,0.8695652173913043
8880,8881,-25638471#4,5.4198,0.5380116959064328
8882,8883,-25638471#5,0.9954000000000001,0.18131868131868137
8884,8885,-25638471#6,3.753,1.3444444444444443
8886,8887,-25638471#7,2.5398,0.0
8888,8889,-25638471#8,2.9646,1.0
8890,8891,-25638471#9,1.4849999999999999,0.6666666666666666
8892,8893,-25638474,7.066800000000001,0.16666666666666674
8894,8895,-25638475,0.6930000000000001,0.3
8896,8897,-25638527,2.9538,170.97926106657374
8898,8899,-25638529,22.2066,1664.3364674138643
8900,8901,-25638614,27.104400000000002,42.94521249359959
8902,8903,-25638617#0,7.502400000000001,42.3
8904,8905,-25638617#1,35.8128,2.0
8906,8907,-25638625,17.5608,7.872727272727272
8910,8911,-25638642,18.945,5.797379032258065
8912,8913,-25638649,12.6774,0.5000000000000002
8914,8915,-25638658,31.5684,0.33333333333333304
8916,8917,-25638677,33.6636,2.2
8918,8919,-25638754,39.587399999999995,0.0
8920,8921,-25638761#0,9.6912,2195.0614276130177
8922,8923,-25638761#2,7.5924000000000005,198.21311325678494
8924,8925,-25638761#4,6.985799999999999,38.62351409313726
8926,8927,-25638761#5,1.4364000000000001,0.3123977149915081
8928,8929,-25638761#6,15.737400000000001,4.144594377510038
8930,8931,-25638775,9.266399999999999,0.3333333333333333
8932,8933,-25640093#0,12.229199999999999,5086.857142857143
8934,8935,-25640093#1,16.855200000000004,1.4560439560439562
8936,8937,-25640093#2,5.6052,3.1120448179271705
8938,8939,-25640093#3,51.208200000000005,3912.1291666666666
8940,8941,-25640093#4,20.4354,159545.15451388885
8942,8943,-25640093#5,19.8,1581.6785195936134
8944,8945,-25640093#6,11.9664,1.6883298392732373
8946,8947,-25640093#7,22.374,3.8340080971659902
8948,8949,-25640093#8,5.4323999999999995,5590.693657219972
8950,8951,-25640094,65.0646,32.0
8952,8953,-25640097#0,11.4696,94296.69384057974
8954,8955,-25640097#1,18.7542,2603.501538461538
8956,8957,-25640098#0,28.596600000000002,3.825000000000002
8958,8959,-25640098#1,23.0238,1.333333333333334
8960,8961,-25640145#0,9.0828,1.6815384615384619
8962,8963,-25640145#1,6.0228,0.6666666666666666
8964,8965,-25640145#2,10.1304,1.4047619047619047
8966,8967,-25640145#3,1.9764000000000002,0.43333333333333346
8968,8969,-25640145#4,5.2362,0.5476190476190477
8970,8971,-25640145#5,15.1218,2.0200000000000005
8972,8973,-25640148#0,10.9656,1.357685563997661
8974,8975,-25640148#1,4.3542000000000005,0.5302480338777978
8976,8977,-25640148#2,12.859200000000001,2.154880187025131
8978,8979,-25640148#3,12.990599999999999,0.8244047619047625
8980,8981,-25640149,39.690000000000005,10.000000000000002
8982,8983,-25640150,24.327,6674.191176470588
8984,8985,-25640157#0,8.7552,1025.7487468671677
8986,8987,-25640157#1,7.155,0.7887700534759362
8988,8989,-25640157#2,19.899,2.2352941176470598
8990,8991,-25640375#0,3.2688,0.48364153627311524
8992,8993,-25640375#1,10.3482,0.8076923076923078
8994,8995,-25640375#2,4.6206000000000005,0.16363636363636364
8996,8997,-25640375#3,9.8622,1.1250000000000002
8998,8999,-25650512,6.8058000000000005,1.8000000000000003
9000,9001,-25650588#0,0.48960000000000004,9311.46686746988
9002,9003,-25650588#1,13.0698,1.8712121212121215
9004,9005,-25650588#2,0.6192,0.48901098901098905
9006,9007,-25650588#3,13.653,0.7000000000000001
9008,9009,-25650588#4,13.3938,4.7
9010,9011,-25665374,28.9818,11689.52021857924
9012,9013,-25665375#0,15.696000000000002,36291.195833333324
9014,9015,-25665375#1,25.253999999999998,6.672514619883042
9016,9017,-25665412#0,29.525399999999998,8.01755707347479
9018,9019,-25665412#1,149.0022,150.21956970232822
9020,9021,-25665412#2,70.5402,33.46151691512868
9022,9023,-25665421#0,30.945600000000002,14.26315789473684
9024,9025,-25665421#1,27.756,4.699999999999999
9026,9027,-25665421#2,7.3332,0.5
9028,9029,-25665421#3,12.051,0.5
9030,9031,-25665421#4,8.479800000000001,0.5
9032,9033,-25665421#5,11.705400000000001,1.7999999999999998
9034,9035,-25665446#0,1.287,0.2129032258064517
9036,9037,-25665446#1,6.5718,0.8143939393939396
9038,9039,-25665446#2,1.1124,0.21428571428571433
9040,9041,-25665446#3,7.2234,0.4761904761904758
9042,9043,-25665446#4,1.6704,0.11846153846153844
9044,9045,-25665446#5,7.466399999999999,0.36507936507936545
9046,9047,-25665446#6,12.7656,74.82016806722687
9048,9049,-25689281#1,7.173,1906.0441456256253
9050,9051,-25689281#2,4.7898000000000005,2117.76789659463
9052,9053,-25689281#3,7.8786,2874.456670003984
9054,9055,-25689281#4,4.460400000000001,890.725473445436
9056,9057,-25699357#0,13.9914,0.9450757575757579
9058,9059,-25699357#1,4.5414,0.5068965517241375
9060,9061,-25699357#2,6.9984,0.5534759358288769
9062,9063,-25699357#3,3.6990000000000003,0.3495798319327732
9064,9065,-25699357#4,5.3478,6.063865546218487
9066,9067,-25705489#0,76.014,29.28307254623044
9068,9069,-25705489#1,76.1724,0.0
9070,9071,-25705489#2,111.3642,198.08333333333331
9072,9073,-25705489#3,146.66400000000002,289.17424242424244
9074,9075,-25705489#4,0.0648,0.19230769230769226
9076,9077,-25705904#0,0.30600000000000005,0.34662039785093524
9078,9079,-25705904#1,24.6402,6.0976186467914495
9080,9081,-25705905,9.255600000000001,0.6051846398264035
9082,9083,-25708166#1,3.2778,1.6666666666666667
9084,9085,-25794504#1,17.1504,1.2853923965674279
9086,9087,-25796375#1,5.1048,10298.605718429506
9088,9089,-25796375#2,20.8332,35206.37260220125
9090,9091,-25796964#0,19.8576,2876.0957661290317
9092,9093,-25796964#1,21.459600000000002,1384.529166666667
9094,9095,-25797315#0,20.422800000000002,23051.22245575971
9096,9097,-25797315#1,28.2924,10934.746927803382
9098,9099,-25797315#2,24.9426,3211.414748508098
9100,9101,-25797370,19.405800000000003,7.583333333333333
9102,9103,-25797433#0,26.5896,3.1940298507462703
9104,9105,-25797433#1,24.5538,28.148235294117654
9106,9107,-25797433#2,7.3854,5338.3402833467
9108,9109,-25797433#3,13.0536,3614.9918831168834
9110,9111,-25801550#0,0.0252,11.5
9112,9113,-25801550#1,3.087,59.25
9114,9115,-25801550#2,15.1254,1.3571428571428572
9116,9117,-25801550#3,6.9516,0.2666666666666668
9118,9119,-25801550#4,5.986800000000001,0.24999999999999992
9120,9121,-25801550#5,3.8232000000000004,0.25000000000000006
9122,9123,-25801550#6,0.0252,0.8
9124,9125,-25801552,16.7274,0.0
9126,9127,-25801569,11.7144,56.49420824351351
9128,9129,-25801580#0,0.0432,0.3333333333333333
9132,9133,-25801580#2,8.474400000000001,0.0
9134,9135,-25801655#0,9.072000000000001,0.5
9136,9137,-25801655#1,9.725399999999999,0.0
9138,9139,-25801655#2,3.7296,0.3333333333333335
9140,9141,-25804120#0,1.584,0.8134249471458773
9142,9143,-25804120#1,21.528000000000002,3.4393939393939386
9144,9145,-25804120#2,14.9472,2.0909090909090913
9146,9147,-25804122,22.5396,3.3291666666666657
9150,9151,-25804129,29.4894,18.42307692307692
9152,9153,-25869404#0,4.3938,0.6666666666666667
9154,9155,-25869404#1,16.7562,3.610294117647058
9156,9157,-25869404#4,5.7294,0.8285714285714288
9158,9159,-25869404#5,7.947,2.4575163398692803
9160,9161,-25889271#0,9.117,1.0448275862068968
9162,9163,-25895864#0,18.901799999999998,2.0
9164,9165,-25895864#1,19.517400000000002,0.3333333333333335
9166,9167,-25895943#0,11.5452,0.4107142857142856
9168,9169,-25895943#1,20.1114,6.982142857142857
9170,9171,-25895943#2,15.822,3.500000000000001
9172,9173,-25895945#0,7.736400000000001,0.7613430127041739
9174,9175,-25895945#1,12.0438,1.229760289461782
9176,9177,-25895945#2,10.575000000000001,33.556582633053225
9178,9179,-25895947#0,41.0544,44.164884135472384
9180,9181,-25895947#1,27.1764,3.3594771241830057
9182,9183,-25895961,21.258000000000003,818.7667310167309
9184,9185,-25895966#0,3.0762,14005.34453711426
9186,9187,-25895966#1,2.0466,4314.572866620909
9188,9189,-25895966#2,0.7938000000000001,1802.2641441441444
9190,9191,-25895966#3,3.4164,5692.579234972678
9192,9193,-25895966#5,5.229,4018.998491704374
9194,9195,-25895966#6,15.7338,3204.1226890756293
9196,9197,-25895966#7,1.1142,9861.132290184922
9198,9199,-25901651#0,16.38,2.0000000000000004
9200,9201,-25901651#1,5.7006,20413.885714285716
9202,9203,-25901651#2,3.1806,63831.99224806202
9204,9205,-25901651#3,7.5312,59806.905525846705
9206,9207,-25901651#4,13.8438,4651.062195121951
9208,9209,-25901651#5,17.82,34882.920918367345
9210,9211,-25901682,5.0328,38333.49243697479
9212,9213,-25901699,12.8394,10155.3850377488
9214,9215,-25901706,23.796000000000003,14.199999999999998
9220,9221,-25936570,117.27900000000001,57.42857142857144
9222,9223,-25955082#0,19.4544,2.2727272727272734
9224,9225,-25955082#1,20.2734,5.333333333333332
9226,9227,-25955083#0,5.4846,0.33333333333333326
9228,9229,-25955083#1,0.41400000000000003,0.25925925925925924
9230,9231,-25955083#2,15.659999999999998,3.2380952380952386
9232,9233,-25955083#4,35.2818,0.5
9234,9235,-25955084#1,36.129599999999996,1435.9047619047622
9236,9237,-25955085,25.2972,299116.7826546801
9238,9239,-25955087#0,1.0332,14041.230840429473
9240,9241,-25955087#1,10.3248,204884.16040100247
9242,9243,-25955087#2,6.449400000000001,19285.324175824175
9244,9245,-25955175#0,11.2302,364.27333392127497
9246,9247,-25955175#1,12.186,510.02750260536743
9248,9249,-25955175#2,0.3528,32.12326888024503
9250,9251,-25955175#3,5.7564,323.80614721355414
9252,9253,-25955318#0,3.0762,2.0926916221033864
9254,9255,-25955318#1,13.622399999999999,0.9166666666666665
9256,9257,-25974839#1,2.6604,0.5156695156695157
9258,9259,-25974839#2,0.0648,1.8545454545454547
9260,9261,-25974839#3,15.003000000000002,0.0
9262,9263,-25974839#4,18.045,0.5
9264,9265,-25974839#5,11.0196,1.9560439560439564
9266,9267,-25974839#6,0.0648,0.6153846153846154
9268,9269,-25993505#1,5.832000000000001,9612.920377867747
9270,9271,-25993505#2,4.203,1657.1384615384623
9272,9273,-25993505#3,3.0294000000000003,0.307051282051282
9274,9275,-25993505#4,1.053,0.28682170542635654
9276,9277,-25993505#5,2.7485999999999997,0.7999999999999998
9278,9279,-26134437,8.2962,0.0
9280,9281,-26134440#0,9.9684,228.5
9282,9283,-26134440#1,10.2258,2.966666666666667
9284,9285,-26134440#2,11.9574,0.0
9286,9287,-26134440#3,11.8566,0.0
9288,9289,-26134440#4,11.5398,0.0
9290,9291,-26134450,19.5696,12.333333333333336
9292,9293,-26134454,21.2238,5.5
9298,9299,-26134468#1,7.954199999999999,0.3333333333333335
9300,9301,-26134468#2,6.12,0.0
9302,9303,-26134472,32.184,2.0
9304,9305,-26134480#0,30.4056,5.192810457516341
9306,9307,-26134480#1,20.761200000000002,1.7636363636363637
9308,9309,-26134486,38.8008,0.0
9310,9311,-26134499#0,2.9934000000000003,0.0
9314,9315,-26134507#0,18.3312,1.4780219780219785
9316,9317,-26134507#1,19.1772,2.0545454545454533
9318,9319,-26134542#0,34.2864,0.5
9320,9321,-26134542#1,10.285200000000001,0.0
9322,9323,-26134542#2,22.815,0.0
9324,9325,-26134546#0,11.4984,2.333333333333334
9326,9327,-26134546#1,13.0122,2.1999999999999997
9328,9329,-26135504#0,13.833,0.8000000000000002
9330,9331,-26135504#1,5.6286,0.0
9332,9333,-26135504#2,4.842,0.6666666666666666
9334,9335,-26135505,32.306400000000004,14.333333333333336
9336,9337,-26135509,41.112,0.0
9338,9339,-26135510#0,7.0794,0.1428571428571428
9340,9341,-26135510#1,7.412400000000001,0.2678571428571428
9342,9343,-26135517,10.873800000000001,93.99999999999999
9344,9345,-26135523#0,4.1832,0.5756097560975608
9346,9347,-26135523#1,0.2376,0.33333333333333337
9350,9351,-261386207#1,22.4838,0.0
9352,9353,-261386347#0,13.861799999999999,4.916666666666667
9354,9355,-261386347#1,10.567800000000002,3.0
9356,9357,-261445607#0,5.9508,0.3
9358,9359,-261445607#1,3.8718,0.25000000000000006
9360,9361,-261448661,46.9044,16.333333333333325
9364,9365,-261448764#1,20.3958,3.333333333333334
9366,9367,-261448764#2,13.989600000000001,0.5
9368,9369,-261448764#3,2.043,1.3333333333333335
9370,9371,-261448764#4,13.840200000000001,3.2
9372,9373,-261448764#5,20.4984,4.810276679841898
9374,9375,-261448764#6,7.497,0.809782608695652
9376,9377,-26176222#0,29.142000000000003,23.74718455527466
9378,9379,-26176222#1,9.4176,0.9373438370335013
9380,9381,-26176222#2,24.4692,17.298076923076927
9382,9383,-26176223#0,7.570800000000001,1.5277777777777772
9384,9385,-26176223#1,35.289,11.33333333333333
9386,9387,-26176224#0,8.6598,3373.866096866097
9388,9389,-26176224#1,8.6634,2.339181286549708
9390,9391,-26176224#2,9.6966,2.8603603603603602
9392,9393,-26176225#0,9.7974,52033.37982719096
9394,9395,-26176225#1,6.921,21502.4552088185
9396,9397,-26176225#3,0.4068,0.9853755624783662
9398,9399,-26176225#4,3.4902,4245.182072829132
9400,9401,-26176225#5,7.7598,419.84021767637034
9402,9403,-26176229,20.732400000000002,3.578947368421053
9404,9405,-26179010,13.6332,870.3333333333334
9408,9409,-26180725,23.9148,4.5
9412,9413,-26180731#0,0.648,10514.605889724311
9414,9415,-26180733#0,2.8854,2.102564102564102
9416,9417,-26180733#1,1.0224,0.358974358974359
9418,9419,-26180733#2,1.0422,0.8285714285714286
9420,9421,-26180733#3,0.24840000000000004,0.23333333333333328
9422,9423,-26219867,49.07340000000001,0.0
9424,9425,-26219868,50.3748,8.0
9426,9427,-26219869#0,70.128,18.799999999999997
9428,9429,-26219869#1,12.3048,0.3333333333333335
9430,9431,-26219869#2,18.6678,0.5
9432,9433,-26219870#1,61.543800000000005,102.69999999999997
9434,9435,-26219870#2,105.7536,0.0
9436,9437,-26219871#0,31.509,6.5256410256410255
9446,9447,-26224134#0,9.207,0.6791979949874686
9448,9449,-26224134#1,11.410200000000001,1.1000000000000003
9450,9451,-26224134#2,17.136,1.7510227936879024
9452,9453,-26224442,7.389000000000001,0.33701414864205564
9454,9455,-26224444#0,96.1542,49.91465149359886
9456,9457,-26224546#1,0.0648,0.28571428571428575
9458,9459,-26224547,29.435400000000005,0.916666666666667
9460,9461,-26224549,24.3252,0.25
9462,9463,-262722743,0.0648,0.0
9464,9465,-26288510#0,0.2844,1186.418439716312
9466,9467,-26288510#1,13.3308,1.912087912087912
9482,9483,-26320108#7,12.2184,0.5
9484,9485,-26334132#0,16.9524,21.071428571428577
9486,9487,-26334132#1,22.561200000000003,83.75132978723403
9488,9489,-26334133#0,9.1512,0.5312742812742809
9490,9491,-26334133#1,13.5036,1.453266238002051
9492,9493,-26334133#2,7.466399999999999,1.0777987718469533
9494,9495,-26339462#0,0.0432,527.477431977432
9496,9497,-26339462#1,0.6048,1009.3925495112715
9498,9499,-26339462#2,5.4666,16653.972200497697
9500,9501,-26339462#4,6.2766,16900.827106057088
9502,9503,-26339463#0,35.6742,5.0924947145877395
9504,9505,-26339463#1,2.6550000000000002,0.5975510204081632
9506,9507,-26339463#2,4.7772,0.4355179704016913
9508,9509,-26339463#3,4.8492,0.41445035460992913
9510,9511,-26339463#4,10.4346,1.2501960784313726
9512,9513,-26339463#5,18.788400000000003,4.74703557312253
9514,9515,-26339463#6,0.45,0.2712550607287449
9516,9517,-26339463#7,6.1614,0.2978723404255319
9518,9519,-26339463#8,5.0742,58.49490196078431
9520,9521,-26339463#9,18.9306,1.8011695906432748
9522,9523,-26339464#0,7.336799999999999,5799.01404494382
9524,9525,-26339464#1,14.6592,1193.9324473975637
9526,9527,-26339464#2,11.266200000000001,1.3138138138138138
9528,9529,-26339464#3,4.244400000000001,1.8322580645161293
9530,9531,-26339465,20.680200000000003,195.96164021164023
9532,9533,-26339466,26.6706,7.571428571428573
9534,9535,-26339468#0,5.6718,234.0078732000415
9536,9537,-26339468#1,2.619,0.6509452736318412
9538,9539,-26339468#2,14.985,16.72363636363636
9540,9541,-26339470,8.5752,0.4999999999999999
9542,9543,-26339471#0,5.2956,0.6004672897196262
9544,9545,-26339471#1,8.8902,6.886799098337561
9546,9547,-26339471#2,0.6462,0.17807170205360245
9548,9549,-26339471#3,8.7642,1.5209224408326207
9550,9551,-26339471#4,3.4092,2.629239489844119
9552,9553,-26339471#5,20.892599999999998,1600.1472766884528
9554,9555,-26339472#0,22.8078,148.66666666666666
9556,9557,-26339472#1,2.5614000000000003,2063.6341022161914
9558,9559,-26339472#2,12.0726,7553.909882232462
9560,9561,-26339472#3,16.9218,2.391397849462366
9562,9563,-26339472#4,7.651800000000001,0.6947368421052629
9564,9565,-26339472#5,14.115599999999999,122.63546798029559
9566,9567,-26339473#0,16.360200000000003,63.35168387029507
9568,9569,-26339473#1,48.8682,38.674038461538466
9570,9571,-26339478#0,18.215999999999998,1.7797979797979806
9572,9573,-26339478#1,2.6118,0.14035087719298245
9574,9575,-26339478#2,14.392800000000001,1.9794079794079784
9576,9577,-26339478#3,13.0536,1.1798743718592972
9578,9579,-26339478#4,10.5732,189.2799188640973
9580,9581,-26339480#0,9.891,0.6666666666666665
9582,9583,-26339480#1,23.398200000000003,2.9696969696969693
9584,9585,-26339480#3,23.7132,2.691176470588232
9586,9587,-26339623#0,11.357999999999999,653.1418450964845
9588,9589,-26339623#2,8.3736,303.51849067112215
9590,9591,-26339623#3,23.248800000000003,177.63216697360346
9592,9593,-26339623#4,10.089,7.57338380896913
9594,9595,-26339623#5,8.4384,0.703414195867026
9596,9597,-26339623#6,0.7452,0.7427683944865074
9598,9599,-26339623#7,5.058,23.6008215085885
9600,9601,-26339624#1,11.1258,12721.018181818179
9602,9603,-26339624#2,10.0422,1.1111111111111114
9604,9605,-26339625#0,10.6362,1.3333333333333335
9608,9609,-26339626#0,4.5611999999999995,0.5277777777777777
9610,9611,-26339626#1,3.2004,0.6666666666666667
9612,9613,-26339627#0,0.1296,0.3333333333333333
9614,9615,-26339627#1,17.974800000000002,10.944444444444448
9616,9617,-26339627#2,10.5408,40.5
9618,9619,-26339627#3,1.5354,6.861111111111111
9620,9621,-26356902#0,42.1542,6.2155797101449295
9622,9623,-26356902#1,27.324,5.924731182795698
9624,9625,-26356922#1,6.1902,8.555263157894734
9628,9629,-26358091#0,14.668199999999999,218.26470588235293
9630,9631,-26358091#1,0.6084,2.5428571428571423
9632,9633,-263949099#0,3.1104,5.229166666666666
9634,9635,-26416597#1,25.3296,85712.69090909089
9636,9637,-26416598#0,25.250400000000003,1680.595744680851
9638,9639,-26416599#0,13.5576,794.9961962428195
9640,9641,-26416599#1,8.375399999999999,59.23895407793711
9642,9643,-26416600#0,47.647800000000004,9.667634252539909
9644,9645,-26416600#1,6.9408,5.844414054281505
9646,9647,-26416600#2,14.22,1.5133699633699642
9648,9649,-26416601#0,28.3446,0.9166666666666666
9650,9651,-26416602#0,10.917000000000002,1.5491089108910883
9652,9653,-26416602#1,11.491200000000001,2.1269841269841283
9654,9655,-26416602#2,11.5722,0.952380952380952
9656,9657,-26416602#3,5.2056,0.7109243697478991
9658,9659,-26416602#4,10.5408,5.142857142857141
9660,9661,-26416602#5,6.696000000000001,0.5714285714285713
9662,9663,-26416602#6,8.139600000000002,1.5
9664,9665,-26416603#0,11.0628,0.6012422360248447
9666,9667,-26416603#1,10.4976,0.9622950819672131
9668,9669,-26416603#10,2.3634,0.38235294117647056
9670,9671,-26416603#11,0.7866,0.4175824175824174
9672,9673,-26416603#12,8.136,0.8444444444444447
9674,9675,-26416603#2,3.222,0.2543675751222921
9676,9677,-26416603#3,4.107600000000001,0.7169811320754716
9678,9679,-26416603#4,2.3688000000000002,0.7441860465116279
9680,9681,-26416603#5,6.514200000000001,0.7919540229885057
9682,9683,-26416603#6,5.7564,0.4100000000000001
9684,9685,-26416603#7,4.617,0.43478260869565216
9686,9687,-26416603#8,4.7304,0.2748538011695907
9688,9689,-26416603#9,2.9718,0.2647058823529411
9690,9691,-26416604#0,8.173800000000002,1.2352941176470584
9692,9693,-26416604#1,14.0688,1.666666666666667
9694,9695,-26416605#0,11.232000000000001,0.6813186813186813
9696,9697,-26416605#1,10.134,1.4761904761904763
9698,9699,-26416605#2,23.8032,8.290909090909093
9700,9701,-26416606#0,10.8558,0.4545454545454546
9702,9703,-26416606#1,10.5066,1.1043956043956047
9704,9705,-26416606#2,17.265600000000003,1.402482269503546
9706,9707,-26416606#3,5.1768,0.29756871035940796
9708,9709,-26416607,23.283,6.199999999999999
9710,9711,-26438879#0,2.9952,702.25
9712,9713,-26438879#1,7.297200000000001,0.6666666666666666
9714,9715,-26438879#2,1.0475999999999999,0.0
9716,9717,-26438880#0,13.4856,14.901605969787802
9720,9721,-26438881#0,17.7246,0.9166666666666666
9726,9727,-26438881#3,5.2002,0.7000000000000001
9728,9729,-26438881#4,4.735799999999999,0.4
9730,9731,-26438881#5,0.2772,0.17142857142857146
9732,9733,-26438881#6,25.0398,2.893280632411067
9734,9735,-26438883#0,44.0748,1.0
9736,9737,-26438883#1,0.0648,0.0
9738,9739,-26438884#1,7.297200000000001,8.31556863489652
9740,9741,-26438884#2,13.239,1.967267985220604
9742,9743,-26438884#3,5.8482,0.8174736188702665
9744,9745,-26438884#4,1.8396000000000001,0.3506257935788135
9746,9747,-26438884#5,20.3958,1.9607997636166652
9748,9749,-26438884#6,5.4323999999999995,0.40392002363833357
9750,9751,-26438884#7,1.6218000000000001,0.18162393162393187
9752,9753,-26438884#8,4.9356,0.41953185703185697
9754,9755,-26438885#1,21.5928,1.7142857142857149
9756,9757,-26438885#2,1.809,0.25
9758,9759,-26438885#3,1.9674,1.0
9760,9761,-26451325#1,13.1724,2.4761904761904767
9762,9763,-26451325#2,25.9668,0.0
9766,9767,-26451327#1,4.4910000000000005,127.80952380952382
9768,9769,-26451327#10,0.2034,0.21978021978021975
9770,9771,-26451327#11,1.7316,0.4879879879879881
9772,9773,-26451327#12,1.728,0.0
9774,9775,-26451327#13,1.359,0.0
9776,9777,-26451327#14,1.0458,1.0
9778,9779,-26451327#15,1.053,0.19999999999999996
9780,9781,-26451327#16,1.2564,0.0
9782,9783,-26451327#17,3.8520000000000003,0.6287878787878788
9784,9785,-26451327#18,0.5436,0.23715415019762842
9786,9787,-26451327#19,4.6259999999999994,61.49912331969611
9788,9789,-26451327#2,11.2086,2.8095238095238098
9790,9791,-26451327#4,0.0648,0.125
9792,9793,-26451327#6,0.0648,1.0666666666666667
9794,9795,-26451327#8,0.0648,0.8095238095238096
9796,9797,-26471752#1,2.853,4428.809996988859
9798,9799,-26471752#2,13.9572,510.84794303797463
9800,9801,-26471752#3,1.0242,0.9733333333333332
9802,9803,-26471752#4,2.9394,1.4502923976608189
9804,9805,-26471752#5,1.143,0.989010989010989
9806,9807,-26471933,4.6314,0.38184482740177383
9808,9809,-26471934#1,2.7882,5.628947368421051
9810,9811,-26471934#2,20.6316,3.3142857142857154
9812,9813,-26471934#3,3.6288,0.40109890109890084
9814,9815,-26471935#0,1.0655999999999999,0.0
9816,9817,-26471935#1,7.947,2.0
9818,9819,-26471935#2,9.6084,1.0
9820,9821,-26471937#0,0.0648,0.3333333333333333
9822,9823,-26471937#1,1.4994,0.29999999999999993
9824,9825,-26471937#2,13.6008,0.25000000000000017
9826,9827,-26471937#3,13.5972,2.9166666666666665
9828,9829,-26471939#0,4.9086,4239.919799498746
9830,9831,-264743653#0,52.9956,63.76666666666667
9832,9833,-264743653#1,142.0704,290.20000000000005
9834,9835,-264743654,73.36980000000001,18.700000000000003
9836,9837,-26546533,3.1716,1.4170914542728632
9838,9839,-26554544#1,0.4464,0.0
9840,9841,-26554545#0,3.2561999999999998,0.0
9848,9849,-26574714#2,14.886,0.0
9858,9859,-26574716#3,6.633,10.250000000000002
9860,9861,-26574717,0.9324,0.3539482879105521
9864,9865,-26597826#1,29.7612,44.33333333333334
9866,9867,-26642300#2,8.3196,0.5
9868,9869,-26642301#0,0.5850000000000001,0.25
9870,9871,-26642301#1,2.2824,0.0
9872,9873,-26642302#0,7.965,0.30000000000000004
9874,9875,-26642303#0,73.8396,145.3333333333333
9876,9877,-26642304#0,0.0252,0.4107142857142857
9878,9879,-26642305#1,25.4394,9.174242424242438
9880,9881,-26642306#0,32.553000000000004,3.230769230769234
9882,9883,-26642309#1,1.9584000000000001,0.0
9884,9885,-26642309#2,0.4068,0.26785714285714274
9886,9887,-26642362#0,13.4154,0.2857142857142857
9888,9889,-26642362#1,23.3208,1.326315789473684
9890,9891,-26642362#2,9.261,0.7670588235294119
9892,9893,-26642362#3,3.0528,0.2560455192034139
9894,9895,-26642362#4,0.0432,0.1888888888888889
9896,9897,-26642362#5,1.3554,39.25317124735729
9900,9901,-26642373#0,39.8034,6.499999999999999
9902,9903,-26642373#1,10.026000000000002,2.8
9904,9905,-26642373#2,10.2528,1.0
9906,9907,-26642373#3,9.624600000000001,2.0
9912,9913,-266507543,4.032000000000001,0.5
9914,9915,-266507550#0,8.380799999999999,384.46723247996744
9916,9917,-266561174#0,5.8284,2.8379075319373834
9918,9919,-266561177#0,2.8476000000000004,1.2283623116410005
9920,9921,-266561177#1,4.721400000000001,0.7293911895726778
9922,9923,-266561178#0,6.8418,48.416129289069346
9924,9925,-266565295#0,7.137,677.9500358514318
9926,9927,-266565295#1,15.3432,723.070962793697
9928,9929,-266565295#2,17.854200000000002,58.37654006740395
9930,9931,-266565295#3,23.4216,78.69162628796484
9932,9933,-266565295#4,2.9916,4.703021707475753
9934,9935,-266565295#6,22.375799999999998,49.5311203594591
9936,9937,-266565299,1.2744,304.2945741314336
9938,9939,-266565302,6.4332,875.2530925610725
9940,9941,-266567307#0,14.661,1767.7828292327367
9942,9943,-266567307#1,4.3758,427.7739604106608
9944,9945,-266607792#0,2.9988,3059.5340296625227
9946,9947,-266607792#1,1.6416000000000002,763.6941660547378
9948,9949,-266607792#2,0.1602,58.56710321864596
9950,9951,-266607792#3,6.5520000000000005,7776.566861831474
9952,9953,-266607792#4,6.6293999999999995,7448.451050127808
9954,9955,-266607792#5,8.6652,8267.620257849594
9956,9957,-266607792#7,5.328,3310.2678536812555
9958,9959,-266607795#0,2.9268,0.49187506022935307
9960,9961,-266607795#1,2.4552,0.2618713968148183
9962,9963,-266607795#2,5.0094,0.6215606079576105
9964,9965,-266607795#4,6.210000000000001,0.5554141905983577
9966,9967,-266607795#5,6.449400000000001,0.5795245279879596
9968,9969,-266607795#6,0.4464,0.21394560821067266
9970,9971,-266607795#7,3.4362,0.3728218724309201
9972,9973,-266607795#8,6.165,0.4662095090426558
9974,9975,-266607795#9,15.444,1.4604005172006822
9976,9977,-266607796,1.6956,0.7968238827468372
9978,9979,-266607798,0.657,0.17303533173461236
9980,9981,-266607800#0,3.375,0.24989681265764774
9982,9983,-266607800#1,1.8738,1.076602517906715
9984,9985,-266607801#0,3.0474,0.3424447406140768
9986,9987,-266607801#1,4.2462,4.231120528508893
9988,9989,-266607802#1,7.6788,91.91568074242309
9990,9991,-266607803#1,7.0704,8404.429943785579
9992,9993,-266607803#2,0.9702000000000001,2789.328139576647
9994,9995,-266607804#0,0.3834,18.74726286240692
9996,9997,-266607804#1,7.9668,4355.727215041756
9998,9999,-266607805#0,13.5288,71.04477286877596
10000,10001,-26676668,20.4462,0.0
10002,10003,-26677213#0,7.513200000000001,0.6923076923076923
10004,10005,-26677213#1,8.4006,0.9553846153846153
10006,10007,-26677213#2,8.6418,0.8913043478260869
10008,10009,-26677213#3,0.0972,0.22058823529411764
10010,10011,-26677213#4,1.1466,0.9824561403508769
10012,10013,-26677213#5,4.9967999999999995,0.6397058823529411
10014,10015,-26677213#6,2.1798,0.4705882352941176
10016,10017,-26677214#0,18.720000000000002,5.809523809523809
10018,10019,-26677214#1,0.7002,0.8999999999999999
10020,10021,-26677214#2,1.854,0.6666666666666666
10022,10023,-26677214#3,11.1582,2.0
10026,10027,-26677214#5,12.3336,0.0
10028,10029,-26677216#0,44.955000000000005,14.333333333333336
10030,10031,-26677216#1,9.7938,0.5
10032,10033,-26677216#2,6.4926,0.6666666666666665
10034,10035,-26677216#3,6.3504000000000005,0.2666666666666667
10036,10037,-26677216#4,11.068200000000001,0.7809523809523803
10038,10039,-26677216#5,13.8384,1.2380952380952386
10040,10041,-26677416#0,0.108,0.25
10042,10043,-26677416#1,20.356199999999998,0.9166666666666665
10044,10045,-26677416#2,20.5578,1.0000000000000002
10046,10047,-26677416#3,19.387800000000002,1.8777777777777775
10048,10049,-26677416#4,14.7636,0.901098901098901
10050,10051,-26677416#5,0.0432,0.16250000000000003
10052,10053,-26677416#6,0.18359999999999999,0.15441176470588236
10054,10055,-26677416#7,0.1098,0.12380952380952383
10056,10057,-26677417#0,20.134800000000002,1.3161764705882355
10058,10059,-26677417#1,5.3928,0.7999999999999998
10060,10061,-26677539,33.004799999999996,8.333333333333336
10062,10063,-26677540#0,7.65,0.5
10066,10067,-26677540#2,7.3278,2.0
10070,10071,-26677542#0,15.575400000000002,22.703557312252965
10072,10073,-26677542#1,6.676200000000001,0.7647058823529407
10074,10075,-26677542#2,5.6448,0.7809523809523806
10076,10077,-26677542#3,16.5366,0.0
10078,10079,-26678225,15.262199999999998,0.5
10080,10081,-266887588#0,7.628400000000001,4.923254296472
10082,10083,-266887589#0,0.0252,155.32322791423618
10084,10085,-266887589#1,15.584399999999999,3992.476781344655
10086,10087,-266887589#2,6.0894,1536.0777867096108
10088,10089,-266887589#3,9.099,1812.289701154201
10090,10091,-266887591,5.8716,305.60419721230227
10092,10093,-266887593#1,7.1154,5.719099220689908
10094,10095,-266887593#2,2.9682,0.26218894355757083
10096,10097,-266887593#3,0.8892,0.5604655733708922
10098,10099,-266887593#4,24.4386,3.677017028550029
10100,10101,-266887593#6,3.8124,0.7344836291393633
10102,10103,-26729232#0,4.8474,0.8853061224489798
10104,10105,-26729232#1,16.9668,1.3555555555555554
10106,10107,-26729232#2,59.3784,11.357624831309039
10108,10109,-26729233#0,6.0012,0.375
10110,10111,-26766980#0,9.7974,10.81060606060606
10112,10113,-26766980#1,15.9696,2.618181818181818
10116,10117,-267834292,248.4324,232.9999999999999
10118,10119,-26809976#0,57.6774,35.611111111111114
10120,10121,-26809976#1,62.703,17.200000000000003
10122,10123,-268133899#0,58.302,0.0
10130,10131,-268133899#4,0.0648,0.5666666666666667
10134,10135,-268133900#1,54.0936,0.0
10136,10137,-268133900#2,29.797199999999997,0.0
10140,10141,-268133900#4,9.6084,0.5
10142,10143,-268133902,0.8352,0.33333333333333337
10144,10145,-268133903#0,0.6804,0.0
10146,10147,-268133903#1,0.7938000000000001,0.19444444444444445
10148,10149,-268133904#0,23.1642,6.403173670290918
10150,10151,-268133904#1,36.9612,14.227190605239393
10152,10153,-268133904#2,18.3528,4.710027100271005
10154,10155,-26814848#0,2.3958,145.9080459770115
10156,10157,-26814848#1,19.1034,0.0
10158,10159,-26814848#2,1.4220000000000002,0.7906976744186047
10160,10161,-26814848#4,7.4358,1.3741851368970013
10162,10163,-26814848#5,10.98,1.1090830073880926
10164,10165,-26972791,19.9224,4.0
10166,10167,-26973015,4.347,37.96196968054351
10168,10169,-27195924#0,164.02859999999998,0.0
10170,10171,-27195924#1,37.7406,0.0
10174,10175,-27195926#0,9.8442,0.33333333333333326
10176,10177,-27195926#1,18.1458,0.3333333333333335
10178,10179,-27196044#0,25.011,3.272660502328024
10180,10181,-27196044#1,11.0628,1.283814557016413
10182,10183,-27196044#2,4.4208,0.3755653941528931
10184,10185,-27196044#3,3.4956,0.33290625329537066
10186,10187,-27196044#4,2.7918,0.1788151071735981
10188,10189,-27196044#5,6.0174,0.3713968009580017
10190,10191,-27196044#6,5.5188,0.3547908174668211
10192,10193,-27196044#7,3.0564,0.18442226029948594
10194,10195,-27196044#8,13.4298,0.777403558292705
10196,10197,-272255518#0,19.9206,2.041379310344827
10198,10199,-272255518#1,2.9394,3.2149122807017543
10208,10209,-272255519#4,4.9302,0.6666666666666665
10210,10211,-272255519#5,16.034399999999998,1.4666666666666661
10212,10213,-27267723,4.251600000000001,0.24060922128718754
10214,10215,-27267724,7.9632000000000005,0.4395306388526726
10216,10217,-273078633,20.0196,28.705882352941178
10218,10219,-273078634#0,0.0648,1383.4
10220,10221,-273078634#1,6.2766,15197.238095238094
10222,10223,-273123309#0,38.681999999999995,3963.9262718932455
10224,10225,-273123312,25.7706,5.494117647058821
10226,10227,-273123315,147.0438,184.49999999999997
10228,10229,-273123317,35.1162,7.689690563725492
10230,10231,-273123318,93.47760000000001,0.0
10232,10233,-273123319,23.7168,5.333333333333332
10234,10235,-274823622#0,12.6,27477.899065348956
10236,10237,-274823622#0.70,2.2716000000000003,12227.916834602183
10238,10239,-274823622#1,12.915,18861.359275053303
10240,10241,-274823622#10,11.0898,31996.380952380954
10242,10243,-274823622#3,8.523000000000001,40136.70657732322
10244,10245,-274823622#4,0.3438,1314.7037037037042
10246,10247,-274823622#5,3.9978000000000002,11442.566938775512
10248,10249,-274823622#6,5.6394,3.145121951219512
10250,10251,-274823622#9,2.664,6027.948275862067
10252,10253,-274823623#0,8.145000000000001,30523.64444444444
10254,10255,-274823623#1,1.575,17099.955555555556
10256,10257,-274823624#0,0.0648,0.6842105263157894
10258,10259,-274823624#1,20.392200000000003,114.39583333333334
10260,10261,-274823625,8.7408,2.111111111111111
10262,10263,-27761238#0,11.187,3.5833333333333335
10264,10265,-27761238#1,2.8116000000000003,1.3333333333333333
10266,10267,-27761238#2,3.339,0.8095238095238096
10268,10269,-27761238#3,14.3244,3.1
10270,10271,-27761238#4,19.233,0.9166666666666665
10272,10273,-27761238#5,3.7728,0.1893939393939393
10274,10275,-27761238#6,19.625400000000003,2.3
10276,10277,-27761238#7,22.6458,4.654545454545454
10278,10279,-27781905,20.736,1.333333333333333
10280,10281,-27781907#0,17.523,1592.5289729354613
10282,10283,-27781907#1,22.901400000000002,6.699588960657667
10284,10285,-27781908#0,21.4686,10.25
10286,10287,-27781908#1,9.442800000000002,0.33333333333333326
10288,10289,-27781908#2,7.736400000000001,0.0
10290,10291,-27781947#0,11.649600000000001,114370.9246031746
10292,10293,-27781947#2,15.2064,70769.2539184953
10294,10295,-27781947#3,36.8712,9851.267444520705
10296,10297,-27781947#4,19.596600000000002,1.9175627240143378
10298,10299,-27781947#5,20.448,257.6580419580421
10300,10301,-27782265#0,6.992999999999999,531.7860962566846
10302,10303,-27782265#1,8.7066,0.7731092436974789
10304,10305,-27782265#10,34.6752,8.461904761904766
10306,10307,-27782265#2,2.2122,0.13793103448275865
10308,10309,-27782265#3,5.050800000000001,1.7561576354679802
10310,10311,-27782265#6,8.3088,0.6410256410256411
10312,10313,-27782265#7,9.0612,0.380952380952381
10314,10315,-27782265#8,4.7754,0.4555555555555557
10316,10317,-27782265#9,43.7598,1.8095238095238086
10318,10319,-27825198,8.5824,20.25
10320,10321,-27825199,3.8178,0.0
10324,10325,-27825202#0,4.8744000000000005,0.4468085106382978
10326,10327,-27825202#2,10.1844,0.973061224489796
10328,10329,-27825202#3,4.1886,1.7140783744557326
10332,10333,-27825654#1,4.6674,372.6959064327484
10334,10335,-27825654#3,6.642,0.4999999999999999
10336,10337,-27825654#4,10.326600000000001,0.3222222222222222
10338,10339,-27825654#5,7.0398000000000005,0.24358974358974372
10340,10341,-27825654#6,2.7396000000000003,2.536796536796536
10348,10349,-27830333#1,7.5114,210.0626063917869
10350,10351,-27866012#0,93.069,44.140000000000015
10352,10353,-27866012#1,0.0648,7.088355464759958
10354,10355,-27866014,5.9724,1.3333333333333335
10356,10357,-27866016,152.13240000000002,183.5825027685493
10360,10361,-27872579#0,9.8316,1.609090909090909
10362,10363,-27872579#1,4.6692,0.8082125603864733
10364,10365,-27872579#2,10.3158,1.2406417112299468
10366,10367,-27872579#3,7.884,1.1311827956989249
10368,10369,-27872582,18.021600000000003,2.4014778325123145
10370,10371,-27872583#0,1.6416000000000002,0.25000000000000006
10372,10373,-27872583#1,5.3748000000000005,0.33333333333333326
10374,10375,-27872583#2,9.903599999999999,0.0
10376,10377,-27872583#3,2.6118,0.0
10378,10379,-27872583#4,23.400000000000002,0.0
10380,10381,-27872584#0,4.5036,0.4264112903225806
10382,10383,-27872584#1,4.3182,0.6477272727272728
10384,10385,-27872584#2,6.0696,0.4602272727272727
10386,10387,-27872584#3,4.744800000000001,0.43371212121212127
10388,10389,-27872584#4,3.6971999999999996,0.5915915915915916
10390,10391,-27893434#0,10.391399999999999,19681.309134615378
10392,10393,-27893434#1,4.069800000000001,5189.887844611527
10394,10395,-27893434#2,5.9184,10328.12137049942
10396,10397,-27893434#3,7.0848,50293.81649245064
10398,10399,-27893434#4,1.863,1299.6041226215648
10400,10401,-27893434#5,7.8138000000000005,17.482219061166425
10402,10403,-27893434#6,3.1877999999999997,5076.823934837093
10404,10405,-27894322#0,39.382200000000005,8.418181818181818
10406,10407,-27894322#1,19.6092,4.219780219780219
10408,10409,-27914965#0,41.202000000000005,43.25
10410,10411,-27914965#2,17.829,1.3666666666666674
10412,10413,-27914968,86.9886,217.0
10414,10415,-27998320#0,0.0648,0.0
10416,10417,-27998320#1,22.419,26.33333333333333
10418,10419,-27998322#0,24.5592,1.1999999999999997
10420,10421,-27998322#1,0.0648,0.2727272727272727
10422,10423,-27998675#2,8.9388,42.84975369458128
10424,10425,-27998675#4,15.5898,2.3152709359605907
10428,10429,-27998676#0,4.6242,403.81818181818176
10430,10431,-27998676#1,0.5688,0.05732946298984033
10432,10433,-27998676#2,5.418,0.49740259740259746
10434,10435,-27998676#3,5.6592,0.5208333333333336
10436,10437,-27998676#4,3.7728,0.27632850241545903
10438,10439,-28013743#0,0.0648,0.5714285714285714
10440,10441,-28013743#1,0.0648,12.267857142857144
10442,10443,-28013743#10,1.1808,0.0
10444,10445,-28013743#2,1.1952,4.333333333333333
10446,10447,-28013743#3,1.1196,0.9166666666666666
10448,10449,-28013743#4,1.1304,0.0
10452,10453,-28013743#6,1.2816,0.0
10454,10455,-28013743#7,1.0782,0.3333333333333333
10456,10457,-28013743#8,1.1880000000000002,0.5
10458,10459,-28013743#9,1.1466,1.366666666666667
10460,10461,-28013748#0,1.9692000000000003,0.5
10462,10463,-28013748#1,1.179,0.0
10464,10465,-28013748#10,4.1544,0.9841897233201585
10466,10467,-28013748#2,1.1466,1.6190476190476188
10468,10469,-28013748#3,1.1880000000000002,1.1428571428571428
10470,10471,-28013748#4,1.0818,0.369281045751634
10472,10473,-28013748#5,1.2816,0.4338235294117647
10474,10475,-28013748#6,1.1232,0.6964285714285714
10476,10477,-28013748#7,1.1304,0.2
10478,10479,-28013748#8,1.1196,1.8380952380952376
10480,10481,-28013748#9,1.197,1.2794117647058822
10482,10483,-28014156#1,116.10000000000001,94.20952380952382
10484,10485,-28014167#0,129.57659999999998,292.0
10486,10487,-28014167#1,181.476,375.61904761904765
10488,10489,-28014167#3,39.790800000000004,29.80952380952381
10490,10491,-28014170#1,85.3578,55.86111111111111
10492,10493,-28035146#0,11.3868,1.4285714285714293
10494,10495,-28035146#1,6.5952,23.854545454545452
10496,10497,-28098600#0,0.46980000000000005,5.709090909090907
10498,10499,-28098600#1,2.0358,6.916161616161616
10500,10501,-28098609#0,5.0076,8185.809523809524
10502,10503,-28098609#1,1.098,0.8181818181818182
10504,10505,-28098609#2,6.003,274.1098901098901
10506,10507,-28098609#3,24.471,3.5833333333333326
10508,10509,-28111851#1,7.8408,4.0
10510,10511,-28111930#0,0.6444,1.5
10512,10513,-28111930#1,24.4062,3.423076923076923
10514,10515,-28111977#0,46.3464,111.76666666666665
10516,10517,-28111977#1,32.1606,12.526143790849673
10518,10519,-28111977#11,23.3424,0.5
10520,10521,-28111977#2,70.4592,50.0
10522,10523,-28111977#4,32.7168,2.9166666666666665
10524,10525,-28111977#5,39.425399999999996,2.8000000000000016
10534,10535,-28114237,5.7366,1.3974358974358971
10536,10537,-28114295#0,19.335600000000003,3.183333333333335
10538,10539,-28114295#1,11.07,0.3333333333333333
10540,10541,-28119595#2,22.325400000000002,2045.1
10542,10543,-28119595#3,9.7614,0.0
10548,10549,-28124258#0,26.3916,18.50416457040641
10550,10551,-28124258#1,7.392600000000001,1.4897698986096777
10552,10553,-28124258#2,27.8082,5.747425420237858
10554,10555,-28124570#0,17.253000000000004,0.0
10556,10557,-28124570#1,30.7692,0.0
10558,10559,-28124570#2,6.4386,0.0
10560,10561,-28124570#3,39.88440000000001,0.0
10570,10571,-28124570#8,9.8424,0.0
10578,10579,-28124571#3,8.8452,0.0
10580,10581,-28124729#0,30.450600000000005,73898.26315789476
10582,10583,-28124729#1,3.1553999999999998,0.3214285714285713
10584,10585,-28124729#2,9.5472,296.6666666666667
10586,10587,-28124764#0,1.9872000000000003,2.063157894736842
10588,10589,-28124764#1,25.758000000000003,8.489010989010994
10590,10591,-28124764#2,6.3162,0.5291666666666666
10592,10593,-28124764#3,9.3438,0.8928571428571428
10594,10595,-28124764#4,0.9378000000000001,1.7758620689655173
10596,10597,-28124854#0,4.7898000000000005,2013.494680072421
10598,10599,-28124882,47.8242,14.33333333333333
10600,10601,-28132014#0,1.359,12211.90090909091
10602,10603,-28132014#1,7.216200000000001,49539.193443687116
10604,10605,-28132014#2,9.376199999999999,111398.24124809742
10606,10607,-28132244#0,1.9728,0.23188405797101447
10608,10609,-28132244#1,6.188400000000001,0.47619047619047633
10610,10611,-28132718,3.3732,0.25
10612,10613,-28132718.37,1.9404000000000001,54.78571428571428
10614,10615,-28132749#0,1.9224,0.0
10616,10617,-28132749#1,0.4752,0.0
10618,10619,-28132749#2,1.0188,0.3333333333333333
10620,10621,-28132813,10.645199999999999,26.864447044640656
10622,10623,-28132865,18.306,0.0
10624,10625,-28133036#0,10.3374,0.0
10626,10627,-28133036#1,32.9022,5.000000000000001
10628,10629,-28133087,33.238800000000005,21.638095238095243
10630,10631,-28133099,40.311,6.500000000000002
10632,10633,-28133108#0,4.7232,1.655555555555555
10634,10635,-28133108#1,4.3128,1.5833333333333333
10636,10637,-28133108#2,5.1335999999999995,2.0
10638,10639,-28133112#0,7.2791999999999994,0.25
10640,10641,-28133112#1,2.3129999999999997,0.0
10642,10643,-28133112#2,1.5858,2.2499999999999996
10644,10645,-28133141,32.8428,210.41052631578944
10646,10647,-28133152#0,24.8796,1273.861111111111
10648,10649,-28133152#1,12.6756,1.410714285714286
10650,10651,-28133177#0,37.8144,7.818840579710146
10652,10653,-28133177#1,15.6762,4.727242242689797
10654,10655,-28133179,40.7538,0.5
10656,10657,-28133181#0,22.503600000000002,4.571428571428571
10658,10659,-28133181#1,7.9434000000000005,0.26785714285714274
10660,10661,-28133199,34.2072,3.2784090909090886
10662,10663,-28161024#0,3.2184,0.19999999999999996
10664,10665,-28161024#1,16.8246,3.9285714285714284
10666,10667,-28161024#2,10.1286,0.5428571428571433
10668,10669,-28161026#0,7.914600000000001,1.0
10670,10671,-28161026#1,8.4114,2.333333333333333
10672,10673,-28161026#2,8.469000000000001,1.4285714285714286
10674,10675,-28161026#3,3.2201999999999997,0.47619047619047605
10676,10677,-28161026#4,13.3362,0.0
10678,10679,-28161026#5,12.726,1.4727272727272729
10680,10681,-28161026#6,9.5616,0.6500000000000001
10682,10683,-28161027,48.961800000000004,26.33333333333332
10684,10685,-28161030,54.6246,0.0
10688,10689,-28161105#0,50.2182,1318.466666666667
10690,10691,-28161105#1,16.3224,7.472727272727271
10692,10693,-28161105#2,31.921200000000002,4.25
10694,10695,-28161139,28.808999999999997,30604.0
10696,10697,-28161141#0,0.8154,28.33589743589744
10698,10699,-28161141#1,27.5796,12917.904761904761
10700,10701,-28162357#1,0.4176,198.81640058055152
10702,10703,-28162375#1,0.9612,0.3333333333333333
10704,10705,-28162375#2,20.9394,4.5
10706,10707,-28162390#1,2.1078,0.33333333333333337
10708,10709,-28252424,0.0648,0.606060606060606
10710,10711,-282532460#0,13.642199999999999,0.0
10712,10713,-282532460#1,12.1104,0.0
10714,10715,-282532460#2,8.6724,0.49999999999999994
10716,10717,-28268963,31.41,4.904761904761903
10718,10719,-28268964#0,9.505799999999999,3.8392857142857144
10720,10721,-28268964#1,32.6592,31.583333333333332
10722,10723,-28269269#0,32.3568,0.0
10724,10725,-28269269#1,8.667000000000002,0.0
10726,10727,-28269269#2,16.6968,1.8000000000000003
10728,10729,-28269269#3,11.7666,3.0
10730,10731,-28269269#4,16.245,7.299999999999999
10732,10733,-28269293,29.7468,6.333333333333336
10734,10735,-28269326#0,10.6236,0.3333333333333335
10736,10737,-28269326#1,21.8898,2.3333333333333326
10738,10739,-28269326#2,25.371000000000002,0.0
10740,10741,-28269326#3,13.347,1.0
10742,10743,-28269326#4,26.1414,1.1742424242424239
10744,10745,-28269334,7.1874,0.5
10746,10747,-28269616#1,0.2034,17.78095238095238
10748,10749,-28269616#2,9.5562,5.696428571428572
10750,10751,-28269616#3,1.602,2.871052631578947
10752,10753,-28269616#4,1.5444,3.4970760233918137
10754,10755,-28269620#0,17.5464,26.166666666666668
10756,10757,-28269620#1,15.9696,3.3333333333333326
10758,10759,-28269620#2,25.8732,4.5
10760,10761,-28269631,1.7766,0.29999999999999993
10762,10763,-28269810#0,9.8244,7745.216595403317
10764,10765,-28269810#1,13.4928,8147.72897014191
10766,10767,-283067359#0,0.0432,0.25
10768,10769,-283067359#1,7.317000000000001,0.0
10772,10773,-283067359#3,5.8914,0.0
10774,10775,-283067359#4,5.4558,1.0
10776,10777,-283067359#5,31.8294,0.0
10778,10779,-283067359#6,0.5256,0.0
10780,10781,-283067369,53.663399999999996,32.666666666666664
10782,10783,-28319300#0,24.674400000000002,64.50420168067228
10784,10785,-28319300#1,4.9932,0.5298850574712642
10786,10787,-28319300#2,10.2096,1.2155797101449277
10788,10789,-28319300#4,2.142,0.20952380952380958
10790,10791,-28319300#5,9.603,1.9338235294117654
10792,10793,-28319300#6,0.9342,0.5166666666666667
10794,10795,-28319300#7,7.880400000000001,0.4999999999999999
10796,10797,-28320823,22.743,1.995384615384615
10798,10799,-283470309,0.3942,0.25255102040816324
10800,10801,-28390298,86.8248,42.122109158186866
10802,10803,-28418763,21.1788,39803.611367899815
10804,10805,-28418764,30.135600000000004,215486.1709532297
10806,10807,-284224051,0.7668,0.2666666666666667
10808,10809,-284224052#0,24.3522,30.333333333333336
10810,10811,-284224052#1,0.0648,0.0
10812,10813,-284224053,50.6466,4.333333333333332
10814,10815,-284224054#0,25.7022,3.476190476190473
10816,10817,-284224054#2,29.161800000000003,2.3
10818,10819,-285548171#0,16.5978,2.142857142857143
10820,10821,-285548171#1,0.9288000000000001,7.250000000000001
10822,10823,-285549250#0,12.5514,1.6367282903191718
10824,10825,-285716192#0,9.7974,21.541548687439466
10826,10827,-285716192#1,2.5128,0.7920395896042237
10828,10829,-28577490#0,5.2038,0.7122623646141027
10830,10831,-28577490#1,1.7226,0.7707317073170735
10832,10833,-28577490#3,1.2888,0.536616821209351
10834,10835,-286646181,40.622400000000006,33.050000000000004
10836,10837,-286646182,56.952000000000005,4.5
10838,10839,-286646184#0,11.1402,0.5666666666666668
10840,10841,-286646185,61.002,0.0
10842,10843,-286646186#0,8.4816,0.8984952120383034
10844,10845,-286646186#1,0.28800000000000003,0.2862745098039216
10846,10847,-286646187#0,0.1494,0.125
10848,10849,-286646187#1,0.0648,0.2
10850,10851,-286646188#0,0.2178,1.4558378705384152
10852,10853,-286646188#1,3.2508000000000004,23.0625
10854,10855,-286646188#2,2.0754,2.322222222222222
10856,10857,-286646188#3,1.7027999999999999,0.8529411764705884
10858,10859,-286646188#4,30.911399999999997,13.0
10860,10861,-286646188#5,18.4698,51.366666666666674
10862,10863,-286646190#0,9.7758,12.619047619047619
10864,10865,-286646190#1,47.079,16.09047619047619
10866,10867,-286646191#0,194.6142,765.511111111111
10868,10869,-286646191#1,50.4072,60.5
10870,10871,-286646191#2,9.8028,0.0
10872,10873,-286646191#3,6.0894,2.0
10874,10875,-286646456#0,2.0627999999999997,0.35264868629803037
10876,10877,-286646456#2,4.0464,0.8058967169182704
10878,10879,-286646456#3,3.798,0.46992912236814655
10882,10883,-28738529#1,1.5191999999999999,16.333333333333332
10884,10885,-28738529#12,2.5938000000000003,1.2777777777777777
10886,10887,-28738529#13,0.0648,0.6964285714285714
10888,10889,-28738529#14,21.547800000000002,0.0
10890,10891,-28738529#15,21.447,1.0666666666666669
10892,10893,-28738529#2,1.1916,0.41071428571428564
10894,10895,-28738529#3,4.4028,0.8095238095238098
10896,10897,-28738529#4,12.591000000000001,1.8666666666666671
10898,10899,-28738529#6,4.5072,0.5
10900,10901,-28738529#7,0.6120000000000001,0.3
10902,10903,-28738529#8,21.9114,3.5400000000000014
10904,10905,-28738529#9,0.0648,10.22222222222222
10924,10925,-28740443#0,0.6192,103.79999999999998
10926,10927,-28740443#1,1.1178000000000001,0.0
10928,10929,-28749365#0,0.0432,0.9047619047619048
10930,10931,-28749365#2,4.8726,0.9166666666666669
10932,10933,-28763451#1,1.161,555.742840169473
10934,10935,-28763451#2,0.25200000000000006,173.66250383533202
10936,10937,-28781036#0,0.6030000000000001,1.0727272727272728
10938,10939,-28781036#1,13.0626,4.544444444444445
10940,10941,-28781036#2,8.7696,0.8095238095238099
10942,10943,-28781036#4,6.058800000000001,2.9166666666666665
10944,10945,-28781036#5,5.0076,0.9166666666666666
10946,10947,-28781036#6,2.3274,1.0
10948,10949,-28781036#7,7.9883999999999995,0.7
10950,10951,-288193337#0,5.157000000000001,1.6666666666666672
10952,10953,-288193337#1,27.3366,1.3666666666666658
10954,10955,-288213479,8.1774,1.9
10956,10957,-288213480#0,13.042800000000002,2.916666666666666
10958,10959,-288213480#1,8.270999999999999,3.0
10960,10961,-288213480#2,7.804800000000001,0.2999999999999999
10962,10963,-28845091#0,28.722600000000003,17.20769230769231
10964,10965,-28845091#1,0.1296,6.028571428571428
10966,10967,-28845091#2,10.9422,10.747252747252748
10968,10969,-28845091#3,75.29580000000001,0.0
10970,10971,-28845095#0,95.41980000000001,124.67272727272723
10972,10973,-28845095#2,8.883,2.9166666666666665
10978,10979,-28970268#0,1.629,1.2464285714285714
10980,10981,-28970268#1,10.2546,1.7454545454545451
10982,10983,-28970268#2,15.5664,3.16374269005848
10984,10985,-28970268#3,8.7048,1.0
10988,10989,-289878517#1,4.4352,0.3333333333333335
10992,10993,-289879699,11.878200000000001,0.6666666666666666
10994,10995,-29001352,5.1984,0.3430626927029806
10996,10997,-29027727#0,5.1516,0.4663467636240648
10998,10999,-29027727#1,5.5602,1.0631507083119986
11000,11001,-29027727#2,10.0044,4538.0290490447705
11002,11003,-29027727#4,3.7296,345.1826856349757
11004,11005,-29027727#5,0.9864,0.24285714285714283
11006,11007,-29027727#6,5.841,100.0431827269093
11008,11009,-29027727#7,0.9414,0.7100313479623824
11010,11011,-29027727#8,5.247,0.8944444444444454
11012,11013,-29027727#9,11.1528,1037.5991114149008
11014,11015,-29027839#0,22.653000000000002,10.17709815078236
11016,11017,-29027839#1,7.0236,0.8883357041251777
11018,11019,-29027839#2,9.3546,0.5378205128205129
11020,11021,-29027936#1,1.9638,369.2450828265886
11022,11023,-29048562#1,3.7763999999999998,213.32640357297794
11024,11025,-29119851#0,5.5043999999999995,2.628416721838648
11026,11027,-29119851#1,3.6054000000000004,1.0799360730593608
11028,11029,-29119898,1.3284,0.14285714285714288
11030,11031,-29146979#1,5.3153999999999995,1311.4861224489794
11032,11033,-29146979#2,0.2682,0.2555168408826945
11034,11035,-29146979#3,0.6552,0.034482758620689655
11036,11037,-29146979#4,8.1774,2.515669515669517
11040,11041,-29187258#0,9.7452,2.1025641025641026
11042,11043,-29187258#1,1.026,0.30000000000000004
11044,11045,-29187258#2,1.0422,0.16842105263157892
11046,11047,-29187258#3,7.1154,2.611111111111111
11048,11049,-29187258#4,7.5078000000000005,4.027777777777779
11050,11051,-29187258#5,1.0458,1.8987804878048784
11052,11053,-29187258#6,1.0224,2.5864197530864184
11054,11055,-29187258#7,10.1466,2.8
11056,11057,-29205272#0,77.68440000000001,29.666666666666668
11058,11059,-29205272#1,26.8056,12.000000000000002
11060,11061,-29205272#10,33.2424,5.199999999999999
11062,11063,-29205272#11,121.5846,108.0
11064,11065,-29205272#13,33.3324,26.33333333333333
11066,11067,-29205272#2,24.5466,8.299999999999999
11068,11069,-29205272#3,38.1042,5.666666666666667
11070,11071,-29205272#4,56.5902,25.46666666666666
11072,11073,-29205272#5,2.9916,6.5
11074,11075,-29205272#6,56.6874,14.900000000000006
11076,11077,-29205272#7,0.8676,0.8444444444444443
11078,11079,-29205272#8,11.7072,5.766666666666666
11080,11081,-29205272#9,34.239599999999996,14.799999999999997
11082,11083,-29205273#0,5.5944,26405.2509201325
11084,11085,-29205273#1,4.6674,32975.1331567329
11086,11087,-29205273#2,18.5634,48117.68617021274
11088,11089,-29205273#5,12.630600000000001,1.9478260869565207
11090,11091,-29205273#6,9.4824,1.8100995732574672
11092,11093,-29205273#7,11.336400000000001,2.1420454545454537
11094,11095,-29205273#8,12.0852,4.395833333333334
11096,11097,-29205273#9,9.9396,3.163636363636363
11100,11101,-29205279,27.730800000000002,8.279411764705886
11102,11103,-29212862#1,20.692800000000002,93.41603124708226
11104,11105,-29212862#2,21.9942,25.090184049079742
11106,11107,-29212920,87.705,51.5
11108,11109,-29213366,4.6044,1.0918826990255552
11110,11111,-29213411,13.3434,0.5666666666666665
11112,11113,-29213449#0,2.4534000000000002,0.407970762269405
11114,11115,-29213449#1,0.8586,0.2993734772015315
11116,11117,-29213449#2,0.1638,0.4377305951966585
11118,11119,-29213449#3,0.4752,0.7521406195614341
11120,11121,-29213477#0,14.488199999999999,1.7857142857142858
11122,11123,-29213477#1,32.8806,4.1318681318681305
11124,11125,-29213811,4.1688,0.7973396371550249
11126,11127,-29213889,4.023,0.287161379949062
11130,11131,-29238184#0,1.6380000000000001,0.20885311871227372
11132,11133,-29238184#1,2.0160000000000005,0.2816901408450702
11134,11135,-29238187#0,11.556000000000001,20669.25326012354
11136,11137,-29238187#1,11.912400000000002,661.3019759450171
11138,11139,-29238187#2,20.3598,6806.722222222223
11140,11141,-29238188#0,3.0708,3128.2931705899455
11142,11143,-29238188#0.32,1.0026000000000002,549.222464399884
11144,11145,-29238188#1,2.9970000000000003,3490.0721186035394
11146,11147,-29238188#2,11.6604,1944.9308943089425
11148,11149,-29238188#3,5.283,11271.757662152524
11150,11151,-29254382#0,21.6252,1.1428571428571432
11152,11153,-29254382#1,33.3306,2.333333333333333
11154,11155,-29254382#2,19.447200000000002,0.0
11158,11159,-29254384#1,4.6116,0.0
11160,11161,-29254494,76.158,112.5
11164,11165,-29254505#0,0.0648,0.25000000000000006
11166,11167,-29254505#1,0.6084,1.0
11172,11173,-29254533#1,9.378,0.33333333333333326
11176,11177,-29254557,14.128200000000001,0.0
11178,11179,-29254586#0,6.831,0.7
11180,11181,-29254586#1,1.2528,0.6666666666666666
11182,11183,-29254586#2,20.2806,0.6666666666666666
11184,11185,-29254586#3,4.7501999999999995,1.7000000000000002
11186,11187,-29254586#30,6.5826,1.583333333333333
11188,11189,-29254586#4,2.5146,0.19999999999999996
11190,11191,-29254590#0,12.9096,4.5
11192,11193,-29254590#1,1.9926,0.5
11194,11195,-29254590#2,10.125,0.0
11196,11197,-29254590#3,4.7754,0.3956414978514426
11198,11199,-29254706#0,66.86280000000001,12.5
11200,11201,-29254706#0.212,86.3352,24.5
11202,11203,-29254706#1,30.2022,3.6999999999999997
11204,11205,-29254706#1.113,16.119,3.000000000000001
11206,11207,-29254706#1.167,2.367,0.9166666666666666
11208,11209,-29254759#0,36.640800000000006,0.0
11210,11211,-29254759#1,22.7682,3.7
11212,11213,-29254771#0,43.333200000000005,9.763636363636367
11214,11215,-29254771#1,22.2282,1.5999999999999992
11216,11217,-29254771#2,17.996399999999998,2.357894736842105
11218,11219,-29254773,28.969200000000004,14.694444444444443
11220,11221,-29254786#0,6.129,0.0
11222,11223,-29254798#0,35.1036,9.290043290043291
11224,11225,-29254818#0,0.1494,0.30000000000000004
11226,11227,-29254835#0,0.2232,0.2
11228,11229,-29255794,11.1744,8.524999999999997
11230,11231,-293162564#0,14.453999999999999,175032.21552795038
11232,11233,-293162564#1,3.492,14293.466424682392
11234,11235,-293162564#2,13.2102,100643.25994449583
11236,11237,-293162564#3,6.930000000000001,21646.679078014186
11238,11239,-293162564#4,2.5542000000000002,4585.663967611336
11240,11241,-293162564#5,0.5058,5517.426031294451
11242,11243,-29353676#0,8.1504,1.0666666666666664
11244,11245,-29353676#1,6.3288,0.3333333333333333
11246,11247,-29353676#2,18.5796,2.6666666666666665
11248,11249,-29353679,11.7036,0.5
11250,11251,-294213264,3.7818,0.39999999999999997
11252,11253,-294213265,5.630400000000001,1.2514619883040936
11254,11255,-294213266,2.3886,0.35238095238095246
11256,11257,-294213269,15.060600000000003,4.3
11258,11259,-294213270#0,16.2414,0.3333333333333335
11260,11261,-294213270#1,6.9318,1.4444444444444444
11262,11263,-29458096#1,7.1136,2825.5442670536995
11264,11265,-29458097#1,7.4016,13176.54862258953
11266,11267,-29458645,10.9044,6643.142826524372
11268,11269,-29459180#0,8.6688,140.29230941202775
11270,11271,-29459180#1,23.848200000000002,2.0318826539483807
11272,11273,-29459182#0,13.6368,0.9066027369893117
11274,11275,-29459182#1,12.4992,2.4978523624013587
11276,11277,-297778952,1.2348000000000001,0.20009079511786515
11306,11307,-30054268#0,19.229400000000002,4.016331863465621
11308,11309,-30054268#1,11.8818,0.9570430612032119
11310,11311,-30054268#2,8.395199999999999,1.02124734408199
11312,11313,-30054268#3,21.9546,2.886041545331004
11314,11315,-30054268#4,7.236,1.0763534218590396
11316,11317,-30054268#5,17.883000000000003,2.2015503875968996
11320,11321,-30054346#0,6.4044,18.923707117255496
11322,11323,-30054346#1,2.2734,0.10480225988700566
11324,11325,-30054351#0,5.9724,0.6666666666666667
11326,11327,-30054354,105.66000000000001,31.837944664031625
11328,11329,-30054386#0,12.974400000000001,8.99264705882353
11330,11331,-30054386#1,3.9114,0.7087912087912086
11332,11333,-30054398#1,24.395400000000002,0.33333333333333304
11334,11335,-30054398#2,3.5046000000000004,4.5
11336,11337,-30054410#0,21.852,33.46783625730994
11338,11339,-30054410#1,26.838,0.0
11342,11343,-30054437#0,6.9534,1.0789915966386554
11344,11345,-30054437#1,3.6432,0.42857142857142866
11346,11347,-30054437#2,34.03980000000001,8.178861788617889
11348,11349,-30054443,86.436,49.608870967741936
11350,11351,-30054463,11.615400000000001,4.5
11352,11353,-30054528#1,88.0254,38.20454545454545
11354,11355,-30054528#2,6.7536,2.0
11356,11357,-30054528#3,122.7618,0.0
11358,11359,-30054718,23.2938,0.0
11360,11361,-30054829#0,32.1732,9.707421178851957
11362,11363,-30054829#1,36.248400000000004,13.299999999999997
11364,11365,-30054837,22.890600000000003,2.267857142857143
11366,11367,-30054857,17.4834,0.931818181818182
11368,11369,-30054884#0,9.513,11.329281183932345
11370,11371,-30054884#1,3.3552000000000004,0.8634920634920633
11372,11373,-30054903#0,8.451,0.9166666666666669
11374,11375,-30054903#1,6.4962,1.238095238095238
11376,11377,-30054903#2,12.4596,7.032967032967035
11378,11379,-30054903#3,21.1644,33.02206736353077
11380,11381,-30054914#0,18.945,3.8392857142857144
11382,11383,-30054914#1,25.7382,2.333333333333332
11384,11385,-30054925#0,35.6976,12.333333333333332
11386,11387,-30054925#2,21.2958,0.0
11388,11389,-30056007#0,19.2042,9.669805194805194
11390,11391,-30056007#1,17.0532,1.3522167487684729
11392,11393,-30056007#2,16.758000000000003,0.8128078817733988
11394,11395,-30064385#1,8.019,5.490909090909092
11396,11397,-30064385#2,3.15,0.8
11398,11399,-30064385#3,6.9246,0.0
11400,11401,-30068855,37.908,14.333333333333336
11402,11403,-30093831#0,9.4626,1.926153846153846
11404,11405,-30093832#0,3.6611999999999996,0.7552858981430409
11406,11407,-30093878,18.7578,10.375993496642169
11408,11409,-30131199,9.5454,0.4436877867001514
11410,11411,-30131200#1,1.3464,0.17241345949188294
11412,11413,-30131200#2,18.414,5.806529373251597
11414,11415,-30131201,8.854199999999999,0.4592378526645771
11418,11419,-30136341#1,6.372,0.6190476190476192
11420,11421,-30187448#0,3.9330000000000003,0.4012980951547506
11422,11423,-30187448#1,22.0788,2.52262139755231
11426,11427,-302753648,3.0294000000000003,2.25
11428,11429,-302879117#0,0.8388000000000001,0.14285714285714288
11430,11431,-302879117#1,4.833,4.666666666666667
11432,11433,-302879124,1.3464,0.0
11434,11435,-302879156#0,8.757000000000001,0.9047619047619045
11436,11437,-302879156#1,6.2424,0.5
11438,11439,-302879156#2,5.5494,1.027777777777778
11440,11441,-302879162#0,3.8466,0.2651515151515151
11442,11443,-302879162#1,6.102,0.6291666666666665
11444,11445,-302879162#2,0.198,0.25905797101449274
11446,11447,-303155140#0,0.23220000000000002,0.3333333333333333
11448,11449,-303155140#3,0.0648,0.5
11450,11451,-303155140#4,4.329,0.33333333333333326
11452,11453,-303155140#5,0.0648,0.5
11454,11455,-303155140#8,0.2682,0.2651515151515152
11456,11457,-30315720#0,32.3712,6.518965323757147
11458,11459,-30315720#1,15.885,1.7158709677419355
11460,11461,-30315925,0.3294,40.3078168546782
11462,11463,-30315926#0,6.7446,0.41538337498992156
11464,11465,-30315926#1,12.954600000000001,0.801322880940715
11466,11467,-30315927,5.317200000000001,0.787878787878788
11468,11469,-30315928#0,24.057000000000002,43.8448275862069
11470,11471,-30315928#1,17.856,1.9399999999999997
11472,11473,-303210413,16.6788,4.5
11476,11477,-303843481,2.79,0.0
11478,11479,-303843488,2.9916,1.4818181818181815
11480,11481,-303843501,1.9385999999999999,0.0
11482,11483,-303843503,2.5866000000000002,0.0
11484,11485,-303843510#0,2.1366,0.0
11486,11487,-303843510#2,0.0648,0.25
11488,11489,-303843510#3,2.5614000000000003,0.5
11490,11491,-30399316#0,1.0475999999999999,17276.46289011277
11492,11493,-30399316#1,1.4274,17722.45495867769
11494,11495,-30399316#2,2.6622000000000003,18583.2028201111
11496,11497,-30399316#4,16.8408,69203.63575187209
11498,11499,-30399316#5,0.5616,11028.542087542088
11500,11501,-30399663#0,1.2582,633.768398249491
11502,11503,-30399663#1,2.2986,708.0459266513753
11504,11505,-30404124,3.9960000000000004,603.6478512960443
11506,11507,-304151838#0,0.5147999999999999,0.15151515151515152
11508,11509,-304151838#1,0.1422,0.09090909090909091
11510,11511,-304151838#10,0.5112,0.30000000000000004
11512,11513,-304151838#11,0.1008,0.10000000000000002
11514,11515,-304151838#12,1.053,0.6666666666666669
11516,11517,-304151838#2,0.3888,0.23333333333333334
11518,11519,-304151838#3,0.1494,0.17777777777777778
11520,11521,-304151838#4,0.3276,0.2777777777777778
11522,11523,-304151838#5,0.2682,0.2857142857142857
11524,11525,-304151838#6,0.3276,0.3333333333333333
11526,11527,-304151838#7,0.2808,1.0000000000000002
11528,11529,-304151838#8,0.4266,0.6964285714285714
11532,11533,-304151905,0.648,1.5606060606060606
11536,11537,-304151923,3.357,8.0
11538,11539,-304151928,2.4966,3.0
11540,11541,-304151930#1,5.517,0.0
11542,11543,-304151947#2,2.8584,0.0
11544,11545,-304151955#0,1.053,0.4852941176470588
11546,11547,-304151955#1,5.585400000000001,1.6
11548,11549,-304151955#2,17.627399999999998,3.642857142857141
11550,11551,-30417783#0,25.1586,4.0285714285714285
11552,11553,-30417783#1,2.3760000000000003,11.15714285714286
11554,11555,-30421297#0,10.0476,0.0
11556,11557,-30421297#1,14.7402,0.0
11558,11559,-30421297#2,11.755799999999999,0.0
11560,11561,-30482614,2.394,7.291242937853106
11562,11563,-30482615#0,0.0648,5.09915254237288
11564,11565,-30482615#1,17.478,6.412429378531072
11566,11567,-30482615#2,79.20360000000001,43.29497354497353
11568,11569,-30482615#3,5.3118,0.7913978494623656
11570,11571,-30482615#4,22.1076,2.3425925925925917
11572,11573,-30482615#5,5.7078,1.6590909090909092
11576,11577,-30482626#0,20.4012,1.3712121212121213
11578,11579,-30482626#1,23.1588,13.0
11580,11581,-30482630#0,20.9844,3.27536231884058
11582,11583,-30482630#1,11.169,2.555263157894737
11584,11585,-30482630#2,16.416,1.1636363636363636
11586,11587,-30482630#3,1.161,0.1515151515151515
11588,11589,-30482630#4,10.7064,2.4358974358974357
11590,11591,-30482633#0,10.0638,0.0
11592,11593,-30482633#1,16.5078,0.0
11594,11595,-30482638#0,5.8716,5147.871511357288
11596,11597,-30482638#1,7.4916,7018.964844543791
11598,11599,-30482638#10,0.7938000000000001,74.92292893843373
11600,11601,-30482638#11,10.161,1286.793563419745
11602,11603,-30482638#12,17.812800000000003,1601.5370190109584
11604,11605,-30482638#13,13.0932,583.9217653545629
11606,11607,-30482638#14,4.1544,75.5550452997262
11608,11609,-30482638#2,7.466399999999999,6438.048653016539
11610,11611,-30482638#3,3.5298000000000003,1803.5891831776344
11612,11613,-30482638#4,4.615200000000001,1851.0421684405283
11614,11615,-30482638#5,1.782,531.1833981558134
11616,11617,-30482638#6,8.559,2400.499286930235
11618,11619,-30482638#7,2.9538,545.0868485100693
11620,11621,-305496616#0,8.6274,0.6846486846486846
11622,11623,-305496616#1,13.985999999999999,1.375957375957376
11624,11625,-305496616#10,7.0884,0.7887033601319308
11626,11627,-305496616#2,5.5116,0.4681962025316459
11628,11629,-305496616#3,4.978800000000001,0.33611111111111114
11630,11631,-305496616#4,2.9808,0.41680672268907565
11632,11633,-305496616#5,0.5058,0.17084639498432602
11634,11635,-305496616#6,0.2034,0.21692379616643298
11636,11637,-305496616#7,2.4264,0.2351864561885152
11638,11639,-305496616#9,3.0942000000000003,0.24982841455044608
11640,11641,-305496617#0,11.0322,19.142517186673718
11642,11643,-305496617#1,19.018800000000002,2.3749583749583785
11644,11645,-305496618#0,11.5992,85.76776191942234
11646,11647,-305496618#2,3.2112000000000003,0.23516098280334105
11648,11649,-305496618#3,4.2336,3.1651324741855444
11650,11651,-305496619#1,5.3100000000000005,40.74445820964136
11652,11653,-305496619#2,11.961,0.8667905534388309
11654,11655,-306162410,2.0232,4.5
11656,11657,-306218237#0,233.5248,629.6060606060605
11658,11659,-306240161#0,5.4108,0.4557692307692311
11660,11661,-306240161#2,0.0252,0.19230769230769232
11662,11663,-306240162#1,4.545,1223.1128171407695
11664,11665,-306240162#2,16.9668,401.08220095961576
11666,11667,-306240162#4,33.7068,21.639367340643318
11670,11671,-306384636#0,2.6676,0.0
11672,11673,-306384636#1,13.0536,4.5
11674,11675,-306431310#0,0.1476,1.763357332322849
11676,11677,-306431310#1,4.9572,70.10031205673748
11678,11679,-306431425#0,12.888,0.8910973084886133
11680,11681,-306431425#1,14.7312,1.2140845070422537
11682,11683,-306431425#2,3.7710000000000004,0.3412474849094567
11684,11685,-306431425#3,0.24840000000000004,0.3364185110663984
11686,11687,-306726647#0,2.007,0.7259396019693497
11688,11689,-306726647#1,10.2834,6.6930955120828495
11690,11691,-306793480#0,0.0648,0.5420634920634922
11692,11693,-306793480#1,0.8316,0.5000000000000001
11694,11695,-306793480#2,0.7614,0.5242165242165245
11696,11697,-306793480#3,0.7866,0.694805194805195
11698,11699,-306793480#4,0.6192,7.686153846153846
11700,11701,-306793480#5,0.5508,0.2692307692307693
11702,11703,-306793480#6,9.5022,1.9047619047619044
11704,11705,-306793481,6.114599999999999,4.333333333333333
11706,11707,-306793482,2.817,1385.3560606060607
11712,11713,-306793486,3.6395999999999997,0.0
11714,11715,-306793488,8.508600000000001,0.0
11718,11719,-306876891#0,5.463,0.24999999999999997
11720,11721,-306876891#1,3.9221999999999997,0.28571428571428575
11722,11723,-306876893#0,3.9114,18734.666666666668
11724,11725,-306876893#1,7.867800000000001,5919.366666666667
11726,11727,-307010104,67.1562,0.0
11728,11729,-307010105#0,31.188600000000005,0.5
11730,11731,-307010105#1,123.183,0.0
11732,11733,-307010105#2,25.083000000000002,28.0
11734,11735,-307050878,3.6323999999999996,0.2727272727272726
11736,11737,-307050880,15.714,3.636363636363635
11738,11739,-307050882#0,22.3668,2.5714285714285716
11740,11741,-307050882#1,0.20700000000000002,0.39569892473118284
11742,11743,-307536275#0,89.8704,88.37689393939387
11750,11751,-307562643#0,11.16,0.4146938775510201
11752,11753,-307562643#1,8.274600000000001,1.0858018386108272
11754,11755,-307562643#2,0.27,0.3266685052399339
11756,11757,-307562643#3,6.7014,1.107726269315673
11758,11759,-307685696,0.41940000000000005,0.5833333333333331
11760,11761,-307701133,3.2184,18647.56428571429
11762,11763,-307837955#2,1.1268,0.28571428571428575
11764,11765,-307837955#3,0.3852,0.2666666666666666
11766,11767,-307837955#4,0.5634,0.5000000000000001
11768,11769,-307837955#5,0.5058,0.4761904761904761
11770,11771,-307837955#6,0.6030000000000001,1.0
11772,11773,-307837955#7,0.7182000000000001,0.3333333333333333
11774,11775,-30820056,5.337,0.5128205128205127
11776,11777,-30820566,28.776600000000002,2.0
11778,11779,-30820747#1,36.7074,0.0
11784,11785,-30820919#0,0.5184,0.2631578947368421
11786,11787,-30820932#1,0.036000000000000004,0.0
11788,11789,-30821338,107.9802,112.5
11790,11791,-308849647#0,5.8229999999999995,1353.2987984876745
11792,11793,-308849647#1,7.947,1605.424429617675
11794,11795,-308883778,45.912600000000005,85.76363636363635
11796,11797,-309370389#0,3.321,0.0
11798,11799,-309370389#1,0.549,0.6666666666666666
11800,11801,-309370389#2,0.8136,0.0
11802,11803,-309370389#3,1.2276,0.5
11804,11805,-309370389#4,0.5544,2.3333333333333335
11808,11809,-309370390#1,0.0648,0.0
11810,11811,-309370390#2,1.062,0.5
11812,11813,-309370390#3,1.1322,0.25
11814,11815,-309370390#4,0.8226,0.0
11816,11817,-309370390#5,0.47340000000000004,0.5
11818,11819,-309370390#6,0.0648,0.5
11820,11821,-310200370,5.1984,3.0
11822,11823,-31021477#0,13.095,8.128790225216965
11824,11825,-31021477#1,3.4578,0.31967156122197443
11826,11827,-31021477#2,17.737199999999998,1.262187501982353
11828,11829,-31025769#2,56.3274,20.98529411764706
11830,11831,-31026158#2,24.5952,133.49407114624506
11832,11833,-31026158#3,0.8442,0.0666666666666667
11834,11835,-31026158#4,0.0648,0.2608695652173913
11836,11837,-31026158#5,1.9368,0.0
11840,11841,-31026158#7,1.017,0.5
11842,11843,-31026158#8,1.512,0.16666666666666666
11846,11847,-312301369,7.1442,0.0
11848,11849,-312301373,2.2914,0.25
11850,11851,-31342351#1,2.4498,7107.288633193864
11852,11853,-31343367#1,1.6074000000000002,1542.5538461538463
11854,11855,-31343381#0,1.6488,733.7724517906337
11856,11857,-31343450,3.9276,0.40586770742211153
11860,11861,-31355478#1,36.5958,0.0
11862,11863,-31355478#2,104.2776,24.5
11864,11865,-31355478#3,16.2774,4.333333333333334
11866,11867,-31355478#4,65.3886,36.0
11868,11869,-31355478#5,74.6226,94.2142857142857
11870,11871,-31355478#6,54.2142,0.0
11884,11885,-31355495#2,30.639599999999998,40.5
11886,11887,-31355496,60.67620000000001,86.33333333333333
11888,11889,-31355764,10.2204,0.5
11892,11893,-31355837,8.427600000000002,0.0
11894,11895,-31362504#2,2.3238,557.8027579926496
11896,11897,-31362504#4,5.6844,982.9938501406558
11898,11899,-31362504#5,2.8854,368.31913282002625
11900,11901,-31362504#6,0.7848,34.16229223248236
11902,11903,-31362504#7,10.8774,0.4743589743589742
11904,11905,-31362731#0,15.803999999999998,1.125
11906,11907,-31362731#1,19.666800000000002,4.553571428571428
11908,11909,-31362731#2,22.9122,3.0714285714285707
11910,11911,-31362731#3,3.3012,0.18181818181818182
11912,11913,-31363129#0,3.4974000000000003,3548.649242638862
11914,11915,-31363129#1,1.8414,1335.0194592974046
11918,11919,-31402308#0,0.2808,229.40924369747898
11920,11921,-31402308#1,0.1296,4.192242114237001
11922,11923,-31402308#2,4.4874,237.05858585858584
11924,11925,-31402308#3,5.7456000000000005,3.9509713228492145
11926,11927,-31403616#0,87.6456,34.66666666666668
11928,11929,-31403616#1,60.985800000000005,22.24899193548388
11930,11931,-31403616#2,63.682199999999995,30.414304993252365
11932,11933,-31403616#3,4.9248,4.343265306122448
11934,11935,-31404757,35.8578,12.3
11936,11937,-31404759#0,0.0936,0.2678062678062678
11938,11939,-31404759#1,10.1286,0.7138461538461537
11940,11941,-31404759#2,3.5766000000000004,0.27635327635327633
11942,11943,-31404759#3,5.2056,0.3733333333333333
11944,11945,-31404759#4,0.8513999999999999,0.19000000000000006
11946,11947,-31404759#5,2.1798,0.0833333333333333
11948,11949,-31404759#6,2.4534000000000002,0.181818181818182
11950,11951,-31404759#7,7.320600000000001,0.6060606060606063
11952,11953,-31404759#8,15.1506,2.9999999999999987
11954,11955,-31404760#0,15.6636,1.8771929824561393
11956,11957,-31404760#1,5.4126,0.5261437908496732
11958,11959,-31404762#0,7.4807999999999995,2.0
11960,11961,-31404762#1,19.422,2.0
11962,11963,-31404762#2,0.936,0.0
11964,11965,-31404762#3,8.928,0.3333333333333333
11966,11967,-31404762#4,0.0432,0.25
11968,11969,-31404767#0,33.4872,9.5
11970,11971,-31404767#1,2.4552,0.6666666666666665
11972,11973,-31404768,20.4786,0.0
11974,11975,-31404770#0,42.43320000000001,7.0
11976,11977,-31404770#1,12.4236,1.5833333333333333
11978,11979,-31470281,44.107200000000006,0.0
11980,11981,-314970097,2.7720000000000002,0.2592773561617912
11982,11983,-314970098#0,6.8111999999999995,0.41252194099994355
11984,11985,-314970098#1,4.3488,0.9555515540235413
11986,11987,-315215982,16.272,16870.24984197219
11988,11989,-315358242#0,9.738000000000001,24.507363178393078
11990,11991,-315358242#1,10.2942,0.9225515672444488
11992,11993,-315358242#2,11.4696,0.8868614180873248
11994,11995,-315358242#3,3.8160000000000003,0.3071739094829306
11996,11997,-315358242#4,8.8146,0.9200299850431198
11998,11999,-315358243#1,3.9240000000000004,15.584150999718071
12000,12001,-315358244,1.9368,0.9721477493214518
12002,12003,-315358245,2.7792000000000003,44.76628849930826
12004,12005,-315358246,9.251999999999999,0.7849792916849314
12006,12007,-315358247#1,7.862400000000001,84.57395393914943
12008,12009,-315358248#0,2.9034,76.90766706728479
12010,12011,-315358248#1,6.0534,120.11179125652531
12012,12013,-315358250,3.9294,12.729234608985022
12014,12015,-315358251#0,3.591,0.2907926694634577
12016,12017,-315358251#1,1.9080000000000001,1.373924742141953
12018,12019,-315358252#0,11.556000000000001,0.8802350078632684
12020,12021,-315358252#1,2.1924,1.2465726619041222
12022,12023,-315358253#0,3.2598,41.71659335628038
12024,12025,-315358253#1,8.029800000000002,56.87501703102762
12026,12027,-315358254#0,16.9542,1.8797825453173498
12028,12029,-315358255#0,8.8488,0.6540584025021047
12030,12031,-315358255#1,2.8854,0.2973640683267169
12032,12033,-315358255#2,2.7558,4.267574777229131
12034,12035,-315358255#3,8.73,10.459936940516139
12036,12037,-315358257#0,6.6654,6.551620126221148
12038,12039,-315358257#2,2.709,60.914979652276536
12040,12041,-315358258,20.4876,2.3718820861678
12042,12043,-315358276#1,11.5794,4.166666666666666
12044,12045,-315392062#0,5.860799999999999,102.46285731974811
12046,12047,-315392062#1,4.3938,55.23770270030514
12048,12049,-315392062#2,0.3618,0.23724650291145197
12050,12051,-315392062#3,6.3612,25.309872163844457
12052,12053,-315392062#4,10.962,7.608790628770136
12054,12055,-31620259,2.7845999999999997,1744.8113137235418
12056,12057,-317614084#0,0.0648,0.3333333333333333
12058,12059,-317614084#1,10.4058,0.3333333333333333
12060,12061,-31773007,10.850399999999999,1.0
12062,12063,-31860333#0,21.1284,2.9666666666666677
12064,12065,-31860333#1,45.8478,16.8
12066,12067,-31860333#2,2.8602,0.858974358974359
12068,12069,-31860333#3,9.5148,3.4666666666666663
12070,12071,-31860333#4,18.1944,2.1250000000000013
12072,12073,-318763112,2.7720000000000002,0.7666666666666667
12074,12075,-318763113,3.1536,0.8392857142857142
12076,12077,-31952420#1,68.70060000000001,33.7
12078,12079,-31959289#1,22.5198,36.756410256410255
12080,12081,-31959308#1,2.5307999999999997,5.246703296703297
12082,12083,-31959308#2,2.745,2.4203502919099256
12084,12085,-31959308#3,0.6732,0.5384615384615384
12086,12087,-31959308#4,3.2634,3.3777777777777787
12088,12089,-31959308#5,23.598,3.0714285714285694
12096,12097,-31969997#4,0.7776,0.13186813186813187
12098,12099,-31970000,1.3104,0.0
12100,12101,-31982513#0,12.515400000000001,12.840659340659341
12102,12103,-31982513#1,2.2986,0.38636363636363635
12104,12105,-31982513#2,11.9682,2.0
12106,12107,-32006927#2,6.9444,33.333333333333336
12108,12109,-32008983,0.0432,0.1661262930368997
12110,12111,-32009682,11.629800000000001,487.5357870261894
12112,12113,-32009683#0,2.0502000000000002,149.45238696754515
12114,12115,-32021365#0,13.833,1.3078122758261568
12116,12117,-32021365#1,20.124,3.057914273183357
12118,12119,-32021365#3,6.9768,3.297703585938881
12120,12121,-32021408,13.3938,104.42216410591695
12122,12123,-32061928#0,4.6026,52.03391287147625
12124,12125,-32061928#1,5.0418,0.6166715595350881
12126,12127,-32061928#2,12.1752,5.823711793133747
12128,12129,-32061928#4,8.559,8.802363130574424
12130,12131,-32061928#5,5.436,195.79911465754745
12132,12133,-32061928#6,0.3744,0.2532691190525272
12134,12135,-32061928#7,20.356199999999998,513.3405274423792
12136,12137,-32061928#8,0.7200000000000001,0.1922690893680926
12138,12139,-32061997,19.2222,1.5541698094889578
12140,12141,-32062034#3,2.7216,867.5055806938153
12142,12143,-32062034#4,6.058800000000001,337.16257939795634
12156,12157,-320733895#0,4.2552,0.0
12158,12159,-320733895#1,1.3266,0.0
12160,12161,-320733897,0.4482,0.33278438666511656
12162,12163,-320733900#0,2.6118,0.1609756097560975
12164,12165,-320733900#1,2.5686,0.3279069767441859
12166,12167,-320733900#4,0.1512,0.11545827633378947
12168,12169,-320733900#5,0.5904,0.3237440961786173
12170,12171,-320733900#6,11.6406,2.54143409188493
12172,12173,-320733900#7,25.794,4.9737807606264
12174,12175,-320733900#9,9.4068,0.48483221476510063
12176,12177,-320733901#0,0.5327999999999999,0.24290827740492157
12178,12179,-320733901#1,4.699800000000001,0.2774049217002238
12180,12181,-320733901#2,2.6694000000000004,0.16505592841163313
12182,12183,-320733903#1,4.8348,1.129657923775571
12184,12185,-320733903#2,3.087,0.2619896443425856
12186,12187,-320733903#3,11.8764,0.4643493761140817
12188,12189,-320733905#0,4.8708,0.456596035543404
12190,12191,-320733905#1,7.614000000000001,0.8055365686944629
12192,12193,-320733905#2,1.251,0.21473684210526311
12194,12195,-320733906#0,1.4778,4.3027777777777825
12196,12197,-320733906#2,1.8305999999999998,0.275
12198,12199,-320733908,6.9444,0.2666666666666667
12200,12201,-320733909#0,3.6864000000000003,0.32320280537697244
12202,12203,-320733909#1,7.111800000000001,0.6621858562244305
12204,12205,-320733909#2,3.1932,5.770894213909991
12206,12207,-320733910#0,1.2294,0.17019607843137263
12208,12209,-320733910#1,17.7408,1.9435294117647066
12210,12211,-320733910#2,27.1764,3.134056054997355
12212,12213,-320733911#0,7.0308,0.17777777777777778
12214,12215,-320733911#1,16.4196,0.9333333333333333
12216,12217,-320733911#2,3.7331999999999996,0.4999999999999999
12218,12219,-320733911#3,7.7598,0.5396078431372549
12220,12221,-320733911#4,2.7072000000000003,0.25254901960784326
12222,12223,-320733911#5,1.818,0.21960784313725493
12224,12225,-320733917#0,42.8832,0.0
12226,12227,-320733917#1,17.9838,0.0
12228,12229,-320733917#2,16.7886,0.7857142857142858
12230,12231,-32084380,8.559,0.9444444444444444
12232,12233,-32115351,6.368399999999999,0.7
12234,12235,-32115605,14.448599999999999,1.6111111111111103
12236,12237,-32124744,5.324400000000001,47.68017642832102
12238,12239,-32124745,0.0252,0.39589083820662735
12242,12243,-32140179#0,1.9062,0.22663373006961596
12244,12245,-32140179#1,14.634000000000002,1.488621223336248
12246,12247,-32140180,27.8766,3.664272652585269
12248,12249,-32140253,2.1996,14.480420052636434
12250,12251,-32140256#0,8.658,7.53787878787879
12252,12253,-32140256#1,10.972800000000001,0.8787878787878782
12254,12255,-32140444#0,0.6696,0.25455200337829464
12256,12257,-32140444#2,10.4454,0.9206948309828319
12258,12259,-32140444#3,23.8968,3.5839253996447678
12260,12261,-32140444#4,23.3532,2.997504456327986
12262,12263,-32140444#5,14.263200000000001,1.6753032044741203
12264,12265,-32141019,1.2618,0.2883124903504709
12266,12267,-32141020#0,9.072000000000001,0.0
12268,12269,-32141020#1,2.1222000000000003,0.0
12270,12271,-32199969#0,5.702400000000001,1529.9789116470727
12272,12273,-32199969#1,0.9522,57.81970501474927
12274,12275,-32199969#2,1.8,163.13092369477914
12276,12277,-32199969#3,5.301,726.508685258964
12278,12279,-32199969#4,25.6824,2336.000156847983
12280,12281,-32199969#5,11.943,297.48579135105723
12282,12283,-32199989,8.343,884.2017233735369
12284,12285,-32200003,24.4224,2431.5619047619048
12286,12287,-32200414#0,8.5536,1.6891891891891895
12288,12289,-32200415#0,3.7188,0.0
12290,12291,-32200415#1,0.6858000000000001,1.8807843137254898
12292,12293,-32200983#0,12.159,49079.65926358856
12294,12295,-32200983#1,28.548,174595.2110719874
12296,12297,-32201042,9.0612,42204.16279650437
12298,12299,-32201044#0,8.537400000000002,26810.465171593616
12300,12301,-32201044#1,2.4552,1942.2377486883784
12302,12303,-32201044#2,0.5022000000000001,565.3188219131032
12304,12305,-32201044#4,3.4704,3269.1189695506378
12306,12307,-32201172#0,3.4776,8649.322036002484
12308,12309,-32201172#1,4.9626,10431.140011750884
12310,12311,-32202011#0,0.0432,1162.8402930402929
12312,12313,-32202011#1,0.36000000000000004,242.2849141150112
12314,12315,-32202510#0,9.3474,2506.507575757576
12316,12317,-32202510#1,3.8448,0.3618951612903225
12318,12319,-32202763,4.1903999999999995,2.0
12320,12321,-32202927#0,19.836,927.7837476610523
12322,12323,-32202927#1,7.666200000000001,1122.071111111111
12324,12325,-32202927#2,20.0412,3286.25641025641
12326,12327,-32202968#0,119.4858,24099.444444444445
12328,12329,-32202968#1,58.337999999999994,22.690909090909088
12330,12331,-32203022,12.495600000000001,13.75
12332,12333,-32203204,94.824,65.8
12336,12337,-32203701#0,6.2658,0.3333333333333333
12338,12339,-32203701#1,6.4314,0.25
12340,12341,-32203701#2,8.6202,0.7
12342,12343,-32203701#3,5.396400000000001,0.33333333333333337
12344,12345,-32203701#4,9.887400000000001,2.2666666666666666
12346,12347,-32203888#0,5.7798,0.5019250253292808
12348,12349,-32203888#1,11.016,0.8700411099691674
12350,12351,-32203888#2,17.8056,1.7650455927051674
12352,12353,-32203888#3,4.118399999999999,0.26307495321579843
12354,12355,-32203959#0,15.5214,2.8996078431372543
12356,12357,-32203959#1,6.8796,0.6456984273820541
12358,12359,-32203959#3,3.744,0.31578947368421045
12360,12361,-32203959#4,27.486,2.272727272727273
12362,12363,-32203959#6,3.1572,0.23448275862068976
12364,12365,-32203959#7,12.996,1.7777777777777775
12366,12367,-32226141#0,6.6042000000000005,3.5285714285714276
12368,12369,-32229976,25.8084,0.0
12370,12371,-32234776#0,3.0708,0.5224867724867726
12372,12373,-32234776#1,5.7636,0.8940886699507385
12374,12375,-32234776#2,9.739799999999999,0.8984615384615382
12376,12377,-32253508,2.5794,740.25
12382,12383,-32274767#0,16.502399999999998,914.8588588588586
12384,12385,-32274767#1,1.4562000000000002,0.5615384615384617
12386,12387,-32274767#2,0.216,0.6909090909090909
12388,12389,-32274767#3,6.8759999999999994,0.9047619047619048
12390,12391,-32350852#0,4.7808,7063.880997965768
12392,12393,-32350852#1,4.5,270.31223722927285
12394,12395,-32350852#1.43,8.4708,1695.9521539305802
12396,12397,-32350852#3,5.4612,140.8889567192451
12398,12399,-32350901#0,0.0252,0.2096273291925467
12400,12401,-32350901#1,9.063,0.6214071592311761
12402,12403,-32350901#2,10.7964,0.9664243682935271
12404,12405,-32350901#3,3.5694000000000004,0.3901049475262366
12406,12407,-32350901#4,4.7754,0.37541229385307373
12408,12409,-32350901#5,2.9358,0.34450154162384383
12410,12411,-32350901#6,0.46440000000000003,0.24689199689199695
12412,12413,-32350901#7,6.2172,19.693386868209743
12414,12415,-32395288#1,8.035200000000001,15.92916666666667
12416,12417,-32395288#2,10.152,0.0
12418,12419,-32395288#3,8.8452,0.5
12420,12421,-32395327#1,73.593,156.85714285714292
12422,12423,-32395352#1,43.588800000000006,18.839285714285715
12424,12425,-32395361#1,25.848,10.333333333333332
12426,12427,-32395414#0,38.4012,0.0
12428,12429,-32395414#1,9.8208,8.0
12430,12431,-32395464,23.139000000000003,7.619047619047618
12432,12433,-324206932,6.3288,0.5
12434,12435,-325057234,0.0648,2.0
12438,12439,-32509968#0,9.0072,6.8611111111111125
12440,12441,-32509968#1,10.6578,90.7
12444,12445,-32509968#5,21.3606,0.0
12446,12447,-32530108#0,4.069800000000001,0.6990369024595128
12448,12449,-32530108#1,5.8788,0.758727460977944
12450,12451,-32530108#2,4.3362,0.5198820713066342
12452,12453,-32530108#3,18.284399999999998,2.2197341559678847
12454,12455,-32530108#4,10.8126,0.7535447112038979
12456,12457,-32530108#5,7.407000000000001,0.5310368823938761
12458,12459,-32530113#0,9.9396,38.620816326530615
12460,12461,-32530113#1,0.7794,0.13918367346938776
12462,12463,-32530113#2,11.1996,0.8
12464,12465,-32530113#3,12.1698,1.3000000000000003
12466,12467,-32530113#5,14.518800000000002,0.6964285714285713
12468,12469,-32530113#6,14.382000000000001,2.966666666666667
12470,12471,-32530113#7,35.74080000000001,0.0
12472,12473,-32545811,5.7078,2.0444444444444443
12476,12477,-32555307#0,7.0704,0.857142857142857
12478,12479,-32555307#1,6.1704,2.571428571428571
12480,12481,-32555329,23.1444,0.9166666666666666
12482,12483,-32597384#1,11.871,3584.9166666666665
12484,12485,-32597384#2,10.2726,2.322222222222222
12486,12487,-32597384#3,16.4232,0.5
12488,12489,-32598753,8.9316,1.3666666666666667
12490,12491,-32598755#0,0.3438,0.5849462365591396
12492,12493,-32598755#1,2.709,2.447712418300654
12494,12495,-32598755#2,18.117,5.666666666666667
12496,12497,-32598755#3,11.424600000000002,4.571428571428573
12498,12499,-32612308,23.859,28.233333333333334
12500,12501,-32636240,48.477599999999995,0.0
12502,12503,-32684155#0,61.3944,51.71969696969699
12504,12505,-32684155#1,334.755,1661.2666666666667
12506,12507,-32684156#0,1.9494,0.8495001851166233
12508,12509,-32684156#1,23.8266,18.924842650870044
12510,12511,-32684156#2,40.921200000000006,21.711267605633807
12512,12513,-32684156#3,12.762,11.404426559356143
12514,12515,-32684156#4,0.1296,4.642695612844867
12516,12517,-32684156#5,134.19,162.77615248226954
12518,12519,-32684156#6,100.6632,125.94137931034483
12520,12521,-32684157,17.5626,4.209523809523811
12522,12523,-32684165,24.3396,13.583333333333334
12524,12525,-32728752,6.705,843.4969857283464
12526,12527,-32787437#0,21.7602,7.696969696969699
12528,12529,-32787437#1,23.382,9.962499999999999
12530,12531,-32787437#2,10.4778,1.09
12532,12533,-32787437#4,13.59,2.286549707602337
12534,12535,-32875547#0,61.1388,28.957716049382718
12536,12537,-32875547#1,0.0648,0.32894736842105265
12538,12539,-32881184,0.17820000000000003,240.78044078905103
12544,12545,-329028996#0,48.5154,16.28571428571429
12546,12547,-329028996#1,18.729,2.2678571428571432
12548,12549,-329028998,57.00600000000001,15.333673122663955
12550,12551,-329028999#0,13.7574,1.938527180783819
12552,12553,-329028999#1,0.6138,0.2521718146718147
12554,12555,-329029002,65.1888,34.09333333333334
12556,12557,-329029003,5.3208,0.3706790123456789
12558,12559,-329029004,18.1962,1.5618571848369094
12562,12563,-329029040#0,23.6952,0.0
12564,12565,-329029040#1,0.0648,0.0
12568,12569,-329029045,4.9068000000000005,0.9633027522935779
12570,12571,-329029047,87.4368,65.14285714285712
12572,12573,-32903546#0,48.4992,40.5
12574,12575,-32903546#1,0.30600000000000005,0.5
12576,12577,-32903546#2,6.7626,0.0
12578,12579,-329108798#1,0.9720000000000001,0.699607843137255
12580,12581,-329108798#2,7.4628,4.054748941318813
12582,12583,-329189240,76.401,4.5
12584,12585,-329189246,45.0864,0.0
12588,12589,-329190301,89.8848,0.0
12590,12591,-329190302,8.8038,0.0
12592,12593,-32923863#0,2.9592,1835.9800226899188
12594,12595,-32923863#1,1.3302,854.9198245069605
12596,12597,-32923863#2,7.1082,6912.315196160502
12598,12599,-32923863#3,2.574,1545.020520010579
12600,12601,-32923863#4,4.7646,2826.711898485763
12602,12603,-32923863#5,2.4876,1892.4223160179802
12604,12605,-32923867#0,12.366,27.14453078068638
12606,12607,-32923867#1,13.4586,13.32698039654561
12608,12609,-32923867#2,3.357,0.7103912012301585
12610,12611,-32923867#4,3.006,49.290344500163165
12612,12613,-32924041#0,5.7581999999999995,0.3825354609929078
12614,12615,-32924041#1,0.0432,0.21099290780141838
12616,12617,-32924041#2,4.2462,0.14494680851063826
12618,12619,-32924041#3,1.3086,0.16843971631205668
12620,12621,-32937030,12.8736,1.0715407922792048
12622,12623,-32978638#0,5.7186,725.7227104608355
12624,12625,-32978638#1,15.5664,1546.1866300305253
12626,12627,-32978638#2,2.3004000000000002,374.238450516619
12630,12631,-32998243#1,175.8762,18.0
12632,12633,-32998243#2,49.1058,35.34444444444445
12634,12635,-32998243#3,74.0916,22.854545454545452
12636,12637,-32999434#0,14.1714,1592.206982699017
12638,12639,-330047631,19.3734,0.0
12640,12641,-330048410#0,21.528000000000002,4.426900584795322
12642,12643,-330048410#1,12.4308,2.2510822510822526
12644,12645,-330048411#0,9.8352,2.4625
12646,12647,-330048411#1,4.779,0.4625
12648,12649,-330048411#2,0.0648,1.114285714285714
12650,12651,-330048412,13.9266,4.5
12652,12653,-330048413#0,15.989399999999998,5.700000000000001
12654,12655,-330048413#1,1.7712,1.3611111111111112
12658,12659,-330048683#1,0.0648,0.5
12660,12661,-330048683#2,0.81,0.9166666666666666
12662,12663,-330048683#3,1.1916,0.0
12664,12665,-330048683#4,1.4868,0.3398692810457516
12666,12667,-330688182#0,0.0648,0.3333333333333333
12670,12671,-330688183#0,0.0648,0.0
12674,12675,-330690610#0,1.3698000000000001,2.0
12676,12677,-330690610#1,8.5662,2.0
12678,12679,-330690610#2,0.9162,0.0
12680,12681,-330690610#3,7.4016,0.0
12682,12683,-330690610#4,9.1872,0.5
12684,12685,-330690614#0,0.7146,0.33333333333333337
12688,12689,-330694492#0,20.356199999999998,12.0
12690,12691,-330908487,2.4372000000000003,5.69642857142857
12692,12693,-330908488,14.0544,2.5826961770623744
12694,12695,-330908490,3.2832000000000003,248.4469696969697
12696,12697,-330908491,37.022400000000005,13.0
12698,12699,-330908492#0,7.5005999999999995,1.7666666666666664
12700,12701,-330908492#1,3.4938000000000002,0.5
12702,12703,-330908494#0,5.376600000000001,1101.2871835443032
12704,12705,-330908494#1,9.485999999999999,1094.2380952380952
12706,12707,-330908495#0,3.3930000000000002,0.33333333333333326
12708,12709,-330908495#1,12.243599999999999,1.8974358974358994
12710,12711,-330908496,9.977400000000001,0.3333333333333335
12712,12713,-330908497#0,3.4902,0.0
12714,12715,-330908497#1,11.088000000000001,0.3333333333333335
12716,12717,-330908498#1,0.8603999999999999,1554.747899159664
12718,12719,-330908499#0,3.4218,0.7
12720,12721,-330908499#1,5.846400000000001,0.1666666666666667
12722,12723,-330908499#3,0.2034,0.25
12724,12725,-330908500#1,32.7294,6.37908496732026
12728,12729,-330908502,12.749400000000001,3.515721120984281
12730,12731,-330908503#0,3.4379999999999997,1.25
12732,12733,-330908503#1,0.5832,0.6598870056497176
12734,12735,-330908503#2,0.5958,0.5599999999999999
12736,12737,-330908503#3,0.3114,1.5495798319327734
12738,12739,-330908503#4,0.5796,2.9566666666666657
12740,12741,-330908503#5,1.1142,0.39999999999999997
12742,12743,-330908503#6,10.5732,1728.0
12744,12745,-330910983,3.159,0.0
12748,12749,-33102205#1,92.817,85.30000000000001
12750,12751,-33102205#2,52.29,44.8909090909091
12752,12753,-33102205#3,16.8732,3.935483870967743
12754,12755,-33102476,1.2978,0.18461585300878353
12756,12757,-33102477,4.8852,225.6010648257447
12758,12759,-33102490#0,2.3868,76.57912152482054
12760,12761,-33102490#1,6.4206,291.8002375254669
12762,12763,-332608836,2.9303999999999997,24388.0
12766,12767,-332608838#0,3.6,25062.245614035088
12768,12769,-332608838#1,1.7928,16846.796703296706
12770,12771,-33280103#0,1.2726,118.8901616923868
12772,12773,-33280103#1,11.705400000000001,952.2790896633272
12774,12775,-33280103#2,0.1278,0.41965963743988155
12776,12777,-33280103#4,3.3552000000000004,77.04724162011175
12778,12779,-33280103#5,1.0368,0.4385183509905224
12780,12781,-33280103#6,6.138000000000001,208.38764789143895
12782,12783,-33280103#7,3.6504000000000003,40.30407061346401
12784,12785,-333418281,32.7528,8.88177339901478
12786,12787,-333420165#0,3.9600000000000004,0.0
12788,12789,-333420165#1,2.3598,0.0
12792,12793,-333420168#0,0.0648,0.060483870967742014
12794,12795,-333420171#0,4.3938,0.0
12804,12805,-333420175#1,0.0648,0.0
12808,12809,-333420176#1,6.4746,0.0
12814,12815,-333420177#2,0.5472,0.5
12816,12817,-333420177#3,9.3888,1.2747126436781604
12818,12819,-333420178#0,5.585400000000001,0.0
12822,12823,-333420180#0,7.642800000000001,0.33333333333333304
12824,12825,-333420180#1,5.7294,0.3190883190883191
12828,12829,-333420183#1,38.007,12.5
12830,12831,-333420184#0,4.248,0.3333333333333335
12832,12833,-333420184#1,7.1262,0.5
12834,12835,-333421780,22.1076,2.9444444444444446
12836,12837,-333421782#0,1.2491999999999999,0.0
12838,12839,-333421782#1,0.9846000000000001,1.1999999999999997
12840,12841,-333421782#2,13.674600000000002,3.7435897435897423
12842,12843,-333421783#0,0.7938000000000001,3.790476190476189
12844,12845,-333421783#1,1.1718000000000002,2.166666666666667
12846,12847,-333421783#2,0.8964,1.2692307692307692
12848,12849,-333421783#3,13.4802,1.8611111111111114
12850,12851,-333421787,11.501999999999999,2.666666666666666
12852,12853,-333421789#0,1.5354,12.481970884658455
12854,12855,-333421789#1,0.936,10.894025604551917
12856,12857,-333421790,22.3992,9.0
12860,12861,-333421792,21.4632,8.333333333333336
12862,12863,-333421794,19.776600000000002,9.476190476190476
12864,12865,-333421795,25.1478,126.90552584670235
12866,12867,-333421796,15.371999999999998,3.523809523809524
12868,12869,-333424243#0,0.5382,8329.86111111111
12870,12871,-333424243#1,0.0648,0.0
12874,12875,-333424243#3,91.3824,54.96666666666666
12876,12877,-333428400#0,12.1734,2.0
12878,12879,-333428400#1,0.0648,3.3333333333333335
12880,12881,-333428400#3,0.24300000000000002,41.736842105263165
12882,12883,-333428401,5.2308,1.0353846153846151
12884,12885,-333428404,25.7886,6.5666666666666655
12886,12887,-333428406#0,8.4654,233.77777777777783
12888,12889,-333428406#1,13.8204,2.904761904761905
12892,12893,-333428411#0,29.5218,12.254545454545452
12894,12895,-333428411#1,1.5156,0.9053030303030307
12896,12897,-333428414,11.026800000000001,1.8424178895877013
12898,12899,-333430442,68.121,362.3333333333333
12900,12901,-333434590#0,9.142199999999999,7.5
12902,12903,-333434590#1,9.754199999999999,1.0
12904,12905,-333434590#2,0.7182000000000001,0.8
12906,12907,-333434590#3,13.2606,0.0
12908,12909,-333434591,35.443799999999996,548.4000000000001
12910,12911,-333434596#0,2.7972,0.833333333333333
12912,12913,-333434597#0,8.614799999999999,0.0
12916,12917,-333434597#3,60.060599999999994,0.0
12918,12919,-333434598,5.1984,0.0
12922,12923,-333434600#2,63.9882,0.5
12924,12925,-333434601,0.0648,205.6
12932,12933,-333438877#1,3.7710000000000004,0.0
12934,12935,-333438878#0,34.7634,8.192307692307692
12936,12937,-333438879,1.4148,0.33333333333333326
12938,12939,-333438880#0,1.7748,165.14285714285714
12940,12941,-333438880#1,64.6308,14.000000000000002
12942,12943,-333438881#0,6.6564,1.291443850267379
12944,12945,-333438884,0.9450000000000001,0.20000000000000004
12946,12947,-333438885#0,1.1268,0.26666666666666666
12948,12949,-333438885#1,0.6444,0.1666666666666667
12950,12951,-333438885#2,0.5058,0.15151515151515155
12952,12953,-333438885#3,0.6048,0.2958333333333333
12954,12955,-333438885#4,0.7092,0.2124183006535947
12956,12957,-333438885#5,0.4176,0.6451612903225805
12958,12959,-333438887,0.0648,0.19230769230769237
12960,12961,-334062994#0,38.16,4.764705882352941
12962,12963,-334062994#1,32.6646,0.0
12964,12965,-334065604,3.8789999999999996,0.26666666666666666
12968,12969,-334065609,11.3436,1.866666666666666
12970,12971,-334065611,6.138000000000001,0.0
12972,12973,-334065616,3.7782000000000004,0.5
12974,12975,-334065618,9.246599999999999,4.054545454545455
12976,12977,-334066856,9.8226,2.0000000000000004
12978,12979,-334066858#1,6.9246,12.352380952380951
12980,12981,-334066858#11,0.039599999999999996,0.20448717948717954
12982,12983,-334066858#2,27.0126,4.0
12984,12985,-334066858#3,2.6262000000000003,0.5666666666666667
12986,12987,-334066858#4,1.6740000000000002,0.7
12988,12989,-334066858#5,15.989399999999998,1.0
12990,12991,-334066858#7,0.0882,1.8986928104575165
12992,12993,-334066858#9,0.0648,0.5766129032258066
12994,12995,-334066859#0,1.728,0.2857142857142857
12996,12997,-334066859#1,2.1132,0.9166666666666667
13000,13001,-334066859#3,6.5520000000000005,0.0
13002,13003,-334066859#4,0.3726,0.2678571428571428
13004,13005,-334066860#0,5.3100000000000005,0.9230769230769228
13006,13007,-334067217#1,20.1294,0.0
13010,13011,-334656212#0,22.134600000000002,6.267857142857143
13012,13013,-335392790,10.5174,1.1024489795918369
13014,13015,-335392791,7.554600000000001,0.5542087542087542
13016,13017,-335392792,22.0104,2.2472527472527477
13028,13029,-335810252#2,0.0648,0.257142857142857
13030,13031,-335810252#3,0.0648,0.19047619047619047
13032,13033,-335810252#4,23.6808,2.7167338709677433
13034,13035,-336216577#0,7.614000000000001,0.8042328042328042
13036,13037,-336216577#1,39.9762,7.157608695652175
13042,13043,-336233945#1,0.9558000000000001,1.2000000000000002
13044,13045,-336233946,19.479599999999998,8.916666666666666
13046,13047,-336708438,15.254999999999999,0.9166666666666666
13050,13051,-336839351,10.2924,0.0
13052,13053,-337345182,28.8558,0.0
13054,13055,-337345698,50.668200000000006,63.436559139784954
13058,13059,-337345699#1,1.9818,0.0
13060,13061,-337345699#3,23.5332,17.631205673758863
13062,13063,-337346378,57.940200000000004,0.0
13064,13065,-337347380#0,30.623400000000004,0.5
13068,13069,-337347381#1,12.5676,0.0
13070,13071,-337347381#2,1.8036,1.0
13072,13073,-337347382#1,9.360000000000001,0.0
13074,13075,-337347472,13.5198,4.6000000000000005
13076,13077,-337347473#0,8.623800000000001,0.33333333333333326
13078,13079,-337347473#1,3.519,0.0
13080,13081,-337347473#2,3.3984,0.5
13082,13083,-337348718#0,15.2388,0.0
13086,13087,-337348718#2,5.0562000000000005,0.28571428571428575
13088,13089,-337348718#3,0.5706,0.8571428571428571
13090,13091,-337348722#0,8.388,0.5
13092,13093,-337348722#1,0.7992,0.2666666666666667
13096,13097,-337348724,10.8396,0.5
13100,13101,-337348726#1,2.4246,0.0
13102,13103,-337348726#2,35.1288,2.0000000000000004
13104,13105,-337348728,14.6268,0.0
13106,13107,-337351588,61.09380000000001,2.0
13110,13111,-337577541#1,17.7804,0.0
13112,13113,-337577542#0,20.9952,0.5
13116,13117,-337577548#1,25.540200000000002,4.333333333333335
13118,13119,-337577550,15.1902,3.388888888888889
13122,13123,-337577835,43.705799999999996,4.5
13126,13127,-337577948,10.366200000000001,4.5
13128,13129,-33779209,1.0475999999999999,4022.7334777898145
13132,13133,-337875143#0,9.288,0.3333333333333333
13134,13135,-337875143#1,25.0182,0.0
13136,13137,-337875143#2,8.0478,0.0
13138,13139,-337985553#1,24.730200000000004,0.5
13140,13141,-337985555#1,7.641,0.0
13142,13143,-337985774#1,73.3896,6.3333333333333375
13144,13145,-337985774#2,0.09000000000000001,1.3333333333333335
13146,13147,-337986522#1,36.8424,0.0
13148,13149,-337986523#1,33.9534,0.0
13152,13153,-33814393#1,1.4904,948.5232211154541
13154,13155,-33814393#2,11.3688,13566.981342088402
13156,13157,-33814393#3,13.352400000000001,11011.327382332487
13158,13159,-339189099,13.532399999999999,0.9666666666666671
13160,13161,-339189103#0,30.434400000000004,3.476190476190475
13162,13163,-339189103#1,58.0896,13.466666666666674
13164,13165,-339189103#3,6.2838,2.1714285714285717
13166,13167,-339417557#1,0.6822,1.174696151989821
13168,13169,-339417557#2,0.0234,0.2238606357806659
13170,13171,-339417557#3,3.6342000000000003,0.3254401942926534
13172,13173,-339417557#4,7.542000000000001,0.47309923767118695
13174,13175,-339417557#5,7.8264,0.6666034275596029
13176,13177,-339417557#6,2.7216,0.29035698600915977
13178,13179,-339417557#7,0.7434,0.26469044310637635
13180,13181,-339417557#8,5.9958,0.41675047059126863
13182,13183,-339418351,38.8098,5.388888888888889
13186,13187,-34015253#1,52.099199999999996,23.620553359683797
13224,13225,-34026117#2,31.1058,0.0
13260,13261,-34026288#0,60.102000000000004,22.966666666666672
13268,13269,-34026352#10,22.0698,0.0
13270,13271,-34026352#11,4.2966,0.0
13272,13273,-34026352#2,18.0522,4.5
13274,13275,-34026352#3,12.8574,1.5714285714285705
13276,13277,-34026352#4,31.895999999999997,7.57142857142857
13278,13279,-34026352#5,23.003999999999998,2.944444444444444
13280,13281,-34026352#6,73.28160000000001,23.333333333333346
13284,13285,-34026352#8,5.6484,0.0
13286,13287,-34026352#9,7.599600000000001,0.0
13288,13289,-34026368,38.223,9.5
13294,13295,-34027770,29.8044,0.5
13298,13299,-342059249#0,1.5804,0.6001564945226917
13300,13301,-342059249#1,5.9148000000000005,1.4753055748782675
13302,13303,-342059249#2,7.0506,0.652758865248227
13304,13305,-342059249#3,14.9508,1.5958865248226939
13306,13307,-342059249#4,3.483,1.2069429527301458
13308,13309,-342059249#5,12.672,1.1558050039396608
13310,13311,-342059250#0,16.317,1.312688275695866
13312,13313,-342059250#1,14.2326,0.6684071708773476
13314,13315,-34230893,36.4086,10.3
13316,13317,-344545840,126.59580000000001,64.43382352941182
13318,13319,-344545841,54.3888,10.290909090909093
13320,13321,-344545842#0,5.724,2.286549707602339
13322,13323,-346571109,146.6424,424.3333333333333
13324,13325,-34880352#1,14.500799999999998,203.1721014492754
13326,13327,-34880352#2,0.25200000000000006,0.8097826086956522
13328,13329,-34880352#3,1.3266,0.38333333333333347
13330,13331,-34880352#4,8.6544,1.1176470588235308
13332,13333,-34880352#6,16.977600000000002,2.618181818181818
13334,13335,-34880352#7,15.5322,3.955555555555555
13336,13337,-34880352#8,7.929,1.2857142857142856
13338,13339,-35064464#0,41.6664,5.399999999999998
13340,13341,-35064464#1,10.0494,0.7857142857142857
13342,13343,-35064464#2,15.939000000000002,5.199999999999999
13344,13345,-35064464#3,9.5634,3.0
13346,13347,-35064465,31.221,4.444444444444452
13348,13349,-35073467#0,9.325800000000001,2.4426877470355737
13350,13351,-35073467#1,15.012,2.970588235294118
13352,13353,-35073467#3,24.487199999999998,4.0
13354,13355,-35073467#4,5.434200000000001,0.0
13356,13357,-35073468#0,58.035599999999995,32.95470383275262
13358,13359,-35073468#1,10.9278,1.4338461538461533
13360,13361,-35073468#2,10.4112,1.0142857142857142
13362,13363,-35342077#1,5.668200000000001,0.0
13366,13367,-35342077#3,5.085000000000001,0.0
13368,13369,-35342077#4,14.675400000000002,2.3
13370,13371,-35342077#5,7.446599999999999,0.6246218995765278
13372,13373,-35342077#6,14.5512,1.099841772151899
13374,13375,-35342077#7,4.759200000000001,25.615926783084376
13376,13377,-35342079#1,1.6272,2280.171603677221
13378,13379,-35342079#2,5.1696,3462.5581395348822
13380,13381,-35342079#3,0.7128000000000001,0.31138975966562166
13382,13383,-35342079#4,3.6342000000000003,179.2847368421052
13384,13385,-35342079#5,15.832799999999999,248.4005263157895
13386,13387,-35342080#0,2.6622000000000003,0.5
13388,13389,-35342080#1,2.1168,0.1666666666666666
13390,13391,-35342080#2,1.9836000000000003,0.5
13392,13393,-35342080#3,0.1458,0.38999999999999996
13394,13395,-35342080#4,6.3936,0.37651821862348184
13396,13397,-35342080#5,7.8876,0.33444075304540416
13398,13399,-35342080#6,14.5854,0.0
13400,13401,-35342080#7,5.967,0.3523809523809526
13402,13403,-35342080#8,3.3894,25.706153846153843
13404,13405,-35342844#0,0.16920000000000002,0.0
13410,13411,-35342845#1,7.374600000000001,4.25
13414,13415,-35342846#0,3.7296,1.0968660968660973
13416,13417,-35342846#1,17.708399999999997,6.696428571428571
13418,13419,-35342846#2,14.745600000000001,4.333333333333334
13422,13423,-35342846#4,26.1234,2.299999999999999
13424,13425,-35342847#1,9.010800000000001,86.47659939888365
13426,13427,-35342847#2,3.5982000000000003,0.4916528468767277
13428,13429,-35342847#4,0.387,0.0
13430,13431,-35342847#5,0.15300000000000002,0.4727272727272728
13432,13433,-35342847#6,2.0646,0.9444444444444445
13434,13435,-35342847#7,0.099,0.33333333333333337
13436,13437,-35342847#9,0.0252,0.3333333333333333
13438,13439,-35342848#0,0.36719999999999997,0.0
13442,13443,-35342848#2,0.7632,0.0
13444,13445,-35417465#1,14.457600000000001,1.5852702056432342
13446,13447,-35417465#2,30.4956,3.3114427860696516
13448,13449,-35417465#3,13.985999999999999,2.1346031746031744
13450,13451,-35417465#4,3.6251999999999995,2.1176470588235294
13452,13453,-35417466#0,192.38580000000002,235.35533199195172
13454,13455,-35417466#1,71.1162,14.250000000000004
13456,13457,-35417467,24.7896,3.866666666666665
13460,13461,-35468001#0,141.957,163.3121693121693
13462,13463,-35468001#1,5.9634,2.0626780626780628
13464,13465,-35468001#2,63.288,29.1247311827957
13466,13467,-35468001#3,123.7212,130.2103386809269
13468,13469,-354967514#0,2.4876,43.57668421363933
13470,13471,-354967514#0.24,9.7452,338.0593618600049
13472,13473,-354967514#1,1.1196,22.695379638054813
13474,13475,-354967514#2,0.5670000000000001,14.793932087602983
13494,13495,-35588519#0,20.682000000000002,2.8444444444444437
13496,13497,-35588519#1,7.268400000000001,0.44444444444444436
13498,13499,-35588519#2,24.6816,0.0
13502,13503,-35588522#0,3.717,0.0
13504,13505,-35588522#1,27.324,0.5
13512,13513,-35589036#0,303.95700000000005,0.0
13514,13515,-35589036#1,52.5402,4.000000000000001
13516,13517,-35681685#0,13.4478,2.285714285714285
13518,13519,-35681685#1,0.9936000000000001,1.1428571428571428
13520,13521,-35681685#2,1.1484,45.05658263305321
13522,13523,-35681687,13.374,1.0277777777777781
13524,13525,-35681724,13.464,2.333333333333334
13526,13527,-35681725,13.118400000000001,0.9047619047619047
13528,13529,-35743273,65.2032,1.3000000000000007
13530,13531,-35743389#0,18.939600000000002,28.85263157894736
13532,13533,-35743389#1,3.8142000000000005,1.2526315789473683
13534,13535,-35743389#3,14.333400000000001,0.3333333333333335
13536,13537,-35743403,8.118,2.0
13538,13539,-35743405,6.3522,2.25
13540,13541,-35744086#0,15.033600000000002,2.1133516298329216
13542,13543,-35779587,12.5316,1.218461538461539
13544,13545,-35779588#0,11.0592,3.5333333333333306
13546,13547,-35779588#1,8.1558,2.2651515151515147
13548,13549,-35779588#2,17.2314,1.1
13550,13551,-35818251,24.345000000000002,0.0
13568,13569,-35894310#7,20.6388,0.0
13570,13571,-35894310#8,8.8812,0.0
13572,13573,-35894310#9,9.4572,0.0
13574,13575,-35921580#1,7.0308,0.7666666666666669
13576,13577,-35926298,3.5928,0.3333333333333333
13578,13579,-35926528#0,2.2572,0.4064459479443951
13580,13581,-35926528#1,5.2164,0.4846080898712472
13582,13583,-35927185,8.7732,1.766666666666667
13584,13585,-35960027,9.81,2.0
13586,13587,-35960028#0,10.269,1.0
13588,13589,-35960028#1,6.1542,0.0
13594,13595,-361440256,46.6524,0.0
13596,13597,-361492963,25.5924,15635.333333333334
13598,13599,-36291830#0,1.1862000000000001,262.8864155818342
13600,13601,-36291830#1,3.9906,696.0687504237574
13602,13603,-36548854#0,55.470600000000005,104.2678571428571
13606,13607,-36550449,10.3968,0.9444444444444444
13610,13611,-36689751#0,4.3452,656.2800488656668
13612,13613,-36689751#1,16.0362,931.6945512878123
13614,13615,-36788200#0,1.1880000000000002,1507.6483516483515
13616,13617,-36788200#1,5.4036,188.2045454545454
13618,13619,-36788200#2,1.5048,0.4909090909090909
13620,13621,-36788201#0,20.8134,0.966666666666667
13622,13623,-36788202,9.783,2.25
13624,13625,-36788203#0,20.246399999999998,5.583333333333335
13626,13627,-36788203#1,4.8204,9396.992424242424
13628,13629,-36789282#1,15.2712,2.966666666666666
13632,13633,-36789284#1,0.8118000000000001,104.74461538461539
13636,13637,-36789284#4,2.0267999999999997,147.4
13638,13639,-36789285,8.1576,0.5
13640,13641,-36792010#0,7.353,0.4304993252361673
13642,13643,-36792010#1,17.541,1.680487804878048
13644,13645,-36792010#2,13.1688,1.397408778424114
13646,13647,-36792012,45.414,0.5
13648,13649,-36792014,32.140800000000006,5.699999999999999
13650,13651,-36792015#0,30.722400000000004,7.619047619047616
13652,13653,-36792015#1,7.7508,0.0
13654,13655,-36792017#1,14.9796,5.332907075873829
13656,13657,-36792017#2,12.753,2.245614035087719
13658,13659,-36792017#3,12.6432,1.7551020408163274
13660,13661,-36792018,18.4356,6.0
13662,13663,-36792019,20.6658,1.5000000000000009
13664,13665,-36792021#0,3.0618000000000003,0.33333333333333326
13666,13667,-36792021#1,8.8938,0.8505747126436783
13668,13669,-36792021#2,4.6962,0.3190883190883192
13670,13671,-36792021#3,25.4358,3.0
13672,13673,-36793495#1,5.0544,244.9666666666667
13678,13679,-36793495#4,0.6678000000000001,5.3
13680,13681,-36793495#5,0.7254,4.333333333333334
13682,13683,-36793495#6,0.2178,3.0
13684,13685,-36793495#7,0.2952,0.9166666666666666
13686,13687,-36793495#8,0.0648,1.5833333333333333
13688,13689,-36793497#0,21.9132,0.2999999999999998
13694,13695,-36793498#1,20.2986,0.0
13696,13697,-36793500#0,18.8766,6.333333333333334
13698,13699,-36793500#1,18.1944,0.5
13712,13713,-36793503#2,5.1048,0.0
13714,13715,-36793503#3,0.6822,0.0
13716,13717,-36793503#4,0.4572,2.0
13718,13719,-36793503#5,0.6642,0.30000000000000004
13720,13721,-36793503#6,0.49500000000000005,0.19999999999999996
13722,13723,-36793503#7,21.3318,6.700000000000001
13726,13727,-36793509#1,12.636,502.2777777777778
13728,13729,-36793511#0,2.043,0.5
13730,13731,-36793511#1,40.464,2.0
13732,13733,-36793511#2,10.1034,1.2
13734,13735,-36793512,20.7072,3.0
13738,13739,-36962701#0,11.2932,0.4999999999999999
13740,13741,-36962701#1,1.4256000000000002,0.2909090909090909
13742,13743,-37192503#0,14.9868,1.5833333333333333
13744,13745,-37192503#1,200.8422,176.67777777777775
13746,13747,-37192504,12.8088,0.0
13748,13749,-37192505#1,4.599,0.35714285714285715
13750,13751,-37192505#2,35.937,5.3300492610837455
13752,13753,-37192506#0,15.960600000000001,2.3636363636363638
13754,13755,-37192506#1,2.565,0.9444444444444444
13756,13757,-37192506#2,4.3073999999999995,0.3333333333333335
13760,13761,-37192507#1,9.1854,0.0
13762,13763,-37192508#0,9.0774,32.930232558139544
13764,13765,-37192508#1,5.8212,0.34390243902439016
13766,13767,-37192511#0,13.6854,10.916666666666666
13768,13769,-37192511#1,10.188,0.0
13772,13773,-37193852#0,8.454600000000001,1.211111111111111
13774,13775,-37193852#1,7.770600000000001,0.7857142857142857
13776,13777,-37193852#2,12.726,0.5666666666666668
13778,13779,-37193852#3,10.7964,1.2999999999999998
13780,13781,-37193852#4,8.109,0.9166666666666666
13782,13783,-37193853,10.774799999999999,0.0
13784,13785,-37193854,23.479200000000002,0.5
13786,13787,-37193855#0,10.620000000000001,2.08974358974359
13788,13789,-37193855#1,1.4687999999999999,1.4666666666666668
13790,13791,-37193855#2,13.4856,0.9166666666666665
13792,13793,-37193855#3,13.1724,3.0
13794,13795,-37193856,23.985,3.2380952380952372
13796,13797,-37193857#0,72.1044,98.0
13798,13799,-37193857#1,52.6914,9.666666666666664
13800,13801,-37193858#0,18.142200000000003,1.333333333333333
13806,13807,-37193858#3,9.806400000000002,2.0
13808,13809,-37193859#0,37.77120000000001,3.2
13810,13811,-37193859#1,12.754800000000001,0.0
13812,13813,-37193859#11,10.8198,0.9189189189189189
13814,13815,-37193859#12,13.8978,2.142857142857143
13816,13817,-37193859#13,10.533600000000002,3.619047619047619
13818,13819,-37193859#2,0.3492,0.27272727272727276
13820,13821,-37193859#3,14.0418,1.1111111111111112
13822,13823,-37193859#4,7.9218,0.619047619047619
13824,13825,-37193859#5,3.2112000000000003,0.11111111111111116
13826,13827,-37193859#6,7.416,0.9444444444444441
13828,13829,-37193859#8,6.8364,0.446969696969697
13830,13831,-37193859#9,9.2178,0.42307692307692313
13832,13833,-37193860,31.732200000000002,0.0
13834,13835,-37193861#0,4.5126,0.6599999999999998
13836,13837,-37193861#1,7.608600000000001,1.5294117647058827
13838,13839,-37193861#2,12.8358,2.2777777777777777
13840,13841,-37193862#0,24.355800000000002,2.267857142857142
13842,13843,-37193862#1,17.64,4.333333333333334
13844,13845,-37193863#0,11.745000000000001,1.2678571428571435
13846,13847,-37193863#1,26.3664,0.5
13848,13849,-37193864,97.5942,20.916666666666675
13850,13851,-37193865,21.231,0.9166666666666662
13856,13857,-37255717#0,0.3366,34.494535519125684
13858,13859,-37255717#1,4.1526,96.28148148148145
13860,13861,-37255717#2,12.1392,14.223333333333336
13862,13863,-37255717#4,5.6358,0.19999999999999996
13864,13865,-37255717#5,3.5784000000000002,0.20000000000000007
13870,13871,-37255726#0,6.5358,3.2741935483870974
13872,13873,-37255726#2,3.2328,0.4484126984126985
13874,13875,-37255726#3,4.2156,0.8817733990147786
13876,13877,-37255726#4,3.942,1.1136363636363635
13878,13879,-37255726#5,30.4164,3.0
13888,13889,-37255738#0,12.2094,0.5
13894,13895,-37255739#1,6.0047999999999995,0.0
13896,13897,-37255739#2,5.4395999999999995,0.0
13898,13899,-37255739#3,7.29,0.0
13904,13905,-37256211,40.7556,18.4469696969697
13906,13907,-37282688#0,2.3112,4365.7560757127285
13908,13909,-37282688#1,1.2096,2686.8655306608234
13910,13911,-37282688#2,11.122200000000001,12112.06923847696
13912,13913,-37282688#3,4.9248,6239.688219625359
13914,13915,-37282688#4,1.6092,4745.6715512137325
13916,13917,-37282688#5,3.6702000000000004,4988.006007067137
13918,13919,-37386279#0,3.2994,0.4
13920,13921,-37386279#1,12.564000000000002,1.1333333333333335
13922,13923,-37451605,12.3984,2.0
13924,13925,-37480269,20.0124,3.0164835164835164
13926,13927,-376277111,25.1964,1.5833333333333328
13928,13929,-376277112#1,4.3668000000000005,1.3333333333333333
13930,13931,-376285856#0,68.3748,13.5
13932,13933,-376285856#1,33.985800000000005,2.333333333333335
13934,13935,-376285856#2,30.6774,0.0
13936,13937,-376285856#3,67.8114,0.0
13938,13939,-376285856#4,0.6354,2.0
13940,13941,-376285856#5,31.6746,162.0
13942,13943,-376285856#6,14.646600000000001,21.066666666666666
13944,13945,-376285856#7,0.1296,0.1111111111111111
13946,13947,-37649447#0,2.3508,1467.7737747484587
13948,13949,-37649447#1,6.1344,160.49984177215194
13950,13951,-37649447#2,3.4146,380.94346635367765
13952,13953,-37649447#3,9.9468,0.7664864864864864
13954,13955,-37681424#0,43.2198,21.866666666666664
13956,13957,-37681424#1,37.6722,23.102564102564106
13958,13959,-37681425#1,3.6792000000000002,0.23809523809523803
13960,13961,-37681425#2,0.4356,0.0
13962,13963,-37681425#3,5.004,0.6666666666666667
13964,13965,-37681425#4,5.2704,0.9166666666666666
13966,13967,-37681425#5,0.4068,0.21818181818181817
13968,13969,-37681425#6,7.7256,0.4175824175824176
13970,13971,-37681425#7,8.0046,0.5934065934065936
13972,13973,-37681592#0,12.5442,0.5535714285714286
13974,13975,-37681592#2,27.927000000000003,1.1428571428571423
13976,13977,-37681592#3,1.251,0.25
13978,13979,-37681592#4,18.309600000000003,5.333333333333332
13980,13981,-37681592#5,13.1742,0.8380952380952383
13982,13983,-37681592#6,4.338,0.6624999999999998
13984,13985,-37681592#7,1.4418000000000002,0.0
13986,13987,-37681592#8,3.7638000000000003,0.26666666666666666
13988,13989,-37714408#0,0.036000000000000004,0.2777777777777778
13994,13995,-37715612#0,26.5338,9.333333333333334
13996,13997,-37715612#1,19.256400000000003,3.7777777777777777
13998,13999,-37715612#2,0.0648,0.4678362573099416
14000,14001,-37715613#0,6.0534,0.5
14002,14003,-37715613#1,14.193,1.5833333333333333
14004,14005,-37715613#2,12.9042,1.0277777777777777
14006,14007,-37715614#0,18.9648,0.916666666666667
14008,14009,-37715614#1,16.9218,2.265151515151515
14010,14011,-377208351#0,3.6288,2.333333333333333
14012,14013,-37724354,74.5902,32.9676113360324
14014,14015,-379510292,3.8592000000000004,0.4888888888888888
14016,14017,-379520414#0,0.3312,0.2909090909090909
14018,14019,-379520414#1,3.6630000000000003,0.36111111111111116
14020,14021,-379721535,5.1732000000000005,0.17777777777777784
14022,14023,-379723622#0,0.0648,0.33333333333333337
14024,14025,-379723622#1,11.5632,0.33333333333333326
14026,14027,-379723623#0,8.245800000000001,0.5989448751076659
14028,14029,-379723623#2,4.4118,0.232133726647001
14030,14031,-379723624#1,5.0094,37.27582118080137
14032,14033,-379795383,6.6744,0.23714285714285716
14034,14035,-379795384,8.028,0.2551020408163267
14036,14037,-379797627,13.6296,0.0
14038,14039,-380058449,10.4886,2.3333333333333335
14040,14041,-380273346,8.7408,3338.142857142857
14042,14043,-380273350,14.8734,12947.874390243898
14044,14045,-380273351#1,15.336,119519.13665667165
14046,14047,-380273351#2,4.5576,5567.690721649486
14054,14055,-381247993,0.0252,0.26703293431004704
14056,14057,-381247994,0.9828000000000001,0.07764874039664105
14060,14061,-38305646#0,9.7668,3.455840455840458
14062,14063,-38305646#2,5.0184,0.6609686609686611
14064,14065,-38305646#3,10.728,9.458064516129033
14066,14067,-38434492#0,12.852,1.2889155354117627
14068,14069,-38434492#1,6.8508000000000004,1.0917053813395265
14070,14071,-38434492#2,0.324,0.7992834198171486
14072,14073,-38434492#4,19.1826,2.641699132839009
14074,14075,-38434492#5,0.6966,0.34066507281025843
14076,14077,-38434492#7,7.7418000000000005,0.9836358758830366
14078,14079,-38434492#8,20.0988,2.0196999136442155
14080,14081,-38434577,6.6726,0.4582793609671847
14082,14083,-38434578,24.5736,2.968477312390926
14084,14085,-38435025,6.2262,0.3084390079676802
14086,14087,-38573373#0,39.4146,7.872727272727273
14088,14089,-38573373#1,13.735800000000001,1.6555555555555554
14090,14091,-38573374,19.0134,1.9
14092,14093,-38573375#0,14.625,2.2499999999999996
14094,14095,-38573375#1,19.2726,1.9743589743589745
14096,14097,-38573376#0,18.0972,0.5
14098,14099,-38573376#1,5.8626000000000005,1.3888888888888884
14100,14101,-38573377#0,18.7146,3.7
14102,14103,-38573377#1,29.460600000000003,0.0
14104,14105,-38573380,23.5152,2.9166666666666674
14106,14107,-389552421#1,7.392600000000001,155.79840147202583
14108,14109,-389552421#2,4.505400000000001,6.980478975215815
14110,14111,-389552421#3,21.2112,2.4885285492496125
14112,14113,-389552421#4,3.2706,0.23143594291703612
14114,14115,-389552421#5,0.5796,0.24074516360162407
14116,14117,-389565213#0,22.5234,4.4107142857142865
14118,14119,-389831363,1.7369999999999999,90.94860719763165
14120,14121,-389831364#1,5.463,41747.75474728388
14122,14123,-389831364#1.38,5.634,37154.671131685194
14124,14125,-389840420#0,8.7264,97.83130377579936
14126,14127,-389840420#1,4.6062,62.16348773841959
14128,14129,-389840420#2,11.826,45.241182241436654
14130,14131,-389840420#3,9.6174,19.192527660133294
14132,14133,-389840423#0,32.8194,142454.75398225055
14134,14135,-389840423#2,13.1058,1427.9413580246917
14136,14137,-390068133#0,0.0468,0.2834866053578569
14138,14139,-390068133#1,8.8308,1.2760108051585917
14140,14141,-390068133#2,5.425199999999999,0.5426542349250613
14142,14143,-390068133#3,5.6808000000000005,0.5680770842061167
14144,14145,-390282481,3.6251999999999995,3033.6238157805733
14146,14147,-390565276#0,1.143,0.25793650793650785
14148,14149,-390565276#1,0.45180000000000003,0.3532763532763532
14150,14151,-390832775#0,7.083,0.35459642441552935
14152,14153,-390832776#1,5.8626000000000005,0.0
14154,14155,-390832777#0,11.961,0.571428571428571
14156,14157,-390832777#1,44.461800000000004,8.0
14158,14159,-390835794#0,3.195,139.84305628348037
14160,14161,-390835794#1,4.388400000000001,157.49114859912152
14162,14163,-390835794#2,6.939,113.99424634070397
14164,14165,-390842191#0,0.0756,6.998850574712645
14166,14167,-390842191#1,2.0016000000000003,7.357471264367815
14168,14169,-390842192#0,0.9378000000000001,0.2477633024642914
14170,14171,-390842192#1,0.747,0.23664521529848787
14172,14173,-390842192#2,0.5292,0.08998734577665297
14174,14175,-390842192#3,1.08,1.439897711694612
14176,14177,-390842192#4,5.148,4.838179988346842
14178,14179,-391029004#0,11.2842,1.9697558993411348
14180,14181,-391029004#1,15.060600000000003,1.869060315203222
14182,14183,-391029004#2,9.2538,0.9160044293903069
14184,14185,-391029007,4.7286,44.84796747967479
14186,14187,-391029010,8.433,2.8022191718142317
14188,14189,-391029011#0,10.386,1.6725254394079547
14190,14191,-391029011#1,15.724800000000002,1.7442932396839324
14192,14193,-391029011#2,11.4894,0.6666666666666667
14194,14195,-391029011#3,3.1248,0.2678571428571428
14196,14197,-391029012#0,3.9906,0.5535714285714286
14198,14199,-391029012#1,1.7424,0.4444444444444445
14200,14201,-391029012#2,13.3938,2.5714285714285703
14202,14203,-391029012#3,6.5556,1.1636363636363636
14204,14205,-391029012#4,13.8726,1.6633986928104578
14206,14207,-391029012#5,13.0104,3.031746031746032
14208,14209,-391029012#6,4.134600000000001,0.7670454545454545
14210,14211,-391029013,20.1006,2.385964912280701
14212,14213,-391029014#0,10.3482,0.9898989898989901
14214,14215,-391208987#0,0.7884,0.16734680658116338
14216,14217,-391208987#1,11.3526,1.626485568760614
14218,14219,-391208988,5.187600000000001,1152.7894805477072
14220,14221,-391208991,2.1546000000000003,0.2353846153846153
14222,14223,-391208992#0,40.104000000000006,8.785714285714285
14224,14225,-391208992#1,23.7546,6.24725274725275
14226,14227,-391208993#0,28.4148,4.7006919316955535
14228,14229,-391208993#1,19.4112,2.2149122807017543
14230,14231,-391208993#2,4.2822000000000005,0.6058897243107767
14232,14233,-391208993#3,7.954199999999999,0.5492753623188403
14234,14235,-391208993#4,8.8146,0.5975510204081631
14236,14237,-391208993#5,3.825,4.4060606060606045
14238,14239,-391344206#0,32.8014,0.5
14240,14241,-391344206#1,28.7802,2.5
14242,14243,-391344206#3,1.9224,2.0
14244,14245,-391344206#4,0.8388000000000001,4.5
14246,14247,-391344206#5,0.18180000000000002,0.5
14248,14249,-391344206#7,0.0324,0.0
14250,14251,-391344207,9.288,0.7000000000000001
14252,14253,-391344216,3.8232000000000004,1.3777777777777775
14254,14255,-391606911#0,26.553600000000003,3.402506584324768
14256,14257,-391606911#1,6.5286,0.4788474744177149
14258,14259,-391606911#2,17.487000000000002,1.404606583701324
14260,14261,-391606911#3,1.881,0.23707345061314183
14262,14263,-391606911#4,2.8205999999999998,0.3801109704327103
14264,14265,-391606922,3.249,5585.852654067171
14266,14267,-391885896#0,5.8788,13.802197802197803
14268,14269,-39227066#0,28.6902,4.5
14270,14271,-39227066#1,32.6916,2.0
14272,14273,-39227661#0,26.208000000000002,24.587871159190264
14274,14275,-39227661#1,8.01,0.7924831621158072
14276,14277,-39227661#2,2.1654,0.2689387171699123
14278,14279,-39236841#1,20.7288,35189.666666666664
14280,14281,-39236841#4,26.838,82293.93877192978
14284,14285,-39265640#0,39.4956,30.916666666666668
14286,14287,-39301798#0,9.9288,6.333333333333333
14288,14289,-39301798#1,73.1556,12.666666666666666
14290,14291,-393420106#0,1.1808,0.047078237235488256
14292,14293,-393420106#1,19.7784,2.077363618714812
14294,14295,-393420112#0,5.895,0.5126262626262627
14296,14297,-393420112#1,11.0484,0.8965656565656569
14298,14299,-393420112#2,5.9058,0.43747474747474774
14300,14301,-393420112#4,0.6876,0.2094537815126051
14302,14303,-393420116#1,5.3225999999999996,245.20000000000005
14304,14305,-393420116#3,12.803400000000002,1.322751322751323
14306,14307,-393420116#4,3.3876,0.5436507936507935
14308,14309,-393420116#5,0.1962,0.14761904761904762
14310,14311,-393420116#6,14.893199999999998,2.143790849673202
14312,14313,-393420116#7,3.8358,0.27272727272727254
14314,14315,-39345679#1,0.4122,59.44588744588743
14316,14317,-39345679#2,2.097,96.49999999999997
14318,14319,-39345680,109.7424,29.599999999999987
14320,14321,-39443315#0,30.581999999999997,295927.9898305084
14322,14323,-39443315#1,48.5784,29670.96926478718
14324,14325,-39443316#0,12.1752,113.03805496828754
14326,14327,-39443316#2,1.2528,2678.3235444330953
14328,14329,-39444328#0,4.2804,8112.333333333332
14330,14331,-39444328#2,4.4748,1.0000000000000002
14332,14333,-39444740#1,2.8818,418.8107817869415
14334,14335,-39444740#2,6.057,1145.852192982456
14336,14337,-39444746#0,20.0466,24.666666666666664
14338,14339,-39444746#1,19.5606,4.916666666666667
14340,14341,-39444746#2,46.0494,24.5
14342,14343,-39444746#3,20.8044,27.666666666666675
14344,14345,-39444746#4,9.1692,6.456666666666667
14346,14347,-39444747,25.5726,6.266666666666669
14348,14349,-39444748,2.4012000000000002,0.5073529411764706
14350,14351,-39445512#1,6.9750000000000005,0.9888888888888889
14352,14353,-39445513,9.901800000000001,3.0
14354,14355,-39445515,17.5896,4.25
14358,14359,-39445786#0,3.6468,0.25
14360,14361,-39445786#1,0.0252,0.0
14364,14365,-39445788#0,5.931,7.730994152046782
14366,14367,-39445788#1,27.104400000000002,8.307692307692308
14368,14369,-39445788#2,34.614000000000004,0.33333333333333304
14370,14371,-39445789,19.6632,2.5
14372,14373,-39445983,35.0118,0.5
14374,14375,-39445984#0,19.2366,0.0
14376,14377,-39445984#1,71.1324,2.0
14378,14379,-39445985,95.7492,50.0
14382,14383,-39530043,9.579600000000001,53.8
14384,14385,-39530044#0,8.1558,73.70840895341802
14386,14387,-39530044#1,0.0648,0.42118644067796607
14388,14389,-39530044#2,8.2386,22.718518518518508
14390,14391,-39530044#3,2.9016,0.6175084175084172
14392,14393,-39530044#4,0.0648,0.9329573934837093
14394,14395,-39530044#5,40.005,41.92597402597401
14396,14397,-39530419,10.738800000000001,1.6666666666666667
14398,14399,-39577340,32.9076,0.0
14400,14401,-39577538,10.850399999999999,1.333333333333334
14402,14403,-39577540,1.4364000000000001,0.33333333333333337
14404,14405,-39603434,7.5654,3.426537076644019
14406,14407,-39603435#0,1.6560000000000001,0.2946236559139785
14408,14409,-396370763#0,4.3254,0.26666666666666655
14410,14411,-396370763#1,2.9339999999999997,0.0
14412,14413,-396370764#0,15.109200000000001,2.3333333333333326
14414,14415,-396370764#1,0.37979999999999997,0.0
14416,14417,-396370768,45.7254,4.666666666666667
14418,14419,-396370770#0,2.2788,0.25
14420,14421,-396370770#1,2.8134,0.7
14424,14425,-396370773#1,0.0648,0.6222222222222222
14426,14427,-396370774#0,5.9076,0.33006535947712423
14428,14429,-396370774#1,1.1394,0.11764705882352944
14430,14431,-396370774#2,4.7556,0.3447368421052632
14432,14433,-39649533,3.7278000000000002,11.386410000766933
14434,14435,-39698490,19.9962,6.362500000000002
14436,14437,-39704293#0,0.0252,1.7213722871348502
14438,14439,-39704293#1,39.5658,23.382931672108924
14440,14441,-39704293#2,4.347,0.2858987382050937
14442,14443,-39704293#3,9.9882,0.6105276584888809
14444,14445,-39704293#4,1.9224,0.21222245391987055
14446,14447,-397584419,79.6374,25.900000000000006
14448,14449,-397587871#0,35.802,0.3333333333333339
14450,14451,-397587871#1,0.5868,0.3
14452,14453,-397587871#2,88.2684,35.904761904761905
14454,14455,-397587872#0,18.8874,5.200000000000001
14456,14457,-397587872#1,41.31,1.0
14458,14459,-397588242,7.248600000000001,0.0
14460,14461,-397588245,7.264799999999999,0.0
14462,14463,-397588246,7.714799999999999,0.33333333333333326
14464,14465,-397588247#2,35.436600000000006,5.583333333333332
14466,14467,-39857771,162.78300000000002,156.89247311827953
14468,14469,-39857772#0,69.06960000000001,31.14247078141602
14470,14471,-39857772#1,34.1586,11.033172450777608
14474,14475,-39860602,1.3698000000000001,448.3882965868343
14476,14477,-39860603,7.3187999999999995,2239.6743129983874
14478,14479,-39860604#0,9.414000000000001,7054.204545454545
14480,14481,-39860607,32.643,6.409523809523809
14482,14483,-39861421,7.7058,9.0
14484,14485,-39861704#0,16.457400000000003,1.0003518397042157
14486,14487,-39861704#1,4.5972,0.9100125231081163
14488,14489,-39861707,2.4480000000000004,20.096598255032433
14490,14491,-39861708#0,1.8288,0.6850817257883611
14492,14493,-39861708#1,9.1008,0.6839738491255369
14494,14495,-39863083#0,22.753800000000002,2.969696969696969
14496,14497,-39863083#2,3.0312,0.6545454545454545
14498,14499,-39863083#3,4.7034,0.3333333333333333
14500,14501,-39863083#4,2.3058,0.0
14504,14505,-39863083#6,8.688600000000001,0.5
14506,14507,-39863083#7,6.9318,0.5
14508,14509,-39863083#8,4.3416,0.3333333333333333
14510,14511,-39863084#0,7.8354,1.361111111111111
14512,14513,-39863084#1,8.7804,1.0
14514,14515,-39863084#2,3.222,0.23809523809523805
14516,14517,-39863084#3,9.370800000000001,0.782905982905983
14518,14519,-39863084#4,14.7582,1.8057506584723437
14520,14521,-39863084#5,8.838000000000001,56.28952239911144
14522,14523,-39863101,21.0744,91.73789173789174
14524,14525,-39918460,12.645000000000001,0.5
14526,14527,-39918462,5.1192,0.0
14532,14533,-399835085#0,5.678999999999999,11496.929300796126
14534,14535,-399835085#1,23.0508,2720.600775877272
14536,14537,-399835087#0,9.559800000000001,5.713978494623658
14538,14539,-399835087#1,14.364,2.6397058823529407
14540,14541,-399835087#2,12.0888,19.1025641025641
14542,14543,-399835087#4,40.986,4.299999999999999
14544,14545,-400100578,7.6049999999999995,0.0
14546,14547,-400100580#1,0.4626,0.7999999999999999
14548,14549,-400100580#2,11.529,2.333333333333333
14550,14551,-40059576#0,5.7114,0.6835763344981324
14552,14553,-40059576#1,12.6198,6.22638409410561
14554,14555,-402154210,0.18539999999999998,0.8
14556,14557,-403879902#0,26.818199999999997,0.0
14558,14559,-403879902#1,0.0774,3.0
14560,14561,-40490659#0,9.3564,2.5000000000000004
14562,14563,-40490659#1,21.1554,1.0
14564,14565,-40490659#2,12.3282,0.5
14568,14569,-40493437#0,0.9468000000000001,0.125
14570,14571,-40493437#1,0.8982,1.2
14572,14573,-40493437#2,5.841,1.7777777777777781
14574,14575,-40496432#0,1.3464,3.0
14576,14577,-40496432#1,30.6252,60.5
14578,14579,-40578426#0,225.9396,702.3333333333333
14580,14581,-40578426#1,11.79,2.3000000000000007
14582,14583,-4058133#1,10.5984,181.13678160919537
14584,14585,-4058133#2,8.874,1.4000000000000001
14586,14587,-40623117#0,10.4256,3.985411289417573
14588,14589,-40623117#1,6.3954,0.41820460241512863
14590,14591,-40623117#2,1.4562000000000002,7.868656716417911
14592,14593,-40623117#3,0.0432,0.2499430394167236
14594,14595,-40631191,2.2680000000000002,1.333333333333333
14596,14597,-40632372,20.9628,0.3333333333333335
14598,14599,-40640588#0,0.1134,0.14358974358974355
14600,14601,-40640588#1,4.5972,0.266025641025641
14602,14603,-40640588#2,0.0252,0.42211538461538467
14604,14605,-40640588#3,0.9558000000000001,0.29858326650628175
14606,14607,-40640588#4,1.8648,0.24493034738141423
14608,14609,-40640588#5,2.5056,1.5146716348393099
14610,14611,-40642783#0,0.0648,10.17361111111111
14612,14613,-40642783#1,0.3492,88.7847222222222
14614,14615,-40642783#2,18.9882,7.467836257309942
14616,14617,-40642783#3,8.2818,1.1555555555555554
14618,14619,-40642787#0,18.153000000000002,3.2999999999999994
14620,14621,-40642787#1,1.3572,14.071153846153846
14622,14623,-40642787#2,15.004800000000001,46.60645161290322
14624,14625,-40642790#0,0.0648,0.9177489177489178
14626,14627,-40642790#1,0.039599999999999996,0.25336538461538466
14628,14629,-40642790#2,0.3366,34.69086538461539
14648,14649,-40799279,24.1974,2.299999999999999
14652,14653,-40801039,21.7746,0.5
14654,14655,-40879982#0,0.0252,0.0
14656,14657,-40879982#1,13.617,0.2999999999999998
14658,14659,-40888351#0,25.2756,2.5681818181818192
14660,14661,-40888351#1,4.1688,0.2291666666666666
14662,14663,-40888351#3,2.502,0.29084967320261446
14664,14665,-40888351#5,3.3264,0.24193548387096775
14666,14667,-40888351#6.2,2.9142,35.96134453781512
14676,14677,-40888354#4,4.7538,0.0
14678,14679,-40888356#0,2.3382,0.25000000000000006
14680,14681,-40888356#2,3.2112000000000003,0.24999999999999997
14682,14683,-40888356#3,0.8586,0.3333333333333333
14684,14685,-40888356#4,1.9385999999999999,0.3333333333333333
14686,14687,-40888356#5,1.3536000000000001,0.25
14688,14689,-40888356#6,2.8026,0.0
14690,14691,-40888359,42.7194,0.0
14694,14695,-40930495#0,38.1348,5.600000000000001
14696,14697,-40930495#1,6.2172,9.277777777777779
14698,14699,-41051113#0,19.9368,1.2000000000000002
14700,14701,-41051113#1,34.7832,3.466666666666665
14702,14703,-41051113#2,19.9044,5.749999999999999
14704,14705,-41051113#3,5.824800000000001,1.4727272727272727
14706,14707,-41051113#4,42.336,2.0
14708,14709,-41106793#0,10.2276,6.7
14710,14711,-41106793#1,0.0432,0.5
14712,14713,-41106793#2,27.5148,8.0
14714,14715,-41106793#3,24.237000000000002,4.5
14716,14717,-41106793#4,15.298200000000001,1.5999999999999999
14718,14719,-41139095,14.905800000000001,1.454545454545454
14720,14721,-41139660#0,17.704800000000002,1.965410199556541
14722,14723,-41139660#1,2.4696000000000002,0.3967479674796748
14724,14725,-41139660#2,10.026000000000002,1.0417723302338684
14726,14727,-41139660#3,0.8946000000000001,0.19211822660098524
14728,14729,-41139660#4,2.9412,0.197321803879181
14730,14731,-41140024,19.717200000000002,0.33333333333333304
14732,14733,-41190839#0,41.135400000000004,21.898692810457515
14734,14735,-41190839#1,8.0676,13.7
14736,14737,-41190839#2,39.016799999999996,19.519927536231886
14738,14739,-41190840,30.675600000000003,8.666666666666666
14740,14741,-41193093#0,0.3492,0.14285714285714285
14742,14743,-41193093#1,86.9346,70.50000000000001
14744,14745,-41193093#2,94.1436,62.61904761904762
14746,14747,-41193100#0,62.537400000000005,406.5444444444445
14748,14749,-41195860#1,1.6740000000000002,232.83363581367206
14750,14751,-41195860#10,8.0118,1.333333333333333
14752,14753,-41195860#11,3.6774000000000004,0.1428571428571429
14754,14755,-41195860#2,0.3456,145.10360360360363
14756,14757,-41195860#3,1.0422,140.19444444444446
14758,14759,-41195860#4,1.0295999999999998,3.619047619047619
14760,14761,-41195860#5,11.0322,7.267857142857143
14762,14763,-41195860#6,8.748000000000001,4.857142857142857
14764,14765,-41195860#7,0.9324,1.9230769230769227
14766,14767,-41195860#8,1.0493999999999999,0.8380952380952381
14768,14769,-41195860#9,1.1646,0.0
14770,14771,-41195861#0,3.195,31.64
14772,14773,-41195861#1,5.391,2.0000000000000004
14774,14775,-41195862#0,6.5628,3.9285714285714284
14776,14777,-41195862#1,4.3938,3.0
14778,14779,-41195863#0,5.8014,4.333333333333333
14780,14781,-41195863#1,7.718400000000001,36.4
14782,14783,-41195865#0,0.0648,1.238095238095238
14784,14785,-41195865#1,0.9936000000000001,1.1014492753623188
14786,14787,-41195865#2,0.9774,1.2666666666666664
14788,14789,-41195865#3,0.5598,0.5666666666666667
14790,14791,-41195866,0.7308000000000001,0.4010989010989012
14792,14793,-41195867#0,4.3740000000000006,1.6318681318681318
14794,14795,-41195867#1,13.114799999999999,0.5
14796,14797,-41195869#0,11.2014,6.333333333333334
14804,14805,-41195869#4,1.0224,0.0
14808,14809,-41195872,7.4106000000000005,0.33333333333333326
14810,14811,-41195873,7.228800000000001,0.0
14814,14815,-41195877,7.0344,2.0
14816,14817,-41199132,25.596,0.5
14818,14819,-41199133,23.1012,6.166666666666668
14820,14821,-41199134,20.25,2.477403245942572
14822,14823,-41203191#1,32.504400000000004,2404.6798418972335
14826,14827,-41203193,27.117,4.300000000000001
14828,14829,-41203916#0,15.625799999999998,0.9333333333333331
14830,14831,-41203916#2,0.7074,0.23809523809523805
14832,14833,-41203916#3,1.476,1.7000000000000002
14834,14835,-41203918#0,4.2606,0.24999999999999992
14836,14837,-41203918#1,8.397,0.0
14842,14843,-41222724#0,0.039599999999999996,0.8124048706240488
14846,14847,-41225169,23.5386,4.5
14848,14849,-413002076#0,272.583,483.9792158405451
14850,14851,-413002077#0,251.48880000000003,380.5113968439504
14852,14853,-413002077#1,21.2958,7.808067375886524
14854,14855,-413002079#0,54.2808,12.247354497354493
14856,14857,-413002079#1,77.5206,16.016339869281047
14858,14859,-413002080,121.49100000000001,82.05928853754939
14860,14861,-41400364,169.46280000000002,212.25802034428804
14862,14863,-414730000,31.6458,2.6999999999999997
14864,14865,-414730013#0,9.0846,0.33333333333333326
14866,14867,-414730013#1,35.541000000000004,3.8666666666666663
14868,14869,-41494423#0,3.9438,3713.9389192315125
14870,14871,-41494423#1,6.7302,7423.447817955112
14872,14873,-41494741#0,2.7882,77.48448573324485
14874,14875,-41494741#1,3.3786,6.723468137254903
14876,14877,-41494741#2,3.5622000000000003,10.927835396453668
14878,14879,-41522167#0,0.6678000000000001,102.26665393430102
14880,14881,-41522167#1,19.612800000000004,5553.184082999968
14882,14883,-41522169#0,3.7350000000000003,0.518653479090751
14884,14885,-41522169#1,1.5408,0.1421632176181559
14886,14887,-41522169#2,13.266,0.6493894143819724
14888,14889,-41522169#3,5.7114,0.650366984290497
14890,14891,-41522169#4,3.4272,0.3664870838513608
14892,14893,-41522170,12.024,9.0
14894,14895,-41530624#0,10.7028,36832.0870827286
14896,14897,-41530624#1,6.7788,4562.243589743591
14898,14899,-41530624#2,33.345,28.21428571428572
14900,14901,-41539057#0,21.5712,8.0
14902,14903,-41539057#2,0.0648,10.433001107419713
14904,14905,-41539057#3,14.4036,3.980952380952381
14906,14907,-41567676#0,17.6328,10.798416047859305
14908,14909,-41567676#1,7.714799999999999,0.45722901989865355
14910,14911,-420153789,2.0412,0.23512476007677524
14914,14915,-42276507,12.610800000000001,0.6666666666666666
14916,14917,-42277294,16.4844,2.025641025641026
14918,14919,-42277295#0,10.519200000000001,1.7309941520467835
14920,14921,-42277295#1,6.633,0.7857142857142857
14922,14923,-42277296,14.634000000000002,4.5
14924,14925,-423287073,12.4344,1.5833333333333328
14926,14927,-423804014#0,1.0908,2010.916666666667
14928,14929,-423804014#1,0.0648,4.25
14930,14931,-423804014#4,23.436,0.0
14932,14933,-423804014#5,0.081,0.33333333333333326
14934,14935,-423804014#6,0.24300000000000002,0.0
14936,14937,-423804014#7,0.0648,0.26666666666666666
14938,14939,-423804016,23.0436,0.0
14940,14941,-423804017,23.2056,0.0
14944,14945,-423804019,2.6514,1.4239391095819
14946,14947,-424028485#0,76.3092,11.0
14948,14949,-424028486,20.9628,2.888888888888889
14950,14951,-42435519,39.052800000000005,11676.422618191911
14952,14953,-42444460#0,4.3254,0.41145232602845083
14954,14955,-42444460#1,48.5064,9.697365665703405
14956,14957,-42444460#2,16.3152,1.1642859035857205
14958,14959,-42444460#3,12.385800000000001,0.9334025946349134
14960,14961,-42444460#4,3.6035999999999997,0.279482482253263
14962,14963,-42444461,5.3658,0.42392315952750226
14964,14965,-42485338#0,24.6024,2.854545454545454
14966,14967,-42485338#1,22.7556,1.6909090909090896
14968,14969,-42485339,181.6506,686.0952380952378
14972,14973,-42487766#1,13.152600000000001,1.414452214452214
14974,14975,-42487766#2,4.014,0.8206760316066727
14976,14977,-42487767#0,21.7746,4.333333333333335
14978,14979,-42487767#1,31.131000000000004,4.20952380952381
14980,14981,-42487767#2,22.2246,2.111111111111112
14982,14983,-42487768,12.482999999999999,3.500000000000001
14986,14987,-42491774#1,1.5426,0.0
14988,14989,-42491774#2,1.4148,0.33333333333333326
14990,14991,-42491774#3,21.3858,0.7999999999999999
14992,14993,-42491776#0,10.4328,0.7857142857142857
14994,14995,-42491776#1,5.5836,1.0000000000000002
14996,14997,-42491777,14.274,1.0
14998,14999,-42491779,5.077800000000001,0.0
15004,15005,-42508858#1,15.4548,409.53787878787875
15006,15007,-42508858#2,22.276799999999998,4.0
15008,15009,-42508858#3,29.124,0.0
15010,15011,-42508860,5.8356,0.42105263157894735
15012,15013,-425100437#0,0.0648,0.20952380952380953
15020,15021,-425100438#0,7.1874,0.1923076923076922
15022,15023,-425100438#1,6.129,0.6666666666666666
15024,15025,-425100438#2,20.8458,2.0
15026,15027,-425100439#0,11.2302,1.0
15036,15037,-425100439#5,0.9396000000000001,0.24999999999999997
15038,15039,-425100439#6,0.0522,0.20000000000000004
15040,15041,-425100439#7,0.6894,0.8
15042,15043,-425100439#8,0.3942,0.4625
15044,15045,-425100439#9,0.333,0.21241830065359468
15046,15047,-425100440#0,20.3598,0.0
15048,15049,-425100440#1,7.5600000000000005,0.0
15050,15051,-425100440#2,3.8880000000000003,0.0
15052,15053,-425100440#3,2.6424,0.0
15054,15055,-425100442,4.041,0.0
15064,15065,-425100451#0,0.0648,0.0
15066,15067,-425100451#1,4.914,0.0
15068,15069,-425100453#1,37.110600000000005,23.454545454545457
15070,15071,-425100455#0,11.5452,0.0
15074,15075,-425100455#2,8.9838,0.0
15076,15077,-425100455#3,19.3266,0.0
15078,15079,-425100455#4,9.230400000000001,2.333333333333334
15080,15081,-425100456#0,11.3112,0.5
15082,15083,-425100456#1,13.3344,0.0
15084,15085,-425100456#2,8.9748,0.0
15104,15105,-425100459#1,1.0584,0.33333333333333326
15106,15107,-425100460#0,0.0648,0.0
15108,15109,-425100460#1,14.328,2.0
15112,15113,-425100461#0,12.117600000000001,0.5
15114,15115,-425100461#1,13.824,0.0
15124,15125,-425100462#1,0.036000000000000004,0.21428571428571422
15126,15127,-425100462#2,9.345600000000001,1.4181818181818184
15128,15129,-425100462#3,7.7994,1.4102564102564106
15130,15131,-425100463,27.3078,4.5
15132,15133,-425100465#0,11.772,0.666666666666667
15134,15135,-425100465#1,13.1706,0.33333333333333304
15140,15141,-425100465#4,9.122399999999999,0.0
15142,15143,-425100465#5,6.267600000000001,0.33333333333333326
15146,15147,-425100466#1,0.3978,0.0
15150,15151,-425100466#3,0.3402,0.5
15156,15157,-425100467#0,11.6748,0.0
15160,15161,-425100467#2,8.964,0.0
15164,15165,-425100467#4,9.1008,0.5
15168,15169,-425100469#0,9.747,0.5039682539682538
15174,15175,-425100470#2,0.0648,0.5
15176,15177,-425104280#1,8.9388,0.0
15178,15179,-425104281,26.19,0.0
15180,15181,-425148882#0,3.4379999999999997,6.611498257839721
15182,15183,-425148882#1,0.1098,0.2939042089985487
15184,15185,-42517571#0,21.672,29.95555555555556
15186,15187,-42517571#1,31.345200000000002,24.5
15188,15189,-42517571#2,2.9466,18.0
15190,15191,-42517575#0,99.26820000000001,61.23406292749653
15192,15193,-42517576,12.1896,0.7999999999999998
15194,15195,-426547307,14.274,3.0000000000000004
15196,15197,-426547308,10.6794,0.0
15198,15199,-42674130#1,8.7804,34.36029411764707
15200,15201,-42674130#2,17.009999999999998,4.699999999999999
15206,15207,-42674133#3,21.1014,4.0
15208,15209,-42674133#4,20.6676,0.0
15210,15211,-42674133#5,46.431000000000004,0.0
15212,15213,-42674133#6,38.8296,7.86666666666667
15214,15215,-42674135#0,19.5354,0.5
15216,15217,-42674135#1,24.7788,12.333333333333329
15218,15219,-42674135#2,29.3562,0.0
15220,15221,-42674135#3,22.041,26.333333333333336
15222,15223,-4268967#1,3.2742,0.4999999999999999
15224,15225,-42738708,24.5808,244.14034526854235
15226,15227,-42738709#0,11.0916,0.9346375143843494
15228,15229,-42738709#00,9.6084,0.7058112773302646
15230,15231,-42738709#1,7.3422,1.9952380952380953
15232,15233,-42745460,3.528,30649.488235294113
15234,15235,-42745461#1,4.4784,15085.670579029736
15236,15237,-42755468,166.17059999999998,24.5
15238,15239,-42756909,24.5484,0.7999999999999999
15240,15241,-429033100,47.1816,24.84650375542155
15250,15251,-430872811#1,24.786,41.1
15252,15253,-430873204,10.321200000000001,612.5
15254,15255,-4324827#1,9.469800000000001,10893.657142857133
15256,15257,-433271143,1.7189999999999999,2.1084060077519373
15258,15259,-433271144,0.0648,0.2685185185185185
15260,15261,-433809228,8.6112,1.4285714285714286
15262,15263,-433809243,2.4120000000000004,0.2527950310559007
15264,15265,-433809256,11.5578,2.3333333333333326
15266,15267,-433809259#0,19.3338,1.3
15268,15269,-433809259#1,0.5436,0.5666666666666667
15270,15271,-433809272#0,11.3058,1.5153846153846156
15272,15273,-433809272#2,6.1632,0.6862113402061856
15274,15275,-433809275#0,16.2738,0.0
15276,15277,-433809275#1,2.0232,0.0
15278,15279,-433809279#0,4.4352,0.6666666666666665
15280,15281,-433809279#1,32.85,0.5
15282,15283,-433809279#2,2.5542000000000002,2.566666666666667
15284,15285,-433809279#3,18.855,3.194494857834243
15286,15287,-433809279#4,2.2302000000000004,0.25000000000000006
15288,15289,-433809283#1,17.172,2.333333333333334
15292,15293,-433809283#3,3.9852,0.24725274725274726
15294,15295,-433809283#4,13.2858,1.0073529411764701
15296,15297,-433809285#0,0.30060000000000003,0.0
15302,15303,-433809285#3,0.9036000000000001,0.2
15304,15305,-433809285#4,0.6678000000000001,0.0
15306,15307,-433809285#5,0.0648,0.0
15308,15309,-433809285#6,10.9692,0.0
15312,15313,-434713634,4.176,22.242424242424246
15314,15315,-434992724#0,4.6206000000000005,1.4458874458874458
15316,15317,-434992724#1,11.8332,1.878787878787878
15318,15319,-434992724#2,0.1098,0.2777777777777778
15320,15321,-435015473,13.134599999999999,2.0
15322,15323,-435127858#1,0.5832,1.6
15324,15325,-435127858#2,2.853,16.300653594771237
15326,15327,-435127859#0,7.228800000000001,172.98214285714286
15328,15329,-435127859#1,15.154200000000001,1.5277777777777768
15330,15331,-435127860,3.2508000000000004,144.5
15332,15333,-435173722,96.15060000000001,101.86666666666665
15334,15335,-435275873,7.0146,1.0
15338,15339,-435366812,2.8584,1.9523809523809523
15340,15341,-43543903,4.0824,46457.0606060606
15342,15343,-435562885,3.0690000000000004,0.0
15346,15347,-438473448,29.224800000000002,5.2
15350,15351,-439434275,4.460400000000001,16.56666666666667
15352,15353,-439478422,1.4454,0.17142857142857143
15354,15355,-439478423,0.5382,0.16363636363636364
15358,15359,-439871826,4.266,0.6337254901960785
15362,15363,-441714405,7.3782000000000005,9.0
15364,15365,-441810448#0,14.419799999999999,1.2308521649128847
15366,15367,-441810448#1,1.5804,0.01879079580668557
15368,15369,-441810448#2,0.2808,0.007589800475822108
15370,15371,-447569998,15.073200000000002,1.7089268755935432
15372,15373,-449283358#1,17.1036,2188.7625
15374,15375,-44959795,9.471599999999999,0.19999999999999996
15376,15377,-45378204#0,12.515400000000001,1.437889453336765
15378,15379,-45378204#1,25.3134,2.276765030883732
15380,15381,-458260035#1,10.256400000000001,0.5
15382,15383,-461125445,29.813399999999998,2.7857142857142847
15384,15385,-461125446#2,0.1296,0.0
15386,15387,-467634653,13.6368,0.8909090909090907
15388,15389,-467634654#0,1.314,0.9166666666666666
15392,15393,-467634655#0,1.1466,0.33333333333333326
15394,15395,-467634655#1,7.0128,0.5
15396,15397,-467634656#0,1.1466,0.25000000000000006
15398,15399,-467634656#1,7.029,0.5
15400,15401,-467634657#0,14.1822,0.0
15402,15403,-467634657#1,13.9626,0.0
15406,15407,-467634658#0,1.1682000000000001,4.5
15408,15409,-467634658#1,7.0452,0.5
15410,15411,-467634659#0,0.8928,0.33333333333333326
15412,15413,-467634659#2,7.0308,0.0
15414,15415,-467634660#0,1.0908,1.0
15422,15423,-467634661#2,1.1358000000000001,0.5
15424,15425,-467634661#3,1.1016,2.4
15426,15427,-467634661#4,1.1916,0.5666666666666667
15428,15429,-467634661#5,0.9612,0.26666666666666666
15430,15431,-467634661#6,0.0648,0.2564102564102564
15432,15433,-467634661#7,1.0746,1.9
15438,15439,-469737224,0.0648,0.0
15440,15441,-469737225#0,0.12600000000000003,1.2
15442,15443,-469737225#1,2.8872000000000004,0.238095238095238
15444,15445,-469737226,6.003,0.0
15448,15449,-47067278,80.6274,12.5
15450,15451,-47067279,7.362,0.0
15452,15453,-472368141,3.8592000000000004,0.0
15454,15455,-472368145,7.1352,1.5714285714285714
15456,15457,-472368146,3.8429999999999995,0.6999999999999998
15458,15459,-472368151,4.069800000000001,41.06666666666669
15460,15461,-472368152,3.4632,0.5123174603174602
15462,15463,-475496139,21.5316,1.583333333333334
15464,15465,-475496141#0,0.0648,101.06666666666666
15466,15467,-475496141#1,8.071200000000001,20.5
15468,15469,-475496141#2,2.403,1.4285714285714286
15470,15471,-475496141#3,10.663200000000002,6.333333333333335
15472,15473,-475886450,5.7978000000000005,10.64285714285714
15474,15475,-478421093#0,10.2492,0.0
15476,15477,-478421093#1,5.9598,0.0
15478,15479,-480213874#1,0.621,1.0231729055258467
15480,15481,-481432711,40.9968,18.0
15482,15483,-4815093#1,18.7758,0.4761904761904763
15484,15485,-4815093#2,15.444,0.2857142857142856
15486,15487,-4819338#1,4.0302,7145.255178340642
15488,15489,-4819338#2,3.2778,3420.8196109009364
15490,15491,-4819338#3,0.7794,851.8182789011806
15492,15493,-48234439#4,29.910600000000002,5.475630252100839
15494,15495,-4826080,14.4018,1.1095189589615488
15496,15497,-48444993,13.1058,1.0305251257260928
15498,15499,-484875201#1,11.626199999999999,486.3972143798232
15500,15501,-484875201#2,82.6452,383.9180017226531
15502,15503,-484875201#3,39.6936,34.37979539641944
15504,15505,-484875201#4,47.5776,10.52337858220211
15506,15507,-484875201#5,141.77519999999998,51.89814814814809
15508,15509,-484875201#6,42.7212,5.295454545454546
15510,15511,-486362408,2.6838,2.0
15512,15513,-48742425#0,5.1174,11651.1186772802
15514,15515,-48742425#1,0.6876,701.7829617852134
15516,15517,-48742425#2,1.9800000000000002,3922.329724957967
15518,15519,-48742425#3,10.062,22239.164564432896
15520,15521,-490041771,45.945,17.78888888888889
15522,15523,-490041772,54.072,15.223707664884145
15524,15525,-4942659#0,10.035,43.77775094415998
15526,15527,-4942659#1,10.882800000000001,13.137886649504463
15528,15529,-49887169#1,35.4456,8.333333333333336
15530,15531,-49887169#2,1.4994,2.9166666666666665
15532,15533,-49887169#3,0.0648,3.4666666666666663
15534,15535,-500200351#0,7.790400000000001,0.49999999999999994
15538,15539,-50191615#0,10.2744,0.8873949579831937
15540,15541,-50191615#1,6.228,0.6980676328502415
15542,15543,-50192291#0,0.46980000000000005,0.8612395929694727
15544,15545,-50192291#1,6.3522,1.6011396011396004
15546,15547,-50192291#2,6.9444,0.2955865272938443
15548,15549,-50192291#3,0.9234,0.023809523809523805
15550,15551,-50192291#4,3.9960000000000004,0.27177700348432077
15552,15553,-50192291#5,0.12240000000000001,0.20673635307781646
15554,15555,-50192291#6,0.8658,0.2724252491694352
15556,15557,-50192291#7,0.9918000000000001,0.35062056737588665
15558,15559,-50192291#8,0.4428,0.12782805429864247
15560,15561,-50192501#0,0.09000000000000001,0.0
15562,15563,-50192501#1,10.5894,0.0
15564,15565,-50192550#0,0.0648,0.2
15566,15567,-50192550#1,6.6726,11.3
15568,15569,-50299718,0.37979999999999997,9.242424242424242
15570,15571,-506207150,40.212,11.093333333333334
15572,15573,-507836375,14.646600000000001,6.799999999999999
15574,15575,-507836379,14.7294,2.666666666666666
15576,15577,-50833756#1,75.14099999999999,155.02272727272725
15578,15579,-50833756#2,134.42940000000002,146.65530303030306
15580,15581,-51244813#2,3.4236,0.0
15582,15583,-51244813#5,14.0454,14.345803233574127
15584,15585,-51244813#6,7.6968,0.9751797498276366
15586,15587,-51244813#7,17.1324,11.514311053777313
15588,15589,-51244813#8,2.214,21.88979912467736
15590,15591,-51262567#0,9.558,23.624321809211136
15592,15593,-51262567#1,8.5338,2.3740638126731595
15594,15595,-51262567#2,33.2046,6.595477432939671
15596,15597,-51262567#3,10.0278,1.0981949727754166
15598,15599,-51262568,6.0876,0.401447477253929
15600,15601,-51450980#0,3.1374000000000004,0.6666666666666673
15602,15603,-51450980#1,0.5760000000000001,0.4166666666666668
15604,15605,-51450980#2,1.0422,0.39682539682539675
15610,15611,-51450980#5,3.3732,0.0
15612,15613,-51450980#6,0.9324,0.0
15614,15615,-515034650,31.544999999999998,0.0
15616,15617,-515573829,23.6034,14.299999999999999
15618,15619,-515573959,6.7266,0.0
15620,15621,-515574067,16.5654,1.2999999999999994
15628,15629,-51559018#3,13.8132,0.0
15632,15633,-51560240,13.318200000000001,1.0
15634,15635,-51560242#0,0.9720000000000001,0.8611111111111112
15636,15637,-51560242#1,1.3086,1.6964285714285714
15638,15639,-51560242#10,1.1718000000000002,0.6909090909090909
15640,15641,-51560242#11,1.4886,1.2
15642,15643,-51560242#12,1.3248,0.3
15644,15645,-51560242#13,0.8442,0.26666666666666666
15646,15647,-51560242#14,0.09000000000000001,0.4555555555555555
15648,15649,-51560242#2,0.9810000000000001,0.2155797101449275
15650,15651,-51560242#3,1.9385999999999999,1.1904761904761902
15652,15653,-51560242#4,1.3860000000000001,0.8909090909090909
15654,15655,-51560242#5,1.2816,2.7
15656,15657,-51560242#7,1.3248,1.7999999999999998
15658,15659,-51560242#8,1.4148,1.0
15660,15661,-51560242#9,1.3374,0.7499999999999999
15662,15663,-51560244#0,1.2438,20.062588904694163
15664,15665,-51560244#1,1.3536000000000001,0.7309941520467838
15666,15667,-51560244#2,1.2816,0.47272727272727266
15668,15669,-51560244#3,1.2852,1.5666666666666667
15670,15671,-51560244#4,1.4706,0.33333333333333337
15672,15673,-51560244#5,1.3374,0.25000000000000006
15674,15675,-51560245,13.257000000000001,0.7222222222222221
15676,15677,-51560246#0,1.2438,0.45555555555555544
15678,15679,-51560246#1,15.400799999999998,0.33333333333333304
15680,15681,-51560246#2,0.0648,0.6666666666666666
15682,15683,-51560246#3,1.2114,1.0727272727272728
15684,15685,-51560556,13.1022,8.051948051948054
15686,15687,-51560557#0,13.147200000000002,1.5000000000000002
15688,15689,-51560557#1,1.3536000000000001,0.6287878787878787
15690,15691,-51560557#2,13.203,3.6666666666666665
15692,15693,-51560614#0,1.197,1.6554621848739497
15694,15695,-51560614#1,0.1062,8.59759481961147
15696,15697,-51561013,10.9818,2.1249999999999996
15698,15699,-51561014,13.5774,2.762499999999999
15702,15703,-515964574,4.572,45000.0
15704,15705,-51743953#1,9.4734,1.0418425429962297
15706,15707,-51743953#2,5.5728,0.36309280443071906
15708,15709,-51743953#3,0.6984,0.14536199095022637
15710,15711,-51745097#0,3.5514,12048.677371409078
15712,15713,-51745097#0.38,5.839200000000001,17253.864828547263
15714,15715,-51745097#1,0.261,309.0979545401781
15716,15717,-51835708,61.8192,29.066666666666663
15718,15719,-51856492#0,11.565,0.8088531187122742
15720,15721,-51856492#1,15.687,2.067605633802817
15722,15723,-51856495#1,3.2868000000000004,4063.65337763012
15724,15725,-51856496#0,4.7952,3535.1161318650848
15726,15727,-51856496#1,0.4554,212.65668401320588
15728,15729,-51856496#10,0.9162,13.845080406892599
15730,15731,-51856496#2,5.4198,3593.4163852778083
15732,15733,-51856496#3,15.5484,7489.695049544914
15734,15735,-51856496#4,5.436,1116.092543681053
15736,15737,-51856496#5,3.8826,504.80703588236076
15738,15739,-51856496#6,3.3786,265.3245704730548
15740,15741,-51856496#7,0.25739999999999996,77.78389084818122
15742,15743,-51856496#8,2.1996,114.3326545345713
15744,15745,-51856496#9,7.9794,635.1180921103638
15746,15747,-51857519#1,4.617,726.9020658945842
15748,15749,-51872702,19.7874,21456.65041382847
15750,15751,-51872705#0,2.6586000000000003,1.2435897435897438
15752,15753,-51872706,9.6876,3130.3122333972533
15754,15755,-51872706.74,9.455400000000001,3311.5629461077856
15756,15757,-51872715,131.4648,0.5
15758,15759,-51890699#0,42.66,10.588744588744587
15760,15761,-51890699#1,18.9414,3.441176470588238
15762,15763,-51890699#2,87.102,27.272727272727288
15764,15765,-51890700#0,77.5098,9.699999999999996
15766,15767,-51890700#1,68.54580000000001,0.0
15768,15769,-51890709#0,2.7972,0.2
15770,15771,-51890709#2,10.211400000000001,1.3
15772,15773,-521046800,15.012,4.5
15774,15775,-521666263,8.3682,0.14285714285714293
15778,15779,-523096471,0.0648,0.28571428571428575
15780,15781,-523096472,0.0648,0.0
15782,15783,-523096473,0.0648,0.0
15784,15785,-523096474,0.0648,0.25
15786,15787,-523500301,6.3522,3.5661764705882346
15788,15789,-523500303,7.770600000000001,2.4384615384615382
15790,15791,-523500304,8.0424,1.6446153846153848
15792,15793,-523500307,8.226,1.818181818181818
15794,15795,-52361552,138.93300000000002,844.4107142857141
15796,15797,-52513194,4.107600000000001,2.333333333333333
15798,15799,-52513195,0.1296,0.9821428571428571
15800,15801,-52564193#1,1.431,84.4039408866995
15802,15803,-52564193#2,5.9112,3681.8666666666663
15804,15805,-52918687#0,20.005200000000002,0.0
15806,15807,-52918687#2,9.6912,0.8611111111111115
15808,15809,-52918687#4,32.6304,0.0
15810,15811,-52918687#5,6.6941999999999995,0.0
15812,15813,-52985189,26.6472,7.285714285714286
15814,15815,-53396619#0,0.12240000000000001,0.0
15816,15817,-53396619#1,2.7702,0.0
15818,15819,-53396619#2,6.703200000000001,1.0
15820,15821,-53396619#3,8.586,1.3333333333333335
15822,15823,-53396619#4,10.677600000000002,3.0
15824,15825,-53396619#6,18.610200000000003,0.904761904761905
15826,15827,-53396619#7,0.2682,0.0
15828,15829,-53396623#0,7.803,0.0
15830,15831,-53396623#1,0.0432,0.0
15832,15833,-53399445#1,0.5346,1.0168831168831167
15834,15835,-53399445#10,0.7794,0.4721845318860245
15836,15837,-53399445#11,0.057600000000000005,0.3905372894947876
15838,15839,-53399445#2,0.5922000000000001,5.58068783068783
15840,15841,-53399445#3,0.35640000000000005,1.9761904761904763
15842,15843,-53399445#4,0.8928,1.5958333333333334
15844,15845,-53399445#5,0.2232,1.1111111111111112
15846,15847,-53399445#6,34.6338,14.333333333333336
15848,15849,-53399445#7,0.7020000000000001,1.4215384615384616
15850,15851,-53399445#8,0.7092,0.34
15852,15853,-53399445#9,0.4212,0.336734693877551
15854,15855,-53534122#0,7.986600000000001,0.5
15856,15857,-53534122#1,63.73799999999999,32.0
15858,15859,-537262420#0,1.7676,0.8095238095238096
15860,15861,-537262420#1,15.0192,6.027777777777782
15862,15863,-537262426#1,4.735799999999999,0.5
15864,15865,-53795883#0,9.981,0.589473684210526
15866,15867,-53795883#1,14.328,1.586580086580087
15868,15869,-53795883#10,13.9194,1.558350803633822
15870,15871,-53795883#2,15.764399999999998,2.1233766233766227
15872,15873,-53795883#3,9.0504,1.3357142857142854
15874,15875,-53795883#4,11.1582,1.2312312312312317
15876,15877,-53795883#5,6.0984,0.8269454123112658
15878,15879,-53795883#6,15.366600000000002,5.113783533765035
15880,15881,-53795883#8,8.9244,1.09143686502177
15882,15883,-53898183#0,28.911600000000004,0.0
15888,15889,-53898183#3,6.228,0.0
15890,15891,-53898183#4,6.5520000000000005,1.0
15894,15895,-541286865#1,2.8440000000000003,0.4869411886733742
15896,15897,-541286865#2,35.613,5.588944566238647
15898,15899,-54154921#1,5.9346000000000005,43912.120268757
15900,15901,-54154921#2,2.5704,7880.671306471307
15902,15903,-54154921#3,4.5234,25819.85567765568
15904,15905,-54154922#1,5.6934,39736.60367160561
15906,15907,-54154969#0,0.873,0.18923384464751958
15908,15909,-54154969#1,2.6154,0.33175672904733905
15910,15911,-54154969#2,6.186599999999999,0.5619455114622776
15912,15913,-54154969#3,0.099,0.2504244482173175
15914,15915,-54154970,4.7412,0.6666666666666666
15916,15917,-54154971,6.501600000000001,0.5764416930220038
15918,15919,-54169231#0,24.685200000000002,2.0
15920,15921,-54169231#1,9.4212,2.0
15922,15923,-54169231#2,13.6638,0.5
15924,15925,-54169241#1,1.0458,1095.7941176470588
15926,15927,-54169241#2,5.3442,7981.952380952383
15928,15929,-54169241#3,0.5922000000000001,0.5
15930,15931,-54169241#4,18.084600000000002,3.800000000000003
15934,15935,-542617943,1.5894000000000001,8580.265957446805
15936,15937,-542642192,5.9436,0.33254901960784333
15938,15939,-542650762,22.753800000000002,82.1166432912576
15940,15941,-542650762.116,1.7172,329.81416549789634
15942,15943,-54268333,2.0808,84.81060606060605
15944,15945,-542727960#0,1.3482,36114.50952952152
15946,15947,-542730346#1,6.0192,229.40458132230123
15954,15955,-542769268,1.8252000000000002,0.33333333333333326
15956,15957,-542769269#0,2.5254000000000003,1.578642257818459
15958,15959,-542769270,52.1352,0.3333333333333339
15960,15961,-542769272#0,43.533,11.38970588235294
15962,15963,-542769272#1,1.3788,0.6081871345029239
15964,15965,-542769272#2,29.529000000000003,6.102564102564099
15966,15967,-542769273#0,2.295,1.2307692307692306
15968,15969,-542769274,1.8612000000000002,2.0
15970,15971,-542769275#0,2.8224,4.928048780487805
15972,15973,-542769276#0,11.4642,0.9412632567604583
15974,15975,-542806889,9.2754,2.1137721385144057
15976,15977,-542806891#1,4.797000000000001,0.7244755244755247
15978,15979,-54606419#0,14.814000000000002,1.6280701754385967
15980,15981,-54606419#1,3.303,0.7246376811594203
15982,15983,-54606419#2,5.796,0.34814814814814815
15984,15985,-54606419#3,49.176,7.045117845117847
15986,15987,-54606432#0,4.3902,0.31915584415584414
15988,15989,-54606432#1,66.42,14.42824675324675
15990,15991,-54606432#2,14.3766,1.6
15992,15993,-54606432#3,13.905,0.0
15996,15997,-54828617#0,22.415399999999998,3.0
15998,15999,-54828621#0,11.3112,2.333333333333334
16000,16001,-54828621#1,22.4028,5.366666666666665
16002,16003,-54828621#2,0.0648,0.0665024630541872
16004,16005,-54828621#3,0.0648,0.48717948717948717
16006,16007,-54828622#0,0.0648,3.611111111111111
16008,16009,-54828622#1,0.531,0.16249999999999998
16010,16011,-54828622#2,4.7754,34.361904761904746
16012,16013,-54828622#3,2.3076000000000003,0.0
16014,16015,-54828622#4,1.5191999999999999,2.0
16016,16017,-54828622#5,6.264,0.0
16018,16019,-54828622#6,0.0648,0.25
16020,16021,-54828622#7,9.522,1.6
16022,16023,-54828623#0,15.1578,3.267857142857143
16024,16025,-54828623#1,17.7408,2.0
16026,16027,-54828628,7.6536,2.0000000000000004
16028,16029,-54828631,56.4084,20.67825311942959
16030,16031,-54844250#0,48.272400000000005,10.835164835164836
16032,16033,-54844250#1,28.8072,6.0
16034,16035,-54844250#2,8.4204,0.33333333333333326
16036,16037,-54844252#0,48.308400000000006,31.511111111111106
16038,16039,-54844252#1,27.7956,3.7000000000000006
16040,16041,-54844253#0,48.321,3.5454545454545454
16042,16043,-54844253#1,26.776799999999998,2.0
16044,16045,-54844254#0,41.7366,9.456043956043956
16046,16047,-54844254#1,25.848,5.299999999999999
16048,16049,-54844257,29.1294,20.333333333333332
16050,16051,-54844264#0,3.7944000000000004,1.96
16052,16053,-54844264#1,23.3676,10.857142857142858
16054,16055,-54844264#2,40.784400000000005,14.33333333333333
16056,16057,-54844264#3,3.0762,2.267857142857143
16058,16059,-54844264#4,4.577400000000001,2.2
16060,16061,-54844264#5,4.2606,4.781538461538461
16062,16063,-54844264#6,0.7704,1.7396078431372552
16064,16065,-54844264#7,1.2618,20.161125319693102
16066,16067,-54858974#0,1.4868,1.1549295774647883
16068,16069,-549401642#0,2.0718,0.33999999999999986
16070,16071,-549401642#1,1.3266,0.4764492753623188
16074,16075,-55600044#0,31.5648,6.066427456806728
16076,16077,-55600044#1,34.4304,5.9986631041667104
16078,16079,-55600044#2,10.5354,0.47539485570294254
16080,16081,-55600046#0,16.7328,2.965764429613155
16082,16083,-55693689#1,0.41040000000000004,333.6666666666666
16084,16085,-55693689#2,18.9972,1.2857142857142856
16086,16087,-55693689#3,0.17820000000000003,0.31231231231231216
16088,16089,-55693694#0,5.148,5.839285714285713
16090,16091,-55693694#3,0.5958,0.9166666666666666
16092,16093,-55693698#0,20.871000000000002,94.88970588235294
16094,16095,-55693698#1,25.9902,10.885714285714284
16096,16097,-55728600,65.9016,23.199999999999996
16098,16099,-55728606#0,23.3928,2.0
16100,16101,-55728606#1,1.9926,0.3
16102,16103,-55728606#2,5.7132,32.45663864273273
16104,16105,-55728621#0,32.4522,16.0
16106,16107,-55728622,3.2472000000000003,0.0
16110,16111,-55728625#0,15.4494,1.3626373626373627
16112,16113,-56031014#0,19.791,0.0
16114,16115,-56031014#1,4.1634,1.9999999999999998
16116,16117,-56031014#2,12.0762,2.666666666666666
16118,16119,-56045714,25.8732,4.333333333333331
16122,16123,-56045716,25.9308,0.0
16124,16125,-56045717,25.9506,0.0
16126,16127,-56045718,25.9416,1.333333333333334
16128,16129,-56045721,14.1444,0.5
16130,16131,-56045725#1,1.4868,382.75
16132,16133,-56045725#2,9.9414,1.0
16134,16135,-56045726#0,9.5922,0.5666666666666667
16136,16137,-56045726#1,15.3576,1.9047619047619049
16138,16139,-56045727,4.4064,0.33333333333333326
16140,16141,-56045730#0,11.457,0.0
16162,16163,-560829405,30.1914,4.5
16178,16179,-566948820,23.160600000000002,0.0
16180,16181,-56863461,32.5872,7.893374741200823
16182,16183,-57401073,52.860600000000005,13.083333333333345
16184,16185,-57401083,37.8684,7.828571428571424
16186,16187,-57401085,8.722800000000001,0.0
16188,16189,-57827547,7.74,0.0
16190,16191,-57827548#0,2.2104,0.28571428571428575
16192,16193,-57827548#1,1.9836000000000003,0.3000000000000001
16194,16195,-57827550,7.0182,0.4553846153846154
16196,16197,-57827557,2.295,1.7333333333333332
16198,16199,-57827558,12.672,0.4999999999999999
16204,16205,-57827563#0,2.727,0.3659755646057014
16206,16207,-57827563#1,9.342,0.7189929655683079
16208,16209,-57827563#3,7.3422,1.268419104035542
16210,16211,-57827563#4,1.4598000000000002,0.45411764705882357
16212,16213,-57827566#0,25.3908,14.722222222222221
16214,16215,-57827566#1,43.317,41.07272727272728
16216,16217,-57827572,13.788,1.76
16218,16219,-582810637,8.694,17.943541432162473
16220,16221,-582810642#0,0.0648,0.19459742984526626
16222,16223,-582810642#1,0.18180000000000002,0.2583267768161551
16224,16225,-582810642#2,0.0252,0.5027537372147913
16226,16227,-582810642#3,27.1872,13.664876033057855
16228,16229,-582810642#4,9.0378,0.5592286501377413
16234,16235,-58295043,1.3536000000000001,1397.9442138955933
16236,16237,-58622231#1,1.8234,661.7984482454593
16238,16239,-58622231#10,5.04,0.37362637362637413
16240,16241,-58622231#2,5.0724,854.2937369122403
16242,16243,-58622231#3,2.6964,201.6455493183641
16244,16245,-58622231#4,2.7845999999999997,301.2931578947366
16246,16247,-58622231#5,1.0098,104.27614490772385
16248,16249,-58622231#7,4.041,249.08067226890756
16250,16251,-58622231#8,0.0432,0.21780303030303036
16252,16253,-58622231#9,22.753800000000002,2.389492753623189
16254,16255,-58622232#0,36.556200000000004,90.64233576642333
16256,16257,-58622232#1,16.9128,5.251354838709679
16258,16259,-58622232#2,0.1296,1.0
16260,16261,-58622232#3,19.3014,0.0
16262,16263,-58622232#4,0.1296,0.0
16264,16265,-58622232#5,0.1296,0.5714285714285714
16266,16267,-586823518#0,17.388,2.8095238095238098
16268,16269,-586823518#1,3.9330000000000003,0.5714285714285713
16270,16271,-589179135,1.1106,3.0
16272,16273,-589179136,36.7146,270.7111111111111
16274,16275,-589179144,2.4084000000000003,34.65383754288957
16276,16277,-589179147,14.0508,2.295248078266946
16278,16279,-591726489,37.9458,12.11111111111111
16280,16281,-591898302#0,2.2104,1.1238095238095238
16282,16283,-591898302#1,14.7924,0.8392857142857144
16284,16285,-591898302#10,1.1916,0.24999999999999997
16288,16289,-591898302#3,2.565,0.2280701754385965
16290,16291,-591898302#5,4.453200000000001,0.5
16296,16297,-591898302#8,11.8314,0.9166666666666666
16298,16299,-591898302#9,6.8688,0.3333333333333333
16300,16301,-591899018#0,4.2534,0.2928112215078902
16302,16303,-591899018#1,2.1708,0.11922852133255407
16304,16305,-591899019,14.254199999999999,5.11111111111111
16306,16307,-591899020#0,0.0252,0.3337138508371385
16308,16309,-591899020#1,1.9044,0.5654082528533803
16310,16311,-591899020#2,0.027,0.2534562211981567
16312,16313,-591899020#3,1.2096,0.37788018433179715
16314,16315,-594229006,1.9098,0.2505328011779748
16316,16317,-595914500,13.7034,68.7
16318,16319,-595914502,0.0648,0.0
16320,16321,-595914503#0,9.0846,1.1999999999999997
16324,16325,-596787045,7.4358,1.0
16326,16327,-596846691,11.5452,34.25
16328,16329,-596846692,2.5794,0.28571428571428553
16332,16333,-60064938#0,6.8472,0.8117647058823527
16334,16335,-60064938#1,5.0454,0.6873938158341828
16336,16337,-60064938#2,7.1514,0.6011285487568333
16338,16339,-60064938#3,11.205,1.2124719940253919
16340,16341,-60064938#4,0.2376,0.24757575757575756
16342,16343,-60066780,39.796200000000006,10.238095238095235
16344,16345,-60100821#0,12.5982,1.3376289158491521
16346,16347,-60100821#1,6.3288,0.8681181775035595
16348,16349,-60100821#3,9.5364,0.6614685741406195
16350,16351,-60100821#4,2.403,16.85948588550701
16356,16357,-602098904#2,0.774,0.25
16358,16359,-602098904#3,1.4382000000000001,0.1666666666666667
16360,16361,-602098904#4,0.0414,0.9888888888888889
16362,16363,-602098904#5,0.8748,0.7
16364,16365,-602098904#6,0.7992,0.16666666666666669
16372,16373,-60773453#2,8.19,0.0
16374,16375,-60995199#1,233.8902,128.0
16376,16377,-60995199#2,176.3802,139.89743589743588
16378,16379,-60995199#3,94.5576,60.58426966292137
16380,16381,-611319805,35.326800000000006,6.933333333333333
16382,16383,-611319807#0,1.3032,0.28785250390675404
16384,16385,-611319807#2,19.6146,3.5603850267379697
16386,16387,-611319807#3,0.2124,0.20740425531914886
16388,16389,-611319810,44.5086,10.570392624054703
16390,16391,-611319811#0,93.24180000000001,40.5
16394,16395,-611319827,15.6456,16.59963663279726
16396,16397,-611569239#0,5.1857999999999995,103.08974358974359
16398,16399,-611569243,18.6192,29.41071428571429
16400,16401,-611569255,7.479000000000001,130.92753623188406
16402,16403,-611569261,5.7078,0.0
16404,16405,-611569263,5.3028,0.5
16408,16409,-611624476#3,0.31679999999999997,0.0
16410,16411,-612075145#0,0.279,1.6666666666666667
16412,16413,-612075145#1,0.1422,0.21428571428571425
16414,16415,-612075145#2,15.4494,2.5000000000000004
16416,16417,-612075145#3,0.6084,0.4
16418,16419,-612075153#0,4.9914000000000005,21.219378486055774
16420,16421,-612075158#1,1.9260000000000002,0.3006535947712419
16422,16423,-612084389,13.885200000000001,0.0
16430,16431,-612084400,66.5442,12.33333333333334
16432,16433,-612084401#1,11.5776,376.7056451612905
16434,16435,-612087342,7.9308,0.0
16436,16437,-61318930#0,2.1834000000000002,1.2748226950354613
16438,16439,-61318930#1,0.25020000000000003,0.465873015873016
16440,16441,-61318930#2,1.8881999999999999,0.25402298850574706
16442,16443,-61318930#3,6.5448,1.2783251231527097
16444,16445,-61326419,0.6354,3.174242424242424
16446,16447,-61326420,15.390000000000002,2.8849206349206358
16452,16453,-61326427#0,30.438000000000002,6.635294117647058
16454,16455,-61326427#1,32.7654,5453.7485300768885
16458,16459,-614738714,1.5822,1.1136363636363635
16460,16461,-614738715,4.9212,0.33333333333333337
16462,16463,-614738716,4.9626,2.0
16466,16467,-614738718#0,5.3586,6281.915343915344
16468,16469,-614738718#1,3.1896,271.6958333333334
16470,16471,-614738718#2,0.9972000000000001,0.7111111111111112
16472,16473,-614738718#3,0.6930000000000001,0.29999999999999993
16474,16475,-614738718#4,0.6030000000000001,0.3333333333333333
16476,16477,-614738718#5,5.121,0.0
16478,16479,-614738719#0,0.6678000000000001,8.355731225296445
16480,16481,-614738719#1,5.9022,412.4229249011858
16482,16483,-614738719#2,0.8928,0.9625000000000001
16484,16485,-614738719#3,0.7704,1.4666666666666672
16486,16487,-614738719#4,0.8676,1.0329670329670326
16488,16489,-614738719#5,0.8874,1.3589743589743586
16490,16491,-614738719#6,8.877600000000001,2.410526315789473
16492,16493,-614738720,21.862800000000004,7.5715725806451495
16494,16495,-614738721,3.1464,290.9535290006989
16496,16497,-614738722,9.201600000000001,2.285714285714285
16498,16499,-61595541,68.5746,18.0
16500,16501,-61671904,5.6196,23.2420007621951
16502,16503,-61687506,4.6908,1.2678571428571428
16510,16511,-61909838#0,9.8118,1083.0857142857137
16512,16513,-61909838#1,10.3986,0.5004389815627743
16514,16515,-61909838#2,2.6856,0.2359525899912204
16516,16517,-61909838#3,2.3616,0.4108867427568042
16518,16519,-61909838#4,11.0934,0.5726775956284149
16520,16521,-61909838#5,6.1272,0.4976958525345622
16522,16523,-61940355,18.7938,8019.460615326085
16524,16525,-61940356,2.5866000000000002,3228.0381864177625
16526,16527,-62011795,6.0767999999999995,0.0
16528,16529,-62011796#0,6.114599999999999,2.7564102564102555
16530,16531,-62011797#4,6.498,0.25
16532,16533,-62011798#0,6.048,13.290476190476193
16534,16535,-62011798#1,23.517,3.075396825396825
16536,16537,-62011799#0,2.529,0.0
16540,16541,-62011804#4,15.588000000000001,0.0
16542,16543,-62011808,6.0534,0.24999999999999992
16544,16545,-620167544,28.0944,3.6559640781251725
16546,16547,-623402294,16.8318,5.0666666666666655
16550,16551,-623402296#0,13.5288,4.2727272727272725
16552,16553,-623402296#1,13.536,2.249999999999999
16554,16555,-623402296#2,12.1734,2.628787878787879
16558,16559,-623402297#1,13.6332,2.904761904761905
16560,16561,-624350642,14.5098,3.21245881918718
16562,16563,-627181816,0.0648,0.36363636363636387
16564,16565,-627181817,0.0648,0.0
16566,16567,-627181818#0,8.5068,4.927744922752486
16568,16569,-631766893,51.13440000000001,17.592592592592595
16570,16571,-631839135#0,3.6162,0.0
16572,16573,-631839135#1,8.757000000000001,0.0
16580,16581,-633628836,24.746399999999998,0.0
16582,16583,-636801029,32.9868,0.0
16584,16585,-63709069#0,3.6288,191.1263197586727
16586,16587,-63709069#1,3.231,1.8771929824561413
16588,16589,-63709074,13.645800000000001,0.25
16590,16591,-63709075#0,3.6288,171.2843137254902
16592,16593,-63709075#1,3.231,2.5311827956989252
16596,16597,-63709080#0,23.4936,0.3333333333333335
16598,16599,-63709080#1,1.1880000000000002,0.0
16600,16601,-63709081,82.33019999999999,0.0
16602,16603,-63709082#0,38.7558,6.142857142857143
16604,16605,-63709082#1,1.1880000000000002,0.9238095238095234
16606,16607,-638758710#0,28.0134,5.699999999999998
16608,16609,-638758710#1,8.1036,1.7000000000000002
16610,16611,-640370488,9.8766,2.044444444444444
16612,16613,-640370489,9.7416,0.3333333333333333
16614,16615,-640370491,12.6324,2.2
16616,16617,-640370546,20.680200000000003,1.333333333333334
16618,16619,-640370561,14.0436,0.0
16620,16621,-64080426#0,0.0648,0.0
16622,16623,-64080426#1,1.359,0.0
16624,16625,-64089736,4.888800000000001,2.72095462890113
16626,16627,-64092194,25.848,4.449392712550605
16628,16629,-64203752,2.3382,0.0
16634,16635,-64203761,5.5008,0.0
16636,16637,-64215831,25.155,0.5
16638,16639,-64215833,33.309,2.0
16640,16641,-64215835#0,15.355800000000002,1.666666666666667
16642,16643,-64215835#1,49.9086,11.7
16644,16645,-64215835#2,28.1556,0.0
16646,16647,-64279751,44.109,16.617647058823522
16648,16649,-643314345,64.8558,0.0
16650,16651,-64442505,8.181000000000001,3566.505281690141
16654,16655,-64442509#0,9.0432,0.35435435435435436
16656,16657,-64442509#1,1.0602,0.42342342342342343
16658,16659,-64442509#2,27.322200000000002,2.8933236574746033
16660,16661,-64442509#3,52.14960000000001,8.357466063348417
16662,16663,-644489725#1,1.4472,0.0
16664,16665,-644489725#2,1.4796,0.2666666666666666
16666,16667,-644489725#3,8.2062,40.48888888888889
16668,16669,-644489726,7.608600000000001,0.7
16670,16671,-64464377#1,23.913,8.035087719298247
16672,16673,-64464377#2,8.5968,0.23333333333333325
16674,16675,-64464377#3,1.5642,0.26785714285714274
16678,16679,-65047492#0,6.0552,11.717924400487739
16680,16681,-65047492#1,30.4056,5.823059360730596
16682,16683,-65047492#2,36.007200000000005,6.15021770682148
16684,16685,-65047492#3,0.0432,1.9677018633540377
16686,16687,-65047492#4,7.6212,1.7591367908109976
16688,16689,-65047492#5,18.4662,9.977628822790114
16690,16691,-653473568#0,2.5416,0.3592094159449253
16692,16693,-653473568#1,6.9336,0.5138822824727377
16694,16695,-653473569#0,2.1654,0.4563113666519243
16696,16697,-653473569#2,20.5956,8.77648469630023
16698,16699,-653473569#3,7.911,15.202718360071305
16700,16701,-653473569#4,3.6216,0.41208741954569106
16702,16703,-653473569#5,5.8482,0.5474834035969363
16704,16705,-653473569#6,1.7712,1782.8781078834118
16706,16707,-653473569#7,5.7780000000000005,3218.4678590295066
16712,16713,-666132823#0,0.0648,1.6428571428571428
16714,16715,-666132823#1,19.9224,1.7
16716,16717,-666132823#2,0.0648,0.25
16718,16719,-666132824,29.084400000000002,0.0
16720,16721,-666132825#0,31.267799999999998,0.0
16722,16723,-666132825#1,2.1852,0.0
16726,16727,-672008260#1,15.186599999999999,1.6666666666666667
16730,16731,-67237928#0,25.929,4.111111111111111
16732,16733,-67237928#1,8.0118,0.6284584980237153
16734,16735,-67237928#2,7.7112,2.5057471264367828
16736,16737,-67237950,9.8712,0.5
16738,16739,-67237955#0,13.833,1.0120253164556956
16740,16741,-67237955#1,0.2088,0.20743670886075957
16742,16743,-67237955#2,30.042,2.0
16746,16747,-67237958#1,12.3966,180.93916114790287
16748,16749,-67237958#2,1.0746,0.17562913907284766
16750,16751,-67237958#3,1.4598000000000002,0.23964679911699777
16752,16753,-67237958#4,2.9448,1.0447682119205302
16754,16755,-67237958#5,1.9224,0.16488153197013952
16758,16759,-67237972#0,1.2078000000000002,0.38333333333333336
16760,16761,-67237972#1,0.49500000000000005,0.17142857142857143
16762,16763,-67237972#2,0.4374,0.23809523809523808
16764,16765,-67237972#3,0.4464,0.0
16766,16767,-67237972#4,0.747,0.2777777777777778
16768,16769,-67237972#5,0.2646,0.11111111111111115
16770,16771,-67237972#6,1.2366000000000001,0.2777777777777778
16772,16773,-67237972#7,0.8316,0.2727272727272727
16774,16775,-67237979#0,1.0404,0.27681992337164746
16776,16777,-67237979#1,13.5738,0.971096196868008
16778,16779,-67237979#2,6.6941999999999995,1.0673861781244327
16780,16781,-67237985#0,9.981,5.666666666666668
16782,16783,-67237985#1,44.751599999999996,22.0
16784,16785,-67237985#2,7.7022,1.2666666666666668
16788,16789,-67238002,28.1628,0.0
16790,16791,-67238004,46.2654,0.0
16794,16795,-67238006#1,1.7118,0.0
16796,16797,-67238006#2,1.5354,0.0
16798,16799,-67238006#3,1.764,0.0
16800,16801,-67238006#4,0.0648,0.0
16804,16805,-67238006#6,0.6030000000000001,0.24999999999999997
16806,16807,-67238010,42.8994,0.0
16808,16809,-67238013,2.7936,59.49333333333333
16810,16811,-67238016#0,3.5262000000000002,0.4102564102564103
16812,16813,-67238016#1,1.2726,0.35618183265663544
16814,16815,-67238016#2,3.0888,0.7013198757763975
16816,16817,-67238024,33.4494,1.3
16818,16819,-67238025#0,36.1494,5.858974358974359
16820,16821,-67238025#1,6.6978,0.46753246753246736
16824,16825,-67238031#1,1.0332,0.5
16826,16827,-675026434#1,5.1318,0.5
16828,16829,-675026434#2,41.4,5.500000000000002
16830,16831,-675026435#0,10.2816,0.5
16834,16835,-675026436#0,4.5558000000000005,0.9166666666666669
16836,16837,-675757784#0,16.5852,3.4285714285714293
16838,16839,-675757784#1,14.4396,0.7857142857142856
16840,16841,-675757784#2,9.010800000000001,0.5454545454545454
16842,16843,-675757784#3,4.4478,0.32398753894081
16844,16845,-675757784#4,3.0330000000000004,1.0515749394254068
16848,16849,-675757785#1,1.2078000000000002,0.3333333333333333
16850,16851,-675757785#2,12.740400000000001,2.0000000000000004
16852,16853,-675757785#3,45.54,3.6999999999999997
16854,16855,-675757785#4,5.814,0.2999999999999999
16856,16857,-676400899,9.1944,1.7
16858,16859,-677165951,13.7592,146.49999999999997
16860,16861,-677165952,2.9646,144.5
16862,16863,-677165953#0,8.508600000000001,1.0
16864,16865,-677165953#1,49.345200000000006,18.0
16866,16867,-677541740#0,4.7106,0.7332264100507883
16868,16869,-677541740#1,19.8648,8.74882154882155
16870,16871,-678309990#0,0.0648,30.553571428571427
16872,16873,-679514632,2.2734,26.9047619047619
16874,16875,-679514635,17.1648,2.3
16876,16877,-682620734#1,4.1616,0.0
16882,16883,-682620738#0,5.2416,0.0
16890,16891,-69556532#0,1.5966,1.5526910900045228
16892,16893,-69556532#1,0.2196,0.8809523809523808
16894,16895,-69556532#2,0.621,0.8062678062678059
16896,16897,-69556532#3,0.0648,0.2857142857142857
16900,16901,-700272068,1.8252000000000002,15.510531850154445
16902,16903,-700272075#1,2.988,0.33333333333333326
16904,16905,-700272077,2.3382,17.572252819302385
16906,16907,-700668007#0,35.269200000000005,4.566666666666666
16908,16909,-700668007#1,28.897199999999998,4.799999999999999
16910,16911,-700668008,7.111800000000001,2.9166666666666665
16912,16913,-701585558,5.5908,1.0
16914,16915,-701585559,3.3516000000000004,8.666666666666668
16916,16917,-701585562,5.0832,0.8392857142857143
16920,16921,-708784615#0,0.0324,0.9166666666666669
16926,16927,-708784616#1,10.4004,1549.8287155627581
16928,16929,-708784621,7.5618,31.55555555555556
16930,16931,-708784622,7.5456,2.1944444444444446
16932,16933,-708784623,7.65,171.61904761904762
16934,16935,-708784624#0,13.5558,4.285714285714288
16936,16937,-708784624#1,0.0648,4.090017825311942
16938,16939,-708784625#1,0.0648,10.43243243243243
16940,16941,-710645363,13.9266,0.0
16942,16943,-710645378,8.1036,0.5714285714285714
16944,16945,-710645391,2.673,0.11935392206248958
16946,16947,-710645392,0.2844,0.24830472352462515
16948,16949,-714371902,12.8772,2.4291666666666667
16950,16951,-716773937,57.8268,0.5
16952,16953,-71809618#0,7.554600000000001,1410.4126942666844
16954,16955,-71809618#1,2.6550000000000002,0.2869106699751863
16956,16957,-71809618#3,7.0884,0.5400524050159093
16958,16959,-71809618#4,6.6852,1.5984474728307747
16960,16961,-71809618#5,4.3902,0.5866366596764018
16962,16963,-718481091#0,6.7752,2280.9672733958437
16964,16965,-718481095,5.5458,1.2021091811414393
16966,16967,-718481097#1,12.5316,314.63829787234044
16968,16969,-718481097#2,0.12240000000000001,0.0
16970,16971,-718481097#3,4.134600000000001,0.0
16972,16973,-718481107,2.1726,5868.553584018804
16974,16975,-718797712#0,151.7058,284.7000000000001
16976,16977,-718797712#2,55.7226,48.7
16978,16979,-718797712#3,128.8818,66.66666666666669
16980,16981,-718800194#0,8.4042,1.9912457912457908
16986,16987,-718828178#1,2.529,193.78824695085996
16988,16989,-718828179#1,0.6912,51.05231501100433
16990,16991,-718828179#1.15,2.367,1274.6385518370118
16992,16993,-718828183#0,9.423,184.81242702251876
16994,16995,-718828183#1,7.1334,38.30598823122185
16996,16997,-718828183#2,3.2328,2.2249775381850854
16998,16999,-718828183#4,25.331400000000002,3.459594475462825
17000,17001,-718828183#5,29.8638,4.0379278445883475
17002,17003,-718828184#0,10.125,285.98550251018276
17004,17005,-718828184#1,7.264799999999999,97.9585428528241
17006,17007,-718828185#0,10.6164,599.7659090909091
17008,17009,-718828185#1,9.018,59.98653846153845
17010,17011,-718828185#2,26.964000000000002,2424.966734371474
17012,17013,-718828185#3,3.7800000000000002,163.071679197995
17014,17015,-718828186#0,19.5642,1943.410022987025
17016,17017,-718828186#1,2.241,67.07672792323952
17018,17019,-718844696,0.33840000000000003,0.2352941176470588
17020,17021,-718844697#0,3.7836,0.3333333333333333
17022,17023,-718844697#1,4.2966,0.40952380952380957
17024,17025,-718844698#0,10.2726,0.19230769230769243
17026,17027,-718844698#1,0.6588,0.14102564102564105
17028,17029,-718844698#2,10.524600000000001,0.6025641025641028
17030,17031,-718844698#3,3.6468,0.6910460992907801
17032,17033,-718844698#4,0.1566,0.1515151515151515
17034,17035,-718844698#6,4.7304,0.288135593220339
17036,17037,-718844698#7,3.8124,39.36684684684685
17038,17039,-718850686#1,8.4852,2.5556125902946705
17040,17041,-718850686#1.225,7.9416,54.93338125611198
17042,17043,-718850686#1.88,10.8108,0.8841576849254397
17048,17049,-718926969#0,6.6941999999999995,0.5560010692328252
17050,17051,-718926969#1,11.979000000000001,1.3980219192729213
17052,17053,-71900674#0,5.4234,531.0256410256411
17054,17055,-71900674#1,5.9472,0.5444444444444445
17056,17057,-71900674#2,4.179600000000001,1.4333333333333333
17058,17059,-71900674#3,17.526600000000002,0.7999999999999996
17060,17061,-71900676,15.8076,2.0
17062,17063,-719015092,3.8268,1.421538461538461
17064,17065,-719015093,2.4768,0.33477011494252884
17066,17067,-719015094#0,2.1564,0.19234496124031003
17068,17069,-719015094#1,3.3588000000000005,0.4108636811023621
17078,17079,-72475178#4,63.9234,40.5
17082,17083,-72475188#0,1.4022000000000001,0.0
17086,17087,-72475188#10,8.638200000000001,0.6666666666666666
17092,17093,-72475188#4,15.915600000000001,0.0
17100,17101,-72475188#8,21.6522,8.0
17102,17103,-72475188#9,54.7902,0.0
17104,17105,-72475192,39.6846,0.5
17106,17107,-72475196#0,22.134600000000002,0.0
17108,17109,-72475196#1,26.0964,0.0
17112,17113,-72475201#1,6.0858,0.0
17126,17127,-72562650,34.344,4.069261166813968
17134,17135,-72562672,10.3968,1.1271758832643042
17136,17137,-72562674#0,83.07900000000001,31.300000000000004
17138,17139,-72562674#1,88.236,28.700000000000003
17140,17141,-72562675,15.413400000000001,0.3333333333333335
17150,17151,-72562699,2.1546000000000003,0.25862068965517243
17152,17153,-72562708,6.6186,2.1777777777777776
17154,17155,-72562710,8.1288,2.2660098522167487
17156,17157,-726080889#0,2.0736,0.33333333333333337
17158,17159,-726080889#1,2.1402,0.0
17160,17161,-726080889#2,2.4138,1.142857142857143
17162,17163,-726080889#3,2.1654,0.19999999999999996
17164,17165,-726080889#4,3.0906000000000002,0.0
17166,17167,-726080889#5,2.7324,0.0
17168,17169,-726080890,18.5994,5.206659619450317
17170,17171,-726080896#1,8.541,220.5
17172,17173,-726080898#0,49.0248,0.5
17174,17175,-726080899,4.5522,226.33333333333331
17176,17177,-726514446,0.387,237.07165461319303
17178,17179,-726514447,0.0648,420.65341614906833
17180,17181,-726514448#0,7.0614,2336.3396378269617
17182,17183,-726514448#1,0.0648,1.4545454545454546
17184,17185,-726514448#2,7.642800000000001,72.0
17186,17187,-726514451#1,1.6560000000000001,60.65268099109565
17188,17189,-726514451#1.22,2.1078,1313.5135739705142
17190,17191,-726514451#2,1.7622,4.575268817204301
17192,17193,-726514451#3,3.222,0.4489795918367347
17194,17195,-726514453#1,5.085000000000001,2014.494020728142
17196,17197,-726514453#2,16.7814,28.807424005411587
17198,17199,-726514453#3,4.8384,0.7141903531438413
17200,17201,-726514454,2.034,0.25222353671308295
17202,17203,-726515358,25.8156,0.0
17204,17205,-726515361,0.8766,0.9448354675627402
17206,17207,-726515362,0.0648,28.690476190476186
17208,17209,-726515363,16.4232,5.095238095238096
17210,17211,-72883541#0,7.8552,8.548077307031907
17212,17213,-72883541#1,5.7132,39.977660390218965
17214,17215,-72883541#2,18.774,0.0
17216,17217,-72883541#3,36.534600000000005,18.806324110671934
17218,17219,-72883544#1,10.4346,1.4999999999999998
17220,17221,-72883546,1.7334,1.6
17222,17223,-72883554,6.0047999999999995,7.088235294117647
17224,17225,-72883558#0,13.3614,3.0769230769230766
17226,17227,-72883558#1,0.8766,0.0
17228,17229,-72883559,72.7704,88.47619047619048
17232,17233,-746483005#1,5.2308,813.896080379508
17234,17235,-746483006#1,4.635000000000001,449.8063490772863
17236,17237,-746483006#2,3.087,532.9714003462248
17238,17239,-746483006#3,5.0364,846.4145231111326
17240,17241,-746483006#4,2.2968,216.10325248663824
17242,17243,-746483006#5,7.2432,937.9650494632173
17244,17245,-746483006#6,2.9556,327.71077729364094
17246,17247,-746700170#0,10.216800000000001,1.8666666666666667
17248,17249,-746700170#1,0.0648,0.25
17250,17251,-746700171,1.7514,0.2706655499001357
17256,17257,-746700173#0,9.869399999999999,34.60291355768743
17258,17259,-746700174,3.3120000000000003,0.9666666666666668
17260,17261,-746700175,1.4562000000000002,1.2184615384615385
17262,17263,-746700176,31.824,12.714285714285708
17264,17265,-746700180#1,4.5414,2.24748936170213
17266,17267,-746700181#0,2.457,1.7025794684731634
17268,17269,-746700181#0.55,3.3876,0.366291144200627
17270,17271,-746700182,8.504999999999999,64.3485323426405
17272,17273,-746700183#1,1.4849999999999999,89.17238642921916
17274,17275,-746700186#0,1.2276,0.4999999999999999
17276,17277,-746700186#2,3.6971999999999996,1.2999999999999994
17278,17279,-747007933#0,3.3732,0.2545454545454546
17280,17281,-747007936,1.5678,226.5714285714286
17282,17283,-747322623,38.9232,0.0
17286,17287,-749560260,6.6492,5.819460017804598
17288,17289,-749560261,7.4052,693.6653153331479
17290,17291,-749560273,3.7296,2047.2886152147641
17292,17293,-749560274#2,9.7758,31994.46774193548
17294,17295,-75123311,147.7008,449.3333333333333
17296,17297,-75123338,32.9562,1.5000000000000007
17298,17299,-75123439,137.2374,69.80882352941175
17300,17301,-75123444,180.89100000000002,196.87816091954016
17302,17303,-75123449,100.79639999999999,38.272727272727266
17304,17305,-752837945#0,6.048,2721.664502164502
17306,17307,-752837945#1,0.0648,0.22916666666666669
17308,17309,-752837946,14.814000000000002,1.1944444444444444
17310,17311,-753083360#0,11.156400000000001,57512.90466493013
17312,17313,-753083360#1,6.3252,13058.82220021276
17314,17315,-753083360#2,0.0648,379.6002201821164
17316,17317,-753083360#3,3.5478,5353.3772788965925
17318,17319,-753083361,14.209200000000001,57485.32066259808
17320,17321,-75405815,30.529799999999998,6.2651515151515165
17322,17323,-75405816,10.6218,0.9809523809523808
17324,17325,-754318765#0,3.6738,0.0
17326,17327,-754318765#1,0.0648,0.33333333333333337
17330,17331,-754318767,9.864,8.0
17332,17333,-758073515,21.4956,1.583333333333333
17334,17335,-758073516,0.0648,0.12500000000000006
17336,17337,-76236410#0,6.615,0.5
17338,17339,-76236410#1,36.9828,21.0
17340,17341,-763360618,12.69,3.2380952380952386
17342,17343,-764189466,4.4748,2.9166666666666665
17344,17345,-765244914#1,1.512,33108.19607843137
17346,17347,-765541113,1.9008,0.0
17348,17349,-765779075,4.131,0.0
17352,17353,-767516513,23.549400000000002,0.0
17354,17355,-768560222,22.9536,7.226480836236931
17358,17359,-77033040,12.24,77455.18625992065
17360,17361,-770768081,17.289,1.9237117359178575
17362,17363,-770847746,21.628800000000002,2.333333333333335
17364,17365,-771682710#0,18.280800000000003,2901.230769230769
17366,17367,-771682710#1,0.8388000000000001,5.288888888888888
17368,17369,-77169979,18.5724,2.7636363636363637
17370,17371,-771705191#0,2.0627999999999997,64.71111111111111
17372,17373,-771705191#1,18.36,0.0
17374,17375,-771705191#2,18.0288,0.0
17376,17377,-771705192,20.4966,1.5833333333333341
17378,17379,-771710367,0.0648,6828.036796536796
17380,17381,-772879616,15.287400000000002,2.0070707070707083
17382,17383,-772879617#0,6.5988,0.33333333333333326
17384,17385,-772879617#1,4.7304,0.7
17386,17387,-772913612#3,9.036,1.9181286549707603
17388,17389,-774543488#0,5.6178,686.7
17390,17391,-774543488#1,13.253400000000001,2.5
17392,17393,-774543489,11.1726,1.333333333333333
17394,17395,-774543490#0,18.243,46901.32417582418
17396,17397,-774543490#1,31.248,2.476190476190477
17398,17399,-774543491,12.5928,0.0
17400,17401,-774631638#0,23.3928,4.0
17402,17403,-774631638#1,14.4684,2.3333333333333326
17404,17405,-774631639,27.4734,0.0
17406,17407,-775009293,29.062800000000003,2.0
17410,17411,-77526509#0,10.5732,0.8846153846153846
17412,17413,-77526509#1,23.4324,1.780952380952381
17414,17415,-77526509#2,22.314600000000002,1.333333333333333
17420,17421,-775849466,6.6941999999999995,1.6190476190476186
17422,17423,-775903823,16.7112,1.6999999999999997
17424,17425,-775903824,6.912,1.0
17426,17427,-775904955,20.9466,1622.652421652421
17428,17429,-775906581#0,32.9958,0.0
17430,17431,-775906581#1,23.619600000000002,12.5
17432,17433,-775906582#0,0.6984,0.4
17434,17435,-775906582#1,18.2952,0.9999999999999997
17436,17437,-775906582#2,0.0648,0.0
17438,17439,-775906583#0,26.1486,45.2
17440,17441,-775906583#1,0.8748,0.33333333333333326
17442,17443,-776461317,13.9176,7450.333333333333
17444,17445,-77670311#0,45.3276,9.243589743589743
17446,17447,-77670311#1,2.241,0.23076923076923073
17448,17449,-776815479,5.9346000000000005,0.19999999999999996
17450,17451,-776923595#1,27.171000000000003,15.654545454545445
17452,17453,-776943061#1,15.183000000000002,393.21652421652414
17454,17455,-777420322,0.35640000000000005,1.0967741935483866
17456,17457,-778163219#0,1.7189999999999999,1.1742424242424243
17458,17459,-778163219#1,0.0648,95.06111111111113
17460,17461,-778163219#2,16.6626,9613.173033707866
17462,17463,-778163219#3,6.579,2588.8463636363626
17464,17465,-778486948,5.135400000000001,1.3777777777777782
17466,17467,-778486949#0,11.356200000000001,4.5
17468,17469,-778486949#1,4.1238,0.15151515151515157
17470,17471,-778486950,14.0724,23571.016835016846
17472,17473,-778859032#0,6.6240000000000006,0.0
17476,17477,-77912237,5.0454,0.24999999999999997
17478,17479,-77912241#0,12.294,1.0904761904761906
17480,17481,-77912241#1,11.0844,0.8710526315789474
17482,17483,-77912268,19.4886,12.839285714285719
17484,17485,-779289934,13.41,1.333333333333334
17486,17487,-779463170,14.6322,2.3863636363636362
17488,17489,-779561592,14.3964,3.527777777777778
17490,17491,-779561593,12.7854,4.5
17492,17493,-779561594,26.4816,0.5
17494,17495,-779867058,15.7914,2.0
17496,17497,-779963063#0,4.8042,39.46666666666666
17498,17499,-779963063#1,0.7704,0.26785714285714285
17500,17501,-779963063#2,37.065599999999996,0.0
17502,17503,-779963065,16.7634,0.0
17504,17505,-779963066,1.0368,0.0
17506,17507,-779963080,9.251999999999999,8.0
17508,17509,-779963083#0,6.2874,1.5833333333333333
17510,17511,-779963083#1,3.4379999999999997,0.9924242424242423
17512,17513,-779963083#2,4.6944,1.5
17514,17515,-779963086,4.6044,0.33333333333333326
17516,17517,-779963090,4.4388000000000005,1.5000000000000002
17518,17519,-779963104#0,2.1114,4.993333333333333
17520,17521,-779963104#1,0.28800000000000003,121.56249999999999
17522,17523,-779963104#2,34.0506,9.333333333333334
17524,17525,-779963108#0,0.0648,27.621428571428567
17526,17527,-779963108#1,0.36540000000000006,12.918346774193546
17528,17529,-779963108#2,41.947199999999995,18.666666666666668
17530,17531,-779963108#3,0.1746,5.69090909090909
17532,17533,-779963109,14.432400000000001,3.8974358974358965
17534,17535,-779963111#0,0.6768000000000001,225.38970588235296
17536,17537,-779963111#1,10.2276,100.81060606060605
17538,17539,-779963112,0.0648,0.21428571428571425
17540,17541,-779963113#0,26.472600000000003,5.766666666666666
17542,17543,-779963113#1,2.1078,2.2500000000000004
17544,17545,-780085522,10.6578,0.5
17548,17549,-780108803#0,0.0648,1.1636363636363634
17550,17551,-780108803#1,1.2564,0.25974025974025977
17552,17553,-780108803#2,0.0648,5.339999999999997
17554,17555,-780108804,0.0648,0.6944444444444444
17556,17557,-780108805,9.1872,12563.887420718815
17558,17559,-780144784#0,0.0774,0.25
17560,17561,-780144784#1,77.5494,0.0
17562,17563,-780144784#2,0.0648,0.3
17564,17565,-780151719,12.357000000000001,1.0000000000000002
17566,17567,-780151720,10.326600000000001,4.0
17568,17569,-780151721#0,5.6106,2.1061538461538465
17570,17571,-780151722,13.366800000000001,2.8571428571428577
17572,17573,-780151723,7.7634,4.141025641025641
17574,17575,-780206711,3.3120000000000003,2754.080971659919
17576,17577,-780208933#1,32.7438,3042.0
17578,17579,-780399589,15.2388,5.583333333333332
17580,17581,-780400470,19.6902,0.7999999999999995
17584,17585,-780400472,12.753,0.0
17586,17587,-780403241,5.3352,0.0
17590,17591,-780488951,15.9282,0.0
17592,17593,-780592074,0.5508,0.1714285714285714
17594,17595,-780592075#0,2.2086,0.0
17596,17597,-780592075#1,7.209,1.3611111111111118
17600,17601,-780592076#1,1.3212,0.0
17602,17603,-780592077,1.1034,0.8095238095238096
17604,17605,-780592078,3.1014000000000004,0.9166666666666666
17606,17607,-780592079#0,0.7938000000000001,0.0
17608,17609,-780592079#1,0.1368,0.5
17612,17613,-780863324,10.4436,1.9560439560439566
17620,17621,-780913598#0,1.6740000000000002,0.890909090909091
17622,17623,-780913598#1,17.8092,3.9047619047619047
17624,17625,-780913599#0,1.971,1.333333333333333
17626,17627,-780913599#1,12.506400000000001,2.285714285714286
17628,17629,-780951181#0,0.8154,0.8095238095238093
17630,17631,-780951181#1,8.8146,1.5636363636363633
17632,17633,-780951181#2,17.6472,0.5
17634,17635,-781302071#0,0.9612,0.0
17638,17639,-781302072,8.3628,0.24999999999999992
17642,17643,-781741850#1,2.403,2.25
17644,17645,-782708741,21.4218,9.238095238095243
17646,17647,-782710385#1,0.0972,0.0
17648,17649,-782710385#2,20.1456,1.0
17650,17651,-782710385#3,0.0648,0.25000000000000017
17652,17653,-782710385#4,9.145800000000001,3.9821428571428585
17654,17655,-782710386,20.079,1.0
17656,17657,-782710387,10.9008,2.3333333333333335
17658,17659,-783738404,59.5836,0.0
17664,17665,-784165402,8.055,0.0
17666,17667,-784252394,28.1322,17.866666666666664
17668,17669,-785784586,13.1562,6.0
17670,17671,-785858199#0,0.8226,0.5428571428571428
17672,17673,-785858199#1,0.2646,2.25
17674,17675,-785858200,5.6322,1.2857142857142858
17676,17677,-785858201,6.7986,0.0
17678,17679,-785899677#0,12.2796,5.9
17682,17683,-786179513,18.0774,2.8006535947712403
17684,17685,-786471387,17.2746,7311.115789473685
17688,17689,-786572368,10.758600000000001,0.3333333333333335
17692,17693,-787084670#0,3.4218,71.3974358974359
17694,17695,-787084670#1,4.6368,0.6830065359477127
17696,17697,-787084671,22.6782,2.476190476190476
17698,17699,-787112572,11.768400000000002,0.5
17700,17701,-787388576,13.3614,4.333333333333332
17702,17703,-787388577,15.462,4.333333333333333
17704,17705,-787965027,14.115599999999999,1.7297297297297287
17706,17707,-788333204,22.257,0.0
17714,17715,-788776521#0,62.220600000000005,21.194444444444446
17716,17717,-788776521#1,32.697,4.892246835443037
17718,17719,-788776521#2,0.0648,0.611769991015274
17720,17721,-789342292#0.18,22.2822,0.5
17724,17725,-790001123,15.080400000000001,7.200000000000001
17726,17727,-790651031,32.7492,6.7
17728,17729,-791207676,19.000799999999998,6.250000000000001
17730,17731,-791259521,16.6536,6.763636363636363
17732,17733,-791264657#0,5.8626000000000005,2.2037786774628887
17734,17735,-791264657#1,7.0056,0.0
17736,17737,-791264658,6.3612,1.0625000000000004
17738,17739,-791362821,17.404200000000003,0.5
17740,17741,-791367882,21.3822,2.696428571428574
17742,17743,-791808809,9.615599999999999,7517.612554112552
17744,17745,-791808810#0,0.648,0.6025641025641025
17746,17747,-791808810#1,1.5191999999999999,158.69642857142853
17748,17749,-791808811,2.6928,1.7
17750,17751,-791808812,2.538,2.2666666666666666
17752,17753,-791808813,9.0558,1.0
17754,17755,-791808814,6.8184,0.5
17758,17759,-792046574,33.2586,12.5
17760,17761,-792511578#0,2.5182,1.6555555555555557
17764,17765,-792797765,20.2698,2.166666666666667
17766,17767,-792867568,11.026800000000001,1.6
17768,17769,-794231485,8.307,5.333333333333334
17770,17771,-794349351,22.3218,5.583333333333332
17772,17773,-794349352,14.1444,942.3333333333334
17774,17775,-794349354#0,0.0648,0.6410256410256409
17776,17777,-794349354#1,13.5648,49.31025641025642
17778,17779,-794349354#2,1.5768,5234.497677119629
17780,17781,-794349355,27.0126,7.095238095238094
17782,17783,-794669422,11.1978,873.9578947368419
17784,17785,-795085917,13.645800000000001,0.5
17786,17787,-795489028,16.7436,0.0
17788,17789,-795585638,31.555799999999998,2.0
17790,17791,-796248412,12.994200000000001,2.166666666666667
17792,17793,-797226140#0,0.7182000000000001,0.694871794871795
17794,17795,-797226140#1,36.9936,12.155263157894737
17796,17797,-797226140#2,42.426,16.485294117647054
17798,17799,-797327371#0,2.259,0.0
17800,17801,-797327371#1,14.457600000000001,0.0
17802,17803,-797327372,29.0646,0.0
17804,17805,-797840524,10.557,0.8909090909090909
17806,17807,-798269066#0,6.9966,1.3333333333333335
17810,17811,-798269067#0,9.0648,0.0
17812,17813,-798269067#1,6.7698,0.29999999999999993
17814,17815,-798269068,5.1408,0.0
17818,17819,-799099587,10.953,2.0
17820,17821,-799538919,6.867,0.9166666666666669
17824,17825,-800890645,36.1818,12.055555555555557
17830,17831,-801880267,20.403000000000002,1.333333333333333
17834,17835,-802847229,3.8304000000000005,1.935897435897436
17836,17837,-803024904,21.7908,0.0
17838,17839,-8033459#1,2.8296,1.1788226582747134
17840,17841,-8033459#2,38.3382,1.2999999999999994
17842,17843,-8033459#3,0.117,1.8095238095238093
17844,17845,-8033459#6,32.9184,5.299999999999998
17846,17847,-8033459#7,0.0648,0.5444444444444446
17848,17849,-8033460#1,2.9952,40.99242424242424
17850,17851,-803546304#1,52.1154,15.142857142857144
17852,17853,-803564142,27.5868,0.5
17854,17855,-803586532#1,6.9516,29360.923809523814
17856,17857,-803727017#0,8.537400000000002,124.10974488623302
17858,17859,-803727017#1,10.0854,35.6016715830875
17860,17861,-803727017#2,12.385800000000001,13.262774841032718
17864,17865,-804518765,9.9234,3.9999999999999987
17866,17867,-805074682,0.028800000000000003,0.3333333333333333
17868,17869,-805074685,12.06,0.23809523809523833
17870,17871,-80518321#0,37.7352,8.782366750717335
17872,17873,-80518321#1,6.6006,1.4004796684346283
17874,17875,-80518321#2,5.085000000000001,2.4139653911771877
17876,17877,-805893591,18.5076,3.9523809523809526
17878,17879,-805906399,11.4444,6.8
17880,17881,-805978013,13.008600000000001,0.0
17884,17885,-806941711#0,4.6854000000000005,0.27542348045249365
17886,17887,-806941711#1,0.4752,0.23755507994460542
17892,17893,-807102008,14.119200000000001,0.0
17894,17895,-807111100#0,2.2734,1.8291666666666664
17896,17897,-807111100#1,0.5075999999999999,0.7111111111111111
17898,17899,-807111100#2,1.2564,0.33333333333333337
17900,17901,-807111100#3,0.864,1.6190476190476188
17902,17903,-807111100#4,0.09000000000000001,0.14285714285714288
17904,17905,-807111100#5,3.8880000000000003,0.7999999999999998
17908,17909,-807111102,3.5028,0.0
17910,17911,-807111103,2.8386,0.0
17912,17913,-807111104,3.2706,0.0
17914,17915,-807111105,3.4452,1.5833333333333333
17918,17919,-807310151#0,19.6992,2.1233766233766236
17920,17921,-807310151#1,2.6550000000000002,0.36363636363636365
17922,17923,-807310151#2,111.6936,86.94761904761903
17924,17925,-807310151#3,34.0452,11.19444444444444
17926,17927,-807310151#4,91.6416,23.704615384615387
17928,17929,-807310152,32.2794,10.26470588235294
17934,17935,-807310417,9.333,0.0
17936,17937,-808377741,17.5788,152.0
17940,17941,-808400593,9.1854,0.0
17942,17943,-808643943,14.1084,0.0
17944,17945,-808797810,13.2642,2.0
17946,17947,-809947516,14.9472,3.0
17948,17949,-810275624,0.0684,0.37912087912087916
17950,17951,-810275626,0.0648,0.2045454545454545
17952,17953,-812556219,7.695000000000001,0.7
17954,17955,-812556220,7.8696,1.0
17956,17957,-812603023,12.7422,0.6666666666666666
17958,17959,-812603024,9.297,0.0
17960,17961,-812643950#0,30.1248,6.916666666666667
17962,17963,-812648595#0,19.872,1.0
17964,17965,-812648595#1,7.8354,17.218181818181815
17966,17967,-812648595#3,9.828,1.6619047619047602
17968,17969,-812648595#4,7.9506,2.16600790513834
17970,17971,-812648598,20.043,5.197849462365591
17972,17973,-812648599,9.122399999999999,5.366666666666665
17974,17975,-812648600,5.7438,0.0
17976,17977,-812648601,4.8294,0.0
17978,17979,-812648603,8.595,3.0
17980,17981,-812713147,35.9802,306.0261324041812
17984,17985,-812838382,17.8092,0.0
17986,17987,-813022184#0,36.7218,0.0
17988,17989,-813022184#1,2.0484,0.33333333333333326
17990,17991,-813022184#2,0.0648,0.9523809523809524
17992,17993,-813022185#0,2.7324,0.0
17994,17995,-813022185#1,3.8429999999999995,0.0
17998,17999,-813022187,13.662,1.6999999999999997
18000,18001,-813396199,6.368399999999999,1.0000000000000002
18002,18003,-813607518,22.788,0.0
18004,18005,-813800286,9.5346,4.000000000000001
18006,18007,-814515313,23.869799999999998,2.2666666666666666
18008,18009,-814691983#0,4.2732,7826.987367744138
18010,18011,-814691983#0.40,6.363,21657.95908135667
18012,18013,-814691983#1,2.0142,2166.7526617252283
18014,18015,-814691983#2,4.5504,6676.992870649206
18016,18017,-814691983#3,10.6974,16575.668497031853
18018,18019,-814691983#4.0,3.9330000000000003,3449.1019858448435
18020,18021,-814691983#4.89,6.8742,12574.55415334568
18022,18023,-814691989#0,0.0432,351.2828036128805
18024,18025,-814691989#1,1.494,2820.543424378001
18026,18027,-814691991,2.8224,31.814276473785956
18028,18029,-815004589,1.2798,0.0
18030,18031,-815226332,16.7706,2.0
18032,18033,-815412592#0,13.671,333.4390205520411
18034,18035,-815412597#0,1.3626,89.5280112044818
18036,18037,-815412597#1,3.4614000000000003,8.75391849529781
18038,18039,-815412597#2,6.1217999999999995,0.5941724941724943
18040,18041,-815412597#3,8.2026,0.6721153846153847
18042,18043,-815412597#4,16.799400000000002,1.6257597007947637
18044,18045,-815412603#0,3.9816000000000003,390.14409889539655
18046,18047,-815412608,7.5816,307.37974064479647
18048,18049,-815412608.73,2.0214,1637.6716512837015
18050,18051,-815412622,8.4438,992.6251972900837
18052,18053,-815822086#3,6.6546,0.414285714285714
18054,18055,-815822086#4,1.7226,0.2571428571428572
18056,18057,-815856347,11.854800000000001,0.0
18060,18061,-816083237#0,0.0648,0.0
18062,18063,-816083237#1,29.1852,23.299999999999997
18066,18067,-816087544,18.5076,3.952380952380952
18068,18069,-816087545,10.3104,0.0
18110,18111,-816120713,35.2458,0.0
18114,18115,-816120714#1,12.0888,2.25
18120,18121,-816120716,4.7916,0.0
18124,18125,-816120718#0,0.0648,0.0
18136,18137,-816120719,4.0212,0.5
18140,18141,-816120721,3.4704,0.0
18144,18145,-816126529,4.1886,0.33333333333333326
18146,18147,-816129711,12.231,0.9166666666666671
18148,18149,-816133986#1,20.449800000000003,2.065593561368211
18150,18151,-816133986#1.103,4.642200000000001,401.0109546165885
18152,18153,-816162125,10.467,0.8611111111111116
18154,18155,-816162126,24.5466,4.5
18156,18157,-816162127,31.532400000000003,0.5
18158,18159,-816162128#0,1.6254000000000002,0.7566137566137564
18160,18161,-816162128#1,18.981,3.388888888888887
18164,18165,-816162128#3,0.0648,0.0
18166,18167,-816162128#4,18.8118,1.5999999999999996
18170,18171,-816162129#1,2.1294,0.0
18174,18175,-816162131#1,17.7984,0.0
18176,18177,-816162131#2,2.4444000000000004,0.3333333333333335
18178,18179,-816162132#0,0.9846000000000001,1.0000000000000002
18180,18181,-816162132#1,24.1218,0.9999999999999999
18182,18183,-816162133,32.360400000000006,32.0
18184,18185,-816162134,8.8794,2.0
18190,18191,-816170760,51.8958,0.0
18196,18197,-816174618#1,14.603399999999999,0.0
18198,18199,-816174619,33.3612,4.333333333333331
18200,18201,-816175256,7.6914,0.8744588744588748
18202,18203,-816175257#0,23.7654,4.249999999999997
18204,18205,-816175257#1,7.047000000000001,0.0
18206,18207,-816175261,12.133799999999999,2.2380952380952395
18208,18209,-816178097#0,2.7324,3.837662337662338
18210,18211,-816178097#1,11.1654,1.4866310160427816
18212,18213,-816178099,4.192200000000001,1.2584670231729058
18214,18215,-816178100,6.8111999999999995,1.6358695652173916
18216,18217,-816178101,8.9712,1.6000000000000003
18218,18219,-816178102,1.8576000000000001,4.063492063492064
18220,18221,-816195562,38.489399999999996,1.0
18222,18223,-816195563,33.3198,12.25
18224,18225,-816195564,24.1776,3.6666666666666683
18226,18227,-816195565,17.317800000000002,1.333333333333333
18228,18229,-816206615#1,13.491,0.0
18230,18231,-816206616,13.2516,2.9523809523809526
18232,18233,-816209587,18.349200000000003,0.0
18234,18235,-816209588,3.0618000000000003,0.0
18238,18239,-816209590,2.8062,3.4999999999999996
18240,18241,-816209591,2.7288,0.3
18242,18243,-816209593#0,53.5788,14.377777777777785
18244,18245,-816209593#1,2.736,1.0229591836734693
18246,18247,-816209593#2,3.0042,0.4646405610753944
18248,18249,-816209594#0,0.0648,0.7777777777777778
18250,18251,-816209594#1,0.9882000000000001,0.8392857142857142
18252,18253,-816209594#2,1.557,0.6666666666666666
18254,18255,-816209594#3,1.395,0.33333333333333326
18256,18257,-816209594#4,5.6592,0.0
18258,18259,-816433141,21.798,2.0
18260,18261,-816433142,5.7366,2.0000000000000004
18262,18263,-816433143,7.153200000000001,0.9999999999999998
18264,18265,-816438820,24.9642,3.0925666199158535
18266,18267,-816438821#0,18.581400000000002,9213.266651920816
18268,18269,-816438821#1,7.918200000000001,1284.9180082951832
18270,18271,-816461641,23.0058,4.166666666666666
18272,18273,-816461642,6.336,2.25
18274,18275,-816461644#1,27.3042,11.214285714285717
18276,18277,-816461645,4.248,2.022727272727273
18278,18279,-816461646,43.1586,0.0
18280,18281,-816461647,7.5618,0.3333333333333335
18282,18283,-816461648#1,11.997,0.0
18284,18285,-816461649,9.9846,0.24999999999999992
18286,18287,-816461650,13.743,0.0
18288,18289,-816466984#1,23.4882,0.0
18290,18291,-816466985,21.985200000000003,12.5
18292,18293,-816466986#1,35.0928,84.5
18294,18295,-816466986#2,10.216800000000001,0.0
18298,18299,-816466987,9.615599999999999,0.0
18300,18301,-816466988,14.364,3.653846153846154
18302,18303,-816466989#0,1.1394,807.803448275862
18304,18305,-816466989#1,15.7104,1416.4
18306,18307,-816466989#2,21.1824,3.2111111111111135
18314,18315,-816476703#2,119.36340000000001,0.0
18316,18317,-816476703#3,0.0648,0.0
18318,18319,-816476704,11.0592,2.0
18324,18325,-816476706#1,1.9692000000000003,0.0
18326,18327,-816483538,38.419200000000004,2.0
18328,18329,-816483539#1,1.3896000000000002,2.4
18330,18331,-816483539#2,6.0084,2.7
18332,18333,-816483539#3,38.781000000000006,9.58333333333333
18336,18337,-816483540#1,39.0078,0.0
18338,18339,-816483541,25.750799999999998,0.0
18342,18343,-816483543,33.4206,0.0
18358,18359,-816501621,17.4132,2.8100840336134447
18360,18361,-816501622#0,39.771,10.894153225806457
18362,18363,-816501622#1,33.6942,9.030054644808741
18364,18365,-816504078,18.0414,0.0
18366,18367,-816504079,34.1604,9.33333333333333
18370,18371,-816504081,30.3642,3.333333333333334
18372,18373,-816504082,6.9354000000000005,0.0
18374,18375,-816504083,18.567,0.0
18376,18377,-816504084,7.8696,2.5666666666666673
18382,18383,-816506793,11.25,0.0
18384,18385,-816506794#0,0.0648,0.3333333333333333
18386,18387,-816506794#1,7.7886,2.2500000000000004
18390,18391,-816506796#0,1.3014,0.576923076923077
18392,18393,-816506796#1,15.915600000000001,0.0
18400,18401,-816506796#5,0.5147999999999999,0.0
18402,18403,-816506796#6,0.5994,0.0
18406,18407,-816506796#8,1.5894000000000001,0.0
18410,18411,-816508405#1,0.2754,772.2
18412,18413,-816508406,18.1008,0.5
18414,18415,-816511117,11.1528,2.0
18416,18417,-816511118#0,16.4952,4.5
18418,18419,-816511118#1,0.0648,0.6964285714285714
18420,18421,-816511119,3.9492,0.33333333333333326
18424,18425,-816511120#1,0.3978,0.19999999999999998
18430,18431,-816511123#0,39.6,0.0
18432,18433,-816511123#2,1.2240000000000002,0.5
18434,18435,-816511123#3,15.003000000000002,0.0
18436,18437,-816531488,8.2854,3.3
18438,18439,-816531489,13.2858,0.2999999999999998
18442,18443,-816532197,9.4014,0.25000000000000006
18444,18445,-816603268,0.5382,0.4226579520697169
18446,18447,-816603269#0,0.0648,6.486486486486486
18448,18449,-816603269#1,39.681000000000004,0.0
18450,18451,-816603269#2,3.9726,0.5205064684833474
18452,18453,-816603270#0,13.7628,2.0
18454,18455,-816603270#1,1.2653999999999999,0.33333333333333326
18456,18457,-816603270#2,0.909,2.2666666666666657
18458,18459,-816603270#3,12.576600000000001,2.809523809523809
18460,18461,-816603270#4,15.575400000000002,3.1014492753623175
18462,18463,-816603271,22.212,2.266666666666667
18464,18465,-816603272,1.1106,0.952380952380952
18466,18467,-816603273#0,6.4548,1.7035294117647062
18468,18469,-816603273#1,2.0484,0.4000698812019567
18470,18471,-816603274#0,15.5952,0.9880165289256202
18472,18473,-816603274#1,1.5372,0.8218154080854309
18474,18475,-816603274#2,46.6704,8.390773405698775
18476,18477,-816609196,1.1952,0.30000000000000004
18478,18479,-816623833#0,25.7814,6057.4355280679165
18480,18481,-816623833#1,21.3516,3138.9763352493283
18482,18483,-816623833#2,3.4415999999999998,208.97151279199122
18484,18485,-816623833#4,1.7568,123.09791939473325
18486,18487,-816623833#4.11,55.2132,5569.095734597162
18488,18489,-816623834#1,25.7814,50.5479501439892
18490,18491,-816734244,30.4128,10.916666666666663
18492,18493,-816734245,13.8204,0.0
18494,18495,-816734246,33.6942,4.333333333333335
18496,18497,-816734247#0,12.1464,4526.589743589744
18498,18499,-816734247#1,0.15839999999999999,1.9523809523809523
18500,18501,-816734247#2,29.9556,3.2
18502,18503,-816734247#3,6.9030000000000005,23286.141025641027
18506,18507,-816734249#0,0.0648,524.6083743842365
18508,18509,-816734249#1,5.841,110.8
18512,18513,-816734249#3,0.7452,0.33333333333333337
18518,18519,-816734582,25.9614,7.0
18520,18521,-816734583,6.5718,90.11764705882352
18522,18523,-816734584#0,0.279,3735.651515151514
18524,18525,-816734584#1,5.5296,6164.148275862069
18526,18527,-816734584#2,5.8662,324.92380952380955
18528,18529,-816736906,8.6112,4.0
18530,18531,-816736907,11.8206,0.0
18532,18533,-816736908,17.1648,0.0
18534,18535,-816736909,13.6584,4.5
18536,18537,-816736910,14.432400000000001,0.33333333333333304
18540,18541,-816736912,6.5808,0.0
18544,18545,-816736914#0,11.262599999999999,1.8857142857142857
18546,18547,-816736914#1,0.0648,0.4395604395604398
18548,18549,-816736914#2,0.35640000000000005,0.24999999999999997
18550,18551,-816736914#3,0.5796,0.0
18556,18557,-816736914#6,1.3212,0.0
18558,18559,-816736914#7,11.0718,0.0
18560,18561,-816736915,36.207,6.333333333333331
18562,18563,-816736916,10.6056,3.1428571428571432
18564,18565,-816739558,16.686,2.5
18566,18567,-816739559#0,15.474599999999999,3.9705882352941173
18568,18569,-816739559#1,30.214800000000004,8.34558823529412
18570,18571,-816739560,15.8508,3.0
18572,18573,-816739561,27.2034,5558.0
18574,18575,-816740257#1,13.0104,170.09340659340657
18576,18577,-816740258,18.828000000000003,1.7999999999999998
18578,18579,-816749704,4.9734,3.0
18582,18583,-816749706#2,8.5338,39.699999999999996
18584,18585,-816749706#3,0.039599999999999996,0.28571428571428575
18586,18587,-816749706#4,2.0844,0.0
18588,18589,-816749707,28.4922,0.0
18590,18591,-816749708,9.4626,1.8666666666666665
18592,18593,-816749709#0,0.2646,0.3333333333333333
18594,18595,-816749709#1,5.8896,0.24999999999999992
18596,18597,-816766055,13.4226,0.5
18598,18599,-816766056,8.7732,0.0
18604,18605,-816766057#2,1.4958,0.25
18606,18607,-816766058,14.254199999999999,2.0
18610,18611,-816766061#0,1.1304,4.5
18612,18613,-816766061#1,12.0006,2.25
18616,18617,-816766063#0,86.85900000000001,0.0
18618,18619,-816766063#1,59.976,37.33333333333334
18620,18621,-816779849,3.1464,1.0277777777777777
18622,18623,-816779850#0,0.1296,1.1703296703296702
18624,18625,-816779850#1,8.2944,18.299999999999997
18628,18629,-816779852#0,4.8402,0.25000000000000006
18630,18631,-816779852#1,42.498,22.666666666666668
18632,18633,-816796147#0,2.5794,613.5440904621433
18634,18635,-816796147#1,5.8878,1767.960139860139
18636,18637,-816799872#1,8.6922,0.0
18638,18639,-816799873,28.378800000000002,22.700000000000003
18640,18641,-816799874,1.917,97.8
18642,18643,-816799875,2.367,1.5
18644,18645,-816799876#0,1.2006000000000001,0.5454545454545454
18646,18647,-816799876#1,1.2438,1.8611111111111112
18648,18649,-816799876#2,0.48600000000000004,0.0
18650,18651,-816799877,9.120600000000001,1.0666666666666669
18652,18653,-816799878,28.8036,4.5
18654,18655,-816799879,16.2576,1.0
18656,18657,-816799880,26.663400000000003,13.055476529160737
18658,18659,-816803336,15.5592,0.0
18660,18661,-816803337#0,0.12240000000000001,0.9166666666666666
18662,18663,-816803337#1,13.908600000000002,4.5
18670,18671,-816806959,18.6354,67.75
18672,18673,-816806960,14.733,0.3333333333333333
18674,18675,-816806961,35.955000000000005,0.5
18676,18677,-816806962,15.417,3.0
18678,18679,-816806963,23.0868,2.6666666666666665
18680,18681,-816806964,27.7938,6.333333333333331
18682,18683,-816806965,7.0632,0.0
18684,18685,-816806966#0,4.005,2.5714285714285716
18686,18687,-816806966#1,19.3014,0.0
18690,18691,-816806967,24.3288,0.5
18692,18693,-816806968#0,6.174,1.4761904761904763
18694,18695,-816806968#1,5.0832,0.9999999999999999
18696,18697,-816806969,12.7908,0.3333333333333333
18698,18699,-816806970,16.2576,1.5833333333333337
18700,18701,-816806971,14.646600000000001,0.5
18702,18703,-816813501,20.023200000000003,27202.41758241758
18704,18705,-816813502#0,14.594400000000002,32003.196503496492
18706,18707,-816813502#1,0.7020000000000001,2011.5341772151903
18708,18709,-816813503,10.3986,2.7777777777777763
18710,18711,-816813504,25.245,0.5
18714,18715,-816813506,21.049200000000003,3.0
18716,18717,-816813507,5.0238,1.537878787878788
18718,18719,-816813508#0,18.6894,196.52463054187186
18720,18721,-816813508#1,10.341000000000001,2.5714285714285716
18722,18723,-816816925,19.548,0.0
18724,18725,-816816926,17.2422,31.199999999999996
18726,18727,-816816927,12.7296,8659.57142857143
18728,18729,-816816928,10.6542,8.333333333333332
18730,18731,-816816929#0,2.1816,16742.141025641027
18732,18733,-816816929#1,1.4436000000000002,0.7000000000000002
18734,18735,-816816929#2,23.290200000000002,2.9166666666666665
18736,18737,-816816929#3,0.0648,1.1428571428571428
18738,18739,-816816929#5,1.8881999999999999,0.6000000000000002
18740,18741,-816816929#6,1.395,234.58974358974353
18742,18743,-816816930#0,0.3204,0.0
18744,18745,-816816930#1,0.1134,0.27777777777777773
18748,18749,-816818164,8.7894,1.0
18754,18755,-816839813#0,4.2156,0.5911330049261084
18756,18757,-816839813#1,10.5912,0.5861538461538462
18758,18759,-816839813#2,0.0216,0.2590579710144928
18760,18761,-816839813#3,6.2856000000000005,0.5054347826086956
18762,18763,-816841507,17.378999999999998,34.40109890109889
18766,18767,-816855270#0,9.009,0.0
18768,18769,-816855270#1,1.4076000000000002,0.12500000000000003
18770,18771,-816855271#0,3.7422000000000004,0.0
18772,18773,-816855271#1,7.8408,6.25
18774,18775,-816855272#0,1.3752,1.2
18776,18777,-816855272#1,9.6444,8.0
18778,18779,-816855274#0,5.9886,1.142857142857143
18780,18781,-816855274#1,14.392800000000001,1.2999999999999998
18782,18783,-816855275#0,0.2682,1.6727272727272726
18784,18785,-816855275#1,11.237400000000001,0.33333333333333326
18786,18787,-816858722,10.864799999999999,1.4945054945054947
18788,18789,-816858723,9.171,5.800000000000001
18790,18791,-816858724#0,5.9922,0.3333333333333335
18792,18793,-816858724#1,0.0684,0.3
18794,18795,-816858724#2,5.8788,0.619047619047619
18796,18797,-816858725,19.5984,0.5
18798,18799,-816858726,18.3114,1.0666666666666664
18800,18801,-816858727#0,0.0648,1.3333333333333333
18804,18805,-816858727#2,0.0648,0.0
18806,18807,-816858727#3,21.3768,0.5
18808,18809,-816858728#0,0.08460000000000001,1.5646153846153845
18810,18811,-816858728#1,0.0648,5.666666666666667
18812,18813,-816858728#2,0.1656,0.1515151515151515
18814,18815,-816858728#3,10.3698,64.94444444444443
18816,18817,-816858728#4,20.412,0.0
18818,18819,-816858729,4.617,3.3571428571428568
18820,18821,-816858730,20.5506,0.0
18822,18823,-816858731,6.2964,1.3333333333333335
18824,18825,-816858732,8.3358,2.0
18826,18827,-816861896,17.915399999999998,4.0
18828,18829,-816868352#0,13.147200000000002,1.6190476190476188
18830,18831,-816868353,9.045000000000002,0.0
18832,18833,-816868354#0,13.908600000000002,4.84967320261438
18834,18835,-816872143#0,12.6288,4.000000000000001
18838,18839,-816872144#1,11.5308,4.000000000000002
18840,18841,-816872145#1,16.5132,0.0
18842,18843,-817081320,4.5036,0.16666666666666666
18844,18845,-817081321,10.3536,1.366666666666667
18846,18847,-817081322#1,6.3738,164.7
18848,18849,-817081322#2,15.4332,0.0
18850,18851,-817081323#0,11.3058,455.7809523809524
18852,18853,-817081323#1,27.7452,4.6190476190476195
18854,18855,-817081323#2,34.5492,22.36111111111111
18856,18857,-817081324#0,12.978,1.0909090909090908
18858,18859,-817081324#1,0.0648,13.192307692307695
18860,18861,-817081325,39.44520000000001,8.666666666666664
18862,18863,-817081326,7.853400000000001,20110.90476190476
18864,18865,-817081328,14.662800000000002,1.7000000000000004
18866,18867,-817081329,8.2944,1.0
18868,18869,-817086040,13.037400000000002,0.6666666666666666
18870,18871,-817086041,17.3952,0.0
18872,18873,-817086042,22.302000000000003,32.0
18874,18875,-817086043,14.076,0.7999999999999998
18876,18877,-817095973,5.678999999999999,291.7142857142857
18878,18879,-817095974,2.052,0.25000000000000006
18880,18881,-817095975,5.1768,1.7666666666666668
18882,18883,-817095976,6.9156,1.9047619047619049
18884,18885,-817095977#0,3.4415999999999998,1.2857142857142858
18886,18887,-817095977#1,1.503,2.2307692307692313
18888,18889,-817095977#2,0.8838,1.3636363636363638
18890,18891,-817095977#3,11.7234,2.5131578947368434
18892,18893,-817095977#4,9.8154,0.33333333333333304
18894,18895,-817095978,46.35,0.0
18896,18897,-817095979,12.069,2.0
18902,18903,-817095982,21.108600000000003,1.333333333333333
18906,18907,-817095984,26.128800000000002,0.0
18908,18909,-817101509,3.8178,0.0
18918,18919,-817101513,4.41,2.0
18920,18921,-817101514,15.944400000000002,0.0
18922,18923,-817101515#0,7.808400000000001,0.5
18924,18925,-817101515#1,5.6034,0.3333333333333335
18928,18929,-817101517,38.068200000000004,1.5833333333333341
18930,18931,-817105858#0,10.44,1.9523809523809526
18932,18933,-817105858#1,5.2938,0.3333333333333335
18934,18935,-817105859,24.291,12.5
18938,18939,-817107237,16.0938,4.333333333333334
18942,18943,-817107239,0.7308000000000001,17.86764705882353
18944,18945,-817107240#0,0.7092,0.7291666666666666
18946,18947,-817107240#1,22.7682,1.8000000000000003
18950,18951,-817107240#3,5.0184,1.0000000000000002
18952,18953,-817107240#4,9.828,0.6777777777777775
18954,18955,-817107241,5.5368,0.0
18958,18959,-817110754,8.4366,0.9166666666666669
18960,18961,-817110755,8.141399999999999,5.1428571428571415
18962,18963,-817118469,7.9938,1.4545454545454544
18964,18965,-817118471,9.8352,16.0
18966,18967,-817127200,7.497,0.33333333333333326
18970,18971,-817127201#1,2.1852,0.0
18972,18973,-817127202#0,5.7780000000000005,0.30000000000000004
18974,18975,-817127202#1,13.1544,1.5535714285714282
18976,18977,-817127203#0,17.416800000000002,34.84444444444445
18978,18979,-817127203#1,0.0648,0.8
18980,18981,-817127204,8.071200000000001,0.0
18982,18983,-817127205,4.7664,4.499999999999999
18984,18985,-817127206,5.6592,1.0
18986,18987,-817127207,4.8096000000000005,0.5666666666666667
18988,18989,-817128871,3.2112000000000003,0.3
18990,18991,-817128872#0,14.526000000000002,21876.409523809525
18992,18993,-817128872#1,4.3218,2.0
18994,18995,-817134037,4.3848,0.6666666666666666
18996,18997,-817134038,16.2234,1978.5277777777776
18998,18999,-817134039,5.4108,2.5
19000,19001,-817134040,8.991,2.0545454545454547
19002,19003,-817206446#1,3.1248,1.4612021857923494
19004,19005,-817426971#0,1.278,0.0
19006,19007,-817426971#1,6.9966,0.0
19010,19011,-817666072#0,24.2658,15.937266616878267
19012,19013,-817666073,12.5478,3.3855116514690966
19014,19015,-817666074,63.95759999999999,33.516563146997925
19016,19017,-817666076,77.2362,31.207692307692312
19018,19019,-817666077,7.795800000000001,0.557337610264635
19020,19021,-817666078#0,30.022199999999998,6.045920745920748
19022,19023,-817666078#1,10.0656,3.9627477785372527
19024,19025,-817666078#2,12.0492,1.409495123350544
19026,19027,-817666078#3,27.81,13.35407036466358
19028,19029,-817666078#4,29.906999999999996,55.94578457129208
19030,19031,-817666078#5,11.251800000000001,2888.1486220472443
19032,19033,-817666078#6,16.182000000000002,1884.0371900826453
19034,19035,-817666078#7,17.0082,232.78424369747896
19038,19039,-818707465,1.3896000000000002,1.0677597402597403
19040,19041,-819168463,5.7888,132.20888331940967
19042,19043,-819333663,10.638,0.0
19044,19045,-819521343#0,37.4688,7.520332270839371
19046,19047,-819521343#1,30.574800000000003,3.102631578947366
19048,19049,-819521343#2,1.818,0.7291666666666667
19050,19051,-819521343#3,1.2833999999999999,0.25
19052,19053,-819521344#0,71.98559999999999,22.992424242424246
19054,19055,-819521344#1,0.621,0.6025641025641025
19056,19057,-819943655,6.9624,1.163039169419538
19062,19063,-819943656#2,63.80460000000001,0.0
19064,19065,-819943656#3,0.2142,0.0
19066,19067,-819943656#4,0.0432,0.0
19068,19069,-819943656#5,0.0432,0.0
19070,19071,-819943656#6,0.0432,0.5
19072,19073,-819943656#7,18.840600000000002,0.0
19074,19075,-821484658,2.547,2.8000000000000003
19076,19077,-821842905,0.0648,0.33333333333333337
19080,19081,-823650753#0,0.8154,0.5619047619047619
19082,19083,-823880344#0,3.5442,0.6868131868131868
19084,19085,-823880344#1,0.0648,0.446969696969697
19086,19087,-823880344#2,0.0648,0.1521164021164021
19088,19089,-823880345,0.0648,0.9358974358974358
19090,19091,-823880349#0,16.4484,0.0
19092,19093,-823880349#1,3.51,0.0
19094,19095,-823880355#0,0.0648,0.5698924731182796
19096,19097,-823880355#1,2.5902000000000003,1.0553359683794468
19098,19099,-823880355#2,1.9044,2.044444444444444
19100,19101,-823880355#3,8.5014,0.9166666666666666
19102,19103,-823880356#0,0.1098,0.2666666666666666
19104,19105,-823880356#1,10.744200000000001,1.1636363636363636
19106,19107,-823880356#2,11.9358,1.963636363636364
19108,19109,-823880357#0,8.4438,2.9999999999999996
19110,19111,-823880357#1,0.0648,0.20454545454545456
19112,19113,-823880358,14.497200000000001,6.333333333333334
19114,19115,-823880359#0,1.6056000000000001,0.6081871345029239
19116,19117,-823880359#1,0.1386,0.21428571428571427
19118,19119,-823880360,8.6076,0.9275362318840581
19120,19121,-824136617#1,21.8844,1.3333333333333333
19122,19123,-824791780#0,1.3986,0.0
19126,19127,-824791780#2,23.8302,0.0
19128,19129,-824791781,17.375400000000003,0.0
19132,19133,-825260741,8.109,3.566666666666667
19138,19139,-825260795#1,0.0648,0.0
19140,19141,-825445496#0,6.3144,23450.34811109193
19142,19143,-825445496#1,1.341,2418.085650793649
19144,19145,-825445496#1.19,0.873,3504.1775613798814
19146,19147,-825933196,5.319,8.0
19148,19149,-82626964#0,42.174,0.0
19150,19151,-82626964#1,38.696400000000004,0.0
19152,19153,-82626965,7.934400000000001,1.0
19154,19155,-82627284#0,23.5872,9.418421052631583
19156,19157,-82627284#1,25.767,7.307692307692304
19158,19159,-82627284#2,18.9252,3.911764705882353
19160,19161,-82628434,10.663200000000002,0.5
19164,19165,-82628436#1,60.190200000000004,8.0
19166,19167,-82628963#0,3.5730000000000004,0.17490196078431375
19168,19169,-82628963#1,7.8606,0.27294117647058824
19170,19171,-82628963#2,3.645,0.11843137254901961
19172,19173,-82628963#3,26.9568,1.2004081632653067
19174,19175,-82628963#4,1.5714000000000001,0.23510204081632655
19176,19177,-826551069#0,4.9536,0.5038175881343737
19178,19179,-826551069#1,3.2688,0.45233061580131184
19180,19181,-826578283,0.2592,2275.6206402293365
19182,19183,-826578284#0,22.9338,19841.47619047619
19184,19185,-826578284#1,13.2984,701.0274509803921
19186,19187,-826594746#0,1.9746,2.4999999999999996
19188,19189,-826596269,24.085800000000003,2060.7783227848113
19190,19191,-826596271,0.459,2032.7744273024778
19194,19195,-831295614,6.3738,0.4000000000000001
19196,19197,-831295615,5.9958,0.5415019762845851
19198,19199,-831295616,16.243199999999998,1.9894291754756872
19202,19203,-832481042#0,3.0042,0.0
19204,19205,-832481042#1,10.359,0.0
19206,19207,-832481043,2.3562,0.0
19208,19209,-832481045#0,4.4118,0.0
19212,19213,-832481048,27.7038,3.8819610193339895
19214,19215,-832481049,21.517200000000003,1.8455696202531635
19216,19217,-832481056,39.2886,0.0
19218,19219,-832481057,3.0042,4.5
19220,19221,-83299769#0,6.9048,0.0
19222,19223,-83299769#1,25.999200000000002,2.0
19224,19225,-83299775#0,6.9156,2.566666666666667
19226,19227,-83299775#1,26.058600000000002,3.466666666666664
19228,19229,-83299777,12.105,0.9333333333333331
19230,19231,-83299779#0,2.0142,0.2727272727272728
19232,19233,-83299779#1,11.052,1.1428571428571435
19234,19235,-83299780#0,8.7048,1.3333333333333333
19236,19237,-83299780#1,1.4724,1.3333333333333335
19238,19239,-83299780#2,13.6692,6.333333333333334
19240,19241,-83299783#0,6.8886,2.3
19242,19243,-83299783#1,26.019000000000002,3.0
19244,19245,-83299784,8.7048,12.333333333333334
19246,19247,-83299788#0,11.2734,0.0
19250,19251,-83299788#2,18.36,2.0
19252,19253,-83299788#3,0.0648,0.7833333333333333
19254,19255,-83299790#0,6.9084,0.41818181818181815
19256,19257,-83299790#1,25.9704,0.0
19258,19259,-83304164,14.2146,0.0
19260,19261,-83304166#0,0.5147999999999999,0.0
19262,19263,-83304166#1,1.9332000000000003,87.33333333333333
19264,19265,-83304167,3.6882,0.9166666666666669
19266,19267,-83304169,14.2794,1.2000000000000002
19268,19269,-83304175#0,17.3898,125.58287531294071
19270,19271,-83304175#1,7.914600000000001,1.4641770726542418
19272,19273,-83304175#2,15.6528,1.603394935869203
19274,19275,-83304180#0,0.1494,0.24999999999999994
19276,19277,-83304180#1,0.0648,1.2967032967032965
19278,19279,-83304180#2,23.112000000000002,4.992424242424249
19280,19281,-83304180#3,2.0591999999999997,11.76470588235294
19284,19285,-834006805#1,4.6746,115.09112488365878
19286,19287,-834006805#2,3.9204,0.3880499728408469
19288,19289,-83808285#1,4.8438,747.3
19290,19291,-83808285#2,39.1896,8.2
19292,19293,-83808288,5.9598,0.0
19294,19295,-83808292#0,0.0648,9.758241758241759
19296,19297,-83808292#1,9.3204,176.8
19298,19299,-85404276,4.6368,1.5669515669515666
19300,19301,-87288526#0,22.6224,2.6999999999999993
19302,19303,-87288526#1,9.6516,0.0
19304,19305,-87288529,50.4846,2.0
19306,19307,-885197072,12.9258,4.9409744393490875
19308,19309,-88888406,0.9450000000000001,2.7000000000000006
19310,19311,-88903261,8.5302,2.488888888888889
19312,19313,-88903294#1,2.0646,382.98214285714283
19314,19315,-88903294#2,0.9252,0.3333333333333333
19316,19317,-88903294#3,15.7572,1.3666666666666665
19318,19319,-88903294#4,1.2618,0.09999999999999999
19320,19321,-88903294#5,0.3456,0.3
19322,19323,-88903294#6,0.6966,0.21428571428571422
19324,19325,-88903294#7,0.0648,0.4107142857142857
19326,19327,-88903294#8,3.0816,0.3
19328,19329,-88903294#9,11.2086,1.363636363636364
19330,19331,-88903299,1.7712,1062.0111111111112
19332,19333,-88903325,6.381,1.8974358974358976
19334,19335,-88903339#0,2.3112,0.6923076923076924
19336,19337,-88903339#1,0.9288000000000001,0.5636363636363637
19338,19339,-88903339#2,1.3824,1.3666666666666667
19340,19341,-88903339#3,1.1808,0.8392857142857142
19342,19343,-88903339#4,1.9332000000000003,0.0
19344,19345,-90587320,9.7614,268.22679543489727
19346,19347,-91854588,15.1254,0.5
19352,19353,-91854601#0,42.867000000000004,5.899999999999999
19354,19355,-91854601#2,0.7938000000000001,1.0714285714285714
19356,19357,-91854601#3,0.2466,0.24999999999999997
19358,19359,-91854602,14.383799999999999,0.5
19360,19361,-91854606,18.6858,0.9999999999999997
19376,19377,-92026756#3,4.0392,0.0
19386,19387,-92026762,27.801000000000002,2.0
19400,19401,-92026768#4,2.0664,0.0
19402,19403,-92026769#0,18.5526,5.272727272727272
19404,19405,-92026769#1,16.8372,1.7000000000000004
19406,19407,-92026769#11,5.3478,0.5758145363408523
19408,19409,-92026769#12,19.746000000000002,2.502036282858198
19410,19411,-92026769#2,9.2394,0.0
19412,19413,-92026769#3,27.864,0.6666666666666666
19414,19415,-92026769#4,2.7125999999999997,0.5714285714285714
19416,19417,-92026769#5,2.241,0.9532163742690059
19418,19419,-92026769#6,5.562,0.8529411764705883
19420,19421,-92026769#7,5.2902000000000005,0.5489130434782609
19422,19423,-92026769#8,5.1696,0.33118279569892467
19424,19425,-92026769#9,5.2686,0.5750528541226214
19426,19427,-93112169#0,4.878,0.48901098901098905
19428,19429,-93112169#1,3.3516000000000004,1.9090909090909085
19430,19431,-93112169#2,2.9916,2.214285714285714
19432,19433,-93112169#3,30.1374,8.619047619047615
19436,19437,-93386922,12.8016,0.0
19438,19439,-97304242#1,2.7468,2800.71757982698
19440,19441,-97304242#10,1.1916,0.11030619990157574
19442,19443,-97304242#11,1.6254000000000002,27.065714952998217
19444,19445,-97304242#12,0.4284,2.3770040841124653
19446,19447,-97304242#13,10.8864,313.34978870533973
19448,19449,-97304242#2,9.9306,8111.266962771541
19450,19451,-97304242#3,5.7204,5076.482245211798
19452,19453,-97304242#4,8.541,6554.882948015146
19454,19455,-97304242#6,19.657799999999998,13624.937740016916
19456,19457,-97304242#8,7.0956,551.4895064695188
19458,19459,-97304242#9,8.307,950.5495748411134
19460,19461,-978455265,14.898599999999998,114.19803071953277
19462,19463,-98323000#0,0.0324,0.5714285714285715
19464,19465,-98323000#1,60.7896,27.866666666666674
19466,19467,-98323000#2,60.587999999999994,52.27272727272729
19468,19469,-98323002#0,0.0648,0.23510204081632655
19470,19471,-98323002#1,0.0648,0.36613876319758687
19472,19473,-98323002#2,2.3436000000000003,0.24193548387096767
19474,19475,-98323002#3,34.0506,12.266666666666662
19476,19477,-98323012#0,0.0648,0.5833333333333331
19478,19479,-98323012#1,59.31000000000001,21.299999999999997
19480,19481,-98323012#3,57.681000000000004,4.250000000000001
19482,19483,-98323012#4,36.4428,1.0
19484,19485,-98323012#5,5.9436,0.3676470588235295
19486,19487,-98323012#6,0.0648,0.3391812865497077
19488,19489,-98323022,72.6894,30.54435483870968
19490,19491,-98323024#0,6.0767999999999995,1.0925490196078431
19492,19493,-98323024#1,0.9072,0.40313725490196056
19494,19495,-98323025#0,31.082400000000003,3.872240421592368
19496,19497,-98323025#1,3.24,0.2236000448883402
19498,19499,-98323025#2,1.7118,0.9996960486322188
19500,19501,-98323025#3,15.8472,12.725274725274723
19504,19505,-98901074#0,0.8586,0.0
19510,19511,-98901076#0,9.4536,0.0
19514,19515,-98901079#0,24.753600000000002,2.9743589743589776
19516,19517,-98901091,2.6910000000000003,1.3333333333333335
19526,19527,-98901092#4,9.3006,0.3333333333333335
19528,19529,-E0,5.4522,0.7308970099667778
19530,19531,-E1,13.4298,2.349579831932773
19532,19533,-E10,1.7514,0.24999999999999992
19534,19535,-E12,0.0252,0.4062774363476734
19536,19537,-E13,2.5002,0.681578947368421
19538,19539,-E14,11.5326,1.0355519914461369
19540,19541,-E15,4.9086,0.17506631299734737
19542,19543,-E2,2.6136,0.8246753246753246
19544,19545,-E3,15.0138,2.8616600790513824
19546,19547,-E4,1.2564,0.0
19548,19549,-E9,6.4872000000000005,0.7999999999999998
19550,19551,-gneE103,0.0252,9.888799786153433
19552,19553,-gneE104,0.8532,0.5542815064169998
19554,19555,-gneE112,20.491200000000003,11169.146334602861
19556,19557,-gneE113,1.5804,326.6646168401133
19558,19559,-gneE131,0.522,0.39999999999999997
19560,19561,-gneE132,0.8388000000000001,2.497545944538177
19562,19563,-gneE136,22.23,27687.700000000004
19564,19565,-gneE38,0.6264,0.14970904602362903
19566,19567,-gneE39,0.49500000000000005,101.02562929061784
19568,19569,-gneE4,12.762,111347.95283915424
19570,19571,-gneE58,2.9862,763.3796296296297
19572,19573,-gneE7,1.5948,1267.8140620295092
19574,19575,-gneE9,0.9324,167.83766233766232
19576,19577,100346,5.6466,0.0
19578,19579,101009,6.7086,0.0
19580,19581,101238042,5.5368,0.5
19582,19583,101731827#0,0.5058,2.421428571428572
19584,19585,101731827#1,0.9738000000000001,0.36190476190476206
19586,19587,101731827#2,6.7824,0.5
19588,19589,101731858,15.1002,18.0
19592,19593,102818928#0,6.6078,16091.850737967905
19594,19595,102818928#1,13.0626,75709.98704325977
19596,19597,103053747,13.467600000000001,1.6666666666666667
19598,19599,103053774#1,0.09000000000000001,0.6938405797101449
19600,19601,103053774#2,1.0386,1.0727272727272728
19602,19603,103053774#3,9.2196,2.7000000000000006
19604,19605,103053774#4,1.9620000000000002,0.8095238095238093
19606,19607,103053774#5,0.3276,1.2
19608,19609,103053774#6,0.0648,0.5
19610,19611,103053774#7,2.8656,2.3
19612,19613,103053803,13.516200000000001,2.9444444444444455
19614,19615,103396186,1.9620000000000002,38.69590643274854
19616,19617,103512657,13.5738,4.265151515151516
19618,19619,103512667#0,9.653400000000001,1.207927927927928
19620,19621,103512667#2,4.0824,58.672606568832975
19622,19623,103512670#1,50.2578,10.95238095238095
19624,19625,103512671,2.9034,37.59873267239747
19628,19629,103671254,6.9804,0.19999999999999996
19632,19633,103671267#0,32.614200000000004,5.111111111111111
19634,19635,103671267#1,3.7224000000000004,0.4
19636,19637,103671267#10,0.7956,0.17777777777777784
19638,19639,103671267#11,0.7992,0.2857142857142857
19640,19641,103671267#12,1.0044000000000002,0.33333333333333337
19642,19643,103671267#13,1.0548,0.33333333333333337
19646,19647,103671267#2,0.7578,0.6666666666666666
19648,19649,103671267#3,1.3176,0.0
19650,19651,103671267#4,0.6354,0.9166666666666666
19652,19653,103671267#5,0.9774,0.4761904761904761
19654,19655,103671267#6,1.1754,0.0
19656,19657,103671267#7,1.9908000000000001,0.0
19658,19659,103671267#9,1.6902,1.333333333333333
19660,19661,103678453,0.0648,0.25
19662,19663,103678458#0,0.0648,0.0
19664,19665,103678458#1,0.0648,0.16363636363636364
19666,19667,103686129#1,115.4718,161.58333333333334
19668,19669,103687101,0.1296,1667.6847580280412
19670,19671,103687353,28.6704,87528.04149481318
19672,19673,103718186,3.942,1289.359713701432
19674,19675,104010328,0.25200000000000006,1233.910169265627
19676,19677,104010381#0,3.6216,1030.343005702333
19678,19679,104010385#0,5.551200000000001,1805.706860706863
19680,19681,104010393#0,2.4678,2011.1432058840705
19682,19683,104010439#0,2.2374,5469.822431421448
19684,19685,104010452#0,3.4488,13989.286217308634
19686,19687,104010475#1,2.16,144.10763009282053
19688,19689,104012169#0,2.529,1383.455506248544
19690,19691,104012170,3.0006,735.4083692780861
19692,19693,104012178#0,3.5730000000000004,2184.031606505291
19694,19695,1040258009,8.6094,0.7868799578684039
19696,19697,104106813#1,3.3894,443.2530118063355
19698,19699,104236368#1,14.956199999999999,1.4308510638297869
19700,19701,104236369,0.6876,0.48653846153846186
19702,19703,1042557946,1.8324,0.1973466003316747
19704,19705,1042557947,0.9252,0.2531755196304851
19706,19707,10425609#0,1.5732,506.835536359066
19708,19709,10425609#0.33,3.267,1439.1446772577112
19710,19711,10425610#1,3.9618,15945.74645904258
19712,19713,10425611#1,8.2818,3018.1873611563637
19714,19715,10427555#0,3.3336,0.23799899794171814
19716,19717,10427555#1,5.004,0.45609917701213587
19718,19719,10427692#1,5.2362,27.716803084987554
19720,19721,10427692#2,1.2456,9.863229769217007
19722,19723,10427692#3,2.3904,1.7373670132290826
19724,19725,10427692#4,2.6946000000000003,0.2203054391925322
19726,19727,10427692#5,7.795800000000001,0.35149346777253737
19728,19729,10427692#6,4.311,5.458177305347206
19730,19731,10427692#7,7.0866,263.10215291641936
19732,19733,104847200,19.2528,3.2999999999999994
19734,19735,105141980#0,61.6176,7.600000000000003
19736,19737,105141980#1,0.1746,1.1637426900584795
19738,19739,105143683#0,36.239399999999996,90.33333333333331
19740,19741,105143683#1,9.120600000000001,13.92857142857143
19742,19743,105540411,11.854800000000001,2.066666666666667
19744,19745,10597452#1,14.9418,0.2999999999999998
19746,19747,10597454#1,1.1034,88.18859649122807
19748,19749,10597454#2,3.7403999999999997,0.08741681790683603
19750,19751,10597455#0,0.0648,0.21978021978021978
19752,19753,10597455#1,4.869000000000001,0.5714285714285712
19754,19755,106083635,8.3016,0.0
19758,19759,107431496#0,6.6618,0.29838892670751055
19760,19761,107431496#1,20.0466,3.405384505809813
19764,19765,107671228,19.269000000000002,55.733333333333334
19766,19767,107677354#1,8.2674,0.6947368421052633
19768,19769,108210906,32.2182,6.383333333333332
19772,19773,108237964#1,16.8408,0.0
19774,19775,108237964#2,1.9548,0.0
19780,19781,108239938,15.481800000000002,2.5319148936170213
19782,19783,108240279#0,2.5056,0.5
19784,19785,108240279#1,12.2382,4.677777777777777
19786,19787,108240279#2,12.4128,2913.466966966967
19788,19789,1082935356#0,32.8914,2.5
19790,19791,1082935356#1,23.2254,1.583333333333333
19792,19793,1082935357#0,51.9534,21.33333333333333
19794,19795,108310250,0.6264,0.2619047619047619
19796,19797,108310251,1.7027999999999999,0.2894617819990954
19798,19799,108310252,8.3574,0.537704918032787
19800,19801,108310253,2.133,0.25263157894736854
19802,19803,108310254,9.2448,0.7948717948717949
19804,19805,108338065#3,17.361,3.1250000000000004
19806,19807,108688795,1.7424,0.17391304347826084
19808,19809,10881202,54.5598,5.683850716146086
19812,19813,10941814,12.934800000000001,1.0057639845501418
19814,19815,10941820,1.0746,16.65895650806684
19816,19817,10941825,16.7832,2.013087311012958
19818,19819,109483352#0,9.1872,4.568019093078758
19820,19821,109483355,10.236600000000001,0.0
19822,19823,11014139#1,7.29,858.1997403367488
19824,19825,110212545,48.522600000000004,11.91228070175439
19826,19827,110435734,33.372,4752.384236453203
19828,19829,110435735,2.214,35861.34322295805
19830,19831,110750652,50.3676,40.5
19832,19833,110778890,2.1024,19.734210526315792
19834,19835,111120103,7.6374,0.0
19836,19837,111120104,18.4176,0.9166666666666665
19838,19839,111120105#0,31.150800000000004,3.0
19840,19841,111525329,10.5426,0.6581604436067793
19842,19843,111525330#0,14.6142,401.62784725158593
19844,19845,111525330#1,4.0302,171.22067853377172
19846,19847,112979062,9.442800000000002,4.5
19848,19849,112979065#1,2.0718,1.0
19852,19853,112979075,11.9682,2.2499999999999996
19854,19855,112979077,8.2314,1.1049606775559584
19856,19857,112979081,30.832200000000004,6.679347826086958
19858,19859,112979094#0,6.057,0.5445499773857984
19860,19861,112979094#1,2.0718,2.83994708994709
19862,19863,113796178#0,0.2358,10.969696969696969
19864,19865,113796178#1,4.878,2.2500000000000004
19866,19867,113796181#1,0.17820000000000003,2.498924731182796
19868,19869,113796181#2,0.045000000000000005,0.584795321637427
19870,19871,113796181#3,0.7308000000000001,0.6111111111111112
19872,19873,113796181#4,11.817,0.8571428571428573
19874,19875,113796181#5,13.228200000000001,5.466666666666668
19876,19877,113796182,7.4754,4.9523809523809526
19878,19879,113796184,7.009200000000001,5.333333333333334
19880,19881,113796194#0,20.0178,0.0
19882,19883,113796195,3.7818,3.0
19884,19885,113796197,6.9282,0.0
19886,19887,113796198,10.2438,0.0
19888,19889,114198606#1,3.2922,2.1111111111111103
19890,19891,114198607,3.6755999999999998,0.2564646464646465
19892,19893,114198608#0,7.4142,0.27973613687899407
19894,19895,114198608#1,7.407000000000001,0.2922772277227724
19896,19897,114198608#3,3.5892,0.24198019801980208
19898,19899,114325482,59.12819999999999,2.0
19900,19901,115082348,0.8190000000000001,198.79099537555018
19902,19903,115082374#0,2.7845999999999997,127.36111111111111
19904,19905,115881035#0,16.192800000000002,7.0
19906,19907,115881035#1,17.172,2.0
19908,19909,115881035#2,17.8902,10.333333333333332
19910,19911,115881035#3,17.2872,44.33333333333333
19912,19913,115881035#4,24.2154,2.333333333333333
19914,19915,115881035#5,0.23940000000000003,7.071428571428571
19916,19917,115881035#6,12.774600000000001,1.611111111111111
19920,19921,115881039,45.775800000000004,20.333333333333336
19922,19923,115881041#0,15.7392,1.3677069199457261
19924,19925,115881041#1,4.5936,0.906935908691835
19926,19927,115881041#2,23.4144,299.39976689976686
19928,19929,115881041#3,5.6718,183.75624999999997
19930,19931,115881041#4,14.6952,1518.116393442623
19934,19935,115881043#0,16.056,1.4
19936,19937,115881043#10,2.4318,1.8666666666666665
19938,19939,115881043#11,22.3902,120.66666666666666
19940,19941,115881043#2,4.14,0.24999999999999994
19942,19943,115881043#4,4.361400000000001,0.2222222222222222
19944,19945,115881043#5,7.957800000000001,0.6222222222222222
19946,19947,115881043#7,1.1016,3.4761904761904767
19948,19949,115881043#8,2.2554,0.7
19950,19951,115881043#9,10.4616,2.7000000000000006
19952,19953,115881046,38.6388,7.999999999999999
19954,19955,115881047,16.441200000000002,0.0
19956,19957,115881048#0,4.1454,0.0
19958,19959,115881048#1,12.0366,0.0
19960,19961,115881049#0,22.9392,0.0
19962,19963,115881049#1,1.845,1.0
19964,19965,115881049#2,27.0558,0.0
19966,19967,115881050,24.4692,2.0
19968,19969,116297381,78.057,45.333333333333336
19970,19971,116687469#0,4.1652000000000005,272.3198762163166
19972,19973,116765451#1,17.2062,187.3336895534515
19974,19975,116765451#2,0.5202,13.04934094943437
19976,19977,116765457#1,0.2646,182.395331839002
19978,19979,117070809,87.76259999999999,43.285714285714306
19980,19981,117560677,14.6646,2535.2087912087914
19982,19983,118004622,15.766200000000001,0.0
19984,19985,118004624#1,53.197199999999995,14.0
19986,19987,118004640#1,1.9062,421.6644535240042
19988,19989,118004640#1.25,7.685999999999999,10.815964912280695
19990,19991,118004640#2,0.12240000000000001,1.3101449275362316
19992,19993,118004640#4,0.5832,0.5538461538461537
19994,19995,118004640#5,2.0808,0.7543859649122807
19996,19997,118004642,15.5556,2.3333333333333335
19998,19999,118004649,15.692400000000001,0.0
20002,20003,118604348#1,3.0672,0.23434343434343427
20004,20005,118604350,4.3740000000000006,0.5
20006,20007,118604351#0,1.6704,0.7428571428571428
20008,20009,118604351#1,10.2942,1.0294117647058827
20010,20011,118604351#2,18.6858,2.285714285714286
20012,20013,118604351#3,0.8280000000000001,0.46153846153846145
20014,20015,118604351#4,28.5804,5.410256410256411
20018,20019,118604353,4.095,0.6666666666666665
20020,20021,118604354,4.2246,0.33333333333333326
20022,20023,118604355,4.881600000000001,0.6666666666666666
20024,20025,118604356,4.6008000000000004,0.0
20026,20027,118604357,4.199400000000001,1.5714285714285718
20028,20029,118604358,4.0824,0.5
20030,20031,118604359,4.0212,0.0
20032,20033,118604360,4.069800000000001,0.0
20034,20035,118604361,52.9308,2.2857142857142843
20036,20037,118604365,5.1372,3.0
20038,20039,118604366,3.8952000000000004,0.3333333333333333
20040,20041,118604367,3.9330000000000003,0.0
20044,20045,118607469#0,22.0968,1.3181818181818175
20046,20047,118607469#1,36.4806,3.063636363636364
20048,20049,118607469#2,53.9838,7.585024154589373
20050,20051,118607469#3,23.5872,1.9850241545893712
20052,20053,118607469#4,15.075000000000001,0.2666666666666671
20056,20057,118607473,9.864,0.0
20058,20059,118607475#1,96.6888,8.0
20060,20061,118607475#2,40.914,49.333333333333336
20064,20065,118607480,6.102,0.9523809523809526
20066,20067,118607482,31.748400000000004,4.857142857142854
20068,20069,118607484,6.2388,0.5666666666666667
20070,20071,118607485,28.5768,0.3333333333333339
20072,20073,118607487#0,0.25739999999999996,0.16567128523650268
20074,20075,118607487#1,16.2972,1.1862745098039218
20076,20077,118607487#10,1.116,0.34464043419267304
20078,20079,118607487#11,1.3158,0.3169482846902203
20080,20081,118607487#12,0.8190000000000001,0.2032667876588022
20082,20083,118607487#13,1.368,0.29761904761904756
20084,20085,118607487#14,1.1682000000000001,0.24313725490196078
20086,20087,118607487#15,1.2060000000000002,0.24489795918367352
20088,20089,118607487#2,0.9882000000000001,0.30006022282445055
20090,20091,118607487#3,0.882,0.18831168831168826
20092,20093,118607487#4,0.7704,0.11004784688995214
20094,20095,118607487#5,1.1520000000000001,0.23069036226930964
20096,20097,118607487#6,1.0854,0.24606971975393027
20098,20099,118607487#7,0.9648000000000001,0.2236842105263157
20100,20101,118607487#8,1.1376,0.2532395409107739
20102,20103,118607487#9,0.7362,0.18470824949698184
20104,20105,118607492,34.8318,7.4285714285714315
20106,20107,118607497#0,0.0648,5.175438596491229
20108,20109,118607497#1,7.914600000000001,1.0666666666666669
20110,20111,118607504#4,149.3118,144.7857142857142
20112,20113,118607504#5,37.2924,3.7999999999999994
20114,20115,118607504#6,36.1818,2.0
20118,20119,118607504#8,245.583,0.0
20120,20121,118619443#2,87.5916,54.91
20122,20123,118619445#0,0.0648,0.2586206896551724
20124,20125,118619445#1,5.668200000000001,1.2545454545454544
20126,20127,118619457,107.1036,34.19117647058826
20128,20129,118619465#0,0.0648,0.663101604278075
20130,20131,118619465#1,7.893,3.8000000000000007
20132,20133,118619467,9.936,3.0849673202614376
20138,20139,11940927#0,4.372199999999999,2.4507336619677718
20140,20141,11940927#1,4.0122,0.209634784485084
20142,20143,11940927#2,10.5642,60.027773282264306
20144,20145,11940927#3,1.7189999999999999,19.54553579408347
20146,20147,11940927#4,4.9302,265.11654556313147
20148,20149,11940927#5,45.1548,6.333333333333331
20150,20151,119621360#0,0.0648,0.7743634767339769
20152,20153,119621360#1,351.8676,754.6641025641026
20154,20155,11962949#0,0.1728,0.11319381255686986
20156,20157,11962949#1,1.2833999999999999,0.015832575068243877
20166,20167,120033060#0,32.6304,4.666666666666666
20168,20169,120033060#1,48.852000000000004,0.0
20170,20171,120033065,15.2838,2.711111111111111
20172,20173,120033067,22.1544,7.8095238095238075
20174,20175,120033068#0,29.5308,6.916666666666667
20176,20177,120033068#1,3.1626,0.5277777777777778
20180,20181,120033074#1,6.0767999999999995,0.0
20182,20183,120033074#2,15.9678,5.357142857142857
20184,20185,120033077,32.688,1.8
20186,20187,120033091#0,32.562,4.5
20188,20189,120033091#1,85.3776,0.0
20190,20191,120033097,1.6344,2.214285714285714
20192,20193,120033098#0,0.0648,0.0
20194,20195,120033098#3,6.4458,1.4505494505494503
20198,20199,120033098#5,19.965600000000002,1.999999999999999
20200,20201,120033098#6,0.54,0.6601731601731601
20202,20203,120033098#7,0.0648,0.08695652173913043
20206,20207,120033100#0,47.4966,7.976284584980231
20208,20209,120033100#1,0.0648,1.46
20210,20211,120033103,29.476800000000004,0.0
20212,20213,120033104#0,7.1478,0.7173913043478259
20214,20215,120033104#1,1.2456,0.8545454545454545
20216,20217,120033104#2,40.5972,2.0
20218,20219,120125554,11.7936,0.40952380952380957
20220,20221,120365432,17.7696,0.0
20224,20225,120365443#1,6.2982000000000005,0.0
20226,20227,120416766#0,8.6688,3.3333333333333335
20228,20229,120416766#1,22.6926,3.8949346405228744
20230,20231,120416786,29.6442,4.875472246439992
20232,20233,120416814#0,29.964599999999997,0.0
20234,20235,120416814#1,0.9072,0.7
20236,20237,121110648#1,15.588000000000001,1.5833333333333333
20240,20241,121460649#0,0.7866,0.25
20242,20243,121460649#1,28.278000000000002,0.0
20244,20245,121549474,4.9014,4.333333333333334
20246,20247,123882078#0,6.0894,4.0
20248,20249,123882078#1,0.0648,21.066666666666666
20250,20251,124194339#0,12.310200000000002,0.5
20252,20253,124194339#1,4.642200000000001,0.30000000000000004
20254,20255,124812856#0,2.2554,245.8043067281348
20256,20257,124812856#0.30,3.0438,453.34700883125214
20258,20259,124812857#0,7.1982,728.1109502742174
20260,20261,124812857#0.120,10.137599999999999,1536.066157629774
20262,20263,125002584,12.9402,0.7217309130698442
20264,20265,125002601,2.718,0.2380686981613324
20266,20267,125002604#0,1.8197999999999999,0.2261904761904762
20268,20269,125002604#1,5.6610000000000005,0.3064935064935063
20270,20271,125002607,120.62340000000002,65.66666666666664
20274,20275,125002614#0,1.6776000000000002,5.500000000000001
20276,20277,125002614#1,0.7848,29.43611111111112
20278,20279,125002615,0.036000000000000004,9.045739348370926
20282,20283,125014858#1,18.401400000000002,0.0
20286,20287,125014858#3,0.9198000000000001,1.5
20292,20293,125014865,3.159,0.0
20302,20303,125496624,20.3886,2185.166666666667
20308,20309,125858363#2,48.3552,4.142857142857142
20310,20311,126446061,7.6068,61.56207044673541
20312,20313,126446062#0,10.7658,2046.5388598528837
20314,20315,126446062#1,1.3968,26.580376522702103
20316,20317,126446062#2,0.48600000000000004,110.623106681529
20318,20319,126446063,1.35,70.61434075096314
20320,20321,126446076,63.072,30.75498575498576
20322,20323,126446078,106.0632,29.071428571428573
20324,20325,126446083,223.27200000000002,287.57810571204146
20326,20327,126446095,37.8972,8.272727272727275
20328,20329,126446099,32.6016,4.436781609195403
20330,20331,126446100,37.175399999999996,13.666666666666668
20332,20333,126446102,23.7816,2.8888888888888897
20334,20335,126446106,57.367799999999995,21.07102040816326
20336,20337,126446109,36.955799999999996,8.0
20338,20339,126446111#0,8.4816,0.6666666666666665
20340,20341,126446115,30.2922,7.0
20342,20343,126446127#0,33.1578,8.12160493827162
20344,20345,126446127#1,34.1154,10.935064935064936
20346,20347,126446127#2,5.6916,1.1068905771024935
20350,20351,126446130#1,16.3044,2.0294117647058827
20352,20353,126446130#2,171.32940000000002,171.59239130434779
20354,20355,126446134,75.8646,31.946376811594213
20356,20357,126446135,169.8804,218.0455128205128
20358,20359,126909938,12.0366,0.7013436115413713
20360,20361,126909946#0,3.4055999999999997,0.0
20366,20367,126909971#1,9.4464,0.9166666666666665
20370,20371,126954029#1,9.847800000000001,0.0
20376,20377,126988001#1,98.2206,12.5
20382,20383,126988004,259.12800000000004,0.0
20392,20393,127076894#2,0.039599999999999996,1.4449929078014188
20396,20397,127076896,73.77120000000001,12.5
20402,20403,127076902#0,279.945,489.34959349593487
20404,20405,127076902#1,173.6766,193.36313725490203
20406,20407,127076903,73.6614,13.666666666666666
20408,20409,127076905#0,81.86399999999999,44.0152139098604
20410,20411,127076905#1,27.8352,312.7596983661499
20412,20413,127076905#2,0.0648,0.2602272727272727
20414,20415,127076907,246.6846,234.29047619047614
20416,20417,127076908#1,38.2986,24.26666666666667
20418,20419,127076909,51.9408,15.833107191316147
20420,20421,128070665#0,10.4796,94.49671436552401
20422,20423,128070666#0,2.7125999999999997,311.87986646713455
20424,20425,128070667#0,4.192200000000001,1.3243616602779333
20426,20427,128070690,1.143,56.355735930735975
20428,20429,128070691#1,1.2438,7.695906432748539
20430,20431,128070691#2,2.5254000000000003,0.4751131221719456
20432,20433,128070698#0,0.0648,1.3299166324996576
20434,20435,128070718,131.733,180.5
20436,20437,128361089,1.2564,11.740259740259733
20438,20439,128361091,7.288200000000001,1.3459251013157405
20440,20441,128361093#1,0.9252,5.266980825479368
20442,20443,128361094#0,0.9558000000000001,0.24713488098736414
20444,20445,128361096,3.0294000000000003,285.54495603573395
20446,20447,128361098,2.709,0.71384826292693
20448,20449,128361099,3.2868000000000004,89.44344448937021
20450,20451,128361102#0,24.2334,3.697104895104896
20452,20453,128361102#1,8.109,6.570300167079574
20454,20455,128361106,3.4092,131.3195992489843
20456,20457,128361107#0,0.16920000000000002,1.23113512631004
20458,20459,128361107#1,3.9221999999999997,55.81916358038229
20460,20461,128361107#2,1.4364000000000001,15.87781552392136
20462,20463,128361109#0,3.2544,0.4622266787423987
20464,20465,128361109#1,15.9678,1.7343589890784892
20466,20467,128361109#2,40.6566,172.27092645935366
20468,20469,128361114#0,1.5732,0.48378582202111614
20470,20471,128361114#1,1.1466,0.24421831637372798
20472,20473,128361114#2,1.1034,0.3101604278074865
20474,20475,128361114#3,1.1466,0.3333333333333333
20476,20477,128361114#4,1.2816,0.3157894736842107
20478,20479,128361114#5,1.1232,0.3684210526315789
20480,20481,128361114#6,1.1880000000000002,0.35238095238095235
20482,20483,128361114#7,1.179,0.25454545454545446
20484,20485,128361114#8,16.7112,1.366666666666666
20486,20487,128361115#0,1.629,0.0
20488,20489,128361115#1,1.0098,0.0
20490,20491,128361115#2,1.1034,6.285714285714286
20492,20493,128361115#3,1.143,0.3636363636363636
20494,20495,128361115#4,1.2816,0.10000000000000007
20496,20497,128361115#5,1.1196,0.3
20498,20499,128361115#6,1.1880000000000002,0.6666666666666666
20500,20501,128361115#7,1.179,0.9166666666666666
20502,20503,128361115#8,1.1556,0.14285714285714288
20504,20505,128361117#0,1.3338,0.33333333333333337
20506,20507,128361117#1,2.5146,1.5833333333333333
20510,20511,128361117#3,2.7414,0.5714285714285714
20512,20513,128361117#4,2.7485999999999997,0.6964285714285714
20514,20515,128361117#5,2.9682,1.4444444444444444
20516,20517,128361117#6,2.088,0.5
20518,20519,128361117#7,2.6964,1.8
20520,20521,128361117#8,2.8062,0.0
20522,20523,128361117#9,2.7684,0.0
20524,20525,128361121#0,12.7584,0.5535714285714287
20526,20527,128361121#1,21.555,0.0
20528,20529,128361121#2,8.139600000000002,0.0
20530,20531,128361121#3,0.0648,0.0
20532,20533,128361123#1,9.847800000000001,0.0
20534,20535,128361123#10,1.1592,0.8184615384615387
20536,20537,128361123#11,15.1308,2.8003003003002997
20538,20539,128361123#2,15.118199999999998,0.0
20540,20541,128361123#3,1.1466,0.0
20542,20543,128361123#4,1.107,0.33333333333333337
20544,20545,128361123#5,1.1394,2.3
20546,20547,128361123#6,1.2816,0.6777777777777776
20548,20549,128361123#7,1.1196,0.40952380952380946
20550,20551,128361123#8,1.1916,0.4242424242424242
20552,20553,128361123#9,1.179,0.7193675889328065
20556,20557,128361127,13.4802,1.4400452488687783
20558,20559,128361128,2.6388,0.23809523809523803
20560,20561,128361132,2.4354,0.9318181818181818
20562,20563,128361133,2.9358,0.5
20564,20565,128361135,2.9268,1.8095238095238095
20566,20567,128361136,1.0493999999999999,0.21428571428571422
20568,20569,128361137#0,9.3438,0.5
20570,20571,128361139#0,9.864,0.33333333333333304
20572,20573,128361139#1,9.909,0.0
20574,20575,128361140#0,9.8604,0.9166666666666666
20576,20577,128361140#1,9.909,3.0
20578,20579,128361142#0,9.8604,2.0
20580,20581,128361142#1,9.909,2.8571428571428568
20582,20583,128361144#0,11.3112,0.0
20584,20585,128361144#1,9.345600000000001,0.5
20586,20587,128361145#0,9.3492,4.333333333333335
20588,20589,128361145#1,11.3148,0.0
20590,20591,128361146#0,11.3112,1.4761904761904756
20592,20593,128361146#1,9.345600000000001,0.0
20594,20595,128361148#0,9.345600000000001,0.3333333333333335
20596,20597,128361148#1,11.3112,0.0
20598,20599,128361149#0,11.3112,0.0
20600,20601,128361149#1,9.345600000000001,1.6397058823529405
20602,20603,128361150#0,9.8424,1.5535714285714286
20606,20607,128361152#0,9.8604,4.333333333333333
20608,20609,128361152#1,9.9072,2.0999999999999996
20610,20611,128361153#0,9.7506,4.333333333333333
20612,20613,128361153#1,9.99,3.0
20614,20615,128361155#0,9.3438,0.0
20616,20617,128361155#1,11.3148,3.1428571428571437
20618,20619,128361157#0,9.8604,2.0999999999999996
20620,20621,128361157#1,9.909,2.0
20622,20623,128361158#0,9.345600000000001,0.24999999999999992
20624,20625,128361158#1,11.3112,4.5
20626,20627,128361160#0,2.943,0.0
20628,20629,128361160#1,0.0648,0.0
20630,20631,128361161#0,9.8604,3.9523809523809543
20632,20633,128361161#1,9.909,2.8
20634,20635,128361162#1,9.909,1.0714285714285714
20636,20637,128361163#0,11.3112,0.0
20638,20639,128361163#1,9.345600000000001,4.5
20640,20641,128361165#0,11.3148,0.6666666666666669
20646,20647,128361170#1,0.40140000000000003,0.18918918918918914
20648,20649,128361171#1,40.894200000000005,9.066666666666665
20650,20651,128361171#2,21.6648,8.666666666666664
20652,20653,128361171#3,66.3354,0.0
20654,20655,128668758#0,18.0828,2.2531567328918327
20656,20657,128668758#1,12.6612,1.1772946859903384
20658,20659,128668758#3,15.1668,1.8695121951219502
20660,20661,128668759#1,9.3186,1.4230769230769234
20662,20663,128668759#2,9.9504,1.192307692307692
20664,20665,128906555,6.2496,9.64617784028596
20666,20667,129130803#0,16.606800000000003,2.166666666666667
20668,20669,129130803#1,7.002000000000001,0.9666666666666666
20670,20671,129130803#2,8.064000000000002,1.7
20672,20673,129130803#3,0.7992,0.3
20674,20675,129130803#4,10.0098,1.9047619047619049
20676,20677,129130803#5,0.0432,0.14285714285714285
20678,20679,129130803#6,9.9306,0.5535714285714286
20680,20681,129130803#7,0.0432,0.0
20682,20683,129130805#0,44.1522,4.333333333333331
20684,20685,129130805#1,20.2986,0.0
20686,20687,129130810#0,26.4006,3.4666666666666672
20688,20689,129130810#1,5.1516,0.2666666666666666
20690,20691,129130810#2,37.9872,9.072727272727272
20692,20693,129130810#3,2.9322,0.7636363636363634
20694,20695,129130810#4,0.6966,0.21428571428571425
20696,20697,129130810#5,8.1198,0.8392857142857141
20698,20699,129130810#6,3.672,0.2857142857142857
20700,20701,129130810#60,10.4274,1.0
20702,20703,129130810#7,1.971,0.7636363636363639
20704,20705,129130810#8,7.0614,1.2181818181818176
20706,20707,129323704#0,66.1212,8.0
20708,20709,129323704#1,1.9620000000000002,1.6428571428571428
20710,20711,129323704#2,4.5252,1.2
20712,20713,129323704#3,50.6556,10.124999999999995
20714,20715,129323704#4,0.0648,0.8076923076923078
20716,20717,129323706#0,0.6444,2.0
20724,20725,129323706#4,0.3852,0.0
20726,20727,129323706#5,0.6678000000000001,0.0
20728,20729,129323706#6,0.5886,0.0
20736,20737,129323707#3,1.4400000000000002,0.0
20738,20739,129323707#4,1.3626,0.5
20740,20741,129323707#5,30.956400000000002,0.0
20742,20743,129323710,24.3288,7.0
20744,20745,129323711,22.041,6.5
20748,20749,129323715,17.9316,12.5
20750,20751,129323718,23.4846,4.5
20754,20755,129323720,9.7344,0.3333333333333335
20756,20757,129323721,15.381,0.0
20758,20759,129323722,13.9104,0.0
20760,20761,129323723,28.405800000000003,0.0
20762,20763,129323724,27.4104,0.0
20766,20767,129323727,26.3592,0.0
20770,20771,129323739#0,25.290000000000003,0.0
20772,20773,129323739#1,2.2176,0.2142857142857142
20774,20775,129323739#2,14.639399999999998,2.3958333333333335
20780,20781,129323741#2,0.3402,0.0
20782,20783,129323741#3,1.3014,0.24725274725274712
20784,20785,129323741#4,13.7592,1.6666666666666667
20786,20787,129323742#0,37.504799999999996,0.0
20788,20789,129323742#1,2.3346,0.0
20796,20797,129323743#2,0.6245999999999999,0.5
20798,20799,129323743#3,0.6768000000000001,0.0
20800,20801,129323743#4,0.621,3.0
20802,20803,129323743#5,0.3078,0.0
20804,20805,129323744#1,3.5316,3.9285714285714284
20806,20807,129323744#2,17.526600000000002,5.7666666666666675
20812,20813,129323745#2,0.49500000000000005,2.2500000000000004
20814,20815,129323745#3,0.5346,0.0
20824,20825,129323746#2,0.7704,0.5
20826,20827,129323746#3,1.1556,1.0147058823529411
20828,20829,129323746#4,2.3796000000000004,138.43157894736842
20830,20831,129323746#5,2.6352,4016.4675324675322
20832,20833,129379920#1,4.4928,4.121316959972622
20834,20835,129379922,4.6566,0.47377596127662874
20836,20837,129379925,2.8440000000000003,3.208533607813105
20838,20839,129379925.20,3.8484,0.9662541081043284
20840,20841,129379930#0,1.8485999999999998,2.250445632798574
20842,20843,129379930#10,34.857,8.666666666666666
20844,20845,129379930#11,0.0648,1.861111111111111
20846,20847,129379930#2,0.0324,0.23593073593073596
20848,20849,129379930#4,0.0522,1.9
20850,20851,129379930#5,33.814800000000005,0.0
20852,20853,129379930#6,0.1422,0.6666666666666667
20854,20855,129379930#8,0.0648,0.3
20858,20859,129379931,23.3442,0.3333333333333339
20860,20861,129379932,26.087400000000002,4.25
20862,20863,129379933,25.977600000000002,0.9166666666666657
20864,20865,129379936,14.005799999999999,0.0
20866,20867,129379938,26.0442,2.6111111111111107
20868,20869,129379939,23.869799999999998,8.0
20870,20871,129379940,23.578200000000002,3.0
20872,20873,129379941,22.1994,0.0
20874,20875,129379942,24.0246,4.5
20876,20877,129379943,26.0388,4.410714285714287
20878,20879,129379944,23.652,0.33333333333333304
20880,20881,129379945,24.021,2.0
20882,20883,129379946,11.9322,0.33333333333333304
20884,20885,129379947,25.9866,4.299999999999999
20886,20887,129379950#0,3.8682000000000003,0.0
20888,20889,129379950#1,3.4956,0.0
20890,20891,129379951#0,4.1148,0.6666666666666667
20892,20893,129379951#1,5.5691999999999995,0.0
20894,20895,129379952#1,1.1178000000000001,5.699854651162787
20896,20897,129379952#10,0.09000000000000001,0.3301587301587301
20898,20899,129379952#11,1.3374,0.42234848484848486
20900,20901,129379952#12,0.6282,0.22167487684729067
20902,20903,129379952#13,1.6182,0.31385281385281383
20904,20905,129379952#14,2.2338000000000005,1.690476190476191
20906,20907,129379952#15,0.7578,0.65359477124183
20908,20909,129379952#16,1.1106,0.9411764705882355
20910,20911,129379952#17,1.0044000000000002,0.2666666666666665
20912,20913,129379952#18,0.5868,1.0
20914,20915,129379952#19,1.2168,0.33333333333333326
20916,20917,129379952#2,0.2016,0.24881452377726593
20918,20919,129379952#20,27.945,4.333333333333333
20920,20921,129379952#21,0.9414,0.0
20922,20923,129379952#22,0.621,0.4
20924,20925,129379952#23,1.0368,0.7958333333333333
20926,20927,129379952#24,1.3086,0.3122529644268774
20928,20929,129379952#25,0.531,0.8214285714285714
20930,20931,129379952#26,1.1844000000000001,0.6560975609756098
20932,20933,129379952#27,1.0422,0.5527482269503546
20934,20935,129379952#28,0.3438,0.4030612244897959
20936,20937,129379952#29,1.0493999999999999,0.6066763425253988
20938,20939,129379952#3,0.2682,0.2176911544227886
20940,20941,129379952#30,0.0648,0.4710382513661202
20942,20943,129379952#4,0.3942,0.23734791042144238
20944,20945,129379952#5,0.162,0.27672955974842767
20946,20947,129379952#6,0.0648,0.2113181906425936
20948,20949,129379952#7,0.5112,0.8694508731327584
20950,20951,129379952#8,0.0648,0.5111111111111113
20952,20953,129379952#9,4.5198,0.32388663967611336
20954,20955,129379953#0,0.1296,4.923076923076923
20956,20957,129379953#1,12.5028,1.8660256410256413
20962,20963,129379958#1,0.0648,0.0
20964,20965,129379958#2,0.0648,4.723320158102767
20966,20967,129379958#3,0.0648,0.29249011857707513
20968,20969,129379962#0,1.0782,0.4183006535947712
20970,20971,129379962#1,5.9544,0.6923076923076924
20972,20973,129379962#2,14.119200000000001,1.4952380952380953
20974,20975,129379962#3,1.5156,0.20000000000000007
20976,20977,129379962#4,1.5534000000000001,0.6666666666666666
20978,20979,129379964,17.9838,4.552380952380953
20980,20981,129379967,3.6323999999999996,419.23125050132364
20982,20983,129379968#1,3.2454,2.16060920733818
20984,20985,129778904#0,13.9302,1.7
20986,20987,129778904#1,7.0056,0.2
20988,20989,129778904#2,4.2264,0.2999999999999999
20990,20991,129778904#3,29.1222,3.7666666666666657
20994,20995,129994349,35.2458,3.7666666666666666
20996,20997,129994350,33.0894,5.666666666666667
20998,20999,130185484#0,52.893,31.095588235294105
21000,21001,130185484#1,0.5058,1.2624999999999997
21002,21003,130185484#2,0.1296,1.3333333333333335
21004,21005,130185486#0,9.756,2.5714285714285707
21006,21007,130185486#1,16.210800000000003,0.5
21008,21009,130185486#2,15.055200000000001,2.0
21010,21011,130185488#1,3.7602,1.4360751494842547
21012,21013,130185488#1.32,6.615,3.978965624711425
21014,21015,130185488#2,4.1255999999999995,2.8331602857134732
21016,21017,130185488#3,8.5968,1.4105487992097085
21018,21019,130185488#4,5.1534,2.475159323691526
21020,21021,130185490#1,2.7774,90.2909090909091
21022,21023,130185490#2,92.5308,14.333333333333343
21024,21025,130185490#3,92.8494,68.29999999999998
21026,21027,130185490#4,1.8900000000000001,1345.6142857142859
21028,21029,130185494,23.549400000000002,2.722222222222222
21030,21031,130185495,23.2866,4.333333333333334
21032,21033,130996520,11.802600000000002,3387.230004477966
21034,21035,130996521#1,54.174600000000005,90.18905472636816
21036,21037,130996521#2,106.452,130.37176470588244
21038,21039,130996521#3,71.01,61.0
21040,21041,130996528,54.972,95.9
21042,21043,130996529,17.4114,0.5
21044,21045,131118448#0,1.0962,0.20952380952380947
21046,21047,131118448#1,3.7403999999999997,0.37912087912087905
21048,21049,131118449,0.7632,0.43019943019943024
21050,21051,131118453,38.739599999999996,7.537433155080214
21052,21053,131118454,0.5058,1.4374057315233788
21054,21055,131118455,0.738,4266.460930640913
21056,21057,131118459#0,15.575400000000002,3.1923076923076934
21058,21059,131118459#1,10.971,1.5666666666666667
21060,21061,131118460#0,15.575400000000002,0.7999999999999998
21062,21063,131118460#1,9.3204,3.5
21064,21065,131118462#0,0.7614,0.3974358974358975
21066,21067,131118462#1,1.1142,2.1944444444444438
21068,21069,131118462#2,0.936,2.2500000000000004
21070,21071,131118463#0,8.5104,136296.88888888888
21072,21073,131118464#0,0.0648,0.26785714285714285
21074,21075,131118464#1,0.47340000000000004,0.0
21076,21077,131118464#2,0.8748,0.5714285714285713
21078,21079,131118466.32,4.6782,1320.9031308569154
21080,21081,131118467,9.667800000000002,33602.30404797601
21082,21083,131118468#0,2.1168,2533.500945062802
21084,21085,131118468#0.32,3.1446,6795.4491553000025
21086,21087,131634116#0,1.2942,4535.62894736842
21088,21089,131634116#1,3.6251999999999995,0.10000000000000007
21090,21091,131634116#2,25.9632,2.0
21092,21093,131634117#1,1.7838,0.5603948896631824
21094,21095,131634117#2,0.0648,0.2780487804878048
21096,21097,131634117#3,4.0338,2.1142857142857148
21098,21099,131634117#5,5.967,3.4952380952380944
21100,21101,131634130#0,0.9036000000000001,0.6499999999999999
21102,21103,131634130#1,6.0678,0.9888888888888887
21104,21105,131634131,6.1668,1.8409090909090906
21106,21107,131634134#1,0.49140000000000006,0.7690258751902586
21108,21109,131634136,4.3776,752.5772691705793
21110,21111,131634138#1,8.3916,1.272727272727272
21112,21113,131634138#2,2.3436000000000003,0.24999999999999992
21114,21115,131634140#0,2.7612,1.092741935483871
21116,21117,131634140#1,8.346599999999999,0.7549407114624503
21118,21119,131634140#2,6.9444,0.6584615384615381
21120,21121,131634142,7.369200000000001,4.5
21122,21123,131634144#1,3.9168000000000003,1.4666666666666663
21124,21125,131634144#2,5.8266,0.0
21126,21127,131634145#0,0.12600000000000003,2.0476190476190483
21128,21129,131634145#1,6.174,0.9010989010989015
21130,21131,131634145#2,4.095,0.42424242424242425
21132,21133,131634145#3,0.0648,0.6839826839826839
21134,21135,131634145#4,6.9984,4449.029239766082
21142,21143,131700651#1,44.7444,0.0
21144,21145,131700652#0,8.0802,1.3333333333333333
21146,21147,131700652#1,18.2682,5.654545454545457
21148,21149,131700653#0,6.8382,2.675889328063241
21150,21151,131700654#0,2.6154,1.288888888888889
21152,21153,131700654#1,30.141000000000002,3.787878787878787
21154,21155,131700656,26.2422,1.0
21156,21157,131722023,23.0994,6.249999999999997
21158,21159,131722024,21.0078,5.238095238095237
21160,21161,133765794#1,0.4374,3.80035555053897
21162,21163,135583699,15.705,3.238095238095239
21166,21167,136435842,32.6826,3.5285714285714285
21170,21171,136436468#1,6.5772,423.83225806451617
21172,21173,136436468#2,2.5182,1075.1764112903227
21174,21175,136436469,11.25,30.781609195402297
21176,21177,136436470,12.1302,1.2155797101449275
21178,21179,136436471,29.3148,0.0
21182,21183,136436475#0,7.336799999999999,1.0769230769230769
21184,21185,136436476#1,0.171,0.7882532418001527
21186,21187,136436476#10,4.905,0.5151515151515149
21188,21189,136436476#11,10.8324,0.9999999999999997
21190,21191,136436476#2,0.0648,0.2551020408163267
21192,21193,136436476#3,12.186,3.039473684210526
21194,21195,136436476#4,6.9444,2.672514619883042
21196,21197,136436476#5,20.3724,6.117647058823529
21198,21199,136436476#6,5.4234,0.5166666666666667
21200,21201,136436476#7,3.4019999999999997,1.516483516483516
21202,21203,136436476#9,5.1444,2.0606060606060606
21204,21205,136437407#0,0.41400000000000003,0.23333333333333328
21206,21207,136437407#1,0.1872,0.28571428571428575
21208,21209,136437407#2,15.2388,0.25000000000000017
21210,21211,136437411,34.803000000000004,0.0
21212,21213,136516892#0,70.281,73.29382716049389
21214,21215,136516892#1,6.7572,0.940438871473354
21216,21217,136516892#2,2.2014,0.3152281746031744
21218,21219,136516892#3,6.417,0.5797101449275363
21220,21221,136516892#4,16.4232,3.058712121212122
21222,21223,136516892#5,56.388600000000004,16.55882352941177
21224,21225,136517436#0,34.390800000000006,0.0
21226,21227,136517436#1,3.978,0.8611111111111113
21228,21229,136517436#2,16.6212,1.7666666666666668
21230,21231,136517436#3,0.0648,0.619047619047619
21232,21233,136517436#4,22.166999999999998,4.5
21234,21235,136517439,4.4190000000000005,0.4062499999999999
21236,21237,136517440,34.047,369.63970588235287
21238,21239,136517442#0,2.8818,2.025641025641026
21240,21241,136517442#1,12.8916,0.0
21242,21243,136618613#0,5.8662,526.9395559210527
21246,21247,136618617#0,7.1154,1.2112638815441563
21248,21249,136618617#1,1.1718000000000002,0.365079365079365
21250,21251,136618617#2,20.925,2.1838624338624335
21252,21253,136618617#3,12.2688,0.8526315789473685
21254,21255,136618617#4,5.5602,0.3847549909255898
21256,21257,136618618,70.3584,0.0
21258,21259,136728344#0,27.8028,12.091513345426277
21260,21261,136728344#3,18.081,1.4173131378679729
21262,21263,136728344#4,7.914600000000001,1.2032967421095753
21264,21265,136728344#4.72,9.145800000000001,57.91655193567156
21266,21267,136728347#0,8.017199999999999,37.51297184321193
21268,21269,136728347#1,6.7302,29.929013880344144
21270,21271,136728347#2,5.8932,32.74267733330663
21272,21273,136728347#3,0.5022000000000001,0.39326618669355856
21274,21275,136728347#4,2.079,8.938485372508154
21288,21289,136728351#0,25.4394,14.276353276353271
21290,21291,136728351#1,43.0452,20.488888888888884
21292,21293,136728351#2,169.8354,31697.61111111111
21300,21301,136728366#0,3.6918,10468.378737541529
21302,21303,136728366#1,2.3400000000000003,3.975384615384616
21330,21331,136888519#0,10.0422,0.40721360895779485
21332,21333,136888519#1,3.1608,0.2597994111152007
21334,21335,136900855,1.278,0.0
21336,21337,137031654#0,1.7424,1.3571428571428577
21338,21339,137031654#1,3.2796000000000003,6.785714285714285
21340,21341,137132992#0,1.8521999999999998,0.11111111111111119
21342,21343,137132992#1,4.9914000000000005,0.5
21344,21345,137132992#2,4.010400000000001,0.5523809523809524
21346,21347,137132992#3,0.5346,0.26373626373626374
21348,21349,137132993#0,0.0432,0.07692307692307691
21350,21351,137132993#1,0.0432,0.08333333333333333
21352,21353,137132994#0,0.0432,0.09999999999999999
21354,21355,137132994#1,1.4849999999999999,0.19846153846153847
21356,21357,137132994#2,0.0648,0.28571428571428575
21358,21359,137132996,0.675,0.261437908496732
21360,21361,137132997,0.0432,0.19117647058823528
21362,21363,137132998,0.24120000000000003,0.07692307692307691
21364,21365,137133006#0,4.7988,10.121625452760567
21366,21367,137133006#0.121,8.8632,1716.5566013871028
21368,21369,137133010#0,10.9458,1.0
21372,21373,137133010#2,4.5036,0.0
21374,21375,137246371#1,3.3444000000000003,1011.7609118394848
21376,21377,137246371#2,1.9836000000000003,814.4352346882611
21378,21379,137246375,0.29700000000000004,0.35846153846153855
21384,21385,137247859#0,29.3022,0.0
21388,21389,137247860,48.000600000000006,0.5
21396,21397,137435070,48.483,16.608187134502923
21398,21399,137435076,7.6572,7.0
21400,21401,137435081,2.4858000000000002,1.3333333333333333
21402,21403,137435083,7.3872,0.0
21404,21405,137435084#0,7.885800000000001,0.19444444444444442
21406,21407,137435084#1,0.2142,0.8
21408,21409,137435089,16.4952,1.194444444444444
21410,21411,137435091,19.314,292.3
21412,21413,137435095,28.9548,3.4666666666666672
21414,21415,137435100#0,1.791,0.28571428571428575
21416,21417,137435100#1,1.8612000000000002,7.742424242424242
21418,21419,137435100#2,3.6846000000000005,3.583333333333334
21420,21421,137435102#0,0.0684,1461.3088235294117
21422,21423,137435102#1,0.7668,10.838095238095237
21424,21425,137435102#2,17.9586,7.238095238095236
21426,21427,137435107#0,4.069800000000001,0.5640394088669948
21428,21429,137435107#2,12.9726,4.9411764705882355
21430,21431,137435107#3,15.465600000000002,6.4
21432,21433,137435107#4,0.3294,0.8095238095238096
21434,21435,137454133#1,1.845,0.6181818181818179
21436,21437,137454133#3,6.429600000000001,0.5535714285714286
21438,21439,137454133#4,4.9752,2.333333333333334
21440,21441,137454133#5,10.737,4.333333333333334
21442,21443,137463474#0,18.6228,3050.348484848485
21444,21445,137463474#1,11.763,4270.615384615384
21446,21447,137463475#0,0.3726,74.31196172248805
21448,21449,137463475#1,7.0182,0.9103670985735078
21450,21451,137463475#2,13.5738,130.0512562470049
21452,21453,137463477#0,2.8026,51968.52185356899
21454,21455,137463477#1,2.9448,7765.588287042859
21456,21457,137463478#1,2.6586000000000003,0.0
21458,21459,137463478#1.104,1.0151999999999999,151.8
21460,21461,137463478#1.19,8.577,592960.5
21462,21463,137463478#2,11.6856,932927.5
21464,21465,137463478#3,10.121400000000001,344437.9837398375
21466,21467,137500982#2,20.403000000000002,3.7784946236559147
21468,21469,137500982#3,75.0618,45.86443046820408
21472,21473,137672872,11.953800000000001,3.1998578030572347
21474,21475,137672874#1,0.6426,3.3595199828565327
21476,21477,137672879,45.9612,0.0
21478,21479,137685135,2.8404000000000003,86.45493048128343
21480,21481,137685160#0,9.8442,0.9166666666666666
21482,21483,137685160#1,0.039599999999999996,0.1973684210526315
21484,21485,137685160#2,9.1944,2.1732026143790852
21486,21487,137685160#3,0.7056,21.5
21496,21497,137685161#4,329.1084,400.93846153846147
21498,21499,137685161#5,1.3086,0.8031167690956978
21500,21501,137685161#6,65.3112,18.536297640653373
21502,21503,137685161#7,86.9958,32.83671497584539
21504,21505,138002148,8.4366,0.8721410344057341
21506,21507,138002149#1,2.4228,1555.3053198241626
21508,21509,138002149#2,18.9072,2327.763076235925
21510,21511,138002149#3,10.533600000000002,3317.0868897795617
21512,21513,138265831,14.500799999999998,1.9523809523809523
21514,21515,138300617#0,3.5136,0.726179463459759
21516,21517,138300617#1,3.483,0.2044403330249769
21518,21519,138300617#2,0.7110000000000001,0.1843971631205674
21520,21521,138300617#3,15.5988,1.3101449275362316
21522,21523,138300617#4,11.0754,0.9411764705882343
21524,21525,138300617#5,12.3048,0.588235294117647
21526,21527,138300620#1,1.6254000000000002,0.19279907084785136
21528,21529,138300620#2,7.6823999999999995,0.9064482029598312
21530,21531,138300620#6,10.953,18.745454545454542
21534,21535,138300622,14.4288,0.9238095238095235
21536,21537,138300624#0,13.222800000000001,0.0
21538,21539,138300624#1,11.295000000000002,0.0
21540,21541,138300626#0,0.7362,0.6264367816091954
21542,21543,138300626#1,14.450400000000002,1.2308377896613194
21544,21545,138300627,6.9156,3.583333333333334
21546,21547,138300628,1.5894000000000001,0.21554116558741904
21548,21549,138300629,1.323,1.264822134387352
21550,21551,138396236,2.4624,0.26460704607046037
21552,21553,138396239#0,0.1962,0.15603843311160376
21554,21555,138396239#1,1.9152000000000002,0.8583172545721411
21556,21557,138396689#2,43.524,10.299999999999997
21558,21559,138396689#3,6.4062,0.0
21560,21561,139230366,1.2240000000000002,146.07723042143323
21564,21565,139429268,4.3974,0.56960142872576
21566,21567,139429273,76.6206,25.06342494714588
21568,21569,139429275#0,20.0808,2.3333333333333335
21570,21571,139429275#1,5.5548,0.0
21572,21573,139429279,6.9966,0.0
21574,21575,140579883,23.5818,2.2532467532467537
21576,21577,140684000#1,1.6074000000000002,1033.4922023750428
21578,21579,140684000#1.21,2.3688000000000002,275.19150823034994
21580,21581,140684003,33.174,23.18509615384616
21582,21583,140737941#0,12.3048,0.5
21584,21585,140737941#1,1.8558,0.0
21586,21587,140737941#2,1.791,2.0
21588,21589,140737941#3,1.9260000000000002,0.0
21590,21591,140737941#4,1.7748,0.5
21594,21595,140737941#6,0.738,0.0
21598,21599,140737941#8,1.0224,0.0
21600,21601,140737941#9,0.9126000000000001,1.2
21602,21603,140737946,37.6632,0.0
21604,21605,140737948#0,3.0006,0.40026595744680843
21606,21607,140737948#1,2.2626,3.466666666666666
21608,21609,140737948#10,1.2042000000000002,0.9967320261437908
21610,21611,140737948#11,11.0322,1.3666666666666667
21612,21613,140737948#2,1.8738,1.0
21614,21615,140737948#3,0.9396000000000001,1.6479500891265588
21616,21617,140737948#4,1.278,0.7192118226600985
21618,21619,140737948#5,1.1394,1.1015384615384616
21620,21621,140737948#6,1.1880000000000002,0.7766666666666667
21622,21623,140737948#7,1.1358000000000001,0.9947089947089945
21624,21625,140737948#8,1.2276,1.1225071225071226
21626,21627,140737948#9,1.0386,1.683712121212121
21628,21629,140737954#0,0.9324,17.78980294025649
21630,21631,140737954#1,1.3572,25.80222594307101
21632,21633,140737954#10,1.1718000000000002,0.8909827760891589
21634,21635,140737954#11,1.5606,2.173651235642186
21636,21637,140737954#12,0.0486,0.2743026204564667
21638,21639,140737954#13,1.7316,153.0360524123305
21640,21641,140737954#3,1.2942,21.386431945040787
21642,21643,140737954#4,0.9684,5.619708535739069
21644,21645,140737954#5,1.2078000000000002,9.513300948415457
21646,21647,140737954#6,1.2924,1.8808119361554478
21648,21649,140737954#7,0.2718,1.4630464954892435
21650,21651,140737954#8,0.747,1.0990053203793657
21652,21653,140737954#9,0.81,5.647166165736367
21654,21655,140737957,7.6914,1.1111111111111112
21656,21657,140737963,7.5725999999999996,1.3333333333333335
21658,21659,140737969,0.0648,0.0
21660,21661,140737971,7.594200000000001,0.0
21662,21663,140737980#0,9.3492,4.333333333333332
21664,21665,140737980#1,1.7586,0.33333333333333337
21668,21669,140737990,6.291,55.243589743589745
21670,21671,140737996,7.4807999999999995,4.333333333333334
21672,21673,140738001,7.7076,2.5
21674,21675,140738003,7.6698,0.5
21676,21677,140738008,7.578,0.0
21678,21679,140738011,7.9218,0.33333333333333326
21680,21681,140738021,20.043,9.333333333333336
21682,21683,140738034,20.5578,1.0
21686,21687,140738047#0,0.0648,0.22184873949579834
21688,21689,140738047#1,0.5147999999999999,0.15062388591800357
21690,21691,140738047#2,10.647,3.114285714285713
21692,21693,140738054#0,13.188600000000001,623.9200000000001
21694,21695,140738054#1,1.1178000000000001,26.455769230769228
21696,21697,140738054#2,0.0648,4.423758865248227
21698,21699,140739763,7.2738000000000005,1.4285714285714286
21700,21701,140834246,65.5326,4.5
21702,21703,140834247#0,15.701400000000001,2.25
21704,21705,140834247#1,32.821200000000005,0.0
21706,21707,140834248,8.253,0.33333333333333326
21708,21709,140834249#0,17.334000000000003,3.1237553342816504
21710,21711,140834249#1,7.785,0.6539682539682536
21712,21713,140834249#10,13.0104,0.639705882352941
21714,21715,140834249#11,18.3744,25.75714285714286
21716,21717,140834249#2,0.198,0.311111111111111
21718,21719,140834249#3,0.36000000000000004,0.10229885057471264
21720,21721,140834249#4,1.584,0.25747126436781614
21722,21723,140834249#5,1.4148,0.3276353276353276
21724,21725,140834249#6,2.4426,0.2962962962962963
21726,21727,140834249#7,5.9274000000000004,1.4327485380116953
21728,21729,140834249#8,21.736800000000002,2.7017543859649122
21730,21731,140834249#9,5.434200000000001,0.6428571428571431
21732,21733,140834250,13.7862,4.199999999999999
21734,21735,140834251,16.596,0.0
21736,21737,140834252,16.8336,2.0000000000000004
21740,21741,140834254#0,7.587,0.4502923976608188
21742,21743,140834254#10,10.8306,1.1483516483516483
21744,21745,140834254#11,4.903200000000001,0.3026315789473683
21746,21747,140834254#13,7.738200000000001,2.0454545454545454
21748,21749,140834254#2,5.139,0.42857142857142855
21750,21751,140834254#3,4.3866,0.2857142857142858
21752,21753,140834254#4,4.248,0.24358974358974358
21754,21755,140834254#5,5.6466,0.4102564102564102
21756,21757,140834254#6,3.7296,1.1410256410256412
21758,21759,140834254#7,13.9608,0.44444444444444436
21760,21761,140834254#8,9.7362,0.49090909090909074
21762,21763,140834254#9,12.5802,0.6222222222222225
21764,21765,140834255#1,7.9956000000000005,3.872908622908619
21766,21767,140834256#0,31.194,6.333333333333333
21768,21769,140834256#1,0.225,0.0
21770,21771,140834257#0,17.2422,20.200000000000003
21772,21773,140834257#1,10.366200000000001,1.0
21774,21775,140834257#3,27.3294,2.800000000000001
21776,21777,140834257#4,9.1044,7.111111111111111
21778,21779,140834257#5,5.1408,0.4444444444444444
21780,21781,140834257#6,17.7984,2.454545454545454
21782,21783,140834257#7,14.0832,16.52747252747253
21784,21785,140834258,9.0576,0.5964912280701754
21786,21787,140834259,4.4172,30.300395256916996
21790,21791,140834261#0,14.104800000000001,1.2241851676901263
21792,21793,140834261#1,0.2808,0.16755195228776434
21794,21795,140834261#2,1.413,0.24881185350852678
21796,21797,140834261#3,24.771600000000003,3.9735947094945665
21798,21799,140834262#0,10.5624,0.7530642555630833
21800,21801,140834262#1,8.712,0.7982534463982485
21802,21803,140834263#0,13.1454,0.8727272727272724
21804,21805,140834263#1,5.1174,0.2614379084967321
21814,21815,140834271#2,15.3126,0.0
21816,21817,141058755#0,13.2408,0.9353377179246275
21818,21819,141058755#1,17.0406,1.7087071796042377
21820,21821,141058755#2,5.652,0.5075134478570187
21822,21823,141058755#3,2.6118,0.4199636432234057
21824,21825,141058755#4,1.5138,0.3255303459038603
21828,21829,141058758,26.928,24.333333333333332
21830,21831,141058763,29.696400000000004,2.0
21832,21833,141058765,15.8526,8634.620517846937
21834,21835,143054330,0.0648,0.4175824175824176
21836,21837,143054332#0,3.9366,0.9924242424242429
21838,21839,143054333#1,0.12240000000000001,0.2857142857142857
21840,21841,143054333#10,12.1212,0.3333333333333333
21842,21843,143054333#11,7.7634,0.5
21844,21845,143054333#12,3.3894,5.333333333333334
21846,21847,143054333#13,48.7368,13.095833333333335
21848,21849,143054333#14,5.8572,1.3333333333333333
21850,21851,143054333#15,1.71,0.0
21852,21853,143054333#16,1.7964,1.6363636363636365
21854,21855,143054333#17,0.0648,0.4999999999999998
21856,21857,143054333#18,0.0648,1.1025641025641024
21858,21859,143054333#19,4.4352,2.905263157894736
21860,21861,143054333#2,42.8958,8.55357142857143
21862,21863,143054333#20,1.9205999999999999,9.620553359683795
21864,21865,143054333#21,1.6992,0.5542328042328042
21866,21867,143054333#22,2.052,1.5312499999999998
21868,21869,143054333#23,5.6322,1.2266419981498609
21870,21871,143054333#4,58.940999999999995,27.0
21872,21873,143054333#5,59.69520000000001,12.32258064516129
21874,21875,143054333#6,32.209199999999996,0.0
21876,21877,143054333#7,22.626,7.566666666666666
21878,21879,143054333#8,15.1308,4.566666666666667
21880,21881,143054333#9,7.4718,1.0
21882,21883,143313737,18.0936,4.249999999999999
21884,21885,143313739,25.443,13.583333333333334
21886,21887,143313756,126.81540000000001,56.05064102564102
21888,21889,144654970,49.345200000000006,3.0
21890,21891,144655546#0,12.1644,13.007554536966305
21892,21893,144655546#1,17.7894,4981.930396400986
21894,21895,144655546#2,0.8622,15.063482216708017
21896,21897,144655547#0,12.7242,1.1340286675208202
21898,21899,144655547#1,5.869800000000001,0.43383648302370265
21900,21901,144655547#2,2.4066,0.214911744323509
21902,21903,144655547#3,9.2196,0.7910556296206515
21904,21905,144655547#4,3.0978000000000003,0.42502802690582947
21906,21907,144657087#0,13.4082,1.3476190476190475
21908,21909,144657087#2,15.141600000000002,3.144723092998956
21910,21911,144657087#3,6.8544,1.0527028857878333
21912,21913,144657087#4,14.639399999999998,1.202429149797571
21914,21915,144657087#5,18.568800000000003,1.4102564102564112
21916,21917,144657087#6,35.870400000000004,8544.439024390242
21918,21919,144659489,18.471600000000002,2.0210691823899376
21920,21921,144659492#0,3.3714,1.266666666666667
21922,21923,144659492#1,8.379000000000001,0.9999999999999999
21924,21925,144659492#2,7.9236,0.5523809523809523
21926,21927,144659492#3,2.3274,0.7619047619047618
21928,21929,144659492#4,3.2958,0.5071225071225072
21930,21931,144659492#5,3.3714,0.4729064039408866
21932,21933,144659492#6,4.9248,0.5118279569892473
21934,21935,144659492#7,5.058,0.6136363636363636
21936,21937,144659493,3.609,1.9047619047619044
21938,21939,144659495,6.631200000000001,0.6188011641410159
21940,21941,144659496,9.8802,0.25000000000000017
21942,21943,145069268,6.820200000000001,20212.285714285714
21944,21945,145069270#0,18.8748,3.7777777777777777
21946,21947,145069270#1,0.1386,0.7307692307692308
21948,21949,145069270#2,3.0582000000000003,2.8852813852813846
21950,21951,145069272,27.0072,8.547619047619047
21952,21953,145069278#0,6.0732,9697.73545475062
21954,21955,145069278#1,20.460600000000003,24731.494782074897
21956,21957,145069278#2,17.1648,14608.631805350182
21958,21959,145069280#0,13.509,2866.746562929058
21960,21961,145069280#1,3.825,1220.3508515994483
21962,21963,145069284,2.8800000000000003,1520.1810581010866
21964,21965,145069286#0,13.498199999999999,426.30847167729667
21966,21967,145069286#1,0.2682,43.62054370048555
21968,21969,145069287#0,4.3398,0.40005078397765526
21970,21971,145069287#1,6.0858,0.3864978099409633
21972,21973,145069287#2,4.0824,0.29238591425522564
21974,21975,145069287#3,6.1452,0.40800954114619276
21976,21977,145069287#4,3.8286,0.26024731655263333
21978,21979,145069287#8,5.5296,0.5705579889544851
21980,21981,145069291#1,23.283,10.0
21982,21983,145069291#2,31.597199999999997,10.666666666666666
21984,21985,145069294#0,2.7324,730.1204119458387
21986,21987,145069294#1,7.2738000000000005,2654.505730705898
21988,21989,145069294#2,4.5252,1806.5404853720843
21990,21991,145069296,47.9646,234.4379310344827
21992,21993,145069298,17.4744,2358.0277777777783
21994,21995,145069303#1,3.4038,1943.3275585703736
21996,21997,145069303#2,3.6486000000000005,32.860376482363534
21998,21999,145069303#3,5.274,61.47400446062643
22000,22001,145069303#4,4.2318,78.14388431287541
22002,22003,145069304,36.064800000000005,18.25
22004,22005,145069307#0,3.2904,0.19444444444444442
22006,22007,145069307#1,1.4238000000000002,0.6944444444444444
22008,22009,145069309,38.259,28.918128654970765
22010,22011,145069311#0,9.8766,0.9039026039347615
22012,22013,145069311#1,22.325400000000002,8.629521928380704
22014,22015,145069313#0,13.5378,0.8311688311688309
22016,22017,145069313#1,3.7872000000000003,0.2590579710144927
22018,22019,145069313#2,6.8148,3.029790872549722
22020,22021,145069316#1,2.493,0.7840976905783775
22022,22023,145069320#0,1.3860000000000001,1.1111111111111112
22024,22025,145069320#1,5.2452000000000005,0.9166666666666666
22026,22027,145069323#1,26.116200000000003,3.922699849170436
22028,22029,145069323#2,7.403400000000001,0.5349019607843136
22030,22031,145069325#0,11.809800000000001,3.666666666666666
22032,22033,145069325#1,31.926599999999997,11.92916666666667
22034,22035,145069325#2,16.9308,56.92307692307693
22036,22037,145069328,6.8328,0.5139784946236562
22038,22039,145069331#1,1.1340000000000001,0.21189120809614154
22040,22041,145069331#2,1.305,0.12799723995169934
22042,22043,145069331#3,13.8924,1.209648668851705
22044,22045,145069331#4,21.5352,2.2085781433607523
22046,22047,145069334,0.1296,0.33333333333333337
22048,22049,145069335#1,6.2856000000000005,309.40240827134033
22050,22051,145069335#2,1.6614000000000002,0.2442890985236261
22052,22053,145069335#3,1.1772,0.25160503338469437
22054,22055,145069335#4,0.5346,0.12345916795069334
22056,22057,145069336#0,14.9256,1580.0556157947042
22058,22059,145069336#1,4.401,860.4729037279342
22060,22061,145069336#3,3.7331999999999996,487.8338160506189
22062,22063,145069339#0,14.8806,2.193333333333333
22064,22065,145069339#1,8.618400000000001,1642.8753846153843
22066,22067,145069339#2,2.4336,320.66461538461533
22068,22069,145069342#0,65.61000000000001,40.5
22070,22071,145069342#1,60.822,40.36029411764708
22072,22073,145069342#2,0.513,0.20454545454545459
22074,22075,145069342#3,18.828000000000003,6.233333333333339
22076,22077,145069342#4,38.736,18.666666666666664
22078,22079,145069345#1,44.3016,26.5
22080,22081,145069347#0,29.1096,4.89090909090909
22082,22083,145069347#1,3.636,68.14102564102566
22084,22085,145069350#1,21.5964,2.33201581027668
22086,22087,145069350#2,5.6448,0.339920948616601
22088,22089,145069351,22.9176,3.0105263157894755
22090,22091,145069354#0,16.2414,1.8428145497912942
22092,22093,145069354#1,20.0736,1888.1331153100764
22096,22097,145069362#1,7.460999999999999,0.4437229437229438
22098,22099,145069362#2,11.8602,0.6503623188405795
22100,22101,145069363#0,19.515600000000003,2.015873015873016
22102,22103,145069363#1,3.0816,0.25999999999999995
22104,22105,145069363#2,12.351600000000001,1.2899999999999996
22106,22107,145069363#3,2.5218000000000003,0.22727272727272718
22108,22109,145069369#0,2.5758,1277.805356164778
22110,22111,145069369#1,2.8782,1297.6661458950362
22112,22113,145069371#0,15.264000000000001,1.1650837988826819
22114,22115,145069371#1,0.7686,1.0
22116,22117,145069373#0,2.1636,555.2725391567495
22118,22119,145069373#1,23.576400000000003,36247.37771821454
22120,22121,145069374,17.557199999999998,74855.58778998777
22122,22123,145069384,53.3592,32.712620712620705
22124,22125,145069386#1,0.4968000000000001,850.9602519728642
22126,22127,145069386#2,1.6992,2904.4033648498353
22128,22129,145069386#3,10.884599999999999,29437.92638814929
22130,22131,145069391,3.0474,2280.6396768934337
22132,22133,145069394#0,7.0182,1537.6651733879032
22134,22135,145069394#1,13.8114,7368.061599418396
22138,22139,145577013,87.3396,48.80952380952382
22140,22141,146973149,3.3930000000000002,1.1993091859596716
22142,22143,146973150#0,14.9814,1.317655989855159
22144,22145,146973150#1,8.298,0.6450125516515556
22146,22147,146973153,13.0608,1.0476740131120095
22148,22149,146973156#0,15.174,1.669025872087094
22150,22151,146973156#1,9.250200000000001,4.925719387962177
22152,22153,146973170,10.2186,0.0
22154,22155,146973176#0,12.4308,0.8860567366692593
22156,22157,146973176#1,6.8958,0.4782805553282606
22158,22159,146973189,5.0687999999999995,0.278982234266787
22160,22161,146973196,15.947999999999999,0.8128654970760236
22162,22163,146973200#0,0.7614,0.25634920634920627
22164,22165,146973200#1,23.4846,1.6634920634920636
22166,22167,146973200#2,1.1826,0.1756756756756757
22168,22169,146973201#0,36.1548,3.023655913978494
22172,22173,146973206#0,20.8152,4.250000000000003
22174,22175,146973206#1,22.0968,2.916666666666666
22176,22177,146973206#2,4.6134,0.0
22178,22179,146973210,4.1328,0.1735623893515181
22180,22181,146973212,5.986800000000001,0.3815210027100275
22182,22183,146973214#1,12.141,10.557338005627997
22184,22185,146973214#10,0.108,0.3877771957394798
22186,22187,146973214#11,0.2844,0.3734659125463719
22188,22189,146973214#12,1.0638,0.37480213903743287
22190,22191,146973214#13,2.8134,0.26135115779422297
22192,22193,146973214#17,0.16920000000000002,0.5285745991233426
22194,22195,146973214#18,4.0374,0.3654275092936801
22196,22197,146973214#2,3.5244,0.748293343582423
22198,22199,146973214#21,1.2708,0.35680492264824554
22200,22201,146973214#22,3.8429999999999995,0.16316248256624827
22202,22203,146973214#23,8.4474,1.0150031180074093
22204,22205,146973214#6,2.7054,1.0425152530720978
22206,22207,146973214#7,2.8404000000000003,0.8356643356643357
22208,22209,146973214#9,1.8954,0.5702636663257188
22210,22211,146973218#0,10.3302,0.46153846153846156
22212,22213,146973218#1,10.504800000000001,0.489010989010989
22214,22215,146973218#2,9.594000000000001,0.747252747252747
22216,22217,146973218#3,18.828000000000003,2.5475113122171935
22218,22219,146973218#4,0.0252,0.21719457013574653
22220,22221,146973218#5,6.877800000000001,0.6255442670537013
22222,22223,146973222,1.8900000000000001,0.23399722093561856
22224,22225,146973225#1,2.3706,1.097179989567298
22226,22227,146973225#1.37,6.2082,9.528272845253966
22228,22229,146973225#2,1.3176,0.42715544005703443
22230,22231,146973225#3,6.5682,65.52818486377991
22232,22233,146973234#1,131.86260000000001,172.0
22234,22235,146973236#0,3.4596,0.4231444883618798
22236,22237,146973236#1,15.129,1.2040738625547303
22238,22239,146973236#10,5.2164,0.2647058823529411
22240,22241,146973236#11,6.0444,0.6952380952380951
22242,22243,146973236#12,21.753000000000004,0.33333333333333304
22244,22245,146973236#13,4.8906,0.3333333333333335
22246,22247,146973236#14,6.6168000000000005,0.0
22248,22249,146973236#15,0.2898,0.0
22250,22251,146973236#2,8.7858,0.5827146392537605
22252,22253,146973236#3,5.6466,0.2885969921949363
22254,22255,146973236#4,6.0894,0.4019191919191916
22256,22257,146973236#5,8.8236,0.6805940594059403
22258,22259,146973236#7,3.5244,0.7220716651610967
22260,22261,146973236#8,13.3452,1.432971014492754
22262,22263,146973236#9,4.0482000000000005,0.261437908496732
22264,22265,146973241,11.034,0.8593040521058183
22266,22267,146973247,28.2888,4.25
22268,22269,146973256,23.3028,2.595957849105328
22272,22273,147014252#0,8.4402,0.6813186813186817
22274,22275,147014252#1,1.2473999999999998,0.7904761904761906
22276,22277,147014252#2,8.1846,0.3320158102766799
22278,22279,147014252#3,8.8164,0.34601449275362317
22280,22281,147014252#4,2.745,0.2318840579710144
22282,22283,147014252#6,16.7526,47.54367201426026
22284,22285,147014256,162.162,252.33333333333337
22288,22289,147014273#0,3.447,1.1625000000000003
22290,22291,147014273#1,9.111600000000001,1.148351648351648
22292,22293,147042365#0,2.6262000000000003,5.333333333333333
22294,22295,147042365#1,1.6776000000000002,1.5714285714285718
22296,22297,147042366,5.8986,0.0
22298,22299,147042372#0,1.9385999999999999,4.5
22300,22301,147042373,14.1084,0.0
22302,22303,147042381#0,33.080400000000004,0.5
22304,22305,147042381#1,25.281,8.285714285714286
22306,22307,147042385#0,13.6818,2.5
22308,22309,147042385#1,31.523400000000002,5.466666666666667
22310,22311,147042385#2,37.269,5.80952380952381
22312,22313,148050447#0,23.967,0.823529411764705
22314,22315,148050447#1,14.175,1.0661764705882342
22316,22317,148050448#0,10.3356,342.7216415830545
22318,22319,148050448#1,7.977600000000001,43.23526997005698
22320,22321,148050451#0,13.242600000000001,1.4282679738562103
22322,22323,148050451#1,6.7122,0.5249999999999999
22324,22325,148050451#2,15.0534,53.55313463514903
22326,22327,148050452#0,10.792800000000002,3.442083682788183
22328,22329,148050452#1,26.5122,3.41025641025641
22330,22331,148050453#0,9.6984,0.8908418131359852
22332,22333,148050453#1,6.0102,3.2032520325203255
22334,22335,148050453#3,10.4148,1.2063492063492056
22336,22337,148050453#4,21.96,2.7486157253599126
22338,22339,148050453#5,20.4066,159.43085106382983
22340,22341,148050455#0,14.5098,6611.422257467619
22342,22343,148050455#1,7.336799999999999,3405.2498178144365
22344,22345,148050456,26.145,0.9809523809523816
22346,22347,148050457#0,4.7106,0.7948717948717952
22348,22349,148050457#1,13.5504,0.7967032967032972
22350,22351,148050457#2,2.9934000000000003,1.4727272727272727
22360,22361,148126361#1,20.7288,3.7
22362,22363,148126361#2,5.598,0.0
22364,22365,148126361#3,9.9522,329.3333333333333
22366,22367,148351766,0.0162,0.24059992060426605
22368,22369,148352067,11.5182,0.6341076434499446
22384,22385,148527678#0,15.7032,0.33333333333333304
22386,22387,148527678#1,7.662599999999999,0.0
22388,22389,148527678#2,5.4036,0.0
22390,22391,148527679#0,29.995200000000004,3.9047619047619055
22404,22405,148527688#0,4.5648,2.0
22406,22407,148527688#1,3.8898,0.0
22410,22411,148527691#1,5.355,0.4305744007236542
22412,22413,148527691#2,9.324,0.5196743554952509
22414,22415,148527691#3,11.9088,0.6236996834011758
22416,22417,148527691#4,21.2364,1.5834464043419267
22418,22419,148527691#5,8.0028,0.40649692712906066
22420,22421,148527691#6,6.6204,0.3132133450395085
22422,22423,148527691#7,17.3214,1.4071553994732204
22424,22425,148527691#8,27.134999999999998,2.5144863915715523
22426,22427,148527691#9,3.9672000000000005,0.24927536231884057
22428,22429,148527692#0,11.381400000000001,1.3046305826320332
22430,22431,148527692#1,0.30060000000000003,0.15373676138636352
22432,22433,148529632#0,36.5292,7.528541226215639
22434,22435,148529632#2,18.396,2.678062678062678
22436,22437,148529632#3,38.3778,3.71978021978022
22438,22439,148529632#4,18.282600000000002,1.7142857142857149
22440,22441,148596540#0,10.9278,0.5575050698575957
22442,22443,148596540#1,4.041,0.268708054631217
22444,22445,148596540#2,29.325600000000005,3.4422431747288242
22454,22455,148680864,7.3062000000000005,0.0
22456,22457,148680865,1.6380000000000001,7.699999999999999
22458,22459,148680866#0,0.117,0.7
22460,22461,148680869#0,7.5456,1.7
22462,22463,148680869#1,9.2916,0.0
22476,22477,149044751#0,14.616,0.6964285714285712
22478,22479,149044751#1,8.1234,1.75
22480,22481,149044751#2,6.5034,0.47272727272727266
22482,22483,149045266,25.9758,3173.743842364532
22484,22485,149045267#0,1.6794000000000002,0.24304035032843288
22486,22487,149045267#1,4.6979999999999995,0.3415702220832031
22488,22489,149045267#2,4.6098,0.37982651010261315
22490,22491,149045267#3,4.6908,360.73796678303165
22492,22493,149045269#0,4.293,486.97468507751915
22494,22495,149045269#1,4.5234,1158.7319525193805
22496,22497,149045269#3,7.5329999999999995,14140.260465116278
22498,22499,149045845,16.11,2.091133004926108
22500,22501,149626676#0,10.548,1030.3229885057472
22502,22503,149626676#1,0.369,5.687567567567567
22504,22505,149626676#2,6.2442,7793.770739064857
22506,22507,149626676#3,15.908399999999999,246666.78745644598
22510,22511,15057616#0,16.317,3.8000000000000007
22512,22513,15057616#1,8.73,1.0285714285714282
22514,22515,15066337#0,16.929,2.4743589743589745
22516,22517,15066337#1,11.475,1.6111111111111114
22518,22519,15066337#2,24.489,12.5
22520,22521,15066337#3,21.6864,0.0
22522,22523,15066339#0,7.218,0.4183006535947712
22524,22525,15066339#1,5.13,0.33333333333333326
22526,22527,15066339#2,14.788799999999998,0.7666666666666665
22528,22529,15066339#3,10.002600000000001,2.285714285714286
22530,22531,150746347#0,25.718400000000003,2.7022265939372274
22532,22533,150746347#1,3.5334000000000003,0.3368505767683092
22534,22535,150746347#2,34.306200000000004,10.709732417712527
22536,22537,150746347#4,3.4758,1.4334289813486378
22538,22539,150746361#0,3.9438,56.64723505976095
22540,22541,150746361#2,40.176,11.146640119462418
22542,22543,150746364#1,6.7464,3.3239436619718297
22544,22545,150746364#2,0.0648,0.6842940243257535
22546,22547,150746364#4,0.7254,0.2574712643678162
22548,22549,150746365,27.1782,7.769230769230771
22550,22551,150815016,7.8984,0.7857142857142856
22552,22553,150816775,4.687200000000001,0.33236203090507727
22556,22557,151167720#0,4.8906,155.60474308300397
22558,22559,151167720#1,20.761200000000002,3.8076923076923075
22560,22561,151167728,1.4004,1383.79198596027
22562,22563,151167728.19,0.5598,1602.3472026529207
22564,22565,151167730,24.9714,2.333333333333332
22566,22567,151167733#2,16.6554,0.3611111111111111
22568,22569,151167733#3,13.2102,1.8789521228545614
22570,22571,151167733#4,12.9114,2.445195415809579
22572,22573,151167733#5,7.2324,1.9973578334234088
22574,22575,151167738#1,35.964,4.1836538461538435
22576,22577,151167740,8.9856,183.75772085744222
22578,22579,151167747#0,0.3438,2.2180055401662067
22580,22581,151167747#0.13,12.2454,557.9772034202638
22582,22583,151167753,24.7086,1.2000000000000002
22584,22585,151167768,1.4094,1408.2071579964556
22586,22587,151345397,40.752,24.810606060606062
22588,22589,151345398#1,14.688,1.2678571428571428
22590,22591,151345399,3.1824,1.0
22592,22593,151345400,3.6648,1.6666666666666667
22594,22595,151345407#0,0.8064,13.591437632135309
22596,22597,151345407#1,1.26,0.3685897435897436
22598,22599,151345407#2,28.297800000000002,4.3809523809523805
22600,22601,151345409#1,0.35640000000000005,0.7948717948717948
22602,22603,151345409#2,0.7146,0.43589743589743596
22604,22605,151345409#3,7.770600000000001,0.4
22606,22607,152036408,29.0232,395942.1763425253
22608,22609,152037912,7.281,22118.85714285714
22610,22611,152037913#0,5.6016,2.444444444444445
22612,22613,152037913#1,1.1196,2.7
22614,22615,152037914,5.4738,12986.619047619046
22616,22617,152038425,9.738000000000001,128408.98095238095
22618,22619,152038426,8.107199999999999,37563.61111111111
22620,22621,152038427,9.232199999999999,21962.26666666667
22622,22623,152039154#0,5.0472,4838.111111111111
22624,22625,152039154#1,1.0908,6626.028947368421
22626,22627,152039156,14.3442,53160.36111111111
22628,22629,152039157,14.2344,0.0
22630,22631,152040623#0,1.4238000000000002,0.8351648351648348
22632,22633,152040623#1,8.8146,12196.992424242424
22634,22635,152077572#0,0.873,1936.0134462029196
22636,22637,152077572#1,4.7412,43389.209031902385
22638,22639,152077572#2,9.399600000000001,211641.86295289348
22640,22641,152079697,10.0656,3.066666666666666
22642,22643,152079698,18.280800000000003,6.0
22644,22645,152079703,7.666200000000001,0.6666666666666666
22646,22647,152081136,3.8322000000000003,10.272727272727273
22648,22649,152081143,0.738,0.7
22656,22657,153220338#0,6.093,11178.240976460327
22658,22659,153220338#1,2.8188,1026.8568935427577
22660,22661,153220338#2,7.7166,1290.6253266809213
22662,22663,153220338#3,0.2988,0.27918831168831165
22664,22665,153220338#4,3.8898,758.1237590099282
22666,22667,153222274#1,1.6794000000000002,0.5
22672,22673,153222276,1.3302,4.25
22674,22675,153222277,1.071,0.0
22676,22677,153692837#2,26.267400000000002,845.209503965587
22678,22679,153692841#0,7.0506,0.24516129032258063
22680,22681,153692841#1,5.994000000000001,0.4285714285714287
22682,22683,153692841#2,8.728200000000001,0.9705882352941174
22684,22685,153692841#4,1.7226,0.2666666666666667
22686,22687,153692841#5,18.1188,2.2045454545454546
22688,22689,153692841#6,18.8496,28.455555555555545
22690,22691,153774645,24.8184,24.020570670205696
22692,22693,153774646,8.6724,1.8874207188160679
22694,22695,153774647,4.572,1.2057471264367814
22696,22697,153774648#0,43.9542,11.517948717948721
22698,22699,153774648#1,101.736,52.96129032258063
22700,22701,153774649#0,16.0218,87.99795199475713
22702,22703,153774649#1,10.4148,5.772171253822632
22704,22705,154658249,3.9564,0.8455882352941176
22706,22707,155458987,0.0432,0.25641025641025644
22708,22709,155458988,2.3292,1.317358270017534
22710,22711,155847370,13.084200000000001,0.9461125158027807
22714,22715,155847568,49.9302,10.641025641025637
22716,22717,156041643#0,5.724,0.8046114887378379
22718,22719,156041643#1,1.6794000000000002,0.20631747301079573
22720,22721,156041643#2,3.4038,0.3648862199747155
22722,22723,156041695,17.265600000000003,2.818181818181819
22724,22725,156041699,13.0104,1.6333333333333335
22726,22727,156041708,9.3816,3.8766666666666656
22728,22729,156041710,22.872600000000002,1.3333333333333337
22730,22731,156041713#1,1.3464,0.3238866396761133
22732,22733,156041713#2,12.4506,3.0473484848484835
22734,22735,156041713#3,13.743,3.0164835164835173
22736,22737,156791363,21.3372,1307.4166666666667
22738,22739,156791366#0,3.9438,11718.765765765766
22740,22741,156791366#1,23.2218,1126.4078140960164
22742,22743,156791366#2,20.0718,2.8744939271255054
22744,22745,156817405,1.1628,1804.3225108225106
22746,22747,156923382,5.7762,4.2
22748,22749,156923383,8.3718,11305.267857142857
22750,22751,156923526#1,4.6259999999999994,768.1117975875256
22752,22753,156923526#2,14.787,1497.972851481634
22754,22755,156923526#3,1.854,809.0218289085544
22756,22757,156923526#4,1.53,548.1181170748653
22760,22761,157118751,7.7472,0.0
22762,22763,157305700#2,28.7658,7.6446370530877585
22764,22765,157305700#3,9.369,1.0769068020734158
22766,22767,157305700#4,3.7206000000000006,0.7437818399760263
22768,22769,157305700#5,2.169,0.3239607614607616
22770,22771,157305700#6,11.1006,10.205174308260913
22772,22773,157305701,20.655,0.0
22774,22775,157305702#0,5.337,2.2500000000000004
22776,22777,157305702#1,12.2976,2.2777777777777777
22778,22779,157305702#2,18.4752,1.6944444444444442
22780,22781,157305703,2.9214,3.9640957446808494
22782,22783,157306362#0,0.8838,0.24644808743169397
22784,22785,157306362#1,1.5822,0.732654949121184
22786,22787,157306362#10,22.212,2.6666666666666665
22788,22789,157306362#2,1.9116000000000002,0.26108374384236466
22790,22791,157306362#3,1.8468,0.2727272727272726
22792,22793,157306362#4,4.7664,0.0
22794,22795,157306362#5,8.5608,0.4107142857142861
22796,22797,157306362#8,35.7282,10.265151515151514
22798,22799,157306362#9,27.3312,4.6291666666666655
22800,22801,157306363,20.8566,0.0
22804,22805,158179325#0,1.0872,0.3333333333333333
22806,22807,158179326,8.0748,1.357142857142857
22808,22809,158179327,7.1802,0.0
22810,22811,158179328#0,0.6444,0.7277310924369749
22812,22813,158179328#1,0.5922000000000001,1.0000000000000002
22814,22815,158179328#2,6.5358,2.222222222222222
22816,22817,158179328#3,2.0718,0.24999999999999994
22822,22823,158179329#2,7.6302,0.866096866096866
22824,22825,158179329#3,1.0368,1.0
22826,22827,158179330#0,0.18539999999999998,0.16666666666666669
22830,22831,158179330#3,6.8544,0.0
22832,22833,158179332,8.116200000000001,3.487638533674339
22834,22835,158180482#0,3.4398,1.3333333333333333
22836,22837,158180482#1,3.5766000000000004,1.2000000000000002
22838,22839,158180482#2,1.5948,1.7000000000000002
22840,22841,158180482#3,0.5616,0.1813186813186814
22842,22843,158180482#4,1.8234,0.2666666666666666
22844,22845,158180483#0,1.0116,0.2380952380952381
22846,22847,158180483#2,0.4464,0.25000000000000006
22848,22849,158180483#3,4.3020000000000005,0.24999999999999992
22850,22851,159579401#5,8.159400000000002,0.0
22852,22853,159579401#6,12.007800000000001,3.113636363636363
22854,22855,159579401#7,5.5404,0.8939393939393938
22856,22857,159579413,41.1534,0.0
22860,22861,159646363#1,0.4626,2.2194848824188127
22862,22863,159646363#2,2.421,2.184931506849315
22864,22865,159646363#3,12.8322,2.8493738819320216
22866,22867,159743996#0,9.9144,3.3333333333333335
22868,22869,159743996#1,8.0334,0.6666666666666664
22870,22871,159743996#2,10.510200000000001,1.7333333333333334
22872,22873,159743996#3,21.655800000000003,0.9666666666666668
22874,22875,159961033,4.7574,1.0909090909090908
22876,22877,159961041,20.282400000000003,3.1
22878,22879,160090329#0,0.8352,0.4175824175824175
22880,22881,160090329#1,23.040000000000003,1.7666666666666662
22882,22883,160090329#2,2.9754,0.33333333333333326
22884,22885,160090330,15.336,0.4102564102564103
22886,22887,160090331,13.7808,1.0
22888,22889,160309404#1,18.702,2902.333333333333
22890,22891,160309406#0,7.207199999999999,52790.973009446694
22892,22893,160309406#1,11.9844,5.2857142857142865
22894,22895,160309406#2,12.8682,6192.988888888888
22896,22897,160311903#1,30.126599999999996,485211.21384615375
22898,22899,160314345#0,7.8065999999999995,29.95217391304348
22900,22901,160314345#1,15.7572,1.3521126760563387
22902,22903,160314345#2,17.4636,1.9211423699914743
22904,22905,160314345#3,14.8086,1.472033898305085
22906,22907,160314345#4,15.7158,629.6217391304349
22908,22909,160314345#7,16.4142,36.03889642695613
22910,22911,160314345#8,22.2876,8.549859943977598
22912,22913,160314346#0,11.565,1.4513672551055736
22914,22915,160314346#1,7.973999999999999,106.78730059430714
22916,22917,160314351#0,7.680600000000001,1.6125541125541123
22918,22919,160314351#1,0.2358,0.2266666666666667
22920,22921,161678034#0,5.04,521.3905021619506
22922,22923,161678034#1,26.8596,1872.3504876620452
22924,22925,161678034#2,7.9326,1690.9630049828627
22926,22927,161680732,1.8918,2.9923301475025608
22928,22929,161680736,5.7942,1.2317097528961927
22930,22931,161680739,22.1472,117.50867405185934
22932,22933,161680744#0,2.0196,0.928529754312018
22934,22935,161680744#1,19.526400000000002,2.3750100465361705
22936,22937,161783474#0,0.5562,0.4464089912280699
22946,22947,161783475#4,13.4082,0.5
22948,22949,161783475#5,3.0708,0.0
22950,22951,161783476#0,0.0252,0.08677682911583234
22952,22953,161783477,12.573,0.3236162031655192
22954,22955,161783478#0,1.3266,0.20576458583588456
22956,22957,161783478#1,0.405,1.7187560239028459
22958,22959,161783479#0,0.0486,0.10012787228271404
22960,22961,161783480,0.5004000000000001,0.16202531645569623
22962,22963,161783481#1,0.0252,38.0
22964,22965,161783482#0,1.2762,0.1802902979373568
22966,22967,161783483#1,0.8532,69.42796019900497
22976,22977,161784059#0,36.198,6.472695452255793
22978,22979,161784059#1,12.2382,1.1978096399063478
22980,22981,161784059#2,15.926400000000001,1.608655025955639
22982,22983,161784059#3,13.5432,1.011794927457578
22984,22985,161784059#4,2.9448,0.2582000178746985
22986,22987,161784059#5,9.9882,50.379712217356364
22996,22997,161789031#1,19.3914,1.2999999999999994
22998,22999,161789031#2,3.7872000000000003,0.0
23002,23003,161789031#4,25.9902,4.666666666666667
23004,23005,161789031#5,3.0978000000000003,4.5
23006,23007,161789031#6,2.7197999999999998,2.0
23008,23009,161789031#7,3.3966000000000003,0.0
23010,23011,161789032,19.596600000000002,13.5
23012,23013,161789034,19.6794,11.583333333333334
23014,23015,161789035#1,5.3153999999999995,0.41428571428571426
23016,23017,161789037#1,5.652,1.9
23018,23019,161789040,2.871,0.2959183673469387
23020,23021,161789042,36.635400000000004,3.1999999999999993
23022,23023,161789044#1,0.45,0.2661538461538462
23024,23025,161789044#2,4.6044,2.0
23026,23027,161789379#1,7.4772,0.0
23028,23029,161789381,1.9422,0.23076923076923064
23032,23033,162281925,6.2514,1.748381128584644
23034,23035,163591683,171.909,50.0
23036,23037,164051398,33.417,141866.5506269886
23038,23039,164051399,2.709,75.04778447918507
23040,23041,164051401#0,2.3526,8.414901960784317
23042,23043,164051401#1,0.0252,2.952941176470588
23044,23045,164051403#0,5.376600000000001,0.5827010093978422
23046,23047,164051405#1,7.628400000000001,9.814574387985589
23048,23049,164051405#2,3.4974000000000003,0.24236272961932687
23050,23051,164051408,1.2852,0.3502395040856578
23052,23053,164051410#0,8.1666,5662.829229760839
23054,23055,164051410#1,1.1196,779.2856111275852
23056,23057,164051413#0,1.2564,1942.6382353971753
23058,23059,164051417#0,0.18000000000000002,0.03688183237896922
23060,23061,164051417#1,2.853,0.03508589276418531
23062,23063,164051420,0.0432,0.17777777777777784
23064,23065,164051424,2.1870000000000003,0.49656297736425503
23066,23067,164051425#0,2.4336,0.22447282447282432
23068,23069,164051425#1,17.665200000000002,1.274725274725273
23070,23071,164051425#2,23.949,2.373982773982775
23072,23073,164051425#3,10.992600000000001,0.9991869918699195
23074,23075,164051425#4,14.466600000000001,10.109958506224064
23076,23077,164051429#1,5.652,641.4019896282308
23078,23079,164051431#0,10.413,1.1742424242424245
23080,23081,164051431#1,0.8424,0.5166666666666666
23082,23083,164051431#2,19.0278,1.6793478260869557
23084,23085,164051431#3,17.665200000000002,0.611111111111112
23086,23087,164051431#4,8.3682,0.8392857142857145
23088,23089,164051431#5,2.1816,0.125
23090,23091,164051438#0,13.2696,1.265517241379311
23092,23093,164051438#0.108,0.9918000000000001,0.18505747126436795
23094,23095,164051438#1,5.643,0.4322580645161292
23096,23097,164051438#2,3.5604,0.24516129032258066
23098,23099,164078531#0,26.469,107.87035289677297
23100,23101,164078531#1,2.826,76.73833490761685
23102,23103,164078536,9.0594,6.047403432276817
23104,23105,164341644#0,57.195,23.200000000000003
23106,23107,164341644#1,1.7442,0.7000000000000001
23108,23109,164341644#2,15.219000000000001,2.0
23110,23111,164341645,172.02960000000002,0.0
23112,23113,164633674#0,5.3424000000000005,80.68398268398266
23114,23115,164633674#1,6.6978,0.32631578947368445
23116,23117,164859338#1,3.5802,7.647552447552447
23118,23119,164859338#2,6.611400000000001,2.4143049932523617
23120,23121,164859338#3,26.445600000000002,5.1571428571428575
23122,23123,164859338#4,1.1016,5.828571428571428
23124,23125,165414587#0,0.5454,0.1978494623655914
23126,23127,165520703#0,0.7505999999999999,42.893846153846155
23128,23129,165520703#1,4.6764,1.6938405797101457
23130,23131,165520703#2,3.2688,5.275384615384615
23132,23133,165520703#3,3.2598,1.0
23134,23135,165520703#4,12.1158,0.5
23136,23137,165520704#0,2.1816,404.31999999999994
23138,23139,165520704#1,3.384,10117.48758865248
23140,23141,165520706,1.5714000000000001,1681.004892124073
23142,23143,165520725,1.4634,225.9206349206349
23164,23165,166638348#0,66.9618,18.0
23166,23167,166638348#1,23.617800000000003,7.0588235294117645
23168,23169,166638348#2,8.181000000000001,1.5333333333333332
23170,23171,166638348#3,6.3162,0.8142857142857144
23186,23187,166638351#10,41.7006,0.0
23188,23189,166638351#11,21.0852,21.071428571428573
23190,23191,166638351#12,9.7704,4.267857142857143
23192,23193,166638351#13,38.1042,44.5
23194,23195,166638351#14,8.874,3.909090909090909
23196,23197,166638351#15,15.8994,5.91182795698925
23198,23199,166638351#16,6.1937999999999995,5.356060606060606
23218,23219,166638353#0,12.6972,1.4853801169590648
23220,23221,166638353#1,25.5564,7.290909090909091
23258,23259,166638360#1,66.6036,0.0
23280,23281,166638365,23.7438,7.140350877192983
23290,23291,166638367#3,42.2028,48.06315789473685
23292,23293,166638367#4,35.7192,5.412087912087914
23294,23295,166638367#5,37.08540000000001,7.478021978021975
23296,23297,166638367#6,104.5908,21.09356725146199
23304,23305,166638371#0,8.883,4.749637155297534
23306,23307,166638371#1,12.7584,2.9922480620155048
23328,23329,166638371#2,17.19,2.4338624338624335
23330,23331,166638371#3,7.0452,0.966931216931217
23344,23345,166638372,39.9924,24.75
23374,23375,166639902#0,15.838199999999999,3.0
23376,23377,166639902#1,11.5614,0.0
23378,23379,166639902#2,11.869200000000001,0.6666666666666666
23382,23383,166642717#1,2.5902000000000003,2.6245059288537544
23384,23385,166642717#2,2.826,0.6032388663967613
23386,23387,166642719,8.427600000000002,0.29999999999999993
23388,23389,166642721,3.717,13.227801268498945
23396,23397,166821307#0,0.0648,3.607894736842104
23398,23399,166821307#1,41.3226,11.696969696969699
23400,23401,166821307#2,1.3428,1.7196969696969695
23402,23403,166821308#1,15.332400000000002,3.264227642276423
23404,23405,166821308#2,5.517,2.8
23406,23407,166821308#4,0.5562,1.0362318840579712
23408,23409,166822309#1,1.4472,1.5238095238095237
23410,23411,166822311#0,2.3508,2.5476190476190483
23412,23413,166822311#1,1.3176,5.194444444444445
23414,23415,166822311#3,0.0648,0.24725274725274723
23416,23417,166822311#4,21.9276,0.0
23418,23419,166822311#5,1.2762,2.0
23420,23421,166823358,2.457,0.30000000000000004
23422,23423,166823359#0,0.0648,0.3611111111111111
23424,23425,166878977,28.6056,4.666666666666669
23426,23427,166878978,7.4196,1.4107142857142851
23428,23429,166878981,1.1682000000000001,0.9824561403508772
23430,23431,166878983,3.1410000000000005,76.76470588235294
23432,23433,166878985,7.353,0.0
23434,23435,166878986#0,7.714799999999999,0.0
23436,23437,166878986#1,5.7078,0.33333333333333326
23440,23441,166878987#1,8.0226,0.0
23442,23443,166878988#0,4.8132,0.5
23444,23445,166878988#1,7.7472,0.5
23446,23447,166878990#0,5.193,1.3000000000000003
23450,23451,166878991#0,7.723800000000001,4.0
23452,23453,166878991#1,7.4556000000000004,0.0
23458,23459,166878993#1,0.5886,8.76923076923077
23460,23461,166878993#2,40.02120000000001,12.257142857142856
23462,23463,166878994#0,10.2492,1.333333333333333
23464,23465,166878994#1,5.8751999999999995,4.2
23466,23467,166878996#1,0.936,1.403162055335968
23468,23469,166878996#2,12.994200000000001,6.552380952380953
23470,23471,166878996#3,17.46,0.0
23472,23473,166878996#4,19.5354,4.5
23474,23475,166879001#0,2.583,0.3
23476,23477,166879001#1,10.098,0.6666666666666666
23478,23479,168158792,12.681000000000001,3.368421052631579
23480,23481,168158796#0,21.564,1.4333333333333333
23482,23483,168158796#1,0.0648,0.19444444444444445
23484,23485,168158796#2,0.0648,0.0
23486,23487,168158811#1,4.0824,1.3076923076923077
23488,23489,168158820#1,0.0522,0.24725274725274726
23490,23491,168158826,7.4556000000000004,0.9523809523809522
23492,23493,168172762#0,19.638,0.0
23494,23495,168172762#1,199.69920000000002,0.0
23496,23497,168172763#1,3.5154,0.0
23500,23501,168243629#1,2.8476000000000004,12.772229822161423
23502,23503,168243629#2,1.2402,23.300045756119875
23504,23505,168243629#3,9.748800000000001,194.7838235294118
23506,23507,168243629#3.84,2.1546000000000003,42.21788283658787
23508,23509,168243632,14.6664,0.0
23510,23511,168245119#0,5.0652,17519.501456027952
23512,23513,168245119#1,17.9388,157533.09299719887
23514,23515,168249926#0,2.1762,111.00893973848792
23516,23517,168249928,1.3896000000000002,1.2380952380952381
23518,23519,168249929,3.6738,0.7
23520,23521,168434696,9.702,5.350806451612907
23522,23523,168511765#0,7.6374,0.1666666666666666
23524,23525,168511765#1,7.6049999999999995,0.6666666666666671
23526,23527,168853055#0,11.691,1.9467111228100966
23528,23529,168853055#1,44.1126,10.379136517952062
23530,23531,168853055#2,29.779200000000003,4.8847685415629645
23534,23535,168853060#1,49.8762,3.0
23536,23537,168853061#0,1.5372,0.0
23538,23539,168853061#1,66.53880000000001,16.30039525691699
23540,23541,168853061#2,51.453,14.566176470588234
23542,23543,168853069#1,64.5678,36.44744744744742
23544,23545,168853069#2,338.8896,958.4062078272609
23546,23547,168853071#1,68.21820000000001,24.964903846153838
23548,23549,168853071#2,71.30160000000001,36.64367816091954
23550,23551,168853071#3,2.1366,0.6666666666666666
23552,23553,168853071#4,308.31840000000005,231.57142857142853
23554,23555,169739284,1.9728,1.1232983664317746
23556,23557,170398274#0,1.9980000000000002,1.5900178253119435
23558,23559,170398274#1,2.7756000000000003,0.3768939393939395
23560,23561,170398274#2,3.8789999999999996,0.5312500000000001
23562,23563,170398274#3,0.3996,0.07142857142857142
23564,23565,170398274#4,6.195600000000001,0.0
23568,23569,170425366#2,58.8564,7.0
23572,23573,170425366#4,33.1056,4.666666666666667
23574,23575,170425366#5,28.3914,9.86666666666667
23576,23577,170425368,15.0354,3.1428571428571437
23578,23579,171006984,19.695600000000002,0.0
23580,23581,171006990#0,6.6941999999999995,1.1276595744680848
23582,23583,171006990#1,11.993400000000001,1.1666666666666665
23584,23585,171006990#2,10.031400000000001,0.5
23586,23587,171006990#3,17.4006,4.25
23588,23589,171007004,2.0754,117.81747084023895
23590,23591,171007007#1,5.6664,2.695238095238097
23592,23593,171007012#0,28.5516,0.0
23594,23595,171007012#2,13.645800000000001,0.0
23596,23597,171007013#0,4.8258,0.3176733780760624
23598,23599,171007013#1,3.6558,0.9103781805507147
23600,23601,171007013#10,3.3804,0.3625730994152046
23602,23603,171007013#11,20.0016,2.3291666666666666
23604,23605,171007013#12,2.6928,0.21428571428571425
23606,23607,171007013#2,1.0584,0.2932692307692305
23608,23609,171007013#3,2.1384,0.2608695652173913
23610,23611,171007013#4,28.915200000000002,4.793028322440088
23612,23613,171007013#5,7.0884,1.1422079657845499
23614,23615,171007013#6,15.478200000000001,1.7838509316770188
23616,23617,171007013#7,6.4242,0.37740384615384615
23618,23619,171007013#8,5.7762,0.6160919540229887
23620,23621,171007020#0,20.604599999999998,6.14102564102564
23622,23623,171007020#1,7.1442,0.49583333333333335
23624,23625,171007020#2,6.210000000000001,0.6666666666666666
23626,23627,171007027,129.2706,6.266666666666661
23628,23629,171007032,5.7654,0.33333333333333326
23630,23631,171007036#0,9.6984,11.699999999999998
23632,23633,171007036#1,25.893,0.0
23634,23635,171007040#1,0.0648,0.2181818181818182
23636,23637,171007045,35.2134,17.33333333333334
23640,23641,171525981,13.8528,0.0
23644,23645,171571099,9.2772,0.3326923076923078
23646,23647,171571101#2,2.4624,0.42051282051282074
23648,23649,171571142#0,75.5226,48.03635183382021
23650,23651,171571142#1,330.0804,1306.4924731182793
23652,23653,171571143,4.869000000000001,0.23809523809523822
23658,23659,171571149,4.878,0.6571428571428574
23660,23661,171571150,2.9232000000000005,2.5428571428571423
23662,23663,171571151#0,33.705000000000005,15.890841813135985
23664,23665,171571151#1,1.0224,0.4027777777777775
23666,23667,171571151#10,3.681,0.2608695652173913
23668,23669,171571151#11,6.057,2.0
23670,23671,171571151#3,5.6844,2.8904761904761904
23672,23673,171571151#4,25.7634,3.8240418118466897
23674,23675,171571151#5,9.475200000000001,0.5806451612903225
23676,23677,171571151#6,11.088000000000001,0.898924731182796
23678,23679,171571151#7,25.099200000000003,2.651612903225804
23680,23681,171571151#8,2.2896,0.2236559139784946
23682,23683,171571151#9,4.816800000000001,0.3806451612903226
23684,23685,171571153,0.81,1.05519329296693
23688,23689,171571155,19.6056,1.0666666666666667
23694,23695,171571158,19.366200000000003,0.0
23696,23697,171571159,18.8712,2.5
23706,23707,171571161,19.3752,4.9821428571428585
23710,23711,171571164,18.394199999999998,1.7564102564102564
23714,23715,171571166,17.1126,1.2111111111111117
23718,23719,171571167#1,0.648,0.19999999999999996
23720,23721,171571167#2,2.0178000000000003,0.29999999999999993
23722,23723,171571169,51.1614,22.000982800982793
23724,23725,171571172#2,36.8874,15.422348484848495
23728,23729,171786502#1,10.7964,0.6958333333333335
23734,23735,172368742,32.522400000000005,4.360398404974792
23736,23737,172368742.256,3.1536,0.3807907039143043
23738,23739,172488482#0,6.1937999999999995,848.7159378289347
23740,23741,172488483#1,5.9598,0.5015403116865998
23742,23743,172488501,33.579,3.0000000000000013
23744,23745,172493318#1,10.2618,1.5833333333333328
23746,23747,172493318#2,12.0294,0.0
23748,23749,172493319,6.710400000000001,0.5
23752,23753,172493328,24.7212,4.0
23754,23755,172497282#0,0.0648,4373.7862745098055
23756,23757,172497282#1,0.0648,194.35320512820513
23758,23759,172497282#2,20.2914,9.666666666666668
23760,23761,172497282#3,0.0648,0.24725274725274726
23762,23763,172497282#4,14.167800000000002,1.6999999999999997
23764,23765,172497282#5,15.1506,12953.142857142857
23766,23767,172497283,12.927600000000002,1.3557312252964424
23768,23769,172497285,0.0648,0.24242424242424246
23770,23771,172497289,19.2204,1.7
23772,23773,172497291#0,2.3796000000000004,1.3999999999999997
23774,23775,172497291#1,5.5818,2.1250000000000004
23776,23777,172497293#0,13.6098,175513.27318548385
23778,23779,172497293#1,14.1318,2161.1868131868127
23780,23781,172497293#2,6.336,4.571428571428572
23782,23783,172497295#0,0.08460000000000001,1.1576086956521738
23784,23785,172497295#1,5.8914,18.000000000000004
23786,23787,172499291#0,0.0648,12455.11384615385
23788,23789,172499291#1,15.319799999999999,2.2
23790,23791,172499291#2,14.9076,151.8
23792,23793,172503791,17.721,12.5
23794,23795,172506028,15.0984,4.5
23796,23797,172515808,21.659399999999998,1255.6009597264992
23798,23799,172515811,8.442,8583.134671606911
23800,23801,172516631#1,8.375399999999999,92261.33333333333
23802,23803,172517196,4.179600000000001,1415.2636460554363
23804,23805,172519433,3.8142000000000005,0.3333333333333335
23806,23807,172519434#0,4.5846,6166.261632653061
23808,23809,172519434#2,14.716800000000001,0.9999999999999999
23810,23811,172521266,3.9240000000000004,165.69444444444443
23812,23813,172522281#1,2.4048000000000003,6438.292452830189
23814,23815,172522281#2,16.4628,2.014705882352941
23816,23817,172522281#3,16.398,5601.409999999999
23818,23819,172523713,11.2734,1.0
23820,23821,172523714#0,0.0648,0.2402298850574713
23822,23823,172523714#1,23.148,3712.047311827957
23824,23825,172523714#2,11.4606,6735.958431372546
23826,23827,172699110,0.0648,0.21428571428571427
23830,23831,172699111#1,3.1212,0.0
23832,23833,172699112#0,2.2986,777.7832446808512
23834,23835,172699112#1,12.8484,11709.32579787234
23836,23837,172699112#2,28.9044,6.052631578947366
23838,23839,172700927#1,3.9348,3280.431434627459
23842,23843,172701604#0,12.0402,0.6666666666666667
23844,23845,172701604#1,14.1732,3335.8226600985217
23846,23847,173148224,2.0034,98.69752735091377
23848,23849,173151861,15.6294,0.0
23852,23853,173151868,0.3438,1.339495798319328
23854,23855,173151871#0,59.736599999999996,9.700000000000003
23856,23857,173151871#1,0.8748,0.5763157894736841
23858,23859,173151871#2,4.4424,2.474358974358975
23860,23861,173151871#3,12.2598,2.285714285714285
23862,23863,173151871#4,8.1774,1.4999999999999998
23864,23865,173151872,1.2096,0.0
23866,23867,173152763#0,8.2818,3.1625615763546797
23868,23869,173152763#1,36.1008,3.380952380952383
23870,23871,173152763#2,7.772399999999999,36.7938829787234
23872,23873,173152763#3,8.1486,2.0
23874,23875,173152765#1,2.2914,0.5336060783167739
23876,23877,173152765#2,0.0324,0.2852852852852854
23878,23879,173152765#3,23.4846,0.0
23880,23881,173152768#1,1.2942,2.085306122448979
23882,23883,173152768#2,159.381,37.58333333333332
23884,23885,173152768#3,13.860000000000001,2.809523809523808
23886,23887,173152768#4,19.693800000000003,2.553571428571428
23888,23889,173152776#0,4.824000000000001,0.2666666666666667
23890,23891,173152776#1,23.5224,3.0
23892,23893,173152776#2,19.062,2.0
23894,23895,173166289#0,46.593,31.700000000000003
23896,23897,173166289#1,23.0184,4.800000000000002
23898,23899,173166289#2,3.8466,0.3333333333333335
23900,23901,173166291#0,2.9016,11.583333333333334
23904,23905,173166291#2,37.6452,75.14285714285712
23906,23907,173166313,5.3586,4.14069264069264
23908,23909,173166315,0.3276,18.173539518900345
23910,23911,173166317,4.509,2.775510204081633
23912,23913,173166320,4.8366,2.0766666666666675
23914,23915,173166321#0,6.0318000000000005,1.3854642313546424
23916,23917,173166321#1,3.7224000000000004,0.7427261505907248
23918,23919,173166321#2,6.678,0.722194881889764
23920,23921,173166321#3,1.9620000000000002,1.9854341736694683
23922,23923,173166321#4,1.2618,0.9453061224489796
23924,23925,173166321#5,0.49860000000000004,0.5753931544865866
23926,23927,173166321#6,76.1886,184.053164556962
23928,23929,173166321#7,72.0,0.0
23930,23931,173167521#0,15.280200000000002,1.0
23932,23933,173167521#1,20.1528,6.571428571428569
23936,23937,173167522#1,14.2344,3.0
23938,23939,173167522#2,24.6294,5.565934065934063
23940,23941,173167523,65.27520000000001,12.5
23942,23943,173167525#0,6.102,1.9999999999999998
23944,23945,173167525#1,13.9374,0.0
23946,23947,173167526#0,14.2668,0.0
23948,23949,173167526#1,2.2824,2.25
23950,23951,173167527#0,11.043,0.0
23952,23953,173167527#1,25.3692,4.5
23954,23955,173169611#1,7.4592,4439.416956570534
23956,23957,173169611#2,12.4092,14.463387978142077
23958,23959,173169611#3,6.1614,0.4060109289617486
23960,23961,173169611#4,22.6332,3.018032786885245
23962,23963,173169611#5,2.2518,0.4545454545454546
23964,23965,173169612,5.0328,0.7477477477477478
23966,23967,173177776#0,25.038,9.0
23968,23969,173177776#1,1.1196,1.0
23970,23971,173177780#1,0.31679999999999997,0.25
23972,23973,173177780#2,13.707,0.5
23974,23975,173177783#1,0.46980000000000005,0.7777777777777778
23976,23977,173177783#2,5.8374,0.33333333333333337
23978,23979,173177790#0,14.4,4.7142857142857135
23980,23981,173177790#1,18.761400000000002,3.9555555555555566
23982,23983,173177790#2,29.5416,17.472727272727273
23984,23985,173177791#0,0.0648,0.32222222222222224
23986,23987,173177791#1,11.4894,2.2
23988,23989,173177791#2,0.0648,0.5
23990,23991,173177791#3,39.126599999999996,12.5
23992,23993,173177794#0,0.0648,0.0
23994,23995,173177794#2,2.7845999999999997,19.479915433403804
23996,23997,173178641,14.067,0.0
23998,23999,173180357#0,0.6642,0.0
24002,24003,173180357#2,14.6646,0.0
24004,24005,173180358,15.8184,0.0
24010,24011,173180361#0,0.7452,0.0
24012,24013,173180361#1,1.4634,0.33333333333333337
24014,24015,173180361#2,29.570400000000003,5.366666666666667
24016,24017,173180362#0,1.7838,2.333333333333333
24018,24019,173180362#1,32.617799999999995,0.0
24020,24021,173180362#2,1.8485999999999998,1.5000000000000004
24022,24023,173180362#3,32.772600000000004,7.5
24024,24025,173180363#0,1.0133999999999999,0.4727272727272725
24026,24027,173180363#1,15.8184,3.7499999999999987
24028,24029,173180364#0,38.842200000000005,0.0
24030,24031,173180364#1,55.9782,61.666666666666664
24032,24033,173182788,3.2994,1.0075757575757576
24034,24035,173182789,23.8572,0.5
24036,24037,173182790,4.264200000000001,0.8078078078078079
24038,24039,173182791,3.1212,1.3333333333333335
24040,24041,173182792#0,0.7776,3.210526315789473
24042,24043,173182792#1,0.0648,0.0
24044,24045,173182793,2.0358,0.19999999999999998
24046,24047,173182794#0,0.0414,0.03999999999999999
24048,24049,173182794#1,15.5196,0.9166666666666666
24050,24051,173182795#1,19.366200000000003,3.988304093567251
24052,24053,173182795#2,5.859,0.2857142857142857
24054,24055,173182797#0,0.4536,7.788888888888888
24056,24057,173182797#1,3.8466,1.0666666666666669
24060,24061,173182798#0,9.1098,4.5
24062,24063,173182798#1,0.43019999999999997,0.1544117647058824
24064,24065,173182798#2,0.8712,0.4545454545454545
24066,24067,173182798#3,3.0078,0.6666666666666666
24068,24069,173184401#1,2.5632,0.0
24070,24071,173184403#0,16.740000000000002,0.952380952380953
24072,24073,173184403#1,15.112800000000002,0.47619047619047644
24074,24075,173184403#2,9.5544,0.7500000000000001
24076,24077,173184404#1,0.2232,18.6625
24078,24079,173184404#2,6.0246,0.7636363636363639
24082,24083,173185112#0,12.0924,0.9743589743589748
24084,24085,173185112#1,10.4058,0.46153846153846156
24086,24087,173186697,34.3584,0.3333333333333339
24088,24089,173201776,2.826,1.878787878787879
24090,24091,173201777#0,21.447,6.290476190476186
24092,24093,173201777#1,11.6802,0.9523809523809524
24094,24095,173201780#1,3.0528,4.333333333333334
24096,24097,173201784#0,18.9342,1.361111111111111
24098,24099,173201784#1,2.7504,0.8888888888888888
24100,24101,173201784#2,2.6298000000000004,0.1944444444444445
24102,24103,173203413#0,5.796,0.3589743589743588
24104,24105,173203413#1,3.1032,0.2692307692307693
24106,24107,173203413#2,3.7638000000000003,0.18181818181818182
24108,24109,173203413#3,1.5282,0.2545454545454545
24110,24111,173203413#4,5.338800000000001,0.2909090909090909
24112,24113,173203413#5,9.3114,0.45454545454545453
24114,24115,173203413#6,2.736,0.3333333333333333
24116,24117,173203428,5.4036,0.0
24118,24119,173203430#0,13.4442,2.333333333333334
24122,24123,173203435,10.0782,0.9166666666666666
24124,24125,173203437,6.012,0.0
24126,24127,173203445,7.3422,1.8000000000000003
24128,24129,173658909,24.8454,92.62878787878786
24130,24131,174321447,1.4256000000000002,231.02706240042093
24132,24133,174324279#0,20.007,3.111111111111112
24134,24135,174324279#1,12.978,2.7666666666666675
24136,24137,174527895#1,72.27900000000001,58.277777777777764
24138,24139,174527895#2,0.0648,1.7637362637362637
24140,24141,174533456,21.807000000000002,1.20808517507934
24142,24143,174597970#0,0.2934,647.3634393775238
24144,24145,174597970#1,12.9852,0.6639311043566365
24146,24147,174597970#2,9.4824,0.9681697612732098
24148,24149,174597970#3,10.285200000000001,1.080258064516129
24150,24151,174597970#4,2.4588,0.2936507936507936
24152,24153,174597970#5,8.8146,0.8240219972503433
24154,24155,174597970#6,4.3434,0.4096774193548388
24156,24157,174597970#7,25.650000000000002,3.5766768442824803
24158,24159,174609517#0,7.9704,4668.18362541701
24160,24161,174609517#1,0.0252,267.35481462171805
24162,24163,174609517#3,0.0252,569.2170792707235
24164,24165,174609517#4,5.187600000000001,2696.941004041852
24166,24167,174609519,6.013800000000001,1.4571428571428575
24168,24169,174611972#0,17.557199999999998,8.25
24170,24171,174611972#1,0.028800000000000003,128.77777777777777
24172,24173,174645621,2.0466,0.8444444444444446
24174,24175,174645622#2,6.8184,1.0
24176,24177,174645622#3,44.541000000000004,19.666666666666668
24178,24179,174645622#4,46.4796,20.333333333333336
24180,24181,174645624#1,48.5676,1926.2048309178742
24184,24185,174645625#1,2.5902000000000003,1.3666666666666667
24186,24187,174645626#1,4.1472,1.8516129032258068
24188,24189,174645627#1,17.622,2.2600000000000007
24190,24191,174645627#2,0.0648,0.16
24192,24193,174645627#3,16.9614,1.1818181818181814
24194,24195,174645627#4,19.9854,3.944444444444445
24196,24197,174645627#5,19.8252,0.9999999999999997
24198,24199,175607510#0,8.8938,0.33333333333333326
24200,24201,175723854#0,0.0432,0.0
24204,24205,175726347#0,4.4064,0.5
24208,24209,175761126,5.967,0.9852941176470589
24210,24211,175761127#0,20.9952,15.223134920634923
24212,24213,175761127#1,17.874,2.3092193508003236
24214,24215,175761127#11,5.8104000000000005,0.5084298730471213
24216,24217,175761127#12,17.0406,1.6446455162666265
24218,24219,175761127#13,21.7188,16.509303507880013
24220,24221,175761127#2,18.2358,2.4955093099671415
24222,24223,175761127#3,2.007,0.422928075940124
24224,24225,175761127#4,4.6008000000000004,6.124486011448842
24226,24227,175761127#5,3.9816000000000003,11.886314783854795
24228,24229,175761127#6,6.449400000000001,0.690755796446853
24230,24231,175761127#7,7.1766000000000005,3.3900304414003037
24232,24233,175761127#9,4.1382,0.9530469530469531
24234,24235,175761129#0,6.7698,72.68645016797313
24236,24237,175761129#1,1.6902,0.28936403508771913
24238,24239,175761129#2,25.6536,2.586732456140352
24240,24241,175761129#3,19.657799999999998,21487.559080459774
24242,24243,175761129#4,2.052,3912.8510856397384
24244,24245,175761129#6,7.407000000000001,7.793758043758041
24246,24247,175761134#0,112.6854,0.0
24248,24249,175761134#1,6.710400000000001,2.7
24250,24251,175761134#2,12.486600000000001,1.174242424242424
24252,24253,175761134#3,7.990200000000001,1.6098901098901106
24254,24255,175761134#4,19.0206,3.0000000000000013
24256,24257,175761134#5,15.183000000000002,8.0
24258,24259,175761134#6,43.974000000000004,24.333333333333332
24260,24261,175761134#7,51.8868,0.0
24262,24263,175761135,10.3536,0.0
24266,24267,175761137,19.9368,2.695652173913042
24268,24269,175761138#0,0.0648,0.37912087912087905
24270,24271,175761138#1,1.098,0.32222222222222235
24272,24273,175761138#2,1.5804,0.5714285714285714
24274,24275,175761138#3,1.2204000000000002,0.2857142857142857
24276,24277,175761138#4,0.0648,0.5714285714285714
24278,24279,175761138#5,13.208400000000001,4.5
24280,24281,175761139#0,0.045000000000000005,0.0
24282,24283,175761139#1,4.5558000000000005,0.28571428571428564
24284,24285,175761142#0,1.2276,0.02631578947368421
24286,24287,175761142#1,4.8528,0.3470839260312944
24288,24289,175761142#2,11.2878,126.8548780487805
24290,24291,175761142#3,0.9594,55.01190476190475
24292,24293,175770984,30.159,8.0
24294,24295,175770990,25.2072,5.666666666666667
24296,24297,175770991,26.6724,3.163636363636363
24298,24299,176023654,30.376800000000003,0.0
24300,24301,176023658,6.372,4.333333333333334
24304,24305,176023661,234.25920000000002,240.80065359477123
24310,24311,176364757,10.265400000000001,0.0
24312,24313,176364758,9.5724,0.0
24314,24315,176364759,6.588,0.0
24316,24317,176364760,7.804800000000001,2.166666666666667
24318,24319,176364761,20.2176,0.0
24322,24323,176364763#1,54.349199999999996,9.11111111111111
24326,24327,176364764#2,1.3464,0.7564102564102564
24328,24329,176364765#0,0.0648,1.0000000000000002
24330,24331,176364765#1,0.0648,0.0
24334,24335,176364765#3,11.7576,0.0
24336,24337,176550249#0,11.223,0.7027581453931884
24338,24339,176550249#1,2.6406,0.24741510082340834
24340,24341,176550249#2,21.8016,18.281073058577253
24342,24343,176550249#3,1.1916,13.579139966544579
24344,24345,176550249#4,14.526000000000002,1.6368973473709734
24346,24347,176550249#5,26.0766,18.265039223614288
24348,24349,176550249#6,32.4108,307.3712527024941
24350,24351,176550257,38.5704,0.0
24352,24353,176550268,33.048,12.5
24354,24355,178402482,10.9404,0.3333333333333333
24356,24357,178402484,20.6874,4.5
24358,24359,179330003,1.6254000000000002,0.4469696969696971
24360,24361,179332240,2.8458,0.44144144144144143
24362,24363,179332241,3.231,0.6231527093596056
24364,24365,179332242,3.2508000000000004,0.3907734056987792
24366,24367,179332243,3.024,0.20952380952380947
24368,24369,181221346,4.1544,0.0
24370,24371,181221350#0,9.603,0.0
24372,24373,181221350#1,0.0648,1.3333333333333335
24374,24375,181223451#0,59.205600000000004,17.50153846153846
24376,24377,181223451#1,86.436,29.03448275862069
24378,24379,182424335,16.3332,2.606060606060607
24380,24381,182753513#0,0.49860000000000004,0.8563612608198594
24382,24383,182753513#1,0.23940000000000003,0.34526854219948866
24386,24387,182753515#0,5.824800000000001,167.8705673758865
24388,24389,182929773,9.0774,0.7066666666666667
24390,24391,183036524#1,22.2534,2.266666666666666
24392,24393,183036524#2,3.1032,0.6666666666666667
24394,24395,183036526#0,2.9952,0.7625000000000003
24396,24397,183036526#0.13,0.1062,2.0409356725146197
24398,24399,18333332#0,0.0252,0.23425458410842417
24402,24403,183728412#2,5.8266,0.33333333333333337
24404,24405,183728412#3,0.0648,4.799999999999999
24406,24407,18809238#0,2.6082,0.28216196498054474
24408,24409,18809672#1,0.48240000000000005,143.01791277258567
24410,24411,18809672#2,7.482600000000001,2.378998778998779
24412,24413,18809672#3,0.1404,0.2793650793650793
24414,24415,18809672#5,3.24,0.2862263184843828
24416,24417,18809672#7,9.9594,0.9918831168831171
24418,24419,18809672#8,7.7742,2.4801346801346797
24420,24421,18809673#1,39.654,7.833208766097102
24422,24423,18809673#10,3.1536,0.30509695572581214
24424,24425,18809673#11,0.5382,0.12190900098911962
24426,24427,18809673#12,0.9792000000000001,0.13344284301257595
24428,24429,18809673#13,7.3998,0.6369990503323834
24430,24431,18809673#14,2.7252,0.37478860006263737
24432,24433,18809673#15,26.0082,3.986579381530523
24434,24435,18809673#16,3.0654000000000003,0.23740428952155332
24436,24437,18809673#3,7.3242,0.8141309155241044
24438,24439,18809673#4,4.1148,0.43046199373225136
24440,24441,18809673#5,2.1311999999999998,0.6873963515754558
24442,24443,18809673#6,1.5066,0.27065159462567673
24444,24445,18809673#7,3.9978000000000002,0.381693406576306
24446,24447,18809673#8,2.7288,0.6644005916973531
24448,24449,18809673#9,2.9718,0.32949124949124925
24450,24451,18813598#1,7.29,2.143364203316963
24452,24453,18813598#2,10.366200000000001,0.8075818181366742
24454,24455,18813598#3,3.1536,0.2656378901575869
24456,24457,18813598#4,3.5622000000000003,0.2655610911406141
24458,24459,18813598#5,2.9160000000000004,0.23513039179335032
24460,24461,18813598#6,5.9112,1.7655395239856941
24462,24463,18813598#7,15.6114,1.7867078783986277
24464,24465,18813598#8,21.1158,3.7833509634783327
24466,24467,18813598#9,16.38,85.32127292661828
24468,24469,188625811,7.5654,1.1428571428571428
24470,24471,188625812#0,5.5098,0.8095238095238096
24472,24473,188625813#0,0.0648,0.26315789473684204
24474,24475,188625813#1,15.0822,1.6190476190476193
24476,24477,188627193#0,0.3402,1.0666666666666669
24480,24481,188627193#2,17.6544,0.5
24482,24483,188722978#0,31.604400000000002,0.0
24484,24485,188722978#1,33.4494,32.0
24486,24487,188722978#2,68.7762,0.0
24488,24489,188740075#2,20.5632,1.5833333333333328
24496,24497,188740076,0.117,19.090909090909093
24498,24499,188740078#0,0.5832,0.48888888888888865
24500,24501,188740078#1,5.986800000000001,0.0
24502,24503,188740080#1,0.081,2.982142857142857
24504,24505,188740081#0,0.036000000000000004,13.533333333333333
24506,24507,188740084#1,9.531,0.9166666666666666
24508,24509,188740084#3,24.9354,4.916666666666667
24510,24511,188740084#4,0.5346,0.0
24512,24513,18909061#1,4.5306,12.776663750757011
24514,24515,18909063#1,1.4922,2.2152017516421636
24516,24517,18909063#2,2.1870000000000003,39.2963609436158
24518,24519,189226234,9.0198,0.3333333333333335
24520,24521,189226235#0,16.180200000000003,0.9999999999999997
24522,24523,189226235#1,3.06,1.7000000000000002
24524,24525,189226235#2,4.6530000000000005,2.0555555555555554
24526,24527,189226238,7.2558,5.2
24528,24529,189581966#1,10.013399999999999,8.125000000000002
24530,24531,190281933,3.6971999999999996,0.44933234786893345
24532,24533,190281935#1,14.0868,2.0277677364073314
24534,24535,190281937#1,0.1512,0.3293313213241534
24536,24537,190641749,5.4288,0.3122159850307405
24540,24541,192768905,3.6611999999999996,18.029166666666672
24542,24543,192768907#0,4.2318,11.16398407753548
24544,24545,192768907#1,1.1124,0.2398753894080997
24546,24547,192768909#1,2.0808,0.39645625692137315
24548,24549,192768914,19.544400000000003,1.5668244139761174
24550,24551,192768918#1,8.8056,12.444444444444445
24552,24553,192768918#2,14.992200000000002,2.0444444444444447
24554,24555,192768918#3,2.3274,1.7142857142857142
24556,24557,192768918#4,11.0232,1.5714285714285712
24558,24559,192768918#5,0.1098,0.14285714285714288
24560,24561,192768919#1,0.5706,1.3679633867276892
24562,24563,192768919#2,0.5346,0.5502669717772691
24564,24565,192768919#3,0.0648,1.2700228832951943
24566,24567,192768919#4,0.0648,0.17515817515817517
24568,24569,192768919#5,0.48600000000000004,1.534567901234568
24570,24571,192768919#6,0.48240000000000005,2.4641441441441443
24572,24573,192768919#7,0.5598,12.510273972602738
24574,24575,192768919#8,0.5147999999999999,10.40715372907154
24582,24583,192768925,2.3598,0.0
24584,24585,192768926,10.7478,2.188405797101449
24590,24591,192768949,2.3346,0.0
24592,24593,192768952,2.331,0.33333333333333326
24596,24597,192768976,2.3868,2.0
24598,24599,192768978,40.302,16.4412358329452
24600,24601,192768995#1,2.2428,0.9661733615221989
24602,24603,192769003#0,0.0648,0.16153846153846155
24604,24605,192769003#1,11.1294,1.2787061994609161
24606,24607,192769003#2,5.8572,0.7892816181837136
24608,24609,192769008,2.4372000000000003,0.5264957264957264
24612,24613,192769015,2.1564,0.39396378269617705
24614,24615,192769021,0.0882,0.14285714285714288
24616,24617,192771013,104.28659999999999,85.14564564564563
24618,24619,192771014#0,3.447,1.5833333333333333
24620,24621,192771014#1,3.6198,0.5
24632,24633,192994888#4,12.232800000000001,0.0
24634,24635,192994892,9.201600000000001,2.0
24638,24639,192994895,11.9232,1.3567346938775509
24640,24641,192994897,26.2422,8.666666666666666
24642,24643,192994898,31.2282,8.916666666666666
24644,24645,192994900,36.007200000000005,0.0
24646,24647,192994902#0,0.3744,0.17177668667030374
24648,24649,192994902#1,4.1454,0.33576885607342455
24650,24651,192994902#2,7.250399999999999,0.39675947290160485
24660,24661,192994907#0,0.30060000000000003,0.23538961038961043
24662,24663,192994907#1,7.767000000000001,1.4756936393848052
24664,24665,192994907#2,18.072,1.9999999999999998
24670,24671,192994908#0,20.9394,8.0
24672,24673,192994908#1,10.0332,0.9166666666666666
24676,24677,193026072,29.813399999999998,4.476190476190478
24678,24679,193382571,0.0648,0.19444444444444448
24680,24681,193382573#0,15.8076,0.0
24682,24683,193382573#1,5.7924,0.9625000000000004
24684,24685,193384412#0,29.2086,9.001107419712069
24686,24687,193384412#1,21.769199999999998,4.333333333333335
24688,24689,193384415,30.560400000000005,0.5
24690,24691,193384418,42.0732,26.19147005444644
24692,24693,193385060#0,26.6598,1.8095238095238095
24694,24695,193385060#2,13.455,5.299999999999999
24696,24697,193386905,1.9980000000000002,784.7785372522214
24706,24707,193388832,408.438,72.0
24710,24711,193806654,43.488,7.85733493344001
24712,24713,193806655#0,53.559,26.679782903663487
24714,24715,193806655#1,12.4128,3.1578947368421053
24716,24717,193806656#0,59.1516,19.0
24718,24719,193838916,15.685200000000002,3.0
24720,24721,193838917#0,0.6282,0.33333333333333337
24722,24723,193838917#1,0.7182000000000001,0.0
24724,24725,193838918#0,0.6516,0.33333333333333326
24726,24727,193838918#1,20.0016,0.0
24728,24729,193838918#2,1.2006000000000001,0.6944444444444445
24730,24731,194116091,15.931800000000003,4.5
24732,24733,194116093,0.738,1.9015151515151516
24734,24735,194116097,15.937199999999999,0.0
24736,24737,194116099,6.645600000000001,2.8000000000000003
24738,24739,194116101,4.1832,8.0
24740,24741,194116103,15.931800000000003,2.3333333333333326
24742,24743,194116105,15.9192,2.3333333333333326
24744,24745,194116108,15.9408,2.0
24746,24747,194116110,8.380799999999999,2.0
24748,24749,194116112,6.147,0.0
24750,24751,194116114,15.908399999999999,0.0
24752,24753,194116116,10.6614,0.0
24754,24755,194116118,14.0508,0.5
24756,24757,194116121#0,11.1438,0.0
24758,24759,194116121#1,1.7586,0.0
24760,24761,194116124#0,1.836,0.2
24762,24763,194116124#1,1.053,0.10000000000000005
24764,24765,194116124#2,1.0295999999999998,1.9444444444444444
24766,24767,194116124#3,0.7290000000000001,1.8095238095238095
24768,24769,194116124#4,0.2466,0.0
24770,24771,194116141#1,0.0648,0.8095238095238098
24772,24773,194119645,0.8118000000000001,0.4
24774,24775,194119647,5.9184,0.9166666666666666
24776,24777,194119649,23.869799999999998,4.238095238095237
24778,24779,194119651,0.648,0.16666666666666669
24780,24781,194119652,25.0902,7618.695906432748
24782,24783,194119654#0,0.2754,58.02564102564103
24784,24785,194119654#1,2.709,0.3300653594771241
24786,24787,194119654#2,20.091600000000003,7.85897435897436
24788,24789,194119656,46.1466,6.333333333333336
24790,24791,194134001#0,10.580400000000001,0.5535714285714286
24792,24793,194134001#2,0.045000000000000005,2.6025641025641018
24794,24795,194134004#0,12.51,2.69479733817302
24796,24797,194134004#1,7.1154,167.5029036004646
24798,24799,194377108#0,6.0732,0.2915015062628828
24800,24801,194377108#0.54,17.7516,29.03634409738738
24802,24803,195073412#0,1.3698000000000001,0.5535714285714285
24804,24805,195073412#1,2.7288,2.2625
24806,24807,195073413,10.9908,0.3052631578947369
24808,24809,195073415,26.6148,3.707357165511314
24810,24811,195073416,18.711,0.8921539817807816
24812,24813,195073418#0,5.2236,0.17572729944166923
24814,24815,195073418#1,10.6416,0.5076784101174348
24816,24817,195073423,3.861,87.80669750695048
24818,24819,195966643#0,0.0648,0.0
24820,24821,195966643#1,0.7902,0.0
24824,24825,195966645#3,2.3922,1.1026315789473689
24826,24827,195966645#4,8.3916,1.3636363636363638
24830,24831,195966646#1,1.3914,0.8
24832,24833,195966646#2,0.1134,0.0
24834,24835,195966647#0,11.0556,0.0
24836,24837,195966647#1,2.5956,1.6111111111111114
24838,24839,195966647#2,4.428,3.058823529411763
24840,24841,195966647#3,3.4542,0.5
24842,24843,195966648#1,0.0648,0.0
24844,24845,195966648#2,0.4536,1.0000000000000002
24846,24847,195966649#0,16.4718,4.022727272727274
24848,24849,195966649#1,11.4642,2.8506205673758873
24850,24851,195966649#2,24.0372,6.207867494824017
24852,24853,195977239,16.5042,2.3333333333333326
24858,24859,196172701,48.2112,22.65
24860,24861,196172702#0,2.295,1302.0044296788485
24862,24863,196172703,7.6176,2.187301587301588
24864,24865,196172704#1,1.9494,111.43749064791265
24866,24867,196176498#1,14.9148,0.0
24868,24869,196873454,0.36540000000000006,27.195384615384615
24870,24871,198836594,10.9368,0.5666666666666667
24872,24873,198836595,13.7754,1.333333333333334
24874,24875,198836596,12.0438,0.9999999999999999
24878,24879,198836601,9.012599999999999,25893.239130434777
24880,24881,198836602,5.0562000000000005,1.0
24882,24883,198836603,7.556400000000001,9023.482352941175
24884,24885,198836604,0.4464,21880.64367816092
24886,24887,198836605,8.141399999999999,0.8000000000000002
24888,24889,198836606,2.6064,117.3537414965986
24890,24891,198836608,12.2886,17260.5873015873
24892,24893,198836609#1,9.0198,16873.929166666665
24894,24895,198836610#1,10.663200000000002,0.0
24896,24897,198836611#0,0.0648,0.1944444444444444
24898,24899,198836611#1,11.0232,48662.666666666664
24900,24901,198836613#0,16.6176,2.0
24902,24903,198836613#1,30.911399999999997,4.5
24904,24905,198836614#1,1.395,0.3172413793103447
24906,24907,198836614#2,0.4572,0.6731182795698926
24908,24909,198836614#3,7.578,44679.203463203456
24910,24911,198836615#1,1.0548,0.2770562770562771
24916,24917,199227645#0,3.2796000000000003,8.233333333333334
24918,24919,199227645#1,7.0308,0.2857142857142856
24920,24921,199227645#2,1.1106,0.4107142857142857
24922,24923,199797244,0.198,0.4904761904761905
24924,24925,199797251#0,10.1844,0.3333333333333335
24926,24927,199797251#1,0.0648,0.5
24928,24929,200658487#0,0.5508,0.33333333333333337
24930,24931,200658487#1,0.9486000000000001,0.0
24932,24933,200658487#2,0.6245999999999999,0.0
24934,24935,200658487#3,0.441,0.33333333333333337
24936,24937,200658487#4,1.0908,0.5
24938,24939,200658487#5,0.6696,2.0
24940,24941,200658487#6,1.0548,0.0
24942,24943,200658487#7,6.210000000000001,12.5
24944,24945,200741048,0.9450000000000001,205.80389097921798
24946,24947,200741145#0,0.5382,0.07971014492753624
24948,24949,200741145#2,1.5354,26.126666666666665
24950,24951,200741145#3,1.2294,1.0
24952,24953,200741145#4,0.8226,1.0
24954,24955,200741145#5,1.3086,0.5
24956,24957,200741145#6,1.1358000000000001,1.5833333333333337
24958,24959,200741145#7,0.9126000000000001,0.8
24960,24961,200741145#8,1.7838,18.500000000000004
24962,24963,200741145#9,0.7056,98.33333333333334
24964,24965,200741155,3.0042,0.2635763239875388
24966,24967,200741156,10.236600000000001,80.13780487804874
24968,24969,200741157,3.6683999999999997,0.3999999999999999
24970,24971,200741159,16.3332,2.6666666666666665
24972,24973,200741161,3.7098,301.5119352088662
24974,24975,200741163,1.7064,0.7307692307692307
24976,24977,200741168#0,2.5578000000000003,0.2857142857142858
24978,24979,200741168#1,6.6654,0.7999999999999999
24980,24981,200741170#0,12.4938,2.4761904761904763
24982,24983,200741170#1,6.3612,0.8095238095238098
24984,24985,200741172,7.7598,2.125
24988,24989,200741177#0,2.7288,0.6190476190476191
24990,24991,200741177#1,1.278,0.33333333333333326
24992,24993,200741177#2,3.2706,2.6666666666666665
24994,24995,200741178,9.3924,5.80952380952381
24996,24997,200741179#0,7.2,2.8000000000000007
24998,24999,200741179#1,0.9126000000000001,0.2380952380952381
25002,25003,200741181,65.493,21.192307692307686
25004,25005,200741183#1,0.48240000000000005,0.25691699604743073
25006,25007,200741183#2,0.41400000000000003,0.2958333333333333
25008,25009,200741183#3,1.6344,0.6181818181818182
25010,25011,200741183#4,0.747,0.20000000000000004
25012,25013,200741183#5,8.3016,3.8095238095238098
25014,25015,200741188,0.0648,102.6726251276813
25016,25017,200742227#0,20.349,0.0
25018,25019,200742227#1,5.0328,0.5
25020,25021,200742227#10,5.7509999999999994,0.2648221343873518
25022,25023,200742227#11,0.171,0.2569169960474308
25024,25025,200742227#12,4.0986,1.6363636363636365
25026,25027,200742227#13,5.7258000000000004,0.21861471861471857
25028,25029,200742227#14,6.0876,0.6571428571428573
25030,25031,200742227#15,8.5356,0.6946236559139787
25032,25033,200742227#16,3.3102,0.2365591397849462
25034,25035,200742227#17,0.6822,0.16129032258064516
25036,25037,200742227#18,0.0252,0.23655913978494617
25038,25039,200742227#2,4.2804,2.0000000000000004
25040,25041,200742227#28,7.1208,5.090909090909091
25042,25043,200742227#29,2.4678,0.446969696969697
25044,25045,200742227#3,1.7784,0.20000000000000004
25046,25047,200742227#30,2.2572,1.1111111111111116
25048,25049,200742227#31,5.551200000000001,0.17777777777777773
25050,25051,200742227#32,39.5172,9.410256410256412
25052,25053,200742227#4,7.8588,1.1619047619047622
25054,25055,200742227#5,2.0124000000000004,0.251082251082251
25056,25057,200742227#6,5.9814,6.157312925170068
25058,25059,200742227#7,1.728,0.5199275362318838
25060,25061,200742227#8,14.702399999999999,0.9051383399209485
25062,25063,200742227#9,3.9330000000000003,0.8774703557312253
25064,25065,200743816#0,14.4414,2.9047619047619047
25066,25067,200743816#1,0.0936,0.25000000000000006
25070,25071,200743816#3,0.6696,0.0
25076,25077,200743816#6,0.5706,0.0
25078,25079,200743816#7,13.3704,0.0
25080,25081,200743817#0,3.024,0.7426470588235295
25082,25083,200743817#1,0.0972,0.11111111111111119
25084,25085,200743817#2,0.5670000000000001,0.2666666666666666
25086,25087,200743817#3,0.2358,0.7
25088,25089,200743817#4,0.3402,1.7666666666666668
25090,25091,200743817#5,12.438,0.0
25096,25097,200743817#8,12.5478,5.0
25098,25099,200743818#0,12.770999999999999,2.7499999999999996
25100,25101,200743818#1,0.30060000000000003,0.2666666666666666
25102,25103,200743818#2,0.40140000000000003,1.125
25104,25105,200743818#3,0.6408,2.166666666666667
25106,25107,200743818#4,15.5304,7.3
25108,25109,200743818#5,0.6354,0.28571428571428564
25110,25111,200743818#6,0.324,0.8888888888888888
25112,25113,200743818#7,0.6354,0.42424242424242425
25114,25115,200743818#8,0.621,0.8421052631578945
25116,25117,200743818#9,1.1520000000000001,0.44372294372294374
25118,25119,200743819,5.9544,2.476190476190477
25120,25121,200743820,5.0598,0.8
25122,25123,200743821,6.611400000000001,0.0
25124,25125,200743822,4.5360000000000005,0.0
25128,25129,200743824,9.8388,0.0
25132,25133,200743826,9.667800000000002,29.285714285714278
25134,25135,200743827,9.579600000000001,0.0
25136,25137,200743828,5.562,1.4107142857142854
25140,25141,200743831,6.183,0.7999999999999999
25142,25143,200743832,10.1196,5.699999999999999
25144,25145,200743833,6.6078,0.0
25146,25147,200743834,10.0368,0.0
25148,25149,200743835,6.0192,0.33333333333333326
25150,25151,200743836,6.5718,0.3333333333333335
25152,25153,200743837,9.6372,1.333333333333334
25154,25155,200743838,23.5656,4.0
25156,25157,200743839#0,22.3056,8.963636363636363
25158,25159,200743839#1,23.1444,9.122222222222222
25160,25161,200743840,16.1478,267.7766666666666
25162,25163,200743841#0,12.0204,5.743589743589744
25164,25165,200743841#1,0.5796,0.9802955665024633
25166,25167,200743841#2,0.7182000000000001,0.9487179487179488
25168,25169,200743843#0,0.1368,0.3684210526315789
25170,25171,200743843#1,0.5724,0.3897058823529412
25172,25173,200743843#2,51.7176,21.199999999999996
25174,25175,200743844#0,4.1724000000000006,0.2389758179231863
25176,25177,200743844#1,42.7014,8.397435897435896
25178,25179,200908887,11.0016,41.17688888888887
25180,25181,200908888#1,3.9708,253.9052515201769
25182,25183,200908901#0,1.4706,0.5
25184,25185,200908901#1,15.364799999999999,2.0
25188,25189,200908907,8.0118,0.3333333333333335
25190,25191,200908910#0,2.0754,0.5
25192,25193,200908910#1,17.6544,0.5
25194,25195,200908911,14.553000000000003,7.6
25196,25197,200908916#0,0.0648,0.2394736842105263
25198,25199,200908916#1,0.0684,0.17543859649122803
25200,25201,200908916#2,8.883,0.5666666666666665
25202,25203,200908916#3,0.1062,69.90476190476191
25204,25205,200908916#4,0.0648,26.21428571428571
25206,25207,200908917,27.441,426.3333333333333
25208,25209,200912350#0,5.643,19.14736842105263
25210,25211,200927707,0.0648,0.2
25212,25213,200949176#0,5.1444,12.717390291862129
25214,25215,200949406,6.645600000000001,1.0999999999999999
25216,25217,200949407,35.7318,4.333333333333331
25218,25219,200949408#0,15.6114,0.0
25220,25221,200949408#1,2.7234,3.125
25222,25223,200949414#1,16.848,5.062500000000001
25224,25225,200949417,11.2104,0.0
25226,25227,200949419,22.2246,5.025641025641025
25228,25229,200949421#0,0.0648,1.9206349206349207
25230,25231,200949421#1,10.0854,1.3303303303303304
25232,25233,200949423,5.9274000000000004,4.5
25234,25235,200949427,10.2942,1.0
25236,25237,200949428#1,16.2558,36.6060606060606
25238,25239,200949433,0.1296,5.466666666666667
25240,25241,200978113#1,0.1764,11.45076888167425
25242,25243,201078447#0,13.6692,3.6934693877551013
25244,25245,201078447#2,9.394200000000001,1.1971207087486162
25246,25247,201078448#0,3.7638000000000003,2.195652173913043
25248,25249,201078448#1,4.0932,0.66
25250,25251,201078448#2,1.0386,50.829925348912695
25252,25253,201078448#3,14.149799999999999,216367.67345050877
25254,25255,201089420#0,2.6244,2.869225239270711
25256,25257,201089420#1,5.3334,28.21821835347104
25258,25259,201089423#1,6.559200000000001,270.1127878829791
25260,25261,201089423#2,5.767200000000001,172.71020169967534
25262,25263,201143839,0.0432,0.0
25264,25265,201143840,0.9234,0.23947368421052626
25266,25267,201151937#0,12.7296,0.0
25268,25269,201151937#1,27.7092,6.333333333333331
25270,25271,201201935#1,4.3848,1.276209023044466
25272,25273,201201935#2,4.8042,0.3015254787406686
25274,25275,201201935#3,3.7728,0.24407659850697824
25276,25277,201201935#4,5.814,0.2745861733203503
25278,25279,201201935#5,4.0428,0.2697176241480041
25280,25281,201201935#6,9.909,0.427848101265823
25282,25283,201201935#7,11.0934,0.5251582278481012
25284,25285,201201936#0,0.0252,0.24990089264965223
25286,25287,201201936#10,3.9168000000000003,0.2662461909148891
25288,25289,201201936#11,5.472,0.5619273837801154
25290,25291,201201936#12,3.8501999999999996,0.6930560290942152
25292,25293,201201936#2,4.059,0.11716030243690172
25294,25295,201201936#3,5.5458,0.37943722943722963
25296,25297,201201936#4,4.5342,0.2730760009590029
25298,25299,201201936#5,3.7602,0.28423307626392424
25300,25301,201201936#6,0.5346,0.19754136180871396
25302,25303,201201936#7,4.707000000000001,0.32053918660602443
25304,25305,201201936#8,3.7656,0.2806406960648607
25306,25307,201201936#9,3.7782000000000004,0.4342294225861965
25308,25309,201201938#0,5.7078,1.9127309127309122
25310,25311,201201938#1,8.125200000000001,0.508127090301003
25312,25313,201201938#3,0.8028000000000001,0.2941528168800898
25314,25315,201201938#4,5.5098,0.4655652653005002
25316,25317,201201939#1,2.0627999999999997,0.3501477440618253
25318,25319,201201940#0,14.1804,1.9263603779732814
25320,25321,201201940#3,15.2946,7.039789645737836
25322,25323,201201945#1,17.6508,16.279907420801397
25324,25325,201201945#10,0.6318,0.2098176833784386
25326,25327,201201945#11,13.2354,7.489022188163377
25328,25329,201201945#2,0.9882000000000001,2.655424562418631
25330,25331,201201945#3,14.4738,7.775637975507755
25332,25333,201201945#4,2.8728000000000002,0.2759485925188712
25334,25335,201201945#5,3.6990000000000003,0.31941563205318546
25336,25337,201201945#7,7.0956,2.9207982101489494
25338,25339,201201945#8,4.9842,15.722461433451915
25340,25341,201201945#9,0.5616,0.5346951263471245
25342,25343,201201947,2.1816,0.27424061050426457
25344,25345,201201948,1.8324,0.3111111111111109
25346,25347,201201949#0,0.9702000000000001,0.25144124168514415
25348,25349,201201949#1,3.2201999999999997,0.8372505543237254
25350,25351,201201950#1,8.5878,7.419261451363869
25352,25353,201201950#2,11.4264,46.1378044383775
25354,25355,201201950#3,1.1556,0.6097024430998678
25356,25357,201201950#4,14.7942,107.44675199944044
25358,25359,201201950#5,6.6690000000000005,152.25038779677286
25360,25361,201201953#1,9.504000000000001,4.340717630958446
25362,25363,201201953#10,11.5362,1.3882712663111418
25364,25365,201201953#11,20.115000000000002,1.8044751986369258
25366,25367,201201953#12,9.9234,267.0631134484988
25368,25369,201201953#2,22.0104,12.464366281227488
25370,25371,201201953#4,3.5352,0.17927137559566292
25372,25373,201201953#5,3.6954,0.2746857631089849
25374,25375,201201953#6,10.0278,0.6176305948461333
25376,25377,201201953#7,11.862,1.51255339583154
25378,25379,201201953#8,5.4018,32.3286886548104
25380,25381,201202386#0,3.4344,0.3477951635846372
25382,25383,201202386#1,11.5452,0.8257467994310103
25384,25385,201234440,1.1196,0.2777777777777777
25386,25387,201238718#0,24.2928,1929.8964032515507
25388,25389,201238718#1,2.9628,422.08605805688336
25390,25391,201238718#1.33,2.1311999999999998,634.7656178764435
25392,25393,201238719#1,18.2772,81.77301843090433
25394,25395,201238724#0,26.505,12.8
25396,25397,201238724#1,16.1244,4892.89939637827
25398,25399,201238725#1,14.893199999999998,10.1889492053355
25400,25401,201238725#2,4.8708,2.550778714235058
25402,25403,201238725#3,9.5292,1.2569194386810345
25404,25405,201238725#4,0.441,0.24630542926374016
25406,25407,201238725#5,7.660800000000001,0.8408693748041058
25408,25409,201238726#0,7.300800000000001,856.9708330628932
25410,25411,201238726#1,5.931,927.9423772261192
25412,25413,201238730,4.1094,3.2891173460888554
25414,25415,201243223,33.1362,6.628787878787875
25416,25417,201243226#1,1.1376,5.481359057775606
25418,25419,201243226#2,7.808400000000001,3.5796747140697325
25420,25421,201243230#1,4.7034,2.429587272507468
25422,25423,201278209#0,1.593,0.35590863952333646
25424,25425,201278209#2,5.634,0.48221343873517775
25426,25427,201278210#0,4.2462,0.502739726027397
25428,25429,201278210#1,6.6708,0.7708026662963475
25430,25431,201278210#10,4.680000000000001,10183.868279432987
25432,25433,201278210#2,11.385,1.2335700071247817
25434,25435,201278210#3,4.1148,1.1641313773666724
25436,25437,201278210#4,4.7718,0.7652129020672938
25438,25439,201278210#5,24.924599999999998,4591.262009306765
25440,25441,201278210#6,5.157000000000001,9408.708610719996
25442,25443,201278210#7,10.6218,52050.97462480595
25444,25445,201278210#8,3.1284,6311.263209339616
25446,25447,201278210#9,1.053,1507.9027489484142
25448,25449,201278214#0,2.6676,771.3035827186502
25450,25451,201278218#0,1.7207999999999999,4453.375836898104
25452,25453,201278218#0.62,4.9068000000000005,8779.926842328281
25454,25455,201286890#0,30.7044,2.93709528214616
25456,25457,201286890#1,3.1338000000000004,0.29755102040816334
25458,25459,201286890#10,13.908600000000002,1.182275649986022
25460,25461,201286890#11,3.3948,7.2018293804008096
25462,25463,201286890#12,1.2942,8.666293914826205
25464,25465,201286890#3,19.746000000000002,1.3596153846153842
25466,25467,201286890#4,16.3692,1.4097308488612834
25468,25469,201286890#5,27.9414,2.385336743393009
25470,25471,201286890#6,13.6098,1.0191815856777493
25472,25473,201286890#7,19.8828,1.3963782696177056
25474,25475,201286890#8,10.3788,0.7106999426276523
25476,25477,201286890#9,15.463799999999999,1.3858509911141486
25478,25479,201286892#0,0.5904,0.22784810126582278
25480,25481,201286892#1,20.6208,23431.80517503805
25482,25483,201400751#0,38.538000000000004,7.153964025892203
25484,25485,201400755#0,0.0432,0.3753799392097263
25486,25487,201400755#1,2.4228,0.44579533941236077
25488,25489,201400755#2,0.18180000000000002,0.8304372041214153
25490,25491,201400763#0,13.4442,1.2514619883040934
25492,25493,201400763#1,4.2048,1.7666666666666668
25494,25495,201400763#2,0.6912,0.1111111111111111
25496,25497,201400763#3,13.1274,1.4444444444444442
25498,25499,201400763#4,8.3826,0.9523809523809522
25500,25501,201414945#0,3.2742,0.20850040096230948
25502,25503,201414945#1,5.6286,0.4156642608928093
25504,25505,201414945#2,6.494400000000001,0.42893706714844926
25506,25507,201444272#0,3.5262000000000002,443.75910447761197
25508,25509,201444272#1,6.4656,3213.4273265451097
25510,25511,201444272#2,7.632000000000001,16923.898690292754
25512,25513,201444272#3,8.739,123055.5938945421
25514,25515,201775635,27.482400000000002,7.333333333333337
25516,25517,201775636,16.1352,2.961904761904761
25518,25519,201775637,9.3006,0.0
25520,25521,201775638#1,1.5246,0.9374999999999998
25522,25523,201775639#0,7.772399999999999,9.499999999999996
25524,25525,201775639#1,9.1494,0.2777777777777777
25526,25527,201775640#0,1.053,0.4444444444444444
25528,25529,201775640#1,0.0648,0.0
25530,25531,201775641#0,9.0558,12.095238095238093
25532,25533,201775641#1,8.622,2.810606060606061
25534,25535,201775642#1,1.3662,0.5714285714285715
25536,25537,201775643#1,21.0852,0.0
25538,25539,201775644#1,29.2086,7.537433155080214
25540,25541,201775645#1,0.0648,0.19999999999999998
25542,25543,201777413,5.2776,0.0
25544,25545,201777415#0,2.4894000000000003,0.2925351071692533
25546,25547,201777415#1,4.1112,0.43240093240093225
25548,25549,201777415#2,1.7352,0.215832835027573
25550,25551,201777415#3,0.5058,0.1295161851722938
25552,25553,201789794#1,2.8764000000000003,2.6103744969737375
25554,25555,201789794#2,3.4578,13.768059241542671
25556,25557,201789794#3,5.1282000000000005,2.1772267182071627
25558,25559,201789795#0,2.8296,27.14039118652057
25560,25561,201789796,5.592600000000001,2112.2285289412785
25562,25563,201789797#0,16.003800000000002,73.54400871459688
25564,25565,201789797#1,13.3992,1.212318029115342
25566,25567,201789798#0,2.1996,38.23920165571521
25568,25569,201789798#1,2.6892,23.22701062215477
25570,25571,201789799#0,2.2176,1.829234031632832
25572,25573,201789799#1,7.081200000000001,61.358814604673746
25574,25575,201789799#2,5.589,91.21348188319266
25576,25577,201828014#0,0.9828000000000001,0.16265664160401
25578,25579,201828014#1,0.5075999999999999,0.2682089384217044
25580,25581,201828014#2,7.3584000000000005,0.6695936057638188
25582,25583,201828014#3,11.514600000000002,1.1957671957671951
25584,25585,201828014#4,6.0822,1.9991182143841288
25586,25587,201880159#0,6.877800000000001,505.4660511351231
25588,25589,201880159#1,8.494200000000001,517.2377048390201
25590,25591,201880159#2,1.1736,86.87465503714975
25592,25593,201880159#3,7.0344,1242.5300019378833
25594,25595,201894096#0,2.5488,0.209453781512605
25596,25597,201894096#1,3.7638000000000003,1.141005554764279
25598,25599,201894096#2,0.14400000000000002,0.6661421452924208
25600,25601,201894096#3,1.5714000000000001,1.2906837265093964
25602,25603,201894096#4,10.2186,2.4338842975206614
25604,25605,201894096#5,3.5388,0.5033986405437825
25606,25607,201894096#7,15.512400000000001,1.5153361344537823
25608,25609,201894096#8,18.4662,1.6032913165266107
25610,25611,201894099,17.9424,0.9166666666666665
25612,25613,201894100#0,0.0648,0.0
25618,25619,201894102,2.2428,0.8727272727272727
25620,25621,201926265#0,21.519000000000002,1604.986182269834
25622,25623,201926265#1,0.8226,0.2712725201905156
25624,25625,201926265#2,8.0118,7.390910315603833
25626,25627,201926265#4,9.0342,2.4685694869181103
25628,25629,201926265#5,8.0388,1.349473202015574
25630,25631,201926265#6,0.8046,0.32145027818037303
25632,25633,201926267#1,6.3,2.962906213620706
25634,25635,201926267#3,0.6048,0.5585295317637458
25636,25637,201926268#1,7.3476,1047.1769900189386
25638,25639,201926269#0,2.367,54.349812322622
25640,25641,201926269#2,13.4532,3133.089570388633
25644,25645,201931240,10.0008,1.6
25646,25647,201931241#0,37.4238,3.6944444444444438
25648,25649,201931241#1,0.9972000000000001,2.166666666666667
25650,25651,201931241#2,18.8226,6.916666666666667
25652,25653,201931241#3,14.6232,6.333333333333334
25654,25655,201933877#0,1.6560000000000001,2759.3333333333344
25656,25657,201933877#1,4.7628,1331.2698202180968
25658,25659,201933877#2,4.3974,4071.2187266616893
25660,25661,201933877#3,1.1628,325.92478434672836
25662,25663,201933878#0,2.6316,2134.233542319749
25664,25665,201933878#1,0.6048,301.94358974358977
25666,25667,201933878#2,26.980200000000004,4.064327485380115
25668,25669,201933878#3,13.024799999999999,0.861904761904761
25670,25671,201933879#0,9.9954,0.9641558441558438
25672,25673,201933879#1,12.749400000000001,124.96006725514924
25674,25675,201933879#2,18.761400000000002,4977.07296482412
25676,25677,201933879#3,3.6882,2159.865219529643
25678,25679,201933879#4,6.426,5086.767112114937
25680,25681,201933879#5,8.249400000000001,23525.23603615462
25682,25683,201933879#6,2.8566,3977.6383728379255
25684,25685,201933880#0,6.9912,7527.323271665042
25686,25687,201933880#1,4.7574,7304.939096630877
25688,25689,201933880#2,6.6654,1182.5167153521588
25690,25691,201933880#3,29.271600000000003,417.7051282051281
25692,25693,201933881#0,17.4186,1.5397754419493543
25694,25695,201933881#1,4.3362,0.40838509316770194
25696,25697,201933881#2,9.1008,1.0456140350877192
25698,25699,201933881#4,10.8414,1.6248313090418358
25700,25701,201933881#5,1.4148,0.2368421052631579
25702,25703,201933881#6,9.0396,0.8895104895104897
25704,25705,201933881#7,6.7716,0.6163682864450126
25706,25707,201950247#0,8.217,0.5073529411764708
25708,25709,201950247#1,15.800400000000002,1.6176470588235303
25710,25711,201950247#3,6.4278,0.5614035087719299
25712,25713,201950247#4,7.1262,0.5934065934065933
25714,25715,201950247#5,8.4492,0.6428571428571428
25716,25717,201950247#6,3.978,0.23809523809523814
25718,25719,201950247#7,13.6782,0.9926470588235295
25720,25721,201950247#9,19.08,17430.028571428575
25722,25723,201950250#0,4.4064,0.20454545454545456
25724,25725,201950250#1,14.9148,1.6111111111111107
25726,25727,201950250#2,15.254999999999999,1.6190476190476195
25728,25729,201950259#0,10.242,0.1428571428571429
25730,25731,201950259#2,1.7334,0.4761904761904762
25732,25733,201950259#3,14.3154,1.1999999999999997
25734,25735,201950259#5,9.379800000000001,2.3333333333333326
25736,25737,201950259#6,11.5686,0.3333333333333335
25738,25739,201950263#0,1.4328,0.26168053157536747
25740,25741,201950263#1,1.3806,0.25762569978548633
25742,25743,201950263#10,5.7834,0.5266815586994288
25744,25745,201950263#11,5.9544,0.7195810865338761
25746,25747,201950263#12,2.5758,0.2634532849125125
25748,25749,201950263#13,4.6656,0.7449043728113495
25750,25751,201950263#14,19.2474,870.4885516745978
25752,25753,201950263#2,5.0832,0.44759326324672133
25754,25755,201950263#3,2.3904,0.2140015774493329
25756,25757,201950263#4,2.7485999999999997,0.5042143686742991
25758,25759,201950263#5,2.4192,0.23622034179525475
25760,25761,201950263#6,3.1032,0.22790774846523967
25762,25763,201950263#7,2.9412,0.396129766647695
25764,25765,201950263#9,2.0303999999999998,0.3828277545327754
25766,25767,201953160#0,12.8322,11.55079416270257
25768,25769,201953160#1,11.052,5068.386753144653
25770,25771,201953160#3,9.847800000000001,9627.448781009414
25772,25773,201953161#0,3.9132,0.5099821826612689
25774,25775,201953161#2,8.2116,0.4434583211858891
25776,25777,201953161#4,4.6782,0.3379763290354761
25778,25779,201953161#5,4.9068000000000005,0.3132212406193599
25780,25781,201953161#7,11.808,1.127897786643867
25782,25783,201953161#8,2.4983999999999997,0.19756625819321752
25784,25785,201953163#0,13.5378,1.1438388165025812
25786,25787,201953163#2,10.774799999999999,1.1202078283255352
25788,25789,201953163#3,7.1748,0.49782312081369473
25790,25791,201953163#4,1.6308,0.23645910857520872
25792,25793,201956811#1,5.5043999999999995,167.39506454231093
25794,25795,201956812,19.7694,4.5666666666666655
25796,25797,201956813#0,16.794,2.566666666666666
25798,25799,201956813#1,6.964200000000001,0.8
25800,25801,201956813#2,12.636,1.7666666666666668
25802,25803,201956816#0,5.0256,0.33556602993467305
25804,25805,201956816#1,0.0252,0.22147523360621843
25806,25807,201956816#2,5.1822,0.35040643407897515
25808,25809,201956816#3,10.1646,0.5849521092317101
25810,25811,201956816#4,2.6946000000000003,0.14585797253414928
25812,25813,201956816#5,8.8218,0.5607794028846663
25814,25815,201956816#6,4.8906,0.3502294632352365
25816,25817,201956817,25.6032,2996.2741694364518
25818,25819,201956819#1,7.417800000000001,4713.500478329196
25820,25821,201956819#1.66,1.8305999999999998,8604.568423336346
25822,25823,201956820,6.4116,265.77760627498463
25824,25825,201956821#1,4.6530000000000005,193.29550720192162
25826,25827,201956821#1.76,4.5324,446.1375557783118
25828,25829,201963522#0,5.9904,0.6377049180327868
25830,25831,201963522#1,10.465200000000001,1.3860727086533542
25832,25833,201963522#2,10.08,0.9434161819143315
25834,25835,201963522#3,10.35,0.8214285714285716
25836,25837,201963522#4,7.9254,0.8382284382284381
25838,25839,201963522#5,4.5936,0.717570350034317
25840,25841,201963522#6,2.736,0.9513629574309185
25842,25843,201963522#7,2.4048000000000003,0.32237196765498655
25844,25845,201963522#9,11.0484,188.16904519198093
25846,25847,201963533#1,21.2742,22.662264505711573
25848,25849,201963533#1.184,10.0764,148.2406144542067
25850,25851,201963533#4,5.4990000000000006,1.5244600011808567
25852,25853,201963533#5,6.6924,7.050977951917146
25854,25855,201963533#6,0.8136,0.3135584183945485
25856,25857,201963535,3.2778,725.4600316745845
25858,25859,201963537#1,11.3256,388.2773686367762
25860,25861,201963537#1.83,6.03,914.0520253221584
25862,25863,202070427#0,1.3428,5282.203405572754
25864,25865,202070427#0.19,4.3668000000000005,15252.285661072936
25866,25867,202070427#1,18.0306,1220.662001683752
25868,25869,202070427#2,8.6454,4.960770877708605
25870,25871,202070427#3,10.197000000000001,59.389437073582705
25872,25873,202070429#0,0.9702000000000001,207.03013275485577
25874,25875,202070429#1,4.9806,323.3559618135434
25876,25877,202070429#11,32.958,7.7590899165252285
25878,25879,202070429#12,11.829600000000001,57.16607555451255
25880,25881,202070429#12.80,2.727,51.73138905984816
25882,25883,202070429#13,2.2194000000000003,122.50141462442724
25884,25885,202070429#2,1.368,8.867643301640598
25886,25887,202070429#4,3.195,26.51312661211519
25888,25889,202070429#5,7.9668,215.7629340050074
25890,25891,202070429#8,4.759200000000001,134.0985986737204
25892,25893,202070430,3.8160000000000003,1087.5249869537533
25894,25895,202070431,8.1,318.83444437831076
25896,25897,202070434#0,1.2006000000000001,5737.31470648771
25898,25899,202070434#1,0.9540000000000001,237.3845008542833
25900,25901,202070434#2,4.6259999999999994,1423.1862306809264
25902,25903,202070434#2.42,0.9,22.93622112273451
25904,25905,202070435#1,2.5434,3.969249149416926
25906,25907,202070435#10,2.4822,0.2496626863657829
25908,25909,202070435#11,18.4788,1.4289280172704595
25910,25911,202070435#12,12.754800000000001,1.0947643744970053
25912,25913,202070435#13,6.642,0.3880073402417963
25914,25915,202070435#14,13.861799999999999,1.085977979274612
25916,25917,202070435#2,13.0464,0.9125720145989806
25918,25919,202070435#3,0.9486000000000001,0.24393887522952923
25920,25921,202070435#4,17.4762,1.1155059760956167
25922,25923,202070435#5,9.8622,0.5435963266515258
25924,25925,202070435#6,1.0998,0.26506105376779315
25926,25927,202070435#7,0.0252,0.18408891587397958
25928,25929,202070435#8,8.2098,0.4284389125008433
25930,25931,202070435#9,3.7584000000000004,0.3057209769153565
25932,25933,202071401#1,4.0284,3.9448701530451595
25934,25935,202089409,10.9332,0.8853236661891968
25936,25937,202089410#0,1.7064,0.3863636363636363
25938,25939,202089410#1,0.531,0.08333333333333333
25940,25941,202092675,1.3482,1.8983600439533106
25942,25943,202092676#1,9.552600000000002,1568.1157856093976
25944,25945,202164592,2.7125999999999997,0.2
25946,25947,202167797#0,7.646400000000001,0.24999999999999992
25950,25951,202167798,75.45060000000001,0.0
25952,25953,202167799#1,35.2368,3.6666666666666665
25954,25955,202167799#2,6.0372,4.0
25956,25957,202167799#3,0.2592,1.1944444444444444
25958,25959,202167978,8.298,0.7925163850070425
25964,25965,202588111,36.2466,0.6190476190476194
25966,25967,202588112#0,16.2414,5.300000000000001
25968,25969,202588112#1,15.627600000000001,3.0
25970,25971,202591405#1,25.630200000000002,2.0
25972,25973,20266187#0,12.0114,0.9044117647058825
25974,25975,20266187#1,12.893400000000002,1.1703296703296702
25976,25977,20266187#2,55.71,18.916666666666675
25978,25979,20266187#3,21.0762,1.333333333333333
25980,25981,20266189#0,11.6046,1.3283474282962648
25982,25983,20266189#1,17.6202,26.844042919323815
25984,25985,20266190#1,17.0802,44.12853213303326
25986,25987,20266190#2,16.6806,32.245331581518336
25988,25989,20266191,66.366,89.64285714285714
25990,25991,20266194#0,10.2204,0.7602339181286548
25992,25993,20266194#1,10.2258,1.1535947712418302
25994,25995,20266194#2,14.239799999999999,2.229166666666666
25996,25997,20266194#3,11.529,1.188311688311688
25998,25999,20266194#4,8.4708,1.7298850574712645
26000,26001,20266195#0,9.666,0.803014278159704
26002,26003,20266195#1,8.109,0.42966684294024304
26004,26005,20266195#2,4.467600000000001,0.5837138508371384
26006,26007,20266195#3,1.1592,0.24923896499238968
26008,26009,20266195#4,9.6642,0.9629156010230179
26010,26011,20266196#0,17.064,13.666666666666666
26012,26013,20266196#1,7.947,1.0
26014,26015,20266196#2,46.9296,0.5
26016,26017,202857378,5.5332,0.3546831955922866
26018,26019,202952227,3.7584000000000004,3283.209523809524
26020,26021,202952229,7.756200000000001,2.4
26022,26023,202952233,27.198,23003.0
26024,26025,202952234#1,8.384400000000001,661.1283653846151
26026,26027,202952237,5.364,0.2666666666666667
26028,26029,202952239,26.1774,18062.929824561405
26030,26031,202952240,21.5676,12972.823529411762
26032,26033,202952242#0,3.3732,650.25
26034,26035,202952242#1,22.8114,123458.28654970758
26036,26037,202952242#2,6.3936,1.7
26038,26039,202956896,11.185200000000002,2.333333333333334
26040,26041,202956898#1,4.581,41.33333333333333
26042,26043,202956898#2,27.3438,2.2499999999999996
26044,26045,203033959,5.355,0.8727272727272728
26046,26047,203033961,8.753400000000001,0.9523809523809524
26048,26049,203033962#1,27.9738,7.072727272727273
26050,26051,203033964,9.81,1.4545454545454546
26052,26053,203033966,7.300800000000001,0.9705882352941176
26054,26055,203033967,10.647,2.0111111111111115
26056,26057,203033975,6.5466,0.0
26058,26059,203033976,12.5586,2.1428571428571432
26062,26063,203033982#0,4.3632,0.0
26064,26065,203033982#1,8.5302,0.0
26066,26067,203033987#0,15.413400000000001,0.9166666666666666
26068,26069,203033987#1,4.5072,0.8392857142857143
26072,26073,203127018,22.1328,48.55693345987557
26074,26075,203127020#0,3.1392,232.35565923287382
26076,26077,203127020#1,5.3352,81.00366944028114
26078,26079,203127020#2,21.141,434.1626944544944
26080,26081,203127020#3,16.799400000000002,1153.3494049386181
26082,26083,203127020#4,6.391800000000001,600.915440669003
26084,26085,203127039,7.570800000000001,0.23715415019762878
26086,26087,203127050,1.9836000000000003,1376.9625668449196
26088,26089,203127052,3.5082,0.9677419354838714
26090,26091,203127053#0,6.0732,2.333333333333334
26092,26093,203127053#1,0.1656,0.0
26094,26095,203127053#2,5.8302,3.047619047619048
26096,26097,203127054,10.7712,0.606060606060606
26098,26099,203127058,9.6732,23347.79583333333
26100,26101,203132183,3.7043999999999997,0.5296248008112414
26102,26103,203132184#0,1.602,0.4724934699618246
26104,26105,203132184#1,17.784000000000002,3.269901931048428
26106,26107,203132184#2,12.8628,26.193382855478255
26108,26109,203132184#3,15.966,12.488226059654627
26110,26111,203132184#4,7.5600000000000005,3.2883878573533734
26112,26113,203132184#5,3.9816000000000003,0.3056690500510724
26114,26115,203132184#7,14.0148,5.9186046511627906
26116,26117,203133165#1,0.6245999999999999,0.0
26118,26119,203139695,15.584399999999999,4.5
26120,26121,203139698,9.4536,0.9047619047619047
26122,26123,203139699,6.1344,0.0
26124,26125,203139701,9.5472,1.333333333333333
26126,26127,203139703,12.1914,7.700000000000002
26128,26129,203139704,8.2044,0.6666666666666667
26134,26135,203139709#1,13.8294,1.0066666666666675
26136,26137,203139713#1,15.361200000000002,3.866666666666666
26138,26139,203139714#1,21.4668,3.878991596638655
26142,26143,20314044#0,18.765,13.006535947712418
26144,26145,20314044#1,6.768,0.8817733990147782
26146,26147,20314044#2,23.9274,9.596551724137935
26150,26151,203227507,108.04140000000001,22.333333333333314
26152,26153,203227508#2,146.421,435.79999999999995
26156,26157,203253180,9.5022,2.2
26158,26159,203253182,19.528200000000002,1.5833333333333341
26160,26161,203253183,26.951400000000003,9.609890109890113
26162,26163,203575316,28.6344,9.641129032258064
26164,26165,203575340,25.430400000000002,0.0
26166,26167,203621102,1.3824,0.6222222222222222
26170,26171,203621191#1,0.7415999999999999,0.3333333333333333
26172,26173,203621191#2,13.9914,2.333333333333334
26174,26175,203912072,18.8154,0.0
26176,26177,203912074,6.7860000000000005,1.066666666666667
26178,26179,203912079,12.105,0.0
26180,26181,203912080#0,7.585200000000001,4.2666666666666675
26182,26183,203912080#1,6.6240000000000006,0.5
26184,26185,203912081,12.3642,0.33333333333333304
26186,26187,203925326#1,12.393,1.8409090909090908
26188,26189,203925327,8.359200000000001,1.9447368421052629
26190,26191,203925328#1,7.394399999999999,8.757142857142858
26192,26193,203971377#0,18.3582,1.4799710424710417
26194,26195,203971377#1,6.5376,0.652429214929215
26196,26197,203971378#0,4.6764,635.4681134589758
26198,26199,203971379,1.6164,8384.10188087774
26200,26201,203971380,2.9682,1387.2863953810493
26202,26203,203971381#0,4.361400000000001,266.7601220831405
26204,26205,203976003#0,5.0472,0.30671602326811215
26206,26207,203976003#1,15.112800000000002,2.2387978142076506
26208,26209,203976003#10,15.5286,2.713492063492063
26210,26211,203976003#11,23.4342,5.482352941176473
26212,26213,203976003#12,28.5516,7.014396456256915
26214,26215,203976003#13,4.7394,0.8376856118791605
26216,26217,203976003#14,1.7748,0.4969818913480888
26218,26219,203976003#2,11.5452,1.8239348370927313
26220,26221,203976003#3,6.3306,0.7160633484162894
26222,26223,203976003#4,16.104599999999998,2.9121417797888385
26224,26225,203976003#5,6.9426000000000005,1.1896681749622926
26226,26227,203976003#6,10.764000000000001,1.4215425531914894
26228,26229,203976003#7,22.5396,4.916425120772947
26230,26231,203976003#8,17.6256,3.5052854122621575
26232,26233,203976003#9,6.0336,0.7895902547065335
26234,26235,203984392,5.1516,0.9166666666666666
26238,26239,203986892,3.7062000000000004,1.2371541501976282
26240,26241,203986894,12.754800000000001,0.6999999999999998
26242,26243,203986896,1.4922,0.5763157894736842
26244,26245,204005176,11.719800000000001,0.3333333333333335
26246,26247,204005177,10.045800000000002,2.0
26248,26249,20405617#0,13.0464,231.0
26250,26251,20405617#1,15.152399999999998,1.4102564102564106
26252,26253,20405617#3,15.5358,3.7196969696969715
26254,26255,20405617#4,9.2142,1.969696969696971
26256,26257,20405618#0,13.8636,2.5906432748538015
26258,26259,20405618#1,10.490400000000001,3.3342245989304824
26260,26261,20405619,86.72579999999999,0.6666666666666666
26262,26263,20405620,85.9338,40.5
26264,26265,20405621#0,9.613800000000001,1.5769230769230773
26266,26267,20405621#1,16.956,4.699999999999999
26268,26269,20405621#2,13.041,3.0
26270,26271,20405621#3,33.3594,1.3333333333333321
26272,26273,20405622,40.318200000000004,33.2
26274,26275,20405623#0,16.4124,6.131868131868132
26276,26277,20405623#2,21.956400000000002,0.9888888888888892
26278,26279,20405623#3,19.229400000000002,1.018181818181818
26280,26281,20405623#4,6.501600000000001,0.9821428571428571
26282,26283,20405623#5,5.8716,0.45454545454545453
26284,26285,20405623#6,5.2344,0.36363636363636365
26286,26287,20405623#7,5.0436000000000005,0.5
26288,26289,20405624#0,10.917000000000002,0.8102766798418972
26290,26291,20405624#1,16.606800000000003,2.672514619883041
26292,26293,20405624#10,19.4994,50.07692307692308
26294,26295,20405624#2,8.8416,0.9338235294117647
26296,26297,20405624#3,0.0432,0.40789473684210525
26298,26299,20405624#4,8.235000000000001,0.6947368421052632
26300,26301,20405624#5,2.4966,0.2619047619047619
26302,26303,20405624#6,1.4580000000000002,0.5415019762845851
26304,26305,20405624#7,7.470000000000001,0.8744588744588746
26306,26307,20405624#8,13.1508,1.770750988142293
26308,26309,20405624#9,13.8492,1.623333333333332
26310,26311,20405626#0,22.166999999999998,1.7777777777777781
26312,26313,20405626#1,8.1468,0.3
26314,26315,20405626#2,10.2294,0.8392857142857143
26316,26317,20405626#3,7.6644000000000005,5.583333333333333
26318,26319,20405626#4,17.4024,3.254545454545453
26320,26321,20405627,10.8216,6.918128654970761
26322,26323,20405628#0,30.221999999999998,3.8062715918150465
26324,26325,20405628#1,14.9418,2.180026869682042
26326,26327,20405628#2,2.4084000000000003,7.129014355483201
26328,26329,20405628#3,29.948400000000003,3.3075279628000476
26330,26331,20405628#4,20.4642,1.857430469074305
26332,26333,204095914#0,12.893400000000002,1.4101761602432266
26334,26335,204095914#1,8.9334,1.3622523686477181
26336,26337,204095914#2,10.296,6.065116279069764
26338,26339,204095914#3,2.5506,1.5004129537057167
26340,26341,204131033,0.0648,1.0491670052824054
26342,26343,204388143,1.0295999999999998,251.9357835668365
26344,26345,204388144#0,2.061,714.6711588364323
26346,26347,204414414,2.3346,0.564734299516908
26348,26349,204582496,5.558400000000001,0.33333333333333326
26350,26351,204588664#0,16.5438,2.6939024390243906
26352,26353,204588664#1,15.442200000000001,1.9354354354354355
26354,26355,204588664#2,14.0472,3.6181818181818177
26356,26357,204689829,3.0294000000000003,0.0
26358,26359,205106791,13.9266,0.33333333333333304
26360,26361,205141818,7.8354,0.0
26362,26363,205182378#0,4.8636,0.9859408702840243
26364,26365,205182378#1,2.1222000000000003,0.3171313279530445
26366,26367,205182378#2,19.4652,1.6751014322375326
26368,26369,205182378#3,8.6652,105.81199461748331
26370,26371,205182378#4,13.7124,5235.6982837144615
26372,26373,205182378#5,12.5424,13947.627257397744
26374,26375,205182378#6,7.0488,8467.229141577682
26376,26377,205182378#7,5.0796,5327.238967997554
26378,26379,205182378#8,2.8602,2528.2527887466276
26380,26381,205182378#9,4.8942,7098.383828649245
26382,26383,205802903#0,69.831,6.571428571428571
26384,26385,205802903#1,0.774,0.33333333333333337
26386,26387,205802904,39.303000000000004,9.60504201680672
26388,26389,20588622,33.3936,12.5
26390,26391,20588624#0,36.072,13433.883152325257
26392,26393,20588624#1,12.7764,35852.50533498758
26394,26395,20588624#2,12.267000000000001,141410.03407043405
26396,26397,20588627,28.5534,22826.035087719298
26398,26399,20588629#0,35.7012,314.0286214223222
26400,26401,20588629#1,14.4036,64242.86781179984
26402,26403,20588630,69.561,0.0
26404,26405,20588633,25.1154,8.696969696969699
26406,26407,20588635#1,4.4910000000000005,3.7777777777777777
26408,26409,20588635#2,10.864799999999999,2.2045454545454546
26410,26411,20588635#3,33.400800000000004,94.23333333333333
26412,26413,20588639#0,21.9744,6.844444444444445
26414,26415,20588639#1,26.974800000000002,18.916666666666668
26416,26417,20588641#0,18.0666,3086.597013707571
26418,26419,20588641#1,1.4849999999999999,54.13540596477122
26420,26421,20588641#10,8.722800000000001,75866.43626904495
26422,26423,20588641#2,5.9634,907.6145609023657
26424,26425,20588641#3,4.1292,732.018670723216
26426,26427,20588641#5,12.8898,5741.95691565121
26428,26429,20588641#6,8.4636,11283.418583560062
26430,26431,20588641#7,0.6966,42.870244919228725
26432,26433,20588641#8,1.7334,3007.80526894302
26434,26435,20588641#9,11.138399999999999,90232.73796296296
26438,26439,206290971,14.761800000000001,1.333333333333333
26440,26441,206290972,24.4008,4.916666666666667
26442,26443,206406053#0,25.803,11.58333333333333
26444,26445,206406053#1,57.162600000000005,15.583333333333337
26446,26447,206411593#0,44.01,8.95889783362786
26448,26449,206411593#1,11.6226,1.3821403848816285
26450,26451,206411595#0,9.5418,0.8409090909090907
26452,26453,206411595#1,21.4128,4.309236947791162
26454,26455,206411597#0,28.6686,4.271947935845725
26456,26457,206411597#1,25.1172,4.2796845870912525
26458,26459,206411601#0,0.7956,0.0
26460,26461,206411601#1,3.1482,0.26785714285714285
26462,26463,206411605#0,3.2616,0.6287878787878788
26464,26465,206411605#1,0.27,0.14285714285714285
26466,26467,206411605#2,12.33,2.0
26468,26469,206411605#3,17.361,3.7666666666666666
26470,26471,206411605#4,6.3936,1.1
26472,26473,206411605#5,2.8332,0.0
26474,26475,206411605#6,0.2016,0.0
26476,26477,206411605#7,30.9348,5.238095238095237
26478,26479,206411608,15.057,3.982142857142857
26480,26481,206413855,0.24300000000000002,1.0277777777777777
26482,26483,206413856,1.8845999999999998,0.8727272727272728
26486,26487,206413857#1,15.368400000000001,6.0
26488,26489,206413858#0,6.6276,1.5378787878787876
26490,26491,206413858#1,18.8874,3.357142857142857
26492,26493,206538518#0,1.2888,0.0
26494,26495,206538518#1,13.042800000000002,0.0
26498,26499,206567929,10.864799999999999,0.33333333333333304
26500,26501,206567930,10.634400000000001,2.0
26502,26503,206567931,31.3218,1.3666666666666665
26504,26505,206567932,8.2584,2.267857142857143
26506,26507,206567933,8.3718,0.0
26508,26509,206567934,8.559,2.2
26510,26511,206567935,8.542800000000002,2.0000000000000004
26512,26513,206567936#0,7.718400000000001,1.6327742837176804
26514,26515,206567936#1,0.5184,0.49468085106382986
26516,26517,206567936#10,0.8928,0.33333333333333337
26518,26519,206567936#11,0.5147999999999999,0.3333333333333333
26520,26521,206567936#12,22.9986,0.0
26522,26523,206567936#13,35.748,21.0
26524,26525,206567936#2,1.4562000000000002,0.8067375886524822
26526,26527,206567936#3,0.5147999999999999,0.5634057971014493
26528,26529,206567936#4,1.1178000000000001,0.4078947368421054
26530,26531,206567936#5,0.747,0.696969696969697
26532,26533,206567936#6,1.0062000000000002,1.090909090909091
26534,26535,206567936#7,20.547,0.5
26538,26539,206567936#9,1.0782,0.0
26540,26541,207091116#0,1.2744,310.7878674277924
26542,26543,207091132#0,0.7794,0.18243828447216257
26544,26545,207091132#1,10.265400000000001,0.6782954561187867
26546,26547,207091132#3,6.6474,0.7073717466641117
26548,26549,207091132#4,13.5738,7.068409741569367
26550,26551,207091134#1,6.5466,2.285714285714285
26552,26553,207218464,17.19,5.5
26554,26555,207218465#0,6.579,60373.1619047619
26556,26557,207218465#1,1.6956,2.0444444444444443
26558,26559,207218465#2,12.535200000000001,6.333333333333334
26560,26561,207221842,15.822,4.5
26562,26563,207789884#0,19.767599999999998,0.3333333333333335
26564,26565,207789884#1,33.742799999999995,4.249999999999997
26566,26567,207789884#2,21.771,3.0000000000000004
26568,26569,208010459#0,3.555,0.406084656084656
26570,26571,208010459#1,7.666200000000001,689.1301587301589
26572,26573,208010462,22.0464,0.9999999999999991
26574,26575,208117071#0,11.1816,0.33333333333333304
26576,26577,208117071#1,3.8358,2.3333333333333335
26578,26579,208445147,9.739799999999999,0.75
26580,26581,208882309,0.0648,0.0
26582,26583,208882310,6.6726,0.2857142857142857
26584,26585,209144149#0,8.9388,75.29850746268656
26586,26587,20975939#0,32.9904,74.68371212121212
26588,26589,20975939#1,37.3716,143017.15841013822
26590,26591,20975942#0,22.5684,38.755948981534374
26592,26593,20975942#1,16.2234,2.2674704724409445
26594,26595,20975942#2,4.9878,300.7716324399581
26596,26597,20975942#3,7.5329999999999995,6709.806066395989
26598,26599,20975943#0,12.1014,1.7882352941176487
26600,26601,20975943#1,0.8856,0.37115384615384617
26602,26603,20975943#2,5.0976,0.6120984278879013
26604,26605,20975943#3,10.71,223.5264241592313
26606,26607,20975943#4,20.005200000000002,8.135524054982817
26608,26609,20975943#5,27.9036,35494.04048181389
26610,26611,20975946#0,2.475,1.638095238095238
26612,26613,20975946#1,3.7854000000000005,22552.61538461538
26614,26615,20975948#0,5.9526,5694.12304409673
26616,26617,20975948#1,20.4066,456.1169937060347
26618,26619,20975948#2,30.859199999999998,5556.169122807017
26620,26621,20975950#0,4.473,2318.0654863762006
26622,26623,20975950#1,20.185200000000002,943.2216884008235
26624,26625,20975952#0,21.8952,931.64011676397
26626,26627,20975952#1,19.6416,49722.13779983457
26628,26629,20975954#0,22.325400000000002,1.7316017316017314
26630,26631,20975954#1,16.4394,4430.9302413273
26632,26633,210464672,3.4182,0.24999999999999992
26634,26635,210464673#1,9.4734,17.333333333333336
26636,26637,21224499#0,16.8642,1.224891329215282
26638,26639,21224499#1,11.735999999999999,1.3072829131652661
26640,26641,21224502,0.2286,0.002915451895043722
26642,26643,21224504#0,3.0042,0.5542328042328042
26644,26645,21224504#1,14.3352,2.1160919540229886
26646,26647,21224504#2,11.6964,2.99264705882353
26648,26649,21224504#3,16.3548,5.290909090909091
26650,26651,21224504#4,36.873,3.3333333333333335
26652,26653,21224508,25.3548,0.19999999999999973
26654,26655,21224509#0,18.8316,5.23076923076923
26656,26657,21224509#2,45.482400000000005,40.5
26658,26659,21224509#3,17.893800000000002,4.333333333333332
26660,26661,21224509#4,64.15020000000001,25.071428571428573
26662,26663,21224509#5,12.285,0.8392857142857142
26664,26665,21224509#6,14.4648,1.9102564102564108
26666,26667,213233768,10.557,84.25
26668,26669,213233771#1,6.0372,1.2339901477832511
26670,26671,213233773,3.6846000000000005,8.952380952380949
26672,26673,213233776,29.586600000000004,8.812865497076025
26674,26675,213233779#0,37.2438,15.428571428571427
26676,26677,213252669,24.2316,1.3333333333333321
26678,26679,213252671#0,2.8908,0.3070905070861577
26680,26681,213252671#1,2.1582000000000003,0.2254906643508469
26682,26683,213252672#0,17.478,0.0
26684,26685,213252672#1,2.9178,0.5277777777777777
26686,26687,213252672#2,5.6178,470.57894736842104
26688,26689,213252673#0,10.2762,0.9166666666666669
26698,26699,213252676#0,0.6894,109.28571428571429
26700,26701,213252676#1,17.4618,7.0
26702,26703,213286562,18.8442,0.0
26704,26705,213286564#0,1.6182,0.5
26706,26707,213286567#1,4.2822000000000005,13.0
26708,26709,213286578,5.8572,0.2777777777777778
26710,26711,213286584#1,0.12060000000000001,29.77183600713012
26712,26713,213286584#2,24.3612,1.333333333333334
26714,26715,213286587,4.8132,0.0
26716,26717,213286589#1,5.652,0.0
26718,26719,213286589#3,11.372399999999999,0.25
26720,26721,213286589#4,9.8226,0.5
26722,26723,213286595#0,44.4564,11.066666666666668
26724,26725,213286595#1,0.3978,0.33333333333333326
26726,26727,213286595#2,58.9338,12.5
26728,26729,213286595#3,4.888800000000001,1.0
26730,26731,213286595#4,0.0432,0.3333333333333333
26732,26733,213286595#5,18.3762,0.33333333333333304
26734,26735,213328560#0,2.9646,1.0126436781609196
26736,26737,213328560#2,0.0648,0.19117647058823528
26738,26739,213328560#4,1.062,4.166666666666667
26740,26741,213328563#2,21.509999999999998,4.919913419913418
26742,26743,213328563#3,3.69,2.1250000000000004
26744,26745,213328570#0,13.9626,218.26785714285714
26746,26747,213328570#2,0.0648,43.99999999999999
26748,26749,213328578,6.3324,2.1636363636363636
26750,26751,213328603#0,7.1586,0.7309941520467835
26752,26753,213328603#1,0.6642,0.36764705882352944
26754,26755,213328603#2,1.2114,0.6727272727272727
26756,26757,213328605,14.157,0.0
26758,26759,213350768,2.7414,12.333333333333332
26760,26761,213350772,2.7414,1.8666666666666671
26762,26763,213350773#0,12.4452,0.5
26764,26765,213350773#1,0.13319999999999999,235.7
26766,26767,213350775#0,15.0408,49.666666666666664
26768,26769,213530792#0,0.0648,0.19444444444444445
26770,26771,213530792#1,3.9924,0.5714285714285713
26772,26773,213842019,4.946400000000001,2.3
26774,26775,213842020,3.5442,0.0
26776,26777,213842021#1,4.7682,9.999999999999998
26778,26779,213842021#2,1.7676,1.0499999999999998
26780,26781,213842022#1,3.8628,0.0
26782,26783,213842022#2,1.1682000000000001,0.0
26784,26785,215332293,8.262,0.966666666666667
26786,26787,215333129#0,0.28800000000000003,0.31428571428571433
26788,26789,215333129#1,0.5886,0.2254901960784314
26790,26791,215333129#2,8.857800000000001,1.2184615384615385
26792,26793,215333129#3,7.131600000000001,2.267857142857143
26794,26795,215333131#1,1.7316,1.5714285714285714
26796,26797,215333131#2,23.9274,0.0
26798,26799,215333450,19.434600000000003,2.9166666666666665
26800,26801,215333452,17.090999999999998,4.250000000000001
26802,26803,215335392#1,0.9684,32.0
26804,26805,215335393#0,0.0522,0.0
26806,26807,215335393#1,33.5844,0.0
26808,26809,215335395#1,1.2204000000000002,4.0
26810,26811,215336394#0,0.0648,8.0
26812,26813,215336394#1,4.6296,1.0
26814,26815,215336394#2,7.662599999999999,0.33333333333333326
26816,26817,215336395,0.29700000000000004,0.7400000000000002
26820,26821,215336398#0,5.9058,1.4545454545454546
26822,26823,215336398#1,10.787400000000002,1.7166666666666666
26824,26825,215336398#2,0.0648,0.19444444444444442
26826,26827,215337378,9.1656,2.9166666666666665
26828,26829,215337380,3.9941999999999998,6.7
26830,26831,215337579,0.5237999999999999,2.0
26834,26835,215337585,21.3318,4.199999999999999
26836,26837,215814551,20.6676,0.33333333333333304
26838,26839,215826160#0,64.8396,40.5
26840,26841,215826160#1,11.4534,16.666666666666668
26842,26843,215826160#2,11.6226,7.333333333333333
26844,26845,215826167#0,7.1892000000000005,0.0
26846,26847,215826167#1,7.360200000000001,0.0
26848,26849,215826167#2,0.0252,1.0
26850,26851,215827705,47.5056,6.333333333333329
26854,26855,215843766#1,107.74080000000001,0.0
26856,26857,216169409#1,0.1062,3.142857142857143
26858,26859,216169409#2,3.6558,1.0545454545454545
26860,26861,216187660,6.827400000000001,2.2666666666666666
26864,26865,217170171,10.3122,0.25
26866,26867,217170172#0,51.102000000000004,0.0
26868,26869,217170172#1,13.3902,0.5
26870,26871,217272032,15.199200000000001,4.495833333333333
26872,26873,217272033,16.630200000000002,2.0
26874,26875,217272034,13.435200000000002,2.7000000000000006
26878,26879,217272036#1,35.550000000000004,2.333333333333335
26880,26881,217389701,11.781,3.0
26884,26885,217450843,1.9062,0.0
26886,26887,217450845#0,12.2868,1.928571428571429
26888,26889,217450845#1,0.20700000000000002,0.125
26890,26891,217450845#2,0.8802,0.5
26892,26893,217450846,5.8500000000000005,4.300000000000001
26894,26895,217450847,7.6698,0.8000000000000003
26896,26897,217450850#0,0.3438,0.42857142857142855
26898,26899,217450852,13.228200000000001,0.0
26902,26903,217477084,24.008399999999998,12.25
26904,26905,217477085,12.4344,5.714285714285714
26906,26907,217652169,12.482999999999999,0.16666666666666657
26908,26909,217652170,22.861800000000002,11.583333333333337
26910,26911,217892499,10.609200000000001,0.5
26912,26913,217968254#0,38.9754,35.0
26914,26915,218006062,3.1338000000000004,0.0
26916,26917,218006063#0,31.005000000000003,9.071428571428575
26918,26919,218006063#1,10.553400000000002,4.571428571428572
26920,26921,218647947#0,4.3416,0.6002844950213372
26922,26923,218647947#1,30.373199999999997,6.831313131313129
26924,26925,218647954,47.214,0.0
26926,26927,218647958,7.5294,0.0
26928,26929,219423250,6.6924,1.5666666666666667
26930,26931,219559054,7.9452,1.0
26932,26933,21966646#0,12.2508,3811.995384615385
26934,26935,21966646#1,50.7258,8.25
26936,26937,21966647#0,14.601600000000001,1.8128654970760232
26938,26939,21966647#1,10.8954,1.2352941176470595
26940,26941,21966647#2,0.36000000000000004,0.36928104575163406
26942,26943,21966647#3,8.4402,0.75
26944,26945,21966647#4,3.5226,0.0
26946,26947,21966647#5,35.5482,6.916666666666668
26948,26949,21966647#6,6.930000000000001,0.8095238095238093
26950,26951,21966647#7,51.0444,26.923076923076934
26952,26953,21966648,41.6034,18.0
26954,26955,219693895,13.0464,0.0
26958,26959,220012723,3.546,58.59297520661158
26960,26961,220013328,13.825800000000001,2.1876899966901773
26962,26963,220064167,28.873800000000003,1.6666666666666667
26964,26965,220275307,9.9558,3.7
26966,26967,220351054,12.6774,0.0
26968,26969,220654221,6.4386,2.7
26970,26971,220654222,7.3296,1.4666666666666668
26972,26973,220658739,14.0562,3.583333333333332
26974,26975,220658740,3.3336,0.30000000000000004
26976,26977,220658741,15.5034,0.0
26978,26979,220752851,27.5076,6.666666666666667
26980,26981,221722604#1,163.8342,2.0
26982,26983,223105086,0.5436,2028.7045454545453
26984,26985,224251774#0,4.381200000000001,1.618063567469741
26986,26987,224251774#1,11.9448,29.58422440156068
26988,26989,22486112#0,3.213,0.0
26990,26991,22486112#1,8.8038,0.3333333333333333
26992,26993,22486112#2,9.6552,0.6815789473684212
26994,26995,22486112#3,14.3442,1.3888888888888888
26996,26997,22486112#5,8.118,0.9782608695652178
26998,26999,22486112#6,15.661800000000001,2.075384615384615
27000,27001,22486115#0,10.8252,2.3333333333333326
27002,27003,22486115#1,11.3832,0.9821428571428578
27004,27005,22486115#2,40.181400000000004,10.696428571428571
27006,27007,22486116#1,14.5908,1.7748917748917743
27008,27009,22486116#2,17.901,1.490028490028489
27010,27011,22486118#0,25.956,4.666666666666669
27012,27013,22486118#1,8.1828,0.931818181818182
27014,27015,22486118#2,3.321,0.27695560253699814
27016,27017,22486118#3,12.384,1.673913043478261
27018,27019,22486118#4,17.674200000000003,68.20645161290322
27020,27021,22486119#0,35.9568,3.499999999999999
27022,27023,22486119#1,12.2508,1.6428571428571426
27024,27025,22486119#2,12.204,1.1800356506238867
27026,27027,22486120#0,12.168,1.1640211640211644
27028,27029,22486120#1,17.505,31.93678160919541
27030,27031,22486120#2,12.618,0.3333333333333335
27032,27033,22486121#0,15.813,1.6
27034,27035,22486121#1,12.391200000000001,3.2380952380952372
27036,27037,22486121#2,14.806800000000003,2.0
27038,27039,22486123,39.0474,5.9
27040,27041,22486124,45.0342,16.01111111111111
27042,27043,22486126#0,6.949800000000001,0.41830065359477125
27044,27045,22486126#1,7.2540000000000004,0.38333333333333336
27046,27047,22486126#2,39.5658,5.344444444444446
27048,27049,22486127#1,10.728,115.46670514392908
27050,27051,22486127#10,5.6574,0.8078078078078079
27052,27053,22486127#11,4.581,0.726153846153846
27054,27055,22486127#12,13.8438,1.3315217391304348
27056,27057,22486127#2,2.565,0.34042101689160525
27058,27059,22486127#3,12.5244,1.1470483005366725
27060,27061,22486127#4,11.2896,1.3668291463567064
27062,27063,22486127#5,0.9036000000000001,0.7809032258064514
27064,27065,22486127#7,4.8149999999999995,0.34028334669874355
27066,27067,22486127#8,10.2762,0.9841549295774642
27068,27069,22486127#9,6.3792,0.7389233954451347
27070,27071,22486129#0,19.7406,0.9705882352941183
27072,27073,22486129#1,14.6322,0.28571428571428575
27074,27075,22486129#2,15.483600000000001,2.0
27078,27079,224892361#0,0.0252,0.10473602484472051
27080,27081,224892361#1,4.5396,0.194811320754717
27082,27083,224892361#2,6.368399999999999,0.8650306748466258
27084,27085,224892361#3,8.8344,0.6228683254123563
27086,27087,224892361#4,8.424,0.43778932451582436
27088,27089,224892361#5,0.8496,0.1905054322153992
27090,27091,224892361#6,3.7836,0.246008502598016
27092,27093,224892361#7,5.0687999999999995,0.2615021256495041
27094,27095,224892361#8,15.4944,743.5002217294901
27098,27099,224958870,5.814,0.0
27100,27101,224958871#0,12.0924,9.194444444444445
27102,27103,224958871#1,0.9810000000000001,95.58333333333333
27104,27105,224999403,5.8914,0.7904761904761906
27106,27107,224999404,0.0648,1.142857142857143
27108,27109,224999405,0.0648,1.272727272727273
27110,27111,225488970,6.507000000000001,283.3065539112051
27112,27113,225488971#1,14.8086,1.3529411764705879
27114,27115,225488971#2,3.9906,0.4000698812019567
27116,27117,225488971#3,2.9772,0.38149350649350633
27118,27119,225488971#4,3.825,0.4370748299319729
27120,27121,225491672,7.9506,1.8095238095238102
27122,27123,225491673,8.508600000000001,6.7
27124,27125,225491674,7.464600000000001,2.0
27126,27127,225491675,7.1586,2.2666666666666666
27128,27129,225491676,6.4692,0.0
27130,27131,225491677,4.7916,0.2999999999999999
27132,27133,225491678,5.7168,0.33333333333333337
27134,27135,225491679,6.1254,0.5666666666666667
27136,27137,225491680,5.8734,3.0
27138,27139,225856329,18.502200000000002,0.857142857142857
27140,27141,225856330,38.6604,12.5
27142,27143,22603930#0,11.5578,1.2857142857142854
27144,27145,22603930#1,27.0,0.5
27146,27147,22603931,12.715200000000001,2.5
27148,27149,22603932#0,11.1258,0.9641909814323611
27150,27151,22603932#1,15.2388,6.792990792990794
27154,27155,22603934#0,9.345600000000001,0.6666666666666664
27156,27157,22603934#1,26.2062,5.51111111111111
27158,27159,22603934#2,12.8358,2.5
27162,27163,22603937#0,23.7366,3.867647058823532
27164,27165,22603937#1,21.3228,2.147058823529412
27166,27167,22603937#2,1.8108,0.32916666666666666
27168,27169,22603937#3,41.1876,7.749999999999997
27170,27171,22603937#4,15.1344,1.5256410256410262
27172,27173,22603937#5,27.682199999999998,1.7307692307692297
27174,27175,22603938#0,12.375,1.527777777777778
27176,27177,22603938#1,14.453999999999999,2.1111111111111103
27178,27179,22603939#0,35.1054,6.3625730994152025
27180,27181,22603939#1,15.186599999999999,1.0624999999999996
27182,27183,22603940#0,31.5576,6.333333333333336
27184,27185,22603940#1,43.1028,8.0
27186,27187,22603940#2,4.3632,1.7500000000000002
27188,27189,22603941#0,14.112,1.5999999999999996
27190,27191,22603941#1,3.1986,0.9166666666666666
27192,27193,22603941#2,11.4534,1.5999999999999996
27194,27195,22603941#3,12.2238,0.6025641025641025
27196,27197,22603942,33.595200000000006,0.0
27198,27199,22603943#0,14.5206,1.666666666666667
27200,27201,22603943#1,15.5196,2.8000000000000003
27202,27203,22603944#0,1.1466,0.2740283359406529
27204,27205,22603944#1,2.4498,0.4820901727900473
27206,27207,22603945#0,0.2754,0.30454159592529706
27208,27209,22603945#1,18.8352,4.333497909877882
27210,27211,226665980,43.659,0.0
27212,27213,226665981#0,51.471,17.264901888189563
27214,27215,226665981#1,56.2014,22.07279279279279
27216,27217,226665982#0,38.1654,0.0
27220,27221,226665982#10,37.321200000000005,0.5
27226,27227,226665982#13,53.5824,0.0
27228,27229,226665982#2,37.5966,19.749999999999996
27230,27231,226665982#3,137.3076,0.0
27236,27237,226665982#6,86.3712,128.0
27238,27239,226665982#7,32.7816,18.0
27242,27243,226665982#9,37.8558,12.5
27244,27245,226665983#0,7.1514,0.5
27248,27249,226665983#2,19.954800000000002,18.0
27250,27251,226665984#0,45.1368,4.027777777777778
27252,27253,226665984#1,112.2372,17.33333333333333
27254,27255,226665984#2,43.5276,4.5
27256,27257,226665985#0,20.2734,6.666666666666667
27258,27259,226665985#1,107.5014,128.66666666666666
27260,27261,226665985#2,47.1168,0.0
27262,27263,226665986#1,56.547,25.151515151515138
27264,27265,226665986#2,0.0774,0.14285714285714288
27266,27267,226665986#3,56.1978,12.0
27268,27269,226665987#1,54.3132,22.23384615384613
27270,27271,226665987#2,53.364599999999996,11.604395604395602
27272,27273,226665987#3,30.664800000000003,4.285714285714287
27274,27275,226665987#4,61.102799999999995,0.0
27276,27277,226665988#0,5.3064,0.0
27280,27281,226665989#0,29.593799999999998,18.0
27284,27285,226665989#2,42.417,0.0
27288,27289,226665989#4,40.8168,40.5
27292,27293,226665990#0,76.1382,25.384236453201975
27294,27295,226665990#1,42.8274,12.421052631578945
27296,27297,226665990#2,41.148,11.838095238095235
27298,27299,226665990#3,73.3086,22.77777777777778
27300,27301,226665990#4,32.724000000000004,7.809523809523809
27302,27303,226665990#5,44.1738,10.91666666666667
27304,27305,22690205#0,22.7358,163.08360360360362
27306,27307,22690205#2,5.824800000000001,0.7007597895967271
27308,27309,22690205#3,29.035800000000002,2.66384778012685
27310,27311,22690206#0,13.8582,2.3999999999999995
27312,27313,22690206#1,28.009800000000002,4.999999999999999
27314,27315,22690206#2,2.8458,0.25000000000000006
27316,27317,22716069#0,16.056,1.3616138763197598
27318,27319,22716069#1,16.3854,53.22204806687564
27320,27321,22716069#2,22.0032,35167.764646464646
27322,27323,22716072#1,57.8628,24.904411764705888
27324,27325,22716072#2,9.484200000000001,1.414285714285714
27326,27327,22716072#3,2.1564,0.24761904761904768
27328,27329,22716072#4,9.9252,313.8095238095238
27330,27331,22716072#5,0.07919999999999999,0.9666666666666666
27332,27333,22716073,17.8614,4.247619047619049
27334,27335,22716549#1,11.997,37.961915535444945
27336,27337,22716549#2,5.3424000000000005,0.3699788583509513
27338,27339,22716549#3,12.5262,0.89203778677463
27340,27341,22716549#4,3.1302000000000003,0.3325396825396825
27342,27343,22716549#5,3.24,0.25123152709359575
27344,27345,22716549#6,10.341000000000001,0.6584615384615384
27346,27347,22724699#0,4.192200000000001,25.509513742071878
27348,27349,22724699#1,5.369400000000001,0.20930232558139542
27350,27351,22724699#10,1.9422,0.17142857142857146
27352,27353,22724699#11,2.0682,0.33516483516483525
27354,27355,22724699#12,4.0392,0.30769230769230765
27356,27357,22724699#2,9.6804,0.6858304297328688
27358,27359,22724699#3,7.38,0.5585585585585587
27360,27361,22724699#4,5.4756,1.1362433862433863
27362,27363,22724699#5,1.9620000000000002,0.23188405797101447
27364,27365,22724699#6,9.342,0.6666666666666667
27366,27367,22724699#7,6.0047999999999995,0.3619047619047619
27368,27369,22724699#8,4.3326,0.4705882352941173
27370,27371,22724699#9,2.835,0.2625
27372,27373,22727412#0,0.0252,0.1352946436555485
27374,27375,22727412#1,2.1258000000000004,0.25062595010283467
27376,27377,22879845,29.638800000000003,0.0
27378,27379,229018941,5.0976,75.76753407682776
27380,27381,229019260#0,2.2572,0.33333333333333326
27384,27385,229019341,0.036000000000000004,0.0
27386,27387,229399961,8.4762,0.4761904761904761
27388,27389,23009002#0,24.12,83056.84503774851
27390,27391,23009002#0.132,3.5046000000000004,18039.453896890573
27392,27393,23009600#1,3.8898,8576.261595911948
27394,27395,23009600#2,1.6074000000000002,2409.4626342989263
27396,27397,230450339#0,13.05,3.066666666666666
27398,27399,230450339#1,12.2562,0.0
27400,27401,230450343#0,13.014000000000001,1.5277777777777783
27402,27403,230450343#1,13.0266,0.8095238095238096
27404,27405,230450345#0,13.004999999999999,1.333333333333333
27406,27407,230450345#1,13.118400000000001,0.0
27410,27411,230450347#1,12.9114,0.5
27412,27413,230450350#0,0.0522,0.2473544973544973
27414,27415,230450350#10,6.114599999999999,1.0
27416,27417,230450350#13,6.7860000000000005,0.0
27420,27421,230450350#15,7.4358,0.5
27422,27423,230450350#16,10.71,0.0
27424,27425,230450350#18,0.0648,4.5
27426,27427,230450350#19,0.3924,0.5
27428,27429,230450350#2,0.7776,0.20467836257309946
27430,27431,230450350#20,0.0648,5.476190476190477
27432,27433,230450350#21,0.057600000000000005,0.6190476190476191
27434,27435,230450350#22,0.48600000000000004,0.5714285714285714
27436,27437,230450350#23,0.81,0.26785714285714285
27438,27439,230450350#3,0.081,0.590643274853801
27440,27441,230450350#4,0.0648,0.16249999999999998
27442,27443,230450350#5,0.8874,0.2727272727272727
27444,27445,230450350#6,0.3492,0.33333333333333337
27448,27449,230450350#9,2.2734,1.2000000000000002
27452,27453,230450353#1,7.504199999999999,1.333333333333333
27454,27455,230450353#2,12.830400000000001,7.0
27456,27457,230450354#0,12.3894,1.333333333333333
27458,27459,230450354#1,7.128,0.0
27460,27461,230450354#2,1.3338,0.9999999999999999
27464,27465,230450355#1,7.426800000000001,2.6909090909090905
27466,27467,230450355#2,12.927600000000002,0.5444444444444443
27468,27469,230450356#0,19.7802,0.0
27470,27471,230450356#1,7.4628,0.9166666666666666
27472,27473,230450356#2,12.884400000000001,2.266666666666667
27476,27477,230450357#1,14.2794,0.0
27478,27479,230450360#0,0.0648,0.7
27480,27481,230450360#1,0.6318,1.2678571428571426
27482,27483,230450360#2,0.657,0.23809523809523805
27484,27485,230450360#3,0.1296,0.6850574712643678
27486,27487,230450360#4,0.0648,0.8712121212121213
27490,27491,230450361#1,7.354800000000001,0.0
27492,27493,230450361#2,1.0872,0.0
27494,27495,230450361#3,12.0456,0.0
27496,27497,230450364#0,0.5562,0.35238095238095235
27498,27499,230450364#1,7.417800000000001,3.0952380952380953
27500,27501,230450364#2,7.3782000000000005,0.19444444444444467
27502,27503,230450364#3,31.8762,2.142857142857143
27504,27505,230450366#0,2.3634,0.40441176470588236
27506,27507,230450366#1,0.5706,0.7291666666666667
27508,27509,230450366#2,0.0648,2.527777777777777
27510,27511,230450366#3,0.2142,0.23809523809523805
27512,27513,230450366#4,0.6966,0.12500000000000008
27514,27515,230450366#5,0.5472,0.3
27516,27517,230450366#6,0.3276,0.0
27518,27519,23059971,98.676,78.3611111111111
27520,27521,23101640#0,26.8632,8.839285714285715
27522,27523,23101640#1,8.116200000000001,1.4560439560439558
27524,27525,23101640#2,6.8724,1.0436507936507942
27526,27527,23101656#0,142.81740000000002,186458.6384142174
27528,27529,23101656#1,0.369,9415.49484029484
27530,27531,23101685#1,0.6462,0.40711175616835976
27532,27533,23101685#10,7.2666,487.9821428571428
27534,27535,23101685#2,5.9058,219.64000000000004
27536,27537,23101685#4,2.2752,0.3584637268847796
27538,27539,23101685#5,0.7074,0.17417417417417413
27540,27541,23101685#6,1.6488,0.37478991596638656
27542,27543,23101685#7,2.52,0.3517786561264822
27544,27545,23101685#8,35.757,6.471052631578948
27546,27547,23101685#9,6.028200000000001,0.6666666666666666
27548,27549,23125141,5.1857999999999995,0.2775761201430378
27550,27551,23125142,15.942599999999999,1.2551418227025366
27552,27553,23128480#2,6.0462,0.6045751633986928
27554,27555,23128564#0,0.0162,9.566028482504947
27556,27557,23128564#1,0.7956,0.08538280230254201
27558,27559,23128564#2,26.2044,2.170294591266456
27560,27561,231526849#1,0.0648,0.33333333333333326
27564,27565,231526851,208.098,193.1111111111111
27566,27567,231526852#1,0.12240000000000001,0.0
27568,27569,231526854#1,0.0648,0.0
27570,27571,231526855#1,0.0648,0.20000000000000004
27576,27577,231526859#2,0.2718,2.0
27578,27579,231526860#0,6.3252,0.0
27580,27581,231526860#1,17.6706,0.0
27582,27583,231526860#2,10.4022,0.5
27584,27585,231526860#3,0.5346,0.0
27586,27587,23166741#1,6.039,0.34215147027713155
27588,27589,23166741#2,10.1106,0.6660285083583312
27590,27591,23166741#3,6.3648,35.65711138745779
27592,27593,23166741#5,20.1636,287.53763591363196
27594,27595,23183627#2,86.967,57.0
27596,27597,23183634#0,45.5634,25.400000000000016
27598,27599,23183634#1,23.2128,10.553571428571427
27600,27601,23183634#2,27.8676,8.238095238095239
27602,27603,23183634#3,81.57600000000001,9.333333333333332
27604,27605,23183635,62.254799999999996,59.86666666666665
27606,27607,23183649#0,8.8398,0.38228070175438605
27608,27609,23184252#0,3.9672000000000005,4742.744656325134
27610,27611,23184252#1,1.1916,1490.158959918321
27612,27613,23184252#2,9.1242,4211.234520123839
27614,27615,23184252#3,4.7988,330.3045444618353
27616,27617,23184274#1,6.2442,9582.416099991453
27618,27619,23184274#2,7.466399999999999,5493.0021905552485
27620,27621,23184274#3,15.539399999999999,127457.02529107186
27622,27623,23184274#4,1.9314,10995.570190699238
27624,27625,23184317,9.828,59699.24321635815
27626,27627,231966468#0,29.593799999999998,3.000000000000001
27628,27629,231966468#1,26.4492,2.25
27630,27631,231966468#2,6.1092,0.0
27632,27633,23202117#0,22.0212,0.9666666666666662
27634,27635,23202117#1,29.4372,7.766666666666666
27638,27639,23202186#1,15.156,0.0
27640,27641,23202186#2,19.8576,1.5833333333333333
27642,27643,23202186#3,25.614,3.807692307692308
27644,27645,23202186#4,13.239,4.5
27646,27647,23202195#0,58.276799999999994,6.3333333333333375
27648,27649,23202195#1,22.312800000000003,2.0000000000000004
27650,27651,23206058#0,13.0104,1.946727549467275
27652,27653,23206058#1,24.4908,7.5522648083623745
27654,27655,23206058#2,11.0574,1.231863442389758
27656,27657,23206058#4,12.366,1.333333333333333
27658,27659,23206109,32.364000000000004,3.0
27660,27661,23206111#0,21.1158,1.502631578947368
27662,27663,23206111#1,7.506,1.3131578947368425
27664,27665,23206111#2,4.6044,0.23076923076923078
27666,27667,23206114#1,14.1552,1.3341176470588234
27668,27669,23206120,46.899,5.950604838709677
27670,27671,23206153,28.7262,5.655555555555555
27674,27675,23206325#1,13.467600000000001,2.5535714285714284
27676,27677,23206325#2,6.0552,1.0000000000000002
27678,27679,23206325#3,6.3,0.4761904761904761
27680,27681,23206325#5,1.6686,0.6190476190476192
27682,27683,23206325#6,4.505400000000001,0.3333333333333334
27684,27685,23206339#1,13.1076,0.0
27686,27687,23258631#0,3.8196,0.18678665496049157
27688,27689,23258631#1,5.1894,0.3880597014925372
27690,27691,23258631#10,1.7694,0.34408033826638457
27692,27693,23258631#12,1.377,0.3699788583509514
27694,27695,23258631#14,4.4712000000000005,0.3333333333333333
27696,27697,23258631#15,6.5322000000000005,0.3333333333333335
27698,27699,23258631#16,9.405,0.24999999999999992
27700,27701,23258631#18,6.939,0.0
27702,27703,23258631#4,6.7572,0.475541579315164
27704,27705,23258631#5,7.628400000000001,0.33960784313725495
27706,27707,23258631#8,2.25,0.5341176470588235
27708,27709,23291881,3.1284,0.6250000000000002
27710,27711,23291898#0,46.5534,11.083868992959909
27712,27713,23291898#1,8.352,0.8156206415620632
27714,27715,23291898#2,16.38,2.066084742680487
27716,27717,23291898#3,3.4632,0.37051098639081476
27718,27719,23291898#4,10.355400000000001,1.485718902759261
27720,27721,23291898#5,12.1068,2.4790083161942236
27722,27723,23291898#8,0.5832,1.0490384615384614
27724,27725,23291898#9,1.2833999999999999,0.4488966318234609
27726,27727,23291925#0,8.928,1.1428571428571435
27728,27729,23291925#1,11.4606,1.9285714285714286
27730,27731,23291925#2,28.6632,10.299999999999997
27732,27733,23291925#3,6.1254,320.8
27736,27737,233673410#0,4.5918,0.45653008962868097
27738,27739,233673410#1,2.7504,2.9552755223040905
27740,27741,233673410#2,2.3724000000000003,5.345513067207785
27742,27743,233673410#3,1.9242,7.956073553223952
27744,27745,233673410#5,4.8582,1.2275981744376427
27746,27747,233673410#6,1.359,0.2548366266305052
27748,27749,233673410#7,2.5326,0.2840989050399035
27750,27751,233673410#8,1.413,0.3196523613972022
27752,27753,233673410#8.17,1.9008,0.35435370233297747
27754,27755,233673411#0,0.9828000000000001,9.000035973611961
27756,27757,233673411#1,3.8826,339.00716897437127
27758,27759,233673412#1,5.8518,0.8068963515513886
27760,27761,233673413#0,1.0998,0.273644881403521
27762,27763,233673413#1,2.3004000000000002,0.18268019008608335
27764,27765,233673414#0,0.2736,0.3073475887170156
27766,27767,233673414#1,1.2906,0.2647101205629476
27768,27769,233673414#2,3.1302000000000003,0.28266650154969186
27770,27771,233673414#3,3.4722,0.3151566498374715
27772,27773,233673414#5,8.8164,1.6009811135638945
27774,27775,233673414#7,7.5402000000000005,15.310747353205448
27776,27777,233673414#8,4.5828,85.13871735053283
27778,27779,233673415#0,1.6686,1.1269291145950144
27780,27781,233673415#1,1.3896000000000002,0.1109117721011464
27782,27783,233673415#2,4.271400000000001,0.42114684257541396
27784,27785,233673415#3,7.3116,0.4367428806429968
27786,27787,233673416,11.953800000000001,1.4410823585017136
27788,27789,233673418,3.9204,268.9870568561873
27790,27791,233673420#0,2.6964,89.06802537680603
27792,27793,233673421,7.281,105.18273831688704
27794,27795,233673423,2.9466,0.815733215715489
27796,27797,233673424#0,8.2044,0.6981623509209895
27798,27799,233673424#1,9.1242,17.694619831036018
27800,27801,233673425#0,3.789,1727.7356219018425
27802,27803,233675413#0,5.3604,23.822682328643342
27804,27805,233675413#1,10.002600000000001,73.45482027372535
27806,27807,233675413#2,9.7794,90.31191724392987
27808,27809,233675413#3,9.6462,167.61237396387824
27810,27811,233675413#6,3.7872000000000003,56.532243375407845
27812,27813,233675413#7,0.6642,7.924974146431402
27814,27815,233675413#8,3.7602,61.74650422536553
27816,27817,233675413#9,2.9862,42.47894447125773
27818,27819,23422659,7.3332,0.9506155950752396
27820,27821,23436553#0,17.235,3.3157894736842106
27822,27823,23436553#2,43.1532,0.8095238095238093
27824,27825,23436553#3,2.0916,0.18205128205128204
27826,27827,23436553#4,16.146,0.5
27828,27829,23441733#1,24.8778,3.695833333333333
27830,27831,23442105#0,15.037199999999999,1.2846153846153843
27832,27833,23442105#1,9.5508,0.8727272727272728
27834,27835,23442105#2,10.232999999999999,1.9696969696969695
27836,27837,23442105#3,8.6112,0.7222222222222221
27838,27839,23442105#4,10.2762,2.892105263157893
27840,27841,23442105#5,11.5668,1.9
27842,27843,23442105#6,12.9168,0.9047619047619045
27844,27845,23525483#0,14.1516,1.1025641025641029
27846,27847,23525483#2,3.7368,0.30000000000000004
27848,27849,23525483#3,6.201,0.5666666666666667
27850,27851,23525483#4,17.4006,2.9999999999999987
27852,27853,23525483#5,17.064,1.9999999999999996
27854,27855,23525483#6,20.998800000000003,2.1944444444444446
27856,27857,23525483#7,3.6755999999999998,0.6969696969696975
27862,27863,23621940#0,32.19840000000001,4.916666666666665
27864,27865,23621955#0,7.0416,2.2671169073125284
27866,27867,23621955#1,3.6288,0.5124270225187655
27868,27869,23621955#10,4.2534,0.5144927536231884
27870,27871,23621955#11,6.642,0.45318860244233367
27872,27873,23621955#12,4.0607999999999995,0.3088313061872026
27874,27875,23621955#2,5.695200000000001,0.5739532926572691
27876,27877,23621955#3,1.6272,0.28771929824561404
27878,27879,23621955#4,4.933800000000001,0.47094298245614025
27880,27881,23621955#5,5.5116,0.6378403111416152
27882,27883,23621955#6,6.822,0.6915085817524839
27884,27885,23621955#7,9.036,0.8082706766917289
27886,27887,23621955#8,10.7694,0.8789337282487969
27888,27889,23621955#9,5.0994,0.46944444444444455
27890,27891,23621983,23.031,28.0
27892,27893,23622049#0,39.1338,17.60606060606061
27894,27895,23622051#0,41.4774,2.0
27896,27897,23622052#0,43.614000000000004,25.36111111111111
27902,27903,23622056#1,26.6292,2.2499999999999996
27904,27905,23622056#4,19.692,2.323202805376973
27906,27907,23622056#5,2.5848,0.32515777395295453
27908,27909,23622056#6,6.6582,0.46973608720596666
27910,27911,23622106#0,13.0302,1.3166666666666655
27912,27913,23622106#1,11.2968,0.7777777777777788
27914,27915,23622106#10,4.0014,0.6283422459893048
27916,27917,23622106#15,5.061599999999999,4.73444160272805
27918,27919,23622106#16,1.0962,0.23138832997987926
27920,27921,23622106#17,1.3158,0.7396418070034753
27922,27923,23622106#18,6.4350000000000005,0.5932073544433095
27924,27925,23622106#19,9.1692,0.9630459126539753
27926,27927,23622106#2,11.5848,0.7352941176470583
27928,27929,23622106#3,14.3748,1.2843915343915342
27930,27931,23622106#4,11.500200000000001,2.3000000000000007
27932,27933,23622106#5,5.9994000000000005,1.2909090909090908
27934,27935,23622106#6,12.427200000000001,2.265151515151515
27936,27937,23622106#8,0.7794,0.3285714285714285
27938,27939,23622106#9,2.8764000000000003,1.301994301994302
27940,27941,23622107#0,0.1764,0.07411566535654124
27942,27943,23622107#1,0.0252,0.10874585268745858
27944,27945,23622107#2,4.4424,0.4433178500331788
27946,27947,23622107#3,19.693800000000003,2.507257976991535
27948,27949,23622107#4,3.7314,0.4469920323578863
27950,27951,23622107#5,2.6118,0.2826316801230296
27952,27953,23622107#6,6.0047999999999995,0.5001729676303434
27954,27955,23622107#7,2.1294,0.27410205714823677
27956,27957,23622107#8,4.2264,0.735132340322545
27958,27959,23622128#0,14.4072,4.166666666666666
27960,27961,23622128#1,10.629000000000001,1.8000000000000003
27962,27963,23622128#2,17.1306,4.566666666666667
27964,27965,23622131#0,2.0466,0.0
27966,27967,23622131#1,8.0028,6.25
27968,27969,23622131#2,83.82960000000001,36.0
27970,27971,23622140#0,19.0296,2.3333333333333335
27972,27973,23622140#1,11.739600000000001,8.8
27974,27975,23622140#2,76.3632,42.96363636363636
27976,27977,23622141#0,0.9648000000000001,0.0
27978,27979,23622141#1,22.6548,3.0
27980,27981,23622141#2,20.979,25.77777777777778
27982,27983,23622167#0,54.5382,0.0
27984,27985,23622167#1,14.7276,1.1238095238095236
27986,27987,23622170#0,31.437,6.216931216931217
27988,27989,23622170#1,14.677200000000001,1.2178030303030312
27990,27991,23622170#2,6.1434,106.77630121816169
27992,27993,23622189#0,0.0432,0.2
27994,27995,23622189#1,34.038000000000004,24.5
27998,27999,23622189#3,35.5914,156.0
28000,28001,23622189#4,0.0432,108.7878787878788
28002,28003,23622201#0,15.269400000000001,1.861111111111112
28004,28005,23622201#1,26.5392,0.0
28006,28007,23622201#2,14.3388,7.000000000000001
28008,28009,23622232#0,40.955400000000004,8.527777777777775
28010,28011,23622232#1,12.0402,0.9166666666666671
28012,28013,23622232#2,43.5906,0.5
28014,28015,23622249#0,11.2968,0.9166666666666666
28016,28017,23622249#1,6.4746,0.9166666666666666
28018,28019,23622271#1,2.8998,97.39661016949154
28020,28021,23622271#3,2.0772,0.5763157894736842
28022,28023,23622271#4,2.475,0.5731225296442689
28024,28025,23622271#6,11.0304,0.39999999999999986
28026,28027,23622271#7,1.4184,0.08658008658008656
28028,28029,23622426,10.5138,0.934324384722263
28030,28031,23622443,20.025000000000002,0.5714285714285713
28032,28033,23622517#0,21.112199999999998,3.555443548387095
28034,28035,23622517#1,10.423800000000002,0.7999999999999999
28036,28037,23622517#2,10.926,1.9999999999999998
28038,28039,23622517#3,7.0362,0.9523809523809521
28040,28041,23622520#0,22.2174,3.6366366366366396
28042,28043,23622520#2,11.7036,4.62312312312312
28044,28045,23623583#0,6.5178,0.4450757575757576
28046,28047,23623583#1,34.925399999999996,8.872727272727271
28048,28049,23623595,40.4802,5.895833333333332
28050,28051,23623633#0,11.2338,0.0
28052,28053,23623633#1,8.874,0.0
28054,28055,23623633#2,8.9604,0.21428571428571455
28056,28057,23623640,9.6174,0.0
28058,28059,23623646,11.142000000000001,0.5
28060,28061,23623674#1,25.3008,81.82352941176468
28062,28063,23623674#11,12.1896,51.44444444444443
28064,28065,23623674#2,0.0432,0.1508295625942685
28066,28067,23623674#3,1.746,0.25346938775510214
28068,28069,23623674#4,0.47340000000000004,0.23034330011074194
28070,28071,23623674#5,2.8386,0.398780487804878
28072,28073,23623674#6,0.0468,0.2506410256410257
28074,28075,23623674#7,4.300199999999999,0.8235294117647057
28076,28077,23623674#8,3.1248,0.7958333333333332
28078,28079,23623680,12.672,4.285714285714286
28080,28081,23623681,7.398000000000001,1.3333333333333333
28082,28083,23623685,26.3322,2.2857142857142856
28084,28085,23623687#0,14.104800000000001,1.3000000000000005
28086,28087,23623687#1,9.9198,1.333333333333333
28088,28089,23623692#0,16.491600000000002,2.3333333333333326
28090,28091,23623692#1,18.8226,2.333333333333334
28092,28093,23623692#2,13.4478,0.33333333333333304
28094,28095,23623693,19.060200000000002,2.9523809523809526
28096,28097,23623701#0,7.720199999999999,0.6184210526315791
28098,28099,23623701#1,4.4118,0.8011695906432749
28100,28101,23623701#2,10.4562,1.0164835164835166
28102,28103,23623701#3,20.124,3.5535714285714293
28104,28105,23623705,18.1548,0.3333333333333333
28106,28107,23623713#0,3.6558,2.566666666666667
28108,28109,23623713#1,12.51,0.8392857142857141
28110,28111,23623713#2,0.3618,0.125
28112,28113,23623715#1,1.503,0.2608695652173912
28116,28117,23623715#3,0.2628,0.2536231884057971
28118,28119,23623717,16.1262,73.41304347826089
28120,28121,23623720,53.022600000000004,0.5
28122,28123,23623780#0,0.1296,14.899999999999999
28124,28125,23623780#1,34.983,15.466666666666669
28128,28129,23659379,52.918200000000006,16.129166666666666
28130,28131,240066908,14.745600000000001,0.0
28132,28133,240187995#1,4.5611999999999995,2.6121951219512196
28134,28135,24061189#0,3.2976,0.536842105263158
28136,28137,24061189#1,11.853,0.3567251461988304
28138,28139,24061189#2,3.8232000000000004,0.27485380116959063
28140,28141,24061189#3,1.755,63.456043956043956
28142,28143,24061326#0,17.3034,12.365789473684208
28144,28145,24061326#1,14.119200000000001,1.0999999999999999
28146,28147,24061326#2,34.095600000000005,7.1
28148,28149,24061326#3,2.727,0.2538461538461539
28150,28151,24495014#0,20.246399999999998,387.10256410256403
28152,28153,24495014#1,0.2772,286.74999999999994
28154,28155,24495083#0,5.369400000000001,0.8571428571428573
28156,28157,24495083#1,9.9126,0.9010989010989009
28158,28159,24495083#2,9.615599999999999,0.6958333333333333
28160,28161,24495083#3,54.613800000000005,13.162500000000001
28162,28163,24498193#1,1.5372,13.131136363636363
28164,28165,24498193#3,2.5578000000000003,1.671162171162171
28166,28167,24498193#4,0.7290000000000001,0.3268468468468469
28168,28169,24498193#5,3.5388,0.42579908675799083
28170,28171,24498193#6,4.2678,0.28051948051948056
28172,28173,24499966#0,1.2384,1326.225461375143
28174,28175,24499966#1,25.2306,9791.18170498084
28176,28177,24499966#2,5.812200000000001,15572.547413793109
28178,28179,24499968#0,2.1582000000000003,568.3077227722773
28180,28181,24499968#1,19.5912,137627.28876844322
28182,28183,24499968#2,0.0432,6871.521203830368
28184,28185,245375067,5.3712,1.0
28186,28187,245375072#0,0.864,0.6222222222222222
28188,28189,245375072#1,2.6604,0.5535714285714284
28190,28191,245375074#0,0.1296,0.0
28192,28193,245375074#1,11.9268,6.476190476190477
28194,28195,245375074#2,13.2408,4.166666666666666
28196,28197,245375074#3,13.552200000000001,1.0
28198,28199,245375074#4,63.045,6.916666666666667
28200,28201,24537805#0,3.9618,0.3858812529219263
28202,28203,24537805#1,0.1602,0.11736227656048218
28204,28205,24537805#2,1.9926,0.1683996716411628
28206,28207,24537805#3,3.5028,1.2055221201562667
28208,28209,24537805#4,25.0362,3.908418676000341
28210,28211,24537805#5,6.3936,0.5181025462155562
28212,28213,24537982#1,6.267600000000001,486.8204305582016
28214,28215,24537982#2,2.1996,74.84994388650692
28216,28217,24537982#3,12.8772,3255.682053911855
28218,28219,24537982#4,7.516800000000001,2978.6859602924374
28220,28221,24598017,5.149800000000001,0.7857142857142858
28222,28223,24599188#1,4.107600000000001,2.056642802979615
28224,28225,24599188#2,17.9442,4.8931295976750455
28226,28227,246024694#0,2.8368,0.2692307692307692
28228,28229,246024694#1,17.1126,2.285714285714286
28230,28231,246024696,2.0718,1.8000000000000003
28232,28233,246024697#0,13.1724,3.35897435897436
28234,28235,246024697#1,9.235800000000001,0.3333333333333335
28236,28237,246024698#0,14.4522,3.7637362637362646
28238,28239,246024698#1,8.631,2.1428571428571423
28242,28243,246024699#1,7.5114,0.39999999999999997
28244,28245,246024701#0,10.728,2.4625000000000004
28246,28247,246024701#1,9.198,13.0
28248,28249,246024704#1,0.29700000000000004,0.6666666666666666
28250,28251,24608842#0,20.115000000000002,76.12736254295535
28252,28253,24608842#1,3.7638000000000003,0.3711086226203807
28254,28255,24608842#2,12.751199999999999,9.996727442730245
28256,28257,24608843#0,24.6942,862.769230769231
28258,28259,24608844#0,9.325800000000001,605.7527686734517
28260,28261,24608844#1,8.9028,1367.7937505235823
28262,28263,24608844#2,12.2256,3228.5960141582
28264,28265,24608845,16.7382,2.1706970128022767
28266,28267,24608846#0,29.199600000000004,24.5
28268,28269,24608846#1,12.5802,34.33333333333333
28270,28271,24614922#0,22.365000000000002,4.699999999999999
28272,28273,24614922#2,11.2392,1.0
28274,28275,24614922#3,9.6426,3.361111111111111
28276,28277,24634411#0,30.7656,9.700000000000001
28278,28279,24634411#1,19.8216,8.3
28280,28281,24634413#1,45.1278,10.26785714285715
28282,28283,24634413#2,7.8696,1.272727272727273
28284,28285,24634413#3,30.7656,4.700000000000001
28286,28287,24634414#0,2.9124000000000003,74.85714285714286
28288,28289,24634414#2,17.6292,1.999999999999999
28290,28291,24634414#3,13.7538,1.8777777777777769
28292,28293,24634414#4,22.699800000000003,3.0909090909090917
28294,28295,24634414#5,10.9602,0.6666666666666667
28296,28297,24634414#6,4.509,0.2777777777777777
28298,28299,24634414#7,5.391,0.43382352941176466
28300,28301,24634414#8,3.3426,108.08874458874458
28302,28303,24634415,13.406400000000001,1.2857142857142858
28304,28305,24634416#0,29.7954,24.566666666666663
28306,28307,24634417#1,29.2176,4.916666666666665
28308,28309,24634505,8.9316,1.3709429824561405
28310,28311,24634506#0,18.291600000000003,8.25
28312,28313,24634506#1,2.7774,0.16666666666666669
28314,28315,24634506#2,15.4116,2.0
28316,28317,24634507,43.1694,0.0
28318,28319,24634508#0,18.482400000000002,2.75
28320,28321,24634508#1,13.743,45.83809523809522
28322,28323,24634509#0,8.8938,0.3400000000000001
28324,28325,24634509#1,12.103200000000001,0.9025974025974018
28326,28327,24634509#2,4.7286,0.4675324675324677
28328,28329,24634509#3,5.4792000000000005,0.3285714285714286
28330,28331,24634509#4,6.0498,0.26470588235294107
28332,28333,24634509#5,0.2826,0.1470588235294118
28334,28335,24634509#6,4.0932,0.30065359477124165
28336,28337,24634509#7,10.5228,0.7263157894736839
28338,28339,24634510#0,32.9688,7.164989939637825
28340,28341,24634510#1,0.8406,0.17561807331628307
28342,28343,24634510#10,4.141800000000001,0.27333333333333326
28344,28345,24634510#11,11.865599999999999,1.0566666666666666
28346,28347,24634510#12,0.3042,0.22105263157894733
28348,28349,24634510#13,6.4026,0.44999999999999996
28350,28351,24634510#14,10.4796,0.4678362573099415
28352,28353,24634510#15,7.515,0.5684210526315789
28354,28355,24634510#16,3.51,0.20000000000000012
28356,28357,24634510#17,9.324,0.6421052631578948
28358,28359,24634510#18,10.0098,0.6184210526315789
28360,28361,24634510#2,1.2096,0.2628571428571429
28362,28363,24634510#20,5.13,25.402482269503544
28364,28365,24634510#21,5.8662,680.8524390243904
28366,28367,24634510#3,10.3032,0.8363265306122448
28368,28369,24634510#4,2.4678,0.36997885835095135
28370,28371,24634510#5,6.303599999999999,0.5492801771871538
28372,28373,24634510#7,15.145199999999999,2.008403361344538
28374,28375,24634510#8,4.5161999999999995,0.7428571428571427
28376,28377,24634510#9,16.56,2.275396825396827
28378,28379,24634511#0,7.844399999999999,0.8023715415019762
28380,28381,24634511#1,18.981,2.988888888888889
28382,28383,24634513#0,19.1142,14.166666666666668
28384,28385,24634513#1,25.0632,6.166666666666669
28386,28387,24634513#2,30.141000000000002,11.300000000000002
28388,28389,24634513#3,1.0044000000000002,0.7
28390,28391,24634513#4,3.9762000000000004,21.333333333333336
28392,28393,24634513#5,24.2478,33.666666666666664
28394,28395,24634513#6,4.9014,157.46666666666664
28396,28397,24634514#0,6.6168000000000005,7.492647058823529
28398,28399,24634514#1,8.2296,1.6666666666666667
28400,28401,24634514#2,11.6424,0.0
28402,28403,24634514#3,10.872,0.5
28404,28405,24634514#4,6.5466,7.0
28406,28407,24634514#5,30.717000000000002,4.300000000000001
28408,28409,24634516#1,63.174600000000005,41.333333333333336
28410,28411,24634516#2,52.272,20.495238095238097
28412,28413,24634517#1,8.0928,1.1287033061399738
28414,28415,24634517#11,4.833,0.626436781609195
28416,28417,24634517#13,7.6968,0.9846153846153847
28418,28419,24634517#14,6.2514,0.5684210526315789
28420,28421,24634517#16,4.527,0.6181818181818184
28422,28423,24634517#17,0.25020000000000003,0.14102564102564102
28424,28425,24634517#18,7.426800000000001,1.7000000000000002
28426,28427,24634517#19,6.9066,0.5714285714285713
28428,28429,24634517#2,1.6272,0.29450549450549457
28430,28431,24634517#20,1.728,0.5
28434,28435,24634517#22,5.0958,0.0
28436,28437,24634517#4,9.1944,0.9365079365079363
28438,28439,24634517#5,1.2294,0.33105335157318744
28440,28441,24634517#6,0.1404,0.15171026156941647
28442,28443,24634517#7,5.994000000000001,0.522596153846154
28444,28445,24634517#8,6.6492,0.6981132075471697
28446,28447,24634517#9,5.5404,0.5833333333333333
28448,28449,24634518#0,20.7846,14.266666666666666
28450,28451,24634518#1,9.0846,8.0
28452,28453,24634518#2,0.8802,0.0
28454,28455,24634519#0,13.751999999999999,4.970588235294119
28456,28457,24634519#1,0.1296,3.7500000000000004
28458,28459,24634519#2,0.1296,3.4666666666666672
28460,28461,24634521#0,17.4114,5.333333333333333
28462,28463,24634521#1,82.4238,55.99999999999998
28464,28465,24634521#2,17.541,7.822222222222225
28466,28467,24634522,10.092600000000001,0.0
28468,28469,24692304,4.467600000000001,0.0
28470,28471,24692328#0,3.1410000000000005,2779.3766045548646
28472,28473,24692328#1,0.1296,23433.567944250874
28478,28479,24692391#2,3.6035999999999997,3499.983333333333
28480,28481,24693977#0,2.4480000000000004,52.12708397574264
28482,28483,24693977#1,9.6552,1.2269097348026676
28484,28485,24733323#0,2.4372000000000003,3.138028169014084
28486,28487,24733323#1,63.523799999999994,41.97643097643098
28488,28489,24733323#2,5.7114,4.924454828660436
28490,28491,24733323#3,23.2182,20.56067781559864
28492,28493,24733323#4,14.826600000000001,74.77388485877455
28494,28495,24733323#5,13.2804,10.045946159311589
28496,28497,24754837#0,4.5198,0.4736694677871147
28498,28499,24754837#1,41.148,10.518993135011444
28500,28501,24754837#2,5.8302,0.5174339549339554
28502,28503,24754837#3,2.3202,0.3250498820968619
28504,28505,24754837#4,0.8154,0.15318338472700885
28506,28507,24754837#5,21.5208,3.624413822956495
28508,28509,24754837#6,8.071200000000001,0.8642935377875136
28510,28511,24754837#7,10.692,1.287389542223108
28512,28513,24754837#8,4.017600000000001,0.2458640621885589
28514,28515,24754837#9,3.3516000000000004,0.3534975369458129
28516,28517,24754854#0,7.146000000000001,1.0952380952380956
28518,28519,24754854#1,8.1558,0.23809523809523833
28520,28521,24754854#2,9.241200000000001,0.5
28524,28525,24754876#0,3.2886,0.19720496894409936
28526,28527,24754876#10,5.4774,0.31850784361180184
28528,28529,24754876#11,3.2634,1.0033042446835545
28530,28531,24754876#12,7.2954,191.30200554338475
28532,28533,24754876#2,16.5888,2.269158544218905
28534,28535,24754876#3,3.9096,0.42218746036443555
28536,28537,24754876#4,4.9914000000000005,0.4175042348955393
28538,28539,24754876#5,4.635000000000001,0.31816299642386625
28540,28541,24754876#7,3.5712,0.7680059313656264
28542,28543,24754876#8,5.0796,0.3261255785684231
28544,28545,24754876#9,0.162,0.2710611427691359
28546,28547,24754881#1,2.8566,0.5872907672498676
28548,28549,24754881#2,0.9936000000000001,0.26939408786542557
28550,28551,24754881#3,0.9882000000000001,0.23684210526315788
28552,28553,24754881#4,0.2286,0.10520587701795753
28554,28555,24754881#5,0.0828,0.2287320877924904
28556,28557,24754881#6,2.3238,0.2530407191961925
28558,28559,24754881#7,3.0402,0.2866208355367531
28560,28561,24754890#0,78.8436,18.11764705882353
28562,28563,24754890#1,17.6022,0.879084967320261
28564,28565,24754890#2,12.726,2.275960170697012
28566,28567,24754893,33.1956,6.241579558652734
28568,28569,24762523#0,17.566200000000002,1.9288868303226807
28570,28571,24762523#1,4.527,0.48417530946804954
28572,28573,248012815,1.2312,0.7517930661469411
28574,28575,24846867#1,8.877600000000001,2.563137254901959
28576,28577,24846867#2,13.3308,1.1489361702127665
28578,28579,24846867#4,12.816,16697.35308641975
28580,28581,24846867#5,4.6674,24459.871875940982
28582,28583,24872465,5.8032,33.053846153846145
28584,28585,24872530#0,17.378999999999998,78401.89408099689
28586,28587,24872530#1,5.0436000000000005,17010.602878006874
28588,28589,24872530#2,0.1296,1039.9895506792056
28590,28591,24872530#3,17.9676,24732.870101596516
28592,28593,24872530#5,6.7266,13.2
28594,28595,24882619,88.54920000000001,142.3333333333333
28596,28597,24890429#2,3.8016,321.8440796431689
28598,28599,24895299#0,2.9952,0.4393939393939394
28600,28601,24895299#1,12.816,1.8117647058823534
28602,28603,24895300#1,60.498,21.90476190476191
28604,28605,24895300#2,12.247200000000001,2.5277777777777777
28606,28607,24895300#3,10.053,2.544444444444445
28608,28609,24895300#4,11.692800000000002,1.676470588235295
28610,28611,24895300#5,80.1162,32.46783625730993
28612,28613,24895300#6,15.109200000000001,2.6945812807881784
28614,28615,24895308,4.6062,0.25121951219512195
28616,28617,24895312#0,15.0966,2.0555555555555554
28618,28619,24895312#1,34.201800000000006,1.828571428571428
28620,28621,24895312#2,9.972,0.5641025641025645
28622,28623,24895312#3,24.568199999999997,1.183712121212123
28624,28625,24943166#0,2.2752,0.624505928853755
28626,28627,24943166#1,10.3338,0.41758241758241754
28628,28629,24943166#2,15.424200000000003,0.7777777777777778
28630,28631,24943166#3,9.2952,0.39999999999999997
28632,28633,24943166#4,8.474400000000001,2.333333333333333
28634,28635,24943168#0,16.8156,2.9333333333333336
28636,28637,24943168#1,14.9382,0.5
28638,28639,24943168#2,10.645199999999999,2.6666666666666665
28640,28641,24943168#3,28.0422,5.25
28642,28643,24943168#4,22.1076,0.25
28644,28645,24943168#5,16.7922,0.5
28646,28647,24970784#1,8.8164,742.7553855835794
28648,28649,24970784#3,2.862,1408.671703000216
28650,28651,24970784#5,3.9348,2196.379079961707
28652,28653,24971737#0,4.707000000000001,1195.5106076000818
28654,28655,24972185#2,8.748000000000001,121.68360721704443
28656,28657,24972185#3,11.0484,330.34199696772805
28658,28659,24972185#5,9.0198,592.898927619057
28660,28661,24972185#7,12.366,1453.2383549838314
28662,28663,24972185#8,17.1126,4857.705309656568
28664,28665,24972185#9,5.292,2263.4326518146167
28666,28667,24977473#0,2.1582000000000003,1691.758667180278
28668,28669,24977473#1,7.642800000000001,16961.094296750744
28670,28671,24977473#2,0.9774,4406.625262780084
28672,28673,24977473#4,2.5434,23696.067279309398
28674,28675,24977548#0,0.0648,8186.015195791935
28676,28677,24977548#1,1.314,2.3465306122448983
28678,28679,24977548#2,0.6318,15.035947712418302
28680,28681,24977548#3,21.9114,6.333333333333336
28682,28683,24977577#0,0.8676,0.4761904761904761
28684,28685,24977577#1,5.2308,1928.7083333333323
28686,28687,24977590#1,3.33,157.96484338475926
28688,28689,24978943#0,9.8856,0.9238095238095235
28690,28691,24978943#1,14.5386,62.20000000000001
28692,28693,24982784#0,14.5746,0.7999999999999998
28694,28695,24982784#1,23.040000000000003,12.0
28696,28697,24982784#2,17.109,2.3333333333333326
28698,28699,24989826#0,6.6276,1.9999999999999998
28700,28701,24989903,17.586,1.8392857142857142
28702,28703,24989982#2,5.3784,3138.5391929323787
28704,28705,24989986,0.9378000000000001,0.49999999999999994
28706,28707,24989994,7.952400000000001,4.410714285714286
28708,28709,24991571,13.6998,2764.418678486721
28710,28711,24991573,1.7027999999999999,79.39632745012241
28712,28713,25000737#0,36.235800000000005,4.0
28714,28715,25000737#1,1.8521999999999998,149.5535714285714
28716,28717,25000737#2,0.855,1065.125
28718,28719,25001007#1,4.1832,143.18724208079047
28720,28721,25001024,14.756400000000001,5.192118226600983
28722,28723,25012173,25.6626,0.3333333333333339
28724,28725,25027491#2,18.8946,0.0
28726,28727,25027491#3,6.1217999999999995,2.25
28728,28729,25076749#0,30.812399999999997,3.1026315789473706
28730,28731,25076749#1,13.2138,0.9411764705882351
28732,28733,25076749#2,11.439000000000002,15.113636363636362
28734,28735,25076787#0,25.347600000000003,2.966666666666664
28736,28737,25076787#1,18.5508,3.204678362573099
28738,28739,25076787#2,10.6722,0.6500000000000002
28742,28743,25114091,6.1776,60.11408199643492
28744,28745,25117288#1,25.718400000000003,20.61609195402298
28746,28747,25117391#0,0.5562,26.05491350754509
28748,28749,25117391#1,6.129,0.23354189669979109
28750,28751,25117391#2,5.3838,0.30777870321294265
28752,28753,25117391#3,13.0914,0.5561318492718509
28754,28755,25117417#1,7.8912,18.836606423391295
28756,28757,25117417#2,9.538200000000002,0.5131804781105511
28758,28759,25117417#4,10.053,11.282799375028995
28760,28761,25117417#5,0.1116,0.14896586134044332
28762,28763,25122731#1,4.455,23.564102564102566
28764,28765,25122830#0,11.381400000000001,1.3620689655172418
28766,28767,25122830#1,7.677,33.40711462450593
28768,28769,25136251,14.3226,0.2666666666666668
28770,28771,25136252,16.111800000000002,3.3
28772,28773,25136980#0,60.973200000000006,8.800000000000004
28774,28775,25136980#1,22.0914,2.333333333333334
28776,28777,25136980#2,3.2634,0.5714285714285713
28778,28779,25136980#3,19.1034,2.6884057971014483
28780,28781,25136980#5,15.908399999999999,3.0731182795698904
28782,28783,25136980#6,13.0212,3.641025641025642
28784,28785,25136980#7,12.4344,3.5866526904262765
28786,28787,25136980#8,12.969000000000001,2.1478667445938036
28788,28789,25136980#9,15.759000000000002,3.8258706467661674
28790,28791,25136981,24.5808,0.5
28792,28793,25136982#0,18.858600000000003,6.9523809523809526
28794,28795,25136982#1,0.0648,0.1111111111111111
28796,28797,25136982#2,8.9928,0.0
28798,28799,25136982#3,36.4428,14.916666666666666
28800,28801,25136983#0,14.9076,1.0
28802,28803,25136983#1,66.0888,9.0
28804,28805,25136984,18.7578,7.0
28806,28807,25136986,17.8074,24.875961538461528
28808,28809,25141428#0,64.97460000000001,1.3333333333333321
28810,28811,25141428#1,34.83540000000001,0.0
28812,28813,25141428#2,8.8614,5.5
28814,28815,25141430#0,2.8332,5.132539682539683
28816,28817,25141430#1,3.9366,16.1594684385382
28818,28819,25145011#0,21.9582,4.97883597883598
28820,28821,25145011#1,28.0314,1518.7575757575758
28822,28823,25145011#2,2.8998,727.4126559714795
28824,28825,25145012#0,11.3076,0.7433333333333335
28826,28827,25145012#1,27.090000000000003,4.5733333333333315
28828,28829,25145012#2,1.3554,0.19569892473118278
28830,28831,25145012#3,6.7068,0.4989247311827958
28832,28833,25145012#4,13.530600000000002,0.994708994708995
28834,28835,25145012#5,14.202,36.60591133004926
28836,28837,25145012#6,16.6734,320.16056338028164
28838,28839,25145012#7,16.1874,2581.6837652035956
28840,28841,25145012#8,16.907400000000003,12219.592650619568
28842,28843,25145013#0,18.2016,2.2530063291139224
28844,28845,25145013#1,23.8428,70217.66509926856
28846,28847,25145014#0,26.6148,1.333333333333334
28848,28849,25145014#1,18.6642,0.0
28850,28851,25145014#2,24.7392,4.654545454545454
28852,28853,25145014#3,6.1632,0.4555555555555556
28854,28855,25145014#4,1.269,0.26785714285714285
28856,28857,25145014#5,7.4916,0.24999999999999986
28858,28859,25145014#6,4.1202000000000005,0.4444444444444443
28860,28861,25145014#7,0.3258,0.1111111111111111
28862,28863,25145014#8,0.9414,0.5
28864,28865,25145014#9,11.3796,0.0
28866,28867,25148803,5.3928,1.5773038336323169
28868,28869,25148808,0.765,0.39532619279454717
28870,28871,25148812,8.623800000000001,0.19725877192982463
28872,28873,25148889,2.8962,0.34096062667491234
28874,28875,25149001#1,43.3224,0.33333333333333304
28876,28877,25149001#2,8.494200000000001,1.6190476190476186
28878,28879,25149001#3,14.4864,1.3046831955922873
28880,28881,25149001#4,20.8872,1.939393939393939
28882,28883,25149001#5,3.4524,108.93978494623654
28884,28885,25149219#1,12.880799999999999,11291.494871794872
28886,28887,25149219#2,39.7098,178347.9481961147
28888,28889,25149251#0,29.084400000000002,3.016129032258063
28890,28891,25149251#1,47.2122,11.643333333333329
28892,28893,25149251#2,23.9922,3.1476190476190475
28894,28895,25149251#3,58.699799999999996,11.773333333333332
28896,28897,25149251#4,0.5616,0.6695121951219514
28898,28899,25171366#1,31.8384,6.568181818181818
28900,28901,25171366#2,10.4148,3.1291666666666678
28902,28903,25182130,21.204,8.666666666666666
28904,28905,25182154,30.373199999999997,6.0
28906,28907,25184629,18.603,0.0
28908,28909,25184651#0,12.6504,0.7
28910,28911,25184651#1,9.5814,0.6666666666666666
28912,28913,25184651#2,29.523600000000002,1.2999999999999994
28914,28915,25184664#0,12.0798,1.0
28916,28917,25184664#1,5.1335999999999995,0.0
28918,28919,25184672,31.0806,2.0000000000000004
28922,28923,25187891,16.030800000000003,1715.9999999999998
28924,28925,25187892,24.348599999999998,2.299999999999999
28928,28929,25187894,1.1682000000000001,0.2727272727272727
28930,28931,25187895#0,9.6228,4.333333333333334
28932,28933,25187895#1,14.0868,0.5
28934,28935,25187896,43.0812,0.0
28936,28937,25188976#0,13.368599999999999,1.4767159277504107
28938,28939,25188976#1,23.7924,125.93365137153975
28940,28941,25188977,13.2264,12057.004581055124
28942,28943,25188978#0,22.8366,4.333333333333333
28944,28945,25188978#1,20.7252,6.254545454545453
28946,28947,25188978#3,43.6572,24.0
28948,28949,25188979#0,0.0648,1.8392857142857142
28950,28951,25188979#1,42.2928,0.5
28952,28953,25188982#1,1.8341999999999998,80.60742063492067
28954,28955,25188986#0,48.0636,11.936758893280631
28956,28957,25188986#1,20.790000000000003,2.255255255255255
28958,28959,25190140#0,18.936,1.6992628992629017
28960,28961,25190140#1,29.095200000000002,250.76978021978022
28962,28963,25190140#2,1.3248,12.019407008086253
28964,28965,25192758,1.9278,287.7584109781295
28966,28967,25194376#0,11.4318,0.566666666666667
28968,28969,25194376#1,16.1352,0.0
28970,28971,25194376#2,3.168,0.0
28972,28973,25195266#0,8.5266,1.9636363636363634
28974,28975,25195266#1,7.2234,0.33333333333333326
28976,28977,25195266#2,11.212200000000001,1.6625
28978,28979,25195313#0,23.6664,3.0666666666666673
28980,28981,25195313#1,11.0376,0.0
28982,28983,25195313#2,11.214,1.6190476190476197
28984,28985,25195391#0,12.5676,0.995833333333334
28986,28987,25195391#1,29.079000000000004,3.3861538461538463
28988,28989,25195391#2,12.429,0.5902439024390247
28992,28993,25209894#1,9.945,0.7999999999999999
28994,28995,25216322,36.750600000000006,7.0
28996,28997,25316895,3.7962000000000002,0.4926129168425499
28998,28999,25316932#2,8.7984,0.5561797752808989
29000,29001,25316932#3,18.7254,2.3822778345250257
29002,29003,25316932#4,14.796000000000001,1.9490772385509236
29004,29005,25316932#5,5.715,0.45783132530120463
29006,29007,25316932#6,5.832000000000001,81.696046720575
29008,29009,25316932#7,19.8504,32230.229810996567
29010,29011,25316932#8,0.0432,2043.3534154535273
29012,29013,253294209#1,1.6866,0.8444444444444446
29014,29015,253294209#2,2.619,4.333333333333333
29016,29017,253294209#3,5.1966,1.7666666666666668
29018,29019,25331328#1,14.3118,2.512802275960169
29020,29021,25331328#2,0.49860000000000004,0.2522522522522523
29022,29023,25331328#3,4.460400000000001,0.9102564102564101
29024,29025,25331328#4,0.0648,0.23076923076923075
29026,29027,25331328#5,24.9678,5.866666666666669
29028,29029,25331328#6,1.1484,1.1742424242424243
29030,29031,25331328#7,4.460400000000001,0.5
29032,29033,25331996#1,56.079,19.29249011857707
29034,29035,25331996#2,73.2042,7.0
29036,29037,25341073#0,8.0118,0.5929378531073448
29038,29039,25341073#1,10.1988,0.6598870056497176
29040,29041,25341073#10,5.2128,0.5233333333333333
29042,29043,25341073#11,7.394399999999999,0.6666666666666666
29044,29045,25341073#12,6.3666,0.36363636363636354
29046,29047,25341073#13,14.0472,1.0
29048,29049,25341073#14,14.9526,2.3333333333333326
29050,29051,25341073#2,5.346,0.16836158192090395
29052,29053,25341073#3,7.3709999999999996,0.7149717514124295
29054,29055,25341073#4,5.3982,0.49975198412698413
29056,29057,25341073#7,15.2262,1.2319327731092429
29058,29059,25341073#9,6.525,0.666666666666667
29060,29061,25341109,21.1788,2.4761904761904763
29062,29063,25341141#0,16.6734,3.136281276962896
29064,29065,25341141#2,7.986600000000001,1.6592903763366198
29066,29067,25344434#0,2.9375999999999998,7.142857142857143
29068,29069,25344434#1,1.2096,0.3
29070,29071,25344434#2,6.8742,0.0
29072,29073,25344436,8.359200000000001,0.6532318256456191
29074,29075,25344437#0,15.175799999999999,6616.589743589742
29076,29077,25344437#2,3.9618,1.4852941176470589
29078,29079,25344437#3,3.1032,0.257142857142857
29080,29081,25344437#4,8.1936,0.889705882352941
29082,29083,25344437#5,4.107600000000001,1708.155263157895
29084,29085,25344437#6,2.4084000000000003,14761.655913978495
29086,29087,25344437#7,8.1828,0.49583333333333307
29088,29089,25344437#8,2.6532,2.9166666666666665
29090,29091,25344439#0,6.1506,16886.565233785816
29092,29093,25344439#1,3.0114,1064.8505747126437
29096,29097,25344452#0,4.7952,1.3333333333333335
29098,29099,25344452#1,1.7982,0.0
29104,29105,25344542#2,0.5292,0.0
29106,29107,25344542#3,3.0096,0.5
29108,29109,25344542#4,3.9960000000000004,0.33333333333333326
29110,29111,25363743#1,12.33,32.257352941176464
29112,29113,25363743#2,3.7548,0.4102564102564102
29114,29115,25363743#3,0.5075999999999999,0.2424242424242424
29116,29117,25363743#4,0.4932,1.2
29118,29119,25363743#5,8.4474,0.0
29120,29121,25363744,33.458400000000005,4.5
29122,29123,25363746,25.1478,4.5
29124,29125,25366157,9.2934,0.0
29126,29127,25366186#0,28.0548,49.42857142857143
29128,29129,25366186#1,58.545,99.66666666666667
29132,29133,25366901#1,13.123800000000001,0.33333333333333304
29134,29135,25366901#3,2.4804,0.0
29136,29137,25375417#1,6.8472,6.142857142857143
29138,29139,25375417#10,5.3802,10.6625
29140,29141,25375417#11,9.160200000000001,0.6944444444444446
29142,29143,25375417#12,3.9258,0.11111111111111106
29144,29145,25375417#13,13.9806,1.0
29146,29147,25375417#14,25.7922,2.9166666666666665
29148,29149,25375417#3,5.1822,0.5
29150,29151,25375417#4,5.5818,0.9666666666666666
29152,29153,25375417#7,11.2032,2.0
29154,29155,25375417#8,10.971,1.0
29156,29157,25375417#9,41.1264,18.0
29158,29159,25375770#0,12.8628,1.7888888888888879
29160,29161,25375770#1,9.4968,1.9523809523809528
29162,29163,25375770#2,18.223200000000002,1.6989071038251373
29164,29165,25375770#3,5.7384,0.7466948704389215
29166,29167,25375770#4,1.7604,0.5657962109575012
29168,29169,25375770#5,4.9536,1.1341991341991347
29170,29171,25375770#6,9.8388,1.42684766214178
29172,29173,25375770#7,1.476,0.3669985775248934
29174,29175,25375770#8,2.7306,0.9655913978494627
29176,29177,25375814#1,14.702399999999999,49.606060606060616
29178,29179,25375814#2,21.6504,0.0
29180,29181,25377287#0,7.867800000000001,0.5549366342469793
29182,29183,25377287#2,6.237,0.8641148614001752
29184,29185,25377287#3,4.3506,0.3311465025789523
29186,29187,25377287#4,1.791,0.20262467191601052
29188,29189,25377287#5,22.3902,2.9466506024096413
29190,29191,25377287#6,26.118,3.834303627407074
29192,29193,25377287#7,19.413,2.675399953628565
29194,29195,25377287#8,4.1886,0.38779576587795844
29196,29197,25380714#1,28.7658,50.57037037037038
29198,29199,25380898#0,17.0118,5.3
29200,29201,25380898#1,13.9986,0.0
29202,29203,253827540#1,5.4648,0.0
29206,29207,25488690#0,1.1880000000000002,13.5
29208,29209,25488690#1,0.7902,0.3
29210,29211,25488693#1,0.23940000000000003,1.457142857142857
29212,29213,25488710#0,0.5922000000000001,1.2678571428571428
29214,29215,25488710#1,1.1232,1.8787878787878787
29216,29217,25488710#2,25.362000000000002,1.333333333333334
29218,29219,25488710#3,0.9846000000000001,2.25
29220,29221,25488710#4,0.5544,1.0000000000000002
29222,29223,25488710#5,24.416999999999998,1.8000000000000005
29224,29225,25503467#1,86.6268,50.33333333333334
29226,29227,25503468#0,39.1464,2.0
29228,29229,25503468#1,4.671,3.49264705882353
29236,29237,25534317#0,34.0938,21.28571428571429
29238,29239,25534317#1,10.9206,1.5833333333333337
29240,29241,25534318,22.7556,5.694444444444445
29246,29247,25543966#0,2.8800000000000003,18.01111111111111
29248,29249,25543966#2,41.2704,20.28571428571428
29250,29251,25543966#3,17.4942,6.333333333333334
29252,29253,25543966#4,14.9364,4.166666666666666
29254,29255,25543966#5,21.369600000000002,0.0
29256,29257,25543966#6,16.7922,1.4999999999999998
29258,29259,25543980#0,1.9260000000000002,0.2030671602326812
29260,29261,25543980#1,1.818,0.3116236996834012
29262,29263,25543980#10,3.2868000000000004,482.06288850038857
29264,29265,25543980#2,0.9162,0.2726767863754164
29266,29267,25543980#3,4.3128,1.1702741702741708
29268,29269,25543980#5,1.2168,0.40143755615453725
29270,29271,25543980#6,1.7262,4.540546218487395
29272,29273,25543980#7,3.8592000000000004,69.00759696121553
29274,29275,25543980#8,0.24840000000000004,0.3169014084507043
29276,29277,25543980#9,2.8908,77.37873931623929
29278,29279,25544013#0,56.2338,83.8
29280,29281,25544013#1,12.495600000000001,1.7196969696969697
29282,29283,25544013#10,2.7161999999999997,0.492436974789916
29284,29285,25544013#11,6.0804,14.213903743315509
29286,29287,25544013#2,0.8118000000000001,0.9926470588235293
29288,29289,25544013#3,0.7218000000000001,0.2692307692307692
29290,29291,25544013#4,2.9538,1.5073529411764703
29292,29293,25544013#5,0.1116,0.12380952380952379
29294,29295,25544013#6,0.81,0.8066666666666668
29296,29297,25544013#8,3.4398,0.49261083743842354
29298,29299,25573246#0,4.2552,15.978375219170072
29300,29301,25573246#1,13.6872,7.315010570824524
29302,29303,25573254#0,6.777,1.2087912087912092
29304,29305,25573254#1,6.2532000000000005,0.4727272727272725
29306,29307,25573254#2,4.107600000000001,0.5428571428571429
29308,29309,25573254#3,5.142600000000001,0.6666666666666667
29310,29311,25573260#0,4.3974,12.88309178743961
29312,29313,25573260#1,5.2254000000000005,0.6786469344608881
29314,29315,25573260#2,11.759400000000001,414.1470588235295
29316,29317,25573267#0,27.3042,82.84119467657077
29318,29319,25573267#1,8.600399999999999,54.16894871199817
29320,29321,25573267#2,28.000799999999998,102618.1788617886
29322,29323,25595895#0,16.425,1.4643874643874637
29324,29325,25595895#1,11.7846,13905.219540229886
29326,29327,25595931,16.5816,3.6999999999999993
29328,29329,25596851#0,23.1966,2.4097560975609764
29330,29331,25596851#1,5.1084000000000005,0.3815331010452961
29332,29333,25596851#2,6.201,0.5928571428571429
29334,29335,25596851#3,3.9546,0.4304993252361675
29336,29337,25596851#4,0.1278,0.20512820512820512
29338,29339,25596851#5,1.692,0.4460887949260042
29340,29341,25596851#6,11.8602,1.710101010101011
29342,29343,25596855,44.4798,88.84448757763984
29344,29345,25596861#0,25.470000000000002,19.34135472370765
29346,29347,25596861#1,7.1928,0.4767676767676768
29348,29349,25596861#2,21.619799999999998,7.897973445143256
29350,29351,25596974#0,51.7176,14.844444444444443
29352,29353,25596974#1,4.7664,2.0185592185592194
29354,29355,25596993#0,6.5952,0.24242424242424265
29356,29357,25596993#1,6.9750000000000005,0.42307692307692296
29358,29359,25596993#2,5.9202,0.17142857142857162
29360,29361,25596993#3,2.2932,0.21978021978021983
29362,29363,25596993#4,1.9332000000000003,0.5428571428571428
29364,29365,25596993#5,1.269,0.25691699604743085
29366,29367,25596993#6,5.148,0.7339901477832514
29368,29369,25596993#7,0.0432,0.5246305418719214
29370,29371,25597196#0,4.275,4716.395833333333
29372,29373,25597196#1,6.5286,8.91642512077295
29374,29375,25597196#2,19.98,208.92609351432878
29376,29377,25597196#4,17.1612,3.092339544513459
29378,29379,25597196#5,15.840000000000002,59.57366946778713
29380,29381,25597196#6,4.266,1.018181818181818
29382,29383,25597196#7,18.752399999999998,4.7666666666666675
29384,29385,25597196#9,23.7744,2961.2
29386,29387,25597372,10.270800000000001,218.71526271893256
29388,29389,25616917,0.0648,0.0
29390,29391,25616922#0,7.704000000000001,3454.3164924506364
29392,29393,25616922#1,5.004,10786.529411764706
29394,29395,25616922#3,10.206,1.0126436781609196
29396,29397,25616922#4,3.4128,0.24827586206896546
29398,29399,25616922#5,0.4806,0.09576612903225805
29400,29401,25616922#6,8.0748,0.4714795008912656
29402,29403,25616922#7,12.8574,0.9435215946843859
29404,29405,25616922#8,8.2422,0.6007843137254899
29406,29407,25623125#0,8.877600000000001,109.73973598926811
29408,29409,25623125#1,0.8442,18.283646898510252
29410,29411,25623125#2,10.1286,0.6222932172931135
29412,29413,25623125#3,12.0816,3.2264888852402245
29414,29415,25623125#4,11.637,11.47624553855182
29416,29417,25623126#1,4.3793999999999995,7.460022522522523
29418,29419,25623126#2,4.1112,0.4880952380952379
29420,29421,25623126#3,16.1658,1.4215686274509802
29422,29423,25623126#4,4.1706,1.1426907396622017
29424,29425,25623127#0,1.8972000000000002,0.6356668954472662
29426,29427,25623127#1,6.1578,0.3525219298245615
29428,29429,25623128#0,51.431400000000004,84.5
29430,29431,25623128#1,19.1448,0.8000000000000002
29432,29433,25623128#2,44.874,3.571428571428573
29434,29435,25623128#3,8.8092,0.7500000000000001
29436,29437,25623128#4,9.2916,0.9661538461538461
29438,29439,25623128#5,22.346999999999998,3.286153846153845
29440,29441,25623128#6,15.8832,563.074074074074
29442,29443,25623134#0,0.8532,0.2528043775649795
29444,29445,25623134#1,3.8051999999999997,0.27318741450068396
29446,29447,25623134#2,0.1656,0.16744186046511622
29448,29449,25623134#3,5.175,0.4107997265892005
29450,29451,25623135#0,7.893,0.5661526746620978
29452,29453,25623135#2,0.0648,1.0195121951219508
29454,29455,25623135#3,0.5508,0.25044563279857396
29456,29457,25623135#4,0.7092,0.34782608695652173
29458,29459,25623135#5,0.0648,0.3006535947712418
29460,29461,25623139,11.1582,6.502811016144348
29464,29465,25625950#0,7.2216,0.6116946778711484
29466,29467,25625950#1,9.4392,534.848209366391
29468,29469,25625951,12.735000000000001,0.0
29470,29471,25626411,1.6956,0.44856892888388944
29472,29473,25626559#0,2.4552,0.5588235294117646
29474,29475,25626559#2,2.1402,0.4444444444444443
29476,29477,25626559#3,7.7940000000000005,0.0
29478,29479,25626605#0,21.4056,4.982142857142857
29480,29481,25626605#1,5.1534,0.24725274725274732
29482,29483,25626605#2,6.8454,0.49899193548387066
29484,29485,25626605#3,13.6674,0.9471264367816093
29486,29487,25626605#4,8.236799999999999,0.9329909221213569
29488,29489,25626614#0,5.8176000000000005,1.2433333333333338
29490,29491,25626614#1,1.1034,0.33201581027667987
29492,29493,25626614#2,8.618400000000001,0.833333333333334
29494,29495,25626614#3,23.058,3.5766666666666658
29496,29497,25626620#0,1.3338,1.7857142857142858
29498,29499,25626620#1,0.81,1.1428571428571428
29500,29501,25626620#2,8.1774,3.066666666666667
29502,29503,25626622#0,1.4436000000000002,3.2492697176241494
29504,29505,25626622#1,3.6323999999999996,3.639999999999999
29506,29507,25626622#2,3.231,2.2142857142857144
29508,29509,25626777#0,11.2698,0.4555555555555556
29510,29511,25626777#1,0.738,0.5
29512,29513,25626777#2,0.0252,0.0
29514,29515,25638462#0,10.0656,0.7387359711640857
29516,29517,25638462#1,23.1174,3.2509432867011094
29518,29519,25638462#2,7.7166,0.6771048156590318
29520,29521,25638462#3,11.3256,1.0044159219005144
29522,29523,25638462#4,11.835,1.1529672045809474
29524,29525,25638463#0,2.853,1.9999999999999998
29526,29527,25638463#1,2.1114,1.0359477124183007
29530,29531,25638468,0.057600000000000005,0.43589743589743585
29532,29533,25638471#0,16.4448,0.5
29534,29535,25638471#2,6.8526,1.9047619047619044
29536,29537,25638471#3,9.887400000000001,1.4909090909090905
29538,29539,25638471#4,5.4198,0.6666666666666666
29540,29541,25638471#5,0.9954000000000001,1.3333333333333335
29542,29543,25638471#6,3.753,0.25000000000000006
29544,29545,25638471#7,2.5398,1.1222222222222222
29546,29547,25638471#8,2.9646,0.25641025641025633
29548,29549,25638471#9,1.4849999999999999,0.3333333333333333
29552,29553,25638475,0.6930000000000001,0.5
29554,29555,25638527,2.9538,648.5376850083087
29556,29557,25638529,21.7404,607.2236097236099
29558,29559,25638614,27.369,6.527777777777778
29560,29561,25638617#0,8.523000000000001,0.0
29564,29565,25638625,17.5608,1.9962121212121235
29566,29567,25638628,23.8032,2.966666666666665
29568,29569,25638632,12.391200000000001,2.4909090909090885
29570,29571,25638642,18.945,0.0
29572,29573,25638649,12.6774,8.766666666666666
29574,29575,25638658,31.5684,0.5
29576,29577,25638677,33.6636,4.125000000000001
29578,29579,25638754,38.2464,65.33333333333333
29580,29581,25638761#0,9.8622,45.95308641975308
29582,29583,25638761#2,7.642800000000001,0.7082278481012663
29584,29585,25638761#4,7.947,18.48821292775665
29586,29587,25638761#5,1.4742,1.2061286804798257
29588,29589,25638761#6,15.7806,334.23096381247126
29590,29591,25638775,9.266399999999999,0.0
29592,29593,25640093#0,12.229199999999999,1.3966101694915265
29594,29595,25640093#1,16.855200000000004,69.82225237449119
29596,29597,25640093#2,5.6052,0.7458378498568614
29598,29599,25640093#3,50.9364,27380.93559227884
29600,29601,25640093#4,21.033,1142.438726767414
29602,29603,25640093#5,19.666800000000002,3924.6290028490007
29604,29605,25640093#6,12.007800000000001,4179.514269122284
29606,29607,25640093#7,22.4982,70558.981328638
29608,29609,25640093#8,4.3848,16949.94873833109
29610,29611,25640094,61.9578,85.66666666666667
29612,29613,25640097#0,11.4696,1.564722617354196
29614,29615,25640097#1,18.7542,2.0285714285714285
29616,29617,25640098#0,29.034,9.553571428571429
29618,29619,25640098#1,21.040200000000002,0.666666666666667
29620,29621,25640099#0,4.2912,0.36152219873150104
29622,29623,25640099#1,15.4908,3.832779623477298
29624,29625,25640145#0,9.0828,0.7777777777777778
29626,29627,25640145#1,6.0228,0.3611111111111112
29628,29629,25640145#2,10.1304,0.7111111111111108
29630,29631,25640145#3,1.9764000000000002,0.4761904761904762
29632,29633,25640145#4,5.2362,0.8392857142857143
29634,29635,25640145#5,15.1218,1.8787878787878791
29636,29637,25640146,16.279200000000003,2.966666666666667
29638,29639,25640147#0,16.907400000000003,1.5535714285714284
29640,29641,25640147#1,10.211400000000001,0.4999999999999999
29642,29643,25640148#0,10.045800000000002,1.7076023391812862
29644,29645,25640148#1,3.3336,0.5333333333333335
29646,29647,25640148#2,12.859200000000001,2.0606060606060597
29648,29649,25640148#3,12.990599999999999,1.4181818181818189
29650,29651,25640149,35.667,3.6666666666666665
29652,29653,25640150,24.327,25.861291957428552
29654,29655,25640151,17.5392,51.04358311800171
29656,29657,25640157#0,8.5266,16.098754348557964
29658,29659,25640157#1,9.216000000000001,1.0708661417322833
29660,29661,25640157#2,19.899,2.165413533834586
29662,29663,25640375#0,3.2688,0.23593073593073646
29664,29665,25640375#1,10.3482,0.9230769230769238
29666,29667,25640375#2,4.6206000000000005,0.26515151515151514
29668,29669,25640375#3,9.8622,0.7499999999999997
29670,29671,25650512,6.8058000000000005,1.5000000000000002
29672,29673,25650588#0,0.48960000000000004,19.49917184265011
29674,29675,25650588#1,13.05,3.8713450292397664
29676,29677,25650588#2,0.6192,0.9821428571428573
29678,29679,25650588#3,11.7846,5.333333333333332
29680,29681,25650588#4,11.2986,0.8611111111111117
29682,29683,25665370#0,13.9122,1.2174342105263156
29684,29685,25665370#1,28.5984,750.9484536082477
29686,29687,25665374,29.158200000000004,17981.7
29688,29689,25665375#0,15.937199999999999,8.859936575052856
29690,29691,25665375#1,25.5582,3.3142857142857145
29692,29693,25665377,44.1702,0.0
29694,29695,25665412#0,29.9592,4.791397353031697
29696,29697,25665412#1,149.0886,100.7805800336493
29698,29699,25665412#2,70.5006,22.46518388204744
29700,29701,25665412#3,35.109,7.245545837382575
29702,29703,25665421#0,31.563000000000002,2.5714285714285707
29704,29705,25665421#1,27.678600000000003,2.1428571428571437
29706,29707,25665421#2,7.3332,0.28571428571428586
29708,29709,25665421#3,12.0528,0.5714285714285717
29710,29711,25665421#4,8.4474,0.3333333333333333
29712,29713,25665421#5,11.8044,21.654545454545456
29714,29715,25665446#0,1.287,0.9166666666666666
29716,29717,25665446#1,6.5718,0.0
29718,29719,25665446#2,1.1124,0.0
29720,29721,25665446#3,7.2432,0.0
29722,29723,25665446#4,1.6704,0.5
29724,29725,25665446#5,7.466399999999999,0.5
29726,29727,25665446#6,12.8376,2.3333333333333326
29728,29729,25689281#1,7.0362,61.88948132191587
29730,29731,25689281#2,4.8546000000000005,9.594896547068544
29732,29733,25689281#3,7.867800000000001,56.6284739937166
29734,29735,25689281#4,4.4136,0.9000000000000011
29736,29737,25699357#0,13.9914,1.1071428571428565
29738,29739,25699357#1,4.5198,0.4557692307692309
29740,29741,25699357#2,6.9984,0.5157232704402515
29742,29743,25699357#3,3.6990000000000003,216.03214535290013
29744,29745,25699357#4,5.364,630.6961152882207
29746,29747,25705489#0,76.0338,32.61219512195123
29748,29749,25705489#1,76.1562,0.0
29750,29751,25705489#2,111.25619999999999,128.0
29752,29753,25705489#3,146.09160000000003,26.33333333333333
29754,29755,25705489#4,0.0648,0.0
29756,29757,25705904#0,0.30600000000000005,0.11966963703542716
29758,29759,25705904#1,24.2262,2.7829741572028976
29760,29761,25705905,9.255600000000001,0.7247233748271088
29762,29763,25708166#1,3.2778,3.4666666666666663
29764,29765,25730198,1.5822,2.2249999999999996
29766,29767,257907860,27.2952,40253.12120420741
29768,29769,257907861,3.3696,3.7462887989203772
29770,29771,25794504#1,16.9974,5.735956284153004
29772,29773,25794504#2,16.7418,4.602286424828395
29774,29775,25796375#1,4.6782,3412.231136494818
29776,29777,25796375#2,20.7666,2606.0139559452227
29778,29779,25796388,17.6112,6.871908271908271
29780,29781,25796398#0,7.1064,3238.1479252279887
29782,29783,25796398#1,3.1698,3023.306487368979
29784,29785,25796964#0,19.8576,9354.754047976012
29786,29787,25796964#1,21.7872,1.1999999999999997
29788,29789,25797084#0,16.0956,2.604575163398694
29790,29791,25797084#1,5.1714,1.2078947368421056
29792,29793,25797084#2,17.2206,1.757142857142857
29794,29795,25797090#0,2.898,368.9207960199006
29796,29797,25797295#0,10.044,9345.191635455682
29798,29799,25797315#0,20.2086,20189.028291316525
29800,29801,25797315#1,28.585800000000003,12690.011847801321
29802,29803,25797315#2,25.677000000000003,171722.95070104024
29804,29805,25797370,19.589399999999998,2.6666666666666665
29806,29807,25797433#0,26.559,2063.5146179523867
29808,29809,25797433#1,24.309,9884.513376136973
29810,29811,25797433#2,7.3854,8531.850530646592
29812,29813,25797433#3,13.0536,47190.32347039418
29814,29815,25801550#0,0.0252,0.0
29816,29817,25801550#1,3.087,0.20000000000000004
29818,29819,25801550#2,16.0452,0.0
29820,29821,25801550#3,7.119000000000001,0.0
29822,29823,25801550#4,5.986800000000001,0.0
29830,29831,25801569,11.3202,2.7884555865057243
29832,29833,25801580#0,0.0432,5.816176470588235
29834,29835,25801580#1,14.6142,1.9999999999999998
29836,29837,25801580#2,8.474400000000001,0.4
29844,29845,25804120#0,1.584,1.1584615384615389
29846,29847,25804120#1,18.7038,1.2865497076023393
29848,29849,25804120#2,15.7392,4.333333333333333
29850,29851,25804122,21.668400000000002,2.933333333333333
29854,29855,25804129,29.2968,10.4
29856,29857,25850446,0.36540000000000006,2.4319890635680106
29858,29859,25869404#0,3.8754,1.281045751633987
29860,29861,25869404#1,18.8352,6.360294117647061
29862,29863,25869404#4,5.7294,1.6909090909090907
29864,29865,25869404#5,9.385200000000001,1.3560606060606064
29866,29867,25889271#0,9.117,2.733333333333333
29868,29869,25889271#1,46.3752,0.6666666666666666
29870,29871,25895864#0,18.909000000000002,2.6538461538461537
29872,29873,25895864#1,19.0386,97.8
29874,29875,25895943#0,11.6334,1.0063492063492077
29876,29877,25895943#1,21.7494,2.481283422459894
29878,29879,25895943#2,16.1028,1.4993252361673424
29880,29881,25895945#0,8.317800000000002,1.9998043818466371
29882,29883,25895945#1,12.0438,1.0937062937062936
29884,29885,25895945#2,10.575000000000001,176.11561302681991
29886,29887,25895947#0,40.3146,7.723333333333336
29888,29889,25895947#1,27.1494,4.935897435897437
29890,29891,25895961,35.8596,120261.66895986896
29892,29893,25895966#0,3.0762,18407.446221206934
29894,29895,25895966#1,2.0466,15007.238732555477
29896,29897,25895966#2,0.7938000000000001,2489.9706790123455
29898,29899,25895966#3,3.4164,68288.50124223602
29900,29901,25895966#5,5.229,92722.60112647209
29902,29903,25895966#6,15.625799999999998,770254.6589371981
29904,29905,25895966#7,1.1142,19583.741176470587
29906,29907,25901651#0,15.8886,22491.500891265598
29908,29909,25901651#1,5.7006,59194.97777777778
29910,29911,25901651#2,3.1806,67596.37313432833
29912,29913,25901651#3,8.3124,205591.01283079394
29914,29915,25901651#4,13.0554,326197.6153846153
29916,29917,25901651#5,16.4088,440850.93797313794
29918,29919,25901682,4.5882,16664.977477477478
29920,29921,25901699,12.4848,447.8137362637363
29922,29923,25901702,16.6986,987.7132589573054
29924,29925,25901706,23.796000000000003,4.775384615384619
29926,29927,25902499,1.5876000000000001,93.13707796193987
29928,29929,25902499.18,1.0926,81.23787599754459
29932,29933,25902795#0,8.8164,0.0
29934,29935,25902795#1,3.0042,0.0
29936,29937,25936570,117.0846,58.696428571428555
29938,29939,25955082#0,19.0656,2.192307692307693
29940,29941,25955082#1,20.930400000000002,1.9999999999999998
29942,29943,25955083#0,5.4558,3.090909090909091
29944,29945,25955083#1,0.7056,0.49999999999999994
29946,29947,25955083#2,14.121,1.1944444444444446
29948,29949,25955083#4,36.5436,3.6
29950,29951,25955084#1,36.372600000000006,8.566666666666663
29952,29953,25955085,25.2756,6948.827896223992
29954,29955,25955087#0,1.2060000000000002,2497.1144781144776
29956,29957,25955087#1,10.3248,5315.048780487804
29958,29959,25955087#2,6.449400000000001,0.6181818181818183
29960,29961,25955089,1.9728,441.2070438952871
29962,29963,25955175#0,10.764000000000001,778.9881685345434
29964,29965,25955175#1,12.186,1941.5234240069085
29966,29967,25955175#2,0.3528,0.8565671641791041
29968,29969,25955175#3,5.0742,2084.753596031964
29970,29971,25955318#0,2.7576,1.578947368421052
29972,29973,25955318#1,15.2424,0.0
29974,29975,25974839#1,2.6604,1.2208754208754213
29976,29977,25974839#2,0.0648,0.7333333333333332
29978,29979,25974839#3,15.003000000000002,11.0
29980,29981,25974839#4,17.692200000000003,8.0
29982,29983,25974839#5,11.0232,3.5265583845478474
29984,29985,25974839#6,0.0648,0.3211805555555555
29986,29987,25993505#1,5.8338,47.62121925693359
29988,29989,25993505#2,4.0824,18.811949685534604
29990,29991,25993505#3,2.9196000000000004,143.382183908046
29992,29993,25993505#4,1.4706,72.33532338308457
29994,29995,25993505#5,4.968,0.5
29996,29997,26071515#0,3.2148000000000003,0.9584765755225212
29998,29999,26071515#1,5.7924,2.205638943579384
30000,30001,26134437,8.2962,0.0
30002,30003,26134440#0,9.9684,0.28571428571428564
30004,30005,26134440#1,10.3194,0.2380952380952381
30006,30007,26134440#2,11.0664,1.333333333333333
30008,30009,26134440#3,11.8566,1.333333333333333
30010,30011,26134440#4,11.4444,1.0000000000000002
30012,30013,26134450,18.1296,0.9166666666666662
30014,30015,26134454,22.393800000000002,0.0
30016,30017,26134457,41.4108,0.0
30018,30019,26134468#1,8.0082,4.690909090909091
30024,30025,26134480#0,30.4524,2.5714285714285707
30026,30027,26134480#1,19.9602,1.0
30028,30029,26134486,38.9232,19.0
30030,30031,26134499#0,2.9934000000000003,0.0
30032,30033,26134499#1,25.3764,0.0
30034,30035,26134507#0,18.3312,5.324175824175824
30036,30037,26134507#1,19.2438,4.63970588235294
30040,30041,26134542#1,10.1088,0.5
30042,30043,26134542#2,22.6764,2.0
30044,30045,26134546#0,11.4984,0.0
30046,30047,26134546#1,13.0122,0.0
30050,30051,26135504#1,5.6286,0.0
30052,30053,26135504#2,4.842,2.0
30056,30057,26135510#0,7.0794,0.5535714285714287
30058,30059,26135510#1,7.412400000000001,6.044444444444444
30060,30061,26135517,10.8702,7.267857142857143
30062,30063,26135523#0,4.1832,0.49333333333333323
30064,30065,26135523#1,0.2376,0.26780626780626776
30066,30067,261386207#0,7.479000000000001,0.0
30068,30069,261386207#1,24.008399999999998,0.0
30070,30071,261386347#0,13.861799999999999,2.3333333333333326
30072,30073,261386347#1,10.567800000000002,0.33333333333333326
30074,30075,261445607#0,5.9508,5.3
30076,30077,261445607#1,3.8718,1.0
30078,30079,261448661,44.8938,10.499999999999998
30080,30081,261448764#1,20.3958,4.923333333333329
30082,30083,261448764#2,13.989600000000001,0.8458498023715412
30084,30085,261448764#3,2.043,0.5535714285714286
30086,30087,261448764#4,13.9626,1.2087912087912087
30088,30089,261448764#5,20.930400000000002,4.69607843137255
30090,30091,261448764#6,7.516800000000001,1.2564102564102564
30092,30093,26176222#0,28.812600000000003,2.74703557312253
30094,30095,26176222#1,8.9154,0.4980237154150202
30096,30097,26176222#2,24.0354,806.0904183535762
30098,30099,26176223#0,8.073,0.7527233115468408
30100,30101,26176223#1,35.901,445.94837840870827
30102,30103,26176224#0,10.738800000000001,1.8823529411764703
30104,30105,26176224#1,10.738800000000001,2268.8566666666666
30106,30107,26176224#2,9.6966,7933.261835184104
30108,30109,26176225#0,9.7974,2.407114624505929
30110,30111,26176225#1,6.921,0.6516129032258068
30112,30113,26176225#3,0.4068,3.7586206896551713
30114,30115,26176225#4,3.4902,0.4979757085020243
30116,30117,26176225#5,8.1234,6.625435540069687
30118,30119,26176229,21.3858,4.0285714285714285
30120,30121,26179010,13.6332,12.916666666666666
30124,30125,26180725,22.174200000000003,258.6666666666667
30126,30127,26180727,30.8934,0.0
30128,30129,26180731#0,0.648,33.61264822134387
30130,30131,26180731#1,13.833,3.809523809523809
30132,30133,26180732,16.1766,23046.265151515152
30134,30135,26180733#0,2.8854,144.62857142857143
30136,30137,26180733#1,1.0224,1.2921052631578946
30138,30139,26180733#2,1.0422,1.0666666666666669
30140,30141,26180733#3,0.24840000000000004,0.9333333333333331
30142,30143,26219867,49.07340000000001,139.7
30144,30145,26219868,50.3748,4.3333333333333375
30146,30147,26219869#0,70.5618,22.966666666666676
30148,30149,26219869#1,12.303,2.1999999999999993
30152,30153,26219870#1,61.568999999999996,18.999999999999996
30154,30155,26219870#2,104.895,8.0
30156,30157,26219871#0,30.978,10.220588235294118
30158,30159,26219871#1,15.863400000000002,1.8095238095238084
30160,30161,26220138#1,0.7794,0.0
30162,30163,26220138#2,5.463,0.0
30164,30165,26223313#0,247.4766,264.5
30168,30169,26224134#0,9.196200000000001,1.5680421422300272
30170,30171,26224134#1,11.410200000000001,2.0461658841940524
30172,30173,26224134#2,16.5168,1.9971171171171174
30174,30175,26224442,7.389000000000001,0.5388039093591797
30176,30177,26224444#0,96.1542,56.77462887989204
30178,30179,26224546#1,0.0648,2.0624999999999996
30182,30183,26224548,43.6536,4.333333333333332
30186,30187,262722743,0.0648,0.0
30188,30189,262722744,22.4874,10.125
30190,30191,26288510#0,0.23940000000000003,1.916445623342175
30192,30193,26288510#1,13.3308,5.059288537549407
30194,30195,26320091,2.1402,0.4559743218057571
30210,30211,26320108#7,11.799,0.0
30212,30213,26334127,29.782799999999998,5.987788420394326
30214,30215,26334131#1,29.5614,800.39
30216,30217,26334132#0,18.3762,8442.167807158346
30218,30219,26334132#1,21.9258,94964.02587991723
30220,30221,26334133#0,8.1234,0.9891762452107282
30222,30223,26334133#1,13.5036,1.4285714285714282
30224,30225,26334133#2,7.466399999999999,0.9295639320029568
30226,30227,26334133#3,12.5478,20.027895942408378
30228,30229,26339174,24.305400000000002,11.223608720596687
30230,30231,26339462#0,0.0432,1000.6451612903226
30232,30233,26339462#1,0.6048,0.05482560917343527
30234,30235,26339462#2,5.4666,4086.9564003436426
30236,30237,26339462#4,6.2766,4885.0798969072175
30238,30239,26339463#0,35.559,6.2035087719298225
30240,30241,26339463#1,2.6550000000000002,0.3628173628173627
30242,30243,26339463#2,4.1958,0.4243886743886745
30244,30245,26339463#3,4.0806,0.4416774193548388
30246,30247,26339463#4,10.4346,7.469783238437717
30248,30249,26339463#5,18.788400000000003,233.9235588972431
30250,30251,26339463#6,0.45,0.2828667413213886
30252,30253,26339463#7,6.1614,4290.265181800875
30254,30255,26339463#8,5.0742,9223.67414664981
30256,30257,26339463#9,18.9306,106807.2707070707
30258,30259,26339464#0,7.336799999999999,2589.5042016806724
30260,30261,26339464#1,14.6592,2.257142857142857
30262,30263,26339464#2,11.266200000000001,0.7192982456140351
30264,30265,26339464#3,4.742999999999999,0.5384615384615385
30266,30267,26339465,20.680200000000003,741.8118466898957
30268,30269,26339466,26.6706,11.238095238095232
30270,30271,26339468#0,5.6718,105.75888615888614
30272,30273,26339468#1,2.619,97.84892541087235
30274,30275,26339468#2,14.985,2.9999999999999996
30276,30277,26339470,8.5752,0.0
30278,30279,26339471#0,5.2956,489.142857142857
30280,30281,26339471#1,8.8902,772.0219194736463
30282,30283,26339471#2,0.6462,0.17416155787955281
30284,30285,26339471#3,8.8956,3528.4176409649253
30286,30287,26339471#4,3.4092,2225.1942272030974
30288,30289,26339471#5,20.847600000000003,101499.75599999998
30290,30291,26339472#0,23.31,6543.746473735402
30292,30293,26339472#1,2.2734,196.37857377587903
30294,30295,26339472#2,11.534400000000002,2543.112472417087
30296,30297,26339472#3,16.9218,18373.635347202813
30298,30299,26339472#4,6.8436,8263.690365448501
30300,30301,26339472#5,13.5036,22769.94436508533
30302,30303,26339473#0,16.6248,2.54728370221328
30304,30305,26339473#1,48.4794,18.349206349206348
30306,30307,26339476#1,18.880200000000002,299.4974831184776
30308,30309,26339478#0,18.0072,2.5698924731182795
30310,30311,26339478#1,2.6118,0.36186186186186176
30312,30313,26339478#2,14.392800000000001,2.5265993265993267
30314,30315,26339478#3,13.0536,66.69742198100408
30316,30317,26339478#4,10.5822,5577.437341772151
30318,30319,26339479,46.6956,8.0
30320,30321,26339480#0,9.891,3.066666666666667
30322,30323,26339480#1,23.5584,2.606060606060605
30324,30325,26339480#3,24.2334,4.381818181818179
30326,30327,26339623#0,11.357999999999999,16.438502673796798
30328,30329,26339623#2,8.3736,0.513227513227513
30330,30331,26339623#3,23.248800000000003,5.410256410256409
30332,30333,26339623#4,10.089,1.689655172413792
30334,30335,26339623#5,8.4384,0.8677536231884059
30336,30337,26339623#6,0.7452,0.2461538461538462
30338,30339,26339623#7,5.112,79.56190476190477
30340,30341,26339624#1,11.1132,236.4387351778656
30342,30343,26339624#2,10.044,1.070652173913043
30346,30347,26339625#1,7.803,88.125
30348,30349,26339626#0,4.5611999999999995,0.2666666666666668
30350,30351,26339626#1,3.2004,0.6666666666666666
30352,30353,26339627#0,0.1296,0.0
30354,30355,26339627#1,17.217,4.992424242424243
30356,30357,26339627#2,17.5338,0.5
30358,30359,26339627#3,4.1508,0.5666666666666667
30360,30361,26356902#0,44.1486,4.916666666666665
30362,30363,26356902#1,27.0126,486.0
30364,30365,26356922#1,6.1902,0.2857142857142857
30368,30369,26358091#0,17.712,26.77777777777777
30370,30371,26358091#1,0.6084,299.8666666666667
30372,30373,263949099#0,3.1212,2.6353846153846154
30374,30375,26416597#1,25.2648,12.272727272727275
30376,30377,26416598#0,25.250400000000003,1269.01
30378,30379,26416599#0,13.5576,717.4167214311793
30380,30381,26416599#1,8.375399999999999,2363.5139573070605
30382,30383,26416600#0,47.6406,7.763403263403265
30384,30385,26416600#1,6.7698,8.187684388927249
30386,30387,26416600#2,14.76,1816.6182970515292
30388,30389,26416601#0,28.8,0.9523809523809522
30390,30391,26416601#1,49.2102,16.333333333333336
30392,30393,26416602#0,10.917000000000002,0.8623188405797096
30394,30395,26416602#1,11.491200000000001,0.7142857142857143
30396,30397,26416602#2,11.5722,0.9032258064516129
30398,30399,26416602#3,5.2056,0.5813953488372096
30400,30401,26416602#4,10.5408,0.6736842105263162
30402,30403,26416602#5,6.696000000000001,1.2380952380952384
30404,30405,26416602#6,8.139600000000002,1.1483516483516483
30406,30407,26416603#0,11.0628,0.8138528138528146
30408,30409,26416603#1,11.4174,0.73202614379085
30410,30411,26416603#10,2.2752,0.39999999999999997
30412,30413,26416603#11,0.7866,0.8235294117647058
30414,30415,26416603#12,8.136,2.0370370370370368
30416,30417,26416603#2,3.6468,0.2958333333333333
30418,30419,26416603#3,4.167,0.7554112554112555
30420,30421,26416603#4,2.3688000000000002,0.2909090909090909
30422,30423,26416603#5,6.514200000000001,0.6181818181818182
30424,30425,26416603#6,5.7564,0.5444444444444443
30426,30427,26416603#7,4.617,0.8888888888888888
30428,30429,26416603#8,4.7304,0.8611111111111112
30430,30431,26416603#9,2.9718,0.23333333333333328
30432,30433,26416604#0,7.7634,1.1515151515151512
30434,30435,26416604#1,14.641200000000001,4.250000000000001
30436,30437,26416605#0,11.232000000000001,1.6666666666666667
30438,30439,26416605#1,10.134,0.6210526315789474
30440,30441,26416605#2,23.8032,2.153846153846154
30442,30443,26416606#0,10.8558,1.2000000000000002
30444,30445,26416606#1,10.5066,0.28571428571428553
30446,30447,26416606#2,17.265600000000003,2.0000000000000004
30448,30449,26416606#3,5.1768,0.8223866790009251
30450,30451,26416607,23.283,3.847619047619048
30452,30453,26438879#0,2.9952,0.2777777777777778
30454,30455,26438879#1,7.297200000000001,1.1428571428571426
30456,30457,26438879#2,1.0475999999999999,0.0
30458,30459,26438880#0,13.501800000000001,1.1742424242424243
30460,30461,26438880#1,16.3098,0.0
30468,30469,26438881#4,4.8294,0.0
30470,30471,26438881#5,0.6084,0.07142857142857141
30472,30473,26438881#6,25.169400000000003,10.89047619047619
30474,30475,26438883#0,46.132200000000005,0.0
30476,30477,26438883#1,0.0648,0.0
30478,30479,26438884#1,7.2954,6.182151793160966
30480,30481,26438884#2,13.2498,1.261496225120109
30482,30483,26438884#3,5.8518,0.4765897973445143
30484,30485,26438884#4,1.863,0.2178030303030302
30486,30487,26438884#5,20.640600000000003,2.404558404558405
30488,30489,26438884#6,5.7330000000000005,0.5000000000000001
30490,30491,26438884#7,1.602,0.2590579710144927
30492,30493,26438884#8,4.9536,0.4822134387351778
30494,30495,26438885#1,21.5928,1.6666666666666667
30496,30497,26438885#2,3.1104,0.0
30500,30501,26451325#1,13.131,75.17961926091827
30502,30503,26451325#2,25.9668,9.666666666666666
30504,30505,26451326,26.074800000000003,3.963636363636364
30506,30507,26451327#1,4.4190000000000005,58.330985915492946
30508,30509,26451327#10,0.2034,0.0
30510,30511,26451327#11,1.7316,1.6190476190476188
30512,30513,26451327#12,1.728,0.3759608665269043
30514,30515,26451327#13,1.359,0.2619047619047619
30516,30517,26451327#14,1.0458,0.446969696969697
30518,30519,26451327#15,1.053,0.2666666666666666
30520,30521,26451327#16,1.2564,0.32222222222222213
30522,30523,26451327#17,1.8,1.7333333333333332
30524,30525,26451327#18,0.5436,0.3636363636363638
30526,30527,26451327#19,4.6206000000000005,490.4927536231884
30528,30529,26451327#2,11.2086,0.8333333333333334
30530,30531,26451327#4,0.0648,0.0
30532,30533,26451327#6,0.0648,0.8
30534,30535,26451327#8,0.0648,1.0
30536,30537,26471752#1,2.7521999999999998,37.251021450459646
30538,30539,26471752#2,13.620600000000001,2.3257178526841433
30540,30541,26471752#3,1.0242,0.47538461538461535
30542,30543,26471752#4,2.9394,0.2857142857142857
30544,30545,26471752#5,1.143,0.3999999999999999
30546,30547,26471931#0,5.317200000000001,195.6516129032258
30548,30549,26471932#0,5.2794,8012.337704918031
30550,30551,26471933,4.6314,0.4308300395256918
30552,30553,26471934#1,2.7576,1.463028169014085
30554,30555,26471934#2,21.726000000000003,3.3470744680851063
30556,30557,26471934#3,3.6288,0.3257978723404255
30558,30559,26471935#0,1.0655999999999999,0.26052631578947366
30560,30561,26471935#1,7.947,3.5236842105263158
30562,30563,26471935#2,9.6084,1.0277777777777777
30564,30565,26471935#3,19.8612,1.1111111111111112
30566,30567,26471936#0,6.2154,0.8106060606060606
30568,30569,26471936#1,5.3586,0.2424242424242424
30570,30571,26471936#2,16.443,3.928571428571428
30572,30573,26471936#3,5.1084000000000005,1.1249999999999998
30574,30575,26471937#0,0.0648,0.28571428571428575
30576,30577,26471937#1,1.4994,1.2
30578,30579,26471937#2,15.6762,0.0
30580,30581,26471937#3,15.669,0.0
30582,30583,26471939#0,4.7646,0.4761904761904763
30584,30585,26471940#1,2.3076000000000003,22.203871118333044
30586,30587,264743653#1,143.7354,12.5
30588,30589,264743654,71.46000000000001,10.8
30590,30591,26546530#1,0.0252,2.076923076923076
30592,30593,26546533,3.1716,0.27155056782616493
30594,30595,26546601,22.145400000000002,1.956549197928507
30596,30597,26546602,22.0788,2.7810607600081267
30598,30599,26546603,5.077800000000001,0.383119341847097
30600,30601,26546605,5.085000000000001,0.49571428571428583
30602,30603,26546606,1.6272,0.4672268907563025
30604,30605,26546610,1.4166,9.069701280227596
30606,30607,26554544#1,0.4464,0.0
30608,30609,26554545#0,3.2561999999999998,2.0
30612,30613,26554546,0.0648,0.0
30614,30615,26574714#1,3.8394,1.4999999999999998
30616,30617,26574714#2,14.886,2.0
30618,30619,26574714#3,7.718400000000001,0.0
30620,30621,26574714#4,14.6304,0.0
30622,30623,26574714#7,25.6788,0.33333333333333304
30624,30625,26574716#1,5.740200000000001,0.0
30626,30627,26574716#2,23.859,0.0
30630,30631,26574717,0.9324,0.7206095791001451
30636,30637,26642300#2,8.3196,0.0
30640,30641,26642301#0,8.298,0.0
30644,30645,26642302#0,7.965,0.9999999999999997
30646,30647,26642302#1,4.3254,0.33333333333333326
30650,30651,26642304#0,0.0252,0.3
30652,30653,26642304#2,5.9058,0.6190476190476187
30654,30655,26642305#1,25.4394,53.476190476190474
30656,30657,26642306#0,32.553000000000004,4.989473684210526
30658,30659,26642309#1,1.1736,28.666666666666668
30660,30661,26642309#2,0.3888,97.14285714285712
30662,30663,26642362#0,13.4154,1.4221153846153842
30664,30665,26642362#1,23.283,4.018264840182644
30666,30667,26642362#2,9.261,855.2619819819819
30668,30669,26642362#3,3.0528,1194.264183185236
30670,30671,26642362#4,0.0432,447.358024691358
30672,30673,26642362#5,1.3554,387.3015254787408
30676,30677,26642373#0,37.8072,6.666666666666667
30678,30679,26642373#1,9.9324,0.5549450549450549
30680,30681,26642373#2,10.2726,2.1956521739130435
30682,30683,26642373#3,9.624600000000001,2.159139784946236
30684,30685,26642374,13.024799999999999,4.333333333333332
30688,30689,266507532,11.3202,0.8051363796671116
30690,30691,266507533,26.1918,0.0
30692,30693,266507534,90.6804,417.69340463458104
30694,30695,266507535,26.541,14.68715812959708
30696,30697,266507536,3.9816000000000003,27.24128573540444
30698,30699,266507537,4.194,1.4227602010095084
30700,30701,266507538,5.5026,0.5967316876123366
30702,30703,266507539,1.6524,30.78028036226943
30704,30705,266507539.83,1.341,20.114785873052405
30706,30707,266507540,1.3752,1.8641464467040052
30708,30709,266507540.73,1.6812,0.6705814781629797
30710,30711,266507541,5.077800000000001,7.579545454545453
30712,30713,266507542#0,2.574,878.3617378520582
30714,30715,266507543,4.0085999999999995,0.2843207010238606
30716,30717,266507544,4.0806,1.9294117647058822
30718,30719,266507545,4.9356,0.2795115332428766
30720,30721,266507546,7.0632,0.7977070168335926
30722,30723,266507547#0,8.0118,1173.5980979020703
30724,30725,266507548,7.757999999999999,334.7805573006309
30726,30727,266507550#0,8.384400000000001,134.9439791222706
30728,30729,266507551,3.7403999999999997,4440.682930197106
30730,30731,266507552#0,3.7763999999999998,9142.134450201609
30732,30733,266507553,4.1742,17.5301365562706
30734,30735,266507553.35,3.3066,541.1103826393684
30736,30737,266507554#0,6.6438,1015.835080239236
30738,30739,266507555,1.4418000000000002,291.36086485055614
30740,30741,266507557#0,1.9908000000000001,6.603944745811302
30742,30743,266507557#1,2.8152000000000004,32.07231746128688
30744,30745,266507557#2,5.6610000000000005,145.24963473308037
30746,30747,266507558,7.700399999999999,149.06246545052517
30748,30749,266561174#0,5.812200000000001,171.63065744573885
30750,30751,266561177#0,2.8476000000000004,0.25131502947517836
30752,30753,266561177#1,4.6386,0.3033326257694754
30754,30755,266561178#0,6.8454,443.95106470106475
30756,30757,266565295#0,7.137,0.4558871794871797
30758,30759,266565295#1,15.3504,1.4553940495116973
30760,30761,266565295#2,17.5464,75.56581262194925
30762,30763,266565295#3,23.918400000000002,605.1399738416886
30764,30765,266565295#4,3.168,98.31727794831771
30766,30767,266565295#6,22.5972,1158.2098271182872
30768,30769,266565299,1.2744,0.24785641025641011
30770,30771,266565302,6.267600000000001,3769.7566257086132
30772,30773,266567294#0,0.8064,713.9585092518474
30774,30775,266567303,0.5742,424.66030482469023
30776,30777,266567304#0,5.292,2395.6588918494253
30778,30779,266567307#0,14.7186,3970.057298861059
30780,30781,266567307#1,4.3758,1476.8054330625264
30782,30783,266567308#0,2.9610000000000003,1066.2655668972163
30784,30785,266607792#0,2.9988,44.766387145332224
30786,30787,266607792#1,1.6416000000000002,6.557310506053805
30788,30789,266607792#2,0.1602,1.8231559546341347
30790,30791,266607792#3,6.5520000000000005,43.929069899909656
30792,30793,266607792#4,6.6293999999999995,237.2141673570836
30794,30795,266607792#5,8.6652,37.61825967717181
30796,30797,266607792#7,5.328,9.391320804551784
30798,30799,266607795#0,2.9268,0.28695153823731406
30800,30801,266607795#1,2.4912,0.4352510234863176
30802,30803,266607795#2,5.0094,18.575853221881804
30804,30805,266607795#4,6.202800000000001,0.6772156657402562
30806,30807,266607795#5,6.498,0.877865490391212
30808,30809,266607795#6,0.4464,0.1614794595952308
30810,30811,266607795#7,3.4362,0.3113035539265051
30812,30813,266607795#8,6.156,0.43051247969280704
30814,30815,266607795#9,15.424200000000003,8.50139688831086
30816,30817,266607796,1.6956,3.6758841499503716
30818,30819,266607798,0.657,21.70931564986733
30820,30821,266607800#0,3.375,24.48987231451662
30822,30823,266607800#1,1.8738,44.70379769683893
30824,30825,266607801#0,3.0474,12.631508073580628
30826,30827,266607801#1,4.3434,94.12531176540004
30828,30829,266607802#1,7.6032,1.201478972155664
30830,30831,266607803#1,7.0488,479.78347424379615
30832,30833,266607803#2,0.9702000000000001,84.66957880087473
30834,30835,266607804#0,0.3834,312.27766983890234
30836,30837,266607804#1,8.2854,2821.3235346485903
30838,30839,266607805#0,13.9968,302.34220858194595
30840,30841,26676668,19.585800000000003,0.0
30842,30843,26677213#0,7.513200000000001,0.5894736842105264
30844,30845,26677213#1,8.479800000000001,0.7076023391812867
30846,30847,26677213#2,8.7192,0.8619047619047618
30848,30849,26677213#3,0.0972,0.1544117647058823
30850,30851,26677213#4,1.1466,0.23529411764705885
30852,30853,26677213#5,4.9967999999999995,0.26666666666666655
30854,30855,26677213#6,2.1798,0.2352941176470588
30856,30857,26677214#0,18.855,0.7857142857142859
30858,30859,26677214#1,0.7002,0.16363636363636364
30860,30861,26677214#2,1.8612000000000002,0.0
30862,30863,26677214#3,11.1582,0.6999999999999996
30864,30865,26677214#4,12.5676,0.25
30866,30867,26677214#5,12.3336,0.0
30868,30869,26677216#0,44.6652,13.285714285714283
30870,30871,26677216#1,9.7938,1.333333333333333
30872,30873,26677216#2,6.6474,2.0
30874,30875,26677216#3,6.3504000000000005,0.564102564102564
30876,30877,26677216#4,11.068200000000001,1.4184210526315788
30878,30879,26677216#5,13.8384,1.8624999999999998
30880,30881,26677416#0,0.108,0.3
30882,30883,26677416#1,20.491200000000003,0.7999999999999998
30884,30885,26677416#2,20.5578,1.7
30886,30887,26677416#3,19.296000000000003,1.6818181818181817
30888,30889,26677416#4,14.558399999999999,2.0985221674876846
30890,30891,26677416#5,0.0432,0.20229885057471272
30892,30893,26677416#6,0.18359999999999999,0.0989247311827957
30894,30895,26677416#7,0.1098,0.09576612903225809
30896,30897,26677417#0,20.026799999999998,2.75
30898,30899,26677417#1,5.7654,0.3833333333333332
30902,30903,26677540#0,7.65,0.33333333333333326
30908,30909,26677541,32.913000000000004,4.333333333333334
30910,30911,26677542#0,15.6636,1.1333333333333329
30912,30913,26677542#1,6.8418,0.48692810457516345
30914,30915,26677542#2,5.6448,0.6559139784946239
30916,30917,26677542#3,16.441200000000002,0.9090909090909097
30918,30919,26678225,15.706800000000001,6.916666666666667
30920,30921,266885713,58.6368,15.362499101508028
30922,30923,266885714,3.0383999999999998,3.096148746306127
30924,30925,266885715,23.3712,2.101809143364405
30926,30927,266885716,7.3584000000000005,0.49917525280294495
30928,30929,266885717,4.9644,0.3192624540062419
30930,30931,266885717-AddedOffRampEdge,6.3342,0.34073768802802396
30932,30933,266885719,3.8124,6.615025865129402
30934,30935,266885720,31.051800000000004,3.3114497672373018
30936,30937,266885721#0,2.484,293.233895399068
30938,30939,266885722,5.860799999999999,22.28457851014573
30940,30941,266885723#0,21.9474,5494.139765377987
30942,30943,266887586,6.7392,3.781214340984672
30944,30945,266887587,11.2554,42.750645568306375
30946,30947,266887588#0,7.642800000000001,798.8173154227067
30948,30949,266887589#0,0.0252,136.85707664921696
30950,30951,266887589#1,15.584399999999999,4364.917998015248
30952,30953,266887589#2,6.0894,1986.0488648550242
30954,30955,266887589#3,9.099,4442.656325030008
30956,30957,266887591,5.9742,38.26342891760896
30958,30959,266887592,7.281,189.27810487187168
30960,30961,266887593#1,7.1046000000000005,130.20343414141533
30962,30963,266887593#2,2.9682,64.94722831924537
30964,30965,266887593#3,0.8892,3.972624955699636
30966,30967,266887593#4,24.4278,8.073272202411284
30968,30969,266887593#6,3.8124,44.467348535974615
30970,30971,26729232#0,4.7178,0.24242424242424246
30972,30973,26729232#1,16.614,2.490909090909091
30974,30975,26729232#2,59.54580000000001,35.06666666666666
30976,30977,26729233#0,6.084,0.2666666666666665
30980,30981,26766980#0,9.7884,0.628787878787879
30982,30983,26766980#1,15.813,0.7222222222222223
30986,30987,26809976#0,64.8396,97.33333333333331
30988,30989,26809976#1,70.2576,19.333333333333325
30990,30991,268133899#0,61.6896,0.0
30992,30993,268133899#1,18.8262,0.0
30994,30995,268133899#2,2.5776,0.33333333333333326
31002,31003,268133900#1,50.5782,0.0
31004,31005,268133900#2,29.797199999999997,7.466666666666667
31006,31007,268133900#3,2.5182,0.3333333333333335
31008,31009,268133900#4,9.6084,0.33333333333333326
31016,31017,268133904#0,23.0076,3.4303441310150826
31018,31019,268133904#1,36.9612,9.921910347716793
31020,31021,268133904#2,18.3528,3.449029566479232
31022,31023,26814848#0,2.3958,0.40257450185152543
31024,31025,26814848#1,19.1034,3.8920056100981775
31026,31027,26814848#2,1.4220000000000002,0.2807692307692309
31028,31029,26814848#4,7.4358,1.14400895856663
31030,31031,26814848#5,11.302200000000001,0.8775280898876412
31032,31033,26972791,19.6092,12.000000000000002
31034,31035,26973015,4.6944,2716.951497451936
31036,31037,26973018#1,11.2104,4.1413861386138615
31038,31039,27082004,10.107000000000001,81.592901270097
31040,31041,27195924#1,38.6208,0.5
31042,31043,27195924#2,0.6786,0.0
31044,31045,27195926#1,18.1458,3.935897435897436
31046,31047,27196044#0,25.2054,3.804027196652722
31048,31049,27196044#1,11.0718,1.0723978919631096
31050,31051,27196044#2,4.4208,0.40857707509881447
31052,31053,27196044#3,3.4776,0.35150507752642646
31054,31055,27196044#4,2.7594,0.3319221878814637
31056,31057,27196044#5,5.9616,0.33935018050541527
31058,31059,27196044#6,5.5188,0.46680075294603
31060,31061,27196044#7,3.0564,0.2741806554756192
31062,31063,27196044#8,13.4712,2.0072202166064996
31064,31065,272042143,33.606,5.519937219173038
31066,31067,272042145,29.089800000000004,32.387101349139975
31068,31069,272255518#0,19.647,3.482828282828282
31070,31071,272255518#1,2.1708,0.825619448340346
31080,31081,272255519#4,4.9302,0.564102564102564
31082,31083,272255519#5,14.720400000000001,1.85
31084,31085,272255519#6,43.1784,9.363636363636362
31086,31087,27267723,3.456,0.18406995024391848
31088,31089,27267724,7.9632000000000005,0.5004934242351929
31090,31091,273078633,17.9388,2.7
31092,31093,273078634#0,0.0648,3.4727272727272727
31094,31095,273078634#1,7.138800000000001,0.4545454545454545
31096,31097,273078634#2,16.7886,0.5714285714285711
31098,31099,273123309#0,38.9502,259114.67260533822
31100,31101,273123311,25.641,6.1613074720035685
31102,31103,273123315,148.5036,165.37777777777777
31106,31107,273123318,93.35340000000001,5.333333333333329
31108,31109,273123319,24.5142,3.2
31110,31111,27453586#0,24.3234,2890.915188253084
31112,31113,274823616#0,4.4118,0.36250000000000016
31114,31115,274823616#1,33.4962,118371.5659340659
31116,31117,274823622#0,16.4592,2549.501519756839
31118,31119,274823622#1,12.9204,29596.482800137594
31120,31121,274823622#10,10.778400000000001,583866.6984126986
31122,31123,274823622#3,8.523000000000001,28133.880713489412
31124,31125,274823622#4,0.3438,2035.7275171393997
31126,31127,274823622#5,3.9978000000000002,17092.694411192573
31128,31129,274823622#6,5.6394,49945.2157154673
31130,31131,274823622#9,2.664,39724.01860465115
31132,31133,274823623#1,1.575,0.0
31134,31135,274823624#0,0.0648,3755.1555555555556
31136,31137,274823624#1,20.3706,3.058823529411764
31138,31139,274823625,8.7408,0.2857142857142856
31140,31141,27761238#0,11.187,2.0666666666666673
31142,31143,27761238#1,2.8116000000000003,0.5913978494623654
31144,31145,27761238#2,3.339,0.3532051282051283
31146,31147,27761238#3,16.099200000000003,2.8860667634252555
31148,31149,27761238#4,19.3446,57.06390977443608
31150,31151,27761238#5,3.7728,260.9150621118012
31152,31153,27761238#6,19.6092,4.676411290322584
31158,31159,27781907#0,17.523,0.8098693759071115
31160,31161,27781907#1,22.8312,9123.742995169081
31162,31163,27781908#0,21.4686,1.3777777777777775
31164,31165,27781908#1,9.6012,0.0
31168,31169,27781947#0,11.3886,65990.62315270936
31170,31171,27781947#2,15.9642,2.408403361344537
31172,31173,27781947#3,37.1232,6.59698025551684
31174,31175,27781947#4,19.596600000000002,2.0256410256410255
31176,31177,27781947#5,19.809,8722.502542372882
31178,31179,27782265#0,7.1928,0.3311688311688313
31180,31181,27782265#1,8.7066,0.6476190476190475
31182,31183,27782265#10,34.311600000000006,28.11111111111111
31184,31185,27782265#2,2.2122,0.2794117647058823
31186,31187,27782265#3,5.050800000000001,0.3333333333333332
31188,31189,27782265#6,8.3088,4.018181818181818
31190,31191,27782265#7,8.8794,1.542857142857143
31192,31193,27782265#8,3.9798,0.2857142857142857
31194,31195,27782265#9,43.7598,20.952380952380953
31196,31197,27825198,8.5824,1.6666666666666667
31202,31203,27825202#0,4.59,2.30877452795261
31204,31205,27825202#2,10.3176,1.7672590567327404
31206,31207,27825202#3,4.1886,0.8967867575462515
31210,31211,27825654#1,4.6548,0.2100000000000001
31212,31213,27825654#3,7.5492,0.23809523809523805
31214,31215,27825654#4,12.159,0.26666666666666694
31216,31217,27825654#5,7.0398000000000005,0.0
31218,31219,27825654#6,2.7396000000000003,49.8
31220,31221,27827337,74.988,34.308249496981894
31228,31229,27830333#1,7.444800000000001,12.233447428005368
31230,31231,27866012#0,91.7154,24.063492063492046
31232,31233,27866012#1,0.369,1.40515350877193
31234,31235,27866014,6.0534,0.75
31236,31237,27866016,150.4008,121.84705882352944
31240,31241,27872579#0,9.2754,0.6948717948717946
31242,31243,27872579#1,4.7034,0.5775401069518715
31244,31245,27872579#2,11.4552,1.5296442687747038
31246,31247,27872579#3,7.884,1.3088235294117643
31248,31249,27872582,18.021600000000003,4.132352941176471
31250,31251,27872583#0,1.6416000000000002,0.4444444444444444
31252,31253,27872583#1,5.5314,0.2678571428571428
31254,31255,27872583#2,8.9748,0.7
31256,31257,27872583#3,2.5398,0.3
31258,31259,27872583#4,24.1416,0.5
31260,31261,27872584#0,5.1857999999999995,1.8527738264580362
31262,31263,27872584#1,4.1958,0.5668563300142248
31264,31265,27872584#2,5.8824,0.5538461538461538
31266,31267,27872584#3,4.311,0.307051282051282
31268,31269,27872584#4,4.0482000000000005,0.21538461538461545
31270,31271,27893434#1,4.1832,22992.199056881815
31272,31273,27893434#2,6.111,48038.17791903646
31274,31275,27893434#3,7.0848,73804.47692412339
31276,31277,27893434#4,1.863,7603.921198085531
31278,31279,27893434#5,7.8138000000000005,86716.56213487203
31280,31281,27893434#6,3.3984,17663.585075735085
31282,31283,27894322#0,39.5388,8.0
31284,31285,27894322#1,20.7036,3.366666666666667
31286,31287,27914965#0,41.531400000000005,0.33333333333333304
31288,31289,27914965#2,16.9452,0.5
31290,31291,27914966,41.238,8.0
31296,31297,27920078#0,6.5718,978.073935826115
31298,31299,27920078#1,1.9656000000000002,1270.8169789423857
31300,31301,27998319,2.2212,0.29912571089041673
31302,31303,27998320#0,0.0648,0.14285714285714285
31304,31305,27998320#1,24.487199999999998,35.0
31306,31307,27998322#0,22.5234,8.0
31308,31309,27998322#1,0.0648,264.25
31310,31311,27998675#2,8.942400000000001,3.5476190476190474
31312,31313,27998675#4,15.588000000000001,1.5641025641025639
31314,31315,27998675#5,45.678599999999996,233.33333333333331
31316,31317,27998676#0,4.6242,0.31106639839034195
31318,31319,27998676#1,0.5688,0.24759615384615388
31320,31321,27998676#2,5.418,0.21121664405246493
31322,31323,27998676#3,5.6592,0.43413461538461545
31324,31325,27998676#4,3.7728,0.2867513611615245
31326,31327,28012818#1,16.5654,955.9147286821707
31328,31329,28013725#2,17.566200000000002,1.893785310734463
31330,31331,28013725#3,11.3436,0.6813186813186813
31332,31333,28013728#0,0.5958,0.26190476190476186
31334,31335,28013728#1,1.2438,0.12337662337662339
31336,31337,28013728#10,0.4086,0.21997300944669362
31338,31339,28013728#11,1.8558,0.2652916073968705
31340,31341,28013728#13,4.5558000000000005,42.04804804804807
31342,31343,28013728#2,6.4044,0.3333333333333333
31344,31345,28013728#3,1.8881999999999999,0.7
31346,31347,28013728#4,0.3276,0.3333333333333333
31348,31349,28013728#5,8.019,0.7974358974358972
31350,31351,28013728#6,0.25200000000000006,0.23616734143049928
31352,31353,28013728#8,10.269,1.5217391304347827
31354,31355,28013728#9,13.622399999999999,1.5121794871794871
31356,31357,28013743#0,0.0648,0.253319357092942
31358,31359,28013743#1,0.0648,0.5
31362,31363,28013743#2,1.1952,1.2
31364,31365,28013743#3,1.1196,1.0
31366,31367,28013743#4,1.1304,0.5
31368,31369,28013743#5,1.1232,0.5714285714285714
31370,31371,28013743#6,1.2816,0.2666666666666666
31372,31373,28013743#7,1.0782,0.3333333333333333
31374,31375,28013743#8,1.1880000000000002,0.5666666666666667
31376,31377,28013743#9,1.1466,0.0
31378,31379,28013748#0,1.9692000000000003,0.14285714285714288
31380,31381,28013748#1,1.179,0.3333333333333335
31382,31383,28013748#10,4.095,16.333333333333332
31384,31385,28013748#2,1.1466,0.3333333333333333
31386,31387,28013748#3,1.1880000000000002,0.6111111111111112
31388,31389,28013748#4,1.0818,1.6666666666666663
31390,31391,28013748#5,1.2816,0.6666666666666666
31392,31393,28013748#6,1.1232,0.5
31394,31395,28013748#7,1.1304,2.0
31396,31397,28013748#8,1.1196,0.0
31398,31399,28013748#9,1.197,0.33333333333333326
31400,31401,28013789#0,0.0648,0.0
31402,31403,28013789#2,9.957600000000001,0.0
31404,31405,28014156#1,115.776,105.41176470588233
31406,31407,28014167#0,129.3642,50.85454545454545
31408,31409,28014167#1,181.0458,139.18681318681325
31410,31411,28014167#3,39.8232,15.083333333333334
31412,31413,28014170#1,85.4316,112.56363636363638
31414,31415,28035146#0,11.3868,1.3666666666666658
31416,31417,28035146#1,6.6276,2.0
31418,31419,28091398,0.6624,0.22732642522023838
31420,31421,28098600#0,0.4536,0.2365591397849463
31422,31423,28098600#1,2.0358,0.13978494623655915
31424,31425,28098609#0,5.0076,1525.820197044335
31426,31427,28098609#1,1.098,5284.076923076923
31428,31429,28098609#2,6.003,5.333333333333333
31430,31431,28098609#3,24.471,4.0
31432,31433,28098611#1,1.1034,28.331550802139034
31434,31435,28111851#1,7.867800000000001,0.0
31436,31437,28111926#1,0.1098,0.46290143964562575
31438,31439,28111930#0,0.6444,0.5335968379446642
31440,31441,28111930#1,22.338,5.123809523809521
31444,31445,28111977#1,32.1606,30.027777777777775
31450,31451,28111977#4,34.407,3.2857142857142843
31452,31453,28111977#5,38.5902,8.322222222222223
31456,31457,28111977#7,55.1592,18.0
31462,31463,28114237,5.2542,181.82017543859655
31464,31465,28114295#0,18.0414,2.2472527472527473
31466,31467,28114295#1,10.4634,0.30000000000000004
31468,31469,28119595#2,22.325400000000002,6.730994152046783
31470,31471,28119595#3,9.7614,2.25
31476,31477,28124258#0,26.5716,3.3296865137807696
31478,31479,28124258#1,7.470000000000001,0.5096726190476191
31480,31481,28124258#2,27.621000000000002,2.6475745178258343
31482,31483,28124258#3,18.0486,1.9111111111111103
31484,31485,28124570#0,17.3142,3.4666666666666663
31486,31487,28124570#1,30.8106,18.4
31488,31489,28124570#2,6.4386,2.2
31490,31491,28124570#3,41.3586,18.66666666666667
31492,31493,28124570#4,3.4308,0.9166666666666666
31494,31495,28124570#5,1.4274,0.0
31498,31499,28124570#7,10.0548,0.0
31500,31501,28124570#8,9.8424,0.0
31510,31511,28124729#0,31.671,201206.34049284048
31512,31513,28124729#1,3.258,25084.240526315785
31514,31515,28124729#2,9.5418,255125.16161616158
31516,31517,28124764#0,1.9872000000000003,1.4184210526315788
31518,31519,28124764#1,25.731,4.978260869565212
31520,31521,28124764#2,6.3144,0.12337662337662338
31522,31523,28124764#3,9.3438,66.68583042973287
31524,31525,28124764#4,0.9378000000000001,31.47619047619049
31526,31527,28124854#1,9.585,16.462868550657767
31528,31529,28124854#1.89,9.3636,204.2854241521796
31530,31531,28124882,47.8242,1.0
31532,31533,28132014#0,1.3968,14.653876888783206
31534,31535,28132014#1,7.336799999999999,514.8502389236497
31536,31537,28132014#2,9.6264,626.6156484458734
31538,31539,28132017,4.6458,0.23845072287409425
31540,31541,28132244#0,1.9728,2.2666666666666666
31542,31543,28132244#1,6.188400000000001,1.2000000000000002
31544,31545,28132244#2,10.326600000000001,0.1666666666666666
31546,31547,28132718,6.3504000000000005,29.878991596638656
31548,31549,28132749#0,2.8638,2.0
31550,31551,28132749#1,1.1520000000000001,0.5
31552,31553,28132749#2,1.3194,0.33333333333333337
31554,31555,28132813,10.645199999999999,437.0585585585585
31556,31557,28132836#0,2.1132,77.71851542952457
31558,31559,28132836#1,2.4876,17.196738022426093
31560,31561,28132836#2,4.4064,56.32939516840062
31562,31563,28132836#3,2.5146,0.3721523705753321
31564,31565,28132836#4,17.5014,1.7049439683586038
31566,31567,28132865,18.306,3.6666666666666674
31568,31569,28132869,15.696000000000002,1.0
31570,31571,28133036#0,10.3374,4.0
31572,31573,28133036#1,32.9454,0.5
31574,31575,28133087,33.003,33.33333333333333
31576,31577,28133099,40.482,3.4727272727272718
31578,31579,28133108#0,4.7232,5.611111111111111
31580,31581,28133108#1,4.3128,0.2666666666666666
31582,31583,28133108#2,5.1335999999999995,0.0
31584,31585,28133112#0,7.2791999999999994,1.357142857142857
31586,31587,28133112#1,5.2146,2.0
31588,31589,28133112#2,3.366,0.0
31590,31591,28133141,33.12,9.655303030303035
31592,31593,28133152#0,24.8364,25.79734848484848
31594,31595,28133152#1,13.0752,4.333333333333333
31596,31597,28133177#0,37.8144,10.454545454545453
31598,31599,28133177#1,15.6762,1.6732026143790855
31602,31603,28133181#0,22.503600000000002,4.5
31604,31605,28133181#1,7.9434000000000005,0.0
31606,31607,28133199,34.0902,4.4
31608,31609,28161015,251.1774,22.33333333333337
31610,31611,28161024#0,3.2184,0.5
31612,31613,28161024#1,16.8246,2.25
31614,31615,28161024#2,10.1286,6.622222222222223
31616,31617,28161026#0,7.914600000000001,0.0
31618,31619,28161026#1,8.4114,0.0
31620,31621,28161026#2,8.469000000000001,0.4
31622,31623,28161026#3,3.2201999999999997,0.3
31624,31625,28161026#4,11.133,2.083333333333333
31626,31627,28161026#5,10.7064,0.7252747252747253
31628,31629,28161026#6,9.5616,27.936758893280626
31632,31633,28161030,52.812,0.0
31636,31637,28161105#0,50.3928,8.91666666666667
31638,31639,28161105#1,16.0578,2.166666666666667
31640,31641,28161105#2,30.8916,185.33333333333331
31642,31643,28161139,28.8072,37961.28571428571
31644,31645,28161140,0.0648,16939.635522664204
31646,31647,28161141#0,0.8154,0.33333333333333337
31648,31649,28161141#1,27.5796,0.5
31650,31651,28162357#1,0.4176,324.68707482993204
31652,31653,28162375#1,0.9612,61.06410256410255
31654,31655,28162375#2,20.9394,1.8999999999999992
31656,31657,28162390#1,2.1078,16.999999999999996
31658,31659,28162390#2,13.2804,2.2637362637362646
31660,31661,28232068#0,0.1296,2.048717948717949
31662,31663,28232068#1,60.312599999999996,68495.86602564105
31664,31665,28252424,0.0648,2304.681950655119
31666,31667,282532460#0,13.642199999999999,2.0
31668,31669,282532460#1,12.1104,2.0
31670,31671,282532460#2,8.6724,1.6666666666666667
31672,31673,28268963,32.031000000000006,6.6111111111111125
31674,31675,28268964#0,9.505799999999999,8.499999999999998
31676,31677,28268964#1,33.0156,15.466666666666665
31678,31679,28269269#0,34.165800000000004,7.113636363636365
31680,31681,28269269#1,8.6616,1.5000000000000002
31682,31683,28269269#2,18.3438,0.666666666666667
31684,31685,28269269#3,11.7666,0.33333333333333326
31686,31687,28269269#4,16.245,1.3333333333333333
31690,31691,28269326#0,10.6236,0.474308300395257
31692,31693,28269326#1,21.695400000000003,1.5535714285714288
31694,31695,28269326#2,23.4864,0.9999999999999999
31696,31697,28269326#3,11.9088,0.6666666666666666
31698,31699,28269326#4,24.579,1.333333333333334
31700,31701,28269334,7.9632000000000005,0.7
31702,31703,28269616#1,0.2718,9.766666666666667
31704,31705,28269616#2,11.619,0.3333333333333335
31706,31707,28269616#3,1.602,1.324175824175824
31708,31709,28269616#4,1.5444,1.7908496732026145
31710,31711,28269620#0,15.6006,6.199999999999999
31712,31713,28269620#1,15.9696,0.0
31714,31715,28269620#2,23.808600000000002,13.0
31716,31717,28269631,1.7766,1.4666666666666668
31718,31719,28269810#1,13.4928,2515.6587511124785
31720,31721,28269810#2,18.682199999999998,3474.9765438830796
31722,31723,283067359#0,0.0432,0.3333333333333333
31724,31725,283067359#1,7.2791999999999994,3.0
31726,31727,283067359#2,14.3424,0.5
31728,31729,283067359#3,5.8914,0.0
31730,31731,283067359#4,4.8294,0.0
31732,31733,283067359#5,31.627800000000004,0.0
31734,31735,283067359#6,0.5256,0.0
31736,31737,283067369,57.110400000000006,18.0
31738,31739,28319300#0,24.7554,14.601449275362315
31740,31741,28319300#1,5.5836,0.27705627705627706
31742,31743,28319300#2,10.355400000000001,1.0649350649350655
31744,31745,28319300#4,2.142,0.24264705882352935
31746,31747,28319300#5,9.6606,0.4926470588235295
31748,31749,28319300#6,0.9342,0.19230769230769232
31750,31751,28319300#7,7.901999999999999,0.6923076923076925
31752,31753,28320823,22.699800000000003,1.647058823529414
31754,31755,283470309,0.3942,0.24914965986394563
31756,31757,28390298,86.247,54.64390243902439
31758,31759,28418763,21.189600000000002,175.8533838782711
31760,31761,28418764,30.204000000000004,3501.6818695490892
31762,31763,284224051,0.7668,0.0
31764,31765,284224052#0,22.393800000000002,0.0
31766,31767,284224052#1,0.0648,0.9666666666666666
31770,31771,284224054#2,30.312,4.333333333333335
31772,31773,28444755,172.0584,215.02307692307687
31774,31775,285490885,15.1902,3.2280701754385968
31776,31777,285548171#0,17.4978,2.3333333333333344
31778,31779,285548171#1,0.9846000000000001,49.952380952380956
31780,31781,285549250#0,4.338,18.200423329292455
31782,31783,285549250#0.50,7.0866,176.9385547153112
31784,31785,285716192#0,9.6264,3336.261808663349
31786,31787,285716192#1,2.5128,1206.593324502058
31788,31789,28577490#0,5.4288,0.6418383228050909
31790,31791,28577490#1,1.7226,0.2827164513911504
31792,31793,28577490#3,1.2762,200.84163219853636
31794,31795,28593900,16.9128,1.6339300229069693
31796,31797,28639688#1,0.936,8.384295311854745
31798,31799,28639688#2,5.338800000000001,160.71410942063528
31800,31801,28639688#3,1.0422,73.58754751072702
31802,31803,286646181,40.3884,10.774748458292759
31806,31807,286646183,66.4902,0.0
31808,31809,286646184#0,11.133,72.47058823529412
31810,31811,286646185,61.568999999999996,4.5
31812,31813,286646186#0,8.793,154.85913275193798
31814,31815,286646186#1,0.3078,28.399447208402435
31816,31817,286646187#0,0.117,0.0
31818,31819,286646187#1,0.0648,7.583333333333333
31820,31821,286646188#0,0.2178,0.58974358974359
31822,31823,286646188#1,3.2508000000000004,0.0
31824,31825,286646188#2,2.0754,0.0
31826,31827,286646188#3,1.7027999999999999,0.0
31828,31829,286646188#4,30.911399999999997,2.9166666666666665
31830,31831,286646188#5,18.4698,2.3333333333333326
31832,31833,286646190#0,9.9198,1.095833333333333
31834,31835,286646190#1,47.079,12.527472527472524
31836,31837,286646191#0,196.1748,0.0
31838,31839,286646191#1,50.4072,180.5
31840,31841,286646191#2,9.8028,3.9555555555555557
31842,31843,286646191#3,3.9528000000000003,3.1515151515151505
31844,31845,286646456#0,2.07,19.673958040794243
31846,31847,286646456#2,3.9869999999999997,10.638409251981185
31848,31849,286646456#3,3.7602,12.612541128725828
31850,31851,286646456#4,9.107999999999999,69.36427355967908
31852,31853,28738529#1,1.4958,0.0
31854,31855,28738529#12,2.5938000000000003,36.4
31856,31857,28738529#13,0.0648,0.5256410256410259
31858,31859,28738529#14,18.9846,2.5714285714285716
31860,31861,28738529#15,19.3104,3.1428571428571423
31862,31863,28738529#2,1.1916,0.29999999999999993
31864,31865,28738529#3,4.4028,0.9166666666666669
31866,31867,28738529#4,12.636,1.6428571428571423
31868,31869,28738529#6,4.4910000000000005,24.5
31870,31871,28738529#7,0.6120000000000001,0.0
31872,31873,28738529#8,21.0006,38.35294117647059
31874,31875,28738529#9,0.0648,52.4078947368421
31876,31877,28738541#0,3.726,1.6846725514376575
31878,31879,28738541#1,0.014400000000000001,0.6548840653193936
31898,31899,28740443#0,0.8316,1.0
31900,31901,28740443#1,1.1178000000000001,4.5
31902,31903,28749365#0,0.0432,0.5
31904,31905,28749365#2,4.8726,0.5
31908,31909,28763451#1,1.161,10.593719806763282
31910,31911,28763451#2,0.25200000000000006,0.1494949494949495
31912,31913,28781036#0,0.6030000000000001,0.0
31916,31917,28781036#2,8.7696,0.0
31918,31919,28781036#4,6.058800000000001,0.0
31920,31921,28781036#5,5.0076,0.916666666666667
31922,31923,28781036#6,2.3274,0.3
31924,31925,28781036#7,7.9883999999999995,0.9444444444444445
31926,31927,288193337#0,5.157000000000001,0.20000000000000004
31930,31931,288213479,8.1774,6.25
31932,31933,288213480#0,13.5252,3.267857142857143
31934,31935,288213480#1,8.270999999999999,0.0
31936,31937,288213480#2,7.804800000000001,4.300000000000001
31938,31939,28845091#0,28.722600000000003,11.547652916073966
31940,31941,28845091#1,0.1296,5.8394736842105255
31942,31943,28845091#2,10.2492,7.716666666666669
31944,31945,28845091#3,69.0984,26.28571428571429
31946,31947,28845095#0,98.56620000000001,102.50000000000001
31948,31949,28845095#2,8.883,17.476190476190478
31954,31955,28970268#0,1.5552,0.7160633484162894
31956,31957,28970268#1,10.2546,0.6144927536231884
31958,31959,28970268#2,15.5664,1.2835497835497829
31960,31961,28970268#3,8.7048,0.7999999999999999
31962,31963,28970269,20.9556,0.5
31964,31965,289878517#1,3.7584000000000004,0.0
31968,31969,289879699,12.1572,8.14285714285714
31970,31971,29001352,5.1984,0.2848015873015874
31972,31973,29002239,48.348,10.89024390243903
31974,31975,29002248#0,13.242600000000001,71314.50704225355
31976,31977,29002248#1,11.989799999999999,71873.05732946299
31978,31979,29002251#0,13.8222,59871.346468684525
31980,31981,29002251#1,1.8432000000000002,5039.577950767935
31982,31983,29002252#0,13.5342,38665.58581952118
31984,31985,29002252#1,2.3094,12768.593798151001
31986,31987,29002252#3,5.1408,21048.694530672576
31988,31989,29002252#4,3.717,35149.29551738584
31990,31991,29002253,14.2956,1345.8997973657547
31992,31993,29002614,32.7294,18012.191346153846
31994,31995,29002689,15.3576,2.5666666666666664
31996,31997,29002846,7.956,0.7222222222222222
31998,31999,29027727#0,5.0148,96051.18064516131
32000,32001,29027727#1,5.389200000000001,77588.09576612902
32002,32003,29027727#2,9.9666,391147.0129870131
32004,32005,29027727#4,3.7386,102988.01461133841
32006,32007,29027727#5,0.9864,17258.492317822645
32008,32009,29027727#6,5.841,278761.392937853
32010,32011,29027727#7,0.9414,15599.073896133608
32012,32013,29027727#8,5.247,289398.0624092889
32014,32015,29027727#9,10.9008,1147425.7171893148
32016,32017,29027839#0,22.3614,5931.509316770188
32018,32019,29027839#1,7.218,1496.8542470119517
32020,32021,29027839#2,10.8612,6069.81204416193
32022,32023,29027840,5.2236,692.7016742770165
32024,32025,29027936#1,1.5318,1.2275884833159825
32026,32027,290388899,86.41080000000001,54.95555090363546
32028,32029,29048562#1,3.5946000000000002,951.6381212001083
32030,32031,29060369#0,34.8534,1.333333333333334
32032,32033,29060369#1,9.4824,0.0
32034,32035,29119849#0,1.4634,19.29876614613458
32036,32037,29119849#1,6.8184,779.573752238951
32038,32039,29119850,8.3682,1024.3415126833208
32040,32041,29119850.76,0.8568,125.79976949898197
32042,32043,29119851#0,5.5043999999999995,959.4536212624574
32044,32045,29119851#1,3.591,1041.0751017804544
32046,32047,29119898,1.3248,0.40893470790378017
32048,32049,29146979#1,5.324400000000001,1.3159420289855077
32050,32051,29146979#2,0.2682,0.29797979797979796
32052,32053,29146979#3,0.6552,0.24680603948896632
32054,32055,29146979#4,8.1774,0.5282392026578071
32058,32059,29187258#0,11.8134,1.1428571428571428
32060,32061,29187258#1,1.026,2.6545454545454548
32062,32063,29187258#2,1.0422,0.3333333333333333
32064,32065,29187258#3,9.1908,3.0606060606060606
32066,32067,29187258#4,9.5724,3.9852941176470593
32068,32069,29187258#5,1.0458,16.017543859649127
32070,32071,29187258#6,1.0224,0.6766666666666667
32072,32073,29187258#7,12.222,1.2857142857142863
32076,32077,29205272#10,37.470600000000005,17.33333333333334
32078,32079,29205272#11,129.1464,0.0
32080,32081,29205272#13,33.3324,13.500000000000004
32084,32085,29205272#2,24.5466,9.300000000000004
32086,32087,29205272#3,42.786,0.0
32088,32089,29205272#4,54.2916,34.916666666666664
32090,32091,29205272#5,2.9916,0.6666666666666665
32092,32093,29205272#6,59.39280000000001,0.0
32094,32095,29205272#7,0.8676,3.0
32100,32101,29205273#0,6.1902,6060.793706293704
32102,32103,29205273#1,4.8528,127.28996598639456
32104,32105,29205273#2,18.1152,119.33015873015876
32106,32107,29205273#5,13.131,2.8717948717948705
32108,32109,29205273#6,9.4824,1.4822134387351782
32110,32111,29205273#7,11.6316,2.2571428571428567
32112,32113,29205273#8,13.388399999999999,0.9821428571428565
32114,32115,29205273#9,9.9396,1.766666666666667
32118,32119,29205279,27.730800000000002,20.944444444444443
32120,32121,29212862#1,19.278000000000002,22.540348881304535
32122,32123,29212862#2,21.9816,4.405627083197174
32124,32125,29213028#1,1.3860000000000001,27.220810647307918
32126,32127,29213028#2,3.3408,2.54954954954955
32128,32129,29213363,9.4734,1193.543333333333
32130,32131,29213366,4.6044,4.508474576271185
32132,32133,29213402,0.1404,0.2493200609225411
32134,32135,29213411,13.228200000000001,0.7096774193548387
32136,32137,29213449#0,3.1716,0.6538461538461537
32138,32139,29213449#1,0.8586,0.4938461538461538
32140,32141,29213449#2,0.1638,0.4566666666666668
32142,32143,29213449#3,0.4752,0.20999999999999996
32144,32145,29213477#0,14.488199999999999,1.6190476190476186
32146,32147,29213477#1,32.8806,4.355555555555556
32148,32149,29213811,4.1688,1.587193140022238
32150,32151,29213889,4.023,0.32089358546533187
32154,32155,29238184#0,1.755,0.26376204440720574
32156,32157,29238184#1,2.007,0.18659405111018015
32158,32159,29238187#0,11.2932,8006.348214285716
32160,32161,29238187#1,11.79,14069.146464646466
32162,32163,29238187#2,20.3598,150115.90724637682
32164,32165,29238188#0,1.0026000000000002,25338.8165030388
32166,32167,29238188#0.17,3.0708,24363.762525737817
32168,32169,29238188#1,2.9970000000000003,33111.123603603606
32170,32171,29238188#2,11.6604,436170.78870335995
32172,32173,29238188#3,5.180400000000001,80224.49942953224
32174,32175,29254382#0,21.6414,0.0
32176,32177,29254382#1,34.3746,2.0
32178,32179,29254382#2,19.447200000000002,0.0
32180,32181,29254384#0,6.8742,0.5
32182,32183,29254384#1,4.6116,0.0
32184,32185,29254494,76.158,12.666666666666668
32198,32199,29254533#0,11.5794,0.0
32204,32205,29254557,14.128200000000001,0.0
32210,32211,29254586#2,19.242,0.0
32212,32213,29254586#3,6.5826,0.0
32214,32215,29254586#30,4.7501999999999995,0.0
32216,32217,29254586#4,2.5146,0.0
32218,32219,29254590#0,12.9096,0.5
32220,32221,29254590#1,1.9926,0.0
32222,32223,29254590#2,10.125,1.0
32224,32225,29254590#3,4.7754,0.6923076923076925
32226,32227,29254706#1,16.111800000000002,6.599999999999999
32228,32229,29254706#1.167,2.367,1.4545454545454546
32230,32231,29254706#10,30.2022,4.3
32232,32233,29254759#0,36.640800000000006,12.000000000000002
32234,32235,29254759#1,22.7682,0.0
32236,32237,29254759#2,64.40220000000001,35.21111111111111
32238,32239,29254771#0,42.6168,3.96969696969697
32240,32241,29254771#1,22.2282,2.2678571428571423
32242,32243,29254771#2,17.996399999999998,0.666666666666667
32244,32245,29254773,28.969200000000004,0.0
32248,32249,29254786#0,6.129,0.3333333333333335
32252,32253,29254798#1,65.65859999999999,22.239775461106664
32254,32255,29254818#0,0.1494,0.4761904761904761
32256,32257,29254818#1,102.7944,64.14285714285712
32258,32259,29254835#0,0.2232,0.711111111111111
32260,32261,29254835#1,102.7548,27.9047619047619
32262,32263,29255794,10.422,0.891604010025063
32264,32265,293162564#0,14.383799999999999,3215.0460882110374
32266,32267,293162564#1,3.492,127.80037466193575
32268,32269,293162564#2,13.2102,120.97459452767116
32270,32271,293162564#3,6.930000000000001,111.12404629276885
32272,32273,293162564#4,2.5542000000000002,10.646118583163329
32274,32275,293162564#5,0.5058,0.8886816363451888
32276,32277,29353676#0,8.1504,0.30000000000000004
32278,32279,29353676#1,6.3288,0.7
32282,32283,29353679,11.1582,0.5
32284,32285,294213264,3.7818,0.1666666666666667
32286,32287,294213265,5.630400000000001,6.8063241106719365
32288,32289,294213267,2.4642,0.5255540479421076
32290,32291,294213269,15.060600000000003,0.0
32292,32293,294213270#0,16.2414,1.333333333333333
32294,32295,294213270#1,6.9318,0.6666666666666664
32296,32297,29458096#1,7.2540000000000004,0.9925145277257951
32298,32299,29458097#1,7.416,346.3106783803729
32300,32301,29458640,8.854199999999999,14964.558515063241
32302,32303,29458645,10.9908,384.1441338051948
32304,32305,29458647#0,19.08,4374.433123390062
32306,32307,29459180#0,8.757000000000001,1.251948051948052
32308,32309,29459180#1,24.2406,2.7703097603740505
32310,32311,29459182#0,13.6368,1.21501976284585
32312,32313,29459182#1,12.0312,81.59901272071384
32314,32315,297594879#0,0.2016,4.5
32316,32317,297594879#1,0.2106,0.0
32318,32319,297594880#0,1.3392,0.0
32320,32321,297594880#1,0.6156,0.5
32322,32323,297778952,1.233,0.2099720793924655
32352,32353,30054268#0,18.937800000000003,2.2400822803408746
32354,32355,30054268#1,11.500200000000001,0.6872146118721462
32356,32357,30054268#2,8.600399999999999,0.801864801864802
32358,32359,30054268#3,22.681800000000003,2.179781420765029
32360,32361,30054268#4,6.9696,0.5301960784313725
32362,32363,30054268#5,17.404200000000003,1.3061538461538453
32366,32367,30054346#0,6.7212000000000005,0.1476190476190476
32368,32369,30054346#1,2.2734,0.24901185770750978
32370,32371,30054351#0,5.9724,0.7142857142857144
32372,32373,30054351#1,61.1478,24.619883040935658
32374,32375,30054354,105.6924,34.266666666666666
32376,32377,30054386#0,12.2904,2.5
32378,32379,30054386#1,3.9114,0.0
32380,32381,30054398#1,23.646600000000003,0.0
32382,32383,30054398#2,3.0690000000000004,0.0
32384,32385,30054410#0,24.138,3.8666666666666685
32386,32387,30054410#1,26.838,0.5
32388,32389,30054410#2,60.21540000000001,0.0
32390,32391,30054413#0,2.8872000000000004,0.4509501797637391
32392,32393,30054413#1,0.117,0.36089243027888424
32394,32395,30054413#2,0.7578,0.24881149511244066
32396,32397,30054413#3,0.6156,0.2766058683584458
32398,32399,30054413#4,0.0432,0.20255829015544038
32400,32401,30054437#0,6.9534,0.18988764044943815
32402,32403,30054437#1,3.366,0.312234706616729
32404,32405,30054437#2,34.55820000000001,4.315310020570083
32406,32407,30054437#3,18.4446,2.7862045298558655
32408,32409,30054443,86.21820000000001,43.969747899159664
32410,32411,30054463,11.615400000000001,2.3333333333333335
32412,32413,30054528#1,88.2576,96.25
32418,32419,30054718,23.3676,4.916666666666669
32420,32421,30054829#0,32.1732,12.480840258541082
32422,32423,30054829#1,36.248400000000004,2.352380952380951
32424,32425,30054837,22.890600000000003,0.708791208791209
32426,32427,30054857,17.4834,2.2666666666666666
32428,32429,30054884#0,9.513,2.7499999999999996
32430,32431,30054884#1,3.3552000000000004,0.923809523809524
32432,32433,30054903#0,8.451,1.288888888888888
32434,32435,30054903#1,6.4962,0.9044117647058819
32436,32437,30054903#2,12.4596,6.509999999999999
32438,32439,30054903#3,21.1644,1.600985221674878
32440,32441,30054914#0,18.9468,2.25
32442,32443,30054914#1,25.7382,8.25
32444,32445,30054925#0,34.887600000000006,6.424242424242426
32446,32447,30054925#2,20.9142,3.639705882352942
32448,32449,30056007#0,20.282400000000003,3.3764044943820233
32450,32451,30056007#1,18.642599999999998,2.322055137844612
32452,32453,30056007#2,18.280800000000003,2.5357624831309042
32456,32457,30064385#1,8.0262,46.6283422459893
32458,32459,30064385#2,3.15,0.4045584045584044
32460,32461,30064385#3,6.611400000000001,0.8421052631578947
32462,32463,30064385#4,0.0684,0.5904761904761905
32464,32465,30068855,37.908,3.5
32466,32467,300750369#0,6.501600000000001,0.43589743589743607
32468,32469,300750369#1,3.3372,0.46666666666666673
32470,32471,300750369#2,0.5562,0.0625
32472,32473,300750370,10.6668,2.0
32474,32475,30093832#0,3.6611999999999996,25.56867329047341
32476,32477,30093878,18.7632,2.5559274223579336
32478,32479,30131199,9.5454,0.4861392571508128
32480,32481,30131200,20.881800000000002,1.4026368347187737
32482,32483,30131201,8.854199999999999,0.4918954751518267
32486,32487,30136341#1,6.372,7.333333333333335
32488,32489,30187448#0,3.9330000000000003,0.47954070981210895
32490,32491,30187448#1,22.0644,2.6691580113914606
32494,32495,302753341,1.0493999999999999,0.5
32496,32497,302753648,3.0294000000000003,0.9166666666666666
32498,32499,302879117#0,2.178,0.33333333333333337
32500,32501,302879117#1,8.8506,0.0
32502,32503,302879124,1.3464,4.5
32504,32505,302879156#0,8.757000000000001,0.5
32506,32507,302879156#1,6.2064,4.8
32508,32509,302879156#2,5.5494,0.6964285714285717
32510,32511,302879162#0,3.8466,0.28571428571428575
32512,32513,302879162#1,4.383,0.8076923076923078
32514,32515,302879162#2,0.0522,0.26666666666666666
32516,32517,303155140#0,0.23220000000000002,0.2666666666666667
32518,32519,303155140#3,0.0648,0.0
32520,32521,303155140#4,0.9558000000000001,0.0
32522,32523,303155140#5,0.0648,0.0
32524,32525,303155140#8,0.2682,0.4761904761904761
32526,32527,30315720#0,31.498199999999997,12.482927541065624
32528,32529,30315720#1,16.059600000000003,2.03236384374109
32530,32531,30315925,0.3294,0.06764094233358404
32532,32533,30315926#0,6.6941999999999995,0.6439771868343303
32534,32535,30315926#1,13.0698,1.2438220870193895
32536,32537,30315927,4.9932,1.6428571428571428
32538,32539,30315928#0,24.2424,3.4999999999999996
32540,32541,30315928#1,17.856,1.2499999999999998
32542,32543,30320326,8.5554,0.5535714285714284
32544,32545,30320943,1.6776000000000002,1.1110627396589698
32546,32547,303210413,16.6788,4.333333333333334
32550,32551,303843481,2.79,0.0
32552,32553,303843488,3.0006,1.4861572535991137
32554,32555,303843501,2.0303999999999998,0.33333333333333337
32556,32557,303843503,2.5866000000000002,4.25
32558,32559,303843510#0,2.1204,0.0
32560,32561,303843510#2,0.0648,1.3333333333333335
32562,32563,303843510#3,2.5614000000000003,0.0
32564,32565,30399316#0,1.0475999999999999,600.6534835500443
32566,32567,30399316#1,1.4040000000000001,727.4688289500934
32568,32569,30399316#2,2.6154,526.9336594377849
32570,32571,30399316#4,17.0298,7257.193886833412
32572,32573,30399316#5,0.7056,22.774966424926124
32574,32575,30399319,1.7136,3000.939288519811
32576,32577,30399322#0,7.29,9971.656508954818
32578,32579,30399322#1,1.7892000000000001,2906.2266157622084
32580,32581,30399322#2,12.5424,43240.987577396896
32582,32583,30399325,31.764599999999998,34210.18501206973
32584,32585,30399326#1,0.7758,2094.3680642009535
32586,32587,30399326#1.23,2.8962,1069.8351334939557
32588,32589,30399663#0,1.3068,435.0040233522337
32590,32591,30399663#1,2.5776,1237.341463571021
32592,32593,30404124,3.9960000000000004,2576.147922164827
32594,32595,30404130,0.5364,1691.835867648584
32596,32597,304151838#0,0.5147999999999999,0.27272727272727276
32598,32599,304151838#1,0.1422,0.20454545454545456
32600,32601,304151838#10,0.5112,0.7
32602,32603,304151838#11,0.1008,0.8
32604,32605,304151838#12,1.053,0.3
32606,32607,304151838#2,0.3888,0.0
32608,32609,304151838#3,0.1494,0.15151515151515152
32610,32611,304151838#4,0.3276,0.1636363636363636
32612,32613,304151838#5,0.2682,0.2545454545454545
32614,32615,304151838#6,0.3276,0.2857142857142857
32616,32617,304151838#7,0.2808,0.0
32618,32619,304151838#8,0.4266,0.2
32620,32621,304151867,1.845,0.0
32622,32623,304151905,0.648,0.973846153846154
32624,32625,304151911,2.2914,0.0
32626,32627,304151923,3.3534,0.0
32628,32629,304151928,2.583,7.0
32632,32633,304151947#2,2.8584,0.5
32634,32635,304151955#0,1.053,1.8676470588235297
32636,32637,304151955#1,5.585400000000001,2.6491228070175428
32638,32639,304151955#2,17.541,3.490476190476189
32640,32641,30417783#1,2.4444000000000004,11539.536842105264
32642,32643,30417892,1.602,625.0446107594482
32644,32645,30421297#0,9.5436,0.40221774193548376
32646,32647,30421297#1,14.7402,0.9802955665024634
32648,32649,30421297#2,11.755799999999999,0.4211822660098523
32650,32651,30482614,2.394,0.1481481481481482
32652,32653,30482615#0,0.0648,0.037037037037037035
32654,32655,30482615#1,17.407799999999998,2.256410256410256
32656,32657,30482615#2,79.20360000000001,24.97536945812809
32658,32659,30482615#3,5.3118,0.3320105820105816
32660,32661,30482615#4,22.1472,2.028225806451612
32662,32663,30482615#5,5.7078,0.6825396825396827
32664,32665,30482615#6,92.6802,16.399999999999995
32666,32667,30482619,7.3638,1112.661085688925
32668,32669,30482626#0,20.4012,2.1333333333333337
32670,32671,30482626#1,22.9554,12.5
32672,32673,30482630#0,21.5262,2.904761904761905
32674,32675,30482630#1,11.3454,1.25
32676,32677,30482630#2,16.4358,4.333333333333332
32678,32679,30482630#3,1.161,0.5
32680,32681,30482630#4,10.7064,0.0
32682,32683,30482633#0,9.739799999999999,0.8790849673202616
32684,32685,30482633#1,16.5078,2.6222222222222222
32686,32687,30482638#0,5.7906,7.1479896649093755
32688,32689,30482638#1,7.4916,6.563005104950548
32690,32691,30482638#10,0.7938000000000001,14.351613607990005
32692,32693,30482638#11,10.1592,1.1623931220774644
32694,32695,30482638#12,17.901,6.649658404567798
32696,32697,30482638#13,13.203,29.846459912501683
32698,32699,30482638#14,4.1544,26.407083196556904
32700,32701,30482638#2,7.488,69.73263487537237
32702,32703,30482638#3,3.5262000000000002,7.726053062279273
32704,32705,30482638#4,4.6062,33.515328062144555
32706,32707,30482638#5,1.782,9.84127602027276
32708,32709,30482638#6,8.5212,126.20762235545052
32710,32711,30482638#7,2.9916,38.509039314828186
32712,32713,305390325#0,4.2354,689.5925520616399
32714,32715,305390325#2,5.4432,1977.0390593418178
32716,32717,305390325#3,1.917,210.27008644126397
32718,32719,305390335,1.8,4312.624222042865
32724,32725,305397289#1,0.8136,0.9550629514186423
32726,32727,305495773#0,12.0474,3986.508758964301
32728,32729,305495773#2,8.632800000000001,8907.650606029169
32730,32731,305495779#0,2.0951999999999997,0.2961754360311618
32732,32733,305495779#1,1.9800000000000002,0.7301748356653842
32734,32735,305496616#0,8.5446,0.5628628052678684
32736,32737,305496616#1,13.9932,1.2826235775823094
32738,32739,305496616#10,7.0974,1237.896139945858
32740,32741,305496616#2,5.486400000000001,40.952763714181366
32742,32743,305496616#3,4.9698,246.54803593678267
32744,32745,305496616#4,2.9808,217.32159090909067
32746,32747,305496616#5,0.5058,64.55463207250554
32748,32749,305496616#6,0.2034,0.1704595922212503
32750,32751,305496616#7,2.4264,206.88018127705632
32752,32753,305496616#9,3.0942000000000003,510.75815246953874
32754,32755,305496617#0,10.863000000000001,1.1443880890052354
32756,32757,305496617#1,18.9972,2.7358217365096817
32758,32759,305496618#0,11.7648,4.978612483219721
32760,32761,305496618#2,3.2274,7.497750329934624
32762,32763,305496618#3,4.2264,63.15111504626391
32764,32765,305496619#0,5.3100000000000005,1.4292592592592592
32766,32767,305496619#2,11.9556,1.3191614830032903
32768,32769,306162410,2.0358,0.33333333333333337
32770,32771,306240160#0,1.1862000000000001,335.3782777216044
32772,32773,306240161#2,0.0252,0.24436693407743298
32774,32775,306240162#1,4.5666,1.8685999218676976
32776,32777,306240162#2,16.9758,1.1788966089142712
32778,32779,306240162#4,33.696,4.126450101412735
32780,32781,306384630,7.6338,0.0
32782,32783,306384636#0,2.6676,0.12500000000000006
32784,32785,306384636#1,14.662800000000002,0.0
32786,32787,306431310#0,0.1476,0.5133547008547003
32788,32789,306431310#1,4.9572,161.3381245560028
32790,32791,306431419,1.9044,0.3157894736842104
32792,32793,306431420,0.0432,0.0
32794,32795,306431425#0,12.8052,1.0504966887417222
32796,32797,306431425#1,14.8842,1.0721070059254094
32798,32799,306431425#2,3.7962000000000002,0.27407980736154114
32800,32801,306431425#3,0.24840000000000004,0.2444614209320093
32802,32803,306726646,4.8906,11401.02213941869
32804,32805,306726647#0,2.0664,3.8765741705749512
32806,32807,306726647#1,10.1196,420.24088593576965
32808,32809,306793479#0,66.321,7.0
32810,32811,306793479#2,25.398,4.25
32812,32813,306793479#3,4.248,12.0
32814,32815,306793480#0,0.0648,0.3225806451612902
32816,32817,306793480#1,0.8316,0.6553030303030303
32818,32819,306793480#2,0.7614,0.25999999999999984
32820,32821,306793480#3,0.7866,0.4233333333333332
32822,32823,306793480#4,0.6192,0.9088319088319087
32824,32825,306793480#5,0.5508,0.26785714285714285
32826,32827,306793480#6,9.5022,4.619047619047618
32830,32831,306793482,2.817,0.0
32832,32833,306793484,7.245000000000001,0.0
32834,32835,306793485,4.881600000000001,2.333333333333334
32836,32837,306793486,3.6395999999999997,12.5
32838,32839,306793488,8.508600000000001,1.6190476190476193
32840,32841,306793669,31.2426,4.717137523857464
32842,32843,306793670#0,1.548,0.25440334397749953
32844,32845,306793670#1,43.1514,6.582840778385474
32846,32847,306793671,3.366,0.2636701880273736
32848,32849,306876891#0,0.07919999999999999,0.3333333333333333
32850,32851,306876891#1,1.476,3038.8
32852,32853,306876893#0,4.3506,10535.895833333334
32854,32855,306876893#1,7.867800000000001,1.0277777777777777
32858,32859,307010105#0,31.188600000000005,0.0
32860,32861,307010105#1,130.6098,32.0
32862,32863,307010105#2,24.6942,50.266666666666666
32864,32865,307050878,3.6323999999999996,1.0588235294117643
32866,32867,307050880,15.714,1.4999999999999991
32868,32869,307050882#0,20.3076,1.0714285714285718
32870,32871,307050882#1,0.20700000000000002,1.1111111111111112
32872,32873,307536275#0,90.4662,91.35714285714285
32880,32881,307562643#0,11.16,0.7529287876793472
32882,32883,307562643#1,8.2728,0.8755569159609567
32884,32885,307562643#2,0.27,0.4622710071924415
32886,32887,307562643#3,6.7122,1.82741724738676
32888,32889,307685696,0.41940000000000005,89.13425253991288
32890,32891,307701133,3.2184,7273.145645645646
32892,32893,307837955#2,1.1268,0.874390243902439
32894,32895,307837955#3,0.3852,0.21321321321321315
32896,32897,307837955#4,0.5634,0.44999999999999996
32898,32899,307837955#5,0.5058,0.2651515151515151
32900,32901,307837955#6,0.6030000000000001,0.30000000000000004
32902,32903,307837955#7,0.7182000000000001,0.0
32904,32905,307837956#1,0.0648,0.3684210526315789
32906,32907,30820056,5.115600000000001,0.4395604395604395
32908,32909,30820532,43.695,9.0
32910,32911,30820566,28.776600000000002,6.1636363636363605
32914,32915,30820747#1,36.7074,14.499999999999998
32916,32917,30820747#2,0.9846000000000001,0.0
32918,32919,30820747#3,2.2356000000000003,0.5
32920,32921,30820819,7.952400000000001,1.115896358543417
32922,32923,30820919#0,0.5184,0.7627337598425198
32924,32925,30820919#1,2.1294,0.2948571428571427
32926,32927,30820932#1,0.039599999999999996,0.0
32928,32929,30851877,57.5928,25.00000000000001
32930,32931,308849647#0,5.8338,4.1671303575394205
32932,32933,308849647#1,7.947,21.873733364546332
32934,32935,308883778,47.1492,10.696428571428573
32936,32937,309370389#0,3.321,0.2045454545454545
32938,32939,309370389#1,0.549,0.2678571428571429
32940,32941,309370389#2,1.5768,0.6190476190476192
32942,32943,309370389#3,2.9916,0.5
32944,32945,309370389#4,0.5544,0.21428571428571422
32946,32947,309370390#0,0.0648,0.8529411764705882
32948,32949,309370390#1,0.0648,0.5934065934065934
32950,32951,309370390#2,1.062,0.3
32952,32953,309370390#3,1.1322,0.0
32954,32955,309370390#4,0.8226,0.2352941176470588
32956,32957,309370390#5,0.47340000000000004,0.20454545454545447
32958,32959,309370390#6,0.0648,0.19999999999999996
32960,32961,310200370,5.1984,0.0
32962,32963,31021477#0,13.3236,1.0529332476726765
32964,32965,31021477#1,3.6755999999999998,0.3045691332454653
32966,32967,31021477#2,18.108,2.4203665348647445
32968,32969,31025769#2,56.4156,24.47538461538459
32970,32971,31026158#2,24.973200000000002,6.466666666666671
32972,32973,31026158#3,0.8442,0.25
32974,32975,31026158#4,0.0648,0.44444444444444453
32976,32977,31026158#5,1.9368,0.33333333333333326
32980,32981,31026158#7,0.4536,0.4545454545454545
32982,32983,31026158#8,1.512,0.0
32984,32985,31026160,19.2618,0.0
32986,32987,312301369,4.329,0.0
32988,32989,312301373,2.2914,0.0
32990,32991,31342064#0,15.345,3346.8817046519684
32992,32993,31342064#2,3.7836,2098.58606288308
32994,32995,31342305,2.664,810.5616283559183
32996,32997,31342347,6.1614,510.57919093851064
32998,32999,31342349#0,5.7078,45639.923525760394
33000,33001,31342349#1,4.8132,36110.29447395395
33002,33003,31342349#2,18.5436,377042.05203362874
33004,33005,31342349#3,8.262,148725.35881316097
33006,33007,31342350#0,17.1774,350.03475296164623
33008,33009,31342350#1,15.481800000000002,1.8683313666885684
33010,33011,31342350#2,5.2254000000000005,1.4088044661020966
33012,33013,31342350#3,3.4704,9.200830503873936
33014,33015,31342350#4,16.443,431.44503461582127
33016,33017,31342350#5,3.6611999999999996,835.5332072283384
33018,33019,31342351#1,2.3526,1207.9824923304784
33020,33021,31343367#1,1.6092,3751.4626556016597
33022,33023,31343381#0,1.6488,233.4579016212869
33024,33025,31343450,4.9716000000000005,0.2758839384810524
33026,33027,31355478#0,43.6014,0.0
33028,33029,31355478#1,35.9154,0.0
33036,33037,31355478#5,75.01140000000001,80.0
33038,33039,31355478#6,51.0732,16.300000000000004
33040,33041,31355478#7,88.5942,0.0
33042,33043,31355478#8,78.9804,0.0
33048,33049,31355495#0,31.926599999999997,42.33333333333333
33050,33051,31355495#1,136.64520000000002,0.0
33052,33053,31355495#2,30.639599999999998,50.0
33054,33055,31355496,60.67620000000001,0.0
33056,33057,31355764,9.777600000000001,8.666666666666666
33058,33059,31355765,3.0114,0.0
33060,33061,31355837,8.427600000000002,0.5
33062,33063,31361632,5.5602,0.36285714285714266
33064,33065,31362504#2,2.3238,1855.3250972317549
33066,33067,31362504#4,5.6844,0.9430272108843539
33068,33069,31362504#5,2.8854,0.4209183673469385
33070,33071,31362504#6,0.7848,0.30655391120507397
33072,33073,31362504#7,11.322000000000001,1.333333333333333
33074,33075,31362731#0,15.829200000000002,4.192307692307693
33076,33077,31362731#1,19.855800000000002,6.322222222222218
33078,33079,31362731#2,22.384800000000002,3.777777777777777
33080,33081,31362731#3,3.3012,0.8161764705882353
33082,33083,31363129#0,3.4974000000000003,1618.6767716387158
33084,33085,31363129#1,1.8414,282.3428218439669
33086,33087,31395281,11.412,0.0
33088,33089,31402308#1,0.12060000000000001,2.2525316455696203
33090,33091,31402308#2,4.4874,3.3603864734299522
33092,33093,31402308#3,6.5232,5.519888991674373
33094,33095,31403616#1,60.985800000000005,18.87351778656127
33096,33097,31403616#2,63.6516,24.216524216524185
33098,33099,31403616#3,4.9212,32.363636363636374
33100,33101,31404757,36.2016,9.300000000000004
33102,33103,31404759#0,0.0432,0.2606737524770312
33104,33105,31404759#1,10.1286,0.829400108088633
33106,33107,31404759#2,3.5766000000000004,0.34084147896302563
33108,33109,31404759#3,5.2056,1.4806629834254146
33110,33111,31404759#4,0.8513999999999999,0.5125230202578271
33112,33113,31404759#5,2.1798,0.27360343769183565
33114,33115,31404759#6,2.4534000000000002,0.5
33116,33117,31404759#7,7.320600000000001,0.3333333333333335
33120,33121,31404760#0,15.6636,1.5291666666666663
33122,33123,31404760#1,5.4126,0.69281045751634
33124,33125,31404761,76.401,44.29090909090909
33126,33127,31404762#0,7.4807999999999995,0.3333333333333335
33128,33129,31404762#1,20.3598,1.3000000000000003
33130,33131,31404762#2,0.936,0.1666666666666667
33132,33133,31404762#3,8.928,0.5666666666666668
33134,33135,31404762#4,0.0432,0.0
33136,33137,31404767#0,33.5628,6.5
33138,33139,31404767#1,2.4552,0.2666666666666666
33140,33141,31404768,20.4786,0.0
33146,33147,31470281,44.64,18.0
33148,33149,31470282,52.171200000000006,20.33333333333333
33150,33151,31470283,40.0014,12.916666666666666
33152,33153,314970097,2.7594,0.21653306708505682
33154,33155,314970098#0,6.8111999999999995,0.4425464745875529
33156,33157,314970098#1,4.141800000000001,0.34925307849569703
33158,33159,315358242#0,9.6588,133.99599612528255
33160,33161,315358242#1,10.2726,293.63221541029066
33162,33163,315358242#2,11.4642,595.950586351788
33164,33165,315358242#3,3.7674,405.94926235111615
33166,33167,315358242#4,8.847,1663.9202493452392
33168,33169,315358243#1,3.9221999999999997,932.7056359716663
33170,33171,315358244,1.9782,1029.651719596566
33172,33173,315358245,2.7792000000000003,6.285518213671141
33174,33175,315358246,9.251999999999999,48.41483226187833
33176,33177,315358247#0,7.803,542.0453478424524
33178,33179,315358248#0,2.9034,20.966962394345515
33180,33181,315358248#1,6.0462,118.73467983808379
33182,33183,315358251#0,3.5010000000000003,654.1026398976056
33184,33185,315358251#1,2.142,766.0069433143465
33186,33187,315358252#0,11.556000000000001,91.1320392383384
33188,33189,315358252#1,2.1708,154.8630474361534
33190,33191,315358253#0,3.2058,198.51222876679878
33192,33193,315358253#1,8.0622,970.7139207523308
33194,33195,315358254#0,16.9578,3972.4276157804416
33196,33197,315358255#1,2.9682,18.508838482281387
33198,33199,315358255#2,2.7288,22.596441243144106
33200,33201,315358255#3,8.623800000000001,469.52055385313815
33202,33203,315358257#0,6.6744,208.36598140893327
33204,33205,315358257#2,2.8404000000000003,473.2974872881542
33206,33207,315358276#1,11.6064,0.0
33208,33209,315392062#0,5.8428,0.4446724413421917
33210,33211,315392062#1,4.4441999999999995,0.3541783889834895
33212,33213,315392062#2,0.3618,0.09311421052924394
33214,33215,315392062#3,6.543,1.0837935885096628
33216,33217,315392062#4,11.124,12.998490991032426
33218,33219,317614084#0,0.0648,0.0
33220,33221,317614084#1,11.331,2.3
33222,33223,31773007,10.854000000000001,1.3495380297064439
33224,33225,31860333#0,21.1284,4.5
33226,33227,31860333#1,47.9556,4.5
33228,33229,31860333#2,2.8602,2.151515151515152
33230,33231,31860333#3,9.5148,1.0909090909090906
33232,33233,31860333#4,18.7974,2.0
33234,33235,318763112,2.7720000000000002,0.4358974358974359
33236,33237,318763113,3.1536,0.2777777777777778
33238,33239,31894763#0,6.7248,17.204685695429774
33240,33241,31952420#1,68.7042,37.89999999999999
33242,33243,31959289#1,22.525199999999998,1.9285714285714282
33244,33245,31959289#3,15.2028,6.7857142857142865
33246,33247,31959308#1,2.5218000000000003,5.626315789473685
33248,33249,31959308#2,2.7414,1.1242278654770077
33250,33251,31959308#3,0.6732,0.5906432748538013
33252,33253,31959308#4,3.2634,1.8333333333333328
33254,33255,31959308#5,24.008399999999998,3.999999999999999
33256,33257,31959732#1,23.859,1827.006665151858
33258,33259,31969997#0,0.7866,0.3333333333333333
33264,33265,31969997#4,0.7776,0.0
33266,33267,31970000,1.3104,0.0
33268,33269,31982513#0,12.7332,25.96370967741934
33270,33271,31982513#1,2.2986,0.39901477832512317
33272,33273,31982513#2,11.9358,2.333333333333334
33274,33275,32006927#2,6.9444,3.333333333333332
33276,33277,32007121,35.9802,54928.47857142857
33278,33279,32008983,0.0432,0.0889654067905189
33280,33281,32009682,11.6028,8092.983355687477
33282,33283,32009683#0,2.1024,1823.6042141513526
33284,33285,32009826#0,1.6758000000000002,246.29260276393072
33286,33287,32009827,11.500200000000001,1939.369385896169
33288,33289,32020916#0,19.4382,7.69090909090909
33290,33291,32020916#1,12.5874,9.444444444444446
33292,33293,32021112,6.748200000000001,936.8473477161195
33294,33295,32021365#0,13.833,1.6511723310928086
33296,33297,32021365#1,20.125799999999998,59.8338361749733
33298,33299,32021365#3,6.964200000000001,147.18192167909748
33300,33301,32021408,13.374,6442.159003172417
33302,33303,32061928#0,4.563000000000001,0.2841441345539705
33304,33305,32061928#1,5.0454,0.3705280593236317
33306,33307,32061928#2,12.267000000000001,2.8195296721657397
33308,33309,32061928#4,8.0388,3.9170269727595217
33310,33311,32061928#5,5.4395999999999995,24.548861159374493
33312,33313,32061928#6,0.4032,0.22448875362198029
33314,33315,32061928#7,20.282400000000003,88.64899432534673
33316,33317,32061928#8,0.7200000000000001,0.30454753816302615
33318,33319,32061997,11.1258,2.9487375562315465
33320,33321,32061997.96,7.1496,29.591928576613224
33322,33323,32062034#3,2.6046,3.682484192607001
33324,33325,32062034#4,6.0876,0.32878370098039195
33338,33339,320733895#0,4.2102,0.5
33340,33341,320733895#1,1.3266,0.0
33342,33343,320733897,0.4482,0.24437609668579077
33344,33345,320733900#0,2.6118,0.37478991596638656
33346,33347,320733900#1,2.2374,0.8534218590398365
33348,33349,320733900#4,0.1512,0.10848938826466914
33350,33351,320733900#5,0.5904,0.32860785623216565
33352,33353,320733900#6,11.556000000000001,0.8058931860036828
33354,33355,320733900#7,25.8642,3.514792211566402
33356,33357,320733900#9,9.8298,1.084782608695653
33358,33359,320733901#0,0.5327999999999999,0.25129259694477085
33360,33361,320733901#1,4.4352,0.33343125734430085
33362,33363,320733901#2,2.4876,0.8708578143360745
33364,33365,320733903#1,4.8348,0.19611940298507466
33366,33367,320733903#2,3.1266000000000003,0.31318407960198996
33368,33369,320733903#3,11.773800000000001,6.779452736318409
33370,33371,320733905#0,4.8708,0.2364253393665158
33372,33373,320733905#1,7.614000000000001,0.33785822021116163
33374,33375,320733905#2,1.251,0.25490196078431365
33376,33377,320733906#0,1.4778,0.17370129870129875
33378,33379,320733906#2,1.8305999999999998,0.22824675324675314
33380,33381,320733908,6.9444,0.35497835497835495
33382,33383,320733909#0,3.6864000000000003,0.24804968567749755
33384,33385,320733909#1,7.1748,1.9222903885480576
33386,33387,320733909#2,3.1932,23.648773006134974
33388,33389,320733910#0,1.1016,0.15433854907539118
33390,33391,320733910#1,17.7066,1.6045519203413934
33392,33393,320733910#2,27.1512,7.118838992332969
33394,33395,320733911#0,7.0308,0.4189723320158102
33396,33397,320733911#1,16.430400000000002,0.7193675889328065
33398,33399,320733911#2,3.7331999999999996,0.4505928853754941
33400,33401,320733911#3,8.136,0.6856330014224751
33402,33403,320733911#4,2.7072000000000003,0.2368421052631579
33404,33405,320733911#5,1.818,0.15433854907539118
33406,33407,320733913,0.8316,0.47216561396402684
33408,33409,320733915,3.4452,0.16570453134698934
33410,33411,320733916,1.1538000000000002,0.43540903540903536
33416,33417,320733917#2,18.8676,4.5
33418,33419,32084380,8.559,7.054545454545455
33420,33421,32115351,6.368399999999999,3.2
33422,33423,32115605,16.812,0.8888888888888891
33424,33425,32124561,2.8746,5165.283679485907
33426,33427,32124563#0,1.7802,1965.822997527457
33428,33429,32124563#1,17.028000000000002,46087.853619168636
33430,33431,32124637#1,3.8520000000000003,2094.2059529422413
33432,33433,32124744,5.1174,1725.0258671627107
33434,33435,32124745,0.0252,197.84357750372433
33436,33437,32140053,118.37340000000002,112.5
33438,33439,32140179#0,1.9062,0.18107842260574084
33440,33441,32140179#1,14.6196,3.991526317640029
33442,33443,32140180,27.215999999999998,3.9085408022129995
33444,33445,32140255,2.2032,691.6775014216876
33446,33447,32140256#0,8.658,0.9705882352941181
33448,33449,32140256#1,13.194,10.638095238095236
33450,33451,32140444#0,0.6696,0.2516949152542373
33452,33453,32140444#2,10.4454,0.9546279491833028
33454,33455,32140444#3,23.598,2.8436176648517857
33456,33457,32140444#4,23.2956,3.0158730158730145
33458,33459,32140444#5,14.263200000000001,1.5555555555555556
33460,33461,32141019,1.2618,0.49997998078155037
33462,33463,32141020#0,9.072000000000001,0.3333333333333335
33464,33465,32141020#1,2.1222000000000003,0.3333333333333333
33466,33467,32199969#0,5.7042,3042.867237699086
33468,33469,32199969#1,0.9990000000000001,630.2725349269149
33470,33471,32199969#2,2.2176,899.7260742088765
33472,33473,32199969#3,5.301,4679.013786858223
33474,33475,32199969#4,25.5132,80659.07922296508
33476,33477,32199969#5,11.943,16641.87405347593
33478,33479,32199989,8.3538,10795.388704004325
33480,33481,32200414#0,8.586,300.72203271841266
33482,33483,32200415#0,3.7188,473.8170886075949
33484,33485,32200415#1,0.6858000000000001,16.336954947124433
33486,33487,32200762#0,15.904800000000002,1.39960396039604
33488,33489,32200762#2,8.8254,0.8184424271380794
33490,33491,32200762#3,15.2478,1.2292095210108722
33492,33493,32200762#4,9.6606,0.6717882265827474
33494,33495,32200762#5,23.6088,3.1298984034833097
33496,33497,32200983#0,13.2156,12526.922938495922
33498,33499,32200983#1,27.6084,53243.615723270486
33500,33501,32201042,8.6706,3956.2530086987754
33502,33503,32201043,8.748000000000001,7239.7005940594045
33504,33505,32201044#0,8.064000000000002,3175.1274450031005
33506,33507,32201044#1,2.6442,2455.2416912801077
33508,33509,32201044#2,0.5022000000000001,178.14642963210454
33510,33511,32201044#4,3.7116,2789.6890559002163
33512,33513,32201172#0,3.4776,0.0
33516,33517,32202011#0,0.0432,11.813690277313732
33518,33519,32202011#1,0.2934,0.5258287856851168
33520,33521,32202328,18.9738,1.4315789473684213
33522,33523,32202330,8.469000000000001,0.9392712550607284
33524,33525,32202510#0,9.3474,152509.07977207977
33526,33527,32202510#1,3.8448,117561.28153846154
33528,33529,32202763,4.1903999999999995,44.25742602495544
33530,33531,32202764,14.5926,36.90555249180043
33532,33533,32202927#0,19.6794,7112.092798597415
33534,33535,32202927#1,7.666200000000001,3392.478229009989
33536,33537,32202927#2,20.0988,71272.0403292781
33538,33539,32202968#0,121.428,4.5
33540,33541,32202968#1,58.337999999999994,42.96666666666667
33542,33543,32203022,13.701600000000001,524.3333333333333
33544,33545,32203023#0,0.6408,0.6933685732277327
33546,33547,32203023#1,7.749,12.227276480788952
33548,33549,32203023#2,16.210800000000003,61.408273669825604
33550,33551,32203023#2.136,5.058,355.83912864776016
33552,33553,32203204,92.9718,86.57142857142856
33554,33555,32203206,88.6662,32.33333333333335
33556,33557,32203701#0,6.2658,0.5
33558,33559,32203701#1,6.4314,0.0
33560,33561,32203701#2,8.6202,0.0
33562,33563,32203701#3,5.396400000000001,0.5
33564,33565,32203701#4,9.887400000000001,1.2
33566,33567,32203888#0,5.7798,0.3070435039952647
33568,33569,32203888#1,10.8774,1.0542857142857143
33570,33571,32203888#2,17.9442,1.6591728058936566
33572,33573,32203888#3,4.2012,0.4109920634920636
33574,33575,32203959#0,15.6474,2.6181818181818195
33576,33577,32203959#1,6.8796,1.0285714285714287
33578,33579,32203959#3,3.744,1.9015151515151514
33580,33581,32203959#4,27.5202,6.833333333333333
33582,33583,32203959#6,3.1572,0.8611111111111116
33584,33585,32203959#7,13.0608,2.2666666666666666
33586,33587,32225921,2.0142,4344.804613297151
33588,33589,32226141#0,6.6042000000000005,1.1844758064516134
33590,33591,32229741,2.7558,418.0159268580321
33592,33593,32229742#1,4.5072,1.8407184096842273
33594,33595,32229742#2,0.198,0.7820775356611537
33596,33597,32229742#3,3.9852,1.4548342731398722
33598,33599,32229742#4,2.4336,1.3004567379519367
33600,33601,32229742#5,3.6126000000000005,0.4530834997722415
33602,33603,32229973,9.702,3.2571428571428562
33604,33605,32229975#1,5.1516,6.691798941798941
33606,33607,32229975#2,4.3704,0.754022988505747
33608,33609,32229976,28.107,8.93333333333333
33610,33611,32230348,20.026799999999998,4.461956521739129
33612,33613,32230349#0,18.0234,2.585110663983904
33614,33615,32230349#1,4.1202000000000005,0.4923178226514485
33616,33617,32230349#2,9.9072,0.9462365591397849
33618,33619,32230724#1,14.497200000000001,1.318518518518519
33620,33621,32234776#0,3.0708,0.2704126426690079
33622,33623,32234776#1,5.706,0.4552447552447551
33624,33625,32234776#2,9.675,0.7276836158192092
33626,33627,32253508,2.5794,2.011111111111111
33628,33629,32253723,14.711400000000001,0.9430199430199427
33632,33633,32254136,11.192400000000001,0.5
33636,33637,32259255#1,0.2124,0.2809840520632195
33638,33639,32259255#2,7.0686,0.4876054462039371
33640,33641,32259258,22.8438,3.058823529411763
33642,33643,32274767#0,16.430400000000002,1.9415204678362572
33644,33645,32274767#1,1.4562000000000002,0.47272727272727266
33646,33647,32274767#2,0.0432,0.5277777777777778
33648,33649,32274767#3,6.8759999999999994,2.2500000000000004
33650,33651,323248155#2,2.871,1530.4276158623986
33652,33653,323248156#0,3.2526,7254.047627166809
33654,33655,323248169#0,1.5318,2945.0859106529206
33656,33657,32350852#0,4.6458,395.9583885036187
33658,33659,32350852#1,8.523000000000001,1544.1389046684085
33660,33661,32350852#1.78,4.2354,1610.280216147083
33662,33663,32350852#3,5.4504,1767.9131763833336
33664,33665,32350901#0,0.0252,0.13186813186813187
33666,33667,32350901#1,9.030600000000002,1.1302352266207687
33668,33669,32350901#2,10.787400000000002,1.0022408963585439
33670,33671,32350901#3,3.5694000000000004,0.38920056100981765
33672,33673,32350901#4,4.7754,0.7619260918253081
33674,33675,32350901#5,2.9358,5.040028213718925
33676,33677,32350901#6,0.46440000000000003,0.2045494621759831
33678,33679,32350901#7,6.2298,413.1410341951627
33680,33681,32395288#1,6.5322000000000005,18.266666666666666
33682,33683,32395288#2,16.11,0.0
33684,33685,32395288#3,13.7196,6.999999999999999
33686,33687,32395327#1,75.1014,77.36666666666665
33688,33689,32395352#1,45.0972,54.3
33692,33693,32395414#0,38.7306,6.5
33694,33695,32395414#1,10.787400000000002,0.666666666666667
33696,33697,32395464,24.5952,0.3333333333333339
33698,33699,32396358#0,4.8204,9307.719053238914
33700,33701,32396358#1,15.6654,54455.71192361437
33702,33703,324206932,6.3288,0.33333333333333326
33704,33705,325057234,0.0648,0.3974358974358974
33708,33709,32509968#0,9.0072,0.5666666666666667
33710,33711,32509968#1,10.6578,30.916666666666668
33714,33715,32509968#5,21.3606,8.3
33716,33717,32530108#0,4.069800000000001,0.5179880219458056
33718,33719,32530108#1,5.8788,0.33972721307813664
33720,33721,32530108#2,4.311,0.3150312015747373
33722,33723,32530108#3,18.021600000000003,1.5647694193350687
33724,33725,32530108#4,10.8126,0.7984724721953016
33726,33727,32530108#5,7.4106000000000005,0.41399695417416627
33728,33729,32530113#0,9.9396,2.1764112903225805
33730,33731,32530113#1,0.7794,0.4153225806451612
33732,33733,32530113#2,10.423800000000002,2.839285714285714
33734,33735,32530113#3,12.1698,1.6111111111111112
33736,33737,32530113#5,14.518800000000002,1.1428571428571428
33738,33739,32530113#6,14.382000000000001,0.3333333333333333
33740,33741,32530113#7,36.9936,6.16666666666667
33742,33743,32545811,5.7078,0.5714285714285713
33744,33745,32553639,6.1596,2.25
33746,33747,32555307#0,7.0704,2.166666666666667
33748,33749,32555307#1,6.1704,0.25000000000000006
33750,33751,32555329,22.698,2.0000000000000004
33752,33753,32597384#1,11.871,1.3823529411764708
33754,33755,32597384#2,9.052200000000001,0.49523809523809514
33756,33757,32597384#3,16.4232,0.0
33758,33759,32598753,8.9316,4.966666666666666
33760,33761,32598755#0,0.3438,0.5714285714285714
33762,33763,32598755#1,3.9492,4.095833333333334
33764,33765,32598755#2,22.2246,1.9999999999999998
33766,33767,32598755#3,13.4442,1.7
33768,33769,32598887#0,14.495400000000002,4.5
33770,33771,32598887#1,19.6146,0.9166666666666666
33772,33773,32612308,23.859,15.878787878787875
33776,33777,32684155#0,61.3944,38.63361344537816
33778,33779,32684155#1,329.0112,767.8380952380952
33780,33781,32684155#2,495.23220000000003,1695.147368421053
33782,33783,32684156#0,1.9494,0.3099051977770511
33784,33785,32684156#1,23.8266,4.645808895640638
33786,33787,32684156#2,40.921200000000006,45.987668138621515
33788,33789,32684156#3,12.5226,10.16372650755218
33790,33791,32684156#4,0.1296,1.8269322709163343
33792,33793,32684156#5,134.17200000000003,160.4781508411748
33794,33795,32684156#6,101.5902,99.32586822460237
33796,33797,32684157,17.541,5.89047619047619
33798,33799,32684165,20.9718,4.0
33800,33801,32728752,5.9886,0.4587737843551797
33802,33803,32787437#0,21.888,45.706666666666656
33804,33805,32787437#1,23.382,1.8777777777777775
33806,33807,32787437#2,10.4778,0.2857142857142858
33808,33809,32787437#4,13.59,0.8061538461538464
33810,33811,327975019,10.9116,0.6788527722674329
33812,33813,327975020,7.268400000000001,0.4274352686358119
33814,33815,327975022,18.032400000000003,629.4341838615179
33816,33817,327975024,6.003,0.3478337837063885
33818,33819,32815473,75.66839999999999,45.92284382284382
33820,33821,32875547#0,61.122600000000006,634.3069306930693
33822,33823,32875547#1,0.0648,940.5108648413733
33824,33825,32881076#0,3.5046000000000004,4123.695275370422
33826,33827,32881184,0.17820000000000003,883.4920745920745
33832,33833,329028996#1,18.7344,0.9666666666666662
33834,33835,329028998,56.9772,12.441176470588237
33836,33837,329028999#1,0.6138,0.05882352941176474
33838,33839,329029003,5.3208,0.4289888953828172
33840,33841,329029004,17.278200000000002,1.559322033898305
33842,33843,329029005,74.1294,7.583333333333338
33844,33845,329029040#1,0.0648,0.0
33846,33847,329029044,4.7862,0.052631578947368404
33848,33849,32903546#1,0.30600000000000005,0.2857142857142857
33850,33851,32903546#2,6.429600000000001,0.6958333333333333
33852,33853,329108798#1,0.9720000000000001,1.0778474399164055
33854,33855,329108798#2,7.4628,2.728118811881188
33858,33859,329190301,88.3512,0.0
33860,33861,32923863#0,2.9592,481.9523355349096
33862,33863,32923863#1,1.3302,94.34187069174507
33864,33865,32923863#2,7.1082,299.8528475635559
33866,33867,32923863#3,2.574,30.808970003350158
33868,33869,32923863#4,4.7646,423.89811817412516
33870,33871,32923863#5,2.4876,251.48832508854295
33872,33873,32923867#0,12.4326,1842.2654180389677
33874,33875,32923867#1,14.355,6336.0284811981655
33876,33877,32923867#2,3.357,3868.9834447470485
33878,33879,32923867#4,2.8800000000000003,2173.193256293745
33880,33881,32924041#0,5.774400000000001,0.2857142857142857
33882,33883,32924041#1,0.0432,0.2532467532467533
33884,33885,32924041#2,4.2462,0.9805194805194807
33886,33887,32924041#3,1.3086,0.27922077922077915
33888,33889,32924042#1,5.5746,1.7671530977982575
33890,33891,32937030,12.8736,1.463653542224969
33892,33893,32939505,4.8654,1.3333333333333333
33894,33895,32976551,2.0178000000000003,0.22804905604512918
33896,33897,32976750,14.911200000000001,1.4741897233201566
33898,33899,32976751,4.4784,2.888442123477383
33900,33901,32976752,7.9416,0.5397947817868834
33902,33903,32976753,20.5794,2.330046948356806
33904,33905,32976753-AddedOnRampEdge,7.642800000000001,0.4903632320237211
33906,33907,32976754,24.7554,3.0975585284280953
33908,33909,32976755,4.1598,2.3571167624510614
33910,33911,32978638#0,5.6934,703.9324365756148
33912,33913,32978638#1,15.5664,1165.912496019683
33914,33915,32978638#2,2.5182,403.3529348653457
33916,33917,32998243#0,10.9422,0.0
33918,33919,32998243#1,175.3452,313.18681318681314
33920,33921,32998243#2,49.3776,31.027667984189723
33922,33923,32998243#3,75.45060000000001,74.17391304347828
33924,33925,32999110,7.6194,1227.5117009620838
33926,33927,32999110.68,5.986800000000001,2544.715230511555
33928,33929,32999434#0,14.4828,556.238829893809
33930,33931,32999435#0,4.4874,3760.356205580964
33934,33935,330047633,15.4548,2.0246305418719213
33936,33937,330047634,9.702,0.0
33938,33939,330048410#0,23.4846,2.5624999999999996
33940,33941,330048410#1,11.903400000000001,1.1521739130434785
33942,33943,330048411#0,9.81,5.904761904761905
33944,33945,330048411#1,4.914,0.0
33946,33947,330048411#2,0.0648,1.0
33948,33949,330048412,15.183000000000002,9.583333333333334
33950,33951,330048413#0,18.0684,0.0
33956,33957,330048683#1,0.0648,0.0
33958,33959,330048683#2,0.81,0.0
33960,33961,330048683#3,1.1916,0.26785714285714274
33962,33963,330048683#4,1.9692000000000003,0.19444444444444467
33964,33965,330048687,22.325400000000002,4.1000000000000005
33966,33967,330048689,21.4218,2.0
33968,33969,330048693,21.114,0.0
33970,33971,330048695,22.1436,5.899999999999999
33972,33973,330688182#0,0.0648,0.2651515151515152
33974,33975,330688182#1,23.509800000000002,1.2999999999999998
33978,33979,330688183#1,53.4816,4.5
33980,33981,330690610#0,1.3698000000000001,0.1428571428571429
33982,33983,330690610#1,8.5662,0.0
33984,33985,330690610#2,0.9162,0.0
33990,33991,330690611,0.48240000000000005,0.0
33994,33995,330690614#0,0.7146,0.0
33998,33999,330694492#0,19.755,0.0
34000,34001,330908487,2.4354,474.98214285714295
34002,34003,330908490,3.2832000000000003,1.0666666666666664
34004,34005,330908491,35.0154,10.0
34006,34007,330908492#0,7.5005999999999995,0.25000000000000006
34008,34009,330908492#1,3.4938000000000002,1.0
34010,34011,330908494#1,9.485999999999999,0.3333333333333335
34012,34013,330908495#0,3.3930000000000002,144.5
34014,34015,330908495#1,10.1682,2.2500000000000004
34016,34017,330908496,10.7604,2.25
34018,34019,330908497#0,3.4902,392.0
34020,34021,330908497#1,13.1544,0.33333333333333304
34022,34023,330908498#1,0.8280000000000001,0.8959649122807017
34024,34025,330908499#0,3.4218,1121.3333333333335
34026,34027,330908499#1,5.846400000000001,1.5666666666666667
34028,34029,330908499#3,0.2034,0.25
34030,34031,330908500#1,33.348600000000005,0.5
34032,34033,330908501#1,32.7762,0.0
34034,34035,330908502,12.895199999999999,3.858575924468921
34036,34037,330908503#0,3.4379999999999997,3.9780219780219777
34038,34039,330908503#1,0.5832,0.6215986394557826
34040,34041,330908503#2,0.5958,0.6741741741741739
34042,34043,330908503#3,0.3114,0.5615384615384615
34044,34045,330908503#4,0.5796,1.1026315789473689
34046,34047,330908503#5,1.1142,1.4358974358974361
34048,34049,330908503#6,8.4816,5.333333333333334
34050,34051,33102205#0,47.1366,16.6
34052,34053,33102205#1,92.8098,18.0
34054,34055,33102205#2,52.29,9.750000000000005
34056,34057,33102205#3,16.8732,373.4518272425249
34058,34059,33102476,1.2942,206.54296492580548
34060,34061,33102477,4.9068000000000005,12.181584158415845
34062,34063,33102490#0,2.1762,2.45405841437986
34064,34065,33102490#1,6.186599999999999,49.74581105169343
34066,34067,332608836,2.9303999999999997,0.0
34068,34069,332608837,24.2424,8.476190476190478
34070,34071,332608838#0,3.6,44345.75
34072,34073,332608838#1,1.7928,2.192307692307692
34074,34075,33280102#0,10.3482,993.0615306996731
34076,34077,33280102#1,15.836400000000001,4918.1962814692215
34078,34079,33280102#2,10.3248,7245.984459118138
34080,34081,33280102#3,7.5294,12457.051010717674
34082,34083,33280103#0,1.2726,9.914040203774997
34084,34085,33280103#1,11.5938,480.9400819355205
34086,34087,33280103#2,0.12240000000000001,2.3774490971955426
34088,34089,33280103#4,3.3552000000000004,174.76613621454422
34090,34091,33280103#5,1.0368,55.8008265263294
34092,34093,33280103#6,6.138000000000001,310.3420840793327
34094,34095,33280103#7,3.6504000000000003,577.2335402584267
34096,34097,333213157#1,60.4548,61.84558823529411
34098,34099,333213157#2,21.807000000000002,3.80952380952381
34100,34101,333213157#3,10.0944,3.584795321637427
34102,34103,333213157#4,1.5804,17.114285714285717
34104,34105,333418281,32.7528,2.6491228070175445
34106,34107,333420165#0,3.9600000000000004,0.0
34108,34109,333420165#1,2.3598,0.6666666666666665
34110,34111,333420167,16.4232,8.0
34112,34113,333420168#0,0.0648,8.5
34114,34115,333420171#0,4.3938,0.0
34116,34117,333420171#1,7.5816,0.0
34118,34119,333420174#1,0.2268,10.125
34120,34121,333420174#2,5.5872,0.5714285714285716
34122,34123,333420174#3,2.6928,0.0
34124,34125,333420175#1,0.0648,0.5
34128,34129,333420176#1,6.4746,0.0
34130,34131,333420177#0,9.3006,0.0
34132,34133,333420177#1,0.9288000000000001,0.0
34134,34135,333420177#2,0.5472,0.0
34136,34137,333420177#3,9.3888,0.33333333333333304
34144,34145,333420180#1,5.2542,4.2
34146,34147,333420180#2,9.7668,1.333333333333333
34150,34151,333420183#1,33.8058,0.0
34152,34153,333420184#0,4.248,0.5
34154,34155,333420184#1,7.1262,0.33333333333333326
34156,34157,333421781,21.8592,0.9523809523809527
34158,34159,333421782#0,1.2491999999999999,0.9666666666666666
34160,34161,333421782#1,0.9846000000000001,1.2000000000000002
34164,34165,333421783#1,1.1718000000000002,1.9444444444444444
34166,34167,333421783#2,0.8964,0.0
34168,34169,333421783#3,13.4802,3.5833333333333326
34170,34171,333421789#1,0.936,3.5073529411764697
34172,34173,333421793,11.4678,4.576923076923077
34174,34175,333424243#0,0.369,157.63636363636365
34176,34177,333424243#1,0.0648,0.24999999999999994
34178,34179,333424243#2,89.2494,14.999999999999995
34180,34181,333424243#3,87.22800000000001,26.25
34182,34183,333428400#0,12.1734,0.0
34184,34185,333428400#1,0.0648,0.27272727272727276
34186,34187,333428400#3,0.24300000000000002,6.7549857549857535
34188,34189,333428401,5.2308,2.249999999999999
34190,34191,333428404,29.8782,10.982142857142858
34192,34193,333428406#1,15.980400000000001,0.0
34194,34195,333428409#2,8.1126,93.8
34196,34197,333428411#0,26.217,3.566666666666665
34198,34199,333428411#1,1.5156,1.6436865021770677
34200,34201,333428414,11.501999999999999,63.734482758620686
34202,34203,333430442,72.0684,116.2727272727273
34204,34205,333434590#0,10.3374,1.3
34206,34207,333434590#1,9.8442,1.3000000000000007
34208,34209,333434590#2,0.7578,1.0588235294117645
34210,34211,333434590#3,13.7232,0.9318181818181818
34212,34213,333434595,34.9794,1102.1166666666666
34214,34215,333434596#0,2.7882,193.1923076923077
34216,34217,333434597#0,8.614799999999999,0.0
34222,34223,333434598,5.1984,0.0
34224,34225,333434600#1,0.0648,0.33333333333333337
34228,34229,333434601,0.0648,239.9411764705882
34230,34231,333434751,53.838,2380.5
34236,34237,333438877#1,3.8016,0.25000000000000006
34238,34239,333438878#0,37.0368,7.0
34240,34241,333438878#1,37.1394,6.166666666666666
34242,34243,333438880#0,1.6992,80.06593406593409
34244,34245,333438880#1,63.1368,19.969696969696955
34246,34247,333438884,0.9450000000000001,0.2380952380952381
34248,34249,333438885#1,0.6444,0.48148148148148157
34250,34251,333438885#2,0.5058,0.6609686609686609
34252,34253,333438885#3,0.6048,0.5449735449735451
34254,34255,333438885#4,0.7092,0.35327635327635326
34256,34257,333438885#5,0.4176,0.26851851851851855
34258,34259,333438885#6,6.6564,78.08000000000001
34260,34261,333438887,0.0648,0.0
34262,34263,334062994#1,35.57340000000001,0.0
34264,34265,334062994#2,45.336600000000004,17.025641025641026
34266,34267,334065604,3.8789999999999996,0.28571428571428575
34272,34273,334065611,6.138000000000001,0.16666666666666666
34276,34277,334065616,3.7782000000000004,0.33333333333333337
34278,34279,334066858#1,6.9246,1.4444444444444444
34280,34281,334066858#11,0.039599999999999996,0.9206349206349208
34282,34283,334066858#2,26.992800000000003,5.571428571428572
34284,34285,334066858#3,2.6262000000000003,0.16666666666666666
34286,34287,334066858#4,1.6740000000000002,0.33333333333333337
34288,34289,334066858#5,15.989399999999998,1.742857142857142
34290,34291,334066858#7,0.0882,2.161904761904762
34292,34293,334066858#9,0.0648,2.831309041835357
34294,34295,334066859#0,1.728,1.1428571428571428
34296,34297,334066859#1,4.095,0.6198830409356727
34298,34299,334066859#2,11.6514,0.5
34302,34303,334066859#4,0.3726,0.4000000000000001
34304,34305,334066860#1,9.8316,5.300000000000001
34308,34309,334282095,32.9796,0.6666666666666666
34310,34311,334656212#0,21.2076,1155.2095238095237
34312,34313,335392792,22.0698,3.243589743589743
34322,34323,335810252#2,0.0648,0.0
34324,34325,335810252#3,0.0648,0.0
34326,34327,335810252#4,23.7204,4.5
34332,34333,336233945#0,19.1322,0.0
34334,34335,336233945#1,0.9558000000000001,69.7
34336,34337,336233946,19.479599999999998,2.9166666666666665
34338,34339,336708438,15.254999999999999,3.0
34340,34341,336708442,4.134600000000001,0.3333333333333333
34344,34345,33697953,15.584399999999999,2.555263157894737
34346,34347,337345182,30.753000000000004,0.0
34348,34349,337345698,50.9436,57.3246753246753
34352,34353,337345699#1,1.9818,0.0
34354,34355,337345699#3,23.7456,29.380519480519474
34356,34357,337346378,62.01540000000001,0.0
34358,34359,337346379,9.2952,0.6999999999999998
34360,34361,337347380#0,30.434400000000004,2.0
34366,34367,337347381#2,1.8036,0.0
34368,34369,337347382#1,9.360000000000001,0.0
34370,34371,337347472,13.5288,3.5714285714285707
34372,34373,337347473#1,5.6484,0.0
34374,34375,337347473#2,5.5332,3.0
34376,34377,337348718#0,16.9956,0.0
34378,34379,337348718#1,17.46,2.0
34380,34381,337348718#2,5.0562000000000005,5.066666666666666
34382,34383,337348718#3,0.5706,2134.4555555555553
34388,34389,337348722#2,11.5794,0.5
34390,34391,337348724,10.8396,1.5833333333333337
34392,34393,337348726#0,33.2316,9.0
34396,34397,337348726#2,35.0928,12.0
34398,34399,337348728,16.786800000000003,0.0
34400,34401,337351588,59.0832,52.00000000000001
34402,34403,337577541#1,17.623800000000003,17.33333333333333
34404,34405,337577542#0,23.0184,4.333333333333335
34406,34407,337577544,34.4142,0.0
34408,34409,337577548#1,25.5366,92.99999999999999
34410,34411,337577550,15.1902,0.0
34414,34415,337577835,43.705799999999996,12.5
34416,34417,337577836,14.5386,12.5
34418,34419,337577948,12.376800000000001,2.333333333333334
34420,34421,33779209,1.1682000000000001,275.10261253797296
34424,34425,337875143#1,25.0182,0.0
34426,34427,337875143#2,8.0478,0.0
34428,34429,337985553#1,26.731800000000003,0.5
34430,34431,337985555#1,7.641,0.0
34432,34433,337985774#1,77.5134,28.666666666666668
34434,34435,337985774#2,0.09000000000000001,0.33333333333333337
34436,34437,337986522#1,35.494200000000006,0.0
34438,34439,337986523#1,35.9748,1.0
34440,34441,337986524#1,9.993599999999999,0.0
34442,34443,33814393#1,1.4904,1028.5372954500654
34444,34445,33814393#2,10.926,3500.0005905414396
34446,34447,33814393#3,14.5404,3893.4014911415966
34448,34449,338574357#0,3.0978000000000003,0.6348771901263711
34450,34451,338574357#1,3.0114,0.15937811603345464
34452,34453,339189099,13.5234,0.2666666666666668
34454,34455,339189103#0,31.6746,5.207894736842104
34456,34457,339189103#1,58.0896,22.97631578947365
34458,34459,339189103#3,6.4008,1.2068965517241375
34460,34461,339417557#1,0.6822,0.4471264367816092
34462,34463,339417557#2,0.0216,0.21260256679991588
34464,34465,339417557#3,3.5514,0.40589569160997724
34466,34467,339417557#4,7.5725999999999996,0.5054702293288449
34468,34469,339417557#5,7.821,0.6944444444444439
34470,34471,339417557#6,2.7234,0.25565656565656564
34472,34473,339417557#7,0.7434,0.24242424242424238
34474,34475,339417557#8,5.9958,0.4454751597608741
34476,34477,339418351,41.2128,27.30769230769231
34478,34479,339698300,27.4986,20.33333333333333
34482,34483,34015253#1,52.171200000000006,13.266233766233777
34508,34509,34026117#10,19.3716,0.0
34516,34517,34026117#14,3.8268,0.0
34518,34519,34026117#15,1.4292,0.0
34520,34521,34026117#16,12.407399999999999,0.0
34522,34523,34026117#2,30.911399999999997,0.0
34524,34525,34026117#3,24.6006,6.8
34526,34527,34026117#4,4.680000000000001,1.2
34528,34529,34026117#5,8.722800000000001,0.5
34530,34531,34026117#6,12.0114,3.5833333333333335
34532,34533,34026117#7,9.2484,1.333333333333334
34534,34535,34026117#8,42.8436,28.0
34536,34537,34026117#9,4.4514,0.0
34538,34539,34026134#0,3.0744,0.0
34542,34543,34026158#0,10.2402,0.0
34544,34545,34026158#1,5.8014,0.0
34560,34561,34026288#1,0.0432,0.0
34590,34591,34027769#1,10.44,0.0
34592,34593,34027770,30.1176,0.5
34596,34597,342059249#1,5.9148000000000005,1.2290976058931862
34598,34599,342059249#2,7.0524000000000004,1.0901792188956805
34600,34601,342059249#3,14.9526,1.1845540246555484
34602,34603,342059249#4,3.528,0.7545841084241298
34604,34605,342059249#5,12.672,1.2499799807815501
34606,34607,342059250#0,16.3458,1.2816356668190292
34608,34609,342059250#1,14.2992,1.3693291839557402
34610,34611,34230893,37.576800000000006,15.583333333333329
34612,34613,344545840,126.1908,53.606060606060616
34614,34615,344545841,52.29,8.999999999999996
34616,34617,344545842#0,5.724,13.661904761904761
34618,34619,346571110#1,16.002000000000002,0.0
34620,34621,34880352#1,14.6592,2.524350649350651
34622,34623,34880352#2,0.25200000000000006,0.243831640058055
34624,34625,34880352#3,1.3266,0.3633633633633635
34626,34627,34880352#4,8.6562,1.1953846153846153
34628,34629,34880352#6,16.9506,2.726315789473686
34630,34631,34880352#7,15.5322,1.4095238095238098
34632,34633,34880352#8,8.847,2.1
34634,34635,350320331#0,7.002000000000001,571.3598002674572
34636,34637,350320331#1,0.2178,0.3850422336262819
34638,34639,35064464#0,41.0778,4.9230769230769225
34640,34641,35064464#1,10.0638,0.9444444444444442
34642,34643,35064464#2,15.642,2.2
34644,34645,35064464#3,10.089,0.0
34646,34647,35064465,31.203000000000003,8.571428571428575
34648,34649,35073467#0,9.325800000000001,0.8888888888888901
34650,34651,35073467#1,14.8446,1.5659340659340666
34652,34653,35073467#3,24.255,21.0
34654,34655,35073467#4,5.434200000000001,3.0
34656,34657,35073468#0,57.80160000000001,23.811051693404625
34658,34659,35073468#1,10.9278,1.0784615384615386
34660,34661,35073468#2,10.4112,2.1732026143790852
34662,34663,35073468#3,35.38440000000001,3.839285714285716
34664,34665,35342077#1,5.3028,35.56461538461538
34666,34667,35342077#2,13.9212,0.7777777777777779
34668,34669,35342077#3,5.187600000000001,0.25
34670,34671,35342077#4,15.836400000000001,0.25
34672,34673,35342077#5,7.939799999999999,1.2999999999999998
34674,34675,35342077#6,14.562,2.555263157894737
34676,34677,35342077#7,4.759200000000001,8.526315789473683
34678,34679,35342079#1,1.6272,5.297529880478086
34680,34681,35342079#2,5.1246,21.03294757478024
34682,34683,35342079#3,0.7128000000000001,0.2746407609795588
34684,34685,35342079#4,3.6342000000000003,0.09397013243167093
34686,34687,35342079#5,15.438600000000001,0.9349845201238401
34688,34689,35342080#0,4.5648,0.0
34692,34693,35342080#2,1.9025999999999998,0.5
34696,34697,35342080#4,6.0498,0.6666666666666665
34698,34699,35342080#5,7.833600000000001,0.3
34700,34701,35342080#6,14.229000000000001,1.5449735449735453
34702,34703,35342080#7,5.4270000000000005,0.0
34704,34705,35342080#8,3.2976,0.5
34706,34707,35342844#0,0.16920000000000002,0.2
34712,34713,35342845#1,9.142199999999999,0.5
34714,34715,35342845#2,12.495600000000001,0.0
34716,34717,35342846#0,3.3534,0.7635327635327636
34718,34719,35342846#1,17.708399999999997,6.636363636363637
34720,34721,35342846#2,14.9724,2.5666666666666673
34722,34723,35342846#3,15.8238,0.0
34724,34725,35342846#4,27.4914,4.25
34726,34727,35342847#1,9.010800000000001,1.9514563106796108
34728,34729,35342847#2,2.9178,0.2604703247480403
34730,34731,35342847#4,0.2286,0.5
34732,34733,35342847#5,0.15300000000000002,0.21241830065359474
34734,34735,35342847#6,2.0646,0.09090909090909098
34736,34737,35342847#7,0.099,0.5549450549450549
34738,34739,35342847#9,0.0252,0.2909090909090909
34740,34741,35342848#1,2.0034,0.5552631578947368
34742,34743,35342848#2,2.2968,0.0
34744,34745,35342848#3,1.5678,0.5714285714285714
34746,34747,35417465#1,14.457600000000001,1.4130482456140343
34748,34749,35417465#2,31.7088,3.569758672699847
34750,34751,35417465#3,13.985999999999999,1.745981830887492
34752,34753,35417465#4,3.1788000000000003,0.992424242424243
34754,34755,35417466#0,192.33180000000002,227.40382513661206
34756,34757,35417466#1,71.1162,45.89473684210525
34758,34759,35417467,24.7896,1.3333333333333333
34760,34761,354652470#0,7.047000000000001,0.0
34762,34763,35468001#0,141.83100000000002,258.7134920634919
34764,34765,35468001#1,5.9238,0.45874822190611664
34766,34767,35468001#2,63.4338,71.34412955465582
34768,34769,35468001#3,123.7212,157.86163265306124
34770,34771,354967514#1,0.8622,96.30238299699437
34772,34773,354967514#2,0.15839999999999999,119.36618089289844
34774,34775,354967544#0,2.3796000000000004,5511.870275994438
34776,34777,354967544#1,4.428,11113.566128102324
34778,34779,354967545#0,4.735799999999999,2234.177268795523
34780,34781,354967545#1,9.8424,9249.068573464918
34800,34801,35588519#0,20.7018,0.33333333333333304
34802,34803,35588519#1,7.268400000000001,0.33333333333333326
34804,34805,35588519#2,24.6816,0.0
34808,34809,35588522#0,3.717,0.1111111111111111
34810,34811,35588522#1,27.3852,6.25
34818,34819,35589036#0,303.759,0.0
34820,34821,35589036#1,52.626599999999996,19.000000000000004
34822,34823,35589037,22.415399999999998,2.6999999999999993
34826,34827,35681685#0,13.4478,2.143790849673203
34828,34829,35681685#1,0.9936000000000001,0.36190476190476184
34830,34831,35681685#2,1.179,1358.655303030303
34832,34833,35681687,13.374,1.4619819819819813
34834,34835,35681724,13.464,3.0
34836,34837,35681725,13.118400000000001,603.6000000000001
34840,34841,35743389#0,18.918,1.1428571428571426
34842,34843,35743389#1,3.8142000000000005,0.1428571428571428
34846,34847,35743403,8.118,0.0
34848,34849,35743405,5.2416,1.583333333333333
34850,34851,35744086#0,14.814000000000002,260.6585055555375
34852,34853,35744154#0,5.6664,59.114197530864175
34854,34855,35744154#1,2.6514,138.17959414818313
34856,34857,35744155#0,5.5440000000000005,0.400049826894496
34858,34859,35744155#1,0.6696,0.32808589065681537
34860,34861,35744155#2,7.8786,0.5361529227075442
34862,34863,35744155#3,0.5760000000000001,0.25955510409291926
34864,34865,35744155#4,3.7656,0.27796602537402487
34866,34867,35744155#5,0.3762,0.1837196474203826
34868,34869,35779587,12.2454,5820.696428571428
34870,34871,35779588#0,11.122200000000001,0.9888888888888889
34872,34873,35779588#1,8.1558,0.3222222222222222
34874,34875,35779588#2,17.2314,2.3
34876,34877,358042226,21.8034,5.023391812865499
34878,34879,35818251,23.3424,0.5
34902,34903,35921580#1,7.5924000000000005,0.23809523809523805
34904,34905,35922590,8.19,3.7
34906,34907,35926298,3.5676,0.8000000000000002
34908,34909,35926319#0,7.2756,0.25365283459964927
34910,34911,35926319#1,9.9684,0.6100649350649351
34912,34913,35926319#4,5.796,0.8603864734299518
34914,34915,35926319#5,10.6992,2.4521276595744674
34916,34917,35926528#0,2.358,1.2002961513372497
34918,34919,35926528#1,5.2758,21.743512505039742
34920,34921,35926529,1.098,0.4158300276488186
34922,34923,35960027,9.81,0.0
34924,34925,35960028#0,10.269,2.3333333333333335
34932,34933,361440256,49.4424,0.0
34934,34935,361492963,25.7274,4.333333333333334
34936,34937,36291830#0,1.1862000000000001,0.2928660367684759
34938,34939,36291830#1,3.9906,7.743940414701707
34940,34941,363564528#1,0.0432,0.25
34942,34943,36548854#0,53.68320000000001,88.66666666666667
34944,34945,36548854#1,102.1662,65.33333333333334
34948,34949,36558370,7.6248,0.0
34950,34951,36689751#0,4.3488,28.609265234869085
34952,34953,36689751#1,15.991200000000001,127.6044223121347
34954,34955,36788200#0,1.4220000000000002,5719.816176470588
34956,34957,36788200#1,5.4036,0.7272727272727276
34958,34959,36788200#2,1.5048,0.5714285714285713
34960,34961,36788201#0,23.5224,4.699999999999999
34962,34963,36788202,9.783,1112.0000000000002
34964,34965,36788203#0,20.246399999999998,4.0
34966,34967,36788203#1,4.8204,93.1
34968,34969,36789282#1,19.4634,994.7
34972,34973,36789284#1,0.8118000000000001,0.25
34974,34975,36789284#3,48.4668,2.333333333333333
34976,34977,36789284#4,2.0267999999999997,7.477124183006534
34980,34981,36792010#0,6.8418,0.42923219241443117
34982,34983,36792010#1,17.469,2.276152482269503
34984,34985,36792010#2,13.1688,1.5287784679089025
34986,34987,36792012,45.2592,0.0
34988,34989,36792014,32.171400000000006,0.5
34990,34991,36792015#0,30.8826,4.904761904761903
34992,34993,36792015#1,8.427600000000002,1.0606060606060603
34994,34995,36792017#1,13.7394,0.957575757575758
34996,34997,36792017#2,12.8088,1.1806039488966322
34998,34999,36792017#3,12.5694,1.2634920634920637
35000,35001,36792018,18.4284,0.6060606060606063
35002,35003,36792019,20.547,14.157258064516133
35004,35005,36792021#0,3.0618000000000003,0.5
35006,35007,36792021#1,8.8938,0.75
35008,35009,36792021#2,4.6962,0.8710526315789472
35010,35011,36792021#3,23.517,3.0
35012,35013,36793495#1,4.9086,0.33333333333333326
35014,35015,36793495#2,0.81,0.0
35016,35017,36793495#3,0.4176,0.0
35018,35019,36793495#4,0.6678000000000001,2.6666666666666665
35020,35021,36793495#5,0.7254,1.2380952380952384
35022,35023,36793495#6,0.2178,90.26785714285714
35024,35025,36793495#7,0.2952,31.124999999999996
35026,35027,36793495#8,0.0648,37.7888888888889
35030,35031,36793497#0,21.9114,0.5
35034,35035,36793498#0,19.366200000000003,0.0
35038,35039,36793500#0,18.8838,72.0
35060,35061,36793503#5,0.6642,0.0
35068,35069,36793509#1,11.802600000000002,1.6068215892053972
35070,35071,36793511#0,2.043,0.5
35072,35073,36793511#1,36.981,0.0
35074,35075,36793511#2,10.1034,0.0
35076,35077,36793512,20.5542,0.0
35078,35079,36856995,1.4148,0.2666666666666667
35080,35081,36962701#0,11.2932,1.3636363636363638
35082,35083,36962701#1,1.4256000000000002,0.2909090909090909
35084,35085,37192503#0,13.985999999999999,0.5
35086,35087,37192503#1,201.5676,239.47619047619045
35088,35089,37192504,12.7062,0.25000000000000017
35090,35091,37192505#1,4.599,0.7575757575757575
35092,35093,37192505#2,35.577000000000005,86.61008403361346
35094,35095,37192506#0,16.2468,1.0999999999999994
35096,35097,37192506#1,2.565,1.0000000000000002
35098,35099,37192506#2,4.3073999999999995,0.0
35100,35101,37192507#0,53.0406,12.5
35104,35105,37192508#0,9.09,2.0350877192982453
35106,35107,37192508#1,5.8212,0.6176470588235293
35108,35109,37192511#0,13.6854,0.4999999999999999
35110,35111,37192511#1,13.885200000000001,0.0
35112,35113,37192511#2,1.9134,0.5
35114,35115,37193852#0,8.454600000000001,0.3333333333333333
35116,35117,37193852#1,7.770600000000001,0.2999999999999999
35118,35119,37193852#2,12.8574,1.5833333333333333
35120,35121,37193852#3,10.9062,1.1999999999999995
35122,35123,37193852#4,8.1828,0.49999999999999994
35124,35125,37193853,10.774799999999999,0.5
35126,35127,37193854,23.479200000000002,2.5535714285714284
35128,35129,37193855#0,10.620000000000001,0.8
35130,35131,37193855#1,1.4687999999999999,0.8392857142857143
35132,35133,37193855#2,13.5558,0.5714285714285717
35134,35135,37193855#3,13.1724,0.8909090909090909
35136,35137,37193856,23.985,2.916666666666668
35138,35139,37193857#0,79.3368,8.0
35140,35141,37193857#1,52.4718,20.571428571428566
35142,35143,37193858#0,18.181800000000003,0.9166666666666665
35144,35145,37193858#1,12.830400000000001,0.0
35146,35147,37193858#2,8.8794,0.6666666666666665
35148,35149,37193858#3,9.806400000000002,0.0
35150,35151,37193859#1,13.870800000000001,0.5
35152,35153,37193859#11,10.7982,1.7032520325203255
35154,35155,37193859#12,13.5954,2.5666666666666655
35156,35157,37193859#13,9.918,2.0
35158,35159,37193859#2,0.3492,0.20000000000000004
35160,35161,37193859#3,13.042800000000002,0.9999999999999997
35162,35163,37193859#4,7.9218,3.25
35164,35165,37193859#5,3.2112000000000003,1.1025641025641029
35166,35167,37193859#6,7.416,1.8571428571428577
35168,35169,37193859#8,6.8094,5.497835497835498
35170,35171,37193859#9,9.122399999999999,1.2246153846153849
35172,35173,37193860,32.4162,30.333333333333336
35174,35175,37193861#0,4.5126,0.8351648351648346
35176,35177,37193861#1,7.608600000000001,1.0545454545454545
35178,35179,37193861#2,12.8358,0.7999999999999998
35180,35181,37193862#0,24.355800000000002,0.0
35182,35183,37193862#1,17.64,2.25
35184,35185,37193863#0,11.745000000000001,0.8392857142857144
35186,35187,37193863#1,26.3664,1.0
35188,35189,37193864,99.02520000000001,0.0
35190,35191,37193865,21.231,2.7
35198,35199,37255717#0,0.30060000000000003,24.279874213836464
35200,35201,37255717#1,4.1526,0.45605920444033293
35202,35203,37255717#2,12.0582,1.3266666666666669
35204,35205,37255717#4,5.6358,0.3333333333333335
35206,35207,37255717#5,3.5784000000000002,0.5
35214,35215,37255726#0,6.5358,7.914979757085022
35216,35217,37255726#2,3.2328,0.3226890756302524
35218,35219,37255726#3,4.2156,0.21652421652421652
35220,35221,37255726#4,3.9384000000000006,0.3076923076923079
35222,35223,37255726#5,30.3228,2.265151515151516
35226,35227,37255731,64.1754,0.0
35248,35249,37256211,41.3892,13.692307692307692
35250,35251,37275085,67.3146,45.0
35252,35253,37282369,16.9704,37487.40524909637
35254,35255,37282688#0,2.3112,2561.118716488637
35256,35257,37282688#1,1.2096,857.768607320229
35258,35259,37282688#2,11.6676,11422.432084782142
35260,35261,37282688#3,4.9302,5641.263397768345
35262,35263,37282688#4,1.6074000000000002,1514.3636407202025
35264,35265,37282688#5,3.4650000000000003,5515.455527792864
35266,35267,37282738,2.1816,606.4044474001415
35268,35269,37386279#0,3.7548,0.5714285714285714
35270,35271,37386279#1,12.591000000000001,1.3611111111111116
35272,35273,37451605,12.3984,3413.9393939393935
35274,35275,37480109,9.428400000000002,187.15993887035887
35276,35277,37480269,19.908,1.6958333333333337
35278,35279,37547253,29.781000000000002,1.0
35280,35281,376277111,25.1964,1.0
35282,35283,376277112#1,4.3578,1.0
35286,35287,376285856#2,29.006999999999998,70.96666666666667
35288,35289,376285856#3,67.7016,28.571428571428573
35290,35291,376285856#4,1.6452,2.3589743589743586
35292,35293,376285856#5,31.6746,6.401098901098901
35294,35295,376285856#6,14.646600000000001,4.016339869281046
35296,35297,376285856#7,0.1296,0.3894927536231885
35298,35299,37649447#0,2.3508,1.8057071002767733
35300,35301,37649447#1,6.1344,14.715243433344327
35302,35303,37649447#2,3.4146,3.7561962134251314
35304,35305,37649447#3,9.9468,120.00543122717112
35306,35307,37649448#0,7.3908,271.5019552016367
35308,35309,37649448#1,4.7574,336.0276628018814
35310,35311,37649448#2,15.3162,1993.4192727653174
35312,35313,37681424#0,42.6726,10.307692307692308
35314,35315,37681424#1,39.387600000000006,17.803303303303306
35316,35317,37681425#1,4.032000000000001,0.9166666666666669
35318,35319,37681425#2,0.4356,0.3333333333333334
35320,35321,37681425#3,5.4144000000000005,0.8285714285714285
35322,35323,37681425#4,5.4774,0.26190476190476203
35324,35325,37681425#5,0.4068,0.14814814814814808
35326,35327,37681425#6,7.7256,1.058620689655173
35328,35329,37681425#7,8.0046,3.956989247311829
35330,35331,37681592#0,12.5442,3.451615239750833
35332,35333,37681592#2,27.9774,3.218890337534405
35334,35335,37681592#3,1.4886,0.3368466030479988
35336,35337,37681592#4,18.315,1.8035863219349457
35338,35339,37681592#5,13.1688,0.9913464866735895
35340,35341,37681592#6,4.338,0.41216683973693297
35342,35343,37681592#7,1.4418000000000002,0.1525304179157114
35344,35345,37681592#8,3.7728,0.36170574243968734
35346,35347,37714408#0,0.0648,0.26666666666666666
35348,35349,37714408#1,6.9606,1.5714285714285712
35352,35353,37715611,27.0684,0.0
35354,35355,37715612#0,26.362800000000004,0.6999999999999997
35356,35357,37715612#1,17.3916,0.0
35358,35359,37715612#2,0.0648,0.0
35360,35361,37715613#0,6.0534,0.3999999999999999
35362,35363,37715613#1,14.0472,0.3333333333333335
35364,35365,37715613#2,12.9114,3.194444444444445
35366,35367,37715614#0,21.0006,2.566666666666666
35368,35369,37715614#1,16.8156,0.5
35370,35371,377208351#0,3.6288,0.0
35372,35373,378466167,1.0998,0.24415226240339796
35374,35375,378946906,1.2006000000000001,1.0495771062122847
35376,35377,378946906.15,1.8017999999999998,2.602178025182154
35378,35379,378946907,1.512,0.3584183059977874
35380,35381,378946908,0.27,0.22990917627871377
35382,35383,378946911,10.125,1.1271509800987578
35384,35385,379510292,3.8592000000000004,0.14102564102564105
35386,35387,379520414#0,0.3312,0.22527472527472525
35388,35389,379520414#1,3.6630000000000003,0.4242424242424242
35390,35391,379718294,2.1726,0.39642176005812374
35392,35393,379721535,5.1732000000000005,1.58974358974359
35398,35399,379723622#0,0.0648,0.2307692307692308
35400,35401,379723622#1,11.5632,0.6428571428571429
35402,35403,379723623#0,8.1234,0.7322413599009351
35404,35405,379723623#2,4.388400000000001,0.4651629072681705
35406,35407,379723624#1,5.0364,3407.4823152049044
35408,35409,379795369,0.5814,0.2583492625545771
35410,35411,379795371,0.5562,0.26190046184874716
35412,35413,379795373,1.1754,0.7169623634533588
35414,35415,379795373.16,1.9548,0.30406533943650815
35416,35417,379795383,6.6744,0.4107761835812379
35418,35419,379795384,8.028,0.49180618301000945
35420,35421,379795385,0.468,0.09134254794814096
35422,35423,379795386,0.3906,0.10909090909090911
35424,35425,379795387,1.2564,0.2497848301331706
35426,35427,379795388,0.1476,0.18429412932689124
35428,35429,379795389,0.2034,0.24236776848940367
35430,35431,379795390,0.8298000000000001,0.41831622678396874
35434,35435,379897806,3.9276,30.52105230157971
35436,35437,380058449,10.4886,7.999999999999999
35438,35439,380271165#0,2.9628,305.5228754296552
35440,35441,380273341,1.5408,1952.714127324254
35442,35443,380273342,1.3824,349.0888078479226
35444,35445,380273346,8.7408,2.5714285714285716
35446,35447,380273350,16.6176,12306.218181818183
35448,35449,380273351#1,15.390000000000002,9051.170634920634
35450,35451,380273351#2,4.5576,7027.961147086031
35460,35461,381247993,0.0252,0.040996357912846185
35462,35463,381247994,0.9828000000000001,0.18760866780138716
35466,35467,38305646#0,9.7668,1.5072431957857773
35468,35469,38305646#2,5.0184,1.224176231025546
35470,35471,38305646#3,10.728,0.9089602925809821
35472,35473,38434492#0,13.388399999999999,1.6518148228645944
35474,35475,38434492#1,7.407000000000001,0.8578199052132706
35476,35477,38434492#2,0.2826,0.5424975409103102
35478,35479,38434492#4,19.8684,3.943651154852658
35480,35481,38434492#5,0.6984,0.2649071358748778
35482,35483,38434492#7,7.7418000000000005,1.3871548968323162
35484,35485,38434492#8,20.0988,3.011142147734325
35486,35487,38434577,6.6726,0.40034140285536896
35488,35489,38434578,24.636599999999998,3.6705187467899334
35490,35491,38435025,6.305400000000001,0.4372942540155656
35492,35493,38550961#0,60.3648,0.0
35496,35497,38550961#2,40.872600000000006,2.3000000000000007
35498,35499,38550961#3,47.3472,161.09583333333336
35502,35503,38550998#1,2.0808,0.0
35506,35507,38551086#1,85.455,0.0
35508,35509,38573373#0,37.4562,16.25
35510,35511,38573373#1,13.755600000000001,76.0
35512,35513,38573374,19.000799999999998,3.0666666666666664
35514,35515,38573375#0,14.5926,7.0
35516,35517,38573375#1,19.4526,3.6428571428571432
35518,35519,38573376#0,19.722600000000003,4.666666666666667
35520,35521,38573376#1,6.255,3.0
35522,35523,38573377#0,18.7146,1.5833333333333328
35524,35525,38573377#1,31.7556,2.9166666666666656
35526,35527,38573380,23.5152,2.0
35528,35529,386687232#0,1.935,96.42798957363846
35530,35531,386687232#1,9.153,793.9781735701998
35532,35533,386687235#1,10.647,36.034514898081135
35534,35535,386687235#1.84,3.222,5.264927750972377
35536,35537,386687242#1,6.2154,4.740142399133943
35538,35539,386687242#2,1.6002,0.19576179835579413
35540,35541,386687242#3,6.4475999999999996,0.42152522552622834
35542,35543,387031636,22.3578,4.566666666666665
35544,35545,387031636.74,28.3014,2.000000000000001
35546,35547,389552421#1,7.392600000000001,3.843678160919539
35548,35549,389552421#2,4.505400000000001,0.33333333333333326
35550,35551,389552421#3,21.2112,2.2763532763532766
35552,35553,389552421#4,3.2706,0.4603174603174602
35554,35555,389552421#5,0.5796,0.15441176470588236
35556,35557,389565213#0,22.5234,4.672727272727273
35558,35559,389831363,1.5822,1.005302306658176
35560,35561,389831364#1,5.589,2630.6833029433265
35562,35563,389831364#1.51,5.463,4405.26686452837
35564,35565,389840420#0,8.3772,48.455892480005225
35566,35567,389840420#1,4.482,21.808812615955468
35568,35569,389840420#2,11.709,136.0935327225431
35570,35571,389840420#3,9.594000000000001,1723.2828877679708
35572,35573,389840423#0,32.8194,357.79991177358323
35574,35575,389840423#2,13.1058,28.51354966938043
35576,35577,390068133#0,0.0648,0.2503725782414307
35578,35579,390068133#1,8.7192,0.9502125649504012
35580,35581,390068133#2,5.425199999999999,0.4756389042103328
35582,35583,390068133#3,5.625,0.4144812362030906
35584,35585,390282481,3.6251999999999995,1178.1684796769146
35586,35587,390565276#0,1.143,0.2920745920745921
35588,35589,390565276#1,0.45180000000000003,0.22359154929577468
35590,35591,390565277#0,6.561,0.40952380952380957
35592,35593,390565277#1,5.0742,0.7545827633378932
35594,35595,390565278#0,4.3974,0.43225806451612897
35596,35597,390565278#1,0.0252,0.26666666666666666
35598,35599,390565279,3.9114,0.4413319238900636
35600,35601,390565280,1.7189999999999999,0.23333333333333328
35602,35603,390565281,0.9378000000000001,0.3175440800770618
35606,35607,390565283,0.2772,0.1910005557017929
35608,35609,390832775#0,7.272,0.8653753506022114
35610,35611,390832776#1,5.8626000000000005,0.0
35612,35613,390832777#0,12.1014,0.33333333333333304
35614,35615,390832777#1,44.5302,6.333333333333333
35616,35617,390835794#0,3.195,58.59450624733188
35618,35619,390835794#1,4.388400000000001,85.5184982147045
35620,35621,390835794#2,6.964200000000001,169.3614488203412
35622,35623,390842191#0,0.0756,0.25000000000000006
35624,35625,390842191#1,1.9404000000000001,0.0
35626,35627,390842192#0,0.9378000000000001,0.5688806571658864
35628,35629,390842192#1,0.747,2.7019837847162327
35630,35631,390842192#2,0.5292,0.4198852546282602
35632,35633,390842192#3,1.08,0.15551743853630648
35634,35635,390842192#4,5.0652,0.30396413402548367
35636,35637,391029004#0,11.214,1.2025889154203846
35638,35639,391029004#1,15.060600000000003,1.5759854877501944
35640,35641,391029004#2,9.2538,1.2566265060240966
35642,35643,391029005#1,5.67,64.87439583202561
35644,35645,391029007,4.7286,2135.0256495040157
35646,35647,391029008#0,3.006,2157.01161919854
35648,35649,391029008#1,14.9796,21373.556527368484
35650,35651,391029008#2,11.7468,10841.368253648474
35652,35653,391029008#3,3.6666,1553.8039716799458
35654,35655,391029009#0,9.243,12.267245685166271
35656,35657,391029009#0.80,7.207199999999999,43.497999049573835
35658,35659,391029010,8.136,0.5901826484018264
35660,35661,391029011#0,10.7478,1.0084033613445376
35662,35663,391029011#1,16.153200000000002,2.209990749306198
35664,35665,391029011#2,11.9772,2.166666666666667
35666,35667,391029011#3,3.1248,0.8
35668,35669,391029012#0,3.9906,0.35846153846153844
35670,35671,391029012#1,1.7424,0.2731182795698925
35672,35673,391029012#2,13.3938,0.830049261083744
35674,35675,391029012#3,6.5556,0.5225806451612903
35676,35677,391029012#4,14.628600000000002,1.2582417582417578
35678,35679,391029012#5,13.6098,1.8458498023715413
35680,35681,391029012#6,4.134600000000001,0.28654970760233917
35682,35683,391029013,20.491200000000003,3.1818181818181817
35684,35685,391029014#0,10.3482,1.1082251082251082
35686,35687,391208987#0,0.7884,0.32491825181955636
35688,35689,391208987#1,11.3526,0.9037656903765691
35690,35691,391208988,6.057,2182.409427034857
35692,35693,391208990,37.3662,36.44006740257995
35694,35695,391208991,2.1546000000000003,0.04545454545454545
35696,35697,391208992#0,39.6504,13.666666666666664
35698,35699,391208992#1,23.5746,4.300000000000002
35700,35701,391208993#0,27.493199999999998,3.956343362087103
35702,35703,391208993#1,19.4112,3.4825396825396826
35704,35705,391208993#2,4.2822000000000005,0.3919540229885058
35706,35707,391208993#3,7.954199999999999,0.8677248677248678
35708,35709,391208993#4,8.8146,1.346014492753623
35710,35711,391208993#5,3.825,14.80919540229885
35712,35713,391344206#0,32.8014,9.8
35714,35715,391344206#1,28.7712,4.700000000000002
35716,35717,391344206#3,1.9224,0.24999999999999992
35718,35719,391344206#4,0.8388000000000001,0.3333333333333333
35720,35721,391344206#5,0.18180000000000002,0.0
35724,35725,391344207,9.288,0.5
35726,35727,391344216,3.8232000000000004,0.5444444444444445
35728,35729,391606911#0,26.524800000000003,2.504662901181659
35730,35731,391606911#1,6.5286,0.6986059111260948
35732,35733,391606911#2,17.4708,1.255083387738146
35734,35735,391606911#3,1.8864,0.6643613832820735
35736,35737,391606911#4,2.8205999999999998,10.904857257435188
35738,35739,391606914,1.0566,0.28078658929722744
35740,35741,391606915,0.2106,0.4279082612017806
35742,35743,391606922,3.249,2.9264112903225805
35744,35745,391758376,0.5166,0.1830065359477124
35746,35747,391758377,1.3896000000000002,0.40498416982031976
35748,35749,391885896#0,5.8734,3.542857142857143
35750,35751,39227066#0,28.877399999999998,0.0
35756,35757,39227661#1,7.880400000000001,0.6209456691740527
35758,35759,39227661#2,2.1654,0.3849036402569591
35760,35761,39236841#1,22.7466,546.9166666666666
35762,35763,39236841#4,26.838,22806.95238095238
35764,35765,392631301,1.9314,0.6267540307227955
35766,35767,39265638,4.6854000000000005,0.0
35768,35769,39265639#2,6.714,2.288135593220339
35770,35771,39265640#0,39.0492,2.0
35772,35773,39265640#1,100.1322,46.19999999999999
35774,35775,392714143#1,2.061,0.3643709024968612
35776,35777,392714143#1.19,3.2814,0.4203197987782967
35778,35779,39301798#0,9.8442,2.9166666666666665
35780,35781,39301798#1,74.4246,24.5
35782,35783,393244238,0.6588,0.24146604383758533
35784,35785,393244241#0,3.5856,1.419698198680768
35786,35787,393244241#0.36,0.9522,0.8872347395624796
35788,35789,393244241#0.36.12,1.0764,0.43644650842793226
35790,35791,393420106#0,1.1808,0.037816455696202525
35792,35793,393420106#1,19.7784,1.3158227848101267
35794,35795,393420112#0,5.895,0.5612176814011678
35796,35797,393420112#1,11.0484,0.8527939949958296
35798,35799,393420112#2,5.9058,0.3903357903357901
35800,35801,393420112#4,0.6876,0.18608815426997247
35802,35803,393420116#1,5.331600000000001,32.21662749706228
35804,35805,393420116#3,12.803400000000002,1.643138854889162
35806,35807,393420116#4,3.3876,0.9425687434737211
35808,35809,393420116#5,0.1962,0.25138410893311386
35810,35811,393420116#6,15.071399999999999,2.3628881987577635
35812,35813,393420116#7,3.8232000000000004,0.5086435070306037
35814,35815,39345679#1,0.3996,0.2660098522167488
35816,35817,39345679#2,2.097,0.40952380952380946
35818,35819,39345680,109.8198,31.904761904761894
35820,35821,39443315#0,30.675600000000003,16853.36496645848
35822,35823,39443315#1,47.0178,124197.20579710144
35824,35825,39443316#0,12.1752,264002.87256034935
35826,35827,39443316#2,1.2528,14671.818728639775
35828,35829,39444328#0,4.2804,207.0
35830,35831,39444328#2,4.4748,0.33333333333333326
35832,35833,39444740#1,2.8818,0.6609686609686616
35834,35835,39444740#2,6.057,99.35221674876847
35836,35837,39444746#0,19.3734,5.61111111111111
35838,35839,39444746#1,19.5606,10.0
35840,35841,39444746#2,46.800000000000004,25.33333333333333
35842,35843,39444746#3,20.8044,9.11111111111111
35844,35845,39444746#4,9.1692,5.786096256684493
35846,35847,39444747,25.5726,5.928048780487805
35848,35849,39444748,2.4012000000000002,0.32666666666666655
35850,35851,39445512#1,6.9750000000000005,2.7789560504300685
35852,35853,39445513,9.6768,0.0
35854,35855,39445515,18.6408,0.0
35856,35857,39445516,13.824,0.0
35858,35859,39445786#0,5.6916,0.0
35860,35861,39445786#1,0.0252,4.0
35864,35865,39445788#0,5.931,7.428571428571429
35866,35867,39445788#1,25.977600000000002,23.3
35868,35869,39445788#2,30.4254,0.0
35870,35871,39445789,20.493,2.857142857142858
35872,35873,39445983,35.0964,0.5
35874,35875,39445984#0,18.9972,0.0
35878,35879,39445985,95.1822,32.0
35884,35885,39530040,3.789,120.23137279517924
35886,35887,39530041,4.9662,36.39021507592939
35888,35889,39530043,9.8118,0.9166666666666666
35890,35891,39530044#0,8.1522,1.229166666666667
35892,35893,39530044#1,0.0648,0.65359477124183
35894,35895,39530044#2,8.2386,2.201581027667984
35896,35897,39530044#3,2.9016,1.7156862745098038
35898,35899,39530044#4,0.0648,0.5282828282828284
35900,35901,39530044#5,39.3966,178.79105520614957
35902,35903,39530419,10.774799999999999,1.0
35904,35905,39577340,32.9076,0.0
35906,35907,39577537,1.9188,16.333333333333332
35908,35909,39577538,11.2446,1.0923884514435682
35910,35911,39577540,2.0808,0.8361111111111109
35912,35913,39603434,7.610399999999999,0.7515585190003791
35914,35915,39603435#0,1.5822,0.22198731501057087
35916,35917,39603436#0,4.4478,0.28396250642013326
35918,35919,39603436#1,12.069,1.3210708782742684
35920,35921,39603436#2,1.413,0.44734693877550996
35922,35923,39603436#3,5.6898,0.3525369978858351
35924,35925,39603437,3.2201999999999997,0.14533757609297174
35926,35927,39603438#0,22.5108,2.497451568039803
35928,35929,39603438#1,0.9306000000000001,0.12753416932950234
35934,35935,396370768,45.7254,171.00000000000003
35936,35937,396370770#0,2.2788,0.3333333333333333
35938,35939,396370770#1,2.8134,0.33333333333333337
35942,35943,396370773#1,0.0648,0.25
35944,35945,396370774#1,1.1394,0.21428571428571433
35946,35947,396370774#2,4.7556,301.46666666666664
35948,35949,39649524#0,5.6034,596.835303817989
35950,35951,39649528,11.482199999999999,70.85881799958528
35952,35953,39649533,3.9276,1.6908242427763076
35954,35955,39697943,7.9794,1.3457305376974122
35956,35957,39698489,20.253600000000002,54.94974431317227
35958,35959,39704293#0,0.0252,11.670224817009412
35960,35961,39704293#1,40.0554,5.3246920389777515
35962,35963,39704293#2,4.6530000000000005,0.31369863013698635
35964,35965,39704293#3,10.089,0.48363442113442096
35966,35967,39704293#4,1.9224,0.22528735632183908
35968,35969,39704919#0,3.9258,346.5078319251913
35970,35971,39704920,5.4702,22.588042299074328
35972,35973,39704922,11.6604,0.8643479652901064
35974,35975,39704923,16.6104,2.709333961178255
35976,35977,39704924,7.833600000000001,3.400038080286322
35978,35979,397584419,77.5944,4492.952380952381
35980,35981,397587871#0,35.796600000000005,12.362500000000004
35982,35983,397587871#1,0.5868,0.0
35984,35985,397587871#2,85.61340000000001,0.0
35986,35987,397587872#0,18.799200000000003,5.643333333333334
35988,35989,397587872#1,41.31,13.778947368421052
35990,35991,397588242,7.300800000000001,0.0
35992,35993,397588245,7.264799999999999,0.0
35994,35995,397588246,7.792199999999999,0.5
35996,35997,397588247#2,35.4492,2.9166666666666656
35998,35999,39857771,162.52740000000003,153.94254032258058
36000,36001,39857772#0,69.1452,15.486538461538458
36002,36003,39857772#1,34.3584,6.496634615384622
36006,36007,39860602,1.3698000000000001,13.923113207547162
36008,36009,39860603,7.3187999999999995,1.4391779520076018
36010,36011,39860604#0,9.414000000000001,6.214285714285715
36012,36013,39860604#2,62.364599999999996,29.476190476190478
36014,36015,39861421,8.0586,1.333333333333333
36016,36017,39861704#1,4.6512,0.5701241017848129
36018,36019,39861707,2.4480000000000004,2.4491373910144554
36020,36021,39861708#0,1.8288,1.6930122891870727
36022,36023,39861708#1,9.1044,44.556602019450786
36024,36025,39863083#0,22.8582,6.622222222222223
36026,36027,39863083#2,3.0312,0.7500000000000001
36028,36029,39863083#3,4.7034,0.3
36030,36031,39863083#4,2.3058,0.25
36032,36033,39863083#5,6.175800000000001,0.0
36034,36035,39863083#6,8.688600000000001,0.8000000000000002
36036,36037,39863083#7,6.9318,0.1666666666666666
36038,36039,39863083#8,4.3416,0.29999999999999993
36040,36041,39863084#0,7.8354,0.5409031413612564
36042,36043,39863084#1,8.7804,0.8533149330113279
36044,36045,39863084#2,3.222,0.4222650868007715
36046,36047,39863084#3,9.1152,1342.3096377004167
36048,36049,39863084#4,14.7582,6413.323686477175
36050,36051,39863084#5,8.838000000000001,14638.645723313031
36052,36053,39863101,21.204,1.8803921568627453
36054,36055,39918460,12.645000000000001,12.5
36056,36057,39918462,5.1192,0.0
36062,36063,399835085#0,5.668200000000001,60.89749670619237
36064,36065,399835085#1,23.0742,2.9006587615283266
36066,36067,399835085#2,20.1222,3.3356342182890857
36068,36069,399835087#0,9.559800000000001,5.361111111111111
36070,36071,399835087#1,14.364,10.277777777777779
36072,36073,399835087#2,12.0888,0.5535714285714283
36074,36075,399835087#4,41.19840000000001,16.33333333333333
36076,36077,400100578,7.6049999999999995,2.0
36078,36079,400100580#1,0.4626,0.21428571428571433
36080,36081,400100580#2,11.529,2.666666666666666
36082,36083,40059576#0,5.6160000000000005,0.25512737478411057
36084,36085,40059576#1,12.027600000000001,1.2569230769230773
36086,36087,402154210,0.18539999999999998,0.30000000000000004
36088,36089,402600768#1,7.513200000000001,3949.2051429417406
36090,36091,403879902#1,0.0774,8.333333333333332
36092,36093,40490659#0,9.7794,3.0
36096,36097,40490659#2,12.9384,0.0
36098,36099,40493395,7.7940000000000005,0.3333333333333335
36100,36101,40493437#0,3.2201999999999997,0.30000000000000004
36102,36103,40493437#1,3.0402,0.0
36104,36105,40493437#2,5.841,1.1555555555555557
36106,36107,40496432#0,1.3464,1.5
36108,36109,40496432#1,29.412,28.5
36110,36111,40512185#1,35.5014,6.837402495001546
36112,36113,40512185#2,43.6176,12.030979951607327
36114,36115,40527181,1.8234,1.333333333333333
36116,36117,40527191,1.5696,0.0
36118,36119,40578426#0,225.252,0.0
36120,36121,40578426#1,11.7072,109.65454545454546
36122,36123,4058133#1,10.6992,49.35714285714284
36124,36125,4058133#2,8.874,9.788888888888888
36126,36127,4058141,19.5048,2.05127335586055
36128,36129,4058147#0,1.53,0.945569633237789
36130,36131,4058147#1,3.9888000000000003,0.6284305191646002
36132,36133,40623117#0,10.2042,11044.509258286957
36134,36135,40623117#1,6.3954,7873.771171151746
36136,36137,40623117#2,1.4454,836.4192587500719
36138,36139,40623117#3,0.0432,1047.816082359489
36140,36141,40631191,2.2680000000000002,0.7
36142,36143,40632372,20.9628,3.7999999999999994
36144,36145,40640588#0,0.1134,0.18181818181818182
36146,36147,40640588#1,4.5972,0.6868131868131868
36148,36149,40640588#2,0.0252,0.4545454545454545
36150,36151,40640588#3,0.9558000000000001,0.9246753246753248
36152,36153,40640588#4,1.8648,0.9290090090090094
36154,36155,40640588#5,2.5056,0.9527777777777777
36156,36157,40642783#0,0.0648,77.14
36158,36159,40642783#1,0.3492,0.13978494623655913
36160,36161,40642783#2,21.1266,22.11666666666666
36162,36163,40642783#3,8.2818,2.5535714285714284
36164,36165,40642787#0,20.1006,3.5833333333333335
36166,36167,40642787#1,1.3572,26.096326530612235
36168,36169,40642787#2,15.004800000000001,6.450216450216452
36170,36171,40642790#0,0.0648,14.119959677419352
36172,36173,40642790#1,0.039599999999999996,166.0908080808081
36174,36175,40642790#2,0.3366,25.97744845360825
36194,36195,40799279,26.0082,3.6666666666666647
36196,36197,40801033#3,2.6874000000000002,11.756045519203411
36198,36199,40801034#0,20.9592,3680.5
36200,36201,40801034#1,0.5886,2.023333333333334
36202,36203,40801035#1,0.2196,0.4429590017825312
36204,36205,40801035#2,3.4379999999999997,2.263066202090593
36206,36207,40801035#3,27.8226,13.41428571428572
36208,36209,40801035#4,0.1296,3.433333333333333
36210,36211,40801035#5,3.2382,11.111111111111112
36212,36213,40801035#6,3.69,3.0743589743589754
36214,36215,40801035#8,6.831,13.23148148148148
36216,36217,40801035#9,23.8266,4.7904761904761894
36218,36219,40801036,18.142200000000003,9.277777777777779
36220,36221,40801039,21.7746,9.70412517780939
36222,36223,40801168,26.634600000000002,8.191176470588237
36224,36225,40879982#0,0.0252,0.25
36226,36227,40879982#1,13.9158,0.0
36228,36229,40888350#1,25.002000000000002,2.6111111111111116
36230,36231,40888351#0,25.353,1.7142857142857164
36232,36233,40888351#1,4.1688,0.23809523809523825
36234,36235,40888351#3,2.502,1.2499999999999998
36236,36237,40888351#5,3.3264,1.8974358974358982
36238,36239,40888351#6,2.9250000000000003,296.3488372093024
36240,36241,40888354#0,14.0148,0.3333333333333333
36242,36243,40888354#1,9.981,0.24999999999999992
36244,36245,40888354#2,2.1114,0.0
36246,36247,40888354#3,1.1718000000000002,0.0
36248,36249,40888354#4,4.8258,0.0
36250,36251,40888356#0,2.3382,0.0
36252,36253,40888356#2,3.2112000000000003,0.33333333333333326
36254,36255,40888356#3,0.8586,0.3
36256,36257,40888356#4,1.9385999999999999,0.24999999999999997
36258,36259,40888356#5,1.3536000000000001,0.3333333333333333
36260,36261,40888356#6,2.8026,0.33333333333333337
36264,36265,40888360#1,14.3028,4.333333333333334
36266,36267,40888360#2,34.524,7.066666666666667
36270,36271,40930495#0,38.111399999999996,2.333333333333332
36272,36273,40930495#1,6.255,0.0
36274,36275,41051113#0,18.9252,4.9411764705882355
36276,36277,41051113#1,35.1162,8.014285714285714
36278,36279,41051113#2,19.832400000000003,3.4353846153846153
36280,36281,41051113#3,5.9598,2.112903225806452
36284,36285,41106793#0,10.2276,0.9523809523809529
36286,36287,41106793#1,0.0432,0.0
36290,36291,41106793#3,22.5126,8.0
36292,36293,41106793#4,15.2478,7.700000000000001
36294,36295,41139095,14.905800000000001,0.24999999999999986
36296,36297,41139660#0,17.685,2.036614997905321
36298,36299,41139660#1,2.4696000000000002,0.2516129032258064
36300,36301,41139660#2,10.035,1.4381838967826233
36302,36303,41139660#3,0.8946000000000001,0.5477484472049687
36304,36305,41139660#4,2.9394,0.2767042404723563
36306,36307,41140024,19.717200000000002,1.571428571428571
36308,36309,41190839#0,41.135400000000004,12.838095238095235
36310,36311,41190839#1,8.0676,23.7
36312,36313,41190839#2,39.016799999999996,27.478021978021978
36314,36315,41190840,30.1482,10.619047619047619
36316,36317,41193093#0,0.3492,0.19444444444444448
36318,36319,41193093#1,86.31,40.266666666666666
36320,36321,41193093#2,93.07260000000001,62.56666666666668
36322,36323,41193100#0,61.731,20.916666666666675
36324,36325,41195860#1,1.5354,599.9613445378152
36326,36327,41195860#10,9.6804,1.854545454545454
36328,36329,41195860#11,3.6774000000000004,223.32857142857142
36330,36331,41195860#2,0.20700000000000002,0.10615384615384618
36332,36333,41195860#3,1.0422,0.24725274725274726
36334,36335,41195860#4,1.0295999999999998,0.2651515151515152
36336,36337,41195860#5,13.4586,1.7999999999999998
36338,36339,41195860#6,8.748000000000001,3.6999999999999993
36340,36341,41195860#7,0.9324,0.21428571428571427
36342,36343,41195860#8,1.0493999999999999,1.9615384615384615
36344,36345,41195860#9,1.1646,0.42307692307692313
36346,36347,41195861#0,3.195,0.28571428571428575
36348,36349,41195861#1,5.391,0.0
36350,36351,41195862#0,6.5628,1.7999999999999998
36352,36353,41195862#1,4.3938,0.0
36354,36355,41195863#0,5.8014,2.6666666666666665
36356,36357,41195863#1,7.718400000000001,1.0
36358,36359,41195865#0,0.0648,0.0
36360,36361,41195865#1,0.9936000000000001,0.8
36362,36363,41195865#2,0.9774,0.3333333333333333
36364,36365,41195865#3,0.5598,0.0
36366,36367,41195866,0.7308000000000001,1.830065359477124
36368,36369,41195867#0,4.3740000000000006,1.1997300944669362
36370,36371,41195867#1,13.516200000000001,1.1766666666666665
36372,36373,41195867#2,1.1682000000000001,0.39550264550264547
36374,36375,41195869#0,13.1598,5.636363636363637
36376,36377,41195869#1,0.8766,1.4181818181818182
36378,36379,41195869#2,0.3456,0.47272727272727266
36380,36381,41195869#3,0.36000000000000004,0.5
36382,36383,41195869#4,1.0224,2.7857142857142856
36384,36385,41195869#5,1.4400000000000002,3.8611111111111116
36386,36387,41195869#6,1.4184,17.333333333333332
36392,36393,41195875,7.0992,0.0
36394,36395,41195877,7.0344,8.0
36396,36397,41199132,25.8426,1.2380952380952388
36398,36399,41199133,21.618,1.3571428571428565
36400,36401,41199134,20.1276,2.9986779481755677
36402,36403,41203191#0,33.928200000000004,5.2545454545454495
36406,36407,41203193,28.4958,17.58333333333334
36408,36409,41203916#0,15.625799999999998,1.0
36410,36411,41203916#2,0.7074,0.5
36412,36413,41203916#3,1.476,0.25
36414,36415,41203918#0,4.1472,2.2500000000000004
36416,36417,41203918#1,8.116200000000001,0.0
36418,36419,41204160,10.4778,0.0
36422,36423,41222724#0,0.039599999999999996,5.225237005557373
36428,36429,41225169,23.8734,4.333333333333335
36430,36431,413002076#0,272.5704,379.01174345076805
36432,36433,413002077#0,252.981,195.72972972972977
36434,36435,413002077#1,20.599200000000003,5.724941724941724
36436,36437,413002079#1,75.753,24.696428571428573
36438,36439,413002080,121.20299999999999,126.29558652729386
36442,36443,413332605,15.8076,1.0915915915915915
36446,36447,41359029#1,14.581800000000001,0.0
36448,36449,41400364,169.3818,183.6551724137931
36450,36451,41425835#0,27.432000000000002,30.101862379270898
36452,36453,41425835#0.246,4.4352,98.44664051194765
36454,36455,414730000,31.6458,5.666666666666664
36458,36459,414730013#0,9.0846,0.5
36460,36461,414730013#1,35.7768,7.123809523809526
36462,36463,414730021,58.447799999999994,0.33333333333333215
36464,36465,41494423#0,3.7512000000000003,0.22027972027972043
36466,36467,41494423#1,6.444,7.689510489510488
36468,36469,41494741#0,2.7882,0.03201582776559231
36470,36471,41494741#1,3.3786,0.2133587858637319
36472,36473,41494741#2,3.5694000000000004,2.503367710720652
36474,36475,41522167#0,0.6678000000000001,0.30452127659574474
36476,36477,41522167#1,19.2816,1.0994897959183676
36478,36479,41522169#0,3.8411999999999997,0.42275412965068127
36480,36481,41522169#1,1.5318,0.18923884514435707
36482,36483,41522169#2,13.0752,0.6426992678546756
36484,36485,41522169#3,5.6988,0.3417580891542841
36486,36487,41522169#4,3.4272,0.9833265724300764
36488,36489,41522170,12.024,11.666666666666666
36490,36491,41530624#0,10.7028,9033.766798418974
36492,36493,41530624#1,6.7788,1.9999999999999998
36496,36497,41539057#2,0.0648,0.26461538461538475
36498,36499,41539057#3,14.4036,3.4795321637426895
36500,36501,41567676#0,17.7876,2.49745054884967
36502,36503,41567676#1,7.757999999999999,0.8197373177491263
36504,36505,420153789,2.0196,2.595804126783474
36508,36509,42276507,12.610800000000001,0.33333333333333326
36510,36511,42277294,16.416,4.249999999999999
36512,36513,42277295#0,10.519200000000001,1.3399209486166008
36514,36515,42277295#1,6.633,0.9636363636363635
36516,36517,42277296,14.634000000000002,2.3333333333333326
36518,36519,42315764#0,5.6664,0.19999999999999996
36520,36521,42315764#1,8.6652,0.6666666666666666
36522,36523,423287073,12.4344,0.0
36524,36525,423804014#0,0.9774,0.8
36526,36527,423804014#1,0.0648,0.9523809523809522
36528,36529,423804014#4,23.3964,2.9999999999999987
36530,36531,423804014#5,0.23220000000000002,0.5
36534,36535,423804014#7,0.0648,0.0
36536,36537,423804016,23.0436,0.0
36542,36543,423804019,2.6514,2.0369093583379296
36544,36545,424028485#0,78.4098,20.300000000000004
36546,36547,424028486,21.4416,5.079545454545453
36548,36549,42444460#0,4.3254,0.4009009009009008
36550,36551,42444460#1,48.51,8.305323505323509
36552,36553,42444460#2,16.3692,1.3628539253539245
36554,36555,42444460#3,12.385800000000001,0.8010778635778635
36556,36557,42444460#4,3.6035999999999997,0.2663288288288289
36558,36559,42444461,5.3658,0.2417417417417417
36560,36561,42485338#0,24.4998,3.0909090909090935
36562,36563,42485338#1,22.878000000000004,2.472727272727274
36564,36565,42485339,181.3752,576.331168831169
36568,36569,42487766#1,13.1256,1.36311844077961
36570,36571,42487766#2,4.0068,15.073684210526311
36572,36573,42487767#0,21.7746,3.238095238095239
36574,36575,42487767#1,31.494600000000002,4.018181818181818
36578,36579,42487768,12.482999999999999,0.33333333333333304
36580,36581,42491774#0,16.6176,1.8070175438596483
36582,36583,42491774#1,1.5426,0.3809523809523808
36584,36585,42491774#2,1.4148,0.27272727272727265
36586,36587,42491774#3,19.4256,0.9999999999999999
36588,36589,42491776#0,10.4328,0.9523809523809527
36590,36591,42491776#1,5.5836,0.5
36592,36593,42491777,14.274,1.0
36594,36595,42491779,3.9960000000000004,0.0
36600,36601,42508855#0,35.6238,15.18333333333333
36602,36603,42508855#1,23.3424,20.5
36604,36605,42508855#2,19.981800000000003,7.285714285714286
36606,36607,42508856#1,8.346599999999999,80.83333333333333
36608,36609,42508856#2,54.5058,33.56250000000001
36610,36611,42508858#1,15.4332,93.44117647058825
36612,36613,42508858#2,22.2894,4.999999999999999
36614,36615,42508858#3,29.1852,0.3333333333333339
36616,36617,42508860,5.8356,0.0
36618,36619,42508865#1,9.8262,1.5834029518240043
36620,36621,425100437#0,0.0648,0.5
36622,36623,425100437#1,12.0888,1.0714285714285716
36624,36625,425100437#2,15.453000000000001,1.3000000000000003
36628,36629,425100438#1,5.0598,0.0
36634,36635,425100439#0,11.2302,1.0
36646,36647,425100439#5,0.9396000000000001,0.0
36648,36649,425100439#6,0.0522,0.0
36658,36659,425100440#2,3.1536,0.8095238095238093
36660,36661,425100440#3,1.5894000000000001,0.6190476190476191
36662,36663,425100440#4,18.090000000000003,1.0
36664,36665,425100442,4.041,0.0
36666,36667,425100443,9.972,0.5
36670,36671,425100450#0,3.0690000000000004,0.9047619047619047
36672,36673,425100450#1,33.1992,4.333333333333333
36678,36679,425100453#1,37.1196,12.333333333333336
36682,36683,425100455#1,13.253400000000001,0.0
36684,36685,425100455#2,8.9838,0.0
36686,36687,425100455#3,19.3266,4.5
36690,36691,425100456#0,11.3112,0.5
36692,36693,425100456#1,13.3344,2.25
36694,36695,425100456#2,8.9748,1.0
36700,36701,425100457#0,11.6766,0.0
36702,36703,425100457#1,13.203,0.8
36704,36705,425100457#2,8.9712,0.30000000000000004
36706,36707,425100457#3,19.418400000000002,0.0
36708,36709,425100457#4,9.120600000000001,0.0
36710,36711,425100458#1,12.3282,1.6666666666666667
36720,36721,425100460#2,0.0648,0.0
36722,36723,425100461#0,12.117600000000001,0.0
36724,36725,425100461#1,13.8204,0.9166666666666665
36726,36727,425100461#2,8.9604,0.0
36728,36729,425100461#3,19.5696,0.0
36734,36735,425100462#1,0.036000000000000004,0.0
36736,36737,425100462#2,9.345600000000001,0.0
36738,36739,425100462#3,7.7994,0.0
36742,36743,425100463,27.0522,0.0
36744,36745,425100465#0,11.772,0.7
36746,36747,425100465#1,13.1706,0.854545454545455
36748,36749,425100465#2,8.967600000000001,0.30000000000000004
36750,36751,425100465#3,19.4724,0.0
36754,36755,425100465#5,6.267600000000001,0.28571428571428575
36756,36757,425100466#0,0.4176,0.0
36758,36759,425100466#1,0.3978,0.0
36760,36761,425100466#2,0.6245999999999999,0.25
36762,36763,425100466#3,0.3402,0.0
36764,36765,425100466#4,0.7614,0.33333333333333326
36768,36769,425100467#0,11.6748,0.0
36770,36771,425100467#1,13.1994,2.9166666666666665
36772,36773,425100467#2,8.964,0.5
36780,36781,425100470#0,0.0648,0.0
36784,36785,425100470#2,0.0648,0.0
36786,36787,425104280#1,8.9388,0.0
36790,36791,425148882#0,3.4379999999999997,0.5025641025641026
36792,36793,425148882#1,0.1098,0.4857397504456326
36794,36795,425148883,52.012800000000006,5.499999999999998
36796,36797,425148884#0,0.657,0.30000000000000004
36800,36801,42517570,9.459,0.6291666666666668
36802,36803,42517571#0,21.672,16.999999999999996
36804,36805,42517571#1,22.894199999999998,6.2
36806,36807,42517571#2,2.9466,0.5
36808,36809,42517575#0,99.7578,56.233150183150165
36810,36811,42517576,13.2552,3.7
36812,36813,426547307,14.0706,1.7196969696969702
36814,36815,426547308,13.9338,0.5
36816,36817,42674130#1,8.7804,7.1
36818,36819,42674130#2,16.407,3.583333333333332
36822,36823,42674133#1,48.2382,0.0
36824,36825,42674133#3,21.1014,0.0
36828,36829,42674133#5,46.7748,22.300000000000004
36830,36831,42674133#6,39.0294,35.90476190476191
36832,36833,42674135#0,19.5354,5.288888888888893
36834,36835,42674135#1,24.7788,6.277777777777779
36836,36837,42674135#2,29.3562,7.699999999999998
36838,36839,42674135#3,25.381800000000002,18.5
36840,36841,4268816#0,20.633399999999998,2232.2704486626403
36842,36843,4268966#1,6.4386,1974.401098901099
36844,36845,4268967#1,4.131,0.6666666666666669
36846,36847,42738708,24.1092,3.5631837640716673
36848,36849,42738709#0,9.5454,0.6714585205151239
36850,36851,42738709#0.106,11.0988,4.946137787056366
36852,36853,42738709#1,7.3709999999999996,34.58492945606314
36854,36855,42745460,3.528,604.666020691706
36856,36857,42745461#1,4.4928,736.8141031228267
36858,36859,42745545#0,6.4854,80.73861157160451
36860,36861,42756909,24.5484,0.0
36862,36863,429033100,47.1816,15.905190133607396
36874,36875,430873204,12.6558,0.0
36876,36877,4324820,34.9812,308.9348043261088
36878,36879,4324827#1,8.91,194.29614793062194
36880,36881,4324828#1,4.635000000000001,4.143684210526315
36882,36883,433271143,1.7189999999999999,0.8612903225806453
36884,36885,433271144,0.0648,0.24761904761904763
36886,36887,433809228,8.6112,0.9166666666666666
36888,36889,433809243,2.4120000000000004,0.33333333333333337
36890,36891,433809256,11.5578,1.626916975145426
36892,36893,433809259#0,19.3338,2.263157894736841
36894,36895,433809259#1,0.5436,0.2389758179231863
36896,36897,433809272#0,11.3058,1.769230769230769
36898,36899,433809272#2,6.174,0.6969696969696969
36900,36901,433809275#0,18.3042,1.377777777777778
36902,36903,433809275#1,2.0232,0.23809523809523803
36904,36905,433809279#0,4.4352,0.8444444444444444
36906,36907,433809279#1,30.839399999999998,1.6666666666666667
36908,36909,433809279#2,2.5542000000000002,0.8
36910,36911,433809279#3,18.9036,1.4285714285714286
36912,36913,433809279#4,2.2302000000000004,1.1249999999999998
36914,36915,433809283#0,20.1168,3.923809523809525
36916,36917,433809283#2,39.2382,2.0
36918,36919,433809283#3,3.9852,0.33333333333333326
36920,36921,433809283#4,13.293,0.0
36922,36923,433809285#0,0.30060000000000003,0.0
36924,36925,433809285#1,1.1034,0.19999999999999996
36926,36927,433809285#2,0.35640000000000005,0.16666666666666669
36928,36929,433809285#3,0.9036000000000001,1.8095238095238095
36930,36931,433809285#4,0.6678000000000001,0.11111111111111116
36932,36933,433809285#5,0.0648,0.12500000000000006
36938,36939,434713634,4.176,0.28571428571428564
36940,36941,434992724#0,4.5846,0.8857142857142856
36942,36943,434992724#1,9.774,1.2111111111111117
36944,36945,434992724#2,0.1098,0.2692307692307693
36948,36949,435127858#1,1.5156,0.0
36950,36951,435127858#2,2.853,71.02777777777777
36952,36953,435127859#0,7.2738000000000005,1018.9763157894737
36954,36955,435127859#1,21.0654,3.822222222222222
36956,36957,435127860,3.2508000000000004,762.8571428571429
36960,36961,435177660,23.598,2.0
36962,36963,435275873,7.0146,0.9166666666666666
36966,36967,435366812,2.9034,3.619047619047619
36968,36969,43541447,31.743000000000002,3.866666666666666
36970,36971,43543903,4.0824,1.7196969696969702
36972,36973,435562885,3.0690000000000004,0.33333333333333326
36974,36975,436390153,11.2338,0.0
36976,36977,438473448,27.495,4.566666666666666
36978,36979,439432581,6.3162,1.3333333333333335
36980,36981,439434275,4.4441999999999995,1.6
36982,36983,439478422,1.4454,0.6727272727272727
36984,36985,439478423,0.5382,0.08333333333333334
36986,36987,4396670,0.4968000000000001,0.250411976819843
36988,36989,4396674,1.1322,0.345174408182135
36992,36993,439871826,4.266,0.592982456140351
36996,36997,441714405,7.5618,1.0
36998,36999,441810448#0,14.7366,10.767555984142291
37000,37001,441810448#1,1.575,4.195883832137847
37002,37003,441810448#2,0.2808,4.49253854398549
37006,37007,449057052,0.43019999999999997,1.9290855493805545
37008,37009,449057052.11,1.7334,5.265769279687971
37010,37011,449057056,0.4554,1.4051892289145076
37012,37013,449057056.9,2.4678,5.877014192492408
37014,37015,449057059,1.8234,0.699405168726604
37016,37017,449057060,1.7568,0.8448090232361162
37018,37019,449057060.18,3.1986,2.4378168106771674
37020,37021,449283358#1,15.613199999999999,2.6545454545454543
37022,37023,44959795,9.901800000000001,1.8666666666666667
37024,37025,450072140,5.994000000000001,33.79074728522775
37026,37027,450076615#0,10.5444,749.7722730678644
37028,37029,450094703,6.2532000000000005,1.9319600300590853
37030,37031,450094709,4.203,1.1776915894562965
37032,37033,450094710,8.55,44.55124285598264
37034,37035,450094712,6.6654,0.500498098998318
37036,37037,450094713,14.337,2.0773179280541134
37038,37039,450094714,4.251600000000001,4.31493133787491
37040,37041,45378204#0,12.8538,1.100814387512724
37042,37043,45378204#1,25.5312,3.157057620184114
37044,37045,457182376,24.7662,2.3706349206349224
37046,37047,457182377,128.3184,81.60170697012802
37048,37049,457182378,28.0296,0.0
37050,37051,457182379,70.7796,18.696969696969703
37052,37053,457182382,21.8196,8.921548387096777
37054,37055,457182384,60.919200000000004,111.73570451436383
37058,37059,461125445,29.813399999999998,3.6999999999999997
37060,37061,461125446#2,0.1296,0.5666666666666667
37064,37065,467634654#0,1.314,0.5
37066,37067,467634654#1,7.009200000000001,0.6666666666666666
37068,37069,467634655#0,1.1466,0.0
37080,37081,467634657#2,7.0308,0.5
37082,37083,467634658#0,1.1682000000000001,0.0
37086,37087,467634659#0,0.8928,0.0
37088,37089,467634659#2,7.0308,0.0
37090,37091,467634660#0,1.0908,1.4107142857142858
37092,37093,467634660#1,7.0182,0.0
37094,37095,467634661#1,1.305,2.966666666666667
37096,37097,467634661#2,1.1358000000000001,0.0
37098,37099,467634661#3,1.1016,0.25
37100,37101,467634661#4,1.1916,1.8095238095238095
37102,37103,467634661#5,0.9612,0.622222222222222
37104,37105,467634661#6,0.0648,0.2777777777777778
37106,37107,467634661#7,1.0746,0.9821428571428574
37110,37111,469737222,22.422600000000003,3.0
37112,37113,469737224,0.0648,0.0
37114,37115,469737225#0,0.12600000000000003,0.3
37116,37117,469737225#1,2.8872000000000004,1.5535714285714286
37118,37119,469737226,6.003,0.0
37120,37121,47067277,16.2594,0.9999999999999997
37122,37123,47067278,79.479,14.999999999999996
37124,37125,47067279,7.362,0.0
37126,37127,472368139,3.3516000000000004,0.5238095238095236
37128,37129,472368140,4.107600000000001,1.5333333333333337
37130,37131,472368141,3.8592000000000004,0.0
37132,37133,472368142,4.0752,1.2010869565217392
37134,37135,472368143,0.648,0.8406593406593408
37136,37137,472368144,0.6408,0.2592592592592593
37138,37139,472368145,7.1352,0.5666666666666665
37140,37141,472368146,3.8429999999999995,1.3666666666666667
37142,37143,472368151,4.069800000000001,0.538283599352302
37144,37145,472368152,3.4632,3.16351727335961
37146,37147,47316356#0,5.4774,0.5
37150,37151,475496141#0,0.0648,0.33333333333333337
37152,37153,475496141#1,7.9128,0.0
37154,37155,475496141#2,2.6586000000000003,0.0
37156,37157,475496141#3,10.663200000000002,3.0
37158,37159,475886450,7.536600000000001,1752.5619047619045
37160,37161,478421093#1,5.553,0.3333333333333335
37162,37163,480213874#1,0.621,0.4473684210526315
37164,37165,481432711,40.977000000000004,0.0
37166,37167,4815093#1,19.0746,0.9999999999999997
37168,37169,4815093#2,14.851799999999999,0.0
37170,37171,4819338#1,3.8376,3618.895804019646
37172,37173,4819338#2,3.2778,1811.2739884598318
37174,37175,4819338#3,0.7794,776.6804361554763
37176,37177,4819338#4,9.8118,8.671573764584318
37178,37179,48234439#4,29.5578,3.906827880512095
37180,37181,4826080,13.7754,0.41071428571428575
37182,37183,4826092#0,1.1952,0.27483150291345576
37184,37185,4826092#1,0.0252,0.15753794468774385
37186,37187,4826092#2,1.5444,0.6087018787537034
37188,37189,4826092#3,0.1134,0.17182329317269077
37190,37191,4826092#4,1.4687999999999999,0.9635176548967355
37192,37193,482729033,14.367600000000001,1.8000000000000007
37194,37195,48444993,13.0176,0.9910414333706604
37196,37197,484875201#1,11.809800000000001,233.4346822111457
37198,37199,484875201#2,82.6146,81.445051608986
37200,37201,484875201#3,39.114000000000004,8.108228143992521
37202,37203,484875201#4,47.5776,9.670491803278681
37204,37205,484875201#5,141.264,127.27854122621565
37206,37207,484875201#6,43.1316,8.488888888888887
37208,37209,486362408,3.6738,2.333333333333333
37210,37211,48742425#0,4.9356,953.4598377812664
37212,37213,48742425#1,0.6876,108.39099538094516
37214,37215,48742425#2,1.9764000000000002,59.504716125521504
37216,37217,48742425#3,10.0584,1147.329326251048
37218,37219,490041771,45.945,9.692307692307692
37220,37221,490041772,54.072,31.25757575757576
37222,37223,4942376#1,54.043200000000006,37.20588235294116
37224,37225,4942407,32.346,33.4104661857966
37226,37227,4942408,1.7874,1162.4786885245903
37228,37229,4942575#0,25.5942,50550.333333333336
37230,37231,4942575#1,1.179,10129.28888888889
37232,37233,4942575#2,19.8828,0.0
37234,37235,4942575#3,15.1902,70312.5
37236,37237,4942575#4,1.6218000000000001,39924.85454545454
37238,37239,4942659#0,10.2006,3140.1675579322646
37240,37241,4942659#1,10.882800000000001,48275.88537549407
37242,37243,49887169#1,35.4456,14.334426229508198
37244,37245,49887169#2,1.4994,0.8685880486515073
37246,37247,49887169#3,0.0648,0.6443909663087742
37248,37249,500200351#1,16.210800000000003,2.3333333333333335
37250,37251,500252910#1,2.124,0.25000000000000006
37252,37253,500252912#0,2.1132,41.3
37254,37255,500254610#1,2.7972,0.0
37258,37259,50191615#1,6.228,1.818181818181818
37260,37261,50192291#0,0.46980000000000005,0.2971506105834462
37262,37263,50192291#1,6.3522,0.2666666666666665
37264,37265,50192291#2,6.9444,0.28571428571428564
37266,37267,50192291#3,0.9234,0.25
37268,37269,50192291#4,3.978,0.0
37270,37271,50192291#5,0.12240000000000001,0.0
37272,37273,50192291#6,0.8658,0.0
37274,37275,50192291#7,0.9918000000000001,0.3333333333333333
37276,37277,50192291#8,0.4428,0.19999999999999996
37278,37279,50192501#0,0.09000000000000001,0.0
37282,37283,50192550#0,0.0648,0.2727272727272727
37284,37285,50192550#1,6.705,0.22222222222222218
37286,37287,50299718,0.37979999999999997,1.3021978021978025
37288,37289,506207150,40.212,5.938294010889292
37290,37291,507836375,14.646600000000001,6.571428571428572
37292,37293,507836379,14.7294,11.5
37294,37295,50833756#1,75.2886,172.26666666666668
37296,37297,50833756#2,133.5726,461.0666666666667
37298,37299,51244813#2,3.456,0.0
37300,37301,51244813#5,13.4046,518.0407403848674
37302,37303,51244813#6,7.695000000000001,1884.219161586134
37304,37305,51244813#7,17.262,28492.8893839384
37306,37307,51244813#8,2.214,2141.617535519162
37308,37309,51262567#0,9.365400000000001,0.4971709504916335
37310,37311,51262567#1,8.4852,0.7212476140898839
37312,37313,51262567#2,33.219,5.479228486646885
37314,37315,51262567#3,10.112400000000001,0.7803749111584929
37316,37317,51262568,6.4314,2.0198229054113734
37320,37321,51450980#1,0.5760000000000001,0.0
37332,37333,515034650,31.6062,0.0
37334,37335,515573829,21.972600000000003,9.200000000000003
37336,37337,515573959,7.6788,0.0
37338,37339,515574067,16.5654,1.7666666666666657
37346,37347,51559018#3,13.8132,0.0
37350,37351,51560240,13.318200000000001,5.928571428571428
37352,37353,51560242#0,0.9720000000000001,0.904761904761905
37354,37355,51560242#1,1.3086,0.5000000000000003
37356,37357,51560242#10,1.1646,0.8316400580551525
37358,37359,51560242#11,1.4922,1.0458839406207825
37360,37361,51560242#12,1.3248,0.7425320056899004
37362,37363,51560242#13,0.8442,0.4084033613445376
37364,37365,51560242#14,0.09000000000000001,0.146218487394958
37366,37367,51560242#2,0.9810000000000001,0.6264912280701752
37368,37369,51560242#3,1.9385999999999999,0.36430951499444664
37370,37371,51560242#4,1.3860000000000001,0.4563146997929607
37372,37373,51560242#5,1.2816,0.4759615384615385
37374,37375,51560242#7,1.3248,0.46444249341527655
37376,37377,51560242#8,1.4148,0.42211538461538467
37378,37379,51560242#9,1.3374,0.42517186673717644
37380,37381,51560244#0,1.2653999999999999,0.30659536541889476
37382,37383,51560244#1,1.3536000000000001,1.5411255411255416
37384,37385,51560244#2,1.2816,1.6025641025641024
37386,37387,51560244#3,1.2852,1.5
37388,37389,51560244#4,1.4706,2.3
37390,37391,51560244#5,1.3374,2.1666666666666665
37392,37393,51560245,13.257000000000001,1.2
37394,37395,51560246#0,1.2978,0.2909090909090909
37396,37397,51560246#1,17.4618,6.333333333333332
37398,37399,51560246#2,0.0648,0.26785714285714285
37400,37401,51560246#3,1.2114,1.4666666666666666
37402,37403,51560556,13.1022,15.418181818181818
37404,37405,51560557#0,13.147200000000002,3.0
37406,37407,51560557#1,1.3536000000000001,0.2777777777777777
37410,37411,51560614#1,0.12240000000000001,7344.634615384616
37412,37413,51561013,10.9818,2.5
37414,37415,51561014,13.5774,1.904761904761905
37418,37419,515964574,4.2804,7.300000000000001
37420,37421,51743953#1,9.365400000000001,24.858495494318934
37422,37423,51743953#2,5.5728,426.63548482169153
37424,37425,51743953#3,0.6984,1.3884615384615382
37426,37427,51745097#0,6.1542,4395.157191255496
37428,37429,51745097#0.53,3.5658000000000003,1075.4141725152815
37430,37431,51745097#1,0.1548,872.2923403679116
37432,37433,51856492#0,11.565,1.1308755760368672
37434,37435,51856492#1,15.687,1956.9771260997074
37436,37437,51856495#1,4.023,68.63612358972597
37438,37439,51856496#0,4.8474,1060.9584853222175
37440,37441,51856496#1,0.4554,0.5098251959011453
37442,37443,51856496#10,0.9162,0.48876002617840847
37444,37445,51856496#2,5.4576,116.52747196841742
37446,37447,51856496#3,15.5322,3.4900528990768627
37448,37449,51856496#4,5.4018,4.219465546518903
37450,37451,51856496#5,3.7368,3.4976139978791108
37452,37453,51856496#6,3.3120000000000003,26.647753003542967
37454,37455,51856496#7,0.25739999999999996,0.2166480193931645
37456,37457,51856496#8,2.3004000000000002,0.37116550640017965
37458,37459,51856496#9,7.7814000000000005,1.5294402567129828
37460,37461,51857517#0,3.8429999999999995,2775.4286813266576
37462,37463,51857517#0.59,4.0878,4343.402203232743
37464,37465,51857517#1,1.4831999999999999,1165.1745272271578
37466,37467,51857519#0,4.5611999999999995,128.65336998564203
37468,37469,51872702,19.774800000000003,55.75511396843952
37470,37471,51872703,5.0526,1.8316829615963544
37472,37473,51872705#0,2.6586000000000003,16561.18181818182
37476,37477,51890699#0,43.0794,15.023655913978493
37478,37479,51890699#1,19.44,5.286153846153849
37480,37481,51890699#2,85.5774,16.33333333333334
37482,37483,51890700#0,77.526,68.23076923076924
37484,37485,51890700#1,68.9706,41.86666666666666
37486,37487,51890708#0,2.4516000000000004,1.2181818181818183
37488,37489,51890708#1,6.4224000000000006,5.618181818181819
37490,37491,51890709#0,1.9692000000000003,3.0
37492,37493,51890709#2,8.1324,0.0
37494,37495,521046800,14.0724,2.2181818181818196
37496,37497,521665299,18.2304,0.0
37498,37499,521666263,8.3682,1.3626373626373625
37500,37501,522856657,37.3986,14.083333333333332
37502,37503,523096471,0.0648,0.0
37504,37505,523096472,0.0648,0.5
37508,37509,523096474,0.0648,0.2
37510,37511,523500301,6.3522,2.064102564102564
37512,37513,523500303,7.770600000000001,2.476666666666666
37514,37515,523500304,8.0424,2.794871794871795
37516,37517,523500307,8.226,2.358974358974359
37518,37519,52361537#1,137.7198,108.98888888888888
37520,37521,52513194,4.1238,0.26666666666666655
37522,37523,52513195,0.1296,0.33333333333333337
37524,37525,52513815,2.8872000000000004,0.9298787462823153
37526,37527,52564193#1,1.431,20.93793103448276
37528,37529,52564193#2,5.9112,2.2666666666666666
37530,37531,52572753#0,3.1806,0.39959890766342376
37532,37533,52572753#1,3.861,0.24783325582378557
37534,37535,52572753#2,11.6064,3.6885760965187844
37536,37537,52572753#3,2.7738,0.2648289857523358
37538,37539,52918687#0,19.666800000000002,0.0
37540,37541,52918687#2,9.628200000000001,1.1999999999999997
37542,37543,52918687#4,32.91480000000001,2.9166666666666665
37544,37545,52918687#5,6.6941999999999995,0.8000000000000002
37546,37547,52985189,26.019000000000002,8.904761904761905
37548,37549,53396619#0,0.12240000000000001,0.0
37550,37551,53396619#1,2.7702,0.0
37552,37553,53396619#2,6.703200000000001,2.0
37554,37555,53396619#3,8.5824,0.33333333333333326
37556,37557,53396619#4,10.677600000000002,0.33333333333333326
37558,37559,53396619#6,18.610200000000003,1.242424242424243
37560,37561,53396619#7,0.2682,0.0
37562,37563,53396623#0,7.803,0.4999999999999999
37564,37565,53396623#1,0.0432,0.23809523809523803
37566,37567,53399445#1,0.5147999999999999,1.8246753246753247
37568,37569,53399445#10,0.7794,0.6181818181818182
37570,37571,53399445#11,0.057600000000000005,0.28571428571428586
37572,37573,53399445#13,1.4058000000000002,1.9705882352941178
37574,37575,53399445#2,0.5922000000000001,0.5979797979797982
37576,37577,53399445#3,0.35640000000000005,0.3402298850574713
37578,37579,53399445#4,0.8928,0.5552631578947367
37580,37581,53399445#5,0.3366,0.30000000000000004
37582,37583,53399445#6,33.048,2.2666666666666675
37584,37585,53399445#7,0.7020000000000001,0.2181818181818182
37586,37587,53399445#8,0.7092,0.6111111111111113
37588,37589,53399445#9,0.4212,0.7272727272727276
37590,37591,53534122#0,7.7274,12.571428571428573
37592,37593,53534122#1,63.7614,0.0
37596,37597,537262420#0,1.764,1.1043956043956038
37598,37599,537262420#1,14.9724,144.35897435897436
37600,37601,537262426#1,4.735799999999999,0.0
37602,37603,53795883#0,10.1646,1.2907563025210087
37604,37605,53795883#1,14.2128,7.746212121212119
37606,37607,53795883#10,14.2344,3.2458296751536437
37608,37609,53795883#2,15.764399999999998,3.958110516934046
37610,37611,53795883#3,9.0504,2.7187153931339996
37612,37613,53795883#4,11.106,1.4357092941998606
37614,37615,53795883#5,5.8878,1.1478667445938049
37616,37617,53795883#6,15.2946,2.7139079851930212
37618,37619,53795883#8,9.2052,2.7802897278314305
37620,37621,53898183#0,29.871,4.916666666666665
37622,37623,53898183#1,5.994000000000001,0.0
37624,37625,53898183#2,6.319800000000001,0.0
37626,37627,53898183#3,6.228,0.0
37628,37629,53898183#4,6.5520000000000005,4.5
37630,37631,53898206,9.6372,0.0
37632,37633,54033673#0,2.943,982.9875521026016
37634,37635,54033673#0.34,1.9872000000000003,2359.5291848563343
37636,37637,541286865#1,3.0474,0.5150218091394559
37638,37639,541286865#2,35.7552,5.305081826012058
37640,37641,54154921#0,5.9058,6002.7511116101505
37642,37643,54154921#2,2.6406,482.1959555595918
37644,37645,54154921#3,4.518,1372.0065681444992
37646,37647,54154922#1,5.6826,1.701014894232817
37648,37649,54154969#0,0.873,0.21710219604956435
37650,37651,54154969#1,2.4606,0.2612317507054347
37652,37653,54154969#2,6.0894,1.049098097356067
37654,37655,54154969#3,0.099,0.18027761351965388
37656,37657,54154970,6.303599999999999,13.220588235294118
37658,37659,54154971,7.0038,0.5206596114496926
37662,37663,54169231#1,10.1646,0.0
37664,37665,54169231#2,13.6638,8.0
37666,37667,54169241#1,1.0458,0.21428571428571425
37668,37669,54169241#2,5.3442,1.0277777777777777
37670,37671,54169241#3,0.5922000000000001,0.3333333333333333
37672,37673,54169241#4,20.136599999999998,235.02777777777777
37674,37675,54169280#0,1.2852,1.1096279454319977
37676,37677,54169280#1,19.146600000000003,3.5436389089173304
37678,37679,54169280#2,6.5376,4.32539797162109
37680,37681,54169280#3,10.215,32.1973549254788
37682,37683,54169280#5,2.3129999999999997,14.71089176310416
37684,37685,54169280#5.31,0.9522,24.736481056390847
37686,37687,54169287#1,4.1598,0.49999999999999994
37690,37691,542617943,1.5894000000000001,0.3058037418862163
37692,37693,542630099,3.7188,1216.60502185986
37694,37695,542635729#1,0.9756000000000001,5496.003724824022
37696,37697,542642192,5.9436,0.41287979449021195
37698,37699,542650138,3.132,268.5235076597993
37700,37701,542650138.26,0.7434,38.9274790804564
37702,37703,542650762,26.200799999999997,20.641571553994726
37704,37705,542650763#0,9.3222,1.109414308415735
37706,37707,542650763#1,10.4724,102.4716339295512
37708,37709,542650763#1.87,6.6293999999999995,351.9121874911346
37710,37711,54268333,2.0808,8.527472527472527
37712,37713,542727960#0,1.3212,12562.514298485532
37714,37715,542730346#1,6.0192,1.6167713401149937
37716,37717,542760419#0,4.6098,0.33333333333333326
37718,37719,542760419#1,10.864799999999999,0.33333333333333326
37720,37721,542760419#2,3.1788000000000003,0.33333333333333326
37722,37723,542769268,2.2014,0.2637362637362635
37724,37725,542769269#0,2.115,0.5476190476190476
37726,37727,542769269#1,13.7682,0.7712418300653592
37728,37729,542769272#0,44.469,18.446969696969692
37730,37731,542769272#1,1.6146,0.8571428571428571
37732,37733,542769272#2,29.8044,5.472727272727271
37734,37735,542769273#0,2.295,0.2857142857142857
37736,37737,542769273#1,48.5154,8.553571428571432
37738,37739,542769274,1.8648,0.0
37740,37741,542769275#0,2.7324,10353.69384057971
37742,37743,542769276#0,11.511,12.435701168614361
37744,37745,542806889,9.086400000000001,75.61367181018743
37746,37747,542806891#1,4.797000000000001,7.209967320261438
37748,37749,54462051#1,18.4086,5.3560606060606055
37750,37751,54606419#0,14.857199999999999,1.2787610619469032
37752,37753,54606419#1,3.303,0.4282663560473694
37754,37755,54606419#2,6.0084,0.5193508114856432
37756,37757,54606419#3,49.6206,15.368350708366751
37758,37759,54606432#0,4.3902,0.3327987169206095
37760,37761,54606432#1,67.5882,33.32038303693569
37762,37763,54606432#2,14.139000000000001,1.2380952380952386
37764,37765,54606432#3,13.905,0.5
37768,37769,54638300,63.6804,21.889855609033688
37770,37771,54828617#0,22.386599999999998,1.8666666666666665
37772,37773,54828618#1,0.0648,0.25
37774,37775,54828618#2,23.3748,3.0
37776,37777,54828621#0,11.3112,2.090909090909089
37778,37779,54828621#1,22.4028,3.890909090909093
37780,37781,54828621#2,0.0648,1.781045751633987
37782,37783,54828621#3,0.0648,0.22058823529411767
37784,37785,54828622#0,0.0648,4.621663731201732
37786,37787,54828622#1,0.531,0.21225895316804413
37788,37789,54828622#2,4.7754,1.4879832810867295
37790,37791,54828622#3,2.3076000000000003,1.1547339593114239
37792,37793,54828622#4,1.2276,0.3922171018945213
37794,37795,54828622#5,6.0318000000000005,0.3220338983050847
37796,37797,54828622#6,0.0648,0.08279220779220785
37798,37799,54828622#7,9.54,2892.0184615384615
37800,37801,54828623#1,17.7408,0.0
37802,37803,54828623#2,54.648,14.3
37804,37805,54828628,5.5332,0.25000000000000006
37806,37807,54828629,14.841,0.7983193277310924
37808,37809,54844250#0,48.272400000000005,13.571428571428564
37810,37811,54844250#1,28.994400000000002,4.700000000000001
37812,37813,54844250#2,8.424,2.2666666666666666
37814,37815,54844252#0,48.308400000000006,0.0
37816,37817,54844252#1,27.9882,2.0
37818,37819,54844253#0,48.321,17.344444444444445
37820,37821,54844253#1,27.0,9.7
37822,37823,54844254#0,41.7492,14.839285714285712
37824,37825,54844254#1,26.0604,2.1999999999999993
37826,37827,54844257,29.237399999999997,0.0
37828,37829,54844264#0,5.5098,11.44739756367664
37830,37831,54844264#1,23.878800000000002,10.722222222222221
37832,37833,54844264#2,40.8618,11.0
37834,37835,54844264#3,3.0762,7.839285714285715
37836,37837,54844264#4,4.577400000000001,8.622222222222222
37838,37839,54844264#5,4.2606,50.62878787878788
37840,37841,54844264#6,0.1296,182.04545454545456
37842,37843,54844264#7,1.8252000000000002,2.1794871794871797
37844,37845,54858973#0,15.3936,2257.9317092119854
37846,37847,54858974#0,1.53,38589.945072491544
37848,37849,549032836,0.6354,13.419844140780775
37850,37851,549401642#0,2.0718,0.3455730954015101
37852,37853,549401642#1,1.3266,0.23165030388031796
37854,37855,549401642#3,50.6592,17.33333333333333
37856,37857,55600044#0,31.474800000000002,72.82035599049748
37858,37859,55600044#1,34.0506,159419.48531187125
37860,37861,55600044#2,10.548,52955.99923896498
37862,37863,55600046#0,16.7634,5.743508272874365
37864,37865,55600050,39.1068,14.558212723237334
37866,37867,556434727#0,5.454,1460.4120689677814
37870,37871,55693689#1,0.41040000000000004,61.99583333333333
37872,37873,55693689#2,21.1212,4.472727272727271
37874,37875,55693689#3,0.17820000000000003,19.65909090909091
37876,37877,55693694#0,5.8500000000000005,73.57142857142857
37878,37879,55693694#3,0.5760000000000001,0.5
37880,37881,55693698#0,18.8064,4.3
37882,37883,55693698#1,27.414,11.257142857142856
37884,37885,55693704#0,33.019200000000005,2.9166666666666665
37886,37887,55693704#1,28.386,18.666666666666668
37888,37889,55728600,65.36340000000001,31.5
37890,37891,55728606#0,23.1192,1.333333333333333
37892,37893,55728606#1,1.7856,0.6666666666666666
37894,37895,55728606#2,5.6898,891.75
37896,37897,55728622,3.2472000000000003,4.0
37900,37901,55728625#0,14.85,2.116666666666665
37902,37903,55728625#1,31.8132,2.183823529411764
37904,37905,56031014#0,19.7316,3.5
37906,37907,56031014#1,4.2192,10.3
37908,37909,56031014#2,12.117600000000001,4.0
37910,37911,56045714,25.8732,0.5
37912,37913,56045715,25.9146,3.0000000000000004
37914,37915,56045716,25.9308,1.333333333333334
37916,37917,56045717,25.9506,8.285714285714285
37918,37919,56045718,25.9416,2.3790849673202614
37920,37921,56045721,16.1316,2.2
37922,37923,56045725#1,1.6416000000000002,8.457142857142857
37924,37925,56045725#2,9.9414,2.25
37926,37927,56045726#0,9.441,6.0
37928,37929,56045726#1,17.5338,2.3333333333333326
37930,37931,56045727,4.4064,0.30000000000000004
37932,37933,56045730#0,9.6822,0.7222222222222222
37934,37935,56045730#1,10.791,0.0
37966,37967,560829405,28.512,1.0
37982,37983,566948820,23.160600000000002,0.0
37984,37985,56863461,32.5872,5.078787878787883
37986,37987,57401083,37.8684,9.324175824175821
37988,37989,57401085,7.4628,4.5
37990,37991,57827547,7.74,1.333333333333333
37992,37993,57827548#0,5.1822,0.19444444444444448
37994,37995,57827548#1,3.5622000000000003,0.16363636363636366
37996,37997,57827550,7.0182,0.5681818181818182
37998,37999,57827557,2.295,1.174242424242424
38000,38001,57827558,12.351600000000001,0.5
38006,38007,57827563#0,3.1302000000000003,0.3916276245011281
38008,38009,57827563#1,9.2934,0.9155133679751674
38010,38011,57827563#3,7.3422,0.6055925014400165
38012,38013,57827563#4,1.4598000000000002,0.5710981021622132
38014,38015,57827566#1,44.0586,16.485380116959064
38016,38017,57827567,25.381800000000002,5.477124183006535
38018,38019,57827572,13.908600000000002,3.788888888888889
38020,38021,582810637,8.647200000000002,0.446106256632572
38022,38023,582810638#1,9.891,0.5885969363366935
38024,38025,582810639#1,11.8602,3.9461616732688576
38026,38027,582810640,5.2254000000000005,0.3224770519442284
38028,38029,582810642#0,0.0648,0.2381254172264896
38030,38031,582810642#1,0.25200000000000006,0.21742253318799046
38032,38033,582810642#2,0.0252,0.10380172552200853
38034,38035,582810642#3,27.7164,3.0973897643858153
38036,38037,582810642#4,8.744399999999999,183.899207633978
38038,38039,582810643,7.570800000000001,1.5534435261707988
38044,38045,58295043,1.3536000000000001,502.8537047052461
38046,38047,58622231#0,1.8017999999999998,758.5425770308126
38048,38049,58622231#10,5.7438,0.16666666666666666
38050,38051,58622231#2,5.0724,826.7160652920962
38052,38053,58622231#3,2.6964,1.8276898734177214
38054,38055,58622231#4,2.7845999999999997,0.8422535211267602
38056,38057,58622231#5,1.0098,0.4349315068493151
38058,38059,58622231#7,4.041,4.166666666666668
38060,38061,58622231#8,0.0432,0.27777777777777773
38062,38063,58622231#9,22.753800000000002,8.2
38064,38065,58622232#0,36.556200000000004,23.052613035819142
38066,38067,58622232#1,16.9128,8.408464566929132
38068,38069,58622232#2,0.1296,4.666666666666667
38072,38073,58622232#4,0.1296,0.0
38074,38075,58622232#5,0.1296,0.0
38076,38077,586823518#0,17.388,1.9047619047619053
38078,38079,586823518#1,3.9330000000000003,0.6944444444444445
38080,38081,589179135,1.1106,0.0
38082,38083,589179136,36.7146,8298.853830645161
38084,38085,589179144,2.4084000000000003,661.4197195161686
38086,38087,591545485#1,0.1098,0.43196054911368825
38088,38089,591726489,41.247,1.7999999999999987
38090,38091,591898302#0,2.2086,0.6761646313885122
38092,38093,591898302#1,14.7924,1.1403508771929827
38094,38095,591898302#10,1.1988,0.22222222222222232
38096,38097,591898302#2,7.8408,0.0
38098,38099,591898302#3,2.556,0.33333333333333337
38100,38101,591898302#5,4.4514,0.30000000000000004
38110,38111,591899018#0,4.5378,0.39375320020481314
38112,38113,591899018#1,2.2104,0.368663594470046
38114,38115,591899019,14.857199999999999,3.9999999999999996
38116,38117,591899020#0,0.0252,0.19382716049382723
38118,38119,591899020#1,2.0484,0.20381340244353943
38120,38121,591899020#2,0.027,0.18327480245829675
38122,38123,591899020#3,1.3212,0.29938542581211586
38124,38125,594229006,1.9098,0.25661170962045904
38126,38127,595914500,14.542200000000001,1.333333333333334
38128,38129,595914502,0.0648,0.25000000000000006
38130,38131,595914503#0,8.991,2.0
38132,38133,595914503#1,19.8522,2.25
38134,38135,596787045,5.6394,1.3333333333333335
38136,38137,596846686#0,7.9092,1147.7686667262808
38138,38139,596846686#1,9.09,1811.930489731438
38140,38141,596846686#2,11.862,3444.2920892494926
38142,38143,596846686#3,2.943,865.5051171688189
38144,38145,596846686#4,6.3396,1052.0453592157244
38146,38147,596846691,11.5452,2.322222222222223
38148,38149,596846692,2.5794,0.734500282326369
38150,38151,60064938#0,6.6978,7.2794964028777
38152,38153,60064938#1,5.0454,1.5953846153846152
38154,38155,60064938#2,7.1514,0.8476190476190476
38156,38157,60064938#3,11.205,0.8476190476190476
38158,38159,60064938#4,0.2376,0.5434782608695652
38160,38161,60066780,39.3066,5.007017543859648
38162,38163,60100821#0,12.6702,1.4426721857396283
38164,38165,60100821#1,6.3288,0.6069258627398164
38166,38167,60100821#3,9.5364,55.134446739097925
38168,38169,60100821#4,2.403,186.71176421264468
38170,38171,60135599#1,17.109,27814.630064516132
38172,38173,602098904#1,0.7776,0.5
38174,38175,602098904#2,0.774,0.3333333333333333
38176,38177,602098904#3,1.4382000000000001,0.3333333333333333
38184,38185,602098904#7,12.745800000000001,0.0
38188,38189,60773453#0,23.2812,0.0
38190,38191,60773453#1,11.7846,0.0
38192,38193,60773453#2,8.19,0.5
38194,38195,60931370,0.7578,0.5632868172097569
38198,38199,60995199#2,176.8176,188.2
38200,38201,60995199#3,96.51780000000001,77.33560046638163
38202,38203,611319803,85.0428,53.69999999999999
38204,38205,611319803.274,64.9368,13.0
38206,38207,611319805,35.326800000000006,7.066666666666666
38208,38209,611319807#0,1.3032,0.20467935966657191
38210,38211,611319807#2,19.6092,15.517804321491958
38212,38213,611319807#3,0.2124,0.3724159210120333
38214,38215,611319808#0,2.736,0.3541503556495811
38216,38217,611319808#1,1.071,0.3124873609706777
38218,38219,611319808#2,11.9628,2.917391229785117
38220,38221,611319809#0,1.3644,0.13608870967741937
38222,38223,611319809#1,0.1656,0.06451612903225806
38224,38225,611319809#2,1.0746,0.3188405797101449
38226,38227,611319809#3,0.9918000000000001,0.44372294372294374
38228,38229,611319809#4,3.2454,0.19999999999999996
38230,38231,611319809#6,17.935200000000002,2.6111111111111107
38232,38233,611319809#7,0.0432,0.2777777777777778
38234,38235,611319810,44.5086,14.010090090090085
38236,38237,611319811#1,29.2392,10.677777777777779
38238,38239,611319817,31.662,0.0
38240,38241,611319827,15.7212,5.614680120015485
38242,38243,611569239#0,5.2182,90.0181818181818
38244,38245,611569243,18.774,179.64285714285714
38246,38247,611569255,7.4106000000000005,1.134387351778656
38250,38251,611569263,5.3028,0.0
38254,38255,611624466,46.3428,0.0
38256,38257,611624472,1.8485999999999998,0.0
38258,38259,611624476#1,4.7916,0.619047619047619
38260,38261,611624476#3,0.31679999999999997,0.2666666666666666
38262,38263,612075145#0,0.279,0.9102564102564107
38264,38265,612075145#1,0.1458,0.0
38266,38267,612075145#2,15.4044,0.33333333333333304
38268,38269,612075145#3,0.6084,0.16666666666666669
38270,38271,612075153#0,5.0238,21849.772890843677
38272,38273,612075155#0,0.2178,0.23897581792318642
38274,38275,612075155#1,5.9544,0.7646153846153848
38276,38277,612075155#2,11.259,2.935384615384615
38278,38279,612075155#3,32.4198,3.0
38280,38281,612075155#4,0.1872,0.6549707602339182
38282,38283,612075156,2.0267999999999997,0.7034632034632035
38284,38285,612075157,2.124,0.2857142857142858
38286,38287,612075158#1,2.0484,0.348019252128841
38288,38289,612075159#0,1.9854,0.7087912087912087
38290,38291,612075159#1,55.330200000000005,27.11111111111111
38292,38293,612084388,7.430400000000001,1.152046783625731
38296,38297,612084394,7.354800000000001,0.0
38300,38301,612084401#1,14.0112,3.951690821256039
38302,38303,612087342,7.9308,2.0
38304,38305,61318930#1,0.2934,0.08708272859216255
38306,38307,61318930#2,1.8881999999999999,0.24659863945578234
38308,38309,61318930#3,6.9822,0.49710144927536243
38310,38311,61326419,0.6354,1.1818181818181819
38312,38313,61326424#0,73.4958,7.0
38314,38315,61326424#1,3.3282,0.33333333333333326
38316,38317,61326427#0,30.4524,35421.15146909829
38318,38319,61326427#1,32.814,56148.79020408165
38322,38323,614738714,1.5822,0.0
38324,38325,614738715,4.9212,1.333333333333333
38326,38327,614738716,4.9626,0.33333333333333337
38328,38329,614738717,5.0544,0.6190476190476191
38330,38331,614738718#0,5.3586,2.327564102564102
38332,38333,614738718#1,5.1732000000000005,0.9064482029598305
38334,38335,614738718#2,0.9972000000000001,0.8757259001161438
38336,38337,614738718#3,0.6930000000000001,0.5987804878048777
38338,38339,614738718#4,0.6030000000000001,0.3111111111111109
38340,38341,614738718#5,5.121,2.25
38342,38343,614738719#0,0.6678000000000001,0.2516129032258064
38344,38345,614738719#1,5.8662,550.2290552584672
38346,38347,614738719#2,0.8928,0.5075757575757575
38348,38349,614738719#3,0.7704,0.7746288798920379
38350,38351,614738719#4,0.8676,0.6060975609756099
38352,38353,614738719#5,0.8874,0.33914053426248547
38354,38355,614738719#6,10.3086,6151.975029036004
38358,38359,614738721,3.1176,199.08770161290323
38360,38361,614738722,9.201600000000001,1.8666666666666665
38362,38363,61595541,65.4246,32.0
38364,38365,61671904,5.697,11975.366455696201
38366,38367,61687506,3.8916,0.33333333333333337
38368,38369,617083035,0.41040000000000004,0.0
38374,38375,61909838#1,10.3986,0.806442577030812
38376,38377,61909838#2,2.5326,0.15959383753501397
38378,38379,61909838#3,2.2842,0.20140056022408973
38380,38381,61909838#4,11.0052,1.681860589097696
38382,38383,61909838#5,6.1272,0.5069923371647512
38384,38385,61940065,32.6394,8.666666666666666
38386,38387,61940355,18.7938,4477.079542197837
38388,38389,61940356,4.0607999999999995,136.88947475430507
38390,38391,62011795,5.6916,3.0
38392,38393,62011796#0,6.114599999999999,0.8571428571428573
38394,38395,62011797#4,6.4908,4.0
38396,38397,62011798#0,6.048,2.5147058823529407
38398,38399,62011798#1,23.517,2.248768472906405
38400,38401,62011799#0,2.3382,0.33333333333333326
38402,38403,62011799#1,2.169,0.0
38404,38405,62011804#4,15.588000000000001,0.5
38406,38407,62011808,6.0534,1.9999999999999998
38408,38409,620167544,28.0944,3.610500352360819
38410,38411,623402295,18.104400000000002,2.266666666666666
38412,38413,623402296#0,13.5288,2.200000000000001
38414,38415,623402296#1,13.536,2.857142857142858
38416,38417,623402296#2,12.1734,9.62857142857143
38418,38419,623402297#0,13.4478,2.0
38420,38421,623402297#1,13.6332,15.06410256410257
38422,38423,623402297#2,18.7632,0.6999999999999998
38424,38425,624350642,14.5224,1.2038285111229536
38426,38427,627181816,0.0648,0.3333333333333333
38428,38429,627181817,0.0648,0.0
38430,38431,627181818#0,5.7312,197.79692598317013
38432,38433,627181818#0.45,2.1132,142.69366491605516
38434,38435,631766893,51.5358,32.09999999999999
38436,38437,631839135#0,3.6162,0.33333333333333326
38442,38443,631839138#1,14.461200000000002,0.0
38448,38449,636801029,33.786,21.0
38450,38451,63709069#0,3.6288,1.9476190476190478
38452,38453,63709069#1,3.231,3.641025641025642
38454,38455,63709074,13.645800000000001,1.1636363636363636
38456,38457,63709075#0,3.6288,1.1372549019607843
38458,38459,63709075#1,3.231,1.4958333333333336
38462,38463,63709080#1,1.1880000000000002,0.0
38468,38469,63709082#1,1.1880000000000002,1.8666666666666667
38470,38471,63709082#2,19.35,3.166666666666667
38472,38473,638602238,12.3228,1.315406976744187
38474,38475,638758710#1,8.427600000000002,0.8611111111111109
38476,38477,640370488,9.8766,0.952380952380952
38478,38479,640370489,9.7416,0.3333333333333333
38480,38481,640370491,12.6324,1.066666666666666
38482,38483,640370546,22.959000000000003,0.3333333333333335
38484,38485,640370561,14.0436,0.5
38486,38487,64080426#0,0.0648,0.0
38488,38489,64080426#1,1.359,0.0
38490,38491,64089736,4.7304,14.236413859364681
38492,38493,64092194,26.047800000000002,5.647058823529412
38494,38495,64203752,2.3382,0.0
38498,38499,64203758,2.214,0.0
38500,38501,64203761,5.5008,2.0
38502,38503,64215831,25.155,8.0
38504,38505,64215833,33.27120000000001,11.777777777777777
38506,38507,64215835#0,15.364799999999999,0.9444444444444445
38508,38509,64215835#1,49.8762,10.553571428571425
38510,38511,64215835#2,28.1556,3.3333333333333317
38512,38513,64279742,43.714800000000004,15.564102564102562
38516,38517,64388187#0,0.0648,0.5
38518,38519,64442509#0,9.0432,0.6369026857342158
38520,38521,64442509#1,1.0098,0.33879423680609594
38522,38523,64442509#2,26.755200000000002,4.094067100870237
38524,38525,64442509#3,52.3764,173.23297283998141
38526,38527,644489725#1,1.6218000000000001,13.402116402116404
38528,38529,644489725#2,1.2564,0.3517786561264823
38530,38531,644489725#3,8.2062,2.3636363636363633
38532,38533,644489726,7.320600000000001,1.8222222222222213
38534,38535,64464377#1,23.913,6.057142857142854
38536,38537,64464377#2,8.5968,0.8405797101449276
38538,38539,64464377#3,1.5642,0.3311688311688313
38540,38541,64464405,9.612,10286.586813370011
38542,38543,64464420,7.554600000000001,1618.611055520473
38544,38545,64464430,3.6432,1935.9567240657855
38548,38549,65047492#0,6.0552,2.6658659345687483
38550,38551,65047492#1,32.1534,4.122448979591836
38552,38553,65047492#2,37.2582,6.990601503759401
38554,38555,65047492#3,0.0432,0.9683468705207836
38556,38557,65047492#4,8.1828,3.5206334703822137
38558,38559,65047492#5,18.4086,24.369982547993015
38560,38561,653473568#0,2.5416,0.7250908503593637
38562,38563,653473568#1,6.9408,50.909162619731156
38564,38565,653473569#0,2.1654,0.8888270967400219
38566,38567,653473569#2,20.2662,2658.6284952243086
38568,38569,653473569#3,7.911,2586.5954913316245
38570,38571,653473569#4,3.6432,1195.5071203155803
38572,38573,653473569#5,5.8482,2397.274074074073
38574,38575,653473569#6,1.7892000000000001,913.0586683481237
38576,38577,653473569#7,5.8032,3714.201732096466
38580,38581,659389384,35.0928,7.062563840653734
38582,38583,666132823#0,0.0882,0.0
38584,38585,666132823#1,20.790000000000003,2.2142857142857144
38586,38587,666132823#2,0.0648,0.0
38590,38591,666132824,31.046400000000002,0.0
38598,38599,666132827,107.4042,36.0
38600,38601,672008256,40.9104,0.0
38602,38603,672008260#1,15.138,7.529411764705882
38604,38605,67237927,29.403000000000002,0.0
38606,38607,67237928#0,26.1738,2.73425787106447
38608,38609,67237928#1,8.2908,0.7136478353717728
38610,38611,67237928#2,8.260200000000001,64.96838301716353
38612,38613,67237947#1,6.1992,0.7671957671957673
38614,38615,67237950,10.1844,1.4999999999999998
38616,38617,67237955#0,13.833,1.2425770308123254
38618,38619,67237955#1,0.2088,0.5118926265715256
38620,38621,67237955#2,30.0492,0.9166666666666666
38622,38623,67237957,30.7656,5.55357142857143
38624,38625,67237958#1,12.3282,1.8171853388658377
38626,38627,67237958#2,1.0674,0.23942006269592464
38628,38629,67237958#3,1.4598000000000002,0.277056277056277
38630,38631,67237958#4,2.9448,0.976658053402239
38632,38633,67237958#5,1.9224,0.19159663865546214
38636,38637,67237970#0,7.2342,0.4527479136907
38638,38639,67237970#1,3.4596,0.17808253026933538
38640,38641,67237970#3,6.3666,0.45207704803898785
38648,38649,67237972#3,0.4464,0.0
38650,38651,67237972#4,0.747,0.29999999999999993
38652,38653,67237972#5,0.2646,0.5666666666666667
38654,38655,67237972#6,1.2366000000000001,0.9666666666666668
38656,38657,67237972#7,0.8316,0.25
38658,38659,67237976#0,0.2592,0.2857142857142857
38660,38661,67237976#1,11.424600000000002,2.3
38662,38663,67237976#2,0.1944,0.3333333333333333
38664,38665,67237979#0,1.2473999999999998,0.47058823529411764
38666,38667,67237979#1,13.8672,1.9555555555555548
38668,38669,67237979#2,6.5844,3.3333333333333326
38670,38671,67237985#0,9.251999999999999,0.9444444444444444
38672,38673,67237985#1,43.7274,0.0
38674,38675,67237985#2,6.138000000000001,0.25000000000000006
38676,38677,67237994,32.311800000000005,8.966666666666672
38678,38679,67238002,28.1628,5.199999999999999
38680,38681,67238004,46.2654,0.0
38682,38683,67238006#0,0.0648,0.20000000000000004
38684,38685,67238006#1,1.2132,0.33333333333333326
38686,38687,67238006#2,1.5354,0.0
38690,38691,67238006#4,0.0648,0.23529411764705882
38692,38693,67238006#5,0.0324,0.2857142857142857
38694,38695,67238006#6,0.6030000000000001,0.2857142857142857
38698,38699,67238010,42.8994,0.0
38700,38701,67238013,2.8404000000000003,196.12435456110157
38702,38703,67238016#0,3.5262000000000002,3.209523809523809
38704,38705,67238016#1,1.2726,0.4299847792998478
38706,38707,67238016#2,3.0888,0.7205263157894733
38708,38709,67238018#0,33.595200000000006,52.22527472527473
38714,38715,67238029#1,0.7902,2.199430199430199
38716,38717,67238030,0.23940000000000003,0.23809523809523805
38718,38719,67238031#1,1.0493999999999999,2.266666666666667
38720,38721,675026434#1,5.1318,0.29999999999999993
38722,38723,675026434#2,45.621,3.476190476190476
38724,38725,675026435#0,10.2816,4.0
38728,38729,675026436#0,4.5558000000000005,0.33333333333333326
38730,38731,675757784#0,16.5852,0.5000000000000001
38732,38733,675757784#1,14.4396,2.011111111111111
38734,38735,675757784#2,9.2826,0.9924242424242422
38736,38737,675757784#3,5.0652,1.9955722639933156
38738,38739,675757784#4,3.0330000000000004,2.014896373056994
38742,38743,675757785#1,1.1736,0.0
38744,38745,675757785#2,12.740400000000001,0.5
38746,38747,675757785#3,45.4284,11.845378151260505
38748,38749,675757785#4,5.814,33.84033613445378
38750,38751,676400899,10.7118,2.8
38752,38753,677165951,13.7196,2.285714285714285
38754,38755,677165952,2.9646,0.5
38756,38757,677165953#0,9.5832,0.5
38758,38759,677165953#1,45.973800000000004,18.0
38760,38761,677541740#0,6.9318,2.3298245614035076
38762,38763,677541740#1,23.950799999999997,6.083333333333335
38764,38765,678309990#0,0.0648,0.33333333333333326
38766,38767,679514632,2.2734,4.722222222222222
38768,38769,679514635,16.740000000000002,4.0
38770,38771,682620734#1,4.1616,0.0
38772,38773,682620736,4.998600000000001,0.0
38774,38775,682620737,5.7114,0.0
38782,38783,682944656,1.7478,0.0
38784,38785,69556532#0,1.5966,0.37076648841354726
38786,38787,69556532#1,0.2196,3.0402298850574705
38788,38789,69556532#2,0.621,1.8187134502923976
38790,38791,69556532#3,0.0648,0.7222222222222221
38794,38795,700272065,3.4578,0.32720924525355305
38796,38797,700272066,0.927,0.5649951717478272
38798,38799,700272066.5,9.0342,4.859939962654795
38800,38801,700272067#0,5.031,224.57202236496556
38802,38803,700272068,1.728,0.24031677854766298
38804,38805,700272069,4.9572,1.1164921465968587
38806,38807,700272074#0,13.0068,58.76667914504547
38808,38809,700272075#0,2.9898000000000002,8857.333333333332
38810,38811,700272076#0,7.1352,1592.2556695536305
38812,38813,700272077,2.5488,0.24256909145992508
38814,38815,700668007#0,34.6374,12.500000000000004
38816,38817,700668007#1,29.9466,12.025641025641029
38818,38819,700668008,7.8606,0.9166666666666669
38820,38821,701585558,5.5908,0.4
38822,38823,701585559,3.3516000000000004,0.6964285714285714
38824,38825,701585562,5.0832,1.5277777777777777
38828,38829,708784615#0,0.0324,0.9166666666666666
38830,38831,708784615#1,28.6902,0.0
38832,38833,708784615#2,0.0324,0.0
38834,38835,708784616#1,10.450800000000001,0.7870259883587396
38836,38837,708784621,7.5618,2.6964285714285707
38838,38839,708784622,7.5456,2.3000000000000003
38840,38841,708784623,7.65,1.9722222222222225
38842,38843,708784624#1,0.0648,19.778461538461535
38844,38845,708784625#1,0.0648,4.259756097560975
38846,38847,710645377#0,0.0648,0.2909090909090909
38848,38849,710645378,8.1036,0.4
38850,38851,710645391,2.6622000000000003,10.266666666666666
38852,38853,710645392,0.2844,0.2520695197910387
38854,38855,714371902,12.8772,2.4314009661835754
38858,38859,71809618#0,7.4682,0.37104506232023
38860,38861,71809618#1,2.6550000000000002,0.22941854915685686
38862,38863,71809618#3,7.0542,6.853813013546527
38864,38865,71809618#4,6.7158,38.94023460912745
38866,38867,71809618#5,4.3974,243.24799930410563
38868,38869,718469828#1,2.9646,0.4230769230769231
38870,38871,718469828#10,4.4154,0.3333333333333335
38872,38873,718469828#2,3.0816,0.4358974358974359
38874,38875,718469828#3,0.6282,0.43589743589743585
38876,38877,718469828#4,0.738,0.17777777777777773
38878,38879,718469828#6,0.7182000000000001,0.3
38880,38881,718469828#7,1.872,1.6666666666666667
38882,38883,718469828#8,3.9240000000000004,2.25
38884,38885,718469828#9,5.5548,0.3333333333333333
38886,38887,718469829#0,0.3438,0.17777777777777776
38888,38889,718469829#1,16.4646,0.5000000000000003
38890,38891,718469830,36.9324,15.838095238095237
38892,38893,718481091#0,6.768,6710.444051613933
38894,38895,718481092,2.8098,2035.022492996258
38896,38897,718481093#0,4.055400000000001,3698.4066623214844
38898,38899,718481093#1,25.2558,18272.295241981705
38900,38901,718481094#0,6.8616,42.826468253968265
38902,38903,718481095,5.5458,5292.106649395507
38904,38905,718481096#0,4.9644,1.0659233558145884
38906,38907,718481096#1,2.6856,0.32127402440450664
38908,38909,718481096#2,10.728,0.8472719808926699
38910,38911,718481096#3,6.6474,800.7716333845368
38912,38913,718481097#1,12.4416,884.4472636249857
38914,38915,718481097#2,0.12240000000000001,0.9666666666666666
38916,38917,718481097#3,4.134600000000001,0.7
38918,38919,718481098,0.3492,0.9373512949560034
38922,38923,718481100,3.1446,30796.29817404818
38924,38925,718481103#0,1.314,1137.902892730342
38926,38927,718481103#1,0.4248,1203.9024096385542
38928,38929,718481103#2,5.8932,7840.111719728424
38930,38931,718481103#3,14.9886,34612.935371744985
38932,38933,718481107,2.1726,2903.9538212490424
38934,38935,718797712#0,150.4656,129.0545454545454
38936,38937,718797712#2,55.19520000000001,14.36111111111112
38938,38939,718797712#3,128.8062,30.200000000000017
38940,38941,718800194#0,6.6941999999999995,1.1570175438596488
38942,38943,718800194#1,111.59280000000001,54.136075949367076
38946,38947,718802450#0,19.0584,0.0
38948,38949,718828178#1,2.5307999999999997,1790.9925500258764
38950,38951,718828179#0,4.2786,8.81598464151554
38952,38953,718828183#0,9.3888,35.47272727272727
38954,38955,718828183#1,7.1334,0.16363636363636364
38956,38957,718828183#2,3.2328,0.27777777777777773
38958,38959,718828183#4,25.331400000000002,7.839285714285716
38960,38961,718828183#5,30.3012,3.2678571428571397
38962,38963,718828184#0,9.99,337.30998345284075
38964,38965,718828184#1,7.264799999999999,2760.8877604993118
38966,38967,718828185#0,10.6956,89.39242134809561
38968,38969,718828185#1,9.0828,164.37699981178233
38970,38971,718828185#2,27.477,434.34496044031636
38972,38973,718828185#3,4.059,305.3009738516988
38974,38975,718828186#0,19.5822,2.784215708551088
38976,38977,718828186#1,2.1906000000000003,0.2051588249343205
38978,38979,718844696,0.33840000000000003,0.0
38980,38981,718844697#0,3.7728,0.8319088319088324
38982,38983,718844697#1,4.2966,0.2661538461538462
38984,38985,718844698#0,10.366200000000001,0.3529411764705881
38986,38987,718844698#1,0.5652,0.19117647058823528
38988,38989,718844698#2,10.3932,0.6535947712418301
38990,38991,718844698#3,3.177,0.7293447293447292
38992,38993,718844698#4,0.1566,0.7023809523809526
38994,38995,718844698#6,4.7268,1.4444444444444449
38996,38997,718844698#7,3.8124,185.12313725490196
38998,38999,718850685#2,51.9318,17.758025231564666
39000,39001,718850685#3,10.422,1.343119072708113
39002,39003,718850686#1,7.8012,1.4442339269925484
39004,39005,718850686#1.194,8.5158,907.8430780518084
39006,39007,718850686#1.58,10.7946,18.580829051520613
39008,39009,718850688,12.6036,1.9873734968404622
39010,39011,718850689,6.5772,0.7261226592964495
39016,39017,718926969#0,6.5088,0.49999999999999956
39018,39019,718926969#1,12.3984,1.1025641025641024
39020,39021,71900674#0,5.6376,29.549302314782576
39022,39023,71900674#1,6.0318000000000005,0.6768130981206043
39024,39025,71900674#2,4.179600000000001,0.30709073385653307
39026,39027,71900674#3,17.553600000000003,2.157117370068148
39028,39029,71900678,16.1838,0.0
39030,39031,719015092,3.7403999999999997,27.986838709677414
39032,39033,719015093,2.7414,0.629141350452826
39034,39035,719015094#0,1.9854,0.24662765388976504
39036,39037,719015094#1,3.3588000000000005,0.25534248941867527
39038,39039,719015097,10.917000000000002,975.625961538462
39040,39041,719015099,7.6158,3.444166763211461
39042,39043,719015101,0.9108,622.9344356447618
39044,39045,719015101.12,0.8046,2225.4484756328006
39058,39059,72475188#0,1.4022000000000001,0.2380952380952381
39068,39069,72475188#4,16.2,0.0
39080,39081,72475192,40.2858,0.0
39086,39087,72475201#0,3.0114,0.0
39088,39089,72475201#1,6.449400000000001,0.0
39092,39093,72475204#0,41.0598,98.0
39094,39095,72475204#1,22.3614,12.5
39102,39103,72562655#0,99.4824,0.0
39104,39105,72562655#1,12.519,0.0
39106,39107,72562655#2,0.0648,0.5
39108,39109,72562658,34.4376,3.7079388746883795
39114,39115,72562674#0,81.6246,3.333333333333332
39116,39117,72562674#1,90.1044,68.33333333333336
39118,39119,72562698#1,1.9260000000000002,0.5
39120,39121,72562698#2,2.0322,0.0
39122,39123,72562699,2.1546000000000003,0.2573529411764707
39124,39125,72562708,7.3674,2.4044871794871794
39126,39127,72562710,8.141399999999999,0.9926470588235291
39128,39129,726080889#0,2.0736,0.3333333333333335
39130,39131,726080889#1,2.1402,0.3
39132,39133,726080889#2,2.4138,2.5
39134,39135,726080889#3,2.1654,0.6909090909090909
39136,39137,726080889#4,3.0906000000000002,1.356060606060606
39138,39139,726080889#5,2.7324,133.340321453529
39140,39141,726080890,18.5994,0.9999999999999997
39142,39143,726080896#1,8.8146,0.5
39144,39145,726080898#0,48.9492,0.0
39146,39147,726080899,4.5522,1.0
39148,39149,726514442#0,4.010400000000001,1.0886582726736191
39150,39151,726514442#1,4.5414,0.2999180274116329
39152,39153,726514443#0,1.314,2.0102887087269856
39154,39155,726514443#1,5.4846,55.675088357713854
39156,39157,726514443#2.43,9.140400000000001,644.2845458116414
39158,39159,726514445,0.41400000000000003,67.8121373062951
39160,39161,726514446,0.387,3.4819602565580277
39162,39163,726514447,0.0648,2020.3226890756307
39164,39165,726514448#0,9.3042,1681.3571428571431
39166,39167,726514448#1,0.0648,1.0000000000000002
39168,39169,726514448#2,9.7416,574.2045454545455
39170,39171,726514449,5.9094,54.25257541175736
39172,39173,726514450,17.485200000000003,9864.201286389702
39174,39175,726514451#0,4.8024000000000004,60.63479646530495
39176,39177,726514451#2,1.7622,1.28132066938037
39178,39179,726514451#3,3.222,0.32577132486388366
39180,39181,726514451#4,2.5704,0.288135593220339
39182,39183,726514452#0,21.448800000000002,3.2344582298505955
39184,39185,726514452#1,5.8176000000000005,0.8282605482893661
39186,39187,726514453#1,5.0904,1.5994094366074862
39188,39189,726514453#2,15.661800000000001,8.130103844865443
39190,39191,726514453#3,4.8384,182.18793811491173
39192,39193,726514454,1.9836000000000003,2.1342105263157896
39194,39195,726515357,4.5882,1.3569620207106832
39196,39197,726515358,29.9016,0.0
39198,39199,726515361,0.9522,0.22093788564376796
39200,39201,726515362,0.0648,9.536984352773825
39202,39203,726515363,18.6984,5.769230769230767
39204,39205,727164240,5.2758,0.7809649622247969
39206,39207,727164241#0,1.521,407.8925490196077
39208,39209,727164244,17.082,1.2778354480482124
39210,39211,72883541#0,7.8552,14.681063122923582
39212,39213,72883541#1,5.7132,1.000028171394767
39214,39215,72883541#2,18.774,1.4736842105263155
39216,39217,72883541#3,36.534600000000005,26.94372294372294
39218,39219,72883544#1,10.4346,3.066666666666667
39220,39221,72883546,1.7982,4.444444444444445
39222,39223,72883554,6.0047999999999995,4.2
39224,39225,72883558#0,13.366800000000001,2.941176470588236
39226,39227,72883558#1,0.8766,0.5918003565062389
39230,39231,737320746,0.0684,0.42313796564939854
39232,39233,737320746.8,2.7882,5.118037141435801
39234,39235,737320747#1,5.425199999999999,17.18695294601426
39236,39237,737320747#2,4.5846,22.26163686678701
39238,39239,737320747#3,5.6178,62.61666773731935
39240,39241,737320747#4,16.0542,543.1822033102615
39242,39243,737320747#4.146,3.2922,388.0510134871394
39244,39245,737320748#2,7.7292,26.896055260116857
39246,39247,746482758#0,1.665,29797.91536273115
39248,39249,746482758#1,1.8864,38820.406451612915
39250,39251,746483005#0,5.3514,21200.588976286526
39252,39253,746483006#1,4.6134,2195.9204787153453
39254,39255,746483006#2,3.087,1710.052348785245
39256,39257,746483006#3,5.0328,3708.1366658835796
39258,39259,746483006#4,2.2968,1741.489614318444
39260,39261,746483006#5,7.137,14629.2144126966
39262,39263,746483006#6,3.3192000000000004,8778.743967828419
39264,39265,746700169,4.4946,1.7444208896110462
39266,39267,746700170#0,10.216800000000001,4.333333333333332
39268,39269,746700170#1,0.0648,7.0
39270,39271,746700171,1.7514,0.705304162703266
39272,39273,746700172#0,13.512599999999999,2.4761904761904767
39274,39275,746700172#1,0.0648,0.8392857142857143
39276,39277,746700173#0,9.892800000000001,241.51251276813062
39278,39279,746700174,3.3120000000000003,3.285714285714286
39280,39281,746700175,1.341,1.3569892473118277
39282,39283,746700176,31.843799999999998,5.918128654970761
39284,39285,746700179,2.1816,27.27185569557697
39286,39287,746700180#0,5.0526,89.7262945914844
39288,39289,746700181#0,7.488,211.76314771848433
39290,39291,746700182,8.4114,0.4203797860514283
39292,39293,746700183#1,1.4831999999999999,5.08789386401326
39294,39295,746700186#0,0.9414,0.14285714285714288
39296,39297,746700186#2,3.6611999999999996,0.8545454545454543
39298,39299,747007933#0,3.4128,164.73529411764707
39300,39301,747007936,1.5246,45.490909090909085
39302,39303,747007937,73.107,0.0
39304,39305,747007938#0,42.993,20.563636363636363
39306,39307,747007938#1,36.6084,14.111111111111112
39308,39309,747007938#2,1.3986,3.861111111111112
39312,39313,747324456#0,9.2106,0.9821428571428573
39314,39315,747324456#1,37.321200000000005,29.7
39316,39317,747324457,0.48960000000000004,0.4061022120518691
39320,39321,749560258,40.849199999999996,4.5
39322,39323,749560259#1,2.5056,109.37632128514055
39324,39325,749560260,6.4584,0.5439620147611959
39326,39327,749560261,7.4052,52731.67560861952
39328,39329,749560262,1.2186000000000001,479.7843146676781
39330,39331,749560262.18,2.817,1201.7014511063985
39332,39333,749560268,1.4220000000000002,9547.876911867637
39334,39335,749560269#1,11.4336,33578.38771820448
39336,39337,749560271,2.2374,47462.93382352941
39338,39339,749560273,4.8528,33119.3384013247
39340,39341,749560274#1,9.6174,668.1189559264008
39342,39343,75123311,148.37400000000002,70.33333333333337
39344,39345,75123338,35.1486,9.3
39346,39347,75123439,137.12400000000002,79.23202614379088
39348,39349,75123444,180.7992,180.52709359605905
39350,39351,75123449,100.79639999999999,29.727272727272744
39352,39353,752837945#0,6.048,1.0960591133004927
39354,39355,752837945#1,0.0648,0.9673202614379084
39356,39357,752837946,16.8444,1.3
39358,39359,753083360#0,11.156400000000001,6427.295945433878
39360,39361,753083360#1,6.3252,3065.576320715949
39362,39363,753083360#2,0.0648,95.03620839231088
39364,39365,753083360#3,3.5478,5981.072964704809
39366,39367,753083361,14.209200000000001,36345.84847435042
39368,39369,753083363,4.194,4684.267394320599
39370,39371,75405815,30.4848,4.923076923076924
39372,39373,75405816,10.6218,1.0
39374,39375,754318764,3.0726,1.3333333333333335
39376,39377,754318765#1,0.0648,0.0
39380,39381,754318766,9.9738,24.5
39382,39383,758073515,20.421000000000003,0.0
39386,39387,76236410#0,6.615,2.0
39388,39389,76236410#1,35.5644,19.666666666666668
39390,39391,763360618,12.69,0.9999999999999997
39392,39393,764189466,4.4748,0.6666666666666664
39394,39395,764189467#2,1.9422,0.3333333333333335
39396,39397,764189467#5,1.4508,1.0
39398,39399,764189467#7,5.050800000000001,0.0
39400,39401,765244913#1,6.8742,13870.043488097152
39402,39403,765244913#1.57,7.918200000000001,21846.73925501436
39404,39405,765244914#0,2.2266000000000004,0.8477227722772276
39406,39407,765244915,23.2632,98.08855306279236
39408,39409,765541113,1.9008,1.0
39412,39413,765779078,1.4706,0.0
39414,39415,768560222,22.9536,6.404487179487181
39416,39417,77033039,15.872399999999999,0.0
39418,39419,77033040,12.24,1.3557312252964433
39420,39421,770768078#0,0.7290000000000001,0.2545454545454546
39422,39423,770768078#1,25.9344,2.1
39424,39425,770768081,17.634600000000002,8.43873817680792
39426,39427,770847746,21.7224,3.7777777777777777
39428,39429,771682702,18.262800000000002,3.1652421652421645
39430,39431,771682710#1,2.2788,72.22167487684727
39432,39433,77169979,18.5724,1.0
39434,39435,771705191#0,2.0951999999999997,0.4242424242424242
39440,39441,771705192,19.4562,1.0
39442,39443,771710367,0.0648,0.7320261437908496
39444,39445,772879616,15.215399999999999,1.3090418353576236
39446,39447,772879617#0,6.5988,3.8
39448,39449,772879617#1,4.7304,22.57142857142857
39450,39451,772913612#3,9.250200000000001,7.629166666666663
39452,39453,772913613,1.3356000000000001,0.3294891408763533
39454,39455,772913614,1.5624,0.8698830806879204
39458,39459,77414793#0,26.7246,34.70519015659955
39460,39461,77414793#1,0.0252,16.45792494481235
39462,39463,77414799,2.4192,1.1778103404609426
39464,39465,77414800#0,0.0252,0.2072808009718905
39466,39467,77414800#1,13.1166,1.6671880945334625
39468,39469,77414800#2,13.5486,382.62725658478837
39470,39471,77414803#0,0.0252,0.032019810508182596
39472,39473,77414807#0,0.9594,1.4656617656136186
39474,39475,77414810#0,16.2018,16.624854819976775
39476,39477,77414810#1,0.0252,39.2520325203252
39478,39479,774543488#0,5.6034,2.5666666666666664
39480,39481,774543488#1,13.257000000000001,0.9047619047619054
39482,39483,774543489,11.1726,0.7000000000000002
39484,39485,774543490#0,18.032400000000003,0.7999999999999999
39486,39487,774543490#1,33.1056,6.333333333333331
39488,39489,774543491,12.8232,0.0
39490,39491,774631638#0,23.1696,1.6999999999999997
39492,39493,774631638#1,14.4684,4.5
39494,39495,774631639,25.4268,12.5
39496,39497,775009293,29.062800000000003,24.5
39500,39501,77526509#0,10.0656,2.3280632411067192
39502,39503,77526509#1,22.9752,3.257309941520465
39504,39505,77526509#2,20.5902,2.923809523809525
39510,39511,775849466,6.6941999999999995,0.16666666666666669
39512,39513,775903823,17.0514,0.0
39514,39515,775903824,6.912,2.7
39516,39517,775904955,20.9466,15.586206896551719
39518,39519,775906581#0,34.7562,0.0
39520,39521,775906581#1,23.6304,4.5
39522,39523,775906582#0,0.6984,0.4
39524,39525,775906582#1,18.2952,4.7
39526,39527,775906582#2,0.0648,0.0
39532,39533,776461317,13.989600000000001,8.0
39534,39535,77670311#1,2.2428,0.0
39536,39537,77670320,45.3528,0.0
39538,39539,776815479,5.9346000000000005,1.982142857142858
39540,39541,776923595#1,29.586600000000004,4.5
39542,39543,776943061#1,15.183000000000002,4704.389492753622
39544,39545,777420322,0.522,7.480519480519482
39546,39547,778163219#0,1.7189999999999999,2.5636363636363635
39548,39549,778163219#1,0.0648,0.47105263157894733
39550,39551,778163219#2,16.3548,3388.355172413793
39552,39553,778163219#3,6.5916,34073.25396825397
39554,39555,778486948,5.135400000000001,1.142857142857143
39556,39557,778486949#0,9.2682,0.0
39558,39559,778486949#1,4.0986,5.333333333333334
39560,39561,778486950,14.031,340048.8280487805
39562,39563,778859032#0,6.6240000000000006,0.0
39566,39567,77912228,1.683,0.24999999999999997
39568,39569,77912230#1,8.1774,4.331764705882353
39570,39571,77912233,26.5338,29.96461538461538
39572,39573,77912241#0,12.375,3.123809523809524
39574,39575,77912241#1,12.317400000000001,1.0
39576,39577,77912253,12.1464,11.0
39578,39579,77912268,19.4886,4.333333333333331
39580,39581,779289934,13.41,0.0
39582,39583,779463170,14.5458,4.333333333333333
39584,39585,779561592,14.5908,0.8095238095238088
39586,39587,779561593,12.7854,0.0
39588,39589,779561594,26.55,6.666666666666667
39592,39593,779963063#0,4.8042,1.8099999999999998
39594,39595,779963063#1,0.7704,0.49523809523809537
39596,39597,779963063#2,32.970600000000005,0.0
39598,39599,779963065,12.9204,0.0
39600,39601,779963066,1.0368,0.6287878787878789
39602,39603,779963080,9.251999999999999,0.0
39604,39605,779963083#0,6.2874,2.333333333333333
39606,39607,779963083#1,3.4379999999999997,1.6410256410256412
39608,39609,779963083#2,5.2956,0.0
39610,39611,779963086,5.2776,0.3333333333333333
39612,39613,779963090,4.8402,0.21428571428571425
39614,39615,779963104#0,2.1114,0.5714285714285711
39616,39617,779963104#1,0.28800000000000003,1.5661764705882348
39620,39621,779963108#0,0.0648,56.90118577075098
39622,39623,779963108#1,0.36540000000000006,0.1794871794871795
39624,39625,779963108#2,38.1366,44.71111111111111
39626,39627,779963108#3,0.1746,129.96153846153848
39628,39629,779963109,14.432400000000001,7.805418719211824
39630,39631,779963111#0,0.7128000000000001,12.982142857142858
39632,39633,779963111#1,10.1394,1.8736263736263736
39634,39635,779963112,0.0648,0.26666666666666666
39636,39637,779963113#0,28.6056,8.322222222222221
39638,39639,779963113#1,2.1078,200.0
39644,39645,780108803#0,0.0648,0.23809523809523805
39646,39647,780108803#1,1.6902,5691.454545454546
39648,39649,780108803#2,0.0648,17215.357142857145
39650,39651,780108804,0.0648,23791.0
39652,39653,780108805,9.1872,39024.35555555556
39654,39655,780144784#0,0.0774,0.20000000000000004
39658,39659,780144784#2,0.0648,0.0
39660,39661,780151719,10.758600000000001,3.5833333333333335
39662,39663,780151720,8.4528,4.333333333333333
39664,39665,780151721#0,5.6106,1.8625000000000005
39666,39667,780151721#1,11.286,4.0
39668,39669,780151723,7.7634,1.963636363636364
39670,39671,780206711,3.3120000000000003,5888.771428571429
39672,39673,780208933#1,32.6034,2.333333333333332
39674,39675,780399589,15.2388,10.916666666666666
39676,39677,780400470,19.625400000000003,0.5
39680,39681,780400472,12.803400000000002,2.0
39682,39683,780403241,5.3352,0.0
39686,39687,780488951,16.191,0.0
39688,39689,780592074,0.5508,0.0
39690,39691,780592075#0,2.2086,4.5
39692,39693,780592075#1,7.209,0.0
39698,39699,780592077,1.1034,0.0
39700,39701,780592078,2.5632,5.1
39702,39703,780592079#0,0.7938000000000001,0.0
39704,39705,780592079#1,0.1368,0.5
39706,39707,780733873,16.947,0.5
39708,39709,780863324,10.4346,1.9444444444444444
39712,39713,780869567#1,0.0648,0.30000000000000004
39714,39715,780869568,13.0464,1.0
39716,39717,780913598#0,1.6740000000000002,0.5681818181818182
39718,39719,780913598#1,15.904800000000002,4.916666666666667
39720,39721,780913598#2,61.9578,60.5
39722,39723,780913599#0,1.971,0.4000000000000001
39724,39725,780913599#1,12.506400000000001,0.0
39726,39727,780913600,22.7754,13.0
39728,39729,780913601,67.8294,6.700000000000002
39730,39731,780951181#0,0.7343999999999999,0.3
39732,39733,780951181#1,8.8146,3.904761904761905
39736,39737,781302071#0,1.0062000000000002,0.2666666666666666
39738,39739,781302071#1,9.174600000000002,0.0
39740,39741,781302072,8.3628,1.8666666666666665
39744,39745,781741850#1,2.403,0.5
39746,39747,781741851,13.8042,2.966666666666667
39748,39749,782708741,21.4218,7.238095238095238
39750,39751,782710385#1,0.0972,0.0
39752,39753,782710385#2,20.1456,0.5
39754,39755,782710385#3,0.0648,0.0
39756,39757,782710385#4,10.314000000000002,4.0
39758,39759,782710385#5,15.798599999999999,2.9166666666666665
39762,39763,782710387,10.9008,0.5
39770,39771,784252394,25.8894,9.866666666666669
39772,39773,785034008,138.0726,0.0
39774,39775,785039017#0,13.3812,1630.1566519809173
39776,39777,785784586,13.4604,12.5
39778,39779,785858199#0,1.8936000000000002,8.904761904761903
39780,39781,785858199#1,2.0627999999999997,0.3333333333333335
39782,39783,785858200,5.6322,0.0
39786,39787,785899677#0,13.2966,0.5
39788,39789,785899677#1,4.9374,0.0
39790,39791,786179513,20.075400000000002,4.2210526315789485
39792,39793,786471387,16.119,2.4315789473684206
39796,39797,786572368,10.758600000000001,2.25
39800,39801,787084670#0,3.4218,191.74703557312253
39802,39803,787084670#1,4.6368,2.7999999999999994
39804,39805,787084671,23.5818,2.622222222222222
39806,39807,787112572,11.7324,2.857142857142857
39808,39809,787388576,13.3614,1.3333333333333335
39810,39811,787388577,15.258600000000001,0.0
39812,39813,787965027,13.59,2.0592885375494063
39820,39821,788776521#0,61.1802,44.04511784511786
39822,39823,788776521#1,32.9796,12.76002506265664
39824,39825,788776521#2,0.0648,1.00253164556962
39830,39831,790001123,15.080400000000001,2.277777777777778
39832,39833,790651031,33.372,9.111111111111109
39834,39835,791207676,19.000799999999998,2.333333333333334
39836,39837,791259521,16.7472,10.476190476190478
39838,39839,791264657#0,5.9346000000000005,0.9630541871921182
39840,39841,791264657#1,6.219,0.5
39842,39843,791264658,6.501600000000001,3.1111111111111116
39844,39845,791362821,17.404200000000003,2.0
39846,39847,791367882,21.4866,5.944444444444443
39848,39849,791808809,9.6084,11.44268774703557
39850,39851,791808810#0,0.648,23.719696969696972
39852,39853,791808810#1,1.5191999999999999,1.822222222222222
39854,39855,791808810#2,7.0128,0.25000000000000006
39856,39857,791808811,2.6928,0.3333333333333335
39858,39859,791808812,2.538,1.6666666666666667
39860,39861,791808814,6.9318,0.0
39862,39863,79203276,52.4682,18.0
39864,39865,792046573,33.39,40.5
39866,39867,792511578#0,2.5182,3.142857142857143
39870,39871,792797765,20.3886,9.0
39872,39873,792867568,10.978200000000001,1.8095238095238095
39874,39875,794231485,8.721,1.0
39876,39877,794349351,21.9924,0.0
39878,39879,794349352,14.1444,0.0
39880,39881,794349353,0.2646,76.64200680272108
39882,39883,794349354#0,0.0648,0.0
39884,39885,794349354#1,13.5648,2.988888888888889
39886,39887,794349354#2,1.5768,10.03694581280788
39888,39889,794349355,32.007600000000004,64.44696969696969
39890,39891,794669422,11.1942,0.6535947712418302
39892,39893,795085917,12.6036,8.0
39894,39895,795489028,17.3304,4.5
39896,39897,795585638,31.759199999999996,6.0
39898,39899,796248412,12.9492,3.4666666666666672
39900,39901,797226140#0,0.7182000000000001,0.3315508021390376
39902,39903,797226140#1,35.38440000000001,9.653846153846157
39904,39905,797226140#2,39.8232,13.11428571428572
39906,39907,797327371#0,2.3058,0.25
39908,39909,797327371#1,14.457600000000001,0.0
39910,39911,797327372,27.522,0.0
39912,39913,797840524,10.557,0.8181818181818182
39914,39915,798269066#0,7.236,1.333333333333333
39916,39917,798269066#1,4.069800000000001,0.0
39918,39919,798269067#0,9.0936,0.0
39920,39921,798269067#1,6.7698,1.7999999999999996
39922,39923,798269068,4.807799999999999,0.0
39926,39927,799099587,10.998000000000001,1.6999999999999997
39928,39929,799538919,6.867,1.7666666666666664
39930,39931,799719652#1,95.5746,18.0
39932,39933,800890645,36.09,4.5
39938,39939,801880267,22.6386,1.666666666666667
39942,39943,802847229,3.8304000000000005,0.6777777777777779
39944,39945,803024904,23.358600000000003,6.916666666666669
39946,39947,8033459#1,2.7684,1.3293439716312057
39948,39949,8033459#2,38.3238,9.583333333333336
39950,39951,8033459#3,0.117,0.0
39952,39953,8033459#6,33.345,0.3333333333333339
39954,39955,8033459#7,0.0648,0.5666666666666667
39956,39957,8033460#1,2.9952,23.971428571428568
39958,39959,8033460#2,14.409000000000002,106.5
39960,39961,8033475#0,0.0234,0.14874570042463559
39962,39963,8033475#1,1.71,0.10628214177674697
39964,39965,803546304#1,48.591,11.199999999999996
39966,39967,803564142,26.586,0.0
39968,39969,803586532#1,8.1684,15515.054945054946
39970,39971,803727017#0,8.4042,1.1043956043956045
39972,39973,803727017#1,9.4734,0.33333333333333304
39974,39975,803727017#2,12.348,6.8
39976,39977,804518764,7.209,2.25
39978,39979,804518765,11.9808,2.666666666666667
39980,39981,8050409#0,10.5156,1.4915824915824925
39982,39983,8050409#1,10.6542,1009.2820408163266
39984,39985,805074682,0.028800000000000003,0.19891453737422377
39986,39987,805074683#0,12.405600000000002,1.0139772508193565
39988,39989,805074683#1,8.001000000000001,1.0547077768305393
39990,39991,805074685,12.06,0.8
39992,39993,80518321#0,37.962,4.773509385351491
39994,39995,80518321#1,6.6006,0.30779220779220784
39996,39997,80518321#2,5.1066,626.1280701754382
39998,39999,805893591,18.5076,1.904761904761905
40000,40001,805906399,11.4444,0.0
40002,40003,805978013,13.3092,5.666666666666667
40004,40005,806941700#0,0.6408,0.3133930397088292
40006,40007,806941700#1,0.3834,0.13865874783469434
40008,40009,806941701,0.9018,0.19534984789222087
40010,40011,806941702,2.2914,0.28634085213032584
40012,40013,806941703,0.0162,0.24865974165857485
40014,40015,806941704,0.5508,0.41729323308270677
40016,40017,806941705,0.019799999999999998,0.47918562078879656
40018,40019,806941706,0.3744,0.10948957092184011
40020,40021,806941707,2.727,0.16822076612903236
40026,40027,806941711#0,4.7646,0.49318784766795065
40028,40029,806941711#1,0.47700000000000004,0.12391955498502352
40030,40031,806941712,0.5382,0.0
40032,40033,806941713,1.7946,0.697729295451715
40034,40035,806941714,0.3186,0.0
40036,40037,806941715,0.9810000000000001,0.28717262414217054
40038,40039,806941716,0.7182000000000001,0.19381895706571636
40040,40041,806941717,1.3572,0.2351517596047194
40046,40047,807102008,13.9302,0.0
40048,40049,807111100#0,2.8494,0.980952380952381
40050,40051,807111100#1,0.5868,0.6545454545454543
40052,40053,807111100#2,1.2564,0.4444444444444444
40054,40055,807111100#3,0.864,0.8181818181818181
40056,40057,807111100#4,0.09000000000000001,0.8
40058,40059,807111100#5,3.555,3.3444444444444437
40064,40065,807111103,2.8386,2.0
40066,40067,807111104,3.2706,0.0
40068,40069,807111105,3.4452,0.0
40072,40073,807310151#0,20.3796,2.6072115384615384
40074,40075,807310151#1,1.8036,0.48757271285034365
40076,40077,807310151#2,112.221,72.2032786885246
40078,40079,807310151#3,35.598600000000005,12.371212121212125
40080,40081,807310151#4,91.7118,42.830687830687836
40082,40083,807310152,34.1766,4.190000000000002
40084,40085,807310153,59.425200000000004,0.0
40086,40087,807310416,33.49080000000001,7.000000000000003
40088,40089,807310417,9.7992,1.3333333333333335
40090,40091,808377741,17.5788,3.6999999999999997
40092,40093,808400592,9.3564,0.0
40094,40095,808400593,9.1854,0.0
40096,40097,808643942,11.482199999999999,3.1818181818181817
40098,40099,808643943,14.3514,0.5
40100,40101,808797810,13.2642,0.5
40102,40103,809947516,15.2064,0.0
40104,40105,810275622,5.4234,0.9941944847605223
40106,40107,810275624,0.0684,0.7636363636363637
40108,40109,810275626,0.0648,0.8106060606060602
40110,40111,812556219,7.695000000000001,2.25
40112,40113,812556220,7.8696,0.0
40114,40115,812603023,12.7422,0.0
40116,40117,812603024,9.7182,0.0
40118,40119,812643950#0,32.193000000000005,8.0
40120,40121,812648595#0,19.872,0.5
40122,40123,812648595#1,8.7606,20.57142857142857
40124,40125,812648595#3,9.0396,13.87878787878788
40126,40127,812648595#4,7.957800000000001,4.272727272727272
40128,40129,812648598,20.043,16.974358974358974
40130,40131,812648599,9.122399999999999,0.5
40132,40133,812648600,5.7438,15.3
40136,40137,812648603,9.1332,7.0
40138,40139,812713147,37.2366,46227.161440185824
40142,40143,812838382,19.2618,0.0
40144,40145,813022184#0,34.626599999999996,0.0
40146,40147,813022184#1,1.9584000000000001,0.0
40148,40149,813022184#2,0.0648,1.9047619047619049
40150,40151,813022185#0,3.0942000000000003,0.0
40152,40153,813022185#1,3.8429999999999995,0.0
40156,40157,813022187,13.662,0.0
40158,40159,813263431#0,9.3276,0.5666666666666668
40160,40161,813263431#1,8.6076,0.28571428571428575
40162,40163,813396199,6.368399999999999,0.5
40164,40165,813607518,24.3126,0.0
40166,40167,813800286,9.5832,1.0000000000000002
40168,40169,814515313,25.7562,3.476190476190474
40170,40171,814691983#0,11.237400000000001,11229.84752390836
40172,40173,814691983#1,2.0142,960.8962882318228
40174,40175,814691983#2,4.5504,4513.483973354232
40176,40177,814691983#3,10.6974,24795.943057781853
40178,40179,814691983#4,12.1986,33652.2981425435
40180,40181,814691984#1,2.6334000000000004,5304.836283332343
40182,40183,814691988#0,1.8288,2438.9770484677238
40184,40185,814691989#0,0.0432,1656.1669043539341
40186,40187,814691989#1,1.5624,688.5214123917384
40188,40189,814691990,0.7290000000000001,2.8527450702227286
40190,40191,814691990.7,8.5608,1007.7199413808065
40192,40193,814691991,3.168,633.5830197117498
40194,40195,815004589,1.4418000000000002,0.20000000000000004
40196,40197,815226332,16.650000000000002,2.0
40198,40199,815412592#0,13.5054,4.9447322970639
40200,40201,815412597#0,1.0854,1.8838348675897993
40202,40203,815412597#1,3.5136,1.0428422152560088
40204,40205,815412597#2,6.1217999999999995,0.6677529484792061
40206,40207,815412597#3,7.5492,4.242427063935444
40208,40209,815412597#4,16.651799999999998,2.1566379128971174
40210,40211,815412603#0,3.69,2.003964294013917
40212,40213,815412603#1,15.4926,125.7478665952096
40214,40215,815412608,10.5318,9.871038740603954
40216,40217,815412622,8.350200000000001,2.5860012854269874
40218,40219,815413474,15.2352,5.238879385288426
40220,40221,815517012,9.4392,490.45547403503264
40222,40223,815517019,8.5716,3453.414017210654
40224,40225,815822086#3,6.6474,1.8748792270531396
40226,40227,815822086#4,1.7226,0.14347826086956522
40230,40231,816071239,97.6914,0.0
40232,40233,816083237#0,0.0648,0.0
40234,40235,816083237#1,29.412,0.0
40238,40239,816087544,18.502200000000002,3.666666666666668
40240,40241,816087545,10.152,0.0
40280,40281,816120712,13.674600000000002,0.0
40286,40287,816120714#1,12.2508,0.3333333333333335
40294,40295,816120717,4.8654,2.0
40296,40297,816120718#0,0.0648,0.25
40298,40299,816120718#1,0.9882000000000001,1.0
40300,40301,816120718#2,1.512,0.0
40306,40307,816120718#5,8.3322,4.5
40308,40309,816120719,4.0212,4.5
40310,40311,816120720,17.343,0.5
40312,40313,816120721,3.4704,0.5
40314,40315,816120722,10.359,0.0
40316,40317,816126529,4.2696,1.2
40318,40319,816129711,14.0472,1.1
40320,40321,816133972,6.8580000000000005,154.3011151033177
40322,40323,816133986#1,26.5482,4.634017595307916
40326,40327,816162126,21.3048,0.5
40328,40329,816162127,33.2154,4.0
40330,40331,816162128#0,1.6254000000000002,1.263157894736842
40332,40333,816162128#1,19.2078,5.897435897435899
40334,40335,816162128#2,10.792800000000002,4.333333333333334
40336,40337,816162128#3,0.0648,0.0
40338,40339,816162128#4,18.8118,2.0277777777777786
40342,40343,816162129#1,2.1294,1.0
40346,40347,816162131#1,19.036800000000003,0.0
40348,40349,816162131#2,2.4444000000000004,0.0
40350,40351,816162132#0,0.9846000000000001,1.018181818181818
40352,40353,816162132#1,24.4494,6.124999999999999
40354,40355,816162133,32.8536,13.0
40360,40361,816170759,40.374,2.7999999999999994
40362,40363,816170760,54.333,0.0
40364,40365,816174617,16.3224,0.0
40366,40367,816174618#0,1.1358000000000001,983.2
40368,40369,816174618#1,14.603399999999999,0.0
40372,40373,816175256,7.6914,0.5
40374,40375,816175257#0,25.4394,7.583333333333335
40376,40377,816175257#1,8.141399999999999,0.0
40378,40379,816175261,10.346400000000001,0.0
40380,40381,816178097#0,2.7324,1.544334975369458
40382,40383,816178097#1,10.9818,3.4853801169590635
40384,40385,816178099,4.192200000000001,1.804487179487179
40386,40387,816178100,6.7752,1.8285714285714292
40388,40389,816178101,8.9712,1.729166666666667
40390,40391,816178102,1.7442,0.9714285714285715
40392,40393,816195562,38.489399999999996,9.583333333333334
40394,40395,816195563,33.3198,9.0
40396,40397,816195564,24.1776,2.9166666666666656
40398,40399,816195565,19.4274,4.5
40400,40401,816206615#1,15.186599999999999,2.0
40402,40403,816206616,13.2516,1.0
40404,40405,816209587,18.349200000000003,0.5
40406,40407,816209588,3.0618000000000003,0.0
40408,40409,816209589,3.0042,1.5
40412,40413,816209591,2.7288,0.33333333333333326
40414,40415,816209592,160.6752,9.666666666666666
40416,40417,816209593#1,2.736,1.7666666666666664
40418,40419,816209593#2,3.0042,1.2967032967032968
40420,40421,816209593#4,29.822400000000002,18.16666666666666
40422,40423,816209594#0,0.0648,0.38636363636363635
40424,40425,816209594#1,0.9882000000000001,0.6666666666666666
40426,40427,816209594#2,1.5191999999999999,0.0
40434,40435,816287457#0,7.196400000000001,7136.227675451229
40436,40437,816287485,7.497,690.7729184562069
40438,40439,816287490,12.7566,2348.4718270789645
40440,40441,816287496,6.7806,2583.2878490650937
40442,40443,816287498,3.9024000000000005,1.1149806989288542
40444,40445,816287498.31,7.776000000000001,1.0638673145349509
40446,40447,816433141,21.5964,2.0
40448,40449,816433142,5.7222,0.0
40450,40451,816433143,7.2234,1.1999999999999997
40452,40453,816436539#0,9.7452,0.3333333333333333
40454,40455,816438820,25.1658,95176.06553208135
40456,40457,816438821#1,7.918200000000001,5577.014276408353
40458,40459,816461641,21.7386,3.3333333333333326
40460,40461,816461642,6.336,1.218181818181818
40462,40463,816461643,14.824800000000002,1427.2777777777778
40464,40465,816461644#1,27.3078,3.8692810457516336
40466,40467,816461645,4.248,0.24999999999999992
40468,40469,816461646,43.128,8.0
40470,40471,816461647,7.5618,0.5
40472,40473,816461648#1,12.0204,0.0
40474,40475,816461649,9.9846,3.0000000000000004
40476,40477,816461650,14.254199999999999,217.0
40478,40479,816466984#1,21.8034,0.0
40480,40481,816466985,25.0254,9.333333333333334
40482,40483,816466986#1,35.091,13.995833333333337
40484,40485,816466986#2,10.216800000000001,1.0714285714285712
40486,40487,816466986#3,0.2592,0.0
40488,40489,816466987,9.615599999999999,0.0
40490,40491,816466988,12.9402,415.45604395604397
40492,40493,816466989#0,1.0098,17.690476190476193
40494,40495,816466989#1,14.0148,8.225274725274723
40496,40497,816466989#2,19.269000000000002,2.696969696969697
40500,40501,816476703#0,9.847800000000001,2.000000000000001
40502,40503,816476703#1,12.7332,0.5
40504,40505,816476703#2,124.3908,0.0
40508,40509,816476704,11.0592,0.0
40512,40513,816476706#0,16.3332,2.9999999999999996
40514,40515,816476706#1,1.9692000000000003,0.628787878787879
40516,40517,816483538,39.96,6.916666666666665
40518,40519,816483539#1,1.3896000000000002,3.0666666666666673
40520,40521,816483539#2,6.0084,0.6666666666666667
40522,40523,816483539#3,37.719,12.5
40526,40527,816483540#1,35.6058,8.0
40528,40529,816483541,25.750799999999998,1.333333333333334
40530,40531,816483542,4.0572,0.5
40534,40535,816483544,30.884400000000003,0.0
40544,40545,816483548#0,9.619200000000001,0.0
40548,40549,816501621,15.8958,3.13477801268499
40550,40551,816501622#0,38.1942,10.682170542635655
40552,40553,816501622#1,32.841,21.963157894736845
40556,40557,816504079,34.336800000000004,8.0
40560,40561,816504081,31.4064,23.499999999999996
40564,40565,816504083,19.053,0.0
40566,40567,816504084,7.8696,0.19999999999999996
40570,40571,816506792,9.7308,0.5
40572,40573,816506793,11.25,0.0
40574,40575,816506794#0,0.0648,0.4
40576,40577,816506794#1,7.7886,0.0
40578,40579,816506795,13.1112,0.0
40580,40581,816506796#0,1.3014,0.4358974358974359
40582,40583,816506796#1,17.631,2.4107142857142856
40584,40585,816506796#2,0.0648,0.5000000000000001
40586,40587,816506796#3,0.5112,0.33333333333333337
40588,40589,816506796#4,0.40140000000000003,0.0
40590,40591,816506796#5,0.5147999999999999,0.0
40594,40595,816506796#7,0.4248,0.0
40598,40599,816506797,1.8648,0.0
40600,40601,816508405#1,0.2754,229.0
40602,40603,816508406,14.7654,12.5
40604,40605,816511117,11.1528,0.33333333333333304
40606,40607,816511118#0,18.3456,4.333333333333333
40608,40609,816511118#1,0.0648,0.16666666666666669
40610,40611,816511119,3.9492,1.3000000000000003
40616,40617,816511121,12.3408,0.0
40618,40619,816511122#1,12.555,0.0
40622,40623,816511123#2,1.0386,0.2666666666666666
40624,40625,816511123#3,15.003000000000002,0.3333333333333335
40626,40627,816531488,10.3176,1.8611111111111116
40628,40629,816531489,13.2858,0.6944444444444446
40632,40633,816532197,9.4014,3.3
40634,40635,816603268,0.5382,766.9661190602366
40636,40637,816603269#0,0.0648,1.4735493872729954
40638,40639,816603269#1,35.5626,13.0
40640,40641,816603269#2,3.9726,237.263492063492
40644,40645,816603270#1,1.2653999999999999,0.0
40646,40647,816603270#2,0.909,0.33333333333333337
40648,40649,816603270#3,12.576600000000001,4.666666666666666
40650,40651,816603270#4,15.575400000000002,27.51633986928104
40652,40653,816603271,20.143800000000002,8.0
40654,40655,816603272,1.1106,1.3560606060606057
40656,40657,816603273#0,6.3306,0.8342318059299193
40658,40659,816603273#1,2.0484,1.397856112141826
40660,40661,816603274#0,15.5952,1.4626582278481013
40662,40663,816603274#1,1.5372,0.49484536082474234
40664,40665,816603274#2,46.6704,10.562770562770556
40666,40667,816609196,1.1952,0.36363636363636365
40668,40669,816623824,3.3102,992.0611272552262
40670,40671,816623825,4.9806,2888.213186325291
40672,40673,816623827,5.076,8105.369954413596
40674,40675,816623833#1,21.4308,1726.899605912813
40676,40677,816623833#2,3.3624,1053.4777975632883
40678,40679,816623833#4,58.7736,1450.2242486464347
40680,40681,816623837#0,6.4764,37.047722761288014
40682,40683,816623837#1,5.9022,33.129517208676546
40684,40685,816626563,3.3138,933.5191044060335
40686,40687,816734244,27.090000000000003,10.916666666666666
40688,40689,816734245,15.474599999999999,0.0
40690,40691,816734246,30.303,8.0
40692,40693,816734247#0,12.673800000000002,1.3122529644268777
40694,40695,816734247#1,0.0648,0.5999999999999999
40696,40697,816734247#2,28.4148,10660.769230769232
40698,40699,816734247#3,8.5698,20155.92380952381
40700,40701,816734248,11.2752,17.472727272727273
40702,40703,816734249#0,0.0648,525.7836257309941
40704,40705,816734249#1,5.8788,0.6666666666666666
40706,40707,816734249#2,48.2634,8.699999999999998
40708,40709,816734249#3,0.7452,0.0
40712,40713,816734581,47.4372,15.2
40714,40715,816734582,27.7668,19.0
40716,40717,816734583,5.157000000000001,1.3626373626373627
40718,40719,816734584#0,1.1358000000000001,0.3161764705882353
40720,40721,816734584#1,5.623200000000001,0.46153846153846145
40722,40723,816734584#2,6.588,2.3999999999999995
40724,40725,816736906,8.6112,0.8000000000000002
40726,40727,816736907,11.8206,0.0
40728,40729,816736908,17.1648,0.0
40732,40733,816736910,14.432400000000001,0.0
40734,40735,816736911,6.4386,0.0
40736,40737,816736912,6.5808,2.25
40738,40739,816736913,6.6402,1.8333333333333337
40740,40741,816736914#0,10.278,0.5
40742,40743,816736914#1,0.0648,0.0
40744,40745,816736914#2,0.3726,0.8
40746,40747,816736914#3,0.5796,0.24999999999999997
40750,40751,816736914#5,0.0648,0.5
40752,40753,816736914#6,1.3212,0.6190476190476191
40754,40755,816736914#7,9.2178,0.0
40756,40757,816736915,35.928000000000004,0.0
40758,40759,816736916,10.614600000000001,1.8611111111111112
40760,40761,816739558,14.9796,4.700000000000001
40762,40763,816739559#0,15.591600000000001,1.210526315789473
40764,40765,816739559#1,31.9014,73788.23588039869
40766,40767,816739560,15.8508,4.5
40768,40769,816739561,23.824800000000003,32.916666666666664
40770,40771,816740257#1,12.9978,194.2380952380952
40772,40773,816740258,18.9072,1.6111111111111112
40774,40775,816749704,6.4872000000000005,0.0
40778,40779,816749706#2,8.9748,53.91025641025641
40780,40781,816749706#3,0.41040000000000004,0.28571428571428564
40782,40783,816749706#4,2.2428,0.0
40784,40785,816749707,30.114,1.333333333333334
40786,40787,816749708,9.4626,0.3333333333333335
40788,40789,816749709#0,0.2646,18.8
40790,40791,816749709#1,5.8896,0.24999999999999992
40792,40793,816751256#0,2.4408000000000003,623.9440206545323
40794,40795,816751256#1,9.7884,4560.992724577444
40796,40797,816754679,8.1882,13220.987729515517
40798,40799,816754680,8.145000000000001,2591.3732996885738
40800,40801,816754681,11.6676,2584.2756915629307
40802,40803,816754682,11.6874,11023.205586249233
40804,40805,816766055,13.4226,0.0
40806,40807,816766056,8.7732,0.33333333333333326
40808,40809,816766057#0,1.0692,0.25
40810,40811,816766057#1,34.6752,0.0
40812,40813,816766057#2,1.4958,0.9166666666666666
40814,40815,816766058,16.8372,0.0
40818,40819,816766061#0,1.1304,0.0
40820,40821,816766061#1,12.0006,4.5
40822,40823,816766062,26.157600000000002,0.0
40826,40827,816766063#1,57.6972,0.0
40828,40829,816779849,3.1464,194.0
40830,40831,816779850#0,0.1296,0.21428571428571427
40832,40833,816779850#1,6.6293999999999995,4.333333333333334
40834,40835,816779851,68.49,0.0
40836,40837,816779852#0,4.8402,0.5
40838,40839,816779852#1,40.7808,20.333333333333336
40840,40841,816785931#0,2.3706,1133.1637790127493
40842,40843,816785931#3,1.4598000000000002,1047.3527531163122
40844,40845,816785932#0,6.710400000000001,6294.964900284901
40846,40847,816785932#3,2.088,2866.8600982303265
40848,40849,816796147#0,2.5596,641.596259743975
40850,40851,816796147#1,5.8878,1510.0234872191556
40854,40855,816799873,28.378800000000002,0.5
40856,40857,816799874,1.917,4.5
40858,40859,816799875,2.367,2.3333333333333335
40860,40861,816799876#0,1.2006000000000001,0.6666666666666666
40862,40863,816799876#1,1.2438,0.20000000000000004
40864,40865,816799876#2,0.48600000000000004,0.5
40866,40867,816799877,9.120600000000001,1.583333333333333
40868,40869,816799878,29.032200000000003,2.0
40870,40871,816799879,16.2576,0.0
40872,40873,816799880,23.182199999999998,5.439393939393943
40874,40875,816803336,17.0028,0.0
40878,40879,816803337#1,13.908600000000002,0.0
40886,40887,816806959,20.295,0.8095238095238099
40888,40889,816806960,14.733,2.6111111111111103
40890,40891,816806961,33.9156,0.5
40892,40893,816806962,16.5978,3.7
40894,40895,816806963,21.447,2.6999999999999997
40896,40897,816806964,31.2084,0.33333333333333304
40898,40899,816806965,7.0632,0.0
40900,40901,816806966#0,4.005,0.0
40902,40903,816806966#1,21.0762,0.3333333333333335
40904,40905,816806966#2,8.172,5.300000000000001
40906,40907,816806967,22.606199999999998,0.0
40908,40909,816806968#0,6.174,2.0
40910,40911,816806968#1,5.0832,3.0
40912,40913,816806969,12.7908,7.2
40914,40915,816806970,16.2576,1.5
40916,40917,816806971,14.646600000000001,4.8
40918,40919,816813501,20.3058,2.928104575163394
40920,40921,816813502#0,16.0956,27062.201581027664
40922,40923,816813502#1,0.7020000000000001,7948.709999999998
40924,40925,816813503,12.117600000000001,4.01111111111111
40926,40927,816813504,25.2198,2.0526315789473677
40928,40929,816813505,21.3768,0.0
40930,40931,816813506,21.049200000000003,1.333333333333334
40932,40933,816813507,5.0238,3.377777777777778
40934,40935,816813508#0,19.229400000000002,2.9437229437229426
40936,40937,816813508#1,12.1104,7.750000000000002
40938,40939,816816925,19.479599999999998,0.0
40940,40941,816816926,17.2422,114.0
40942,40943,816816927,12.7296,7430.199999999999
40944,40945,816816928,13.6296,10539.904761904761
40946,40947,816816929#0,2.1816,8867.655555555553
40948,40949,816816929#1,1.4436000000000002,2.267857142857143
40950,40951,816816929#2,25.9344,1104.5
40952,40953,816816929#3,0.0648,0.7
40954,40955,816816929#5,1.8881999999999999,8408.654411764706
40956,40957,816816929#6,1.395,22971.066666666666
40958,40959,816816930#0,0.3204,1.4444444444444442
40960,40961,816816930#1,0.1134,0.5
40962,40963,816816931,24.3504,0.0
40964,40965,816818164,8.7894,4.0
40968,40969,816818166,10.512,0.5
40970,40971,816839813#0,4.2786,0.619047619047619
40972,40973,816839813#1,10.269,0.5714285714285712
40974,40975,816839813#2,0.0216,0.19444444444444442
40976,40977,816839813#3,6.2856000000000005,0.7500000000000001
40978,40979,816841507,17.6598,473.1111111111111
40982,40983,816855270#0,9.009,2.0
40984,40985,816855270#1,1.4076000000000002,1.3444444444444446
40986,40987,816855271#0,3.7422000000000004,0.5
40988,40989,816855271#1,7.8408,4.7
40990,40991,816855272#0,1.3752,5.69090909090909
40992,40993,816855272#1,9.6444,2.25
40994,40995,816855274#0,5.9886,0.17777777777777792
40996,40997,816855274#1,13.059,2.4761904761904767
40998,40999,816855275#0,0.2682,0.5359477124183006
41000,41001,816855275#1,12.6486,0.3333333333333335
41002,41003,816858722,10.764000000000001,0.9523809523809527
41004,41005,816858723,10.8612,0.6
41006,41007,816858724#0,5.9922,0.28571428571428553
41008,41009,816858724#1,0.0684,0.4181818181818181
41010,41011,816858724#2,5.8788,0.25000000000000006
41012,41013,816858725,19.5984,0.0
41014,41015,816858726,18.3114,1.1428571428571426
41016,41017,816858727#0,0.0648,0.3
41018,41019,816858727#1,0.0648,0.25
41020,41021,816858727#2,0.0648,0.5277777777777778
41022,41023,816858727#3,20.680200000000003,2.0
41024,41025,816858728#0,0.08460000000000001,2.0322580645161286
41026,41027,816858728#1,0.0648,0.40211640211640215
41028,41029,816858728#2,0.1656,0.38596491228070184
41030,41031,816858728#3,10.422,0.9523809523809524
41032,41033,816858728#4,20.356199999999998,0.5
41034,41035,816858729,4.617,8.124999999999998
41036,41037,816858730,21.1464,0.0
41038,41039,816858731,6.2964,3.1428571428571432
41040,41041,816858732,8.3016,0.0
41048,41049,816868354#0,13.9266,16.33333333333333
41050,41051,816872143#0,12.6288,1.5535714285714295
41052,41053,816872144#0,5.6106,1.0000000000000002
41054,41055,816872144#1,11.3058,3.6
41056,41057,816872145#1,14.853600000000002,0.0
41058,41059,817081320,4.5036,2.444444444444445
41060,41061,817081321,8.748000000000001,3.904761904761905
41062,41063,817081322#1,5.859,0.9666666666666665
41064,41065,817081322#2,13.6368,2.0
41066,41067,817081323#0,11.3508,7.268774703557313
41068,41069,817081323#1,29.5614,18.3
41070,41071,817081323#2,37.4076,24.410714285714285
41072,41073,817081324#0,12.978,33862.08737504629
41074,41075,817081324#1,0.0648,1705.2000000000005
41076,41077,817081325,40.026599999999995,12.694444444444443
41078,41079,817081326,7.853400000000001,2.5666666666666664
41080,41081,817081328,18.117,0.0
41082,41083,817081329,8.2944,0.9047619047619052
41084,41085,817086040,13.014000000000001,5.366666666666665
41086,41087,817086041,15.737400000000001,0.0
41088,41089,817086042,22.166999999999998,2.0
41090,41091,817086043,14.076,1.9523809523809506
41092,41093,817095973,4.2354,1.1222222222222225
41094,41095,817095974,2.052,0.0
41096,41097,817095975,5.1768,8.333333333333334
41098,41099,817095976,6.9156,3.6190476190476186
41100,41101,817095977#0,3.4415999999999998,0.6190476190476191
41102,41103,817095977#1,1.4076000000000002,0.9904761904761905
41104,41105,817095977#2,0.8838,0.8505291005291008
41106,41107,817095977#3,11.4768,14537.828571428568
41108,41109,817095977#4,9.828,1.5000000000000002
41110,41111,817095978,48.864599999999996,2.0
41112,41113,817095979,12.486600000000001,2.0
41116,41117,817095981,12.013200000000001,1.333333333333333
41118,41119,817095982,21.5964,4.0
41120,41121,817095983,7.4106000000000005,0.5
41126,41127,817101510#0,32.031000000000006,0.0
41134,41135,817101513,4.41,0.0
41138,41139,817101515#0,7.808400000000001,1.2
41140,41141,817101515#1,6.0984,2.0
41146,41147,817105858#0,10.44,0.9166666666666666
41148,41149,817105858#1,5.2938,2.25
41154,41155,817107237,16.0938,1.333333333333334
41156,41157,817107238,10.359,0.0
41158,41159,817107239,0.7308000000000001,21.194444444444443
41160,41161,817107240#0,0.7092,1.333333333333333
41162,41163,817107240#1,22.7556,0.0
41166,41167,817107240#3,5.0184,0.0
41168,41169,817107240#4,9.819,0.4545454545454556
41170,41171,817107241,5.5368,0.0
41174,41175,817110754,8.4366,0.0
41176,41177,817110755,8.141399999999999,3.4285714285714293
41178,41179,817118469,7.9938,4.618181818181818
41180,41181,817118471,9.8352,4.5
41182,41183,817127200,8.955,2.3333333333333326
41184,41185,817127201#0,3.2076000000000002,0.0
41186,41187,817127201#1,2.1852,5.2
41192,41193,817127203#0,17.623800000000003,0.0
41194,41195,817127203#1,0.0648,1.3333333333333335
41196,41197,817127204,8.071200000000001,0.0
41198,41199,817127205,4.7664,0.33333333333333337
41200,41201,817127206,5.6592,0.0
41202,41203,817127207,4.8096000000000005,0.0
41204,41205,817128871,2.943,0.6666666666666667
41206,41207,817128872#0,13.2696,189.0952380952381
41208,41209,817128872#1,4.6259999999999994,3.0
41210,41211,817134037,4.3848,2.25
41212,41213,817134038,16.2234,1.1944444444444446
41214,41215,817134039,5.4108,0.916666666666667
41216,41217,817134040,8.991,0.9358974358974361
41218,41219,817206446#1,3.1248,2.254385964912281
41220,41221,817426971#0,1.278,0.0
41222,41223,817426971#1,6.9966,0.0
41224,41225,817426972,5.0886000000000005,0.0
41226,41227,817666077,8.2422,0.4743589743589744
41228,41229,817666078#1,10.0656,3.929630489157063
41230,41231,817666078#2,12.0492,6.16765918460834
41232,41233,817666078#3,28.4238,5.298084451171783
41234,41235,817666078#4,30.5568,7872.496732837057
41236,41237,817666078#5,11.251800000000001,19700.80250559283
41238,41239,817666078#6,16.209000000000003,53566.04026845635
41240,41241,817666078#7,15.831,45849.918841721665
41242,41243,818627482,42.7374,2.25
41244,41245,818707465,0.8190000000000001,0.4056261343012707
41246,41247,819168463,5.7888,18557.94038122864
41248,41249,819333663,9.045000000000002,0.0
41250,41251,819521343#0,38.0286,9.647917392819798
41252,41253,819521343#1,30.608999999999998,4.8351648351648375
41254,41255,819521343#2,1.818,0.47058823529411764
41256,41257,819521343#3,1.3032,0.22058823529411759
41258,41259,819521344#0,71.991,27.444444444444446
41260,41261,819521344#1,0.6102000000000001,0.30000000000000004
41262,41263,819521345,0.0432,0.05255255255255257
41264,41265,819521346,0.0432,0.14486803519061597
41266,41267,819521347,0.657,0.2548806941431673
41268,41269,819521348,0.369,0.25688610699317316
41270,41271,819521349,0.8334,0.26145050943219383
41272,41273,819943655,6.9624,0.6468108189395895
41274,41275,819943656#0,5.7384,0.0
41276,41277,819943656#1,12.9222,0.0
41278,41279,819943656#2,63.133199999999995,44.33333333333332
41280,41281,819943656#3,0.2142,0.33333333333333326
41282,41283,819943656#4,0.0432,0.33333333333333337
41284,41285,819943656#5,0.0432,0.0
41286,41287,819943656#6,0.0432,0.0
41288,41289,819943656#7,18.8388,0.0
41290,41291,819943657,93.25619999999999,0.0
41292,41293,821484658,2.547,0.47619047619047605
41296,41297,823650752,99.8514,2.3333333333333304
41298,41299,823650753#0,0.8154,0.20000000000000004
41300,41301,823880344#0,3.5442,0.7636363636363638
41302,41303,823880344#1,0.0648,0.75
41304,41305,823880344#2,0.0648,4.065359477124183
41306,41307,823880345,0.0648,0.26666666666666666
41308,41309,823880349#0,16.4664,0.8626373626373626
41310,41311,823880349#1,3.51,0.25
41312,41313,823880355#0,0.0648,2.6802782819116757
41314,41315,823880355#1,2.5902000000000003,2.1052631578947367
41316,41317,823880355#2,1.9044,0.2777777777777778
41318,41319,823880355#3,8.5014,1.6666666666666667
41320,41321,823880356#0,0.1098,0.6666666666666666
41322,41323,823880356#1,12.4902,3.1428571428571437
41324,41325,823880356#2,14.005799999999999,0.0
41326,41327,823880357#0,10.495800000000001,1.583333333333334
41328,41329,823880357#1,0.0648,0.4107142857142857
41330,41331,823880358,16.5888,0.9166666666666662
41332,41333,823880359#0,1.6056000000000001,1.5897435897435896
41334,41335,823880359#1,0.1386,0.6380952380952382
41336,41337,823880360,6.827400000000001,3.904761904761905
41338,41339,824136617#1,21.8844,2.0000000000000004
41340,41341,824791780#0,1.3986,0.19999999999999998
41342,41343,824791780#1,0.936,0.33333333333333337
41344,41345,824791780#2,23.8302,0.0
41346,41347,824791781,17.375400000000003,0.0
41350,41351,825260741,8.109,3.6111111111111107
41358,41359,825402588#0,1.7388,2.086674132138858
41360,41361,825402588#0.12,15.921000000000001,1.3358302122347065
41362,41363,825402588#1,7.288200000000001,0.5145658263305322
41364,41365,825402588#2,22.7574,5.437345679012344
41366,41367,825445496#0,6.399,1822.8110249637898
41368,41369,825445496#1,0.8064,673.3584188660802
41370,41371,825445496#1.47,1.3302,1015.6707681655262
41372,41373,825933196,5.2956,12.5
41374,41375,82626964#0,44.433,25.46666666666667
41376,41377,82626964#1,40.329,18.571428571428577
41380,41381,82627284#1,21.6234,1.6666666666666667
41382,41383,82627284#2,18.9252,16.99629972247919
41384,41385,82627286#0,0.36000000000000004,14.219484882418824
41388,41389,82628434,11.3166,0.0
41390,41391,82628436#0,6.7536,0.0
41392,41393,82628436#1,60.190200000000004,0.0
41394,41395,82628963#0,3.5730000000000004,0.2634865798564973
41396,41397,82628963#1,7.8588,0.580412232853438
41398,41399,82628963#2,3.6342000000000003,0.24275686309577033
41400,41401,82628963#3,26.9568,3.4914602521684697
41402,41403,82628963#4,1.5714000000000001,0.18340862786783596
41404,41405,82628965,2.9808,0.0
41406,41407,82628966,3.3786,0.16250000000000006
41408,41409,826551069#0,4.9824,147.32897416672833
41410,41411,826551069#1,3.2076000000000002,98.99976417098664
41412,41413,826578283,0.2592,15368.432900432901
41414,41415,826578284#1,24.6564,683.2499999999999
41416,41417,826578284#2,38.979000000000006,0.0
41418,41419,826594746#0,1.9746,3.2
41420,41421,826596269,28.4238,710.1515151515152
41422,41423,826596271,0.459,10232.833333333332
41426,41427,831295614,6.3738,0.6641998149861239
41430,41431,831295616,16.253999999999998,2.735294117647059
41432,41433,831295617,5.9598,0.0
41434,41435,832481042#0,4.8402,0.2857142857142857
41436,41437,832481042#1,12.466800000000001,0.5
41438,41439,832481043,2.3562,0.0
41440,41441,832481045#0,4.4118,0.3333333333333335
41442,41443,832481045#1,6.4044,1.1
41444,41445,832481048,27.4086,5.4984732255902165
41446,41447,832481049,22.212,2.2261904761904767
41448,41449,832481050,4.9266000000000005,0.4763296317942724
41450,41451,832481051,5.0994,0.3846153846153847
41452,41453,832481052,1.143,0.25402298850574706
41454,41455,832481053,4.8402,0.8621848739495803
41456,41457,832481056,39.6162,10.617724867724867
41458,41459,832481057,3.0042,0.19999999999999996
41460,41461,83299769#0,6.9048,0.0
41462,41463,83299769#1,25.999200000000002,12.499999999999998
41464,41465,83299775#0,6.9156,0.6397058823529413
41466,41467,83299775#1,26.058600000000002,12.916666666666666
41468,41469,83299777,12.105,1.666666666666667
41470,41471,83299779#0,2.0142,0.3219241443108234
41472,41473,83299779#1,11.052,1.8823529411764701
41474,41475,83299780#0,8.7048,8.0
41476,41477,83299780#1,1.4724,0.3523809523809523
41478,41479,83299780#2,15.7464,1.8000000000000007
41480,41481,83299783#0,6.8886,0.33333333333333326
41482,41483,83299783#1,26.019000000000002,0.9166666666666666
41484,41485,83299784,8.7048,2.3
41488,41489,83299788#1,0.12600000000000003,0.0
41490,41491,83299788#2,16.3296,5.333333333333334
41492,41493,83299788#3,0.0648,0.3
41494,41495,83299790#0,6.9084,4.5
41496,41497,83299790#1,25.9704,6.266666666666668
41498,41499,83304164,14.2146,2.3333333333333335
41500,41501,83304166#0,0.5147999999999999,0.2777777777777778
41502,41503,83304166#1,1.9332000000000003,0.14285714285714293
41504,41505,83304167,3.6882,2.6190476190476195
41506,41507,83304175#1,7.9758000000000004,0.7124308031185695
41508,41509,83304175#2,14.4774,99.46575558945187
41510,41511,83304179,16.6986,4.25
41512,41513,83304180#1,0.0648,0.20000000000000007
41514,41515,83304180#2,21.9132,17.866666666666667
41516,41517,83304180#3,2.0591999999999997,0.9696969696969696
41522,41523,834006805#0,4.7052,1.558545172647694
41524,41525,834006805#0.47,3.6846000000000005,0.5049648420115708
41526,41527,83808285#1,4.8402,0.4909090909090909
41528,41529,83808285#2,39.1752,2.25
41530,41531,83808288,5.7006,1.0
41532,41533,83808292#0,0.0648,0.446969696969697
41534,41535,83808292#1,9.3204,0.2666666666666668
41536,41537,85404276,2.8656,0.8
41538,41539,87288526#0,21.628800000000002,2.3611111111111116
41540,41541,87288526#1,9.6516,1.6666666666666667
41542,41543,87288529,52.272,31.000000000000004
41544,41545,885197072,13.2102,0.7214443895386089
41546,41547,88888406,0.8964,0.5
41548,41549,88888427,10.3428,0.9166666666666664
41550,41551,88888475,8.9388,0.33333333333333326
41552,41553,88903261,8.5302,0.33333333333333326
41554,41555,88903294#1,2.0646,100.78520625889045
41556,41557,88903294#2,0.9252,0.2532467532467533
41558,41559,88903294#3,17.886599999999998,0.9047619047619048
41560,41561,88903294#4,1.2618,0.23809523809523805
41562,41563,88903294#5,0.3456,0.0
41564,41565,88903294#6,0.6966,0.3333333333333334
41566,41567,88903294#7,0.0648,0.0
41568,41569,88903294#8,3.0816,0.6666666666666666
41572,41573,88903308#1,1.8576000000000001,41.30528846153849
41574,41575,88903325,6.381,97.33333333333334
41576,41577,88903339#0,2.3112,0.4277777777777777
41578,41579,88903339#1,0.9288000000000001,1.3619047619047617
41580,41581,88903339#2,1.3824,0.41071428571428564
41582,41583,88903339#3,1.1808,1.3333333333333333
41584,41585,88903339#4,1.9332000000000003,0.0
41586,41587,90587321#0,0.9522,36045.251222921026
41588,41589,90587322#1,2.2698,1021.4810322580645
41590,41591,91806117,50.144400000000005,50.0
41592,41593,91854588,15.1254,4.333333333333333
41594,41595,91854591,0.8028000000000001,0.23188405797101447
41600,41601,91854601#0,45.1422,0.5
41602,41603,91854601#2,0.5670000000000001,2.025641025641026
41604,41605,91854601#3,0.2466,1.3594771241830066
41606,41607,91854602,14.383799999999999,3.0
41608,41609,91854606,15.8832,8.5
41610,41611,91854607,5.2704,4.054545454545455
41612,41613,91854611#1,39.1338,32.0
41618,41619,92026755#2,5.9346000000000005,0.0
41630,41631,92026758#0,4.7934,0.0
41646,41647,92026768#1,48.790800000000004,16.300000000000004
41654,41655,92026769#0,17.074800000000003,3.1838235294117645
41656,41657,92026769#1,16.9506,4.810457516339869
41658,41659,92026769#11,5.3478,0.5554968287526425
41660,41661,92026769#12,19.6812,2.4078014184397145
41662,41663,92026769#2,9.3204,0.6428571428571429
41664,41665,92026769#3,27.9828,2.360294117647058
41666,41667,92026769#4,2.7125999999999997,0.3447368421052632
41668,41669,92026769#5,2.241,0.5763157894736841
41670,41671,92026769#6,5.562,0.7103424178895875
41672,41673,92026769#7,5.2452000000000005,0.42424242424242414
41674,41675,92026769#8,5.1696,0.5971348707197764
41676,41677,92026769#9,5.2686,0.7513297872340428
41678,41679,93112169#0,4.8726,0.0
41680,41681,93112169#1,2.6352,5.333333333333333
41682,41683,93112169#2,2.7936,0.0
41684,41685,93112169#3,30.121200000000005,4.666666666666666
41686,41687,93128019#1,6.2154,3.315789473684211
41688,41689,93128040#0,6.2964,0.7286821705426361
41690,41691,93386922,12.8016,0.33333333333333304
41692,41693,94085089,94.99140000000001,0.0
41694,41695,97304242#1,2.7468,29.628431415191457
41696,41697,97304242#10,1.1916,0.6111174017000393
41698,41699,97304242#11,1.6254000000000002,0.11093438945006796
41700,41701,97304242#12,0.4284,0.24892765455328247
41702,41703,97304242#13,10.992600000000001,1.3259892279301306
41704,41705,97304242#2,9.7794,252.2002294792586
41706,41707,97304242#3,5.5043999999999995,381.9133881489696
41708,41709,97304242#4,8.676,17.034922034887874
41710,41711,97304242#6,19.654200000000003,32.87230338032956
41712,41713,97304242#8,7.0128,4.554204660587639
41714,41715,97304242#9,8.2098,7.6071362284102255
41716,41717,978455265,5.578200000000001,0.3143700666095247
41718,41719,978455265.52,7.6554,0.5580985030792681
41720,41721,978455266#1,4.8582,1.4045732015783636
41722,41723,98323000#0,0.0324,0.1666666666666667
41724,41725,98323000#1,60.775200000000005,42.566666666666684
41726,41727,98323000#2,62.6346,0.0
41728,41729,98323002#0,0.0648,0.3695652173913043
41730,41731,98323002#1,0.0648,0.26000000000000006
41732,41733,98323002#2,2.3436000000000003,1.064102564102564
41734,41735,98323002#3,34.0506,12.333333333333336
41736,41737,98323012#0,0.0648,0.6190476190476191
41740,41741,98323012#3,57.6972,45.02564102564103
41742,41743,98323012#4,36.4428,28.25
41744,41745,98323012#5,5.9436,1.75
41746,41747,98323012#6,0.0648,1.0
41748,41749,98323022,72.6894,56.65608465608465
41750,41751,98323024#0,6.0767999999999995,3.966656131479141
41752,41753,98323024#1,0.9072,0.4633998790078645
41754,41755,98323025#0,31.752000000000002,7.159817351598174
41756,41757,98323025#1,3.24,0.726424050632911
41758,41759,98323025#2,1.836,4.8
41760,41761,98323025#3,15.8508,5.574736842105263
41762,41763,98323027#0,0.0252,0.21919191919191913
41764,41765,98323027#1,35.703,238.2707070707071
41768,41769,98901074#0,0.8586,0.0
41770,41771,98901074#1,8.2818,0.0
41778,41779,98901079#0,25.689600000000002,2.8095238095238106
41780,41781,98901087#0,12.1752,1.0
41782,41783,98901087#1,4.8492,0.6666666666666665
41784,41785,98901087#3,6.7734,1.7600000000000007
41786,41787,98901091,2.7558,1.583333333333333
41796,41797,98901092#4,9.3006,0.0
41798,41799,E0,5.4522,0.966777408637874
41800,41801,E1,13.4298,0.7803030303030307
41802,41803,E10,1.566,0.4
41804,41805,E12,0.0252,0.18371212121212116
41806,41807,E13,2.5002,0.43114543114543114
41808,41809,E14,11.5326,1.1614654002713705
41810,41811,E15,4.9086,0.3787375415282392
41812,41813,E16,3.6306,0.9999999999999996
41814,41815,E17,2.6406,0.4154634373544482
41816,41817,E2,2.6136,0.3433333333333333
41818,41819,E3,15.0138,1.2103174603174596
41820,41821,E4,1.2564,0.12500000000000006
41824,41825,E7,4.4748,1.0035341055792124
41826,41827,E8,2.9034,835.7061687586561
41828,41829,E9,6.4872000000000005,3.3291666666666666
41830,41831,gneE101,3.7224000000000004,2518.453886427711
41832,41833,gneE102,2.4282,40511.1972540046
41834,41835,gneE103,0.0252,1048.4271872509962
41836,41837,gneE104,0.8532,4850.688897330146
41838,41839,gneE11,1.8234,620.0072776280325
41840,41841,gneE112,20.547,14129.412320239237
41842,41843,gneE113,3.0798,1804.1960384331117
41844,41845,gneE114,3.3228000000000004,6146.0515198556395
41846,41847,gneE114.33,1.7784,2421.395073175135
41848,41849,gneE118,0.9630000000000001,264.55848546852343
41850,41851,gneE119,1.0638,532.4615773508596
41852,41853,gneE12,0.6335999999999999,271.0490500807595
41854,41855,gneE131,0.47880000000000006,1.3333333333333333
41856,41857,gneE132,0.8388000000000001,256.7175233721973
41858,41859,gneE134,4.7484,4804.24682395644
41860,41861,gneE136,22.0284,0.5
41862,41863,gneE137,3.1914,391.42589294310216
41864,41865,gneE138,33.4656,2976.3255175059176
41866,41867,gneE14,2.5758,145.85961038961037
41868,41869,gneE14.25,1.2222000000000002,23.164155486756094
41870,41871,gneE141,5.6376,324.56163265306117
41872,41873,gneE142,5.6322,34.84731182795699
41874,41875,gneE143,3.0042,4.783705995357677
41876,41877,gneE144,33.4566,5.653297875833091
41878,41879,gneE146,9.4338,12325.377777777776
41880,41881,gneE147,9.4338,248.66625438054007
41882,41883,gneE150,3.0366,0.4545454545454545
41884,41885,gneE151,3.0366,0.24745762711864402
41886,41887,gneE153,5.607,0.48421052631578965
41888,41889,gneE154,5.607,0.29999999999999993
41890,41891,gneE18,4.824000000000001,3955.2421097665347
41892,41893,gneE21,10.53,1488.8270158813723
41894,41895,gneE22,5.5691999999999995,1307.4647570253067
41896,41897,gneE23,0.6174000000000001,4253.9453551912575
41898,41899,gneE24,0.8603999999999999,5222.135384615383
41900,41901,gneE25,1.1322,6392.647366778626
41902,41903,gneE26,0.9324,7.012643678160919
41904,41905,gneE260,8.7012,2.164715719063545
41906,41907,gneE27,9.1368,465.6075949367088
41908,41909,gneE28,4.6962,0.3236342248576627
41910,41911,gneE289,1.2942,0.5492021276595744
41912,41913,gneE290,1.3014,0.4074074074074074
41914,41915,gneE291,1.2096,0.36036036036036034
41916,41917,gneE293,1.1394,0.3578947368421053
41918,41919,gneE30,1.9818,117.83928571428571
41920,41921,gneE34,2.9916,3.7803030303030303
41922,41923,gneE34.31,1.7064,0.5643939393939394
41924,41925,gneE38,0.6264,2428.4062078272605
41926,41927,gneE39,0.49500000000000005,310.1627906976744
41928,41929,gneE4,12.762,27724.350833215634
41930,41931,gneE58,2.9862,2.726153846153847
41932,41933,gneE63,5.1714,1.4954407294832812
41934,41935,gneE64,1.0908,14.387358326068007
41936,41937,gneE65,1.6254000000000002,0.7525770623924128
41938,41939,gneE66,0.792,0.14577475892589836
41940,41941,gneE67,3.3534,11866.673597811214
41942,41943,gneE7,1.5948,53158.42988855118
41944,41945,gneE84,1.6308,0.3333333333333333
41946,41947,gneE86,1.6578000000000002,0.25
41948,41949,gneE9,1.2762,353.3593363551497
