from_node,to_node,edge_id,edge_tt,edge_var
0,1,-1006817039#1,7.647150000000001,1.3594771241830068
2,3,-1006817039#4,15.083250000000001,3.947712418300653
4,5,-1007105130,12.039299999999999,3.8333333333333335
6,7,-1007696318#2,24.339000000000002,9.58333333333333
12,13,-1011550312#2,0.777,1.66890179720089
14,15,-1011550313#3,9.243150000000002,1.3313666595151266
18,19,-1018200867,19.603500000000004,0.9444444444444446
20,21,-1018511006,3.7117500000000003,1.4465306122448982
22,23,-1018511009#0,3.3558000000000003,1.4371929824561407
24,25,-1018511009#10,7.203,0.8426229508196722
26,27,-1018511010#10,2.0916,0.2741258741258741
28,29,-1018511010#3,6.8649000000000004,1.1172494172494176
30,31,-1018511010#8,3.78945,0.5475409836065577
34,35,-1020927804#2,3.2592000000000003,0.8444444444444446
36,37,-1022656065,4.92135,1.5380116959064325
38,39,-1023577198#3,29.61525,16.785714285714285
40,41,-1025916124#2,5.1408000000000005,0.0
42,43,-1026477620#2,67.8909,22.700000000000003
44,45,-1026481746,9.3618,1.1773109243697473
46,47,-1026482587#1,5.38755,1.7690291074985536
48,49,-1027093575,1.4070000000000003,0.39999999999999986
50,51,-1031379293#3,8.716050000000001,0.2222222222222222
52,53,-1031379294#1,3.6477000000000004,0.40339446589446565
54,55,-103335175,13.7172,4.425688073394498
56,57,-1037102222#1,2.4591000000000003,0.35943892460549387
60,61,-104178895#10,13.49145,3.0969128768258547
62,63,-104178895#3,10.88325,36.067263311944174
64,65,-104178895#6,7.420350000000001,1.1373631840796026
66,67,-1042975685#1,12.8289,3.133333333333333
68,69,-1042975685#4,6.2832,1.3666666666666667
70,71,-104405209#1,4.1538,0.516706762897621
72,73,-104405210#1,7.6566,0.981818181818181
74,75,-1044541592,5.1177,157.77204374572793
76,77,-1044541593,7.8046500000000005,43.53520589730556
82,83,-1050809452#1,2.96415,0.17777777777777776
84,85,-1052726233,19.18875,3.1999999999999993
88,89,-1053387542#1,6.4785,0.8974358974358972
90,91,-1054840087#1,3.7275,0.6380952380952382
92,93,-1056364553#2,38.2515,6.711111111111113
96,97,-1056364673#3,1.2285,0.2619047619047619
98,99,-1056366243#1,2.3037,0.6464646464646463
100,101,-1056366248#1,6.5992500000000005,1.179296066252588
102,103,-1059952450#1,1.0122,0.1778656126482213
104,105,-1059952451,7.49385,0.9705882352941174
108,109,-1060016495#1,5.3802,1.1709956709956708
110,111,-1060458931#1,6.020700000000001,2.1829760969588157
112,113,-1060490109#1,3.44295,0.4235294117647059
114,115,-1061155061,7.0916999999999994,0.8392857142857147
116,117,-1061840671,6.7095,0.7894736842105265
118,119,-10630916#1,24.871350000000003,14.360929110929108
120,121,-106412904#2,1.5372000000000001,0.1818822203437589
122,123,-1064424518,22.0101,7.499999999999999
124,125,-1066019131#0,3.3852,0.8285714285714282
126,127,-1066019132,2.0769,0.2619274304453613
128,129,-1073367264,12.55065,27.232026143790854
130,131,-1073733970#3,20.207250000000002,6.425882352941175
132,133,-1073791856#3,4.473,0.6557109557109557
134,135,-1073791857#2,2.3583000000000003,0.23333333333333328
136,137,-107440946#0,3.3390000000000004,0.30000000000000004
138,139,-107440946#3,8.888250000000001,1.8380952380952384
140,141,-107440946#4,10.895850000000001,1.8095238095238089
142,143,-1074505532#5,13.065150000000001,2.6982800982800983
144,145,-1075515371,5.74455,1.0672268907563025
146,147,-1075817469#2,2.12625,0.23333333333333328
150,151,-1075827538,8.96595,2.862745098039216
152,153,-1075829175,5.01585,59.669739923579435
154,155,-1075829183#2,2.44965,1.1325362910324746
158,159,-1076894533,4.7418000000000005,0.9110663983903421
160,161,-1077048394#1,13.720350000000002,1.0285714285714287
162,163,-1077048396#1,13.73295,1.8222222222222224
164,165,-1078576469,7.197750000000001,0.20000000000000007
166,167,-1078663441,9.12135,0.9238095238095244
168,169,-1078663652,28.997850000000003,11.118736383442268
170,171,-1078663668,0.65415,0.07702156997931646
172,173,-107990164,4.1349,0.64
174,175,-1079997538#2,13.1586,2.1035996488147495
176,177,-1082387578#12,19.64445,5.199999999999998
178,179,-1082387578#21,36.411899999999996,18.209523809523816
180,181,-1082387578#4,8.03355,1.4289795918367343
182,183,-1082387578#5,3.7590000000000003,0.5244360902255638
184,185,-1082387578#6,8.537550000000001,0.45714285714285735
186,187,-1082387601#0,28.9107,13.042105263157893
188,189,-1082389421,2.9819999999999998,0.0
190,191,-1082389492,6.2097,0.30000000000000004
192,193,-1082683182#0,19.02075,16.06436781609195
194,195,-1082683182#1,0.0756,0.0
198,199,-1082683187#1,13.587,3.1678160919540224
200,201,-108481093#12,19.91535,21.324306509200763
204,205,-1086509243#0,20.15265,3.6492450638792095
206,207,-1086509243#3,2.2008,0.46515679442508717
208,209,-108918727#1,18.8454,4.676870748299321
210,211,-1089917568,0.63,0.29999999999999993
212,213,-1089917569#1,50.2047,19.0
214,215,-1091914555#1,9.391200000000001,1.2999999999999998
216,217,-1091914557#1,10.5483,2.0444444444444443
224,225,-1091960707#7,18.75615,3.452525252525255
226,227,-1091960708#5,8.43885,1.2972972972972974
228,229,-1091961841#1,2.41395,0.43178212585933384
230,231,-1093316379#1,34.0347,19.500000000000004
232,233,-1093620238,40.447050000000004,30.488888888888894
234,235,-1093620277,5.11245,0.30000000000000004
236,237,-1093795367#2,5.836950000000001,0.2666666666666667
238,239,-109860640#1,28.2114,11.74033354348935
240,241,-109860646,4.96965,12.2549049364015
242,243,-1098613985#1,2.4832500000000004,0.3455149501661129
244,245,-1098614014#3,6.3629999999999995,40.91655553979287
246,247,-1098926674#2,31.6176,9.699999999999998
248,249,-1099418498#1,31.941000000000003,6.455555555555558
250,251,-1099418562,60.68475,106.7
252,253,-1101621068,2.6858999999999997,0.23333333333333345
254,255,-1101800565,17.958150000000003,6.044444444444448
256,257,-1101800583#0,8.4441,1.3202614379084976
258,259,-1101800620,8.49555,1.124183006535948
260,261,-1101800625,4.0593,0.5261437908496727
262,263,-1101800627,10.795050000000002,1.0999999999999999
266,267,-1103306569#0,0.0252,0.2
270,271,-1103306570#1,3.1647,0.6777777777777777
272,273,-1103375976#0,4.94655,1.6353276353276363
274,275,-1103375976#2,10.9578,7.963636363636364
276,277,-1103375976#3,6.96885,2.595833333333333
278,279,-1103375976#5,8.47035,6.1777777777777745
280,281,-1103644159#2,2.4339,0.6421052631578947
282,283,-1103644287,2.99775,0.5570854847963279
286,287,-1103644649#1,5.661600000000001,10.277777777777779
288,289,-1103644654,4.8909,1.6000000000000005
290,291,-1105486997,1.36605,0.3252361673414304
292,293,-1107297578,0.2184,0.27272727272727276
294,295,-1107420806#2,19.60875,5.850930996714129
296,297,-1110497124#2,3.591,47.32540201005027
300,301,-1112105427#0,15.49065,2.6777777777777794
302,303,-1112105427#1,8.2152,1.6666666666666667
304,305,-111628106#2,3.29595,0.3047375160051219
306,307,-111636189#16,48.790350000000004,31.629747170210486
308,309,-111636206#5,13.5429,1.6857142857142864
310,311,-1116756785,50.5071,0.0
312,313,-1116758652#0,0.4011,0.24242424242424246
314,315,-1116981912#2,5.8464,0.5999999999999995
316,317,-1116981912#3,12.753300000000001,2.4729064039408866
318,319,-1116981963#3,8.08395,2.766666666666667
320,321,-1116982074#3,13.737150000000002,3.344444444444441
322,323,-1116982084#10,7.95375,0.7000000000000002
326,327,-1116982084#9,8.815800000000001,0.9333333333333338
328,329,-1118986376#1,9.87735,4.102298850574713
330,331,-1119854904#2,11.12475,3.3757620918574682
332,333,-1119854960,4.8531,0.6723484848484848
334,335,-112297307#1,14.72625,2.691176470588236
336,337,-112297307#4,7.6587,0.47619047619047655
338,339,-112297307#5,7.57575,0.5
340,341,-112297307#6,18.90735,3.619047619047617
342,343,-112297309#12,14.009100000000002,1.6291666666666662
344,345,-112297309#16,8.5134,1.132352941176471
346,347,-112297309#17,3.84615,0.2222222222222222
348,349,-112297309#3,9.447899999999999,1.2155797101449282
350,351,-112297309#6,8.73075,1.2222222222222223
352,353,-112602870#1,80.0646,383.7
356,357,-112602876#1,16.996350000000003,15.333333333333334
360,361,-113054552#6,11.594100000000001,3.0016528925619843
362,363,-113078530#3,11.6361,2.532769556025369
364,365,-113078530#8,9.88995,1.3832425892317004
366,367,-113078532#1,3.3411,0.4888888888888888
368,369,-1131704044#10,27.235950000000003,14.455555555555557
370,371,-1132693873,18.2133,4.239473684210525
374,375,-1133070114#1,9.7944,1.1666666666666667
376,377,-1133377391,7.621950000000001,0.7352941176470594
378,379,-113470996#1,4.1370000000000005,0.9019819819819822
380,381,-113470997,1.89315,0.2
382,383,-1136828359#3,15.0402,2.5258799171842643
384,385,-1141500748#0,16.529100000000003,13.102564102564108
388,389,-1143691192#0,3.76845,0.6952380952380954
390,391,-1143691192#1,3.2823,0.4061538461538464
392,393,-1143691192#2,3.4713000000000003,0.5538461538461538
394,395,-1143691192#3,3.9732,0.6285714285714288
396,397,-1143691196#0,8.3118,1.171428571428571
398,399,-1143691585,19.18455,5.455197132616488
400,401,-1143691615#1,4.43415,0.8444444444444446
402,403,-1143691639#0,7.312200000000001,1.0126436781609194
408,409,-1144624279,16.7979,5.305747126436784
414,415,-1146783332#1,7.376250000000001,0.8999999999999999
416,417,-1146783332#2,10.668000000000001,0.45555555555555594
418,419,-1147633970#0,5.77185,0.7466340269277845
420,421,-1147633970#1,0.014700000000000001,0.24427093252078974
422,423,-1148164786#1,14.52255,4.7
424,425,-1149710650#1,92.68875000000001,82.90000000000002
426,427,-1149710667#0,25.4688,15.359477124183002
428,429,-1149710710#1,5.1072,0.7000000000000001
430,431,-1149710710#3,16.359,5.971428571428571
432,433,-1150110368#3,44.6208,31.685714285714305
434,435,-1150110945#1,7.6156500000000005,1.457142857142857
436,437,-1150111109,20.39415,6.326315789473685
438,439,-1150976671#3,21.9261,5.300000000000002
442,443,-1151181347,4.3176000000000005,0.30000000000000004
444,445,-1151182472#1,1.0300500000000001,0.2571428571428571
446,447,-1151183128#1,35.4921,25.876666666666694
448,449,-1151184999#1,3.5290500000000002,0.4166666666666668
450,451,-1151285235,5.061000000000001,1.2181818181818183
452,453,-1151285243#0,9.86475,2.606884057971016
454,455,-1151285247,11.3673,16.750000000000004
456,457,-1151285252#1,6.21075,0.6503105590062115
458,459,-1151435937,1.9971,0.39583333333333315
460,461,-1151535808#0,26.8275,15.788888888888899
462,463,-11526678#2,10.40025,1.9090909090909098
464,465,-11526678#5,11.47545,2.952380952380951
466,467,-11526678#6,12.009900000000002,8.700000000000001
468,469,-11526678#7,13.63845,9.1
470,471,-1152714215,8.1396,1.1999999999999995
472,473,-1154677975,2.3939999999999997,0.24358974358974358
474,475,-1154677976,14.24325,1.3571428571428572
476,477,-1154849086#0,14.154000000000002,3.356666666666664
478,479,-1154849092,8.4861,1.9294117647058822
480,481,-1154849095#1,6.9678,1.3436781609195396
482,483,-1154849101#1,5.3077499999999995,0.7658730158730159
484,485,-1155184434#3,27.58875,7.238095238095235
486,487,-1155184437,4.2966,0.0
488,489,-1157125514#0,3.75585,0.531187122736418
490,491,-1157125514#2,2.04225,0.7052252252252252
494,495,-1157125539,6.3609,0.8333333333333336
502,503,-1157158088#2,12.30075,2.5142857142857147
504,505,-1157158088#3,1.9813500000000002,0.20952380952380942
506,507,-1157158088#7,10.828650000000001,4.266666666666668
508,509,-1157158088#9,14.190750000000001,2.8
514,515,-1157357278#1,25.28715,22.700000000000003
516,517,-115785376#1,4.22415,0.2999999999999999
518,519,-1158503741,3.9301500000000003,0.30000000000000004
520,521,-1158503838#2,12.85725,4.544444444444443
522,523,-1159196383,4.468800000000001,0.0
526,527,-1160388322#1,0.51765,0.18939393939393934
528,529,-1160388322#4,12.1233,2.046825396825397
530,531,-1160388322#5,2.0643000000000002,0.20975609756097563
532,533,-11610479,0.18585,42.63122923588038
536,537,-1162386121#4,20.95485,10.299999999999997
538,539,-1162386122#0,0.0756,1.2
540,541,-1162386122#3,14.03115,6.299999999999999
542,543,-1162733661#1,12.086549999999999,7.155555555555556
546,547,-1162733669,12.1926,10.177777777777777
548,549,-1162733681,29.1522,9.3
550,551,-1163570031#1,6.3588000000000005,13.11111111111111
552,553,-1163570031#3,8.71395,18.997368421052627
554,555,-1165333705#2,25.1601,8.926666666666668
558,559,-1166164530,22.30305,0.0
560,561,-1167302174,45.2361,24.54444444444443
562,563,-1167302176,13.8579,2.7146274777853723
564,565,-1167302178#5,7.8918,1.17852684144819
566,567,-1167483585#0,8.28345,1.2772683397683404
570,571,-1167483590,7.783650000000001,1.2798573975044572
574,575,-1167566266#0,5.8212,0.7276898734177218
576,577,-1167566266#2,2.7720000000000002,0.36430951499444625
578,579,-1167566266#4,10.697400000000002,1.7839221710189455
582,583,-1167897907,27.675900000000002,9.333333333333336
584,585,-1167897920#0,20.891849999999998,11.3
586,587,-1167897921#0,15.481200000000001,5.155555555555556
588,589,-1167898077#4,15.78045,2.7037037037037037
590,591,-1167898097#1,23.415000000000003,14.633333333333331
592,593,-1167898268,11.148900000000001,2.879120879120879
594,595,-1169236534,27.902700000000003,14.548685671973345
596,597,-1169236539,7.82985,1.6571428571428573
598,599,-1169240234,12.6546,1.5666666666666664
600,601,-1169240238,1.8039,0.10000000000000007
602,603,-1169240239#1,2.4003,0.30000000000000016
604,605,-1169240240#1,8.75595,0.8888888888888888
608,609,-1170520012#1,9.66,4.410714285714286
612,613,-1172656244#1,5.38335,1.7860962566844918
614,615,-1172656249,0.9670500000000001,0.0
616,617,-1172656251,0.33705,0.24561403508771928
618,619,-1172656258,2.7531,0.6096256684491974
620,621,-1172656259#2,25.1349,14.8
624,625,-1172656308#0,4.90455,0.7471074380165287
626,627,-1172656308#2,4.48245,0.7072576018359147
628,629,-1172656314,2.8497,0.5894736842105263
632,633,-1173245043#2,35.7903,15.288888888888891
634,635,-1173248154#1,2.9242500000000002,0.23657595662600342
636,637,-1173249810,8.83155,1.4331612162937455
638,639,-1173257673,1.7262,0.23624234461047372
642,643,-1173262122,0.8001,0.25823416349732137
644,645,-1173262123#1,1.512,0.2567174348697395
646,647,-1173262124,0.41475000000000006,0.3475396629049549
648,649,-1173262126#1,2.12835,0.5641025641025641
650,651,-1173262126#2,1.0857,0.3333333333333333
652,653,-1173262128#1,3.9207,0.7684779719655074
654,655,-1173262129#3,11.13315,2.7403035705442487
656,657,-1173262130,0.44205,0.23909010735030242
658,659,-1173681273#4,13.1523,2.599999999999999
660,661,-1173681276#6,21.5607,66.18505747126437
662,663,-1173697288#1,6.7599,8.069753086419755
668,669,-1173874835#0,10.361400000000001,1.7636363636363632
670,671,-1173874836#0,11.384100000000002,2.129166666666666
672,673,-1174502377#3,42.02205,7.3000000000000025
680,681,-1174502383#4,15.42345,5.348898071625344
682,683,-1174502387#1,27.9552,0.30000000000000004
684,685,-1174502390,26.4411,8.026153846153845
686,687,-1175023585#3,4.3732500000000005,1.5394985397564067
688,689,-1175366460#1,12.54435,4.073333333333334
690,691,-1175370229#4,5.1534,1.2534562211981561
692,693,-1175370230,0.27825000000000005,0.21919191919191922
698,699,-1175984708,0.29505000000000003,0.0
700,701,-1175984923#1,2.5578,0.26470588235294135
702,703,-1177913776#1,37.82415,13.655555555555555
706,707,-1181076292#0,8.2425,0.20000000000000007
708,709,-1181975781#1,2.2449,0.23333333333333328
712,713,-1182175653#5,6.269550000000001,0.5
716,717,-1187531871#3,21.2646,6.93684210526316
718,719,-1187586139,2.9788500000000004,0.43589743589743596
720,721,-1187586140#0,13.4421,2.3
722,723,-1187586141,29.444100000000002,6.2666666666666675
724,725,-1187671354,3.4324500000000002,0.4338875744543642
726,727,-1187769792,3.4786500000000005,0.5887640449438203
728,729,-1188526668#3,10.4097,0.9809523809523816
730,731,-118916215#1,9.67575,0.2999999999999998
732,733,-1191607936#1,9.397499999999999,1.8108108108108094
734,735,-1194464327,5.622750000000001,0.6777777777777779
736,737,-1194464328,2.52,0.4888888888888888
738,739,-1194824694,26.3403,0.0
742,743,-1194824701#10,17.52135,4.322222222222223
744,745,-1194824706,27.765150000000002,9.880281690140844
746,747,-119925917#1,0.63735,0.09473684210526319
748,749,-1203936127,9.0153,3.111111111111111
750,751,-1203936651#2,25.5444,11.377777777777776
752,753,-1205527065,0.15015,0.15440969287123135
756,757,-1207124658,21.62895,4.936842105263158
760,761,-1215659170#1,10.253250000000001,2.266666666666666
762,763,-1215659171#1,28.192500000000003,3.885714285714285
764,765,-1221928943#1,17.002650000000003,20.700000000000003
766,767,-1222261301,16.257150000000003,4.449999999999997
768,769,-1222294826#2,19.54785,4.999999999999999
770,771,-1222588065,5.293050000000001,0.4000000000000001
772,773,-1222694073#1,8.6877,1.6996996996996998
774,775,-1224943549,4.78275,0.5000000000000001
776,777,-122688706,4.5192000000000005,1.9587315714119833
778,779,-122688707#5,8.38005,29.635245579126067
780,781,-122798265#3,31.09995,36.5
782,783,-1228389305#2,2.4696,32.27465214761041
784,785,-1236052176,6.43965,1.0960591133004927
786,787,-1236052177#8,23.994600000000002,11.217391304347824
788,789,-123900703,3.75585,0.19999999999999996
792,793,-124768369,5.85585,3.7
794,795,-1251294733,4.40055,0.4872340038888589
796,797,-1251294863,3.1752000000000002,0.5251151062129211
800,801,-1252126947,0.09029999999999999,0.2
806,807,-1259136474#2,3.5721000000000003,0.7503850347936547
808,809,-1263001493,4.2987,10.940718210862618
810,811,-1270686454#2,6.1635,3.249853372434017
812,813,-1270686454#5,5.237400000000001,2.39295628036086
814,815,-1271080432,0.0252,0.0
816,817,-1271094345#1,2.3352000000000004,0.4154882154882155
818,819,-1271382121,1.55085,0.32397959183673475
820,821,-1279825053,3.7957500000000004,0.5103743092482537
822,823,-1280470925,14.460600000000001,0.5
824,825,-1282570523,2.64075,1.0714285714285714
826,827,-1282623902,4.949700000000001,2.8112676056338035
828,829,-1286120530,10.807649999999999,1.5309200603318251
830,831,-1286120542#1,23.1084,6.565217391304345
834,835,-128648105#13,22.74405,3.0233333333333334
836,837,-128648105#6,29.0976,8.700000000000001
838,839,-1288641268,13.36335,0.0
840,841,-1288641269#6,43.5918,40.94254032258064
842,843,-1291137211#1,6.426,0.9415204678362572
844,845,-129512264#3,6.775650000000001,1.3308641975308644
846,847,-1297143168#3,17.059350000000002,4.050755631593953
848,849,-1303137705#2,10.4181,2.8787878787878793
850,851,-1308110841,4.20105,0.5545634920634919
852,853,-1315489390#1,5.787599999999999,0.9883820998278828
856,857,-1317643239,14.685300000000002,2.1621243885394823
860,861,-1323216742#1,1.99605,0.3222222222222223
864,865,-13234675#16,24.514350000000004,9.749147040312694
866,867,-13234675#17,0.93135,0.48503211731911267
868,869,-13234675#25,9.2841,2.108515755574579
870,871,-13234675#3,5.54505,16.870241471169546
872,873,-13234675#4,0.01785,0.27692527392636446
874,875,-13234675#43,15.0549,3.541106856943961
876,877,-13234675#5,0.10605,0.17985264019647976
878,879,-13234675#52,3.8902500000000004,0.4880266075388023
880,881,-13234675#57,6.2097,1.2793678948641456
882,883,-13246859#1,1.4952,0.10000000000000003
884,885,-1327195034,11.01135,0.7
890,891,-133186296#0,2.42655,0.40081359176836556
892,893,-133186686,0.1827,0.840336134453782
894,895,-133399929#2,24.394650000000002,6.639676113360323
898,899,-133664978#18,45.53535,24.94444444444446
900,901,-1351535321,0.014700000000000001,9.702380952380947
904,905,-1354374540,0.043050000000000005,0.1777777777777778
906,907,-136071661#3,42.55545000000001,31.822222222222226
908,909,-136278554#1,3.4902,0.0
912,913,-136278554#12,36.16935,32.0
914,915,-136441320#6,32.6592,16.029411764705877
918,919,-1367612076#1,24.099600000000002,6.8272604588394055
920,921,-1368782934#1,5.1366000000000005,0.6945484672742336
926,927,-1374204588,17.3145,4.66895986895987
928,929,-1376856664,2.93475,0.5619047619047619
930,931,-137699102#2,17.582250000000002,5.830409356725145
932,933,-137699103#5,18.45375,7.700000000000003
934,935,-137730212#4,49.16835,52.199999999999974
936,937,-137732185,1.9855500000000001,0.4081632653061224
938,939,-137732187#6,16.5564,6.618635332921048
944,945,-1392163360#1,13.453650000000001,1.377777777777778
948,949,-1396268307#1,11.818800000000001,1.5
952,953,-1396269091#0,11.10375,1.1876876876876874
954,955,-1410097953#0,13.73295,3.3367252543940804
956,957,-1410097954#0,2.65335,0.2516339869281045
958,959,-1410097955,9.128700000000002,1.019762845849802
962,963,-141137364#1,3.92595,0.5633001422475109
964,965,-141138038#10,24.06075,4.250000000000001
966,967,-141138038#4,28.8141,15.831541218637987
970,971,-141252791,0.0126,0.8606060606060607
972,973,-1414389615,4.581150000000001,0.5333333333333334
974,975,-1414407548#1,21.51135,3.8000000000000003
976,977,-141509559#16,16.9428,3.1868131868131857
978,979,-141509559#17,4.2861,0.519927536231884
980,981,-141509559#3,14.21595,6.199999999999999
984,985,-141551684#2,17.3817,5.7
986,987,-141613056#12,13.177500000000002,1.941520467836256
988,989,-141613056#6,23.131500000000003,7.923809523809526
990,991,-141613056#8,20.60205,10.996732026143789
994,995,-1420688737#2,8.41365,1.495238095238095
996,997,-1420688738,3.85035,0.26666666666666683
998,999,-1420688739,0.43574999999999997,0.48888888888888893
1000,1001,-1422669211#1,14.362950000000001,0.19999999999999973
1002,1003,-1424949184#2,5.1429,1.5448136184176804
1008,1009,-142769014#5,13.84425,1.7000000000000002
1010,1011,-142769014#9,9.641100000000002,0.19999999999999984
1012,1013,-142769016#2,5.308800000000001,0.0
1018,1019,-142891708#1,0.084,0.20952380952380953
1020,1021,-14331348#1,3.3190500000000003,0.5229826353421865
1022,1023,-143731348#6,20.2629,8.711111111111112
1024,1025,-143731350#1,19.28535,26.700000000000003
1028,1029,-143905172#9,24.01245,9.899686520376173
1034,1035,-144038257#1,2.2764,0.15564764385507937
1036,1037,-144038258#2,13.5429,4.349376114081995
1038,1039,-144038260#13,12.9969,4.133861236802409
1040,1041,-144038260#19,17.9109,3.8200757575757565
1042,1043,-144038260#8,21.615299999999998,76.6528822055138
1044,1045,-144069760,30.744000000000003,5.696428571428574
1046,1047,-144159769#5,29.90295,24.7
1048,1049,-144159769#7,4.588500000000001,0.6777777777777778
1050,1051,-144159771#7,16.51755,1.8000000000000003
1054,1055,-144159781#5,12.825750000000001,1.0
1058,1059,-144159799#14,21.0567,9.377777777777778
1060,1061,-144159799#23,31.83495,22.828571428571426
1062,1063,-144159799#24,3.7149,1.2087301587301589
1064,1065,-144159799#6,19.12155,9.700000000000001
1066,1067,-144159805#3,10.4223,1.466666666666667
1068,1069,-144328216#6,30.450000000000003,9.047348484848484
1070,1071,-144328216#9,13.47885,2.4206773618538318
1072,1073,-144328219#0,7.21035,1.0442967884828354
1074,1075,-144328219#11,47.0799,27.49999999999999
1076,1077,-144435601#3,2.46015,93.19922931170296
1078,1079,-144464776#0,0.0273,0.2
1082,1083,-145037483#0,13.325550000000002,0.30000000000000027
1088,1089,-145037490,16.70025,4.933333333333334
1090,1091,-145037491,12.026700000000002,1.5
1094,1095,-145037492#7,21.730800000000002,3.5
1098,1099,-145430789#0,4.1139,0.5169606512890095
1100,1101,-145430789#11,6.1918500000000005,1.512711864406779
1102,1103,-145430789#5,13.676250000000001,4.148490945674043
1104,1105,-145430789#7,6.62655,1.1865384615384624
1106,1107,-145430790#1,8.41155,1.3069458631256377
1108,1109,-145672554#5,109.37640000000002,124.0111111111112
1110,1111,-1456936767#1,1.0017,0.0
1112,1113,-145787848#5,57.609300000000005,10.8
1114,1115,-146390387#1,10.728900000000001,2.5274725274725274
1116,1117,-146390389#3,10.4853,1.3142857142857143
1118,1119,-146390389#4,13.33815,4.285714285714289
1120,1121,-146390389#5,9.7944,1.9714285714285713
1122,1123,-146390389#6,12.3102,0.8444444444444458
1124,1125,-146523570#0,11.101650000000001,0.7000000000000004
1126,1127,-146523574#4,32.6676,15.377777777777775
1128,1129,-146523580#5,37.48605,17.357142857142854
1130,1131,-146645330#1,1.4637,29.231915427567603
1132,1133,-146791396#2,25.6389,17.38949275362318
1134,1135,-147571850#7,34.35705,23.9390243902439
1136,1137,-147571850#9,30.345,17.107308048103622
1138,1139,-147571851#21,39.5556,15.197120708748614
1140,1141,-147571853#1,6.0931500000000005,0.8869295363271268
1144,1145,-147571854,3.9280500000000003,0.20000000000000007
1146,1147,-147571855#1,9.16965,1.341672412094946
1154,1155,-151406643#15,31.4202,13.772204968944106
1156,1157,-152508620,12.414150000000001,2.414208945787893
1160,1161,-152962047,0.014700000000000001,31.7
1162,1163,-153095159,0.0105,123.07668711656434
1164,1165,-153448797#1,13.3812,1.884615384615382
1166,1167,-153674044,7.854000000000001,0.9578947368421056
1170,1171,-154029239#5,14.51625,2.8999999999999995
1176,1177,-154029243#2,6.4743,0.0
1184,1185,-154029243#6,11.97105,1.2000000000000006
1188,1189,-154333524#0,22.884750000000004,9.828571428571426
1192,1193,-154333525,5.351850000000001,0.49673202614379075
1194,1195,-154333526#0,6.95415,2.25
1196,1197,-154333526#7,15.2796,2.994708994708994
1200,1201,-154333528,18.205949999999998,4.322222222222221
1202,1203,-154456892#1,31.7247,12.105454545454542
1204,1205,-154456895#1,7.655550000000001,1.4309603440038228
1206,1207,-154456895#2,5.87475,0.9962468723936613
1210,1211,-154916174#3,4.01205,0.6624999999999999
1214,1215,-156448307#1,4.589550000000001,0.6830065359477122
1218,1219,-156448317#6,191.82555000000002,523.9962121212124
1220,1221,-156998776#7,129.95115,355.30000000000007
1222,1223,-156998793,0.014700000000000001,0.3505747126436784
1230,1231,-157006821#2,4.2084,0.20000000000000007
1232,1233,-157006823#10,21.9555,6.233333333333334
1234,1235,-157006823#4,30.49515,16.699999999999992
1236,1237,-157006823#7,27.94575,7.399999999999997
1238,1239,-157006825#1,21.2982,9.066666666666666
1242,1243,-15783545#1,27.92685,30.322222222222226
1244,1245,-15783549,5.53665,22.642105263157898
1248,1249,-157959489#12,29.0976,1.2999999999999994
1250,1251,-157959489#8,19.63815,4.141025641025638
1252,1253,-157959490#10,1.61595,0.30526315789473685
1254,1255,-157959490#11,9.3807,2.988888888888889
1256,1257,-157959490#14,8.41995,2.0444444444444443
1258,1259,-157959490#6,18.9399,100.11578947368422
1260,1261,-157959490#8,6.0711,1.123809523809526
1262,1263,-157959493#0,13.461,3.038690476190477
1264,1265,-157959493#1,8.701350000000001,2.7415884194053204
1266,1267,-157959493#10,10.8192,2.4421935483870967
1268,1269,-157959493#13,6.0564,0.4902027796764637
1270,1271,-157959493#4,10.23015,1.6478521478521473
1272,1273,-157959493#5,18.8916,5.006327006327006
1274,1275,-157959493#8,14.1288,3.412637362637364
1276,1277,-15802018#3,21.0672,1.3444444444444439
1278,1279,-158027398#1,3.2319,0.23333333333333328
1280,1281,-158027398#11,27.779850000000003,9.192307692307692
1282,1283,-158027398#13,2.8990500000000003,0.3768939393939396
1284,1285,-158027398#2,9.12765,1.9555555555555557
1288,1289,-158027398#5,9.259950000000002,1.1102941176470589
1290,1291,-158027398#6,2.8875,0.37229437229437234
1292,1293,-160489235#1,5.4705,0.8819672131147538
1294,1295,-160792610,4.074,0.3447368421052632
1298,1299,-163006337#1,13.0767,3.7784946236559147
1300,1301,-163006337#2,4.5003,0.7566666666666668
1302,1303,-163006337#3,5.52825,0.9333333333333331
1304,1305,-163019451#2,9.18225,18.573333333333334
1306,1307,-163019497#4,22.71885,9.832482993197281
1310,1311,-16386379#1,23.10525,14.8
1320,1321,-16386608#2,45.7905,20.40952380952381
1322,1323,-16386629#0,9.9015,1.2000000000000006
1324,1325,-16386629#2,8.2236,0.0
1328,1329,-16386713#10,16.9722,0.7000000000000006
1330,1331,-16386713#3,24.4398,8.368421052631579
1332,1333,-16386713#4,21.58905,6.299999999999998
1336,1337,-16386713#9,19.8303,4.999999999999999
1338,1339,-16386752#1,18.515700000000002,8.0
1342,1343,-16387246#3,16.5606,1.155555555555556
1344,1345,-16387302#3,7.084350000000001,0.7
1348,1349,-16388188#1,8.85885,1.119047619047619
1352,1353,-16388189#4,90.12255,150.79999999999998
1354,1355,-16388515,24.28965,3.952380952380952
1356,1357,-16389305,24.0912,5.758241758241757
1358,1359,-163918104#22,65.9085,8.0
1360,1361,-168729339#1,11.356800000000002,2.3743386243386246
1362,1363,-17095329#1,9.7125,0.30000000000000004
1364,1365,-17095330#0,25.56015,10.8
1366,1367,-17095330#1,21.30765,1.861111111111111
1372,1373,-17095331#2,23.01915,5.733333333333333
1374,1375,-17095381#0,4.49925,0.1944444444444446
1376,1377,-17095381#3,4.16325,2.8406593406593412
1378,1379,-17100790#1,24.078599999999998,27.895402298850563
1380,1381,-17100790#3,24.743250000000003,27.560000000000006
1382,1383,-17100790#4,5.97555,7.333333333333333
1386,1387,-17100970#1,10.32675,8.100000000000001
1388,1389,-17100973#0,4.07505,2.4999999999999996
1390,1391,-17100973#1,0.0756,0.4761904761904761
1392,1393,-173172673#11,19.51425,2.301923076923078
1394,1395,-173172673#2,16.54065,10.9477503628447
1396,1397,-173172673#9,22.869000000000003,3.001107419712072
1398,1399,-173172674,9.77445,1.841491841491841
1400,1401,-174304830#1,1.37865,0.15843933928232393
1402,1403,-174648568,14.4501,2.8380952380952387
1404,1405,-174648574,36.855000000000004,19.612144529943162
1408,1409,-174739550,1.5592500000000002,0.446969696969697
1410,1411,-174739553,2.02125,0.27704763697985296
1412,1413,-174739555,16.74645,3.9439111159761393
1414,1415,-174739561#1,9.2253,1.5448856645878408
1416,1417,-17477439,2.0265,0.0
1418,1419,-176534650#2,2.5095,0.332010582010582
1420,1421,-176827008,0.0105,0.2887880888140797
1422,1423,-177092492#18,37.5774,24.33333333333334
1424,1425,-177092492#4,15.928500000000001,4.188505747126438
1426,1427,-177092492#9,29.5008,17.80952380952381
1428,1429,-177092493,5.1219,9.412643678160919
1430,1431,-177092494#2,15.45705,3.5534967905657604
1432,1433,-177092494#4,7.3857,1.0357054214090697
1434,1435,-177095164,1.4217000000000002,0.28929851510496674
1436,1437,-177095166#0,10.3971,1.5804597701149425
1438,1439,-177095166#16,9.16965,2.7135265700483098
1440,1441,-177095166#3,8.94705,1.4897260273972601
1442,1443,-177095166#8,13.13865,5.0955102040816325
1446,1447,-17947677#1,5.2878,0.5960591133004925
1448,1449,-184190500#5,42.4809,23.40396085922576
1450,1451,-187084387,0.0252,0.07653061224489795
1456,1457,-190576757#1,13.743450000000001,3.1846994535519126
1458,1459,-19095057,9.3324,1.7000000000000002
1468,1469,-19566276#18,75.48870000000001,74.28571428571425
1470,1471,-19799437#17,31.7184,13.75
1486,1487,-19848864#0,9.32295,1.5
1488,1489,-19848864#1,7.4508,0.3222222222222221
1490,1491,-19848864#2,8.82,0.5
1494,1495,-19848865#0,6.351450000000001,0.30000000000000004
1498,1499,-19848865#2,5.4663,0.0
1500,1501,-19848877,28.1673,3.6999999999999993
1504,1505,-20336623#2,24.406200000000002,10.455555555555552
1506,1507,-20340572#3,24.795749999999998,15.377777777777778
1510,1511,-20347040#1,32.8671,8.63809523809523
1512,1513,-20347040#5,51.348150000000004,68.7
1514,1515,-20356890#0,3.7926,3.2380952380952377
1516,1517,-20356890#5,36.58725,32.22222222222222
1518,1519,-20365221#1,24.11745,1.7000000000000006
1520,1521,-206575917,11.4975,1.5527777777777771
1522,1523,-206575918#1,5.81805,1.179487179487179
1526,1527,-20847974#7,18.650100000000002,2.5894736842105277
1528,1529,-20848305#3,10.125150000000001,0.6999999999999998
1532,1533,-20850531#0,5.5828500000000005,1.0666666666666667
1534,1535,-20850531#1,13.01895,4.4
1536,1537,-216870761#3,106.22010000000002,714.3
1538,1539,-218907681#0,1.74825,0.2857142857142857
1540,1541,-218907681#10,13.47255,1.5164835164835162
1542,1543,-218907681#12,12.743850000000002,1.3623188405797104
1544,1545,-218907681#14,6.04275,0.5066666666666667
1548,1549,-218907682,0.45045,0.0
1552,1553,-222874792,1.76085,0.22732654511011116
1554,1555,-222874793#2,4.5675,1.6869524035046173
1556,1557,-225751052,1.6894500000000001,1.9360613810741696
1558,1559,-225780905#0,11.01975,3.2666666666666653
1560,1561,-225780905#2,11.852400000000001,2.3000000000000003
1562,1563,-226297192,41.8866,16.638095238095236
1564,1565,-226612387#1,2.03175,0.7896825396825398
1566,1567,-22689738,21.46515,7.443678160919541
1570,1571,-22700317#6,19.790399999999998,2.0
1572,1573,-227558566,9.192750000000002,0.2777777777777778
1574,1575,-227558567,9.9729,2.166666666666667
1580,1581,-22983215#3,1.2012,0.3222222222222223
1582,1583,-22985076#1,5.446350000000001,0.46748591909882226
1588,1589,-230041575#4,15.3846,4.799999999999997
1594,1595,-230359738#0,2.1693,0.4446219382321621
1596,1597,-230359738#11,9.70725,2.60515873015873
1598,1599,-230359738#2,4.35015,0.7762769654448883
1600,1601,-230359738#3,7.6797,1.4139590854392294
1602,1603,-230359738#8,9.038400000000001,1.7610123539605342
1604,1605,-23092803#4,21.729750000000003,2.8000000000000007
1608,1609,-23092804,7.08225,0.30000000000000004
1610,1611,-23093327#0,6.99195,0.20000000000000007
1614,1615,-23093333#0,7.012950000000001,0.30000000000000004
1618,1619,-23093440#1,9.367049999999999,3.619047619047618
1620,1621,-23093440#2,3.66345,0.0
1626,1627,-231427517#4,27.1509,6.916666666666667
1630,1631,-23214483#10,5.789700000000001,0.6124748490945673
1632,1633,-23214483#24,12.191550000000001,2.0133333333333345
1634,1635,-23214483#3,6.03225,0.9311871227364183
1638,1639,-23389601#5,19.493250000000003,10.711111111111114
1640,1641,-23394535,2.0769,0.1462184873949581
1642,1643,-23394536#0,7.7101500000000005,1.1042016806722694
1644,1645,-23394536#14,52.42965,33.84369747899158
1646,1647,-23394788#5,11.335799999999999,2.4562220927975136
1648,1649,-23394789#2,6.1992,1.2195402298850575
1650,1651,-23394789#3,10.1472,1.5
1654,1655,-23394790#6,11.8839,3.288888888888889
1656,1657,-23395312#1,2.65335,101.12726321297752
1658,1659,-23395313#12,41.3721,17.94333333333334
1660,1661,-23624770,16.6488,4.8
1662,1663,-23697531,2.8728000000000002,0.1
1666,1667,-23982928#1,14.683200000000001,3.7000000000000006
1668,1669,-23982929#1,16.5984,2.0
1670,1671,-23982930,18.82545,9.700000000000001
1672,1673,-240616787#1,4.12545,0.4
1674,1675,-242802481#1,0.8305500000000001,48.333333333333336
1676,1677,-24405236,11.05755,1.9473684210526312
1678,1679,-24508528#2,25.118100000000002,10.085508735868451
1680,1681,-24520303#7,8.26665,0.20000000000000018
1682,1683,-24522025#8,47.71620000000001,64.375
1684,1685,-245487369,20.246100000000002,8.673684210526313
1686,1687,-24633269#3,17.5224,0.8000000000000003
1688,1689,-246631282#1,2.1609,0.37053273855304303
1690,1691,-246631284#2,2.9127,4.4163498634225995
1692,1693,-246631285,1.93095,0.29082901439152953
1696,1697,-24748596#4,10.56195,1.6555555555555557
1702,1703,-24769657#2,14.99505,3.207894736842105
1704,1705,-24769702#1,16.7055,7.466666666666667
1710,1711,-24769794#0,1.13295,0.34722222222222227
1712,1713,-24769794#2,10.9641,1.6616915422885583
1714,1715,-24769794#3,4.980150000000001,0.4919254658385096
1716,1717,-24770481#1,10.02645,3.1999999999999993
1718,1719,-24770481#2,6.4018500000000005,1.8666666666666665
1720,1721,-24770929#0,1.4909999999999999,0.2687937062937063
1722,1723,-24770929#2,12.94125,3.0764411027568945
1724,1725,-24770929#7,19.8198,7.293061023622043
1726,1727,-24770929#9,8.8347,2.0205902539464646
1728,1729,-24805872#6,7.78995,1.0
1730,1731,-24888128#2,4.2798,9.137844611528822
1732,1733,-24888128#3,8.02935,11.265597147950087
1734,1735,-24888128#8,45.2214,38.916666666666664
1736,1737,-24888129#0,3.9375,0.6025170604574607
1738,1739,-24888129#5,29.671950000000002,16.10945509777862
1740,1741,-24888130,2.0853,0.0
1742,1743,-24903291#6,23.835,15.799999999999999
1748,1749,-24939272#1,10.186050000000002,1.3226600985221677
1750,1751,-24947430#4,11.15415,1.9845365901703933
1752,1753,-24947430#7,8.587950000000001,1.2500230407162358
1754,1755,-24947433#0,11.07015,1.9848452017466105
1756,1757,-24947433#1,1.1739000000000002,0.22677358600094177
1758,1759,-24986163#1,0.07454999999999999,0.22060606060606067
1760,1761,-24986163#2,0.014700000000000001,0.2283395755305867
1764,1765,-250074100#3,3.3022500000000004,0.0
1766,1767,-250074100#5,7.6251,0.5
1770,1771,-251534694,4.22205,1.8471321220796015
1772,1773,-251534696,1.95825,0.30599025071156705
1774,1775,-251534700,4.7271,1.5056107482088146
1776,1777,-25200067#1,14.683200000000001,2.197368421052631
1778,1779,-25200067#7,9.0909,1.3206896551724137
1788,1789,-25200308#0,4.43205,0.4888888888888888
1790,1791,-25200308#3,9.06255,1.5411764705882347
1792,1793,-25200308#7,9.2589,0.7087912087912087
1798,1799,-25200468#1,0.2772,0.25641025641025644
1800,1801,-25304846#0,8.370600000000001,1.3192982456140352
1802,1803,-25304846#2,19.126800000000003,5.764976958525343
1804,1805,-25409999#1,18.843300000000003,3.670329670329669
1806,1807,-25409999#6,22.4007,6.699999999999999
1810,1811,-254844701#2,2.54625,1.2402104032729397
1812,1813,-254854437#1,5.5828500000000005,11.923951597756973
1814,1815,-255277386#1,49.3731,53.29999999999999
1816,1817,-255834276,7.81095,1.387859531772574
1818,1819,-255834310,8.19525,2.85351011725127
1820,1821,-255834317#1,4.3260000000000005,0.9342105263157897
1822,1823,-255834365,0.64575,1.2403361344537813
1824,1825,-255834389#2,26.547150000000002,9.478335899990933
1826,1827,-25727003#16,41.278650000000006,10.125000000000009
1828,1829,-25858898,4.95495,0.5319203268641473
1830,1831,-25858899#7,24.258150000000004,11.553684210526315
1832,1833,-258949951#1,9.67155,1.8380769230769245
1834,1835,-258949951#3,1.5939,0.32239488817891365
1836,1837,-258949951#8,19.922700000000003,6.113793103448275
1838,1839,-260345644#5,19.126800000000003,7.700000000000001
1840,1841,-260345647,3.7348500000000002,0.9745558566696775
1844,1845,-260510496#2,3.3190500000000003,0.3857449582087266
1846,1847,-260510496#3,5.6175,0.5579635362917098
1848,1849,-260510496#4,1.5340500000000001,0.27870657034743734
1850,1851,-260510499,0.7140000000000001,0.22804992424788972
1852,1853,-260510502,2.1336,0.25369770837300837
1854,1855,-260510503,4.4666999999999994,63.551019518996156
1856,1857,-260510505,0.273,0.08132450331125829
1858,1859,-260510507#2,3.16155,1.0653208912588081
1860,1861,-260510509#2,3.0166500000000003,1.353422818791946
1862,1863,-260510511#4,10.873800000000001,2.428804643569744
1866,1867,-26228566,22.06155,7.700000000000002
1868,1869,-262486741#11,9.514050000000001,0.7000000000000004
1870,1871,-262486741#12,9.647400000000001,0.20000000000000007
1872,1873,-262486741#5,19.4607,8.393333333333329
1874,1875,-262486741#9,27.218100000000003,8.638095238095238
1878,1879,-2640070#1,6.127800000000001,38.47538461538461
1880,1881,-2640070#6,17.497200000000003,5.314285714285712
1882,1883,-264018843#6,19.8975,7.171428571428571
1886,1887,-26414291#4,5.870550000000001,0.16666666666666674
1888,1889,-26422170#15,12.62625,3.4333333333333345
1890,1891,-26422170#6,15.849750000000002,4.766666666666669
1892,1893,-264512860,0.52815,0.1560066368721063
1894,1895,-264512866#3,7.5516000000000005,1.3974417683606026
1896,1897,-264512869#0,11.79465,2.1728822484776167
1898,1899,-264512869#1,16.280250000000002,3.525782886115636
1900,1901,-264512871#1,14.810250000000002,3.3486787309759953
1902,1903,-264512871#3,2.04855,0.4192509575826357
1904,1905,-26609961#1,26.89995,19.2
1906,1907,-26609961#4,0.0756,0.26666666666666666
1908,1909,-26609961#5,0.0756,9.733333333333333
1910,1911,-26696137#0,2.8749000000000002,0.2777777777777777
1912,1913,-26696137#2,11.634,0.0
1914,1915,-26696141#3,9.7776,1.7865546218487396
1916,1917,-26696144#10,9.525599999999999,2.285714285714285
1918,1919,-26696144#3,7.2996,45.47058823529412
1920,1921,-26696144#4,10.96095,2.429402432575357
1922,1923,-26696144#6,8.95965,1.5748792270531409
1924,1925,-26696144#7,2.5788,0.46258503401360535
1926,1927,-26696144#9,4.85625,0.7727272727272727
1928,1929,-26696145#6,27.424950000000003,5.333333333333336
1930,1931,-26710956,0.014700000000000001,5.064516129032258
1936,1937,-272007306#8,31.4202,58.800000000000004
1940,1941,-27370895,6.45015,22.166666666666668
1944,1945,-2746738#0,1.6873500000000001,42.31735827001753
1946,1947,-2746738#2,11.17515,3.291057860900058
1948,1949,-2746738#3,9.25365,1.6738775510204071
1950,1951,-2746738#4,10.91055,2.028205128205129
1952,1953,-2746738#5,11.5479,2.8600000000000008
1954,1955,-2746738#7,1.7839500000000001,1.3333333333333333
1956,1957,-27488738,28.4172,12.225274725274726
1958,1959,-27583804#1,27.74205,8.725274725274728
1960,1961,-27583804#14,20.7879,3.8879492600422836
1962,1963,-27583804#15,1.5550500000000003,0.2558139534883721
1964,1965,-27583804#24,25.7082,6.676633444075306
1966,1967,-27583804#5,18.8181,3.915966386554621
1968,1969,-27583804#7,14.6979,2.738461538461538
1970,1971,-27583805#0,1.71255,0.3024390243902439
1972,1973,-27583805#13,6.2748,0.9839743589743589
1974,1975,-27583805#18,7.398300000000001,1.1692307692307693
1976,1977,-27583805#2,6.1383,0.5932203389830509
1978,1979,-27583805#21,6.30735,2.4183673469387763
1980,1981,-27583805#24,10.77195,5.933932346723045
1982,1983,-27583805#29,21.592200000000002,6.906763285024155
1984,1985,-27583805#30,25.81425,11.383401519579197
1986,1987,-27583805#33,10.712100000000001,1.6110523532522483
1988,1989,-27583805#34,3.0597000000000003,11.646448087431697
1990,1991,-27583805#9,15.3909,2.4927536231884035
1992,1993,-27606774#2,16.3338,6.5
1994,1995,-27608071,3.94695,0.6222222222222221
1996,1997,-276744482#1,7.1631,1.4933333333333325
2000,2001,-27991592#1,34.2531,15.3
2002,2003,-280294403#3,8.48715,1.8076923076923075
2004,2005,-282753026#4,14.71995,2.4767676767676767
2008,2009,-283457127,13.90305,11.700000000000003
2010,2011,-283457128#1,12.51705,2.9166666666666665
2012,2013,-283457129,9.98235,7.566666666666666
2014,2015,-283457130#0,11.4597,2.0
2016,2017,-283457130#1,9.2988,12.980952380952383
2018,2019,-283485936,24.16995,1.2999999999999998
2020,2021,-284032700#7,66.6792,129.70000000000002
2024,2025,-28446482#4,18.06525,4.208194905869325
2026,2027,-28451439#1,9.461549999999999,0.30000000000000004
2028,2029,-28451503#0,1.8165,0.722222222222222
2030,2031,-28451503#2,12.25665,0.0
2034,2035,-28451507#0,0.51345,8.328571428571427
2036,2037,-28451507#1,1.2726,0.20952380952380958
2038,2039,-28451508#4,17.42895,4.171428571428568
2040,2041,-28451509#0,2.4549000000000003,6.708791208791208
2042,2043,-28451509#1,3.34635,33.55555555555556
2044,2045,-28451510#1,23.03805,7.7
2046,2047,-28451511#0,3.36105,6.142857142857143
2048,2049,-28451511#1,0.24150000000000002,0.17777777777777773
2050,2051,-28451512#6,26.63745,9.655555555555555
2052,2053,-28451512#8,8.974350000000001,1.1403508771929838
2054,2055,-28451532,0.0756,2.1944444444444446
2056,2057,-28493700#12,18.104100000000003,3.184729064039408
2058,2059,-28493700#9,42.038850000000004,29.105263157894736
2060,2061,-285071123#0,9.0531,11.058823529411764
2062,2063,-285071123#1,11.44395,2.0
2064,2065,-285071123#4,7.5085500000000005,2.7
2066,2067,-28606950#17,27.269550000000002,11.608108108108107
2068,2069,-28606950#7,32.53635,12.700000000000003
2070,2071,-28606951#9,32.15835,2.0
2072,2073,-28606952#3,16.017750000000003,3.2545454545454526
2076,2077,-28606953#12,48.62025,23.199999999999996
2078,2079,-28606953#23,43.21275,20.400000000000006
2080,2081,-28606954#5,23.2953,6.8999999999999995
2082,2083,-28682563#1,19.032300000000003,14.5
2084,2085,-2884303#10,9.357600000000001,1.553604318831376
2086,2087,-2884303#5,11.304300000000001,2.2685443507518035
2088,2089,-2884303#7,20.1033,28.208941151544067
2090,2091,-2884303#8,2.84655,0.5436392914653789
2092,2093,-288681495#10,9.7776,2.2
2094,2095,-288681495#3,10.40655,2.5
2096,2097,-288681495#5,6.644400000000001,0.5000000000000001
2098,2099,-28960948#2,19.0701,1.0545454545454551
2100,2101,-2897620,1.4973,0.23502722323049002
2102,2103,-2897622#0,8.778,1.1666666666666667
2104,2105,-2897622#2,9.2652,2.9809523809523806
2106,2107,-2897623#1,4.1454,0.6961352657004832
2108,2109,-2897623#3,8.41995,1.4559139784946227
2110,2111,-2897623#4,8.49975,1.3541666666666674
2112,2113,-2897623#5,26.70465,9.95238095238095
2114,2115,-2898048#4,13.8432,44.63546798029556
2116,2117,-2898049#3,10.9221,20.04444444444444
2118,2119,-2898053#2,12.52335,1.2111111111111115
2120,2121,-2898055#3,17.677799999999998,5.298305084745764
2122,2123,-2898067#10,5.5062,1.0989304812834224
2124,2125,-2898067#11,2.2008,0.7624999999999997
2126,2127,-2898067#13,5.0652,0.5666666666666665
2128,2129,-2898067#17,10.34145,1.0958333333333339
2130,2131,-2898067#2,6.53835,6.346320346320345
2132,2133,-2898067#20,6.45015,1.148351648351648
2134,2135,-2898067#23,4.77015,0.3791208791208793
2136,2137,-2898067#27,6.51525,0.4
2138,2139,-2898067#28,11.8587,1.3777777777777773
2140,2141,-2898067#3,7.83825,1.6725146198830414
2142,2143,-2898067#30,7.3017,1.1400000000000001
2146,2147,-2898067#6,11.58675,2.619883040935673
2148,2149,-2898067#7,1.8186,0.16374269005847955
2150,2151,-2898068#1,25.937100000000004,7.23809523809524
2152,2153,-2898068#7,29.312850000000005,19.719696969696972
2154,2155,-2898069#10,6.43125,1.7529411764705873
2156,2157,-2898069#12,12.4635,2.095766129032257
2158,2159,-2898069#16,9.980250000000002,1.2217741935483881
2160,2161,-2898069#18,10.2039,1.9117647058823537
2162,2163,-2898069#2,10.8465,2.1777777777777785
2164,2165,-2898069#4,12.02565,2.1714285714285717
2166,2167,-2898069#5,13.20375,1.2
2168,2169,-2898069#6,17.69355,4.30263157894737
2170,2171,-2898069#9,11.960550000000001,1.6727272727272715
2172,2173,-29129862#2,0.7371,0.6222222222222222
2174,2175,-29129862#4,5.34975,0.9452347083926035
2176,2177,-29131113#0,5.73615,1.0647226173541962
2178,2179,-29131113#2,10.08315,2.376811594202898
2180,2181,-2921417#2,12.097050000000001,7.566666666666666
2182,2183,-2921417#3,1.7157,0.0
2184,2185,-2921417#6,14.10045,3.0666666666666678
2186,2187,-292748634#2,1.5729,45.23175687115523
2188,2189,-292748634#4,15.855,6.239070581682179
2190,2191,-292748634#5,10.3761,2.086960626947406
2192,2193,-292748634#6,8.3853,1.3595480298738065
2194,2195,-293213676#14,16.9218,2.238095238095237
2196,2197,-293213676#4,5.172300000000001,1.0
2198,2199,-293224799#10,22.5918,6.058775510204077
2200,2201,-293224801#11,22.6779,7.885714285714288
2202,2203,-293233330#1,7.4056500000000005,0.20000000000000007
2236,2237,-294669436#1,14.920500000000002,3.3552631578947385
2238,2239,-294669436#2,13.82535,2.2222222222222223
2240,2241,-295931062#14,20.94435,7.507967995169085
2242,2243,-295931062#7,8.827350000000001,4.640000000000002
2244,2245,-295931063#3,7.878150000000001,1.656944084348804
2246,2247,-299988911#2,16.85775,6.852631578947368
2248,2249,-299988912#2,14.55195,5.256666666666668
2250,2251,-299988913,0.6846000000000001,0.6766666666666666
2252,2253,-299988915#1,6.4018500000000005,0.79
2254,2255,-30017692#11,7.53795,1.1237958761245115
2256,2257,-30017692#15,6.24225,1.0224565756823822
2258,2259,-30017692#20,6.1530000000000005,0.76036946671314
2260,2261,-30017692#5,9.49305,1.7210481825866435
2262,2263,-30127481#5,14.75775,1.0
2264,2265,-30171114#1,4.253550000000001,76.48066298342542
2266,2267,-30323265#1,15.803550000000001,4.339945280437757
2268,2269,-30323265#3,5.086200000000001,0.625
2270,2271,-30323346#2,6.5835,0.9007458072494015
2272,2273,-30323347#9,29.4735,11.73595384060584
2274,2275,-30323348#2,19.49115,6.491251238032357
2276,2277,-30323349#13,11.487,2.8850012159533063
2278,2279,-30323349#9,9.3429,2.2297508637934174
2280,2281,-30428204#1,5.82435,0.0
2282,2283,-305295506#2,17.587500000000002,8.654545454545454
2284,2285,-305901256#2,14.1897,0.19999999999999984
2286,2287,-30604409#6,11.41665,108.10222867426778
2288,2289,-306390406#2,5.069400000000001,0.8494999090743768
2290,2291,-306396967#10,9.896250000000002,1.476827094474154
2292,2293,-306396967#2,12.790049999999999,1.5087719298245617
2294,2295,-306396967#4,7.2996,0.5985221674876849
2296,2297,-306396967#5,8.763300000000001,0.8380952380952381
2298,2299,-306396967#9,20.240850000000002,5.621052631578949
2300,2301,-307620321,32.3379,3.2
2306,2307,-30772535#3,12.306000000000001,0.4555555555555557
2310,2311,-30890656#0,0.39165,0.1993827160493827
2312,2313,-31000984#2,4.5717,10.99
2318,2319,-310804139#2,39.665850000000006,105.70000000000002
2324,2325,-31097133#1,5.7855,0.4999999999999999
2328,2329,-31097133#4,7.45815,0.7564102564102564
2334,2335,-31097291#4,6.5121,0.5
2336,2337,-311181481#3,6.909000000000001,1.82174462705436
2338,2339,-311773063#16,33.3312,37.16666666666666
2342,2343,-3138669#11,19.612949999999998,3.0545454545454547
2344,2345,-3138669#12,8.829450000000001,1.0666666666666667
2346,2347,-3138669#13,8.379000000000001,0.7000000000000002
2348,2349,-3138669#14,0.0126,0.10000000000000003
2350,2351,-3138669#16,7.57155,0.4444444444444443
2352,2353,-3138669#18,17.410050000000002,1.655555555555555
2354,2355,-3138669#3,16.8966,3.6666666666666665
2356,2357,-3138669#7,12.42255,2.839869281045753
2358,2359,-314095467,3.0744000000000002,0.3068656716417909
2360,2361,-3156749#0,8.9586,3.443100995732574
2362,2363,-3156749#1,10.18395,4.568990042674253
2364,2365,-3156749#2,5.92515,1.4754856614246075
2366,2367,-3156749#7,5.2584,3.009132420091324
2368,2369,-3156901#18,27.3546,7.285714285714286
2374,2375,-317222609#0,9.561300000000001,3.986842105263159
2376,2377,-317222609#2,8.1774,3.7333333333333325
2378,2379,-317222609#4,9.0783,9.299999999999999
2380,2381,-317222610,3.55845,0.5928853754940706
2382,2383,-317222611#0,6.28845,0.7709447415329764
2384,2385,-317222611#1,9.5886,1.473333333333333
2386,2387,-317222611#3,24.226650000000003,8.306666666666668
2388,2389,-317222612#0,19.390349999999998,6.780141843971632
2390,2391,-317222612#1,21.3906,7.654654654654653
2392,2393,-317543382#2,6.0196499999999995,11.200240891297804
2394,2395,-318248788#2,3.9942,1.343084415584416
2396,2397,-3185634#0,10.35405,1.7
2398,2399,-3185634#2,28.65135,6.988888888888887
2400,2401,-3189024#1,10.411800000000001,1.5692640692640691
2402,2403,-3189024#2,8.0808,0.6857142857142862
2404,2405,-3189024#3,11.7033,1.5636363636363635
2406,2407,-3189024#4,4.628400000000001,0.28571428571428575
2408,2409,-3189024#7,12.348,2.198668714797747
2412,2413,-3189025#11,35.0448,4.700000000000001
2414,2415,-3189025#15,7.74375,2.666666666666666
2420,2421,-3189026#0,0.61635,0.06666666666666672
2422,2423,-3189026#1,4.64205,0.7320261437908497
2424,2425,-3189026#2,1.4710500000000002,0.17543859649122806
2426,2427,-3189026#3,14.9121,12.916666666666664
2436,2437,-32136688#3,6.2769,0.970493345879823
2438,2439,-32198773#3,9.90885,2.884615384615384
2442,2443,-3243054#10,14.85645,3.099124215031963
2444,2445,-3243054#3,33.4215,14.21405981246185
2446,2447,-3243056#2,6.2811,1.2729907773386033
2448,2449,-3243056#4,2.4507000000000003,0.3109800796812748
2454,2455,-3243063#2,15.331050000000001,6.1342105263157904
2456,2457,-3243064#1,13.84635,3.5489130434782594
2458,2459,-3243064#2,7.68285,0.25
2460,2461,-3243064#4,17.5476,1.6666666666666667
2462,2463,-3243065#0,7.4109,0.27777777777777785
2468,2469,-3243068#0,0.0756,2.349782293178521
2470,2471,-3243068#1,8.19945,7.533033033033037
2474,2475,-3243068#2,7.76895,17.35897435897436
2476,2477,-3243068#5,29.309700000000003,9.428571428571429
2478,2479,-3245456#2,10.5714,1.3809523809523803
2480,2481,-3245457#6,22.780800000000003,5.199999999999999
2482,2483,-3245457#7,0.0252,0.2319327731092437
2486,2487,-3245460#4,2.66385,0.6923076923076924
2488,2489,-3245477#1,22.80075,12.25
2490,2491,-326512438,3.65715,3.268907563025211
2492,2493,-326512439,5.83905,160.26666666666665
2496,2497,-3283201#2,13.723500000000001,3.6555555555555563
2498,2499,-3283202#1,14.891100000000002,5.799999999999999
2502,2503,-3283202#3,7.637700000000001,0.5444444444444444
2506,2507,-3283202#5,6.205500000000001,1.1555555555555557
2508,2509,-3283203#0,26.687850000000005,2.0
2510,2511,-3283203#1,25.996950000000002,10.055555555555555
2512,2513,-3283321#1,9.354450000000002,1.7888888888888888
2514,2515,-3283321#3,4.64625,0.33333333333333326
2516,2517,-32853221#4,7.588350000000001,93.93591880018178
2518,2519,-32958392#2,1.54245,34.48554455445546
2520,2521,-32958392#6,8.933399999999999,1.549890350877193
2522,2523,-32958392#7,5.15655,0.555123080159899
2524,2525,-32958392#9,7.7763,1.4202608878602998
2526,2527,-32958393,0.39480000000000004,0.30669934640522883
2528,2529,-32958394#2,3.8535,70.47803617571061
2530,2531,-32992028,2.79615,110.54872843169571
2532,2533,-32992029#1,4.9035,77.68053415867463
2536,2537,-3301995#1,1.2054,0.2933333333333333
2538,2539,-3301995#2,14.412300000000002,3.0666666666666664
2540,2541,-3301995#3,3.2949,0.542857142857143
2542,2543,-3301995#5,24.0009,7.6000000000000005
2544,2545,-3301995#7,19.8975,0.9999999999999991
2546,2547,-3301996#0,9.3324,1.3560606060606062
2548,2549,-3301996#1,8.0031,1.6470588235294117
2550,2551,-3301997,0.4882500000000001,0.0
2554,2555,-3301998#4,29.600550000000002,0.0
2556,2557,-3301998#8,19.97625,0.0
2558,2559,-3301999#2,8.954400000000001,2.1714285714285713
2560,2561,-3302000#1,8.392650000000001,1.288888888888889
2562,2563,-3302000#3,10.825500000000002,2.8611111111111107
2564,2565,-3302001#0,1.12665,0.5256410256410257
2566,2567,-3302001#1,13.12395,7.023655913978495
2568,2569,-3302001#5,30.34185,2.699999999999999
2570,2571,-3302175#2,7.8645000000000005,10.962994550628883
2572,2573,-3303591#1,24.650850000000002,8.953846153846154
2576,2577,-3322001#0,0.43785,0.41346322535371105
2578,2579,-3322001#4,5.532450000000001,1.1025750151867326
2580,2581,-3322003#1,14.03325,6.014705882352941
2586,2587,-3322006#0,1.55295,5.142857142857143
2588,2589,-3322006#1,0.9974999999999999,0.0
2590,2591,-3322008#3,19.8135,12.3
2592,2593,-3322008#6,19.50375,4.4874316939890715
2594,2595,-3322008#7,0.8043,0.2532656023222061
2596,2597,-3322008#9,9.681000000000001,1.3399897593445975
2600,2601,-3322009#2,7.89075,2.0
2602,2603,-3322010,9.819600000000001,3.7000000000000006
2604,2605,-3322011#10,11.56365,1.7420718816067653
2606,2607,-3322011#2,12.83205,6.490927419354839
2608,2609,-3322011#5,23.92845,12.69254032258065
2610,2611,-3322011#6,6.5058,0.9264902432504685
2612,2613,-3322011#7,8.829450000000001,1.8405928614640052
2614,2615,-3322012,11.96895,1.494901960784314
2618,2619,-3322015#1,11.88915,0.0
2620,2621,-3322015#3,14.3031,0.0
2624,2625,-3322015#6,11.2812,2.8000000000000003
2626,2627,-3322015#7,14.799750000000001,1.9999999999999998
2628,2629,-3322016#0,11.81355,2.3000000000000007
2632,2633,-3322016#4,9.47415,0.5
2634,2635,-3322016#6,8.484,6.753623188405799
2638,2639,-3322099,15.50955,2.1238095238095225
2640,2641,-3322100#0,11.6718,2.2222222222222223
2642,2643,-3322100#2,6.8649000000000004,0.8778966131907313
2644,2645,-3322100#3,2.8749000000000002,2.3747899159663857
2646,2647,-3322101#2,28.4403,10.093406593406595
2648,2649,-3322102#6,27.3609,2.9047619047619047
2650,2651,-3322103#3,12.73965,1.2599999999999987
2652,2653,-3322103#4,10.104149999999999,0.9836956521739129
2654,2655,-3322103#6,13.8936,1.8600000000000005
2656,2657,-3322103#9,12.46245,4.346336633663364
2658,2659,-3322132#1,15.75735,5.17225225225225
2660,2661,-3322132#2,8.05035,1.7565392354124751
2662,2663,-3322132#3,23.399250000000002,19.126666666666665
2664,2665,-3322132#4,9.7398,3.080645161290322
2666,2667,-3322132#7,10.555650000000002,4.576666666666666
2668,2669,-3322132#8,13.15965,7.263157894736841
2670,2671,-3322132#9,11.0922,4.9763157894736825
2674,2675,-3322133#4,41.202000000000005,2.8000000000000007
2676,2677,-3322134#0,8.1921,1.6285714285714286
2678,2679,-3322134#2,8.974350000000001,4.000000000000001
2680,2681,-3322134#4,40.8849,24.606060606060602
2682,2683,-3322135#1,8.112300000000001,0.0
2686,2687,-3322136#0,8.31915,1.1025641025641024
2688,2689,-3322136#4,10.98195,1.4095238095238096
2690,2691,-3322136#6,7.26705,1.5111111111111113
2692,2693,-3322136#7,6.728400000000001,0.6777777777777777
2694,2695,-3322139#0,0.0252,0.0
2696,2697,-3322139#2,22.5729,18.066666666666674
2698,2699,-3322139#4,22.081500000000002,17.7
2700,2701,-3322139#5,12.750150000000001,3.2500000000000004
2702,2703,-3322140,22.237949999999998,8.5
2704,2705,-3322286#1,47.32665,54.33333333333332
2712,2713,-334186514#2,9.880500000000001,1.500956754688097
2714,2715,-334186514#5,6.940500000000001,1.0068555539575237
2716,2717,-334186514#7,4.9371,0.5869222970958312
2718,2719,-3342911#3,21.801150000000003,14.695238095238084
2720,2721,-3343134#2,21.0609,6.809523809523805
2722,2723,-3343135#1,20.140050000000002,1.8777777777777764
2724,2725,-3343136#0,19.98885,4.151515151515152
2726,2727,-3343136#1,9.52035,1.5378787878787887
2728,2729,-3343137,11.46285,0.19999999999999984
2730,2731,-3343194,11.94795,0.6944444444444443
2732,2733,-3343238#13,28.02135,11.383399209486164
2734,2735,-3343238#22,26.4474,6.734453781512609
2736,2737,-3343238#25,10.22385,1.326839826839827
2738,2739,-3343238#26,6.1509,0.45714285714285713
2740,2741,-3343243#0,16.33695,0.933333333333334
2742,2743,-3343243#1,16.56585,3.0
2746,2747,-3343243#14,6.46905,1.4022177419354847
2750,2751,-3343243#16,5.25525,0.6777777777777777
2752,2753,-3343243#17,3.58155,0.2666666666666666
2754,2755,-3343243#4,7.926450000000001,1.564102564102564
2756,2757,-3343243#6,3.0786000000000002,0.7
2758,2759,-3343243#7,3.18885,0.4230769230769229
2760,2761,-3343243#8,3.31275,0.5073529411764706
2762,2763,-3343243#9,9.7965,0.0
2764,2765,-3343297,19.556250000000002,2.0
2766,2767,-334738101#1,20.491799999999998,5.614206196739079
2768,2769,-33525635#4,11.8461,2.5286533678493464
2770,2771,-33525635#5,8.701350000000001,1.5322293140129943
2772,2773,-33525635#6,7.94955,1.4654131447300327
2774,2775,-33525635#8,8.4651,1.1114390909668002
2776,2777,-33525636#2,11.4366,0.4102564102564103
2778,2779,-33525636#6,9.74085,0.0
2780,2781,-33525636#9,10.14615,0.6666666666666662
2782,2783,-33525637,7.852950000000001,0.923333333333333
2784,2785,-33525638#1,3.99735,0.25000000000000006
2788,2789,-33525639#1,30.5928,15.199999999999992
2790,2791,-33525639#4,38.3019,1.7666666666666675
2792,2793,-33525640,10.808700000000002,1.9886363636363638
2794,2795,-33525641,0.0252,2.0779639175257736
2796,2797,-33616844#3,7.6629000000000005,0.7000000000000002
2798,2799,-33633168#11,28.3857,7.907801418439716
2800,2801,-33633168#7,48.263250000000006,23.89411764705882
2804,2805,-33633170#1,31.571400000000004,9.3
2810,2811,-33633172,12.097050000000001,1.4333333333333333
2814,2815,-3425483,6.68745,0.25
2816,2817,-3425485#0,19.11315,2.766304347826084
2818,2819,-3425485#1,9.12345,0.7252747252747249
2820,2821,-3425485#2,10.4265,1.8380952380952367
2822,2823,-3425489#3,17.8857,5.437908496732026
2824,2825,-3425499#1,2.99775,0.4363636363636363
2826,2827,-3425499#10,30.91095,4.204545454545452
2828,2829,-3425499#17,27.0396,11.88888888888889
2830,2831,-3425499#20,17.72295,2.295833333333332
2832,2833,-3425499#21,13.551300000000001,0.7000000000000004
2834,2835,-3425499#22,7.534800000000001,0.6222222222222225
2836,2837,-3430495#4,18.669,3.6000000000000005
2844,2845,-3447778#0,0.0378,0.2
2846,2847,-3447778#1,0.49245,0.30000000000000004
2850,2851,-345733058,2.9158500000000003,0.055555555555555566
2852,2853,-34946878#10,16.486050000000002,4.145137880986938
2854,2855,-34946878#6,44.51055,26.66531986531986
2856,2857,-34955715,0.1512,0.07692307692307691
2860,2861,-34955717#4,4.3344000000000005,0.2777777777777777
2862,2863,-34955717#5,3.56265,0.26666666666666666
2866,2867,-350136806#1,2.1231,0.40952380952380957
2868,2869,-350136806#12,18.8454,9.323333333333334
2872,2873,-35039843#2,11.071200000000001,4.495238095238095
2874,2875,-35039843#6,7.9863,2.074866310160428
2876,2877,-35039843#7,2.96835,0.4413319238900635
2878,2879,-35039844,7.4592,0.5636363636363637
2880,2881,-35039845#4,33.80055,10.650000000000006
2884,2885,-35043607,9.56235,3.955555555555555
2886,2887,-35052911#3,5.7078,0.7142462209847656
2888,2889,-35063721#4,14.588700000000001,0.9444444444444426
2890,2891,-35064461#3,67.71345000000001,43.999999999999986
2892,2893,-35078030#0,2.0097,0.19999999999999996
2894,2895,-35078030#1,4.4037,0.42857142857142855
2898,2899,-35078034,24.977400000000003,1.2999999999999998
2902,2903,-35078618,10.9746,39.99622851090762
2904,2905,-35108718,6.428100000000001,1.0539419087136928
2906,2907,-35108719#2,0.67305,10.24494029548674
2908,2909,-35108720#23,26.54925,8.435570553680796
2910,2911,-35108720#5,3.3022500000000004,136.07008192122098
2912,2913,-35108720#9,6.2769,0.9567862054374272
2914,2915,-351615223#0,0.7434,0.5050420168067227
2916,2917,-351615223#6,13.68045,2.97080745341615
2918,2919,-351615223#7,1.1760000000000002,0.25865384615384623
2920,2921,-351615223#8,3.8745000000000003,0.3887468030690537
2922,2923,-351615235#13,7.6356,1.5501683501683503
2924,2925,-351615235#3,6.26535,0.8228956228956228
2926,2927,-351615235#6,4.1706,1.5158653846153847
2928,2929,-351615245#2,10.472700000000001,1.4645161290322581
2930,2931,-3526897#0,12.069749999999999,1.3391812865497073
2932,2933,-3526897#1,6.60135,0.45714285714285724
2934,2935,-3526898#1,12.171600000000002,0.4230769230769232
2936,2937,-3526898#2,7.2807,0.7999999999999997
2938,2939,-3526898#4,4.965450000000001,0.2777777777777778
2940,2941,-352875086#1,5.9892,1.031430513081889
2942,2943,-353258540#4,1.69995,1.6847460791635545
2944,2945,-353666023#0,11.2539,2.537356321839081
2946,2947,-353666023#1,18.68475,6.928164396822954
2948,2949,-353666023#2,7.182,1.4236147298940418
2950,2951,-353666023#6,7.93275,1.615362169199344
2952,2953,-353666023#7,5.3781,0.843838660397199
2954,2955,-3550327#32,61.667550000000006,166.23333333333332
2956,2957,-3551567#12,19.8072,15.557142857142864
2958,2959,-3551567#19,13.9755,1.4999999999999996
2960,2961,-3551567#4,42.372749999999996,43.673414304993244
2962,2963,-3551567#7,13.865250000000001,7.335384615384624
2964,2965,-3551810#18,26.60385,7.171428571428571
2966,2967,-3551810#6,25.545450000000002,5.972549019607843
2968,2969,-3551828#1,19.7841,6.099999999999999
2970,2971,-3551833#4,22.145550000000004,6.2333333333333325
2974,2975,-3551855#0,0.51345,0.2666666666666666
2976,2977,-3551855#13,15.67965,3.0434782608695654
2978,2979,-3551855#4,15.928500000000001,2.576923076923074
2980,2981,-3551934#5,17.76075,3.3000000000000003
2982,2983,-3551936#2,19.3641,2.3000000000000007
2988,2989,-3552681#8,15.3594,2.5444444444444447
2990,2991,-3552688#1,8.2173,1.5378787878787876
2992,2993,-3552688#2,0.049350000000000005,0.0
2994,2995,-3552734#2,63.670950000000005,48.751722440944874
2996,2997,-3552734#5,52.3068,33.42984960974679
2998,2999,-3552735,0.026250000000000002,0.0
3002,3003,-35921905#1,1.4710500000000002,0.19999999999999996
3004,3005,-35994258#12,3.1741500000000005,0.31428571428571433
3006,3007,-35994258#3,9.5886,1.5858250276854933
3010,3011,-35994258#9,5.97975,0.30000000000000004
3014,3015,-360015946#0,8.009400000000001,1.2319327731092435
3016,3017,-360015946#1,8.345400000000001,1.1275862068965516
3018,3019,-360015946#2,8.4252,1.154022988505747
3020,3021,-361074024,26.943,17.971428571428575
3022,3023,-361156401#3,7.477050000000001,11.25546218487395
3024,3025,-361462507#3,8.95335,1.5428571428571427
3028,3029,-3615536#2,14.75775,0.0
3030,3031,-3615537,0.0252,0.21241830065359474
3032,3033,-3615539#4,14.8596,0.0
3034,3035,-3615540,17.244149999999998,1.2999999999999994
3040,3041,-3625904#1,11.13,0.7999999999999998
3042,3043,-3625904#2,11.32845,0.5
3044,3045,-3625906#0,11.804100000000002,1.5073529411764706
3046,3047,-3625906#1,11.8902,1.6923076923076918
3048,3049,-3625906#2,5.5125,0.2777777777777778
3052,3053,-363470954#15,18.16815,4.988888888888891
3054,3055,-363470954#6,12.07185,3.299999999999999
3058,3059,-363470957#2,11.7474,3.150197628458497
3060,3061,-363470959#4,35.0889,11.583333333333334
3062,3063,-363470960#9,42.05775,9.655555555555564
3064,3065,-363801259#2,1.0437,0.628372823984525
3068,3069,-3655020#2,28.430850000000003,6.700000000000005
3070,3071,-3655024#1,11.852400000000001,0.5000000000000001
3072,3073,-3655024#2,8.3349,1.2000000000000002
3074,3075,-3655028#3,32.0859,10.2
3076,3077,-3655033#0,7.028700000000001,0.7352941176470588
3078,3079,-3655033#1,9.12345,0.9230769230769225
3080,3081,-3655033#5,10.262699999999999,3.061904761904762
3082,3083,-3655042#0,27.7767,5.299999999999997
3086,3087,-3655064#11,6.6255,0.3333333333333335
3088,3089,-3655064#4,7.884450000000001,0.5
3090,3091,-3655064#6,7.775250000000001,0.0
3092,3093,-3655072#14,20.1138,5.943019943019946
3094,3095,-3655072#19,13.4253,4.336182336182334
3096,3097,-3655072#7,42.20685,12.299999999999999
3098,3099,-3655072#8,15.0843,2.2095238095238074
3100,3101,-3655076#1,5.51775,0.8088235294117644
3102,3103,-3655078#0,9.4059,1.1360887096774195
3104,3105,-3655078#2,9.5067,2.080672268907563
3106,3107,-3655080,21.4662,14.67777777777778
3110,3111,-366102515#13,37.2603,15.195850540806287
3112,3113,-366102516,2.2008,0.32601797990481196
3114,3115,-366102518#1,5.0715,0.398995240613432
3116,3117,-366102520#2,14.721,3.7556729264475757
3118,3119,-366137227#1,44.499,37.30920191295356
3120,3121,-3661678#5,22.218,8.8
3122,3123,-3661678#6,6.295800000000001,0.5636363636363637
3124,3125,-3661678#7,10.22385,1.083333333333333
3126,3127,-3689660#2,21.39585,30.47272727272728
3128,3129,-3689660#3,23.091600000000003,8.944444444444443
3130,3131,-3689776#3,17.45835,4.266666666666668
3132,3133,-3689777,13.517700000000001,2.099999999999999
3134,3135,-3689778#1,2.73315,0.40000000000000013
3136,3137,-3689778#2,7.4466,0.30000000000000004
3142,3143,-3689781,9.822750000000001,1.1524064171123007
3144,3145,-3689782#2,21.33915,9.700000000000003
3148,3149,-3689881#1,7.4182500000000005,0.7000000000000002
3150,3151,-3689882,6.364050000000001,0.30000000000000004
3156,3157,-3692212#2,8.1249,0.21428571428571438
3158,3159,-3693729#1,5.2101,0.7999999999999998
3160,3161,-3693729#4,10.16295,2.2666666666666684
3164,3165,-3693731#2,28.7889,7.019762845849801
3166,3167,-3693731#4,27.73785,7.730769230769233
3170,3171,-3701102#5,8.788499999999999,1.2987012987012985
3172,3173,-37018082#1,10.81395,1.1428571428571437
3176,3177,-37018139#0,11.0628,2.3333333333333375
3182,3183,-37018150#3,13.26885,7.489361702127654
3184,3185,-37018549#1,35.0763,13.75
3186,3187,-37018549#6,30.828,11.700000000000001
3188,3189,-3709038#3,25.8342,13.93589743589744
3192,3193,-371609622#1,26.758200000000002,11.894957983193276
3194,3195,-371609624#0,10.0485,1.5816696914700543
3196,3197,-371609624#12,17.904600000000002,5.186234817813766
3198,3199,-371609624#17,6.48165,0.20000000000000018
3200,3201,-371609624#8,9.93825,2.483130904183536
3202,3203,-37253337#0,13.8579,10.828947368421055
3204,3205,-37253337#4,24.116400000000002,13.95555555555556
3208,3209,-37253348#3,26.4768,18.95538461538463
3212,3213,-37299313#5,10.0212,3.7342105263157888
3214,3215,-3732656,10.784550000000001,1.8404558404558409
3216,3217,-3732685#2,34.8537,12.800000000000002
3218,3219,-373269563#1,15.506400000000001,1.7333333333333334
3220,3221,-373269567#2,11.2476,0.7
3224,3225,-3732706#1,39.549299999999995,29.494444444444454
3226,3227,-3732737#0,10.152450000000002,2.1999999999999993
3230,3231,-3732784,13.325550000000002,2.0
3232,3233,-3732880#5,30.8217,12.299999999999997
3234,3235,-3732947#1,9.191699999999999,0.5
3238,3239,-3733064,9.6978,0.2999999999999998
3240,3241,-3747321,14.9898,4.299999999999999
3242,3243,-374909783#2,1.7745,0.30819209039548023
3244,3245,-3753328#13,25.0614,10.766666666666667
3246,3247,-375792027#5,13.429499999999999,2.7668825161887156
3248,3249,-37640569#1,8.8914,2.2538461538461543
3250,3251,-37640569#3,12.650400000000001,3.7553846153846164
3252,3253,-37640569#4,9.2211,1.9261538461538472
3254,3255,-37640569#7,11.04285,2.904615384615383
3256,3257,-37642925#4,17.20215,5.299999999999999
3258,3259,-37642925#9,22.6968,8.166666666666663
3262,3263,-37665849#2,5.3529,37.330268332176736
3264,3265,-37739521#5,15.1788,5.344444444444445
3268,3269,-37768220#1,11.87865,51.2
3278,3279,-37855480#4,19.46385,3.2078947368421047
3282,3283,-38273891,9.419550000000001,16.357591740545406
3286,3287,-3846270#8,35.8785,35.199999999999996
3288,3289,-3846298#3,48.06795,0.0
3290,3291,-3846306#1,48.5415,29.575757575757578
3292,3293,-3846337#1,10.381350000000001,1.066666666666666
3294,3295,-3846337#2,7.3941,0.6500000000000002
3296,3297,-3846341#1,11.07225,2.3333333333333335
3298,3299,-3846341#3,6.98355,2.7
3300,3301,-3846341#4,9.86895,2.1640211640211637
3304,3305,-38522958,7.462350000000001,1.7368695240350476
3306,3307,-38522959#1,12.06555,2.4783105022831062
3308,3309,-38522961#6,8.69505,3.1664931760351585
3310,3311,-38609704#12,30.95925,8.250000000000005
3312,3313,-38609704#18,10.27425,1.5833333333333328
3314,3315,-38609709#2,24.855600000000003,12.219780219780223
3316,3317,-38609710#2,14.31045,3.4333333333333327
3322,3323,-386516182,0.23625000000000002,0.07699742672440844
3324,3325,-386516183,0.5817000000000001,0.2520811868295795
3326,3327,-386516184#1,0.5208,0.18594346396583628
3328,3329,-386516185#5,3.1374,1.3373655584181896
3330,3331,-386516186#2,1.94775,0.2778019223259385
3332,3333,-38684265#1,8.72235,4.30408555232341
3334,3335,-38684265#3,13.147050000000002,3.5254119954617997
3336,3337,-38684265#9,25.8468,10.20747729133366
3338,3339,-387912823#5,11.2686,0.48888888888888954
3340,3341,-38876178#1,23.931600000000003,9.087423746616574
3342,3343,-38876178#10,9.519300000000001,4.123271889400921
3344,3345,-38876178#2,0.7938000000000001,0.2813973259139037
3346,3347,-38876178#6,7.0875,1.3359788359788363
3348,3349,-38876179#0,17.33865,29.799999999999994
3350,3351,-38876179#1,10.726799999999999,4.15126050420168
3352,3353,-38876179#10,15.634500000000001,15.466666666666669
3354,3355,-38876179#2,10.3971,0.5
3356,3357,-38876179#4,11.21505,0.7999999999999998
3358,3359,-38876179#6,22.60125,3.2
3360,3361,-38876180#1,15.70065,16.322023922536534
3362,3363,-38876180#10,14.369250000000001,3.4882547078237223
3364,3365,-38876180#11,10.8507,1.8525554047942112
3366,3367,-38876180#12,1.9876500000000001,0.43361285814115996
3368,3369,-38876180#15,12.5538,1.8222222222222229
3370,3371,-38876180#3,17.20005,3.897384481255449
3372,3373,-38876180#4,2.4843,0.3995702885205649
3374,3375,-38876180#6,13.334999999999999,2.855491329479768
3376,3377,-38876180#7,13.53555,3.1159740642499263
3378,3379,-39306504#1,9.66315,1.1625615763546804
3380,3381,-3931766#9,35.94675,45.8
3382,3383,-3931767#12,30.6873,11.699999999999998
3384,3385,-3931767#14,17.081400000000002,11.066666666666666
3386,3387,-3931767#4,23.5326,7.866666666666663
3390,3391,-3960574,7.9527,0.0
3392,3393,-3960575#14,15.467550000000001,4.606060606060605
3394,3395,-3960575#21,22.94145,7.985294117647056
3396,3397,-3960575#22,2.3908500000000004,0.4940711462450592
3398,3399,-3960575#5,21.1848,8.931818181818182
3400,3401,-3960575#8,2.1955500000000003,0.6666666666666664
3408,3409,-3960690#1,8.137500000000001,0.9333333333333338
3410,3411,-3960691#0,8.1942,0.8106060606060602
3412,3413,-3960691#1,8.18685,0.0
3414,3415,-3960692#2,11.76,18.3
3416,3417,-3960693#0,2.5284,0.3280632411067193
3418,3419,-3960693#10,15.73215,6.173913043478263
3420,3421,-3960693#11,1.9929,0.30499325236167335
3422,3423,-3960693#14,21.0042,16.590643274853804
3424,3425,-3960693#3,20.0739,9.776666666666666
3426,3427,-3960694#0,21.4263,5.611111111111111
3428,3429,-3960694#2,15.5904,5.955555555555557
3430,3431,-3960694#3,2.0800500000000004,0.23333333333333328
3432,3433,-3960694#4,22.3629,6.971428571428571
3434,3435,-3960695,16.36635,1.6923076923076923
3436,3437,-3960862#0,12.558000000000002,3.6952380952380954
3438,3439,-3960862#1,7.26285,0.0
3440,3441,-3960862#2,7.5642000000000005,0.4
3444,3445,-3979002#0,11.46285,3.1400000000000006
3446,3447,-3979002#1,7.828800000000001,1.1222222222222218
3450,3451,-3979003#0,23.312100000000004,7.377777777777778
3452,3453,-3979003#1,9.055200000000001,1.4736842105263157
3462,3463,-3979006#1,6.51525,0.9476190476190476
3464,3465,-3979006#2,8.0409,1.5000000000000002
3470,3471,-3979008,21.59535,14.299999999999999
3474,3475,-3979010#1,11.7789,3.4285714285714284
3476,3477,-3979010#3,5.78655,0.5157894736842107
3478,3479,-3979011#1,15.74475,4.221052631578948
3480,3481,-3986114#0,11.324250000000001,4.5
3482,3483,-3986114#2,11.13,0.8444444444444446
3486,3487,-3986114#5,13.8831,1.3777777777777764
3490,3491,-3986115#1,19.209750000000003,3.2229885057471264
3492,3493,-3986116#0,18.13665,4.611111111111111
3494,3495,-3986116#1,17.164350000000002,3.211111111111111
3496,3497,-3986117#1,17.20215,4.800000000000002
3500,3501,-3986119,9.76605,0.8611111111111114
3502,3503,-3986698,38.71875,17.090909090909093
3504,3505,-3994235#3,26.87895,12.123809523809525
3506,3507,-3994239#0,18.9756,4.455555555555556
3510,3511,-3994239#2,4.2945,0.26470588235294135
3512,3513,-3994239#3,2.3688,0.9696969696969695
3514,3515,-3994239#4,7.174650000000001,0.0
3518,3519,-3994239#6,5.4841500000000005,0.29999999999999993
3520,3521,-3994240#0,13.100850000000001,2.761904761904762
3522,3523,-3994240#1,4.03725,0.25000000000000017
3524,3525,-3994240#2,21.929250000000003,9.0
3526,3527,-3994241,19.038600000000002,4.131868131868133
3528,3529,-3994242#0,16.02195,1.6938405797101452
3532,3533,-3994243#0,6.4407000000000005,0.872727272727273
3534,3535,-3994243#1,10.03695,0.2999999999999998
3536,3537,-3994243#4,12.4761,1.4184210526315788
3538,3539,-3994245,18.79815,7.730769230769231
3540,3541,-3994246#2,6.8166,0.9743589743589741
3542,3543,-3994246#3,8.55015,4.333333333333334
3546,3547,-3994246#5,13.63005,5.699999999999999
3548,3549,-3994246#7,27.00495,14.916666666666663
3550,3551,-3994246#8,6.65805,1.5833333333333328
3552,3553,-3994250#6,14.99925,2.9358974358974343
3554,3555,-3994254,14.97405,2.1142857142857143
3556,3557,-3996182#1,14.3472,2.3
3558,3559,-3996183#1,8.4966,1.9999999999999996
3560,3561,-3996183#3,17.0436,3.316666666666664
3562,3563,-3996991,0.016800000000000002,0.26666666666666666
3566,3567,-4000002#2,2.7342000000000004,0.2666666666666667
3568,3569,-4003710#1,3.1647,8.878160919540232
3572,3573,-4005487#1,21.5271,5.155555555555557
3574,3575,-4005487#8,30.77445,2.666666666666668
3576,3577,-4005488#10,16.04715,4.3
3578,3579,-4005488#6,20.41935,3.999999999999999
3580,3581,-4005488#8,30.719850000000005,7.974358974358977
3582,3583,-4005489#2,19.416600000000003,3.7032258064516115
3584,3585,-4005489#3,30.935100000000002,7.583333333333331
3586,3587,-4005489#5,12.74595,3.066666666666667
3588,3589,-4005490#0,11.13,1.3625730994152037
3590,3591,-4005490#1,10.139850000000001,13.97992397244001
3592,3593,-4005490#10,20.76165,5.621612466124661
3594,3595,-4005490#2,13.5828,1.3769521843825252
3596,3597,-4005490#4,8.8956,5.510298102981025
3598,3599,-4005491#0,8.01465,1.3333333333333337
3600,3601,-4005491#1,9.293550000000002,5.257352941176471
3602,3603,-4005492#0,8.5617,1.5026315789473688
3604,3605,-4005492#1,8.28765,1.0
3606,3607,-4005492#2,10.599750000000002,2.1157894736842104
3608,3609,-4005493,12.968550000000002,0.0
3610,3611,-4005494#13,9.2988,0.0
3612,3613,-4005494#16,15.456000000000001,0.7999999999999992
3614,3615,-4005494#2,8.1312,1.3809523809523803
3618,3619,-4005494#7,8.2236,0.875
3620,3621,-4005494#8,8.36115,0.9047619047619051
3622,3623,-4005495,15.30165,4.192307692307692
3624,3625,-4005496,13.4589,2.1777777777777767
3626,3627,-4005497#1,13.9566,1.2999999999999998
3628,3629,-4005499#2,14.72415,3.7608695652173907
3630,3631,-4005500#1,19.75995,6.840677966101696
3632,3633,-4005500#3,28.154700000000002,10.010975609756098
3634,3635,-4061607#3,8.28555,1.5579710144927537
3636,3637,-4061607#7,19.65285,6.591133004926107
3638,3639,-4061622,0.0252,0.25236167341430504
3642,3643,-4068433#1,7.820400000000001,0.20000000000000018
3646,3647,-4068434#2,34.3497,6.8
3650,3651,-4068435#4,25.42575,82.8
3652,3653,-4073022,3.8745000000000003,133.42795482572873
3654,3655,-4073031#1,3.87765,49.4032258064516
3656,3657,-40742406#3,13.20375,1.6999999999999997
3666,3667,-4074424#1,14.7483,2.5
3668,3669,-4074424#3,8.873550000000002,0.8999999999999999
3672,3673,-4076473#0,18.1461,7.393753200204809
3674,3675,-4076473#1,9.04365,1.5666666666666669
3676,3677,-4076474#0,11.512200000000002,3.549152542372881
3678,3679,-4076474#3,11.2875,2.9396078431372548
3680,3681,-4076474#4,12.4656,5.523684210526315
3682,3683,-4076475#1,18.009600000000002,0.5714285714285718
3684,3685,-4076476#1,3.6036,0.643925366756872
3686,3687,-4076476#18,26.89995,8.618253968253967
3688,3689,-4076476#3,12.702900000000001,1.8946236559139789
3690,3691,-4076476#8,11.5479,1.4431216931216937
3694,3695,-4076479#13,28.930650000000004,10.0
3696,3697,-4076482#1,1.41855,0.3233333333333334
3698,3699,-4076483,6.571950000000001,0.32222222222222263
3704,3705,-4076496#1,12.47295,2.441176470588236
3706,3707,-4076496#12,16.71705,0.26666666666666633
3708,3709,-4076496#3,4.78695,0.5619047619047618
3710,3711,-4076503#2,5.621700000000001,0.8000000000000003
3712,3713,-4076551#1,8.745450000000002,102.84874973880342
3714,3715,-4076563#14,12.911850000000001,1.4666666666666661
3716,3717,-4076563#21,17.3901,4.3919540229885055
3726,3727,-4076566#5,30.5466,3.500000000000001
3732,3733,-4080255#6,12.2178,68.93369249173851
3734,3735,-4082054#13,10.56825,1.9281628917867764
3736,3737,-4082054#9,20.20935,6.250495049504951
3740,3741,-4083291#3,11.676,8.0
3742,3743,-4083292#1,9.2967,2.0
3744,3745,-4083293#3,22.2789,4.3
3746,3747,-4083293#8,14.94045,4.57142857142857
3748,3749,-4083300,15.5379,4.700000000000001
3752,3753,-4083305#19,32.9133,16.273001508295618
3756,3757,-41532482,57.23865,46.71380471380472
3758,3759,-41821146#1,5.22585,1.3
3760,3761,-41821147#2,7.4508,2.2095238095238097
3764,3765,-421117035,0.0252,0.2651515151515152
3766,3767,-42150868#1,1.17285,36.57603686635945
3768,3769,-42150869,0.8589,0.30678812812224504
3770,3771,-42150870#10,6.284250000000001,1.075157773952954
3772,3773,-42150870#14,6.30525,0.8186068256194483
3774,3775,-42150870#16,10.5504,1.8758678729223641
3776,3777,-42150870#2,7.686000000000001,0.8542644757433492
3778,3779,-42150870#4,5.4022499999999996,1.435260463715748
3780,3781,-42150870#7,3.2718000000000003,0.5653568564554933
3782,3783,-42150872#1,12.3186,2.3740122914837585
3784,3785,-42150873#7,11.8566,3.096830985915491
3788,3789,-4228620#3,24.11325,3.388888888888888
3792,3793,-4228623#1,25.985400000000002,9.700000000000001
3794,3795,-4228624#0,8.4693,0.0
3800,3801,-4228627#0,5.141850000000001,0.5
3802,3803,-4228627#1,8.72025,1.1666666666666667
3804,3805,-4228628#15,13.35495,2.027472527472528
3806,3807,-4228628#16,11.66865,2.3144360023378137
3808,3809,-4228628#18,5.54715,1.7049319727891168
3810,3811,-4228628#2,6.853350000000001,2.3
3812,3813,-4228628#5,6.926850000000001,1.5833333333333328
3814,3815,-4228628#8,6.22965,0.9166666666666666
3818,3819,-4228633#1,43.804950000000005,65.3
3822,3823,-4228637#1,14.107800000000001,0.0
3826,3827,-4228898#15,22.2852,4.8999999999999995
3830,3831,-4228902#1,7.380450000000001,1.3523809523809531
3832,3833,-4228904#0,6.174,0.09999999999999992
3834,3835,-4228904#1,1.97295,0.45714285714285735
3836,3837,-4228904#3,4.7397,0.9000000000000001
3838,3839,-4228904#4,2.6796,0.39999999999999974
3840,3841,-4228906#3,20.032950000000003,2.0
3844,3845,-4228914,4.2871500000000005,0.2
3846,3847,-4228924#1,2.3478000000000003,3.9480769230769237
3848,3849,-4228924#3,10.32255,1.9643678160919553
3850,3851,-4228926#0,6.35565,1.1043956043956042
3852,3853,-4228926#2,10.8465,4.730942452043371
3854,3855,-4228940#2,26.61225,67.66666666666667
3856,3857,-4228941#2,5.884200000000001,0.43873517786561284
3858,3859,-4228947,1.2012,0.08658008658008656
3860,3861,-4228952#2,2.12625,0.27388316151202746
3864,3865,-4228986#1,29.898750000000003,26.204440333024976
3866,3867,-4228986#7,89.12190000000001,99.39037433155083
3872,3873,-4228988#6,155.68665000000001,588.7
3876,3877,-4229042#17,49.5075,56.3
3878,3879,-4229043#16,44.4654,29.70000000000001
3880,3881,-4229044#2,39.17550000000001,0.0
3886,3887,-4229077#2,6.524700000000001,0.7
3888,3889,-4229686#1,3.23715,1.4952380952380953
3890,3891,-4229686#3,30.951900000000002,26.799999999999997
3892,3893,-4230954,1.3377000000000001,0.16263729366723162
3894,3895,-4231195#11,3.3379499999999998,0.47677762286511005
3896,3897,-4231195#14,3.5238,0.9212188777406166
3898,3899,-4231195#3,4.39845,47.106183198481695
3900,3901,-4231195#7,4.3553999999999995,0.5658174097664538
3902,3903,-42376205#8,21.615299999999998,9.71
3904,3905,-42506321#2,13.01895,2.6285714285714286
3906,3907,-42506322#1,21.219450000000002,5.023259623259623
3908,3909,-4256770#1,31.79505,39.3152709359606
3910,3911,-4256770#4,55.37070000000001,63.86029411764706
3916,3917,-4268724#1,11.31585,1.1000000000000003
3918,3919,-4268724#4,22.39755,0.0
3920,3921,-4268725#0,7.680750000000001,1.3777777777777773
3922,3923,-4268725#1,6.13515,0.7111111111111114
3926,3927,-4268727#0,10.040099999999999,2.0505747126436775
3928,3929,-4268727#1,9.883650000000001,2.2988505747126435
3930,3931,-4268727#3,8.9229,1.870588235294116
3932,3933,-4268732#2,9.468900000000001,39.43790849673202
3934,3935,-4268732#3,10.141950000000001,8.0
3938,3939,-4268745#2,2.2144500000000003,0.38095238095238093
3942,3943,-4268941#1,1.43955,0.3792689579923624
3944,3945,-4268943#1,40.07325,21.63809523809525
3948,3949,-4287765#6,22.76085,7.205042016806723
3950,3951,-4288235#3,17.54025,6.569842738205369
3952,3953,-4288235#5,13.0578,4.187202538339503
3958,3959,-4291898#4,28.8708,6.700000000000001
3962,3963,-4291901#4,56.54145,95.00000000000001
3964,3965,-4300404#1,9.993900000000002,0.5
3968,3969,-4300404#9,7.84875,3.200000000000002
3978,3979,-4300423,26.52615,13.729166666666668
3980,3981,-4300425#0,8.1018,7.936842105263159
3982,3983,-4300425#2,5.956650000000001,3.5657894736842106
3984,3985,-4300425#3,12.1128,5.250000000000001
3986,3987,-4300430#2,28.096950000000003,26.333333333333336
3988,3989,-4300450#6,14.018550000000001,15.565614035087725
3990,3991,-4300452#1,8.82315,3.611111111111111
3992,3993,-4300453#3,37.656150000000004,33.3
3994,3995,-4300453#5,2.4402,0.6947368421052631
3998,3999,-4300455,9.4458,4.299999999999999
4000,4001,-4300456#3,10.731000000000002,2.6584615384615393
4004,4005,-4300496#2,37.8903,162.3
4006,4007,-4300496#3,15.289050000000001,15.0
4008,4009,-4300496#4,29.62995,41.066666666666656
4010,4011,-4300497,8.87775,1.771264367816092
4012,4013,-4300498#0,18.564,29.58947368421052
4014,4015,-4300498#1,2.6439,26.01111111111111
4016,4017,-4300500#0,14.1036,3.3333333333333366
4020,4021,-4300502#1,8.5029,1.52102102102102
4022,4023,-4300504#0,27.60555,15.699999999999996
4024,4025,-4300504#3,19.987800000000004,8.933333333333332
4026,4027,-4300505#0,0.0756,5.326315789473685
4028,4029,-4300505#1,9.691500000000001,1.6999999999999997
4030,4031,-4300506#1,22.8543,7.5
4032,4033,-4300927#0,11.259150000000002,26.27777777777778
4036,4037,-4300928,1.2841500000000001,10.84065934065934
4038,4039,-4300930#0,11.935350000000001,3.4666666666666663
4040,4041,-4300930#1,15.640800000000002,10.209523809523807
4042,4043,-4300930#2,2.583,12.809999999999997
4044,4045,-4300930#4,27.70005,15.609195402298845
4046,4047,-4300931,9.3366,2.3
4048,4049,-4300932#0,6.990900000000001,0.8
4054,4055,-4300934#1,7.477050000000001,1.8421052631578947
4056,4057,-4300934#3,8.89455,2.2046783625730995
4058,4059,-4300935#1,4.6662,0.7532467532467532
4060,4061,-4300935#2,6.1362000000000005,2.227272727272728
4064,4065,-4300936#1,1.61175,0.0
4066,4067,-4300936#2,3.50175,2.3
4070,4071,-4300937#1,5.5146,0.0
4072,4073,-4300937#3,9.79755,1.2999999999999994
4074,4075,-4300943#0,5.084099999999999,3.410714285714285
4076,4077,-4300943#2,10.47375,4.8235294117647065
4080,4081,-4300945#0,0.6762,18.696428571428573
4084,4085,-4300946#0,0.34755,0.5
4086,4087,-4300946#1,6.14565,0.30000000000000004
4088,4089,-4307723,11.97,2.093791789394561
4090,4091,-4313310#8,18.102,6.447580645161288
4094,4095,-4313346#11,18.382350000000002,6.78957928015564
4096,4097,-4313346#8,17.20215,7.738326693227094
4102,4103,-4350121#5,17.68095,6.028571428571423
4104,4105,-4350121#6,7.543200000000001,0.6933333333333337
4106,4107,-4350122#3,39.52935,33.23809523809524
4110,4111,-4350124#4,15.33,4.857142857142857
4118,4119,-4350128#1,4.4814,1.0666666666666669
4120,4121,-4350128#2,2.64915,0.8888888888888888
4122,4123,-4350132#2,29.111250000000002,3.8666666666666645
4124,4125,-43558218#2,34.4253,14.485294117647054
4126,4127,-43558218#4,15.0213,2.7000000000000006
4130,4131,-43558219,8.38635,1.4489795918367336
4140,4141,-4391188,15.431849999999999,3.0000000000000004
4144,4145,-4391195#1,7.989450000000001,1.5236842105263158
4146,4147,-4391195#7,18.1503,8.050000000000004
4152,4153,-4391199#1,12.6378,0.6999999999999997
4154,4155,-4391199#2,8.67405,0.5000000000000002
4156,4157,-4391200#1,6.85545,0.5000000000000001
4158,4159,-4391200#3,15.0507,1.6666666666666676
4164,4165,-4391203,3.88395,0.9523809523809523
4166,4167,-4391204#1,13.787550000000001,0.933333333333334
4170,4171,-4391205#1,1.5771000000000002,0.0
4172,4173,-4391205#2,3.5164500000000003,0.8000000000000002
4174,4175,-4391205#4,8.4252,2.6666666666666665
4176,4177,-4391206,13.9503,0.9333333333333331
4178,4179,-4391207,13.406400000000001,2.3
4180,4181,-4391208#1,11.063850000000002,1.9999999999999991
4184,4185,-4391209,7.4571000000000005,1.0
4186,4187,-4391211#0,7.135800000000001,1.0264550264550265
4188,4189,-4391211#1,3.0166500000000003,0.43873517786561284
4190,4191,-4391211#2,1.9341000000000002,0.5261437908496732
4192,4193,-4391212#2,36.877050000000004,22.025603864734297
4194,4195,-4391213#1,3.2403,0.39538461538461533
4196,4197,-4391214,17.705099999999998,5.743589743589745
4198,4199,-4391215#1,19.21605,6.643790849673205
4200,4201,-4391216#0,9.17385,1.1231884057971013
4202,4203,-4391216#1,8.3181,0.23333333333333353
4208,4209,-4391219#0,9.589649999999999,1.7999999999999998
4210,4211,-4391219#2,11.6928,3.6999999999999993
4212,4213,-4391221#0,15.32895,4.861111111111107
4216,4217,-4426247,15.23655,2.6380952380952394
4218,4219,-4426293,1.7514,0.25000000000000006
4222,4223,-4432946#0,2.6869500000000004,0.19999999999999996
4224,4225,-4432946#1,4.389,0.6421052631578946
4228,4229,-4432948#0,2.62815,0.30000000000000004
4232,4233,-4432949#2,6.725250000000001,2.2999999999999994
4234,4235,-4432949#3,2.5987500000000003,0.4999999999999996
4236,4237,-4432949#5,6.1089,0.5
4238,4239,-4432950#2,20.518050000000002,4.25
4240,4241,-4432951#0,4.8489,0.2066666666666667
4244,4245,-4432952#0,6.4344,1.2000000000000002
4246,4247,-4432952#2,6.300000000000001,0.8289473684210529
4248,4249,-4432952#4,13.0578,2.4210526315789465
4250,4251,-4432952#6,10.21335,1.6289473684210527
4252,4253,-4432952#9,21.62265,4.621052631578947
4254,4255,-4434009#4,9.18225,1.1684210526315792
4256,4257,-4434009#9,19.679100000000002,5.650362318840577
4260,4261,-4434031#10,19.88595,3.820689655172417
4262,4263,-4434031#2,13.144950000000001,25.98214285714286
4264,4265,-4434031#3,3.10065,0.6190476190476191
4266,4267,-4434031#8,13.209000000000001,2.224798387096774
4268,4269,-4434046#1,4.86885,0.7000000000000002
4270,4271,-4434046#4,34.41165,0.5
4272,4273,-4434047#5,47.27625,48.199999999999996
4276,4277,-4434054#1,2.9158500000000003,4.5
4278,4279,-4434056#0,16.5963,5.809523809523809
4282,4283,-4435387,8.265600000000001,1.4999999999999996
4284,4285,-4435388#11,28.53795,17.87777777777778
4286,4287,-4435389#13,27.249600000000004,6.982456140350875
4290,4291,-4435389#7,5.51775,0.30000000000000004
4292,4293,-4435389#8,3.2634000000000003,0.39999999999999997
4294,4295,-4435391#0,9.57495,0.6222222222222223
4296,4297,-4435391#1,8.95335,0.2999999999999998
4298,4299,-4435391#4,10.9284,0.566666666666667
4300,4301,-4435392#0,12.18105,2.544444444444444
4302,4303,-4435392#2,18.35085,3.397435897435898
4306,4307,-4435393#1,6.557250000000001,0.7428571428571428
4314,4315,-4435394#6,15.55575,21.583333333333332
4318,4319,-4435395#1,15.1515,1.8
4320,4321,-4435396#1,2.0989500000000003,1.217508417508418
4322,4323,-4435396#3,10.25955,1.427272727272728
4326,4327,-4435400,12.06555,2.457142857142857
4332,4333,-4435407,34.3224,7.066666666666666
4334,4335,-4435409,11.21505,0.7
4336,4337,-4435410#0,6.45015,0.0
4340,4341,-4435411#0,11.6592,1.7142857142857142
4342,4343,-4435411#2,5.4495000000000005,0.5
4346,4347,-4435413#0,9.73035,1.7666666666666662
4348,4349,-4435413#1,10.25535,2.2666666666666666
4350,4351,-4435432#2,32.67495,13.299999999999999
4354,4355,-4438150#10,11.868150000000002,1.2566666666666666
4356,4357,-4438150#5,19.120500000000003,47.40952380952381
4358,4359,-4438150#6,5.62065,0.20000000000000007
4360,4361,-4438153#2,48.8922,0.0
4362,4363,-4438158,17.5182,2.7999999999999994
4364,4365,-4438159#0,4.284000000000001,0.5246153846153845
4368,4369,-4438160,15.582,1.4952380952380968
4372,4373,-4438162#1,7.1673,0.5428571428571433
4374,4375,-4438162#2,3.2266500000000002,0.0
4378,4379,-4438168#1,8.65935,0.9166666666666665
4380,4381,-4438168#2,8.73075,1.3777777777777782
4382,4383,-4438168#4,7.758450000000001,0.9052631578947367
4386,4387,-4438177#1,18.064200000000003,9.788888888888886
4388,4389,-4438177#3,9.90255,4.68157894736842
4390,4391,-4438179,10.83705,1.1428571428571435
4394,4395,-4438181#1,2.78775,0.5444444444444445
4396,4397,-4438181#2,17.265150000000002,5.695238095238095
4398,4399,-4438181#4,3.50175,1.3142857142857138
4400,4401,-4438183#1,19.566750000000003,5.0
4404,4405,-4446643#2,17.969700000000003,2.5000000000000013
4406,4407,-4446664#3,30.447900000000004,22.800000000000004
4408,4409,-4446930#5,9.414299999999999,1.7840136054421771
4410,4411,-4446930#9,17.7366,7.298780487804878
4412,4413,-4446933#0,12.252450000000001,0.2999999999999998
4414,4415,-4446933#2,9.5172,0.17777777777777787
4416,4417,-4446936,0.0252,0.0
4418,4419,-4446938#1,25.519199999999998,2.8444444444444463
4420,4421,-4446938#3,11.4723,0.7000000000000002
4422,4423,-4446941#1,4.9822500000000005,0.7
4434,4435,-45033879#1,2.85075,0.9444444444444444
4436,4437,-45667818,15.839250000000002,3.9447368421052618
4438,4439,-464786789#1,11.3442,1.9116833736605612
4452,4453,-472367993,7.75425,1.0
4454,4455,-474008060,27.6213,18.299999999999997
4456,4457,-4825286#3,12.159,3.2888888888888896
4458,4459,-4827199#0,5.8191,4.303007722530821
4460,4461,-4827199#1,5.80335,1.3021680216802165
4462,4463,-4863242#2,1.8343500000000001,0.2777777777777778
4464,4465,-48653218,2.0979,0.5211461046649302
4470,4471,-488244956#1,16.0734,2.2333333333333325
4474,4475,-4887315#3,8.846250000000001,1.4211822660098525
4476,4477,-4887315#6,7.7133,1.5080213903743311
4480,4481,-4887449#5,11.89545,0.0
4482,4483,-4887454#0,6.4869,1.1555555555555554
4486,4487,-4887454#3,5.93775,0.0
4488,4489,-4887469#4,28.375200000000003,6.566666666666667
4490,4491,-4890655#1,5.72985,0.19999999999999996
4492,4493,-4890655#10,10.028550000000001,1.6380952380952392
4494,4495,-4890655#13,30.662100000000002,12.365789473684206
4496,4497,-4890655#3,18.91155,6.695238095238095
4498,4499,-4890655#5,10.155600000000002,1.5428571428571423
4500,4501,-4890750#13,16.3275,5.200000000000002
4502,4503,-4890750#17,8.11965,0.7999999999999999
4504,4505,-4890750#5,14.638050000000002,4.277777777777779
4510,4511,-4890764#2,6.69165,1.3976608187134503
4512,4513,-4890764#5,14.7252,3.999999999999999
4514,4515,-4890924#2,6.2517,0.5
4516,4517,-4890924#7,10.092600000000001,1.777777777777779
4520,4521,-4890940#5,8.4,1.441176470588235
4522,4523,-4890977#5,14.218050000000002,1.1999999999999993
4524,4525,-4890985#5,20.005650000000003,14.800000000000002
4528,4529,-4891063#1,0.39375000000000004,0.7435897435897436
4530,4531,-4891065#0,12.31125,1.7
4532,4533,-4891065#1,2.06325,0.39999999999999997
4534,4535,-4891077#3,3.4587000000000003,0.6153846153846153
4536,4537,-4891077#5,9.994950000000001,3.384615384615384
4538,4539,-4891091#10,3.7873500000000004,0.0
4542,4543,-48920011#1,8.4378,4.685714285714286
4544,4545,-48920011#2,2.88015,0.6000000000000002
4546,4547,-48920011#3,4.84155,0.5714285714285715
4548,4549,-48920012#0,2.6113500000000003,0.23809523809523805
4550,4551,-48920012#2,8.35485,0.9666666666666657
4556,4557,-49014483#2,10.2249,1.5172413793103459
4558,4559,-49014485,1.20855,0.26877470355731237
4562,4563,-49073480#1,1.50045,45.53616293143025
4564,4565,-4913264#6,107.1042,388.8444444444444
4566,4567,-4913450#2,10.0863,0.9444444444444442
4574,4575,-4919532#1,4.1265,1.0000000000000002
4576,4577,-4919532#33,94.91895000000001,89.28571428571428
4578,4579,-4919533#16,59.60535000000001,42.478160919540244
4580,4581,-4919534#3,5.77395,3.285714285714286
4584,4585,-4920889#2,1.80285,0.36363636363636365
4586,4587,-4920889#5,31.946250000000003,13.010000000000003
4596,4597,-4920913,0.0252,0.23188405797101452
4598,4599,-4921075#1,12.443550000000002,1.8777777777777775
4600,4601,-4921197#11,24.6771,4.333333333333333
4602,4603,-4921197#18,16.10595,4.854545454545457
4604,4605,-4921199,20.039250000000003,3.8222222222222237
4606,4607,-49302413#1,8.5029,2.400116144018583
4608,4609,-49302413#2,9.09825,2.162195121951219
4610,4611,-49302974#1,5.4978,1.4753694581280787
4612,4613,-49302974#3,8.536500000000002,1.4991596638655464
4616,4617,-4931717#3,10.25535,1.2999999999999994
4618,4619,-494444399#2,4.0803,3.78884234367956
4620,4621,-494444404#1,3.7422000000000004,1.0985971668271228
4622,4623,-4944884#6,15.089550000000001,2.527777777777778
4624,4625,-4944901,1.7829,0.4091954022988506
4626,4627,-4944907#2,16.546950000000002,4.265120967741934
4628,4629,-4944907#4,13.1292,2.485739750445633
4630,4631,-4944938,18.81915,6.199999999999999
4634,4635,-4945011#6,11.196150000000001,3.3905878355419654
4638,4639,-4945020#4,67.4163,12.300000000000008
4640,4641,-4945020#6,24.30645,3.7000000000000037
4642,4643,-4945020#7,18.5703,8.044444444444446
4646,4647,-4945030#6,10.24905,2.988888888888889
4648,4649,-4945094#4,6.127800000000001,36.571556550951854
4650,4651,-4948412#2,8.6226,1.0766488413547237
4652,4653,-4948412#5,7.86345,0.6081871345029245
4654,4655,-4948412#9,46.50345,13.777777777777779
4656,4657,-4948413#2,38.321850000000005,28.090476190476192
4658,4659,-4948420#0,3.4104000000000005,0.20000000000000007
4662,4663,-4953842#3,12.574800000000002,3.067816091954023
4664,4665,-4953842#8,11.868150000000002,0.5444444444444443
4666,4667,-4953894#8,26.7225,11.090322580645156
4668,4669,-4953945#3,3.7653,2.76578947368421
4670,4671,-4954089#13,49.2618,35.2
4672,4673,-4954113#11,37.50495,28.8731182795699
4674,4675,-4954113#2,13.968150000000001,3.884210526315792
4676,4677,-4954113#3,2.3771999999999998,0.2426470588235294
4678,4679,-4954113#8,12.00465,3.94871794871795
4680,4681,-4954130#13,20.1327,0.30000000000000027
4684,4685,-4954152#1,7.470750000000001,0.6380952380952379
4686,4687,-4954153#2,19.4859,5.410714285714286
4688,4689,-4954164#1,18.17025,4.479166666666664
4690,4691,-4954167#1,5.814900000000001,2.8
4692,4693,-4954167#3,5.88945,0.6060606060606063
4696,4697,-4955087#1,19.59825,10.090909090909093
4702,4703,-4955183#1,32.0586,2.5000000000000013
4704,4705,-4955183#12,29.2299,14.222222222222218
4708,4709,-4955183#9,48.153,63.7
4710,4711,-4955184#12,19.5552,4.7827260458839405
4712,4713,-4955184#4,13.57545,19.61490196078431
4714,4715,-4955205#2,14.775599999999999,1.300000000000001
4716,4717,-4955205#8,15.15675,1.7000000000000002
4718,4719,-4955218,2.63655,0.8
4720,4721,-4955222,8.527050000000001,0.8000000000000002
4722,4723,-4955226#0,3.77685,0.9241379310344829
4724,4725,-4955226#1,8.107050000000001,0.7111111111111111
4728,4729,-4955226#3,15.918000000000001,6.766666666666666
4730,4731,-4955226#4,13.384350000000001,3.2095238095238092
4734,4735,-4955248#2,8.26875,1.3
4736,4737,-4955248#3,7.596750000000001,0.5
4738,4739,-4955248#4,8.4819,1.3974358974358978
4740,4741,-4955248#5,10.65855,1.2095238095238092
4742,4743,-4955257#1,9.4101,1.5999999999999996
4744,4745,-4955257#3,3.9963,0.5
4746,4747,-4955278#0,28.253400000000003,13.5
4750,4751,-4955328#1,4.90665,1.3333333333333344
4752,4753,-4955328#5,19.803,14.222222222222225
4754,4755,-4955342#10,25.137000000000004,8.668188736681891
4756,4757,-4955342#14,12.878250000000001,2.0057471264367814
4758,4759,-4955342#15,6.892200000000001,0.9809523809523808
4762,4763,-4955388#16,25.015200000000004,7.199999999999999
4764,4765,-4955388#2,37.766400000000004,36.699999999999996
4766,4767,-4955388#3,37.943850000000005,84.5
4772,4773,-4956972#0,11.63715,0.7999999999999998
4778,4779,-4957002#1,11.5395,2.0
4788,4789,-496156855#1,9.9036,7.300000000000001
4790,4791,-4962257#0,22.13715,24.988888888888894
4792,4793,-4962257#1,0.0756,0.0
4798,4799,-4968452#1,7.6272,1.154022988505747
4800,4801,-4968471,14.3871,5.799999999999999
4802,4803,-4968472#2,14.0532,1.1555555555555557
4806,4807,-4968532#0,1.6810500000000002,0.3578947368421054
4814,4815,-4968721#0,11.0523,3.4945054945054954
4816,4817,-4968721#5,10.976700000000001,4.027472527472527
4820,4821,-49712177#6,14.109900000000001,2.6712041884816755
4824,4825,-4972205#3,11.3022,3.4999999999999996
4828,4829,-4972263#7,11.75685,3.2
4830,4831,-4972265#1,13.75185,4.4499999999999975
4832,4833,-4972276#0,3.2172,0.25000000000000006
4834,4835,-4972276#2,6.7231499999999995,1.0277777777777775
4836,4837,-4972277,16.580550000000002,6.666666666666667
4838,4839,-4972294#10,11.51955,2.0
4844,4845,-4972294#8,10.165049999999999,2.0000000000000004
4848,4849,-4972298#0,5.948250000000001,0.16666666666666669
4856,4857,-4972299#2,7.269150000000001,0.9624999999999999
4858,4859,-4972321#12,33.80895,15.980952380952386
4860,4861,-4972329#8,33.573750000000004,6.699999999999996
4862,4863,-4972332#10,32.99415,2.500000000000002
4864,4865,-4972345#4,40.1205,7.299999999999999
4868,4869,-4972398#4,9.2169,3.0666666666666664
4872,4873,-4972519#12,13.5555,5.333333333333332
4880,4881,-4972809#3,4.5171,0.2666666666666665
4882,4883,-4972874#7,8.08815,0.9888888888888894
4884,4885,-4972885#5,7.2093,9.285714285714283
4886,4887,-4973584#1,14.15085,1.9555555555555553
4890,4891,-4973609#3,28.787850000000002,10.444444444444445
4892,4893,-4973617#5,21.62265,5.699999999999999
4894,4895,-4973617#9,20.5905,15.211111111111117
4900,4901,-4973636,9.75765,3.511111111111111
4904,4905,-4973644#4,14.3367,4.700000000000002
4906,4907,-4973644#6,3.35895,0.7111111111111109
4908,4909,-4973674#3,15.03705,2.699999999999999
4920,4921,-4973746#4,16.19205,5.199999999999999
4922,4923,-4974618#2,175.77315,551.5
4924,4925,-4974619#2,3.54795,0.4888888888888887
4926,4927,-4974729#4,4.074,0.30000000000000004
4928,4929,-4974762,0.0252,0.16666666666666669
4930,4931,-4974861#1,3.6792000000000002,0.19999999999999996
4934,4935,-4975444#3,5.67315,0.6688710439300894
4936,4937,-4975444#6,6.79035,0.9704184704184697
4938,4939,-4975447#11,12.285,2.7666666666666657
4950,4951,-4975723#3,8.782200000000001,1.4184210526315786
4952,4953,-4975732#1,10.334100000000001,1.5111111111111106
4954,4955,-4998403#2,12.05085,0.5000000000000001
4956,4957,-4998510,4.6074,0.41657458563535904
4958,4959,-4998511,1.7934,0.4932473910374462
4960,4961,-4998853#0,4.6347,0.7984147000540446
4962,4963,-4998853#20,18.616500000000002,17.44926708547497
4964,4965,-4998853#6,12.07815,2.0347293156281903
4966,4967,-4998853#9,11.0334,1.869212098581031
4968,4969,-5004895#1,36.48225,38.23333333333333
4970,4971,-5004920#11,6.6465000000000005,0.5444444444444443
4974,4975,-5004922#2,13.86315,0.7666666666666667
4976,4977,-5004925,16.5102,2.666666666666668
4978,4979,-5004926#1,7.766850000000001,1.6571428571428566
4980,4981,-5004926#6,26.55765,9.73333333333334
4982,4983,-5004927#2,5.21745,0.6941176470588236
4984,4985,-5004927#3,8.1879,1.1051282051282048
4986,4987,-5004927#6,8.3916,0.999358974358974
4990,4991,-502149182,3.4839,0.20000000000000007
4992,4993,-5037652#4,22.71465,41.99621212121212
4996,4997,-5037764#1,1.5361500000000001,0.27272727272727265
5000,5001,-5057760#0,10.6596,1.3406593406593408
5002,5003,-5057760#1,9.1056,0.5000000000000001
5004,5005,-5057760#2,8.22885,1.495238095238095
5006,5007,-5057761#0,19.105800000000002,4.619047619047619
5008,5009,-5057761#1,7.016100000000001,0.9751454257006874
5010,5011,-5057761#2,23.827650000000002,8.527027027027028
5012,5013,-5057762#0,9.06675,3.2246376811594186
5014,5015,-5057762#1,8.94495,1.4451219512195126
5016,5017,-5057762#2,10.6764,2.2571428571428567
5020,5021,-5058288#2,9.016350000000001,0.8106060606060606
5024,5025,-5058336#1,11.8713,1.5523809523809526
5026,5027,-5058387#1,58.36950000000001,61.79999999999997
5028,5029,-5061525#2,24.4692,15.037704918032796
5030,5031,-5061525#5,14.35875,10.935960591133009
5032,5033,-5061526,11.95425,2.5940375414059624
5034,5035,-5061527#1,24.42405,5.199999999999999
5036,5037,-5061527#4,12.70815,3.123188405797101
5040,5041,-5061528#5,18.56715,2.0000000000000027
5046,5047,-5061529#0,10.808700000000002,2.111111111111111
5050,5051,-5061529#2,6.384,0.48888888888888904
5052,5053,-5061529#5,12.8163,2.177777777777778
5054,5055,-5061529#8,12.4068,1.1999999999999995
5056,5057,-5061530#7,26.607,10.982142857142849
5058,5059,-5061531#0,12.89295,5.111111111111111
5060,5061,-5061531#3,17.658900000000003,4.115384615384613
5062,5063,-5061531#7,23.516849999999998,6.77777777777778
5064,5065,-5061531#9,2.9085,0.7528899651186249
5066,5067,-5061532#4,9.8385,0.5
5068,5069,-5061534#3,18.5241,19.59999999999999
5070,5071,-5061535#1,18.708900000000003,6.563636363636364
5074,5075,-5061536,17.0835,5.714285714285713
5076,5077,-5061537#0,19.4208,3.054545454545453
5078,5079,-5061537#1,25.71975,6.418181818181817
5080,5081,-5061540#1,7.72695,0.48888888888888904
5082,5083,-5061540#7,20.448750000000004,1.9555555555555566
5088,5089,-5069266,0.0252,1.039024390243902
5090,5091,-5069268#1,25.378500000000003,18.499999999999996
5092,5093,-5069268#2,26.6259,2.0833333333333353
5094,5095,-5069270#0,26.77605,6.7625
5098,5099,-5069270#3,26.590200000000003,9.3
5100,5101,-5069270#5,46.2399,28.450000000000003
5102,5103,-5069270#9,29.132250000000003,9.33333333333334
5106,5107,-512877751,0.014700000000000001,0.013698630136986304
5108,5109,-513387307,11.404050000000002,1.4566666666666679
5110,5111,-51696606#0,2.5116,0.17777777777777778
5114,5115,-517974851,2.8035,0.3341050335432357
5116,5117,-517974852#1,7.3773,0.9770259564751398
5120,5121,-51893900,0.0252,0.0
5122,5123,-51982059#1,11.89755,1.3
5124,5125,-5212658#2,18.767699999999998,4.199999999999998
5126,5127,-5212659,4.36905,0.48888888888888904
5132,5133,-52382001#1,8.902949999999999,2.587878787878788
5134,5135,-52706832#1,2.10945,1.0971888773426022
5138,5139,-529236340#1,15.46545,4.2333333333333325
5140,5141,-53178982#2,9.166500000000001,1.7119746650203502
5142,5143,-53215269#10,20.397299999999998,1.5000000000000007
5146,5147,-53298708#1,0.6877500000000001,0.8062834601296138
5152,5153,-53815844,8.11755,1.0
5154,5155,-53815849,2.3394000000000004,0.4555555555555553
5156,5157,-548754521#0,0.0756,2.711111111111111
5164,5165,-56314194#1,17.51715,4.7447530864197525
5166,5167,-56314194#2,4.45305,0.5631846635367762
5168,5169,-56314194#21,29.5911,11.967641843971627
5170,5171,-56314194#5,6.1152,0.9236172080772598
5172,5173,-56314194#7,19.77255,5.619047619047619
5174,5175,-56314194#8,8.7381,1.1523947750362846
5176,5177,-56314195#0,12.6378,1.7500000000000004
5178,5179,-56314195#4,20.141099999999998,2.48888888888889
5180,5181,-56314195#5,1.008,0.24242424242424246
5182,5183,-58134301,5.596500000000001,1.4566666666666668
5184,5185,-58149345,5.1366000000000005,0.6666666666666666
5186,5187,-5832619#1,2.9337,3.5017903512368433
5188,5189,-60093645,5.2731,0.2
5190,5191,-60771197,5.8737,1.5833333333333328
5192,5193,-61583903#1,6.725250000000001,0.9274537695590324
5194,5195,-61583903#3,24.2844,5.576354679802954
5196,5197,-61583903#7,16.4241,4.628306878306876
5198,5199,-61584891#6,12.255600000000001,4.951612903225806
5200,5201,-624237809#3,12.08235,2.2777777777777772
5204,5205,-6275621#1,29.517599999999998,9.849999999999998
5206,5207,-6275621#2,9.8133,1.9415204678362572
5208,5209,-6275621#4,9.847949999999999,1.367647058823531
5210,5211,-6275621#5,9.644250000000001,1.2777777777777777
5212,5213,-6275621#6,10.8339,3.9562289562289545
5214,5215,-6275621#7,7.5873,3.852100840336133
5218,5219,-6277167,8.15955,1.3583333333333338
5220,5221,-6277595#4,18.449550000000002,2.285714285714286
5224,5225,-6277595#6,11.048100000000002,2.9233333333333333
5228,5229,-6277596#6,18.16185,7.3
5230,5231,-6277596#8,14.984550000000002,1.8095238095238095
5232,5233,-6277696,24.0114,11.833333333333334
5234,5235,-6277723,23.35305,21.36363636363636
5236,5237,-6277724#2,12.28395,2.5746799431009944
5238,5239,-6277767#0,24.47235,7.377777777777776
5240,5241,-6277767#1,22.73565,6.409523809523817
5242,5243,-6277842,22.408050000000003,1.4999999999999991
5246,5247,-6277843#1,23.988300000000002,14.4
5248,5249,-6278110#0,7.8015,1.9714285714285718
5250,5251,-6278110#10,5.56185,0.5000000000000001
5252,5253,-6278110#11,7.4088,0.8666666666666667
5254,5255,-6278110#12,6.657,1.1428571428571435
5256,5257,-6278110#13,7.6587,1.6689075630252104
5258,5259,-6278110#2,5.3067,1.6047430830039524
5260,5261,-6278110#4,6.7536000000000005,1.1238095238095245
5262,5263,-6278110#5,7.1757,1.1043956043956045
5264,5265,-6278110#7,6.5089500000000005,0.4666666666666668
5266,5267,-6278110#8,8.1354,1.3142857142857136
5268,5269,-6278186#1,7.470750000000001,0.5523809523809519
5270,5271,-6278186#10,8.77275,0.9166666666666656
5272,5273,-6278186#12,6.3693,0.6176470588235295
5274,5275,-6278186#14,7.420350000000001,1.3506493506493504
5276,5277,-6278186#4,6.652800000000001,0.4952380952380953
5278,5279,-6278186#6,6.384,0.56140350877193
5280,5281,-639190831,10.2543,1.3666666666666671
5282,5283,-65084801#4,66.82935,59.582793709528225
5286,5287,-659124987#0,11.09535,1.8789261328367493
5288,5289,-659124987#7,11.373600000000001,2.1761628509271724
5290,5291,-66324263#2,1.2222,0.0
5294,5295,-67408434#2,7.1736,1.2467630353441548
5296,5297,-675898530#0,17.43315,2.903812056737586
5300,5301,-675898534#6,8.896650000000001,1.5833333333333328
5304,5305,-69144565,3.0376499999999997,0.7000000000000002
5308,5309,-703165692#1,16.72335,5.420402515211327
5310,5311,-704487749,3.78105,4.503968253968254
5312,5313,-704868501#4,16.41255,3.3405797101449277
5314,5315,-714449182,1.85115,0.3222222222222222
5316,5317,-714449183#1,3.74745,0.17777777777777776
5318,5319,-72597392#3,43.1403,45.123809523809534
5320,5321,-732162445#2,23.7531,13.210526315789474
5322,5323,-732165853#10,13.49355,1.0277777777777777
5324,5325,-732165853#4,38.64735,22.76608187134503
5326,5327,-732165856#2,67.26195,19.699999999999996
5328,5329,-732165856#21,23.565150000000003,3.6999999999999984
5330,5331,-732168391,2.6659500000000005,0.4
5332,5333,-732170616#3,15.54315,3.7161290322580642
5334,5335,-7383109#2,11.32215,4.8909090909090915
5336,5337,-7389333#1,35.776650000000004,5.799999999999999
5338,5339,-7389333#2,33.348000000000006,70.30000000000001
5340,5341,-74921173#9,21.64365,8.260526315789477
5342,5343,-75007261,15.8298,4.189393939393939
5344,5345,-75021657,2.82555,0.3657894736842105
5346,5347,-75021658#1,4.3617,0.6499999999999999
5348,5349,-75070560#1,6.1362000000000005,0.7081945369753497
5350,5351,-75078151#2,18.9063,38.30898021308982
5352,5353,-75078151#5,14.921550000000002,2.8341346153846136
5354,5355,-75078151#7,6.772500000000001,0.7794871794871792
5356,5357,-75078151#8,4.8993,0.628879892037787
5358,5359,-75345163,2.14515,0.44744744744744724
5360,5361,-753675471#0,15.1578,4.11785920497446
5362,5363,-753675471#4,6.4554,1.8898422935456234
5364,5365,-753675472#3,7.7238,2.200787401574802
5366,5367,-753675472#4,5.80755,0.9687104930467763
5368,5369,-753675472#5,4.781700000000001,0.6007571345369835
5372,5373,-755452828#6,10.3152,2.0
5374,5375,-756253808#1,4.268250000000001,0.48557692307692296
5376,5377,-756253809#4,35.730450000000005,18.950650587115216
5378,5379,-758517008#3,19.8975,6.015259740259742
5384,5385,-76255648#0,1.7808,0.29999999999999993
5386,5387,-76255648#1,3.3180000000000005,0.4158730158730158
5388,5389,-7651318#0,7.8855,0.9014778325123158
5392,5393,-7651318#2,11.457600000000001,2.2999999999999994
5394,5395,-7651318#4,16.7097,2.6333333333333346
5396,5397,-7651319#0,15.17145,1.052631578947369
5398,5399,-7651319#1,12.233550000000001,0.6287878787878786
5400,5401,-7651319#5,20.7312,0.6666666666666666
5404,5405,-772547703,3.7737,2.93446088794926
5406,5407,-773560595#6,13.36335,1.5833333333333328
5408,5409,-773561842#2,5.229000000000001,0.6666666666666665
5410,5411,-790019432#1,15.819300000000002,1.333333333333333
5412,5413,-790019433#2,16.25085,5.800000000000001
5414,5415,-790019433#6,10.32255,3.0105263157894733
5418,5419,-804605165#2,5.62695,0.742336296027572
5420,5421,-8060514#2,36.8487,26.944444444444443
5422,5423,-8060516#1,23.77935,9.400000000000002
5424,5425,-8060516#3,11.12685,1.2999999999999998
5426,5427,-8069179#9,14.362950000000001,42.730267673301306
5428,5429,-8127373#3,13.0893,4.19571865443425
5430,5431,-8127375#1,8.977500000000001,2.431403031480763
5434,5435,-8128115#2,7.4256,0.0
5436,5437,-8128695,2.9883,0.4117543859649121
5440,5441,-8128696#11,6.2517,1.5111111111111115
5442,5443,-8128696#3,19.4712,9.733333333333333
5444,5445,-8128696#5,9.07935,3.111111111111111
5450,5451,-8129174,12.286050000000001,1.7
5452,5453,-8135793#10,29.07345,12.16842105263158
5454,5455,-8135821#1,19.9122,6.766666666666666
5456,5457,-8137315,9.6159,1.9926470588235288
5458,5459,-8141786#4,13.57965,5.877777777777777
5464,5465,-8143644#3,15.528450000000001,5.415384615384617
5468,5469,-818072229,1.1130000000000002,0.29928541403951225
5470,5471,-818072230#3,6.2496,1.0157041540020266
5472,5473,-8226750,2.5063500000000003,2.063262460787731
5474,5475,-82494454#4,8.43885,0.9238095238095235
5476,5477,-82528691#1,18.097800000000003,5.300000000000001
5480,5481,-82528696#2,10.2291,1.8700564971751408
5482,5483,-82528696#5,10.488450000000002,1.8051282051282043
5484,5485,-82528696#8,17.30295,3.623333333333333
5486,5487,-82528702#2,4.7627999999999995,2.217241379310345
5488,5489,-82528702#3,3.85665,0.7868421052631576
5490,5491,-82528702#5,1.8196500000000002,0.4095238095238095
5492,5493,-82528705#3,13.293000000000001,2.2475409836065565
5494,5495,-82528705#5,11.212950000000001,1.741379310344827
5496,5497,-82528705#7,10.88115,1.1447368421052637
5498,5499,-82528705#9,16.48815,2.7400000000000007
5500,5501,-82528709#12,14.3178,1.8000000000000007
5502,5503,-82528709#2,5.9976,1.2111111111111112
5504,5505,-82528709#8,20.31015,7.444444444444445
5506,5507,-82528711#0,14.619150000000001,3.866666666666667
5508,5509,-82528711#12,5.999700000000001,1.754545454545454
5510,5511,-82528711#2,5.79495,0.3333333333333335
5512,5513,-82528711#4,3.3831,0.21428571428571425
5514,5515,-82528711#6,9.65685,0.8888888888888888
5516,5517,-82528711#9,11.418750000000001,1.1673414304993248
5518,5519,-82531385#1,6.4554,1.4022988505747125
5522,5523,-8275515#0,8.65305,12.8
5524,5525,-8275515#1,5.7330000000000005,4.426900584795323
5526,5527,-8275515#3,17.1024,7.467320261437909
5530,5531,-8284658#1,16.986900000000002,5.999999999999998
5532,5533,-8284658#2,3.9438,0.6013277428371772
5534,5535,-8284660#5,42.837900000000005,45.09398084815323
5536,5537,-828773457#6,34.095600000000005,17.89144223107571
5538,5539,-828773461#1,24.6204,9.096043943849523
5540,5541,-82914002#1,12.81,3.590476190476192
5542,5543,-829373691,2.0349,0.33546610973988994
5544,5545,-829373692#1,0.9912,0.24956175298804784
5546,5547,-829373693,6.58455,1.3795059760956172
5550,5551,-829752492#0,49.63665,98.1157894736842
5552,5553,-829752493,12.6714,3.0000000000000004
5554,5555,-829753465#0,30.404850000000003,13.511111111111127
5558,5559,-83281790,16.895550000000004,9.420101010101012
5560,5561,-834682036#2,2.0223,38.75
5562,5563,-834766051#3,3.528,0.6347291162869625
5564,5565,-834766052#2,4.53915,35.50848795535999
5566,5567,-834766055,1.3881000000000001,0.30086994854078947
5568,5569,-834766056#1,19.3851,7.285614035087718
5570,5571,-834766056#3,6.783,0.9401364231829065
5572,5573,-834766059#4,5.222700000000001,1.6828780812791466
5574,5575,-834773007,0.5271,0.20926168632590617
5576,5577,-834950891#2,3.2035500000000003,0.9804330561903369
5578,5579,-834950892#2,6.93315,1.1915395897374077
5580,5581,-834950895,1.6989,0.2695235116254823
5582,5583,-834950896#3,2.60925,91.93915724563207
5584,5585,-834950901#3,3.91755,0.860044430339574
5586,5587,-834950902#2,2.2554000000000003,8.656666666666666
5588,5589,-834994013#2,1.3398,37.04514649150244
5592,5593,-836219391#1,2.38875,0.71780303030303
5596,5597,-8378865#2,48.9951,66.56410256410257
5600,5601,-839004987,0.8022,0.24725274725274723
5602,5603,-839414388,0.2226,9.095238095238097
5604,5605,-839414389#1,16.24875,17.700000000000003
5606,5607,-839414401#2,10.28895,7.799999999999999
5610,5611,-839414431,1.7713500000000002,0.45714285714285713
5614,5615,-839414432#1,0.1134,2.0390572390572395
5618,5619,-839414433#3,0.24570000000000003,0.2619047619047619
5620,5621,-839414436#1,15.75735,25.777777777777775
5622,5623,-839414437#2,16.9512,4.699999999999999
5624,5625,-839414438#1,19.4292,48.5
5626,5627,-839414438#2,0.0756,0.3
5628,5629,-839414459#2,9.8616,5.21111111111111
5630,5631,-839414460#2,17.585400000000003,9.495238095238095
5632,5633,-839414461#1,17.37435,10.552380952380952
5634,5635,-839414478#1,2.8329,0.17777777777777792
5636,5637,-839414479#3,10.178700000000001,3.638095238095238
5646,5647,-841788517,15.584100000000001,4.300000000000001
5648,5649,-844323102#1,15.307950000000002,2.13421052631579
5650,5651,-844323102#4,14.33355,2.3138461538461526
5656,5657,-851607377,0.48930000000000007,4.32523616734143
5658,5659,-851883287,3.3873,0.4555555555555555
5660,5661,-851883288#0,3.10065,0.8380952380952383
5662,5663,-854186705,10.495800000000001,2.5
5664,5665,-856106096#1,11.373600000000001,2.4530235452753884
5666,5667,-856106098#1,19.06905,6.548576049657944
5668,5669,-858281758#1,23.219700000000003,6.799999999999999
5670,5671,-858281759#1,4.61475,6.314285714285715
5672,5673,-858281760#1,2.05065,0.6642208245981832
5674,5675,-858283716#2,4.5318,0.35984848484848486
5676,5677,-858283717,15.8991,2.4921763869132283
5678,5679,-858283718,4.5465,0.4828349944629015
5680,5681,-8585758#1,18.854850000000003,1.694444444444445
5682,5683,-8585916#3,17.27145,1.8589743589743606
5684,5685,-859217058#2,4.349100000000001,11.419172932330826
5686,5687,-859217059#2,2.0118,65.82134831460675
5688,5689,-859217062#2,3.108,0.840336134453782
5690,5691,-859233598#1,11.2056,3.10919540229885
5692,5693,-860130441#3,3.30855,84.39999999999999
5694,5695,-86020922,2.28795,0.8613945578231291
5696,5697,-86038766,10.857000000000001,1.596774193548387
5698,5699,-862167814#2,1.3755000000000002,0.5803633822501747
5700,5701,-863026043#1,1.3051500000000003,89.21592841163313
5702,5703,-874212317#1,9.580200000000001,2.543650793650795
5704,5705,-875226004#2,11.6445,1.0625000000000002
5706,5707,-875227922#1,0.3297,65.26666666666668
5708,5709,-875240228#1,4.3155,0.7079414838035526
5710,5711,-87727467#1,31.441200000000002,27.5
5712,5713,-87729084,3.2886,0.3724137931034482
5714,5715,-87730347#1,3.86715,0.28048780487804864
5716,5717,-87730349,3.1300499999999998,0.2727272727272727
5718,5719,-87932255#2,7.73745,1.1833333333333336
5720,5721,-87932255#4,13.743450000000001,2.018181818181818
5722,5723,-87976142#3,20.952749999999998,5.75838779956427
5724,5725,-884420085#1,10.74675,1.4152823920265778
5726,5727,-884420085#2,1.7535,0.12292358803986711
5728,5729,-89070366#0,15.0591,15.066666666666666
5732,5733,-89221670#0,8.034600000000001,0.6625000000000003
5734,5735,-89221670#1,16.5732,3.072727272727273
5736,5737,-89221670#3,12.7239,3.0476190476190474
5740,5741,-90104680#1,35.83545,12.622222222222229
5750,5751,-911580385#2,9.4773,1.5833333333333328
5752,5753,-913817165#0,5.2752,0.6489473684210528
5754,5755,-914000971#1,3.54165,0.20000000000000007
5756,5757,-920216324,0.014700000000000001,0.06666666666666667
5758,5759,-926330092,8.63835,1.1999999999999995
5760,5761,-92881833#2,5.8737,2.119815668202765
5762,5763,-92881833#3,6.524700000000001,0.8494623655913975
5764,5765,-92881833#5,3.2739,0.30000000000000016
5768,5769,-92914307#0,6.476400000000001,0.8627450980392152
5770,5771,-92914307#3,10.904250000000001,1.9238095238095254
5772,5773,-92917956#2,45.1689,19.92958748221906
5774,5775,-92917956#6,33.749100000000006,12.707070707070706
5776,5777,-92917956#7,5.628000000000001,0.5910773787486114
5782,5783,-93460489#2,5.84115,0.09999999999999998
5784,5785,-937672142#1,6.19395,0.5444444444444447
5786,5787,-937672143#3,13.26675,3.8433333333333324
5788,5789,-937802013#2,7.487550000000001,0.8095238095238101
5800,5801,-946966316#11,6.6654,9.623157894736844
5802,5803,-946966316#2,2.46015,0.7000000000000002
5804,5805,-958184908#10,8.696100000000001,1.6766570266547411
5806,5807,-958184908#11,14.032200000000001,2.880463491522534
5808,5809,-958184908#3,14.5173,14.33761087315773
5810,5811,-958184908#5,11.1363,2.191311057036025
5812,5813,-958184908#9,20.250300000000003,6.183168955664131
5814,5815,-962499182,14.828100000000001,11.154857142857141
5818,5819,-966543432,5.76345,2.923076923076922
5824,5825,-975575189,0.38430000000000003,0.2342913496759649
5828,5829,-976706273#3,4.48665,1.0076400679117146
5830,5831,-979190031,10.854899999999999,1.8899999999999997
5832,5833,-979190032#0,10.637550000000001,1.825609756097561
5834,5835,-980981276#0,0.014700000000000001,0.19979296066252591
5836,5837,-985165443#0,7.86345,8.42982971227246
5838,5839,-985165443#5,10.97985,2.5942956150872973
5840,5841,-985165444#4,16.53435,5.546462063086103
5842,5843,-990643849#0,17.23365,2.5965608465608443
5844,5845,-992186675#5,7.20405,2.6999999999999993
5846,5847,-992186675#8,12.5013,4.714285714285714
5848,5849,-995533031#1,8.08815,2.190140845070424
5850,5851,-995533033,3.2266500000000002,0.324748490945674
5852,5853,1006817039#0,7.647150000000001,0.5904761904761902
5854,5855,1006817039#2,15.0885,2.141025641025641
5858,5859,1009352360,29.81895,10.700000000000003
5862,5863,1011550312#0,0.77385,11.608108108108109
5864,5865,1011550313#0,9.2379,1.4355464159811984
5868,5869,1018201790,19.75785,2.6999999999999993
5870,5871,1018511002#1,2.63865,0.33333333333333337
5872,5873,1018511007#0,6.844950000000001,1.5380281690140853
5874,5875,1018511008,3.35475,0.9684210526315784
5876,5877,1018511009#1,7.196700000000001,0.9698189134808852
5878,5879,1018511010#4,3.7842000000000002,0.5195663670015864
5880,5881,1018511010#9,2.0926500000000003,0.3260179799048122
5886,5887,1020633579#0,15.089550000000001,4.012549019607841
5888,5889,1020927804#0,3.2571,0.32222222222222224
5890,5891,1022656066,2.97255,0.2
5892,5893,1025338508,0.126,0.1650777066736319
5894,5895,1026477617,5.44005,0.30000000000000004
5896,5897,1026477621#0,5.407500000000001,0.20000000000000007
5898,5899,1027093575,1.34505,0.5523809523809523
5902,5903,1031379293#4,5.0904,0.4555555555555555
5904,5905,1031379294#1,3.654,0.6157167530224527
5906,5907,103151349#0,1.2936,0.0
5908,5909,103335175,13.6059,5.713109128345914
5910,5911,103504671#0,8.41785,0.7307692307692307
5912,5913,1037102222#0,2.4622500000000005,0.46666666666666656
5914,5915,1037102233#0,24.41565,9.815384615384616
5916,5917,1037418354#0,67.87725,24.799999999999983
5918,5919,104178895#4,7.4109,1.7410945595854914
5920,5921,104178895#7,13.49145,3.9371697917745774
5922,5923,10422829#0,8.9754,3.459247648902822
5924,5925,1042974881,16.8168,61.07575757575757
5926,5927,1042975685#0,12.8289,3.4119496855345908
5928,5929,1042975685#2,6.2832,1.346194503171247
5930,5931,1043835447#0,50.73915,66.0
5932,5933,104405209#0,4.15485,0.6824751580849143
5934,5935,104405210#0,8.05035,1.16
5936,5937,1047453318,10.929450000000001,2.1071929824561404
5940,5941,1050809452#0,2.96415,0.3263157894736841
5942,5943,1053387519,19.9374,4.816169828364952
5944,5945,1053387541,1.67685,0.12380952380952391
5946,5947,1053387542#0,6.4722,0.31428571428571445
5950,5951,1054141906,16.101750000000003,0.0
5952,5953,1054141907#0,11.00925,2.6605263157894727
5954,5955,1054840087#0,3.85245,0.48888888888888893
5956,5957,1056044838,8.50815,0.20000000000000018
5958,5959,1056364583#0,3.13635,0.4230769230769231
5960,5961,1056364673#0,1.2295500000000001,0.17116217116217125
5962,5963,1056913530,1.5792000000000002,1.5839743589743591
5964,5965,1057893819,18.24585,4.172764074955139
5966,5967,10594589#0,24.6099,8.672707393740604
5968,5969,10594590#0,1.31355,0.2852328431372549
5970,5971,1059952450#0,0.60375,0.0
5972,5973,1059952452,7.83195,2.177777777777776
5974,5975,1059959975#0,34.97865,3.4999999999999982
5976,5977,1060490109#0,3.28335,0.6620689655172414
5978,5979,106103489,2.8150500000000003,0.2095238095238096
5982,5983,1061840663,6.7095,1.8733333333333329
5984,5985,1061841084,16.7055,6.007389162561575
5986,5987,10633006#0,8.859900000000001,2.3400000000000003
5988,5989,106412904#0,1.54455,0.3802353195164074
5990,5991,1066019114,11.03865,4.011111111111111
5992,5993,1066019131#1,2.0769,0.314229801509645
5994,5995,1069532973,2.6869500000000004,0.3
5996,5997,107225103,0.014700000000000001,0.0
6000,6001,1073791857#0,2.32155,0.20000000000000004
6002,6003,107440946#0,3.5185500000000003,0.3
6006,6007,107440946#4,10.895850000000001,1.833333333333333
6010,6011,1074505248#0,15.066450000000001,1.7888888888888899
6012,6013,1075515371,5.74455,1.4095238095238092
6014,6015,1075817469#0,2.24385,0.23333333333333328
6016,6017,1075820838#0,9.86055,2.4166666666666674
6018,6019,1075828984#0,8.838899999999999,1.9840425531914891
6020,6021,1075829183#0,2.44965,49.08583610926048
6024,6025,1077048393#0,13.104000000000001,2.233333333333334
6026,6027,1077048394#0,13.723500000000001,3.2888888888888896
6028,6029,1078576469,7.197750000000001,0.7000000000000002
6030,6031,1078593922,8.94915,1.223707664884135
6032,6033,1078663668,0.7454999999999999,0.18058596600980087
6034,6035,1079997538#3,5.2101,0.9300937766410912
6036,6037,1082387578#1,8.10915,3.1141304347826093
6038,6039,1082387578#13,36.21975,21.99470899470899
6040,6041,1082387578#5,3.7926,0.8043478260869563
6042,6043,1082387578#6,8.61945,1.3611111111111107
6044,6045,1082387578#7,19.6896,4.455555555555555
6046,6047,1082387601#1,9.88995,2.0058479532163753
6048,6049,1082389491,6.0963,0.7
6050,6051,1082389493,41.35005,6.700000000000001
6052,6053,1082389992#0,28.232400000000002,9.8
6058,6059,1082683187#0,13.587,9.2
6060,6061,108481093#13,16.74855,4.082874586270175
6062,6063,1085298367#0,28.2681,1.7
6064,6065,1086374505#0,6.75675,9.238480959394067
6066,6067,1086509243#1,2.1462000000000003,10.116666666666667
6070,6071,1089917567#0,1.06785,0.26052631578947366
6072,6073,1089917568,0.6804,0.0
6074,6075,1091914554,10.5882,0.5
6076,6077,1091914556,9.70095,1.0815789473684212
6078,6079,1091914557#0,10.5126,0.6666666666666667
6080,6081,1091914558#0,7.2198,0.7000000000000004
6082,6083,1091960699#0,4.90665,2.2
6084,6085,1091960707#0,18.7236,5.1248979591836745
6086,6087,1091960708#0,8.3475,1.8711440481704504
6088,6089,1091961019,2.0170500000000002,47.83928571428572
6090,6091,1091961208#0,16.2855,5.166666666666668
6092,6093,1091961664,7.8004500000000005,1.1582329317269082
6094,6095,1091961709,33.2913,12.07282250570246
6096,6097,1091961715,2.99775,0.3310502283105023
6098,6099,1093620276#0,42.57015,18.27777777777778
6100,6101,109377388#0,3.62145,4.314565826330529
6102,6103,1093795367#0,5.34555,2.3
6104,6105,109754456#0,12.40365,34.52666666666667
6106,6107,109860646,4.957050000000001,1.1284859763050124
6108,6109,1098614014#0,6.35355,1.9073502571760403
6112,6113,109931495#0,3.4996500000000004,68.10162162162159
6114,6115,1099418472#0,13.369650000000002,2.488888888888889
6118,6119,1101621058,38.2473,19.254545454545454
6120,6121,1101621068,2.6858999999999997,0.2999999999999999
6124,6125,1101800624,4.0593,0.0
6130,6131,1103306570#0,3.1164,0.2571428571428572
6132,6133,1103375976#0,4.94655,0.5291666666666667
6134,6135,1103375976#1,10.9578,3.1999999999999997
6136,6137,1103375976#3,6.96885,0.0
6138,6139,1103375976#4,8.47035,0.0
6140,6141,1103644159#0,2.4402,0.6952380952380952
6142,6143,1103644166,9.447899999999999,1.0218487394957985
6144,6145,1103644276#0,9.586500000000001,1.2784090909090902
6148,6149,1103644649#0,6.8134500000000005,3.4095238095238103
6150,6151,1103644654,5.382300000000001,0.7
6152,6153,1105486997,1.36605,0.9909909909909906
6154,6155,1107297578,0.2184,0.0
6156,6157,1107420806#0,19.719,5.9554362416107365
6158,6159,1110497124#0,3.5868,1.1111111111111114
6162,6163,1113041312#0,13.66155,4.75
6164,6165,1113421805,5.3770500000000006,76.69486531986533
6166,6167,1113421806#0,0.014700000000000001,0.23111603843311163
6168,6169,1113421806#1,3.1909500000000004,74.24086132725266
6170,6171,1113421808#0,3.28125,32.7167290886392
6172,6173,1113421809,2.2302000000000004,1.4975732867404392
6174,6175,1115458817#0,14.5614,1.3560606060606064
6176,6177,111628106#0,3.3033,0.3501533904580558
6178,6179,111636189#0,48.709500000000006,27.11668097896093
6180,6181,111636206#0,13.6059,6.844444444444444
6184,6185,1116758652#1,14.24325,7.2
6186,6187,1116981912#0,5.83485,0.8315789473684212
6188,6189,1116981912#3,12.5874,5.995833333333334
6194,6195,1116982074#0,13.7382,1.833333333333333
6198,6199,1116982084#10,7.95375,3.45054945054945
6200,6201,1116982084#6,8.82105,1.8777777777777775
6202,6203,1119854959,4.7586,0.8282352941176468
6204,6205,1119854984,0.6573,1.198415180898759
6206,6207,112297307#0,14.72625,1.655555555555555
6208,6209,112297307#2,7.6587,0.30000000000000004
6210,6211,112297307#5,7.57575,0.48888888888888904
6212,6213,112297307#6,18.90735,4.442687747035573
6214,6215,112297309#13,8.5134,1.1428571428571428
6216,6217,112297309#17,3.84615,0.7666666666666668
6218,6219,112297309#4,8.73075,1.552380952380952
6220,6221,112297309#7,14.010150000000001,4.266666666666667
6222,6223,112572407,0.8400000000000001,0.13568868407578086
6228,6229,112602876#0,16.9953,4.6952380952380945
6232,6233,113054552#1,11.591999999999999,42.44756756756758
6234,6235,113054559,1.5141,0.26666666666666666
6236,6237,113078530#0,11.6361,3.118226600985223
6238,6239,113078530#4,9.88995,1.9088669950738915
6242,6243,113078534,0.6069,0.2238726790450927
6244,6245,113129681#0,10.9179,2.6591316199376944
6246,6247,113129681#5,17.092950000000002,35.087651830370284
6248,6249,113129688#0,2.5252499999999998,4.4766666666666675
6250,6251,1131704043,2.9819999999999998,0.4444444444444444
6252,6253,1131704044#0,27.25695,1.5
6254,6255,1131704044#11,10.242750000000001,0.6777777777777776
6258,6259,1133070114#0,9.789150000000001,0.29999999999999993
6260,6261,113470996#0,4.1265,0.4576527525710828
6262,6263,113470997,1.89315,0.3
6264,6265,113510915,1.80075,0.27128712871287125
6268,6269,114143810,15.823500000000001,3.7341162965252312
6270,6271,114143813#0,0.37065,55.293896713615055
6272,6273,1141500747#0,16.59,3.7218855218855227
6274,6275,1141500748#1,16.99425,4.228365384615382
6276,6277,1143691192#1,3.2823,0.5988505747126436
6278,6279,1143691192#2,3.4713000000000003,0.3589743589743589
6280,6281,1143691192#3,3.9732,0.41295546558704466
6282,6283,1143691194#1,8.3118,2.177777777777778
6284,6285,1143691196#1,7.312200000000001,4.322222222222223
6286,6287,1143691574,7.6566,2.4580645161290327
6288,6289,1143691615#2,10.75935,2.9624999999999995
6290,6291,1143691639#1,4.4499,0.6932447397563677
6292,6293,1144271601#2,4.309200000000001,3.0
6300,6301,1146782742#0,9.55185,1.8241758241758244
6302,6303,1146783332#0,9.072000000000001,0.6999999999999997
6304,6305,1146783332#1,7.376250000000001,0.6666666666666663
6306,6307,1146783332#2,10.668000000000001,1.7000000000000002
6308,6309,1147633970#1,0.014700000000000001,0.0996673794250416
6310,6311,1147633971#0,6.90585,10.89260385005067
6312,6313,1149710572#0,92.68875000000001,51.30000000000001
6314,6315,1149710651,4.468800000000001,0.4415868673050613
6316,6317,1149710652,11.7516,1.974358974358973
6318,6319,1149710667#1,5.35815,0.30769230769230754
6320,6321,1149710710#0,5.1072,0.7000000000000002
6324,6325,115008623#0,13.28355,3.5
6326,6327,115008623#5,12.161100000000001,0.7999999999999998
6328,6329,115008623#9,2.8066500000000003,0.23809523809523808
6330,6331,1150110945#0,7.6062,1.4554367201426024
6332,6333,1150111094,20.37315,13.655555555555551
6334,6335,1151182263,26.797050000000002,34.33333333333333
6336,6337,1151182472#0,1.0300500000000001,0.5523809523809524
6338,6339,1151183217,15.6072,4.873333333333331
6340,6341,1151285236,5.061000000000001,0.41818181818181815
6342,6343,1151285243#1,11.051250000000001,3.0359477124183014
6344,6345,1151285252#0,6.124650000000001,0.8752314485116083
6346,6347,115214299,0.0126,0.2299076485910491
6348,6349,11526678#0,10.317300000000001,1.470860314523589
6350,6351,11526678#3,11.484900000000001,2.064367816091954
6352,6353,11526678#6,12.009900000000002,1.324175824175824
6354,6355,11526678#7,13.63845,0.9888888888888892
6356,6357,1152701202#0,6.03645,0.7002644725242432
6358,6359,1152714140,8.115450000000001,2.011111111111111
6360,6361,11527686,0.9397500000000001,1.2
6362,6363,1154443998#0,19.666500000000003,6.000000000000001
6364,6365,1154677975,2.3939999999999997,0.2666666666666667
6366,6367,1154677977,11.084850000000001,2.488888888888889
6368,6369,1154849086#2,8.4441,3.0455128205128204
6370,6371,1154849087,14.28945,5.843697478991601
6372,6373,1154849094#0,6.9531,1.944669365721998
6374,6375,1154849101#0,5.32035,1.4129172714078377
6376,6377,1155184436#0,27.59925,13.901515151515143
6380,6381,1157125514#1,2.0433,0.6009615384615387
6382,6383,1157125515#0,3.75585,0.6792452830188679
6384,6385,1157125538,6.3609,1.1666666666666672
6394,6395,1157158088#0,12.29865,2.1861861861861867
6396,6397,1157158088#3,1.9813500000000002,0.33033033033033066
6398,6399,1157158088#4,10.828650000000001,2.980952380952382
6400,6401,1157158088#8,14.190750000000001,1.8000000000000003
6402,6403,1157357247,0.0756,1.0416666666666665
6404,6405,1157357248,2.9085,0.912280701754386
6406,6407,1157357251#0,25.33125,2.2
6408,6409,115785376#0,4.2084,0.30000000000000004
6410,6411,1158503737,18.27105,4.699999999999999
6414,6415,1158503838#0,12.859350000000001,0.25000000000000017
6416,6417,1158503854#0,19.4859,1.8777777777777809
6418,6419,1158503860,14.077350000000001,3.788888888888889
6420,6421,1159196327#0,13.256250000000001,1.6736842105263157
6422,6423,1159196385,7.4277,1.568421052631579
6424,6425,1160388322#1,0.51765,2.1153846153846154
6426,6427,1160388322#2,12.167399999999999,2.3463203463203466
6428,6429,1160388322#5,2.0065500000000003,1.1978494623655915
6430,6431,11610479,0.18585,8.227936879018118
6432,6433,11610480#0,12.824700000000002,5.715027588445311
6434,6435,11610482#0,5.502000000000001,61.719540229885055
6438,6439,1162386121#0,20.96955,9.759999999999996
6440,6441,1162386122#0,0.0756,0.1625000000000001
6444,6445,1162733668#1,12.0645,3.276666666666667
6446,6447,1162733670,12.3522,1.5555555555555551
6448,6449,1162733671#0,28.96845,7.700000000000001
6450,6451,1163570031#0,6.33885,3.8000000000000003
6452,6453,1163570031#2,8.7003,40.96969696969697
6456,6457,1165333634#0,25.1643,7.492647058823532
6458,6459,1167302177#0,9.366,1.9785610465116292
6460,6461,1167302178#0,7.8918,1.4110435663627146
6462,6463,1167352042,13.865250000000001,3.187984496124032
6464,6465,1167483585#1,6.0039,0.8029485604401471
6466,6467,1167483587,13.8957,7.0
6468,6469,1167483590,7.783650000000001,1.4242424242424239
6470,6471,1167483592,19.4334,8.495073891625617
6472,6473,1167566266#0,5.836950000000001,1.1942645698427379
6474,6475,1167566266#1,2.76675,0.30655391120507397
6476,6477,1167566266#3,10.680600000000002,1.9857549857549865
6480,6481,1167897906#0,27.681150000000002,18.75
6482,6483,1167897919,20.890800000000002,8.250000000000002
6484,6485,1167897920#2,15.481200000000001,8.0
6486,6487,1167897921#1,19.60665,2.9000000000000004
6488,6489,1167898096#0,22.69995,12.49488491048593
6492,6493,116862210,0.0126,94.4779745345878
6494,6495,1169236533,16.6635,7.428571428571432
6496,6497,1169240236,13.3182,2.7000000000000006
6498,6499,1169240237,1.8039,1.1505747126436778
6500,6501,1169240239#0,2.40975,0.3919540229885058
6502,6503,1169240239#2,8.76645,1.7428571428571427
6506,6507,1171085645,3.9837000000000002,22.233333333333334
6508,6509,1172656244#0,5.5996500000000005,3.6952380952380954
6510,6511,1172656248,2.0926500000000003,0.23333333333333328
6512,6513,1172656251,0.63525,0.7000000000000001
6516,6517,1172656277#0,16.52595,4.700000000000001
6518,6519,1172656305,10.683750000000002,0.5
6520,6521,1172656306,9.62115,0.9821428571428571
6522,6523,1172656308#0,4.845750000000001,1.070588235294118
6524,6525,1172656308#1,4.4814,0.7619047619047621
6526,6527,1172656309,27.886950000000002,13.947619047619042
6528,6529,1172656314,2.8497,0.3523809523809524
6530,6531,1173245043#0,34.09140000000001,27.299999999999994
6534,6535,1173248154#0,2.9232,0.2592435189120271
6536,6537,1173257673,1.7262,0.20573689416419394
6538,6539,1173257675,4.41525,0.42646814610227923
6540,6541,1173262120#0,5.94615,28.3
6542,6543,1173262122,0.8001,0.24779549777660204
6544,6545,1173262123#0,1.5172500000000002,0.3293869269230042
6546,6547,1173262124,0.41475000000000006,0.22063459698542914
6548,6549,1173262126#0,2.12835,0.4555555555555556
6550,6551,1173262126#2,1.0857,0.0
6552,6553,1173262127#0,16.7937,4.505448863121655
6554,6555,1173262128#0,3.9207,0.5932221063607928
6556,6557,1173262129#0,11.12055,51.336213237845406
6558,6559,1173262130,0.44205,0.16149271599037107
6560,6561,1173681272,36.5043,16.699999999999996
6562,6563,1173681273#0,13.1523,1.1428571428571426
6564,6565,1173681276#0,21.743399999999998,10.17948717948718
6568,6569,1173874835#0,10.361400000000001,0.9523809523809524
6570,6571,1173874835#1,11.384100000000002,2.980952380952379
6572,6573,1173874836#1,25.14225,10.78153846153846
6578,6579,1174502379#1,22.136100000000003,5.542857142857143
6582,6583,1174502388,8.145900000000001,1.2549019607843133
6584,6585,1174562480,3.79785,0.5444444444444447
6586,6587,1175023584,6.3462,1.2989247311827958
6588,6589,1175023585#0,4.3701,88.35311636159145
6590,6591,1175023586#0,4.79115,57.64994482641543
6592,6593,1175023590#0,9.191699999999999,6.887141535615171
6594,6595,1175023591#0,1.4112000000000002,34.4
6596,6597,1175023592,1.50465,0.09473684210526319
6598,6599,1175023594#0,2.4843,0.8252525252525256
6600,6601,1175364892,6.46065,1.418253968253968
6602,6603,1175370229#0,5.1513,36.58693244739756
6604,6605,1175370230,0.27825000000000005,0.2389162561576356
6606,6607,1175984647,0.0252,0.0
6608,6609,1175984648,12.524400000000002,0.7
6610,6611,1175984708,0.29505000000000003,0.0
6612,6613,1175984923#0,2.56935,0.26470588235294135
6614,6615,1177940377#0,32.24655,9.666666666666664
6616,6617,1177940381,4.2273,1.2540322580645156
6618,6619,1181076291#0,8.2425,2.322222222222222
6620,6621,1181076292#1,13.984950000000001,4.322222222222222
6622,6623,1181975781#0,1.8774000000000002,0.2934472934472935
6624,6625,1182175653#0,24.516450000000003,8.21818181818182
6626,6627,1182175653#5,6.269550000000001,0.5789473684210531
6630,6631,1182175743#0,13.18905,2.778947368421053
6632,6633,1182175765#0,6.195,1.06
6634,6635,1186228314,26.80545,25.79999999999999
6636,6637,1187531871#0,21.263550000000002,1.8222222222222224
6638,6639,1187586140#0,13.59435,2.456632653061224
6640,6641,1187586140#1,29.477700000000002,12.267045454545451
6642,6643,1187769792,3.48075,0.4661835748792269
6648,6649,1191613361,83.03715,113.90476190476194
6650,6651,1194464327,5.622750000000001,0.7999999999999999
6652,6653,1194464328,2.52,0.6842105263157895
6654,6655,1194824698,28.1085,11.155555555555559
6656,6657,1194824701#0,17.65575,4.666666666666667
6658,6659,119925917#0,0.62475,0.09999999999999999
6660,6661,119925919#3,5.421150000000001,0.5000000000000001
6664,6665,1205527064,22.65375,4.861111111111111
6666,6667,1205527065,0.15015,0.21335276338514678
6668,6669,1206046581#0,18.1566,4.379952862674276
6670,6671,1206046581#6,13.64685,2.5296735905044505
6672,6673,1207124481,0.0966,0.0
6676,6677,1214718424,13.287749999999999,3.588972431077701
6678,6679,1214718470#0,1.69365,1.8046153846153847
6680,6681,121553854,15.817200000000001,3.484693877551022
6682,6683,1215659173,29.13015,8.899999999999997
6684,6685,1221928943#0,17.082449999999998,6.75
6686,6687,1222261294,3.3075,35.2611570247934
6688,6689,1222261300,11.2539,76.87088607594939
6692,6693,1222588063,24.0975,11.099502487562182
6694,6695,1222694073#0,8.26665,1.7019027484143765
6696,6697,1223724815#0,15.100050000000001,5.2105263157894735
6698,6699,1223724816#0,7.054950000000001,0.75
6700,6701,1224943549,4.33125,0.2999999999999999
6702,6703,122688707#0,8.39895,2.349859656329156
6706,6707,1228389305#1,2.4706500000000005,2.853260869565218
6708,6709,1235878231#0,14.393400000000002,3.0359287054409
6710,6711,1235878232,5.09145,10.372237708560577
6712,6713,1236052177#0,24.132150000000003,53.19117647058826
6714,6715,123900703,3.7621500000000005,0.6222222222222223
6716,6717,124091494#0,55.56705,6.0
6718,6719,1243539046,9.132900000000001,1.5008818713943406
6720,6721,124484963#0,6.7599,1.0456790123456792
6722,6723,124768369,5.4022499999999996,0.4095238095238095
6724,6725,1251294863,3.1752000000000002,0.3347708826298245
6726,6727,125136376#0,1.8648,9.742756804214226
6728,6729,1252126946,0.0252,0.1111111111111111
6732,6733,1252126956#1,7.48335,0.666666666666667
6736,6737,1252126957#1,0.0252,0.2777777777777778
6740,6741,1252536808#1,0.9786000000000001,0.33333333333333326
6742,6743,1252536809,9.960300000000002,0.7000000000000002
6744,6745,1254217945#0,0.73605,1.7333333333333334
6746,6747,1254217946#0,0.7223999999999999,0.0
6748,6749,1254217954,0.045149999999999996,0.0
6750,6751,1254217955#0,2.0128500000000003,0.2666666666666667
6752,6753,1254217956#0,1.8427499999999999,0.05000000000000003
6754,6755,1259136474#0,3.5721000000000003,0.41144597290769674
6756,6757,1263001495#0,6.3357,0.7772272852803092
6758,6759,1263001497,2.26275,91.97791605784252
6760,6761,1266275802#0,15.73215,3.19108419990347
6762,6763,1270686454#0,6.1488000000000005,0.8626909518213859
6764,6765,1270686454#3,5.23005,2.2834375569182206
6766,6767,1270686454#6,5.81595,3.2692278199524565
6768,6769,1271080431,10.573500000000001,1.4184210526315788
6770,6771,1271080432,0.0252,1.355263157894737
6772,6773,1271094345#0,2.3352000000000004,0.7663043478260867
6774,6775,1271382121,1.55085,0.32147937411095306
6776,6777,1273525665,2.6113500000000003,0.29759635134138757
6778,6779,1279825053,3.7842000000000002,0.8442879499217527
6780,6781,1280199531#0,23.92845,10.54795911889799
6784,6785,1283726489,6.41445,0.9556781246922093
6786,6787,1286120542#0,23.37405,8.948164682539684
6788,6789,128648105#0,29.058750000000003,8.566666666666666
6790,6791,128648105#7,22.58445,6.035087719298246
6792,6793,1291137211#0,6.426,0.9821428571428569
6794,6795,1303137704,17.3544,3.9433080070134405
6798,6799,1316223186,1.7976,1.0714285714285714
6800,6801,1318124649,8.28555,1.4116199589883802
6802,6803,1323216742#0,2.02125,0.09999999999999999
6804,6805,1323216743,3.5290500000000002,0.41666666666666674
6806,6807,1323216744,1.9992,0.5894736842105263
6810,6811,13234675#0,5.5398,1.585752360301758
6812,6813,13234675#17,0.93135,0.2361111111111112
6814,6815,13234675#19,9.288300000000001,2.1269377269908745
6816,6817,13234675#26,15.0507,2.985772357723576
6818,6819,13234675#4,0.01995,0.1945213616233264
6820,6821,13234675#44,3.8556000000000004,0.5536867142371728
6822,6823,13234675#5,0.10605,0.5771628912728564
6824,6825,13234675#53,6.2118,1.3120134651798867
6826,6827,13234675#6,24.5133,8.316078291178828
6832,6833,133186296#0,2.42655,0.2866445733222866
6834,6835,133186686,0.1827,69.47115384615384
6836,6837,133664978#0,73.95675,53.12222222222223
6838,6839,133664978#13,45.5238,37.49999999999999
6840,6841,1338114143,1.8606,0.28958691910499146
6842,6843,1338114144,0.8714999999999999,1.4510725830149873
6844,6845,1339409833#0,4.8489,0.3900000000000002
6846,6847,134136139#0,34.149150000000006,38.66666666666665
6848,6849,1351535321,0.014700000000000001,3.6461128310973536
6850,6851,1353098856#0,14.6769,3.7386877828054317
6854,6855,1354374062,1.2075,0.23193277310924376
6856,6857,1354374540,0.043050000000000005,0.36764705882352944
6858,6859,136071661#4,4.965450000000001,0.9368421052631579
6866,6867,1364204798,0.38955,26.992424242424246
6874,6875,1374543931,33.40155,11.57027746947836
6876,6877,1375651683#0,7.6754999999999995,66.09248936240388
6878,6879,1375651684#0,3.8955,74.97026207743369
6880,6881,1376856660,3.9196500000000003,0.33333333333333326
6882,6883,1376856662,3.73695,1.531182795698925
6884,6885,137699102#0,17.5791,8.027777777777779
6886,6887,137699103#0,18.504150000000003,0.0
6888,6889,137730212#0,49.054950000000005,83.69999999999999
6890,6891,137732185,1.7724,0.2518366147516897
6892,6893,137732187#0,16.6236,5.471936526594181
6894,6895,137732187#9,28.375200000000003,41.04573934837091
6896,6897,137732189#0,4.357500000000001,0.6289424860853433
6898,6899,1379138445,0.49035000000000006,69.57599067599065
6900,6901,1379140878,1.2579,1.8312841530054633
6902,6903,1379140880,8.95335,0.9166666666666665
6906,6907,1382919884#0,42.65415,19.555555555555564
6908,6909,1387944442,3.37995,1.9999999999999998
6910,6911,1388042043#1,10.24695,9.344444444444443
6912,6913,1388042043#2,2.6701500000000005,0.2333333333333332
6914,6915,1392163371,13.178550000000001,3.7999999999999994
6918,6919,1396268226#0,11.81565,3.3
6920,6921,1396268565,12.184199999999999,0.0
6922,6923,1396268845#0,11.127900000000002,0.0
6924,6925,1396269091#1,11.98995,0.0
6926,6927,1396269246,14.6286,2.7341430499325257
6928,6929,1402454140,1.8333000000000002,0.3995157384987893
6930,6931,1410097954#1,9.17805,0.8888888888888888
6934,6935,141137364#0,3.6603000000000003,0.5923076923076924
6936,6937,141138038#0,28.833000000000002,10.167471466198425
6938,6939,141138038#5,23.76465,7.0666666666666655
6940,6941,141160515#0,42.027300000000004,26.400000000000006
6942,6943,141161387,8.7045,15.801378446115288
6944,6945,141161388#0,4.4457,0.9288824383164004
6946,6947,141252791,0.0126,0.2503556187766714
6948,6949,1414389615,4.581150000000001,1.9238095238095236
6950,6951,1414390226#0,13.995450000000002,9.23809523809524
6952,6953,1414405642#0,7.0665000000000004,1.1596902704522498
6954,6955,1414405642#1,5.481,0.7586575133485887
6956,6957,1414406533#0,8.43045,1.989473684210526
6958,6959,1414410470#0,28.682850000000002,5.0
6960,6961,141509559#0,13.99755,3.7
6962,6963,141509559#17,4.032,1.2111111111111112
6964,6965,141509559#4,14.4417,2.5
6968,6969,141551684#0,17.857350000000004,9.3
6970,6971,141552522,16.7874,2.788405797101451
6972,6973,141613056#0,23.174550000000004,5.093333333333335
6974,6975,141613056#7,20.62725,5.166666666666663
6976,6977,141613056#9,13.1859,1.8103448275862069
6978,6979,141614007#0,4.1013,6.098619072433561
6980,6981,141617503,9.418500000000002,2.545454545454545
6982,6983,141617506,8.05035,1.1522665596452997
6984,6985,1418992098#0,6.17085,96.37232980081018
6986,6987,1420688727#0,7.6566,1.9504102612468166
6988,6989,1420688729#0,13.003200000000001,2.350140974362337
6990,6991,1420688730#1,1.6947,12.680424300867893
6992,6993,1420688739,0.43574999999999997,0.5444444444444444
6994,6995,1420896601#1,3.44505,0.5538461538461542
6996,6997,1420896602,1.40385,0.4319327731092438
6998,6999,1422667622,3.58995,0.3464646464646467
7000,7001,1424949170#0,4.2336,1.3715140014950267
7002,7003,1424949171#0,4.80375,67.31581168032065
7004,7005,1424949172,1.3881000000000001,0.16331258644536656
7006,7007,1424949173#0,6.174,99.56666666666666
7008,7009,1424949174#0,6.63285,57.96625421822274
7010,7011,1424949175#0,11.7558,2.527971563351272
7012,7013,1424949176,4.37745,0.48863862866254765
7014,7015,1424949177#0,5.7603,35.70158730158729
7016,7017,1424949178#0,4.4142,31.89053873976774
7018,7019,1424949179#0,2.22705,1.149782958591425
7020,7021,1424949180,5.208,0.6083012242110909
7022,7023,1424949181#0,5.8317000000000005,8.50990003844675
7024,7025,1424949182,1.4007,0.2993988467672679
7026,7027,1424949183#0,5.95875,0.7533459178857953
7028,7029,1424949184#0,5.12715,37.39182129346066
7030,7031,142702186,20.22405,5.918803418803415
7034,7035,142769013,18.05685,4.711111111111111
7036,7037,142769014#0,13.949250000000001,7.799999999999998
7038,7039,142769014#6,9.6852,1.7
7040,7041,142769016#0,5.17335,0.5
7042,7043,142769016#3,7.7007,0.7435897435897436
7044,7045,142769016#6,42.0315,18.474358974358974
7046,7047,142770955,2.12415,0.4920981699531847
7048,7049,142771700#0,0.033600000000000005,2.018255578093306
7050,7051,142771701,9.82065,0.9459459459459463
7052,7053,142771702#0,3.25605,0.24827586206896549
7054,7055,142771970#0,2.1703500000000004,12.031802911534156
7058,7059,142891705,5.1429,0.19999999999999996
7060,7061,142891708#0,0.084,0.2571428571428572
7062,7063,142891711#0,35.09205,21.058620689655182
7064,7065,142968327#0,8.601600000000001,2.1096270534260753
7066,7067,142968329#0,1.9068,0.9571881606765329
7068,7069,142968334#0,5.884200000000001,67.20975609756098
7070,7071,142978716,0.3255,0.2415601105185374
7072,7073,142978716-AddedOnRampEdge,3.63405,2.4001984581329676
7074,7075,142978717,1.7293500000000002,0.1165496049165935
7076,7077,142978718,3.9301500000000003,0.8881483893286668
7078,7079,143093799,7.6754999999999995,0.8989068539839552
7080,7081,143179839,1.3944,0.2
7082,7083,14331348#0,3.32535,0.37543231961836604
7084,7085,14331348#2,0.74445,0.3108090097294414
7086,7087,143627214#0,2.5746,15.211111111111112
7088,7089,143627217#0,1.6905000000000001,0.9797979797979797
7090,7091,143731348#0,20.26605,2.025641025641026
7092,7093,143731349#0,12.82155,2.7296022257615755
7094,7095,143731350#0,19.28115,15.8
7098,7099,143869730#0,7.845600000000001,1.5500000000000007
7100,7101,143905172#0,23.73945,7.440936426116838
7104,7105,143926710#0,12.286050000000001,3.5
7106,7107,144038256#0,8.35695,116.57931034482756
7108,7109,144038257#0,2.27745,0.1444386611146699
7110,7111,144038258#0,13.5366,6.941798941798941
7112,7113,144038260#0,21.65415,4.537815126050424
7114,7115,144038260#14,17.5812,3.57142857142857
7116,7117,144038260#9,13.001100000000001,2.0333333333333323
7118,7119,144069760,30.77445,4.785714285714287
7120,7121,144159765#0,3.0555000000000003,0.6111111111111115
7126,7127,144159771#0,16.8567,3.714285714285713
7134,7135,144159799#0,19.0218,2.7000000000000006
7136,7137,144159799#15,31.51785,6.666666666666675
7138,7139,144159799#24,3.7968,0.2808743169398908
7140,7141,144159799#7,21.057750000000002,3.095238095238094
7142,7143,144159805#0,10.3992,0.5
7144,7145,144328216#0,30.451050000000002,19.020408163265305
7146,7147,144328216#7,13.47885,3.791602662570403
7148,7149,144328219#0,7.206150000000001,1.3871929824561409
7150,7151,144328219#1,47.0967,41.210107367641605
7152,7153,144435600#0,3.6582000000000003,1.8058411214953274
7154,7155,144435600#2,27.1719,8.979136056420803
7156,7157,144435601#0,2.4801,5.356906077348066
7158,7159,1444518269,3.8451,93.9224358974359
7160,7161,144464776#0,0.014700000000000001,0.26666666666666666
7164,7165,144464777,1.1445,0.10000000000000006
7166,7167,144882346#0,61.15095,75.27777777777779
7168,7169,1450210388,3.3243,0.3617120572816772
7170,7171,145037483#1,7.2807,0.9238095238095241
7172,7173,145037484,5.16075,0.19999999999999996
7174,7175,145037485#0,13.914600000000002,2.8710526315789475
7176,7177,145037486#0,18.960900000000002,3.9264367816091927
7180,7181,145037490,16.59105,2.2
7182,7183,145037491,11.768400000000002,3.2
7184,7185,145037492#0,26.755050000000004,25.299999999999997
7188,7189,145178196#0,1.5130500000000002,0.8100407055630939
7190,7191,145178196#2,8.5008,1.0854045478582761
7192,7193,145178196#3,28.434,13.367211131276465
7194,7195,145178197#3,7.27125,1.118065433854908
7196,7197,145178199,6.3147,0.772804774083546
7198,7199,145178206#0,3.3726000000000003,0.7
7200,7201,145178215#0,8.2551,1.3000000000000005
7202,7203,145338646#0,14.1897,2.7599999999999993
7204,7205,145348808#0,1.02795,11.276819923371644
7208,7209,145430789#0,4.0729500000000005,0.7282051282051283
7210,7211,145430789#1,13.737150000000002,4.559714795008913
7212,7213,145430789#13,4.7397,0.6117561683599421
7214,7215,145430789#6,6.62655,1.292490118577075
7216,7217,145430789#8,6.24225,1.1923076923076925
7218,7219,145430790#0,8.412600000000001,1.5856597120188063
7222,7223,1456936767#0,0.9576000000000001,0.23333333333333334
7224,7225,146256531#0,4.13805,2.882051282051282
7226,7227,146256534#0,16.1427,3.9524948735475047
7228,7229,146256534#4,14.95935,3.485974409448818
7232,7233,146390389#0,10.492650000000001,1.7766666666666657
7234,7235,146390389#4,13.33815,3.0105263157894733
7236,7237,146390389#5,9.7944,0.8947368421052632
7238,7239,146390389#6,12.3102,3.266666666666667
7240,7241,146514528,25.95075,7.789727667215319
7242,7243,146514531,5.572350000000001,0.6666666666666669
7244,7245,146523570#1,14.4501,6.2
7246,7247,146523574#0,32.93535,5.800000000000001
7248,7249,146523580#0,37.25295,18.79583333333333
7250,7251,146523598#0,3.3747000000000003,0.2692307692307691
7252,7253,146645330#0,1.4742,2.023401719053893
7254,7255,146791396#0,25.768050000000002,12.444444444444441
7256,7257,147571850#0,34.40220000000001,17.68024132730013
7258,7259,147571850#8,30.345,14.113783533765028
7260,7261,147571851#0,39.56295,13.130904183535758
7262,7263,147571853#0,6.016500000000001,0.635823754789272
7264,7265,147571853#2,23.012850000000004,0.0
7266,7267,147571854,3.97215,0.3823529411764706
7268,7269,147571855#0,9.18855,1.0808111077814408
7272,7273,147706192,0.014700000000000001,0.3283996299722479
7274,7275,147896286#0,1.6852500000000001,25.74
7276,7277,14823558#0,32.715900000000005,94.91666666666664
7284,7285,151406643#17,11.179350000000001,2.365051517683097
7286,7287,151883469,7.182,0.9497905409507618
7288,7289,151883470,1.4805,0.25344544957804616
7290,7291,151883472,6.7494000000000005,0.911112720950449
7292,7293,151899869#0,15.2376,4.870587721023761
7294,7295,151899872,5.220600000000001,0.513991967871486
7296,7297,152508614,3.46815,0.36425640226481737
7298,7299,152508615,0.33915,0.12879116117850944
7300,7301,152508616#0,6.9846,0.9577771852502461
7302,7303,152508617,4.84365,0.5232464375120351
7304,7305,152508619#0,4.63995,43.399987922705336
7310,7311,152579191#0,3.77265,1.0092592592592589
7312,7313,152962047,0.014700000000000001,0.2
7314,7315,152962050#0,20.62305,5.799794450154167
7316,7317,153095159,0.0105,2.2747474747474747
7318,7319,153095225,8.20575,131.55446288525187
7320,7321,153095895,4.644150000000001,0.9726432532347508
7322,7323,153097298,18.182850000000002,3.685651618675197
7324,7325,153097300,4.65885,1.2625469646035203
7326,7327,153461496,4.4478,0.3102139320782209
7328,7329,153674044,7.972650000000001,0.8444444444444446
7330,7331,154029239#0,16.23615,1.2000000000000002
7334,7335,154029241#0,29.53965,5.200000000000001
7336,7337,154029242#0,12.19575,0.7000000000000002
7338,7339,154029242#3,12.706050000000001,1.0
7340,7341,154029243#2,6.4743,0.8444444444444446
7342,7343,154029243#3,5.41485,0.7777777777777778
7344,7345,154029243#4,1.8469499999999999,0.4078947368421053
7346,7347,154029243#5,8.4063,1.8380952380952382
7348,7349,154029243#6,11.991,2.9981884057971007
7352,7353,154333523,22.2768,6.542857142857144
7358,7359,154333526#0,6.95415,0.7000000000000002
7360,7361,154333526#1,15.5106,5.852631578947369
7362,7363,154359840,4.965450000000001,0.45903330386089053
7364,7365,154359841#0,1.92885,65.0336808340016
7366,7367,154359890,3.6246,0.6834019009788621
7368,7369,154456892#0,31.7247,11.923423423423424
7370,7371,154456895#2,6.1236,1.750445632798574
7372,7373,154456896#0,19.18455,12.20952380952381
7378,7379,154916174#1,4.00995,1.4571428571428573
7380,7381,154916174#4,32.7642,3.700000000000001
7384,7385,156356253,1.0731000000000002,39.119640951603785
7386,7387,156356254#0,1.46895,0.24033613445378144
7388,7389,156448307#0,4.263,0.24725274725274712
7392,7393,156448317#0,197.51340000000002,543.3181818181821
7394,7395,156998776#0,132.28845,303.1999999999999
7396,7397,156998786#0,15.771,2.6222222222222222
7400,7401,156998794,3.1111500000000003,0.0
7402,7403,157006820#0,15.016050000000002,4.621052631578945
7404,7405,157006821#0,0.20895000000000002,0.23333333333333334
7406,7407,157006821#1,5.21115,1.5666666666666667
7408,7409,157006823#0,30.511950000000002,11.566666666666666
7410,7411,157006823#5,27.91845,4.147186147186148
7412,7413,157006823#8,21.84945,3.8095238095238084
7414,7415,157006825#0,21.77805,11.125
7420,7421,157959489#0,19.63815,10.264822134387353
7424,7425,157959490#0,19.05855,6.0739130434782584
7426,7427,157959490#11,9.391200000000001,1.601139601139601
7428,7429,157959490#12,8.4966,7.324675324675324
7430,7431,157959490#7,6.0668999999999995,0.9181184668989546
7432,7433,157959490#9,1.61595,0.3484320557491289
7434,7435,157959493#0,13.461,2.9166666666666665
7436,7437,157959493#1,8.701350000000001,1.5375494071146247
7438,7439,157959493#12,6.0564,1.6356801093643198
7440,7441,157959493#3,10.22805,2.275396825396826
7442,7443,157959493#5,18.895799999999998,3.954123112659698
7444,7445,157959493#6,14.15295,2.253469387755102
7446,7447,157959493#9,10.81395,1.3439849624060156
7448,7449,15802018#0,21.124950000000002,7.2
7450,7451,158027398#0,3.2319,0.3304347826086956
7452,7453,158027398#12,2.8937999999999997,1.2631578947368416
7454,7455,158027398#2,9.080400000000001,1.2155797101449275
7456,7457,158027398#3,8.568000000000001,1.1323529411764701
7458,7459,158027398#5,9.259950000000002,1.822222222222222
7460,7461,158027398#6,2.8875,0.4181818181818181
7462,7463,158027398#7,27.83865,2.2637362637362624
7464,7465,158027400#0,3.6109500000000003,1.418421052631579
7466,7467,158193259#0,6.7147499999999996,1.275132275132276
7468,7469,158193260#0,2.7163500000000003,95.11822660098518
7470,7471,159486641#0,3.0807,1.437405731523378
7472,7473,160489234#0,2.3688,0.3
7474,7475,160489234#1,9.530850000000001,1.5
7476,7477,160489235#0,5.47785,0.580289193302892
7478,7479,160545484#0,2.4790500000000004,14.200000000000001
7480,7481,160792610,4.074,2.933333333333333
7484,7485,163006337#0,13.18275,4.846153846153845
7486,7487,163006337#2,4.52655,0.6544117647058825
7488,7489,163006337#3,5.61645,1.3602941176470582
7490,7491,163019497#0,23.3751,9.013513513513514
7492,7493,16385596#0,14.09205,3.3098272206243555
7494,7495,16385596#3,2.079,0.34194644880434133
7496,7497,16385596#4,3.4324500000000002,0.39610234726513854
7500,7501,16386379#0,23.075850000000003,2.4107142857142856
7506,7507,16386607#5,23.80455,12.799999999999997
7512,7513,16386629#0,9.9015,2.2333333333333334
7516,7517,16386629#3,7.9779,0.9211822660098525
7520,7521,16386713#10,17.09505,6.844444444444448
7522,7523,16386713#4,21.59325,16.257142857142856
7524,7525,16386713#5,27.609750000000002,9.90151515151515
7526,7527,16386713#7,19.8135,9.666666666666666
7530,7531,16386959,4.23045,1.0
7532,7533,16387246#0,16.5648,3.6857142857142837
7534,7535,16387302#0,7.0916999999999994,0.20000000000000018
7538,7539,16388188#0,8.8515,3.221052631578947
7544,7545,16388515,24.28755,0.0
7546,7547,16389305,24.07335,4.409523809523811
7548,7549,163918104#0,66.54165,59.16666666666664
7552,7553,165316000#0,16.15215,1.1999999999999993
7554,7555,165636083,0.7192500000000001,0.37894736842105264
7556,7557,165636085,1.6989,0.05263157894736842
7558,7559,165636087,15.944250000000002,2.628787878787878
7560,7561,165636091#0,0.3003,7.068690008726004
7562,7563,165636093#0,0.5838000000000001,0.679298245614035
7564,7565,165636095#0,1.2295500000000001,0.29999999999999993
7566,7567,165636097,1.0542,0.4010928961748634
7568,7569,165636099#0,0.1869,2.1975510204081647
7572,7573,165636102,2.3226000000000004,0.5026799942054178
7574,7575,165636639,13.90515,2.712014616055844
7576,7577,168729339#0,11.3505,2.9324473975636765
7578,7579,168729340#0,0.37065,0.35238095238095235
7582,7583,17095329#0,9.71355,0.5
7584,7585,17095330#0,25.647299999999998,13.0
7586,7587,17095330#1,21.239400000000003,10.696428571428571
7590,7591,17095331#0,30.513,11.822222222222223
7592,7593,17095331#2,23.064300000000003,6.484210526315793
7594,7595,17095381#0,4.49925,1.4107142857142854
7596,7597,17095381#1,4.160100000000001,87.2490118577075
7598,7599,17100790#0,24.23715,18.995967741935484
7600,7601,17100790#2,24.6141,18.04679802955665
7602,7603,17100790#4,5.97555,23.63970588235294
7606,7607,17100970#0,12.39945,19.124183006535944
7610,7611,17100973#1,0.0756,3.2
7612,7613,172496578#0,0.9397500000000001,1.5227272727272736
7614,7615,172496578#2,23.2218,6.988387588044932
7616,7617,17253246#0,5.58495,0.7465218991534782
7618,7619,172887967#0,7.22295,1.1222222222222225
7620,7621,173016207#0,3.1856999999999998,1.148351648351648
7622,7623,173172673#0,16.8651,2.8913043478260883
7624,7625,173172673#10,19.57725,4.0
7626,7627,173172673#3,22.704150000000002,5.555555555555554
7628,7629,173172674,9.78705,1.8880666049953756
7630,7631,174304830#0,1.37445,0.1693474264705882
7632,7633,17467474#0,13.881000000000002,5.838095238095237
7634,7635,174739548#0,38.09085,12.871052631578939
7636,7637,174739550,1.5592500000000002,0.15526315789473688
7638,7639,174739553,2.0202,0.28912380862754916
7640,7641,17477439,2.0265,0.8444444444444446
7642,7643,174960052#0,5.42325,114.76666666666668
7644,7645,174960053,0.75915,0.19897959183673466
7646,7647,17560905#0,1.08255,0.29999999999999993
7648,7649,17560905#1,2.4874500000000004,0.19999999999999996
7650,7651,176534650#0,2.2932,0.43569023569023557
7652,7653,176827008,0.0105,0.25999999999999995
7654,7655,177092492#0,15.96315,4.773109243697481
7656,7657,177092492#10,37.8399,11.982142857142852
7658,7659,177092492#5,29.593200000000003,15.695238095238091
7660,7661,177092494#0,15.3657,3.3382973442541553
7662,7663,177092494#3,7.4014500000000005,1.194380250174242
7664,7665,177092495,2.5105500000000003,0.22019961082166856
7666,7667,177092496#0,29.28555,12.697280138518137
7668,7669,177095164,1.5666,0.47290640394088673
7670,7671,177095166#0,10.68795,2.1354679802955667
7672,7673,177095166#1,8.94495,1.9231306778476598
7674,7675,177095166#10,9.1434,38.70909090909091
7676,7677,177095166#4,13.13865,5.366292134831462
7680,7681,17947675,8.4315,0.9088669950738916
7682,7683,17947676#0,8.68875,1.5248078266946197
7684,7685,17947677#0,5.205900000000001,0.7300150829562592
7686,7687,179606416,2.0065500000000003,3.5854680950163003
7688,7689,184436925,25.5717,2.300000000000001
7696,7697,187084387,0.0252,0.11735419630156474
7698,7699,187720237#0,8.631,1.2678571428571428
7700,7701,190576757#1,13.59435,2.3697478991596648
7702,7703,19095057,9.3324,0.838095238095238
7704,7705,19414015#0,25.732350000000004,34.027777777777786
7706,7707,195549661,10.152450000000002,1.895186293499965
7710,7711,19566275#5,9.5991,2.5
7712,7713,19566275#6,8.2299,1.7888888888888899
7714,7715,19566275#8,74.96895,93.83947368421052
7716,7717,19799437#0,5.67105,1.3333333333333335
7718,7719,19799437#3,32.0649,36.277777777777786
7720,7721,19799486#0,20.4414,3.6999999999999984
7730,7731,19848864#0,9.32295,1.2999999999999996
7732,7733,19848864#1,7.4466,0.7
7738,7739,19848865#0,6.2475000000000005,0.9766666666666666
7742,7743,19848865#2,5.4663,0.7999999999999999
7744,7745,20136152#0,3.23295,0.5
7746,7747,20136152#1,23.51895,15.285714285714285
7748,7749,201795990,0.90615,2.642857142857143
7750,7751,20336623#0,24.404100000000003,2.944444444444443
7752,7753,20340572#0,24.17625,21.51111111111111
7754,7755,20347040#0,19.77255,21.3
7756,7757,20347040#1,32.8671,11.04999999999999
7758,7759,20347040#2,51.4269,36.699999999999996
7760,7761,20356890#0,3.9994500000000004,2.7657894736842104
7762,7763,20356890#1,37.11225,22.300000000000004
7768,7769,206575918#0,5.7802500000000006,1.4567099567099568
7772,7773,20847974#1,18.62175,3.1026315789473666
7774,7775,20848060#0,37.433550000000004,21.14285714285714
7776,7777,20848060#4,1.7293500000000002,0.2571428571428572
7778,7779,20848105#0,13.734,2.8380952380952356
7780,7781,20848196#0,15.095850000000002,1.6000000000000012
7786,7787,20850531#0,5.5828500000000005,0.5636363636363636
7788,7789,20850531#1,13.0851,4.408403361344537
7790,7791,210368197#0,3.6907500000000004,59.999122807017535
7792,7793,210377056,5.499900000000001,9.799999999999999
7794,7795,218907681#0,1.74825,0.23595258999122026
7796,7797,218907681#1,16.3968,6.041666666666669
7798,7799,218907681#11,12.744900000000001,3.738738738738739
7800,7801,218907681#13,5.999700000000001,1.2439124487004103
7802,7803,218907681#7,13.4883,3.8725961538461555
7804,7805,218907682,0.3864,0.17777777777777778
7808,7809,222874792,1.76085,0.20634920634920623
7812,7813,225780905#0,11.03655,1.7777777777777775
7816,7817,22689738,21.49875,4.333333333333332
7818,7819,22700317#0,19.906950000000002,8.91666666666667
7820,7821,227207543#0,5.3812500000000005,16.71729994493233
7824,7825,227558567,9.9729,0.0
7830,7831,22983215#0,1.1885999999999999,6.430199430199431
7832,7833,22985076#0,5.4432,0.7177884615384617
7838,7839,230041575#2,15.303749999999999,5.368421052631579
7840,7841,230115571#0,3.6015,64.4923273657289
7842,7843,230122229#0,5.364450000000001,48.26209223847021
7844,7845,230122234#0,3.2592000000000003,1.400560224089636
7846,7847,230139210#0,11.965800000000002,7.114285714285716
7848,7849,230139211#0,9.0426,1.1142857142857134
7850,7851,230139223#0,8.5953,47.89227856090893
7854,7855,230251443#0,1.40805,83.26043417366948
7856,7857,230251445,1.7251500000000002,0.21820728291316532
7858,7859,230251449#0,7.3395,1.870247933884297
7860,7861,230251450#0,20.851950000000002,5.555413469735718
7862,7863,230251452,13.305600000000002,6.499999999999999
7864,7865,230251453,14.95725,4.914478114478113
7866,7867,230251455#1,19.105800000000002,131.44039548022602
7868,7869,230252868,1.96665,0.3358974358974358
7870,7871,230252869#0,4.1076,41.937500000000014
7872,7873,230252870,3.0975,0.5630861040068201
7874,7875,230252871#0,1.7010000000000003,0.25000000000000006
7876,7877,230252871#1,2.2459499999999997,0.7403726708074534
7878,7879,230254188,2.3310000000000004,0.19487179487179482
7880,7881,230254189,2.7678000000000003,0.48202959830866804
7882,7883,230254190,2.2092,0.24358974358974364
7884,7885,230254191#0,3.8913,47.3
7886,7887,230254192#0,1.4154000000000002,0.25402298850574706
7888,7889,230254192#1,0.014700000000000001,0.4379310344827586
7890,7891,230254193#0,2.4255,0.32293868921775903
7892,7893,230254193#1,0.89145,0.23333333333333328
7894,7895,230254195#0,6.8292,1.5643678160919536
7896,7897,230254195#1,0.0714,0.3853820598006645
7898,7899,230254196#0,5.3896500000000005,92.40840336134454
7900,7901,230254197#0,2.7699,0.5684210526315787
7902,7903,230254197#2,3.1626000000000003,0.6554621848739498
7904,7905,230254198,6.94575,1.6155498281786933
7906,7907,230359734,3.30855,0.39768761526457636
7908,7909,230359737,2.0706,0.3140816930590501
7910,7911,230359738#0,2.2144500000000003,0.34115347018572806
7912,7913,230359738#2,4.35015,0.7206261510128913
7914,7915,230359738#3,7.672350000000001,0.9313689379987723
7916,7917,230359738#5,9.06255,1.511064967573104
7918,7919,230359738#9,9.7104,47.09465406536326
7920,7921,230359739#0,7.03185,0.8870365246264529
7922,7923,230359739#5,8.29185,37.264243544635946
7924,7925,230359740#0,11.0733,155.32393693263262
7926,7927,230359741#0,5.5566,71.67567108392798
7934,7935,23093327#0,6.99195,1.2066666666666666
7936,7937,23093327#1,3.0040500000000003,0.6000000000000003
7938,7939,23093333#0,7.012950000000001,0.30000000000000004
7942,7943,23093440#0,9.367049999999999,5.199999999999999
7948,7949,23095625,4.4898,0.19999999999999996
7950,7951,23118482,28.6965,4.799999999999997
7952,7953,231427517#0,26.97135,7.433333333333331
7954,7955,231855940#0,9.82065,1.9181286549707606
7956,7957,23209253,63.690900000000006,144.99999999999997
7958,7959,23214483#11,12.202050000000002,1.904862085086489
7960,7961,23214483#4,5.7844500000000005,1.0393435724805382
7964,7965,23389601#1,19.566750000000003,5.333333333333335
7966,7967,23389780#0,22.454250000000002,4.966666666666667
7968,7969,23394535,2.0769,0.3130904183535764
7970,7971,23394536#0,7.7101500000000005,1.0211416490486258
7972,7973,23394536#1,51.73350000000001,92.29554655870444
7974,7975,23394788#0,11.356800000000002,1.6547740400951407
7976,7977,23394788#6,16.98375,75.39778683750728
7978,7979,23394789#0,6.2013,0.5490196078431371
7980,7981,23394789#3,10.1472,1.5579710144927532
7982,7983,23394790#2,11.918550000000002,1.0666666666666667
7984,7985,23395312#0,2.65335,0.8089453532892442
7986,7987,23611509#0,19.9374,6.646450959905968
7988,7989,23611528,2.7888,0.2741820379269663
7990,7991,23624770,16.6488,3.7333333333333325
7994,7995,23697531,2.8728000000000002,0.30000000000000016
7998,7999,23911532#1,3.2361,0.6469970665431526
8000,8001,23982928#0,14.568750000000001,3.838095238095239
8006,8007,23982933#0,14.24535,2.3222222222222206
8008,8009,24042707,0.47880000000000006,0.2777777777777778
8010,8011,24042708,19.484849999999998,4.3
8014,8015,242284225#0,13.6857,0.0
8016,8017,242802481#0,0.8274,0.9166666666666666
8018,8019,24330008,1.1319000000000001,1.4053911205073988
8022,8023,24405913,11.2182,0.19999999999999996
8024,8025,24508528#0,25.30605,7.920400822199383
8028,8029,24522025#0,47.5188,43.333333333333336
8032,8033,245487369,20.18835,7.042105263157896
8034,8035,24633269#0,17.475150000000003,4.099999999999999
8036,8037,246631281,6.156150000000001,1.007918379777677
8038,8039,246631282#0,2.05695,0.24003807969536242
8040,8041,246631283,1.8102,0.26718691936083255
8042,8043,246631285,1.93095,0.28573109549329795
8044,8045,246631286#0,12.414150000000001,1.9385208711433755
8046,8047,246631288,4.15695,100.89530408006166
8048,8049,24687207,5.8086,0.2
8050,8051,24687411,1.74195,0.4388198129503122
8052,8053,24687411-AddedOffRampEdge,3.56475,0.3484899409420466
8058,8059,24730765#0,14.8764,3.200000000000001
8060,8061,24730765#3,7.451850000000001,0.5000000000000001
8062,8063,247441050,2.4381000000000004,0.3078087103237371
8064,8065,247441051,1.4836500000000001,0.23110374818803067
8066,8067,247441053,2.6922,0.2612214630012181
8068,8069,247441057#0,6.784050000000001,104.59158032425741
8070,8071,247441059#0,5.3697,41.75663984236583
8072,8073,247441061,10.074750000000002,1.458158172007535
8074,8075,247441063,13.4967,1.7706272010732864
8076,8077,247441065,1.10565,0.20055554201895642
8078,8079,247441067,2.0034,0.26710754655034946
8080,8081,247441068#0,2.9652,0.39238525097368354
8082,8083,247441069,0.47880000000000006,0.09570244480044574
8084,8085,247441070,3.4104000000000005,0.29980316999896395
8086,8087,247441072#0,7.51905,37.6465814639378
8088,8089,247441073#0,8.426250000000001,69.45988148622675
8090,8091,247441075#0,6.0795,0.6352428059745132
8092,8093,247441077,1.14975,0.31730769230769224
8094,8095,247441097#0,4.5748500000000005,56.41727140783746
8096,8097,24748597,1.4878500000000001,0.29999999999999993
8100,8101,24748598#3,13.0578,1.2000000000000006
8104,8105,24769656,34.43055,10.457142857142857
8106,8107,24769657#0,14.978250000000001,5.65057471264368
8108,8109,24769703,11.59515,32.0
8110,8111,24769704,20.40675,32.0
8112,8113,24769794#0,1.13295,0.326938775510204
8114,8115,24769794#1,10.9662,2.204545454545455
8116,8117,24769794#3,4.980150000000001,0.5642601126472097
8122,8123,24770929#0,1.4909999999999999,0.24773844939590794
8124,8125,24770929#1,12.945450000000001,2.3909628722970226
8126,8127,24770929#3,19.85445,5.985324675324672
8128,8129,24770929#8,8.832600000000001,1.7316518972960695
8130,8131,24805872#0,8.06295,0.20000000000000007
8132,8133,24888128#0,5.0274,7.130204081632653
8134,8135,24888128#3,8.02935,17.030303030303035
8136,8137,24888128#4,44.6586,25.877777777777773
8138,8139,24888129#0,4.1874,1.3667857142857138
8140,8141,24888129#1,29.8977,11.948730158730166
8142,8143,24888130,2.0853,0.8444444444444443
8148,8149,24939272#0,3.2119500000000003,0.0
8150,8151,24939272#1,10.186050000000002,1.4791666666666665
8152,8153,24943997#0,10.209150000000001,3.5454545454545454
8154,8155,24947430#0,11.15415,1.9222531035760602
8156,8157,24947430#5,8.587950000000001,1.321305136365192
8158,8159,24947430#8,11.02815,2.0605566506021584
8160,8161,24947433#1,1.1739000000000002,2.414355131232249
8162,8163,24986163#0,0.07454999999999999,0.31497175141242945
8164,8165,24986163#2,0.014700000000000001,0.2031372549019608
8166,8167,24992427,2.93685,2.0546494030603655
8168,8169,250074100#3,3.3946500000000004,1.8666666666666667
8170,8171,250074100#5,7.588350000000001,2.861111111111111
8172,8173,250558135#0,0.49874999999999997,0.2386954309662055
8174,8175,250558135#1,0.23940000000000003,0.11465407228476367
8176,8177,250558135#2,0.50085,0.2132486388384755
8178,8179,250558136,0.3192,0.16843971631205673
8180,8181,250558137#0,0.48510000000000003,0.2245150953697984
8182,8183,250558137#1,0.24465000000000003,0.13099916111086582
8184,8185,250558137#2,0.06195,0.16882092956291628
8188,8189,251534690#0,5.6826,23.66026666666665
8190,8191,251534691,4.83315,4.2857142857142865
8192,8193,251534692#0,1.6810500000000002,51.82534449988121
8196,8197,251534696,1.95825,0.274876113458791
8198,8199,251534697,28.256550000000004,10.431513860490657
8200,8201,251534698#0,4.2378,43.23849161306591
8202,8203,251534700,4.700850000000001,54.64666451197505
8204,8205,251922208#0,49.63980000000001,8.0
8206,8207,25200067#2,8.70975,1.9264367816091954
8208,8209,25200068#0,17.6043,1.8222222222222229
8212,8213,25200252,18.63435,3.2
8214,8215,25200255,25.45935,16.333333333333353
8218,8219,25200308#0,4.43205,0.33511586452762926
8220,8221,25200308#1,9.068850000000001,2.1333333333333337
8222,8223,25200308#4,9.27255,0.4444444444444446
8228,8229,25200468#1,0.2772,0.23333333333333328
8230,8231,25304846#1,19.126800000000003,5.87200467562829
8232,8233,25409999#0,19.25385,5.650362318840579
8234,8235,25409999#3,22.4133,3.3000000000000003
8236,8237,25409999#7,0.85575,0.0
8238,8239,254844701#0,2.5420499999999997,22.0165882967607
8240,8241,254854437#0,5.5503,1.4511311905090343
8242,8243,254854440#0,0.058800000000000005,0.014400694389647282
8244,8245,254854440#1,0.30555,0.08560116988265505
8246,8247,254854440#2,0.5061,0.22655888986212916
8248,8249,25506442#0,4.318650000000001,13.261637784573567
8254,8255,255834242,11.2476,1.9560497111268134
8258,8259,255834262,7.56735,1.149409273679055
8260,8261,255834266,7.9842,1.2852981421659222
8262,8263,255834270,3.90075,0.6181818181818182
8264,8265,255834273,14.11515,2.324437506194867
8266,8267,255834279#0,24.514350000000004,8.351936180260406
8268,8269,255834317#0,4.78275,0.4551724137931035
8270,8271,255834320,14.28,2.7500000000000018
8272,8273,255834365,0.64575,0.11643341981811993
8274,8275,255834389#0,26.50305,9.113463655648351
8278,8279,25797045#0,11.643450000000001,0.0
8280,8281,25858898,4.95495,0.6428571428571429
8282,8283,25858899#0,24.2382,8.569640062597808
8284,8285,258919937,1.4616,0.17306052855924983
8286,8287,258919938#0,12.104400000000002,61.35218253968258
8288,8289,258919939#0,3.4293,75.4721246707638
8290,8291,258919940#0,10.30785,2.124228121927237
8292,8293,258932725,1.9929,0.27393740604072675
8294,8295,258932726,2.7363,0.5277299439661065
8296,8297,258932727#0,3.0145500000000003,67.65340055782025
8298,8299,258932728#0,4.8489,4.639613735674832
8300,8301,258932729,0.014700000000000001,0.19311796348511212
8302,8303,258932730#0,1.87425,0.4940808286839845
8304,8305,258932732#0,4.96965,77.54919073310063
8306,8307,258932733#0,0.7959,60.78531073446329
8308,8309,258932734#0,1.58025,1.2392376382780226
8310,8311,258932735#0,14.664299999999999,4.0903846153846155
8312,8313,258932736#0,4.221,0.49283402681460936
8314,8315,258932736#1,14.752500000000001,2.5818825194621358
8316,8317,258932738,18.35085,24.70634084993128
8318,8319,258932739,0.7518,0.24518005359126854
8320,8321,258932740,1.89735,0.3402901203690891
8322,8323,258932744#0,2.1787500000000004,0.24788859457176848
8324,8325,258932745#0,8.26875,0.9584619782733
8326,8327,258932745#2,0.38325,0.09433962264150943
8328,8329,258932746#0,5.1051,80.50850613540634
8330,8331,258932747#0,8.7528,1.4270605397520062
8332,8333,258932748#0,7.680750000000001,101.1760252152678
8334,8335,258932749#0,2.6985,0.29243343444556796
8336,8337,258932750#0,2.7163500000000003,0.3879961740793881
8338,8339,258932751#0,6.0018,3.052740167633784
8340,8341,258932753#0,17.0163,4.169128067427461
8342,8343,258932758#0,4.0729500000000005,77.03719362745096
8344,8345,258932759#0,5.2626,70.82663847780128
8346,8347,258932764#0,5.04315,54.41000000000002
8348,8349,258932765#0,10.233300000000002,4.98095238095238
8350,8351,258932770,0.16695000000000002,0.0990099009900991
8352,8353,258932774,1.4343000000000001,1.5411569894770571
8354,8355,258932775,1.62225,0.2792982456140351
8356,8357,258942637#0,2.2827,60.66561607406681
8358,8359,258942638#0,1.3755000000000002,0.1789441375076734
8360,8361,258942639,0.014700000000000001,0.28355930681512065
8362,8363,258942642#0,6.1383,2.2757728034109936
8364,8365,258942643#0,5.44845,70.83352355673522
8366,8367,258942646#0,0.9723,68.59023740310084
8368,8369,258942647,3.9606,0.5223449969306323
8370,8371,258942648#0,3.9102000000000006,91.33204334365327
8372,8373,258942649#0,10.2774,2.3453245705061674
8374,8375,258942651,0.7623,0.2651515151515152
8376,8377,258942655,3.549,0.4469696969696969
8378,8379,258942656,0.90195,0.3791836734693879
8380,8381,258942661,1.96875,17.855864197530867
8382,8383,258942664,8.38005,1.4999999999999998
8384,8385,258942665,3.1710000000000003,24.157578359811072
8386,8387,258942666,10.648050000000001,1.9640403606698147
8388,8389,258942668,18.90945,4.997388632872507
8390,8391,258942669,7.27335,1.0904761904761904
8392,8393,258942671,12.31545,2.6282352941176486
8394,8395,258942672,1.5897000000000001,0.20451580759126717
8396,8397,258942673,26.76135,7.826880779440512
8398,8399,258949951#0,9.6705,1.6728167281672799
8400,8401,258949951#2,1.59705,0.5291028260685072
8402,8403,258949951#4,19.85445,52.229037416053714
8404,8405,258949952,1.7346,0.2555674645706801
8406,8407,258949953#0,5.292000000000001,0.6744905935692317
8408,8409,260345644#0,11.46705,2.1552631578947365
8410,8411,260345647,3.7348500000000002,0.8908418131359856
8412,8413,260345653,3.5364,12.16216216216216
8414,8415,260345676#0,3.4303500000000002,30.0
8416,8417,260510496#0,3.3306000000000004,0.36072871464910977
8418,8419,260510496#3,5.6322,0.8802869577043385
8420,8421,260510496#4,1.5340500000000001,0.31513957307060747
8422,8423,260510496#5,5.789700000000001,0.8558659217877097
8424,8425,260510499,0.7140000000000001,0.2019582981121443
8426,8427,260510502,2.1420000000000003,0.4015205511998101
8428,8429,260510505,0.273,0.23575840768702816
8430,8431,260510507#0,3.1563,58.94163007992797
8432,8433,260510509#0,2.9904,112.03026196928636
8434,8435,260510511#0,10.83915,2.0196952805648447
8436,8437,260510554#0,4.10445,77.88571428571429
8438,8439,260510555#0,4.524450000000001,63.85312231628024
8442,8443,260756022#2,14.22855,98.23333333333333
8444,8445,261597263,5.8044,0.7192541378587892
8446,8447,262486741#0,19.4586,12.233333333333333
8448,8449,262486741#10,9.511949999999999,1.511111111111111
8452,8453,262486741#6,27.231749999999998,6.799999999999999
8454,8455,26390367#0,10.425450000000001,2.0
8458,8459,2640070#2,17.42895,4.352380952380953
8460,8461,264018843#0,19.8177,5.0073002754820966
8466,8467,26422170#0,15.5904,3.045751633986926
8468,8469,26422170#7,12.588450000000002,1.5256410256410253
8470,8471,264353284#0,2.3352000000000004,0.24725274725274712
8472,8473,264353284#2,1.3251000000000002,0.26373626373626374
8474,8475,264479689#0,5.9041500000000005,120.07910414095986
8476,8477,264479690#0,2.51685,132.25576985943107
8478,8479,264479692,4.17585,18.224883462819097
8480,8481,264479693,4.38375,18.201008500513538
8482,8483,264512860,0.53445,0.6648777919449891
8484,8485,264512866#0,7.526400000000001,1.1353482428115007
8486,8487,264512869#1,16.2498,4.7946627299568485
8488,8489,264512871#0,14.87325,3.6249202471172297
8490,8491,264512871#2,2.04015,0.40567427463265443
8492,8493,26609961#0,26.89995,18.26515151515151
8494,8495,26609961#2,21.72555,23.5
8498,8499,26696135#0,3.2697,43.662827756048095
8500,8501,26696137#0,2.8749000000000002,0.23529411764705874
8502,8503,26696137#1,11.634,1.666666666666667
8504,8505,26696144#0,7.287000000000001,1.3203830369357044
8506,8507,26696144#10,9.525599999999999,2.3903846153846158
8508,8509,26696144#11,13.17435,3.2088661551577156
8510,8511,26696144#4,10.96095,2.2217510259917925
8512,8513,26696144#5,8.95965,1.9649831649831648
8514,8515,26696144#7,2.5788,0.4020202020202018
8516,8517,26696144#8,4.85625,0.792592592592592
8520,8521,26710956,0.014700000000000001,64.6025641025641
8522,8523,267120934#0,4.0614,1.5555555555555558
8524,8525,26984582,1.4374500000000001,0.4433333333333333
8526,8527,26984583,0.9513,104.03700564971751
8528,8529,27007966,2.5336499999999997,0.4555555555555555
8530,8531,27151613#0,5.21325,72.88985214338895
8532,8533,272007305#0,32.01345,14.8
8534,8535,272007306#0,31.4013,29.5
8536,8537,272007307#0,30.173849999999998,13.777777777777779
8538,8539,27201104,0.60585,0.17777777777777784
8540,8541,27201406#0,2.6029500000000003,0.7830188679245284
8542,8543,272024122#0,4.6221000000000005,107.90090471335782
8544,8545,27370895,6.4533000000000005,5.205747126436781
8546,8547,2746200,16.15215,1.7
8548,8549,2746738#1,11.17515,2.6661538461538465
8550,8551,2746738#3,9.25365,2.323333333333333
8552,8553,2746738#4,10.91055,2.555263157894738
8554,8555,2746738#5,11.434500000000002,2.177777777777778
8556,8557,2746738#6,1.67685,0.29999999999999993
8558,8559,27583804#0,27.853350000000002,7.777777777777778
8560,8561,27583804#15,1.5550500000000003,0.42192192192192185
8562,8563,27583804#16,25.923450000000003,5.677419354838711
8564,8565,27583804#2,18.69,4.525641025641023
8566,8567,27583804#6,14.6979,6.944444444444443
8568,8569,27583804#8,20.6304,3.9909274193548363
8570,8571,27583805#0,1.71255,0.06250000000000004
8572,8573,27583805#1,6.1383,1.0158730158730158
8574,8575,27583805#11,6.2685,1.6684088269454125
8576,8577,27583805#14,7.43925,1.1025641025641026
8578,8579,27583805#19,6.3231,0.9948717948717949
8580,8581,27583805#23,10.76985,2.9577218728162116
8582,8583,27583805#26,21.6783,7.2499999999999964
8584,8585,27583805#3,15.274350000000002,4.3919540229885055
8586,8587,27583805#30,25.6704,11.85592497868712
8588,8589,27583805#31,10.7058,2.9078768453768444
8590,8591,27583805#34,3.0597000000000003,12.964629250927823
8592,8593,27606775,3.90075,0.9888888888888884
8594,8595,27608071,3.1626000000000003,0.42307692307692296
8596,8597,276744482#0,7.15575,3.38095238095238
8600,8601,280294403#0,8.4756,1.3523809523809525
8602,8603,280299709#0,5.3812500000000005,0.5
8604,8605,28213143,14.588700000000001,2.7854393163839455
8606,8607,282753026#0,14.7231,2.2880434782608696
8608,8609,282805626#0,5.493600000000001,0.980952380952381
8610,8611,283457127,11.48595,0.8
8614,8615,283457129,12.3921,1.3333333333333321
8616,8617,283457130#0,13.86945,15.800000000000002
8618,8619,283457130#1,9.2988,2.933333333333333
8620,8621,283485936,24.16995,12.700000000000001
8622,8623,284032700#0,66.6792,66.67063492063492
8626,8627,28446482#0,18.064200000000003,3.249999999999997
8630,8631,28451503#0,1.8165,0.26666666666666666
8632,8633,28451503#1,12.25665,0.0
8636,8637,28451507#0,0.51345,0.3958333333333333
8638,8639,28451507#1,1.2726,0.9888888888888889
8640,8641,28451508#0,17.4279,1.5833333333333324
8642,8643,28451509#0,2.4549000000000003,1.4999999999999996
8644,8645,28451509#1,3.34635,3.344444444444444
8646,8647,28451510#2,11.148900000000001,1.5333333333333337
8648,8649,28451511#0,3.36105,0.8444444444444442
8650,8651,28451511#1,0.24150000000000002,0.30000000000000004
8654,8655,28451512#7,8.974350000000001,1.4269005847953216
8656,8657,28451532,0.0756,0.2222222222222222
8658,8659,28493700#0,42.150150000000004,20.69999999999999
8660,8661,28493700#10,18.07575,0.7
8662,8663,285071123#0,9.0531,2.399999999999999
8664,8665,285071123#1,11.44395,15.61904761904762
8666,8667,285071123#2,7.5085500000000005,1.7
8668,8669,28606949#0,15.836100000000002,4.072727272727272
8670,8671,28606950#0,32.61825,18.125000000000007
8672,8673,28606950#8,27.267450000000004,11.149387755102035
8674,8675,28606951#0,31.507350000000002,15.699999999999992
8676,8677,28606952#0,16.018800000000002,3.304347826086958
8678,8679,28606953#0,13.769700000000002,1.3777777777777784
8680,8681,28606953#13,43.817550000000004,18.19117647058824
8682,8683,28606953#2,49.190400000000004,22.439999999999998
8684,8685,28606953#24,15.322650000000001,2.523185483870966
8686,8687,28606954#0,22.955099999999998,13.538011695906428
8688,8689,28606954#6,32.3841,14.892105263157886
8690,8691,28606955,6.77145,0.8407559919755042
8692,8693,286302667#1,3.0061500000000003,0.6784039489921845
8694,8695,28682563#0,19.02495,6.7
8696,8697,2884303#0,11.3127,41.32553747237296
8698,8699,2884303#6,20.1054,6.779335548172756
8700,8701,2884303#8,2.84655,0.5022275459168662
8702,8703,2884303#9,9.368100000000002,2.0600884738264935
8704,8705,288681495#0,10.4055,1.861660079051383
8706,8707,288681495#4,6.644400000000001,1.2371541501976282
8708,8709,288681495#6,9.765,1.9920948616600789
8710,8711,288791824,10.4265,1.49708198239926
8712,8713,288791828,2.4045,1.028919330289193
8714,8715,288791829,6.18765,3.3565449010654493
8716,8717,28960948#0,19.0029,9.558823529411764
8720,8721,2897620,1.2747,0.2389162561576354
8722,8723,2897622#0,8.778,3.4499999999999997
8724,8725,2897622#2,9.2652,3.8
8726,8727,2897622#3,9.367049999999999,0.30000000000000004
8728,8729,2897623#0,4.14435,0.8476190476190475
8730,8731,2897623#2,8.41995,1.5151515151515151
8732,8733,2897623#4,8.49975,1.4891774891774894
8734,8735,2897623#5,26.70465,12.7
8736,8737,2898048#0,14.1015,1.2999999999999996
8738,8739,2898049#0,11.1174,1.523684210526316
8740,8741,2898051,0.6898500000000001,0.0
8742,8743,2898055#0,17.14125,4.916666666666668
8744,8745,2898067#0,6.524700000000001,1.503225806451614
8746,8747,2898067#11,2.2008,0.5075075075075073
8748,8749,2898067#12,5.0631,1.092741935483871
8750,8751,2898067#14,10.34355,3.4308300395256923
8752,8753,2898067#18,6.4512,2.5000000000000004
8754,8755,2898067#21,4.77855,2.123809523809524
8756,8757,2898067#24,6.5121,0.8566666666666669
8758,8759,2898067#28,11.8587,0.9140211640211642
8760,8761,2898067#29,7.3017,0.9454209065679927
8762,8763,2898067#3,7.83825,1.746438746438746
8764,8765,2898067#31,10.58085,19.230769230769226
8766,8767,2898067#4,11.594100000000001,3.8400000000000007
8768,8769,2898067#7,1.8186,0.41384615384615386
8770,8771,2898067#8,5.50935,1.1110083256244219
8772,8773,2898068#0,25.954950000000004,8.8
8774,8775,2898068#2,29.253,26.2
8778,8779,2898069#10,6.43125,0.6736842105263158
8780,8781,2898069#12,12.4635,1.0
8782,8783,2898069#13,9.98445,1.8787878787878793
8784,8785,2898069#17,10.2102,2.9547101449275366
8786,8787,2898069#3,12.02565,1.1999999999999995
8788,8789,2898069#5,13.2405,3.2
8790,8791,2898069#6,17.69355,5.140350877192985
8792,8793,2898069#7,11.9595,2.5897435897435894
8794,8795,290582410#0,20.845650000000003,1.4999999999999998
8796,8797,290582411#0,18.68475,4.300000000000001
8798,8799,290582412#0,9.76395,1.2689655172413794
8800,8801,290582412#2,8.19105,1.3394957983193279
8802,8803,290582413#0,13.57335,2.4284958561100325
8804,8805,290582413#3,11.832450000000001,2.3087151841868834
8806,8807,29129862#0,1.01955,0.0
8808,8809,29129862#3,5.34975,0.8552447552447555
8810,8811,29129863#0,3.9700500000000005,0.3746530989824236
8812,8813,29129869,0.19845000000000002,0.08755760368663595
8814,8815,29131113#0,5.73615,0.7294372294372294
8816,8817,29131113#1,10.29105,1.5233333333333343
8818,8819,2921417#3,1.7157,0.0
8820,8821,2921417#4,13.89675,8.700000000000001
8822,8823,292748634#0,1.5687,1.5289732577972717
8824,8825,292748634#3,15.852900000000002,4.661182635406788
8826,8827,292748634#5,10.374,2.2210875016014207
8828,8829,292748634#6,8.3853,1.7233976636961705
8830,8831,292755364,8.930250000000001,12.127858414719682
8832,8833,292755366#0,0.5796000000000001,0.1754385964912282
8834,8835,292755367#0,34.0389,18.07953072336011
8836,8837,292756440,10.71945,2.0541054323137837
8838,8839,292756441,2.8234500000000002,0.37744780405290224
8840,8841,292756442,2.65335,0.3241588148217768
8844,8845,293213676#0,5.1555,0.7707070707070703
8846,8847,293213676#5,16.9218,3.0266666666666673
8848,8849,293224799#0,22.5918,5.125641025641024
8850,8851,293224801#0,22.689450000000004,2.0
8852,8853,293233330#0,7.4823,0.20000000000000007
8886,8887,294669436#0,14.920500000000002,12.5
8890,8891,295931061#0,5.8212,69.78305792972458
8892,8893,295931062#0,8.82,1.4233762324076171
8894,8895,295931062#8,20.94225,7.0897931717277975
8896,8897,295931063#0,7.94535,88.92941609367882
8898,8899,299988912#0,14.619150000000001,7.144153225806453
8900,8901,299988913,0.6846000000000001,0.1129032258064516
8902,8903,299988915#0,6.447,4.301994301994302
8904,8905,30017692#12,6.24225,0.8187246238356821
8906,8907,30017692#16,6.1530000000000005,0.848073899371069
8908,8909,30017692#21,10.31205,0.8857142857142856
8910,8911,30017692#6,7.54215,1.0203602848764135
8912,8913,30127481#0,14.257950000000001,4.333333333333331
8914,8915,30171114#0,4.27245,0.7631921218877733
8916,8917,30323265#2,5.086200000000001,0.764455782312925
8918,8919,30323346#0,6.57825,0.8014894709809961
8920,8921,30323347#0,29.41785,10.453195533380853
8922,8923,30323349#0,9.387,1.6295069707814753
8924,8925,30323349#10,11.430299999999999,2.0971787534650805
8926,8927,30323349#14,6.4302,1.0002560163850487
8928,8929,303512839#0,1.8921000000000001,0.19999999999999996
8930,8931,304216798#0,39.2406,15.946365248226952
8934,8935,305295506#0,17.587500000000002,0.8857142857142853
8936,8937,305295509,3.0387000000000004,0.4226142742582199
8938,8939,30604409#0,11.4114,53.25929482782279
8940,8941,306390407,2.92845,0.21978021978021972
8942,8943,306396967#0,13.09035,2.2637362637362637
8944,8945,306396967#10,9.83115,1.5666666666666662
8946,8947,306396967#3,7.2996,0.5714285714285714
8948,8949,306396967#5,9.048900000000001,0.7000000000000002
8950,8951,306396967#6,19.8114,6.799999999999999
8952,8953,30772531#0,3.3936,0.5428571428571428
8954,8955,30772531#2,3.3558000000000003,0.8380952380952377
8958,8959,307852346,28.6671,7.599999999999997
8960,8961,30890656#0,0.4977,0.0790424570912376
8962,8963,30890656#1,26.424300000000002,10.261427425821978
8964,8965,31000984#0,4.431,0.44444444444444436
8976,8977,31097133#0,5.6007,0.8624999999999999
8978,8979,31097133#2,5.395950000000001,1.125
8980,8981,31097133#3,7.45815,0.9999999999999997
8982,8983,31097291#2,6.501600000000001,1.3000000000000003
8986,8987,311181482#0,4.77015,0.6942355889724311
8988,8989,311181487#0,1.62015,125.69729041643932
8990,8991,311181488#0,4.17165,0.44906832298136634
8992,8993,311181489#0,3.6561000000000003,0.4759725400457665
8994,8995,311181490#0,3.7548000000000004,0.2
8996,8997,311644189#0,2.0905500000000004,2.5963091118800468
8998,8999,311743097#0,5.71305,76.47899159663866
9000,9001,311743098#0,3.0376499999999997,38.7
9002,9003,311743450,7.088550000000001,0.5
9004,9005,311773063#0,32.77785,22.694736842105257
9006,9007,311956417#0,39.27315,92.44696969696969
9010,9011,3138669#12,8.829450000000001,1.4924731182795696
9012,9013,3138669#13,8.2509,1.3806451612903226
9014,9015,3138669#14,0.0126,0.17777777777777773
9016,9017,3138669#15,7.57155,1.5892473118279575
9018,9019,3138669#17,17.277749999999997,5.39047619047619
9020,9021,3138669#4,12.38685,1.7000000000000004
9024,9025,314095467,3.0744000000000002,0.6880919111939142
9026,9027,3156749#0,9.00375,2.0370370370370363
9028,9029,3156749#1,10.18395,2.7242937853107336
9030,9031,3156749#2,5.92515,1.028108108108108
9032,9033,3156749#3,5.2867500000000005,34.352145045965294
9034,9035,3156901#0,21.37485,3.7333333333333325
9040,9041,317222609#0,9.561300000000001,1.4999999999999998
9044,9045,317222609#3,9.0846,3.2
9046,9047,317222611#0,6.28845,1.2021116138763197
9048,9049,317222611#1,9.5886,1.300813008130081
9050,9051,317222611#2,24.258150000000004,6.845345345345344
9052,9053,317222612#1,21.48195,10.606884057971016
9056,9057,317543380#0,11.13945,1.2000000000000004
9058,9059,317543380#4,2.3058,0.0
9060,9061,317543381,3.78105,0.47431077694235624
9062,9063,317543382#0,6.03225,1.1014492753623195
9064,9065,318248788#0,3.9942,85.0336928857108
9066,9067,3185634#0,10.35405,1.8577075098814242
9070,9071,3189024#0,10.411800000000001,2.666666666666666
9072,9073,3189024#2,8.0808,0.6956521739130441
9074,9075,3189024#3,11.7033,1.88235294117647
9076,9077,3189024#4,4.628400000000001,0.5560253699788581
9078,9079,3189024#5,12.3732,3.189625850340136
9080,9081,3189025#0,11.340000000000002,1.527777777777778
9082,9083,3189025#10,35.10465,16.46490384615385
9084,9085,3189025#12,7.7511,38.483560545308755
9088,9089,3189025#8,16.99425,5.955555555555555
9090,9091,3189026#0,0.61635,0.2666666666666666
9092,9093,3189026#1,4.64205,1.0641025641025639
9094,9095,3189026#2,1.4710500000000002,0.7868421052631579
9096,9097,3189026#3,14.9436,3.3553846153846165
9106,9107,32136688#0,6.279000000000001,0.7370241208950894
9108,9109,32136688#4,17.055149999999998,4.052670349907927
9112,9113,32256065,5.205900000000001,1.739487973960535
9114,9115,32256066#0,2.65335,47.409143787808304
9116,9117,32293100#0,2.7279,0.2573529411764706
9118,9119,323760851,4.116,0.8147368421052635
9120,9121,323760853#0,1.42695,0.2554385964912282
9122,9123,323760853#1,11.8776,2.3097308488612835
9124,9125,323760853#2,0.49665,0.04754098360655737
9128,9129,3243054#4,14.86275,3.037160952774337
9130,9131,3243055#0,33.89085,17.953168044077145
9132,9133,3243056#0,6.3231,0.8732071457393344
9134,9135,3243056#3,2.4759,0.42354248065578765
9136,9137,3243059#0,25.457250000000002,21.5
9138,9139,3243059#1,30.5298,24.944444444444436
9142,9143,3243064#0,13.84635,7.910256410256409
9144,9145,3243064#2,7.68285,2.410714285714285
9146,9147,3243064#3,17.5476,8.571428571428571
9154,9155,3243068#0,0.0756,0.14801110083256244
9156,9157,3243068#1,8.19945,8.647619047619049
9158,9159,3243068#2,7.437150000000001,1.0
9160,9161,3243068#3,32.3841,2.1999999999999993
9162,9163,3243068#6,28.09275,13.7
9164,9165,32431609,5.565,100.0949841269841
9166,9167,3245455#0,40.74105,46.844444444444434
9168,9169,3245456#0,10.34355,3.607894736842106
9170,9171,3245457#0,22.783950000000004,10.444444444444443
9172,9173,3245457#7,0.0252,0.18151260504201683
9174,9175,3245460#0,21.61215,5.377777777777777
9176,9177,3245460#3,2.7205500000000002,0.6731182795698921
9178,9179,3245477#0,23.198700000000002,6.795833333333334
9180,9181,32507257#0,26.71095,10.970588235294116
9182,9183,326512436#0,6.51735,0.6952380952380951
9184,9185,326512437,2.04435,0.9260599859719566
9186,9187,326512438,3.7968,1.625121765702771
9188,9189,326512439,5.639550000000001,1.3662396322892068
9190,9191,326516911,1.50675,0.2535726479051845
9194,9195,326516913,1.3671000000000002,0.2504938427268524
9196,9197,326520690,14.2359,2.519625143712735
9198,9199,326520695,2.91795,0.31153348105090506
9200,9201,326520698,4.9539,0.7165964963221058
9202,9203,326520701,7.2261,0.8071444453709103
9204,9205,326520704#0,14.811300000000001,3.3348055453318604
9206,9207,326520706,9.24735,1.3892853266767955
9208,9209,326520707,2.4748500000000004,0.3287539124308469
9210,9211,326520708,12.6777,2.0617544249015154
9212,9213,326520709,14.840700000000002,2.9293638862741247
9214,9215,326520710,17.5287,3.909517578791672
9216,9217,326520711,84.9786,82.16399321857062
9222,9223,32732035,26.04105,2.499999999999999
9224,9225,32732041,7.9044,0.7
9226,9227,32733182,11.96685,1.8952982381659933
9228,9229,3283200,22.520400000000002,5.822222222222221
9232,9233,3283202#0,15.16935,3.2999999999999985
9236,9237,3283202#3,7.64085,0.6964285714285714
9240,9241,3283202#5,6.205500000000001,0.1777777777777779
9242,9243,3283203#0,26.684700000000003,5.433333333333334
9244,9245,3283203#1,25.996950000000002,10.267857142857142
9246,9247,3283321#0,9.293550000000002,0.30000000000000004
9248,9249,3283321#2,4.558050000000001,0.8545454545454547
9250,9251,32853221#0,7.55895,1.8075319346085115
9252,9253,32854649#0,5.34765,1.0475409836065568
9254,9255,32958392#0,1.5204,1.4092707258341937
9256,9257,32958392#3,8.9313,1.2312234293811997
9258,9259,32958392#7,5.1996,0.7775625885687297
9260,9261,32958392#8,7.79415,1.139869281045752
9262,9263,32958393,0.39480000000000004,0.6716998398535804
9264,9265,32958394#0,3.83985,1.194914060298675
9266,9267,32992027#0,0.07035000000000001,0.25000000000000006
9268,9269,32992027#1,0.0252,0.2394736842105264
9270,9271,32992028,2.79615,33.60570340547376
9272,9273,32992029#0,4.9035,3.3299235894021635
9276,9277,32992031,0.6048,0.3692373363688106
9278,9279,3301995#0,1.2138,0.2500000000000002
9280,9281,3301995#2,14.412300000000002,3.333333333333332
9282,9283,3301995#3,3.2949,1.3333333333333333
9284,9285,3301995#4,23.99355,6.858974358974364
9286,9287,3301995#6,19.89435,6.2
9288,9289,3301996#0,9.3324,1.7809523809523817
9290,9291,3301996#1,8.0031,0.7000000000000003
9294,9295,3301998#0,15.7983,2.7666666666666657
9296,9297,3301998#2,29.59425,22.785714285714285
9298,9299,3301998#5,19.960500000000003,4.276666666666668
9300,9301,3301999#0,8.9481,1.0
9302,9303,3302000#0,8.33595,0.7
9304,9305,3302000#2,10.361400000000001,2.6964285714285703
9306,9307,3302001#0,1.12665,2.4999999999999996
9308,9309,3302001#1,13.12395,2.0588235294117654
9310,9311,3302001#2,30.319800000000004,5.333333333333338
9312,9313,3302001#6,15.039150000000001,2.4970760233918123
9314,9315,3302074#0,1.64325,1.0871609028784428
9316,9317,3302175#0,7.8645000000000005,1.322260606254464
9318,9319,3303591#0,24.650850000000002,10.74
9322,9323,3322000,0.7066500000000001,0.4116172324264809
9324,9325,3322001#0,0.43785,0.2986972088583986
9326,9327,3322001#1,5.55345,13.9607727397466
9328,9329,3322002#0,1.69365,0.9552318256827014
9332,9333,3322005#1,7.39515,0.7999999999999998
9334,9335,3322006#1,0.9586500000000001,0.2835820895522389
9338,9339,3322008#4,19.51635,2.715384615384614
9340,9341,3322008#7,0.8043,0.0
9342,9343,3322008#8,9.681000000000001,1.3787878787878787
9346,9347,3322009#2,7.89075,3.8000000000000003
9350,9351,3322011#0,12.83205,0.9444444444444446
9352,9353,3322011#3,23.9085,1.6111111111111107
9354,9355,3322011#6,6.5058,0.6589147286821708
9356,9357,3322011#7,8.829450000000001,1.3961038961038963
9358,9359,3322011#8,11.562600000000002,1.256410256410256
9360,9361,3322013,22.67475,11.511111111111108
9362,9363,3322015#0,11.8881,1.7
9368,9369,3322015#6,11.2812,3.2095238095238092
9370,9371,3322015#7,14.789250000000001,4.831578947368421
9372,9373,3322016#0,11.81355,3.111111111111111
9374,9375,3322016#1,9.39435,3.1026315789473684
9376,9377,3322016#3,9.4815,2.5413105413105415
9378,9379,3322016#5,8.392650000000001,27.639639639639643
9384,9385,3322100#0,11.6718,2.339945280437758
9386,9387,3322100#1,6.8712,1.1077856025039121
9388,9389,3322100#3,2.8749000000000002,0.3769841269841271
9390,9391,3322101#0,28.43925,18.74285714285714
9394,9395,3322103#0,12.73965,2.2
9396,9397,3322103#4,10.0989,1.5619047619047621
9398,9399,3322103#5,13.8936,4.129166666666664
9400,9401,3322103#7,12.3564,3.6444444444444453
9402,9403,3322132#0,15.8424,3.164705882352941
9404,9405,3322132#2,8.0871,1.2823529411764707
9406,9407,3322132#3,23.399250000000002,6.585057471264369
9408,9409,3322132#4,9.7398,1.2142857142857149
9410,9411,3322132#5,10.5294,1.6468253968253974
9412,9413,3322132#8,13.15965,2.225296442687748
9414,9415,3322132#9,10.973550000000001,1.6727272727272733
9416,9417,3322133#0,29.51235,11.114130434782615
9418,9419,3322133#3,41.17575000000001,0.0
9420,9421,3322134#0,8.1921,1.2921052631578944
9422,9423,3322134#1,8.974350000000001,0.8333333333333334
9424,9425,3322134#3,40.84395,36.85294117647059
9426,9427,3322135#0,8.112300000000001,0.5523809523809524
9428,9429,3322135#2,10.796100000000001,0.0
9430,9431,3322136#0,8.31915,0.7777777777777778
9432,9433,3322136#1,10.985100000000001,0.5666666666666668
9434,9435,3322136#5,7.269150000000001,0.7999999999999999
9436,9437,3322136#7,6.728400000000001,0.30000000000000004
9438,9439,3322139#0,0.0252,0.2
9440,9441,3322139#1,22.5771,9.099999999999998
9442,9443,3322139#3,22.081500000000002,0.0
9444,9445,3322139#5,12.750150000000001,2.8000000000000003
9448,9449,3322286#0,47.32665,25.142857142857142
9450,9451,33287754,0.126,0.17543859649122803
9452,9453,33288051,0.014700000000000001,0.1741450068399453
9454,9455,33288054,0.014700000000000001,0.9961777353081693
9458,9459,332918969#0,17.43105,4.700000000000002
9460,9461,334186514#0,9.87525,2.1930673989497516
9462,9463,334186514#3,6.940500000000001,1.2029339853300736
9464,9465,334186514#6,4.99485,0.7659344258459951
9472,9473,3343135#0,20.396250000000002,1.1944444444444413
9474,9475,3343136#0,19.98885,2.0
9476,9477,3343136#1,9.52035,0.9166666666666666
9482,9483,3343238#0,28.02135,3.485380116959064
9484,9485,3343238#14,26.4474,6.461956521739129
9486,9487,3343238#23,10.22385,3.4107142857142847
9488,9489,3343238#26,6.1509,0.6291666666666667
9490,9491,3343238#27,15.49065,4.699999999999999
9492,9493,3343243#0,16.32855,7.999999999999999
9494,9495,3343243#1,16.56585,2.5960591133004938
9496,9497,3343243#10,18.68475,8.642105263157895
9498,9499,3343243#13,6.516300000000001,1.0933333333333337
9500,9501,3343243#15,4.0929,0.7733333333333334
9502,9503,3343243#16,5.308800000000001,1.0899999999999996
9504,9505,3343243#17,3.58155,0.27666666666666667
9506,9507,3343243#18,4.1349,0.5839743589743591
9508,9509,3343243#2,7.9275,0.5
9512,9513,3343243#7,3.1185000000000005,0.32298850574712645
9514,9515,3343243#8,3.31275,0.6258064516129035
9516,9517,3343243#9,9.954,4.698924731182794
9518,9519,3343297,19.200300000000002,12.200000000000001
9520,9521,33525635#0,11.8461,3.4287437185929663
9522,9523,33525635#5,8.701350000000001,1.9732297063903277
9524,9525,33525635#6,7.94955,1.624148606811144
9526,9527,33525635#7,8.4672,1.971204920324293
9528,9529,33525636#0,11.435550000000001,3.8
9530,9531,33525636#3,9.71355,0.0
9532,9533,33525636#7,10.143,0.0
9534,9535,33525637,7.852950000000001,1.778947368421054
9536,9537,33525638#0,3.9795000000000003,0.2666666666666666
9542,9543,33525639#2,38.266200000000005,10.700000000000006
9544,9545,33525640,10.855950000000002,2.55195681511471
9546,9547,33525641,0.0252,0.4418604651162789
9548,9549,33525642,4.3533,0.42307692307692324
9550,9551,33616844#0,7.5988500000000005,8.0
9552,9553,33633168#0,48.2706,23.547348484848477
9554,9555,33633168#8,28.46865,6.605758582502771
9556,9557,33633169#0,10.47375,1.0666666666666669
9560,9561,33633171#0,28.566300000000002,0.0
9562,9563,33633171#4,51.6852,0.0
9564,9565,33633172,12.06555,2.844444444444445
9566,9567,337993105#0,29.551199999999998,10.57887902330743
9568,9569,337993106,4.80795,0.5338850731998278
9572,9573,33871990#0,15.81825,2.780952380952381
9574,9575,339795927,3.46185,0.3793799871673964
9576,9577,33997359,2.3331,0.380952380952381
9582,9583,3425485#0,19.0869,3.212121212121208
9584,9585,3425485#1,9.156,2.1428571428571432
9586,9587,3425485#2,10.4265,2.606060606060606
9588,9589,3425489#0,17.88255,1.1999999999999997
9590,9591,3425499#0,3.045,0.5630252100840337
9592,9593,3425499#11,27.03015,4.98095238095238
9594,9595,3425499#18,17.724,2.998188405797102
9596,9597,3425499#2,30.90465,0.0
9598,9599,3425499#21,13.551300000000001,1.1238095238095236
9600,9601,3425499#22,7.724850000000001,0.39999999999999986
9610,9611,34340978,3.45135,0.4651208324009843
9612,9613,34340980#0,4.21365,0.3532940663176267
9614,9615,34340980#1,14.5488,2.7838750527648797
9616,9617,34340981#0,8.1312,1.101135847877727
9618,9619,34340982#0,13.6374,2.911295754488624
9620,9621,3447778#1,3.1878,0.6222222222222222
9622,9623,3447778#2,0.40950000000000003,0.17777777777777778
9626,9627,345733058,2.9295,0.2857142857142857
9628,9629,34946878#7,16.48395,3.0459830866807605
9630,9631,34955715,0.1512,0.0
9632,9633,34955716#0,37.497600000000006,6.952380952380953
9634,9635,34955717#3,4.3344000000000005,0.6999999999999998
9636,9637,34955717#5,3.56265,0.2999999999999999
9638,9639,34955718,11.9007,0.5
9640,9641,34955724#0,13.06935,12.743333333333332
9642,9643,35004102#0,0.7171500000000001,0.0
9644,9645,35004102#1,3.9795000000000003,0.2999999999999999
9646,9647,350136806#0,2.1231,0.2777777777777778
9648,9649,350136806#2,18.8454,6.123809523809524
9652,9653,35039839#0,30.256800000000002,10.186258902387928
9654,9655,35039839#4,0.24570000000000003,0.1578616352201258
9656,9657,35039843#0,11.034450000000001,3.0233333333333334
9658,9659,35039843#3,7.942200000000001,1.2571428571428562
9660,9661,35039843#7,2.93055,0.35999999999999993
9662,9663,35039844,7.4592,0.6770981507823611
9664,9665,35039845#0,33.7218,13.025641025641017
9666,9667,35039845#5,8.0409,0.5714285714285716
9668,9669,35042657#0,16.779,3.9238095238095236
9670,9671,35043027#0,26.7288,9.611677852348999
9672,9673,35043034#0,14.257950000000001,3.574171029668413
9674,9675,35043036#0,11.37465,2.82894736842105
9676,9677,35043039#0,19.7148,5.582356155171694
9678,9679,35043041#0,10.5105,2.295810055865924
9680,9681,35043607,9.61905,3.3994032395566927
9682,9683,35052911#0,5.7078,0.7862879933984327
9684,9685,35064461#0,68.25420000000001,26.79999999999999
9686,9687,35078030#0,2.0097,0.6222222222222222
9688,9689,35078030#1,4.4037,0.711111111111111
9696,9697,35078618,10.9746,2.3185185185185184
9698,9699,35078621,9.6663,1.2158651781880632
9700,9701,35108720#0,3.2697,1.1886392009987512
9702,9703,35108720#10,26.56605,26.506153131711844
9704,9705,35108720#6,6.258,0.5383753501400561
9706,9707,351615223#1,13.64685,2.4365171811298776
9708,9709,351615223#7,1.1382,0.24082702387885851
9710,9711,351615223#8,3.84405,0.9192439862542962
9712,9713,351615235#4,4.17165,1.2385509227614495
9714,9715,351615235#7,7.637700000000001,1.5603480192521277
9716,9717,35218416#0,2.7657,0.9444444444444442
9718,9719,35262511#0,21.73185,17.688518246013036
9720,9721,3526897#0,12.086549999999999,2.3523809523809525
9722,9723,3526897#1,6.60135,0.48888888888888893
9724,9725,3526898#0,12.17265,0.9999999999999999
9730,9731,353258540#0,1.6905000000000001,28.737879989426375
9732,9733,353666023#0,11.2539,2.677584720773035
9734,9735,353666023#1,18.68475,7.414781505822673
9736,9737,353666023#2,7.17885,1.5921882995053733
9738,9739,353666023#3,7.993650000000001,1.7822490816447436
9740,9741,353666023#7,5.38755,1.1375982676646434
9742,9743,354927560,7.1610000000000005,0.532967032967033
9744,9745,3550327#0,61.9857,59.05000000000002
9746,9747,3551567#13,14.16555,2.5
9748,9749,3551567#5,13.8432,3.3496732026143796
9750,9751,3551567#8,19.7799,4.912280701754387
9752,9753,3551810#0,25.545450000000002,8.022702702702698
9754,9755,3551810#7,26.640600000000003,9.53636363636364
9758,9759,3551833#0,22.6674,8.972972972972977
9760,9761,3551833#5,16.75695,5.626893939393938
9762,9763,3551855#0,0.51345,0.1714285714285714
9764,9765,3551855#1,15.959999999999999,6.63235294117647
9766,9767,3551855#5,15.594600000000002,3.265120967741935
9768,9769,3551934#0,17.7681,2.785714285714287
9770,9771,3551936#0,19.3641,2.6999999999999997
9774,9775,3552681#0,14.641200000000001,0.7999999999999998
9776,9777,3552681#6,15.292200000000001,2.6999999999999997
9778,9779,3552688#0,8.38215,1.5
9780,9781,3552688#2,0.049350000000000005,0.0
9782,9783,3552734#0,63.57855000000001,61.406824146981606
9784,9785,3552734#3,52.21125000000001,45.4146133029483
9786,9787,3552735,0.026250000000000002,0.5
9788,9789,3576881#0,1.7293500000000002,1.2755500207555002
9790,9791,3576881#2,33.84675,14.028919146885174
9792,9793,3576882#0,6.8964,1.9728209812108548
9794,9795,3576882#2,12.520199999999999,2.1927317702165747
9796,9797,3576883#0,8.4504,1.953862115403113
9798,9799,3576883#3,4.3722,0.5574947796151023
9800,9801,3576883#4,11.64765,2.450592822471552
9802,9803,3576883#6,6.3063,0.8843194694823588
9804,9805,3576883#7,5.9934,0.9061292814833894
9806,9807,3576883#8,5.1922500000000005,0.6197621650269963
9808,9809,3576884#0,1.4322000000000001,1.573548456723505
9810,9811,3576884#2,43.932,21.860671157774036
9812,9813,35882499#0,39.658500000000004,60.69999999999999
9814,9815,35921905#0,1.2432,0.39999999999999997
9818,9819,359232666#1,4.10865,0.06666666666666667
9820,9821,35952612#0,45.320100000000004,44.90231325301208
9822,9823,35994258#0,9.59595,1.7069078947368423
9824,9825,35994258#11,3.1752000000000002,0.0
9826,9827,35994258#13,11.91435,0.4
9828,9829,35994258#5,5.6406,0.0
9830,9831,35994258#8,5.97975,1.0666666666666664
9832,9833,360015946#0,8.107050000000001,1.9367816091954024
9834,9835,360015946#1,8.345400000000001,2.1482758620689655
9836,9837,360015946#2,8.37585,1.5678160919540225
9838,9839,36002290#1,4.84995,0.642857142857143
9840,9841,361074024,26.943,21.511111111111113
9842,9843,361156377#0,12.5958,2.4173215433132684
9844,9845,361156380#0,4.854150000000001,77.6767239393042
9846,9847,361156385#0,3.7831500000000005,33.747552447552444
9848,9849,361156389#0,4.301850000000001,72.75894119876948
9850,9851,361156393#0,3.58785,62.02286946007046
9852,9853,361156396#0,4.14645,41.65524231865693
9854,9855,361156397#0,5.65635,32.63874216245641
9856,9857,361156398#0,15.37935,3.410006323362969
9858,9859,361156401#0,7.2093,41.25
9860,9861,361262464#0,20.746950000000002,6.215918367346936
9862,9863,361262466#0,23.3415,9.125641025641029
9864,9865,361262466#5,9.259950000000002,2.2304439746300213
9866,9867,361262470,3.85665,2.169461914744933
9868,9869,361462507#4,14.9457,2.9999999999999987
9870,9871,361462508,57.2586,41.31914893617022
9872,9873,3615536#0,15.000300000000001,4.2571428571428545
9874,9875,3615537,0.0252,0.26666666666666666
9876,9877,3615539#0,15.01185,1.6999999999999993
9878,9879,3615540,17.19375,1.5
9884,9885,3625904#0,11.13,3.6380952380952385
9886,9887,3625904#2,11.32845,4.171428571428572
9888,9889,3625906#0,11.88705,2.9047619047619047
9890,9891,3625906#1,11.8776,3.238095238095238
9894,9895,363470954#2,11.741100000000001,1.3444444444444443
9896,9897,363470954#7,18.470550000000003,6.259057971014494
9898,9899,363470957#3,25.519199999999998,5.4107142857142865
9900,9901,363470959#5,21.30555,0.0
9902,9903,363801259#0,1.0584,125.4094147330927
9906,9907,3654979#0,4.7229,0.7378048780487805
9908,9909,3655020#0,28.4529,6.285714285714291
9910,9911,3655021,0.13335,0.2421383647798742
9912,9913,3655024#0,11.927999999999999,2.916666666666666
9914,9915,3655024#2,8.353800000000001,1.5714285714285714
9916,9917,3655028#0,32.11005,6.500000000000002
9918,9919,3655033#0,7.028700000000001,0.7134920634920635
9920,9921,3655033#1,9.12345,1.3728222996515689
9922,9923,3655033#2,10.264800000000001,1.5695121951219506
9924,9925,3655042#0,27.765150000000002,13.80952380952381
9926,9927,3655042#1,28.154700000000002,13.495238095238093
9928,9929,3655054#0,5.1597,0.9615384615384616
9930,9931,3655064#0,8.123850000000001,1.2678571428571428
9938,9939,3655072#15,13.584900000000001,4.643333333333335
9942,9943,3655072#9,19.98255,10.473333333333331
9944,9945,3655076#0,5.51985,2.3
9946,9947,3655078#0,9.4059,2.9821428571428577
9948,9949,3655078#1,9.5109,2.0
9950,9951,3655080,21.4662,7.0
9952,9953,3655093#0,23.6922,12.799999999999999
9954,9955,366102515#0,37.21725,14.755821078431357
9956,9957,366102516,2.2008,0.2352941176470588
9958,9959,366102517#0,2.0968500000000003,0.1901587301587302
9960,9961,366102518#0,5.0715,0.4235294117647061
9962,9963,366102519#0,5.12085,2.08888888888889
9964,9965,366102520#0,14.71785,2.297979797979797
9966,9967,366102521,2.41395,12.133333333333333
9968,9969,366137236,3.9238500000000003,0.7307873090481791
9970,9971,366137237#0,2.93055,0.4472306420501515
9972,9973,366137237#1,2.1126,0.6916996047430831
9974,9975,366137238,2.1441,0.518981018981019
9976,9977,366137239#0,1.92885,69.04347826086956
9978,9979,366137240#0,6.989850000000001,4.444947209653092
9982,9983,3661678#6,6.4344,0.8000000000000003
9984,9985,3661678#7,10.22385,2.7666666666666666
9986,9987,3689660#0,21.38325,4.314285714285718
9990,9991,3689776#0,17.47725,2.233333333333332
10002,10003,3689781,9.87315,0.6666666666666665
10004,10005,3689782#0,21.71925,8.333333333333336
10006,10007,3689783,7.5684000000000005,3.0
10008,10009,3689881#0,7.4529000000000005,0.9333333333333331
10012,10013,3689895#0,3.0040500000000003,0.8795321637426899
10014,10015,3689896#0,3.05445,0.9193054136874359
10016,10017,3692212#0,9.07515,2.2
10018,10019,3692212#1,9.81015,0.6999999999999997
10020,10021,3692212#2,8.03355,1.7
10024,10025,3693729#2,10.1598,1.5000000000000002
10028,10029,3693731#0,28.787850000000002,10.589126559714787
10030,10031,3693731#3,27.73995,11.609195402298852
10034,10035,3701102#4,8.76645,1.5849462365591394
10040,10041,37018082#4,35.07315,13.499999999999988
10042,10043,37018139#0,10.6092,1.6000000000000016
10044,10045,37018139#1,0.0756,0.6222222222222223
10046,10047,37018139#2,4.532850000000001,2.066666666666667
10048,10049,37018150#0,12.959100000000001,26.6400580551524
10052,10053,3709038#0,25.8342,13.839473684210532
10054,10055,3709253,13.8768,2.2
10056,10057,371609623,10.0905,0.30000000000000004
10058,10059,371609624#1,9.93825,1.9224358974358977
10060,10061,371609624#10,17.904600000000002,6.20909090909091
10062,10063,371609624#14,6.6633000000000004,0.7000000000000004
10064,10065,37253337#0,13.053600000000001,1.7789473684210528
10066,10067,37253337#1,24.1353,8.488888888888887
10070,10071,37253348#2,26.4768,54.87719298245615
10072,10073,37253365#0,7.47495,2.4555555555555553
10078,10079,37299313#6,32.2896,2.3
10082,10083,3732664,9.450000000000001,1.3703703703703702
10084,10085,3732685#0,34.98180000000001,15.7
10088,10089,373269567#3,15.417150000000001,2.844444444444444
10098,10099,3732947#0,9.191699999999999,2.9333333333333327
10104,10105,37416404#0,1.75875,2.8035696279116666
10106,10107,37416406,0.11445000000000001,2.335604705372148
10108,10109,37416407,0.34440000000000004,134.64433511001766
10110,10111,3747321,14.9898,0.8000000000000005
10112,10113,374909783#0,1.7356500000000001,0.3154121863799283
10114,10115,3753328#0,25.0887,3.3444444444444446
10116,10117,375792027#0,13.4106,2.4709851551956823
10118,10119,37640569#0,9.10455,1.652884615384616
10120,10121,37640569#2,12.64515,3.2274038461538455
10122,10123,37640569#4,9.18645,1.9024844720496894
10124,10125,37640569#5,10.90005,2.4437853107344623
10126,10127,37642925#0,17.402700000000003,3.4095238095238107
10128,10129,37642925#5,22.84065,5.974358974358974
10130,10131,37642928#0,15.597750000000001,3.5714285714285716
10132,10133,37665284#0,1.4836500000000001,5.363205519737586
10134,10135,37666014,4.80375,2.6467465227502105
10136,10137,37666015#0,0.07035000000000001,127.10494949494952
10138,10139,37666017#0,6.9867,1.2987273361227338
10140,10141,37666023#0,5.38335,60.69265463917528
10144,10145,37739521#6,10.43385,0.9333333333333331
10148,10149,37740361#0,1.16445,11.249074563722896
10150,10151,37742464#0,5.7078,0.7531477111845213
10152,10153,37742464#2,1.31565,0.27776309579990544
10154,10155,37742467#0,12.029850000000001,2.549881422924902
10156,10157,37743290#0,12.817350000000001,3.861953105242242
10158,10159,37743291#0,11.384100000000002,2.489155514536226
10160,10161,37768220#0,11.87865,1.3
10162,10163,37768220#2,10.6302,0.7000000000000002
10164,10165,37768220#5,41.5422,8.233333333333334
10166,10167,377972366#0,2.3740500000000004,42.0
10168,10169,377972370#0,3.35895,24.2
10174,10175,377972377#0,5.4054,63.642857142857146
10176,10177,377972385#1,13.9272,3.6964714479590803
10178,10179,377972386#0,7.2124500000000005,33.341722284019276
10180,10181,377972387#0,6.43965,35.47810169856522
10182,10183,377972388#0,21.93555,6.682498271540919
10184,10185,377972389#0,7.11585,37.45782372966838
10190,10191,379604041,13.18905,1.93873731901901
10192,10193,381152735#0,9.4983,1.4076142783769905
10198,10199,38273890#0,9.4773,2.5506081220366936
10200,10201,38273892#0,16.102800000000002,27.967532467532457
10202,10203,38273893,9.196950000000001,4.177777777777777
10206,10207,3846298#0,47.91675,16.0
10210,10211,3846325,50.50815,3.333333333333337
10212,10213,3846337#0,10.5147,0.0
10214,10215,3846337#2,7.3941,1.339971550497866
10216,10217,3846337#3,7.591500000000001,2.085714285714286
10218,10219,3846341#2,6.98355,2.1428571428571423
10220,10221,3846341#4,9.8637,2.45
10224,10225,38522958,7.509600000000001,2.1564974382859803
10226,10227,38522960#0,41.872949999999996,16.699999999999996
10228,10229,38562403#0,9.66945,8.777777777777779
10234,10235,38562406#0,5.158650000000001,0.8304093567251463
10236,10237,38609704#0,30.588600000000003,11.480519480519476
10238,10239,38609704#13,10.264800000000001,1.2777777777777772
10240,10241,38609705#0,2.4108,0.47011603125739987
10242,10243,38609707#0,3.76005,0.4954996186117471
10244,10245,38625064#0,14.412300000000002,3.3040638606676356
10246,10247,38625066#1,2.1336,1.0803185745140393
10248,10249,38625066#3,9.8154,1.5620906175181817
10250,10251,38625066#4,7.06755,1.1768669732043768
10252,10253,38625066#5,4.932900000000001,0.675805074145324
10254,10255,38625066#6,1.2621,0.2101638485393903
10256,10257,38634656#0,1.02795,0.30000000000000004
10258,10259,386516182,0.23625000000000002,0.08492681133531123
10260,10261,386516183,0.5817000000000001,0.19953364597874215
10262,10263,386516184#0,0.5208,0.16094718533390448
10264,10265,386516185#0,3.1836,10.541787914288948
10266,10267,386516186#0,1.94775,0.3155019138165207
10268,10269,386516210#0,9.240000000000002,1.3588063312833951
10270,10271,38684263,3.8860500000000004,0.5428571428571429
10272,10273,38684265#0,8.6331,2.485272803777641
10274,10275,38684265#2,13.120800000000001,4.163754663754663
10276,10277,38684265#4,25.84575,11.596260093497657
10278,10279,38684615#0,8.2215,2.1645971055922835
10282,10283,38876178#2,0.7938000000000001,0.2314413484692123
10284,10285,38876178#3,7.084350000000001,1.3018474842767294
10286,10287,38876178#7,9.5382,41.29919760641916
10288,10289,38876179#0,17.40375,2.80952380952381
10290,10291,38876179#1,10.72575,1.4710144927536235
10292,10293,38876179#2,10.3971,2.4999999999999996
10294,10295,38876179#3,11.212950000000001,1.3000000000000003
10296,10297,38876179#5,22.597050000000003,4.800000000000001
10298,10299,38876179#7,15.7815,10.300000000000002
10300,10301,38876180#11,10.845450000000001,2.987192982456139
10302,10303,38876180#12,1.9876500000000001,0.493599590373784
10304,10305,38876180#13,12.55695,4.158775510204084
10306,10307,38876180#2,17.203200000000002,4.467005076142135
10308,10309,38876180#4,2.48115,0.34810544646610203
10310,10311,38876180#5,13.37175,2.8246281914623634
10312,10313,38876180#7,13.5807,3.3785421785421783
10314,10315,38876180#8,14.32725,3.842376237623765
10316,10317,3903524#0,4.30815,1.6197823204760593
10320,10321,39306504#0,9.74925,0.7000000000000002
10322,10323,3931767#0,23.531550000000003,6.322222222222222
10324,10325,3931767#13,17.14125,1.288888888888888
10326,10327,3931767#5,30.656850000000002,7.9999999999999964
10330,10331,3960574,7.9243500000000004,2.0
10332,10333,3960575#0,21.1302,5.7
10334,10335,3960575#15,22.932000000000002,19.0
10336,10337,3960575#22,2.3782500000000004,0.25000000000000006
10340,10341,3960575#9,15.466500000000002,4.299999999999999
10342,10343,3960689#0,7.97895,3.7000000000000006
10344,10345,3960689#1,7.8603000000000005,1.6666666666666667
10346,10347,3960690#0,8.16795,1.5
10348,10349,3960690#1,8.137500000000001,1.3
10350,10351,3960691#0,8.1942,0.8181818181818186
10352,10353,3960691#1,8.18685,1.1
10354,10355,3960692#0,11.9385,1.8499999999999994
10356,10357,3960693#0,2.5284,0.4502923976608186
10358,10359,3960693#1,20.0739,13.500000000000002
10360,10361,3960693#11,1.9929,0.4555555555555555
10362,10363,3960693#12,21.39795,8.699999999999998
10366,10367,3960694#0,21.4263,0.0
10368,10369,3960694#1,15.5967,7.466666666666664
10370,10371,3960694#3,2.0800500000000004,0.21818181818181812
10372,10373,3960694#4,22.3629,4.666666666666668
10376,10377,3960862#0,12.558000000000002,2.7222222222222214
10378,10379,3960862#1,7.26285,0.6111111111111113
10380,10381,3960862#2,7.5642000000000005,0.25000000000000017
10382,10383,3978998#0,21.63735,8.840659340659336
10384,10385,3978999#0,15.128400000000001,6.700000000000001
10386,10387,3979001#0,16.716,7.2666666666666675
10388,10389,3979002#0,11.5542,3.3052631578947387
10390,10391,3979002#1,7.828800000000001,0.19999999999999996
10396,10397,3979003#1,9.055200000000001,1.7885057471264367
10406,10407,3979006#0,6.5142,1.2951219512195122
10408,10409,3979006#2,8.0409,1.526050420168068
10410,10411,3979006#3,8.4714,0.8888888888888888
10412,10413,3979007#0,38.913000000000004,18.300000000000004
10414,10415,3979008,21.59535,8.114285714285712
10418,10419,3979010#0,11.774700000000001,1.3
10420,10421,3979010#2,5.853750000000001,1.1238095238095243
10426,10427,3979021#0,1.92045,5.294117647058824
10428,10429,3986114#0,11.3484,0.553571428571429
10430,10431,3986114#1,11.127900000000002,1.7000000000000006
10432,10433,3986114#3,10.535700000000002,5.199999999999999
10434,10435,3986114#4,13.8495,2.299999999999999
10438,10439,3986115#0,19.209750000000003,6.527777777777777
10440,10441,3986115#2,18.2133,6.200000000000001
10442,10443,3986116#0,18.13665,11.3
10446,10447,3986117#0,17.209500000000002,4.177777777777778
10450,10451,3986119,9.76605,4.4625
10452,10453,3986698,38.7681,31.4095238095238
10454,10455,3994235#0,27.011250000000004,14.853260869565217
10456,10457,3994239#0,19.084799999999998,2.3
10458,10459,3994239#1,8.58165,1.8766666666666667
10460,10461,3994239#2,4.2945,0.4534412955465584
10462,10463,3994239#3,2.3688,0.3
10464,10465,3994239#4,7.174650000000001,0.7666666666666677
10466,10467,3994239#5,6.8964,1.2
10468,10469,3994239#6,5.4841500000000005,0.20000000000000004
10470,10471,3994240#0,12.911850000000001,1.9000000000000008
10472,10473,3994240#1,4.0236,0.0
10476,10477,3994241,18.9294,0.5666666666666663
10478,10479,3994242#0,16.02195,2.206666666666666
10480,10481,3994242#1,7.13475,1.2
10482,10483,3994243#0,6.4407000000000005,0.0
10484,10485,3994243#1,10.03695,1.6428571428571423
10486,10487,3994243#2,12.5832,4.545454545454545
10488,10489,3994245,19.01865,2.2999999999999985
10490,10491,3994246#0,6.814500000000001,0.30000000000000004
10492,10493,3994246#3,8.55015,1.3161764705882355
10494,10495,3994246#4,8.873550000000002,2.1714285714285717
10496,10497,3994246#5,13.642650000000001,3.854545454545454
10498,10499,3994246#6,27.00495,10.700000000000006
10500,10501,3994246#8,6.68325,10.860294117647062
10502,10503,3994247#0,18.52725,0.0
10504,10505,3994248#0,12.635700000000002,1.2000000000000002
10508,10509,3994250#0,14.9835,2.435897435897435
10510,10511,3994252#0,9.46785,1.3777777777777778
10512,10513,3994252#2,15.16935,1.5
10514,10515,3994254,15.03075,2.800000000000001
10516,10517,3996182#0,14.241150000000001,1.3973684210526325
10518,10519,3996183#0,8.4966,0.6727272727272727
10520,10521,3996183#2,17.0331,3.3000000000000003
10522,10523,3996991,0.016800000000000002,0.0
10528,10529,4003710#0,3.3915,5.941414141414142
10530,10531,4003710#2,1.75245,2.028571428571429
10532,10533,4003710#3,5.91465,7.8181818181818175
10534,10535,4003820,0.9324,0.39999999999999997
10536,10537,4004659,6.700050000000001,0.6742424242424245
10538,10539,4005487#0,21.5271,7.706153846153845
10540,10541,4005487#2,30.77445,15.772079772079783
10544,10545,4005488#7,30.7188,1.5833333333333315
10546,10547,4005488#9,16.04715,4.638095238095239
10548,10549,4005489#0,19.416600000000003,2.9411764705882355
10550,10551,4005489#3,30.935100000000002,6.333333333333336
10552,10553,4005489#4,12.74595,3.5999999999999988
10554,10555,4005490#0,11.12475,10.654545454545453
10556,10557,4005490#1,10.134599999999999,1.2360752056404234
10558,10559,4005490#2,13.5828,2.311686368397426
10560,10561,4005490#3,9.13395,1.3248081841432222
10562,10563,4005490#5,20.9559,5.934907207029977
10564,10565,4005491#0,8.01465,2.344736842105263
10566,10567,4005491#1,9.293550000000002,2.5714285714285716
10568,10569,4005492#0,8.5617,0.6102941176470589
10570,10571,4005492#1,8.28765,0.8444444444444446
10572,10573,4005492#2,10.599750000000002,1.5999999999999994
10574,10575,4005493,12.968550000000002,3.566666666666665
10576,10577,4005494#0,8.1312,0.9924242424242418
10578,10579,4005494#14,15.456000000000001,7.85
10580,10581,4005494#3,9.672600000000001,0.6666666666666666
10582,10583,4005494#5,8.2236,0.7352941176470589
10584,10585,4005494#8,8.36115,1.9
10586,10587,4005494#9,9.2988,0.0
10590,10591,4005496,13.4589,3.8000000000000003
10592,10593,4005497#0,13.9566,4.238095238095238
10594,10595,4005499#0,14.70105,2.244565217391304
10596,10597,4005500#0,19.7694,6.23225806451613
10598,10599,4005500#2,28.154700000000002,9.623333333333338
10600,10601,4006223#0,1.9834500000000002,0.13150266971777272
10604,10605,4061600#0,1.92045,0.2736842105263158
10606,10607,4061600#2,35.2044,14.99311104987599
10608,10609,4061601#0,8.31705,0.2999999999999998
10610,10611,4061603#0,5.756100000000001,2.26888391890917
10612,10613,4061604#0,3.46395,0.3779597536977084
10614,10615,4061606#0,15.132600000000002,6.064945226917058
10616,10617,4061606#11,24.2382,6.455130784708248
10618,10619,4061606#14,14.4837,3.0153846153846144
10620,10621,4061606#4,22.6611,6.325553319919517
10622,10623,4061607#0,8.240400000000001,1.8233333333333326
10624,10625,4061607#4,19.4964,7.508771929824557
10626,10627,4061607#8,6.468000000000001,1.134502923976608
10628,10629,4061608#0,11.262300000000002,2.643589743589742
10630,10631,4061622,0.0252,11.492436974789914
10632,10633,4061623#0,13.757100000000001,2.874481371629439
10634,10635,4061626#0,3.17205,0.28571428571428564
10636,10637,4061627#0,3.27285,0.42233766233766223
10638,10639,4061628,0.8568,4.031851771615639
10640,10641,4068433#0,9.0846,1.7
10642,10643,4068433#1,7.820400000000001,0.5444444444444445
10646,10647,4068434#1,34.341300000000004,14.011111111111111
10650,10651,4068435#1,25.4415,8.552380952380952
10652,10653,4073022,3.9112500000000003,0.7829260345389378
10654,10655,4073031#0,3.9280500000000003,2.0227272727272725
10656,10657,40742406#0,13.163850000000002,3.1666666666666665
10658,10659,4074422#0,19.09635,3.1999999999999993
10660,10661,4074422#6,23.4255,5.066666666666666
10664,10665,4074423#1,9.6432,1.3888888888888888
10668,10669,4074424#2,8.902949999999999,1.054945054945055
10670,10671,4076446#0,1.0626,0.0
10672,10673,4076473#0,18.1461,9.824175824175827
10674,10675,4076473#1,9.04365,1.9809523809523815
10676,10677,4076474#0,11.512200000000002,8.383333333333333
10678,10679,4076474#2,11.2959,2.430499325236167
10680,10681,4076474#4,12.4656,1.7291666666666665
10682,10683,4076475#0,18.009600000000002,4.243842364532024
10684,10685,4076476#0,3.6036,0.48512926103866383
10686,10687,4076476#2,12.702900000000001,2.7885245901639357
10688,10689,4076476#20,29.828400000000002,13.5
10690,10691,4076476#4,11.555250000000001,1.953654188948307
10692,10693,4076476#9,26.903100000000002,9.412549019607845
10694,10695,4076479#0,9.192750000000002,0.7
10696,10697,4076479#2,28.455000000000002,12.409523809523813
10698,10699,4076482#0,1.62015,4.823333333333333
10700,10701,4076483,6.571950000000001,0.7142857142857144
10704,10705,4076484#1,8.79795,0.7999999999999999
10706,10707,4076496#0,12.400500000000001,2.7114624505928857
10708,10709,4076496#2,4.7964,0.40711462450592906
10710,10711,4076496#4,16.78845,4.254545454545454
10712,10713,4076499#0,5.13765,0.5721301722719385
10714,10715,4076501,4.6389000000000005,0.0
10718,10719,4076551#0,9.241050000000001,2.2320248736883035
10720,10721,4076563#15,17.46675,3.999999999999999
10726,10727,4076565#0,11.26755,1.788888888888889
10728,10729,4076565#3,2.57775,0.30000000000000004
10736,10737,4080242#0,3.45135,0.4801616077903243
10738,10739,4080255#0,12.51495,2.7388192699285425
10740,10741,4080257#0,11.75685,2.8088092463092442
10742,10743,4080258,0.8410500000000001,0.27864546691055775
10744,10745,4080259#0,1.4752500000000002,42.96767676767677
10746,10747,4080260,2.0328,0.2963966520073771
10748,10749,4080261,2.0937,0.2857863304578633
10750,10751,4082054#0,20.302799999999998,6.249271986022129
10752,10753,4082054#10,10.58085,13.832304708164358
10754,10755,4082061#0,2.55885,2.4334975369458127
10756,10757,4082066#0,6.317850000000001,2.289954337899543
10758,10759,4083286#0,0.5775000000000001,0.0
10762,10763,4083287#0,7.376250000000001,0.5
10764,10765,4083287#2,14.0805,2.4888888888888903
10772,10773,4083289#5,6.7683,0.2999999999999999
10774,10775,4083290#0,32.718,8.300000000000004
10776,10777,4083291#0,11.161500000000002,4.5
10778,10779,4083292#0,9.544500000000001,2.0
10780,10781,4083293#0,22.2537,5.654545454545454
10782,10783,4083293#4,14.779800000000002,5.828571428571429
10784,10785,4083295#0,19.938450000000003,4.113978494623656
10786,10787,4083297#0,67.2231,56.0796370967742
10790,10791,4083302#0,12.48555,7.0666666666666655
10792,10793,4083305#0,32.5185,21.586580086580085
10794,10795,41405070,0.0252,0.2526315789473684
10796,10797,414460382,4.4877,0.792956387062019
10798,10799,41821146#0,3.12165,0.17777777777777776
10802,10803,41873406#0,4.815300000000001,0.7000000000000002
10804,10805,421117035,0.0252,0.22105263157894733
10806,10807,42150869,0.8589,0.30429732868757264
10808,10809,42150870#0,7.689150000000001,1.0923344947735187
10810,10811,42150870#11,6.2979,1.1285310734463276
10812,10813,42150870#15,10.5441,1.858474576271187
10814,10815,42150870#3,5.4117,1.4764107308048104
10816,10817,42150870#5,3.2676000000000003,0.341350601295097
10818,10819,42150870#8,6.2863500000000005,1.1539115646258502
10820,10821,42150872#0,12.37425,2.5381479324403027
10822,10823,42150873#0,11.8734,1.6858552631578947
10824,10825,42150873#8,6.2685,1.07177033492823
10828,10829,4228620#0,24.12585,3.2727272727272716
10830,10831,4228622#0,12.2367,0.9333333333333336
10832,10833,4228622#4,18.9525,3.0666666666666713
10836,10837,4228624#0,8.30025,0.5444444444444448
10838,10839,4228624#1,8.81475,0.2999999999999998
10840,10841,4228624#2,8.966999999999999,1.0
10846,10847,4228627#2,8.4441,0.0
10848,10849,4228628#0,7.041300000000001,1.3000000000000003
10850,10851,4228628#16,11.575199999999999,3.4791836734693877
10852,10853,4228628#17,5.54505,0.9587301587301582
10858,10859,4228628#9,13.23735,3.2111111111111117
10860,10861,4228629,29.437800000000003,17.33333333333334
10862,10863,4228630,0.7906500000000001,0.2638655462184874
10864,10865,4228633#0,44.08845,59.999999999999986
10866,10867,4228633#2,62.9853,200.4999999999999
10868,10869,4228634#0,86.247,117.60000000000001
10872,10873,4228637#0,14.6118,4.0
10876,10877,4228898#7,22.356600000000004,4.7
10878,10879,4228902#0,7.27965,1.8394736842105253
10880,10881,4228904#0,6.174,0.1777777777777777
10882,10883,4228904#1,1.97295,0.3600000000000001
10884,10885,4228904#2,4.7397,0.5368421052631578
10886,10887,4228904#4,2.6796,0.36842105263157887
10888,10889,4228904#5,3.7653,1.9052631578947365
10894,10895,4228907,22.0101,2.7
10896,10897,4228908,23.96205,3.4999999999999996
10898,10899,4228910,15.7878,2.8444444444444446
10900,10901,4228913#0,38.200050000000005,32.5
10904,10905,4228917#0,7.62405,2.8318681318681334
10906,10907,4228917#3,7.68705,2.4780487804878057
10908,10909,4228924#0,2.33835,0.7109243697478992
10910,10911,4228924#2,10.25535,1.8184210526315792
10912,10913,4228926#0,6.58665,1.008220837660089
10914,10915,4228926#1,10.84755,4.98889659958362
10916,10917,4228927#0,1.9866,0.2563869992441419
10918,10919,4228928#0,2.0937,0.3193424734436818
10920,10921,4228929,0.6867000000000001,1.9411764705882353
10922,10923,4228930,0.9051,0.39826839826839816
10924,10925,4228931#0,2.4213,0.2610040781887222
10926,10927,4228932#0,2.3583000000000003,0.27237813364339447
10930,10931,4228935,14.9331,4.14410569527805
10934,10935,4228941#0,5.878950000000001,0.3263157894736841
10936,10937,4228942#0,1.5361500000000001,1.7288359788359786
10938,10939,4228943,0.9765000000000001,0.13333333333333328
10940,10941,4228944,2.52735,0.2698667842776755
10942,10943,4228945,2.5389000000000004,0.3082004485820505
10944,10945,4228946,2.7499500000000006,0.3933333333333333
10946,10947,4228947,1.2012,0.26052631578947366
10948,10949,4228948,2.2302000000000004,0.2646309307300679
10950,10951,4228949#0,2.2659,0.2778875683730396
10952,10953,4228952#0,2.12625,0.3975867038524668
10954,10955,4228983#0,9.3135,0.6666666666666666
10956,10957,4228986#0,27.57195,26.920512820512833
10958,10959,4228986#2,89.50725000000001,160.16615384615386
10970,10971,4229043#0,44.6544,25.700000000000003
10972,10973,4229044#0,39.32985,27.495238095238086
10974,10975,4229048#0,84.51975,97.30000000000001
10978,10979,4229077#0,6.524700000000001,2.476190476190476
10980,10981,4229686#1,3.23715,2.638095238095238
10982,10983,4229686#2,29.705550000000002,26.952380952380963
10984,10985,4230954,1.3377000000000001,0.2910320958221584
10986,10987,4230962,5.5776,0.34266308404239443
10988,10989,4230962-AddedOffRampEdge,3.55635,0.34242051052395867
10990,10991,4230968,4.1475,0.890909090909091
10992,10993,4231195#0,4.4247000000000005,1.0704256495301274
10994,10995,4231195#12,3.5217,1.0208492864601464
10996,10997,4231195#15,42.4809,19.87520173805089
10998,10999,4231195#4,4.36275,0.6667262969588548
11000,11001,4231195#8,3.3453,0.601438848920863
11002,11003,4231198#0,4.4499,1.461834853436083
11004,11005,42376205#0,21.2709,9.74712643678161
11006,11007,42506321#0,12.9885,2.6177370030581026
11008,11009,42506322#0,21.2247,5.584621727478873
11012,11013,4252498,60.80970000000001,93.5
11014,11015,4252547#0,44.604,17.212765957446802
11016,11017,4256770#0,31.79505,81.28125000000001
11018,11019,4256770#2,55.6353,89.67666666666666
11020,11021,4256770#5,30.8805,13.500000000000004
11024,11025,4265489,2.2323,0.661904761904762
11026,11027,4265491,0.88095,0.24009661835748788
11028,11029,4265495#0,0.5963999999999999,0.2651515151515152
11030,11031,4268724#0,11.31585,8.5
11032,11033,4268724#2,22.368150000000004,1.2000000000000004
11038,11039,4268726#0,25.271400000000003,3.2888888888888914
11040,11041,4268727#0,10.06005,0.0
11042,11043,4268727#1,9.90465,0.2999999999999998
11044,11045,4268727#2,8.83155,2.621052631578947
11046,11047,4268728,10.9137,3.064513350559863
11048,11049,4268732#0,9.4899,3.1884057971014497
11050,11051,4268732#3,10.141950000000001,1.7076023391812862
11052,11053,4268745#0,2.26695,0.33978494623655914
11054,11055,4268745#3,7.1568000000000005,0.7625000000000003
11056,11057,4268745#8,10.408650000000002,0.5
11058,11059,4268747#0,35.70105,15.34350775193798
11060,11061,4268941#0,1.4364000000000001,0.2808753954662871
11064,11065,4268945,10.87695,3.1666666666666674
11070,11071,4287765#0,22.73985,9.24033613445378
11074,11075,4288235#0,17.51925,5.331118493909189
11076,11077,4288235#4,13.06935,4.486211901306241
11078,11079,4288241#0,9.41115,1.7000000000000004
11080,11081,4291898#0,29.0451,5.6999999999999975
11082,11083,4291898#10,14.0616,3.2999999999999985
11084,11085,4291898#5,21.373800000000003,5.199999999999997
11088,11089,4291902#0,23.113650000000003,4.63809523809524
11090,11091,4300404#0,9.3702,2.2
11092,11093,4300404#2,48.17505,21.799999999999994
11094,11095,4300404#8,7.8519,18.98888888888889
11098,11099,4300421#0,57.99570000000001,88.22105263157896
11102,11103,4300421#6,5.8317000000000005,1.7
11104,11105,4300423,26.52615,55.9904761904762
11106,11107,4300425#0,8.1018,2.168421052631578
11108,11109,4300425#2,5.956650000000001,2.2666666666666666
11110,11111,4300425#3,12.87615,3.9999999999999996
11114,11115,4300450#0,14.05005,4.530612244897959
11118,11119,4300453#0,38.7597,30.677777777777788
11120,11121,4300453#4,1.7755500000000002,2.7111111111111112
11124,11125,4300455,9.4458,0.7000000000000004
11126,11127,4300456#0,10.7226,1.0666666666666669
11128,11129,4300457#0,45.9669,149.0
11130,11131,4300496#0,37.8147,0.0
11132,11133,4300496#3,15.289050000000001,8.410256410256412
11134,11135,4300496#4,29.62995,25.877777777777776
11136,11137,4300497,8.87775,2.677777777777778
11138,11139,4300498#0,18.564,15.733333333333333
11140,11141,4300498#1,2.6439,1.0
11142,11143,4300500#0,14.1036,7.17142857142857
11144,11145,4300500#1,4.687200000000001,1.8736263736263734
11146,11147,4300502#0,8.456700000000001,1.6259497369959077
11148,11149,4300504#1,20.0025,12.8
11150,11151,4300505#0,0.0756,5.885714285714285
11156,11157,4300927#1,6.4092,2.111111111111111
11160,11161,4300930#0,11.935350000000001,5.199999999999998
11162,11163,4300930#1,15.640800000000002,9.699999999999996
11166,11167,4300930#3,27.681150000000002,19.3
11176,11177,4300934#0,7.724850000000001,1.4071146245059294
11178,11179,4300934#2,8.89455,2.2261904761904763
11180,11181,4300935#0,4.6662,0.8458498023715415
11182,11183,4300935#2,6.33675,1.8752228163992863
11186,11187,4300936#1,1.61175,1.4761904761904763
11188,11189,4300936#2,3.50175,0.7368421052631579
11192,11193,4300937#1,5.5146,2.3
11194,11195,4300937#2,9.8091,0.8000000000000003
11196,11197,4300943#0,5.084099999999999,0.9047619047619042
11198,11199,4300943#1,10.311,22.25714285714285
11202,11203,4300945#0,0.6762,3.2424242424242427
11208,11209,4300946#1,6.14565,3.583333333333334
11210,11211,43030597#0,0.34440000000000004,0.2
11214,11215,4307724#0,36.844500000000004,93.53869157158633
11216,11217,4313310#0,18.082050000000002,6.367531120331946
11218,11219,4313345#0,39.124050000000004,27.12222222222222
11220,11221,4313346#0,17.20215,3.944444444444445
11222,11223,4313346#9,18.376050000000003,9.333333333333336
11224,11225,4318948#0,1.5456,0.2930176948828312
11226,11227,4318948#1,4.21575,12.888040201005012
11228,11229,4318950#1,1.6590000000000003,0.15886220697541453
11230,11231,4350116,81.69945,99.70000000000002
11232,11233,4350118#0,23.06325,3.799999999999999
11234,11235,4350121#0,17.57385,5.67741935483871
11236,11237,4350121#6,7.543200000000001,0.8999999999999998
11248,11249,4350125#1,8.94915,3.1428571428571423
11250,11251,4350125#3,12.9906,5.714285714285714
11254,11255,4350128#3,5.6028,0.7000000000000002
11256,11257,4350132#0,29.110200000000003,12.409523809523806
11258,11259,43558218#3,15.01395,2.9444444444444446
11260,11261,43558218#5,17.95605,2.800000000000001
11262,11263,43636416#0,5.83065,42.28538938410181
11264,11265,43636417#0,5.0169,2.0510188626776213
11266,11267,4391164#0,7.886550000000001,0.4999999999999998
11268,11269,4391164#1,21.519750000000002,4.971428571428572
11272,11273,4391195#0,7.99155,1.2500000000000004
11274,11275,4391195#2,18.2028,3.611111111111111
11282,11283,4391199#2,8.74965,0.30000000000000004
11286,11287,4391200#2,15.06015,1.7333333333333334
11288,11289,4391201#0,12.447750000000001,2.0
11290,11291,4391201#3,18.334049999999998,11.799999999999999
11292,11293,4391203,4.09395,0.6857142857142856
11294,11295,4391205#0,6.8712,0.20000000000000007
11296,11297,4391205#1,1.5771000000000002,0.25714285714285723
11298,11299,4391205#2,3.5164500000000003,0.28654970760233944
11300,11301,4391205#3,8.41785,0.368421052631579
11304,11305,4391207,13.406400000000001,7.700000000000001
11312,11313,4391211#1,3.0166500000000003,0.4223484848484851
11314,11315,4391211#2,1.9341000000000002,0.3414634146341464
11316,11317,4391212#0,37.286550000000005,20.105413105413106
11318,11319,4391213#0,3.28335,0.535064935064935
11320,11321,4391214,17.68095,4.017316017316018
11322,11323,4391215#0,19.18665,2.844444444444444
11324,11325,4391216#0,9.17385,0.8392857142857143
11326,11327,4391216#1,8.3181,1.9999999999999996
11328,11329,4391216#2,7.814100000000001,0.9888888888888889
11330,11331,4391218,16.418850000000003,6.685714285714282
11332,11333,4391219#0,9.55815,4.844444444444444
11336,11337,4391221#0,15.015,1.3
11338,11339,4391221#1,9.74085,1.2999999999999998
11340,11341,4426247,15.1893,4.4
11342,11343,4426293,1.6128,0.6666666666666666
11346,11347,4432946#0,2.6869500000000004,0.0
11348,11349,4432946#1,4.389,1.7999999999999996
11350,11351,4432947,3.1605,0.38095238095238093
11354,11355,4432948#1,4.494000000000001,0.7999999999999999
11356,11357,4432949#0,6.772500000000001,1.3008658008658007
11358,11359,4432949#3,2.5987500000000003,0.5
11360,11361,4432949#4,6.0984,1.3333333333333333
11364,11365,4432951#0,4.84995,0.0
11366,11367,4432951#1,11.518500000000001,0.0
11368,11369,4432952#0,6.4344,0.0
11370,11371,4432952#1,6.301050000000001,0.29999999999999993
11372,11373,4432952#3,13.050450000000001,0.0
11374,11375,4432952#5,10.15035,2.2666666666666666
11376,11377,4432952#7,21.6783,5.466666666666665
11378,11379,4432953,20.10225,9.219999999999995
11380,11381,4434009#5,19.84815,4.6723484848484835
11384,11385,4434025#0,1.5099,0.3625730994152046
11386,11387,4434025#2,10.2522,2.029239766081871
11390,11391,4434031#0,13.0767,5.160000000000002
11392,11393,4434031#3,3.10065,0.2666666666666668
11394,11395,4434031#5,13.211100000000002,4.493846153846152
11396,11397,4434031#9,19.92585,8.21538461538462
11398,11399,4434046#0,4.4415000000000004,1.7999999999999998
11404,11405,4434052#0,5.1219,1.174242424242424
11406,11407,4434053,17.283,4.699999999999999
11408,11409,4434054#0,2.9085,19.87777777777778
11412,11413,4434056#0,16.39995,12.455555555555556
11416,11417,4435385#0,8.2257,1.3888888888888888
11418,11419,4435386,8.12175,1.4608974358974367
11420,11421,4435388#0,28.8288,9.5
11426,11427,4435389#8,3.2634000000000003,0.20000000000000007
11428,11429,4435389#9,27.29265,20.7
11430,11431,4435391#0,9.488850000000001,1.1739130434782608
11432,11433,4435391#1,9.01425,1.102564102564102
11434,11435,4435391#2,11.0355,2.102298850574712
11436,11437,4435392#0,12.1485,3.4999999999999996
11438,11439,4435392#1,18.417,6.800000000000002
11440,11441,4435393#0,6.40815,4.3
11442,11443,4435393#1,6.557250000000001,1.3560606060606062
11444,11445,4435394#0,7.8078,0.455555555555556
11448,11449,4435394#4,14.59185,0.0
11452,11453,4435395#0,10.686900000000001,0.9999999999999997
11454,11455,4435395#1,15.20715,3.9444444444444455
11456,11457,4435396#0,2.0821500000000004,0.5615384615384617
11458,11459,4435396#2,10.1241,2.6959064327485383
11460,11461,4435397,23.71005,2.1999999999999993
11462,11463,4435398,8.6583,0.2999999999999998
11464,11465,4435400,12.113850000000001,0.7
11468,11469,4435406#0,34.42425,6.4
11472,11473,4435408#0,6.8019,0.8342245989304816
11474,11475,4435408#1,8.15955,0.7192118226600982
11476,11477,4435408#3,7.174650000000001,1.137651821862348
11480,11481,4435410#0,6.3934500000000005,1.0
11482,11483,4435410#1,6.9279,0.8000000000000003
11484,11485,4435411#0,11.7789,1.5641025641025632
11486,11487,4435411#1,5.4642,0.8406593406593407
11490,11491,4435413#0,9.6075,0.20000000000000007
11492,11493,4435413#1,10.25535,0.7999999999999998
11496,11497,4438085#0,14.187600000000002,3.360156536627124
11498,11499,4438085#2,14.833350000000001,5.410056224899598
11500,11501,4438086,0.2751,0.557832422586521
11502,11503,4438149#0,38.6421,5.2
11504,11505,4438150#0,19.2255,3.980952380952379
11506,11507,4438150#6,5.62065,0.9888888888888889
11508,11509,4438150#7,11.8377,43.575471698113226
11512,11513,4438158,17.5182,1.2999999999999998
11514,11515,4438159#0,4.284000000000001,1.3777777777777775
11522,11523,4438162#0,7.1673,0.5000000000000002
11524,11525,4438162#2,3.2266500000000002,0.12380952380952388
11528,11529,4438168#0,8.65935,1.389655172413793
11530,11531,4438168#2,8.73075,1.9600000000000009
11532,11533,4438168#3,7.4907,2.352536997885835
11534,11535,4438177#1,18.064200000000003,2.766666666666667
11536,11537,4438177#2,10.061100000000001,2.2
11538,11539,4438179,10.83705,9.8
11540,11541,4438181#0,1.9467,0.10000000000000006
11542,11543,4438181#1,2.78775,0.7999999999999998
11544,11545,4438181#2,17.265150000000002,3.7066666666666674
11546,11547,4438181#3,3.6603000000000003,0.7272727272727273
11548,11549,4438183#0,18.84435,0.5
11556,11557,4446930#0,9.414299999999999,1.9249299719887958
11558,11559,4446930#6,17.72295,6.346651445966512
11560,11561,4446931#0,23.31525,4.552380952380953
11562,11563,4446931#4,16.453500000000002,7.700000000000002
11564,11565,4446933#0,12.252450000000001,0.5444444444444445
11566,11567,4446933#1,9.5172,0.6815789473684223
11568,11569,4446936,0.0252,0.3
11570,11571,4446938#0,26.141849999999998,8.49047619047619
11572,11573,4446938#2,11.4723,2.854545454545455
11574,11575,4446941#0,4.9822500000000005,0.0
11576,11577,4446943,8.02515,0.5329670329670328
11588,11589,45033879#0,2.93055,0.5
11590,11591,45667817#0,12.579,4.657572312744728
11592,11593,460402165,3.591,1.5833333333333337
11594,11595,463422401,3.1626000000000003,34.33292393351346
11596,11597,463422402,6.077400000000001,33.692384546079
11598,11599,464786789#0,11.491200000000001,1.92272628608639
11614,11615,473316452#0,0.8505000000000001,0.2306055447470815
11616,11617,473316452#1,0.7938000000000001,0.2811018131101812
11620,11621,47995595#0,8.4063,4.804639804639805
11622,11623,4825286#0,12.159,2.666666666666667
11624,11625,4825306#0,9.9099,1.6072472238457043
11626,11627,4827199#1,5.8044,1.4800539083557958
11628,11629,4827199#2,5.789700000000001,1.17590206185567
11630,11631,484771397,0.4662,0.2
11632,11633,484774421,0.3927,0.24973583155073326
11634,11635,484774422,0.1638,0.14907691382524507
11636,11637,484774423,0.43574999999999997,0.24576686167882264
11638,11639,484774424,0.31395,0.25
11640,11641,4863145#0,35.1141,5.944444444444445
11642,11643,4863167,5.3896500000000005,0.0
11644,11645,4863242#0,1.8018,2.011111111111111
11648,11649,4881701#0,37.22985,0.0
11650,11651,4881701#12,19.99515,2.8
11652,11653,488244952#0,9.14235,1.6570555407919214
11654,11655,488244956#0,16.035600000000002,6.63532763532764
11656,11657,48868527#0,6.59295,1.3430482560917343
11662,11663,4887315#2,8.9796,1.2582417582417582
11664,11665,4887315#4,7.8214500000000005,0.8444444444444446
11668,11669,4887449#0,12.1485,1.3000000000000003
11670,11671,4887454#0,6.4869,0.2777777777777778
11672,11673,4887454#1,6.7966500000000005,0.20000000000000007
11674,11675,4887454#2,5.93775,0.0
11676,11677,4887469#0,28.6524,9.502631578947364
11680,11681,4890655#11,30.662100000000002,18.544444444444448
11682,11683,4890655#2,18.9063,4.838095238095237
11684,11685,4890655#4,10.15665,1.3000000000000003
11686,11687,4890655#6,10.03905,1.3
11688,11689,4890750#0,14.6034,4.923809523809522
11690,11691,4890750#14,8.10495,1.7999999999999998
11692,11693,4890750#6,16.330650000000002,6.711111111111113
11698,11699,4890757#0,58.93755,48.22222222222223
11700,11701,4890764#0,6.678000000000001,1.2999999999999998
11704,11705,4890890,11.071200000000001,93.12614205717651
11706,11707,4890924#0,6.2727,0.5
11708,11709,4890924#3,10.09995,1.4107142857142854
11712,11713,4890940#0,8.2593,0.5
11714,11715,4890985#0,19.9668,5.200000000000001
11716,11717,4891007#0,1.4658,0.4397463002114164
11718,11719,4891008#0,1.96875,0.6666666666666667
11720,11721,4891011#0,17.191650000000003,40.681818181818194
11726,11727,4891065#0,12.31125,1.764705882352941
11728,11729,4891065#1,2.06325,0.33384615384615385
11730,11731,4891077#0,3.4524,0.0
11732,11733,4891077#4,9.946650000000002,0.5
11736,11737,4891091#0,37.088100000000004,10.3
11738,11739,4891091#9,3.67185,0.19999999999999996
11740,11741,4891111#0,31.14825,6.5
11742,11743,48920011#0,8.43675,2.6815789473684215
11744,11745,48920011#2,2.88015,0.17142857142857157
11746,11747,48920011#3,4.49925,0.30000000000000004
11748,11749,48920012#0,2.6113500000000003,0.35846153846153844
11750,11751,48920012#1,8.4168,1.2766666666666664
11756,11757,49014483#0,10.569300000000002,2.5467515364354703
11758,11759,49014485,1.20855,0.0
11762,11763,49073480#0,1.4994,1.1181644130668897
11764,11765,49073481,0.29819999999999997,0.0
11766,11767,49073484#0,18.84015,4.628236672524901
11768,11769,4913264#0,107.10000000000001,451.83809523809526
11774,11775,4913466#0,11.2056,2.2386554621848735
11778,11779,4919532#0,4.13175,0.8888888888888888
11780,11781,4919532#2,94.4265,14.299999999999997
11782,11783,4919533#0,59.654700000000005,49.20574712643678
11784,11785,4919534#0,5.77185,86.30000000000001
11786,11787,4920864,0.8946000000000001,0.26785714285714285
11788,11789,4920867#0,41.748,15.799999999999997
11794,11795,4920890#0,10.4937,1.3
11796,11797,4920890#1,15.0633,2.266666666666665
11798,11799,4920891#0,24.8304,12.997368421052627
11800,11801,4920901#0,45.7401,29.199999999999992
11802,11803,4920901#9,7.333200000000001,0.8
11804,11805,4920913,0.0252,0.3159663865546219
11808,11809,4921197#0,24.755850000000002,4.6380952380952385
11810,11811,4921197#12,16.13115,4.535384615384616
11812,11813,4921199,20.1642,7.500000000000002
11816,11817,49302404#0,9.960300000000002,1.896005727263751
11818,11819,49302404#2,3.64245,0.45180452629751944
11820,11821,49302407#0,44.46855,22.303269581162603
11822,11823,49302412#0,15.78255,3.1051535087719313
11824,11825,49302413#0,8.490300000000001,1.1707096774193555
11826,11827,49302413#2,9.09825,1.5516853932584271
11828,11829,49302974#0,5.55135,0.8999999999999999
11830,11831,49302974#2,8.54385,1.4499999999999997
11834,11835,4931718#0,17.2221,5.838095238095238
11836,11837,49434779,8.27295,2.221415607985481
11838,11839,49434780#0,3.6151500000000003,0.5608952116585705
11840,11841,494444406,3.70965,47.76045461329675
11842,11843,4944865#0,19.4397,48.49999999999999
11844,11845,4944884#0,15.339450000000001,1.6428571428571428
11846,11847,4944901,1.7829,0.8
11848,11849,4944907#0,16.546950000000002,4.571428571428572
11854,11855,4944938,18.9756,8.933333333333332
11856,11857,4944944,2.8119,0.6952380952380952
11860,11861,4945011#1,11.272800000000002,3.04516129032258
11864,11865,4945016#5,25.8489,3.7777777777777777
11866,11867,4945017#1,7.80675,0.828571428571428
11876,11877,4945030#3,10.24905,0.9047619047619051
11878,11879,4945094#0,6.102600000000001,1.2812826768909031
11880,11881,4945177#0,11.85765,3.401306240928884
11882,11883,4948412#0,8.59005,1.507246376811594
11884,11885,4948412#3,7.80255,1.186842105263158
11886,11887,4948412#6,46.5129,31.73333333333331
11888,11889,4948413#0,38.9046,18.177777777777784
11890,11891,4948420#0,4.2798,0.0
11894,11895,4953820#0,31.218600000000002,18.431578947368422
11896,11897,4953842#0,12.834150000000001,3.8000000000000003
11900,11901,4953894#0,27.00285,24.8
11902,11903,4953945#0,3.7296,0.5142857142857142
11912,11913,4954113#0,13.98075,1.1222222222222225
11914,11915,4954113#12,12.05085,3.2571428571428553
11916,11917,4954113#3,2.3771999999999998,0.2608695652173913
11924,11925,4954130#4,20.1327,1.1428571428571426
11928,11929,4954157,2.4528,0.36578947368421055
11930,11931,4954164#0,18.1188,6.233333333333331
11932,11933,4954167#0,5.79075,0.19999999999999996
11934,11935,4954167#2,5.81595,0.5444444444444448
11938,11939,4955087#0,20.7081,8.052631578947366
11940,11941,4955138#0,23.583000000000002,15.199999999999992
11946,11947,4955183#10,29.218350000000004,37.09523809523811
11952,11953,4955184#0,13.57965,2.937611408199643
11954,11955,4955184#6,19.70325,12.649999999999999
11964,11965,4955226#0,3.77685,0.4091954022988506
11966,11967,4955226#1,8.107050000000001,1.7777777777777777
11970,11971,4955226#3,15.918000000000001,1.8000000000000007
11972,11973,4955226#4,13.409550000000001,3.433333333333335
11976,11977,4955248#2,8.24985,1.3000000000000003
11978,11979,4955248#3,7.596750000000001,2.711111111111111
11980,11981,4955248#4,8.4819,1.904761904761905
11982,11983,4955248#5,10.65855,1.0588235294117647
11984,11985,4955257#0,9.408000000000001,2.4555555555555557
11988,11989,4955278#0,28.253400000000003,22.800000000000004
11992,11993,4955328#0,4.9056,0.9230769230769231
11994,11995,4955328#2,19.79775,11.380952380952381
11996,11997,4955342#11,12.887699999999999,2.0833333333333335
11998,11999,4955342#15,6.892200000000001,2.2
12006,12007,4955388#4,68.6049,44.7
12010,12011,4955398,23.409750000000003,6.109788359788361
12012,12013,4956931#0,18.119850000000003,2.1999999999999993
12020,12021,4957002#0,11.5395,1.288888888888889
12026,12027,4957027#2,12.417300000000001,1.7999999999999998
12030,12031,49609559,7.3111500000000005,0.8341851220897215
12032,12033,49609562,40.425000000000004,18.002742957093258
12034,12035,49609565#0,7.102200000000001,1.815191653100489
12036,12037,49609567,0.4116,2.7868421052631573
12038,12039,49609569,6.918450000000001,0.8488772787905738
12040,12041,49609571,76.25205,68.57418659931666
12042,12043,49609573,7.44135,0.9973269425753517
12044,12045,49609578,2.5378499999999997,0.31483613955370193
12046,12047,49609580,0.7119000000000001,110.50653388062707
12048,12049,49609582,1.06365,1.2767839195979895
12050,12051,49612443#0,6.5898,2.2907591287636144
12052,12053,49612444,7.526400000000001,0.771574808487561
12054,12055,49612446#0,11.3652,10.294573643410855
12056,12057,49612446#3,4.19895,1.5570802919708018
12058,12059,49613026#0,9.502500000000001,1.5666666666666662
12060,12061,496156855#0,8.63835,3.9999999999999996
12062,12063,496156858#0,16.2708,7.822222222222223
12064,12065,4962257#0,22.13715,19.700000000000006
12068,12069,4968341#0,54.3921,140.80000000000004
12070,12071,4968376,9.038400000000001,4.499999999999999
12072,12073,4968452#0,7.620900000000001,2.0
12074,12075,4968471,14.3871,4.8
12076,12077,4968472#0,14.0448,4.11111111111111
12078,12079,4968528#0,22.32195,3.5555555555555545
12086,12087,4968721#1,10.976700000000001,3.8161764705882364
12088,12089,4968721#6,12.141150000000001,4.8392857142857135
12090,12091,4968753#0,45.23715,39.7
12092,12093,4968754#0,45.841950000000004,6.200000000000002
12094,12095,49712177#0,14.202300000000001,3.1908988447449977
12096,12097,4972205#0,6.3672,0.9945054945054945
12098,12099,4972205#1,11.3085,4.177777777777777
12104,12105,4972265#0,13.7676,5.655555555555555
12108,12109,4972276#1,6.7452000000000005,1.3888888888888888
12112,12113,4972293#0,26.355000000000004,6.299999999999997
12114,12115,4972294#0,7.2166500000000005,1.0000000000000004
12118,12119,4972294#3,15.80145,5.2
12120,12121,4972294#6,10.092600000000001,0.20000000000000018
12122,12123,4972294#9,7.652400000000001,1.7000000000000006
12124,12125,4972298#0,5.948250000000001,0.7291666666666664
12126,12127,4972298#1,8.4105,1.6999999999999997
12130,12131,4972299#0,18.3792,1.7000000000000006
12132,12133,4972299#1,7.324800000000001,1.523809523809524
12136,12137,4972329#0,33.5748,9.699999999999998
12138,12139,4972332#0,32.99415,9.000000000000004
12140,12141,4972345#0,40.071149999999996,27.700000000000003
12144,12145,4972398#1,9.2295,1.7
12146,12147,4972407#0,17.367,5.199999999999998
12148,12149,4972519#5,13.5597,3.500000000000001
12156,12157,4972809#0,4.50765,0.6421052631578947
12158,12159,4972838#0,11.487,2.663991132515384
12160,12161,4972874#1,8.0871,0.4999999999999999
12166,12167,4973606,27.129900000000003,6.799999999999998
12170,12171,4973609#1,29.36955,65.26666666666668
12172,12173,4973617#0,21.57015,8.0
12174,12175,4973617#6,20.6031,7.040935672514617
12176,12177,4973618#0,18.556649999999998,0.7000000000000002
12178,12179,4973618#1,19.6896,2.0
12180,12181,4973636,9.75765,0.30000000000000004
12184,12185,4973644#1,14.3556,2.300000000000001
12186,12187,4973644#5,3.35895,0.0
12194,12195,4973727#0,31.34985,13.666666666666666
12206,12207,4974619#0,3.5500499999999997,0.2999999999999999
12208,12209,4974619#3,20.08335,6.299999999999999
12210,12211,4974762,0.0252,0.0
12216,12217,4974870#0,13.4022,2.7111111111111112
12218,12219,4975444#0,5.67525,0.875766283524904
12220,12221,4975444#4,6.83025,1.1704153818247773
12222,12223,4975444#7,9.3933,1.9898444938114903
12224,12225,4975447#5,12.4383,1.5666666666666667
12226,12227,4975502,13.4316,3.604395604395604
12228,12229,4975573#0,18.61335,28.5
12230,12231,4975573#3,1.3524,2.299999999999999
12232,12233,4975597#0,0.03255,0.26666666666666666
12236,12237,4975704#0,3.0891,0.32222222222222224
12238,12239,4975723#0,8.810550000000001,1.7809523809523806
12244,12245,4975838,41.249249999999996,0.0
12246,12247,49863568#1,0.7087500000000001,0.20000000000000004
12248,12249,49863569#0,7.17885,1.2196762141967619
12250,12251,49863570#0,1.9026,1.6412088668594245
12252,12253,49863572#0,22.792350000000003,6.882837049229384
12254,12255,49863573#0,11.74845,2.342710997442455
12256,12257,49863575#0,1.4238000000000002,0.25396825396825384
12258,12259,49863575#2,11.62875,1.6551577152600179
12260,12261,49915865#1,14.7483,3.0164220824598167
12262,12263,49915865#2,14.45325,45.97101449275362
12264,12265,49915866#0,10.50105,2.76637039724288
12270,12271,4998510,4.6221000000000005,0.39332497212932
12272,12273,4998853#0,4.6347,0.7423753921226904
12274,12275,4998853#1,12.07815,3.2252747252747254
12276,12277,4998853#10,18.598650000000003,39.78916715200934
12278,12279,4998853#7,11.0334,11.762509335324868
12280,12281,5004895#0,36.496950000000005,62.48888888888887
12284,12285,5004920#8,6.64335,0.5256410256410257
12286,12287,5004925,16.78005,4.557471264367818
12288,12289,5004926#0,7.76895,2.5535714285714284
12290,12291,5004926#3,26.67945,28.267857142857146
12292,12293,5004927#0,5.2164,0.9973684210526317
12294,12295,5004927#3,8.232,0.9846153846153843
12296,12297,5004927#4,8.392650000000001,1.0712250712250713
12302,12303,5037652#5,15.82455,7.300170068027213
12304,12305,5037694#0,63.491400000000006,2.0
12306,12307,5037764#0,1.5162,0.3523809523809523
12308,12309,5057757,19.6434,2.3000000000000007
12310,12311,5057760#0,10.653300000000002,2.6338461538461537
12312,12313,5057760#1,9.0846,1.2984615384615374
12314,12315,5057760#2,8.362200000000001,0.9999999999999996
12316,12317,5057761#0,18.960900000000002,8.426257459505551
12318,12319,5057761#1,6.999300000000001,1.2878563495001856
12320,12321,5057761#2,23.8623,5.677462887989203
12322,12323,5057762#0,9.06675,1.6286196911196917
12324,12325,5057762#1,8.91765,1.0930232558139532
12326,12327,5057762#2,10.6722,0.8861538461538464
12330,12331,5058288#0,8.98275,0.2999999999999998
12332,12333,5058309#0,16.0818,1.285714285714287
12336,12337,5058336#0,12.07185,0.0
12338,12339,5058384#0,11.430299999999999,1.2666666666666677
12342,12343,5061525#0,24.47025,8.832091963405098
12344,12345,5061525#3,14.35875,3.85714285714286
12346,12347,5061526,11.95425,2.5843969249141643
12348,12349,5061527#0,24.50805,2.6999999999999993
12350,12351,5061527#2,12.71865,6.299999999999999
12352,12353,5061528#0,18.56715,5.195384615384614
12354,12355,5061528#10,17.793300000000002,4.322222222222219
12356,12357,5061528#6,17.516099999999998,6.058823529411763
12358,12359,5061528#7,8.647800000000002,1.3444444444444446
12360,12361,5061529#0,10.808700000000002,2.8947368421052615
12362,12363,5061529#1,6.531,0.7666666666666663
12364,12365,5061529#3,13.0074,2.2
12366,12367,5061529#6,12.461400000000001,1.2888888888888905
12372,12373,5061531#0,12.7512,7.384615384615381
12374,12375,5061531#1,17.56545,6.374338624338626
12376,12377,5061531#4,23.60925,8.530303030303031
12378,12379,5061531#8,2.9085,0.8634365257905017
12382,12383,5061534#0,18.2889,6.500000000000002
12384,12385,5061535#0,18.753,4.328571428571427
12386,12387,5061535#2,18.7026,3.859649122807019
12388,12389,5061536,17.124450000000003,2.0
12390,12391,5061537#0,19.288500000000003,4.410256410256409
12392,12393,5061537#1,25.77855,9.117647058823529
12394,12395,5061540#0,7.72695,1.2
12396,12397,5061540#2,20.448750000000004,9.0
12400,12401,5069207#0,13.81275,1.7000000000000002
12402,12403,5069266,0.0252,4.348370927318296
12404,12405,5069268#0,25.3764,6.558823529411766
12406,12407,5069268#2,26.6259,7.8932806324110665
12410,12411,5069270#1,26.58705,13.3
12416,12417,5069270#6,29.13645,7.377777777777776
12418,12419,512877751,0.014700000000000001,3.2879551820728303
12420,12421,513387308#0,11.42925,2.1157894736842104
12422,12423,514704190,4.5738,145.30269058295949
12424,12425,51696606#0,2.5116,0.4010989010989011
12428,12429,51779795,0.014700000000000001,0.4066115702479337
12430,12431,51781237#0,0.73395,12.455555555555556
12432,12433,51785576#0,6.6318,1.7808203072006759
12434,12435,51785576#2,7.25865,1.0899031485566653
12436,12437,517974851,2.8035,0.3213776419658773
12438,12439,517974852#0,7.376250000000001,0.9232183222793563
12440,12441,51809070,0.8232,0.5714285714285715
12442,12443,51851809#0,6.180300000000001,1.6648083895364705
12444,12445,51851809#2,3.9354000000000005,0.5603634870876244
12446,12447,51893716#0,17.33865,5.199999999999999
12448,12449,51893900,0.0252,1.5789473684210529
12452,12453,5212658#0,18.767699999999998,2.700000000000001
12454,12455,5212659,4.36905,0.48888888888888893
12456,12457,5212660#0,12.4257,2.3000000000000007
12458,12459,5212660#1,1.44375,0.19999999999999996
12460,12461,5212664#0,52.74570000000001,106.5
12462,12463,52382001#0,8.70765,1.3584656084656086
12464,12465,52706831,2.2260000000000004,49.57026338047324
12466,12467,52706906#0,11.886000000000001,2.6078481882191302
12468,12469,529236339#0,1.974,0.4999999999999999
12470,12471,53178982#0,9.163350000000001,1.7551020408163256
12472,12473,53215269#0,7.5001500000000005,0.30000000000000004
12474,12475,53215269#4,20.397299999999998,2.2999999999999994
12476,12477,53221218#0,1.7997,30.451388888888875
12478,12479,53221219#0,3.2235,0.36507936507936506
12480,12481,53298708#0,0.6699,0.24834528405956988
12482,12483,53298710#0,6.64125,1.9714285714285715
12484,12485,53298715,3.96165,1.2536528345996494
12488,12489,53501915#0,11.6991,0.5000000000000002
12490,12491,53501915#9,2.6586000000000003,23.07516339869281
12492,12493,53815844,8.11755,0.6380952380952379
12494,12495,53815849,2.3394000000000004,0.35897435897435886
12496,12497,539221182,8.4231,1.6380952380952387
12498,12499,539659133#0,1.39125,1.8088836937463473
12500,12501,539659136#2,6.846,1.4331453200074773
12502,12503,539659136#3,2.2974,0.33142250288337455
12504,12505,539659140,11.1804,2.2292686575282863
12506,12507,5460028,0.7581,0.4555555555555555
12508,12509,54730134,5.3214,37.07923497267758
12510,12511,548754521#0,0.0756,0.09473684210526313
12512,12513,548754521#1,0.378,1.0666666666666667
12518,12519,56314194#0,17.52975,7.48282828282828
12520,12521,56314194#2,4.45305,0.9717948717948718
12522,12523,56314194#3,6.111000000000001,1.3865546218487395
12524,12525,56314194#6,19.778850000000002,9.297379032258066
12526,12527,56314194#8,8.7381,2.4
12528,12529,56314194#9,29.5911,25.366666666666667
12532,12533,56314195#1,20.145300000000002,0.0
12534,12535,56314195#5,1.008,0.0909090909090909
12536,12537,58134301,5.99445,1.1540229885057476
12538,12539,58149345,5.1303,0.7789473684210525
12540,12541,5832127#0,18.832800000000002,6.334723069622397
12542,12543,5832619#0,2.9263500000000002,40.099066390041465
12544,12545,60093645,5.2731,2.6999999999999993
12546,12547,60771197,5.8737,0.8351648351648341
12548,12549,607886496#0,15.90435,3.4214248749353096
12550,12551,607886497#0,17.23785,3.5455120464608108
12552,12553,61583903#0,6.728400000000001,1.2266666666666666
12554,12555,61583903#2,24.321150000000003,4.800000000000001
12558,12559,61583920#0,7.981050000000001,1.1741838487972516
12560,12561,61583920#1,2.84025,0.7203533809038399
12562,12563,61584891#0,12.24615,13.542857142857143
12564,12565,624237809#0,12.25665,9.300000000000002
12566,12567,6275605#0,5.566050000000001,0.6964285714285717
12568,12569,6275621#0,29.376900000000003,3.5714285714285716
12570,12571,6275621#2,9.8133,0.9891774891774892
12572,12573,6275621#3,9.850050000000001,0.8106060606060609
12574,12575,6275621#5,9.644250000000001,3.295454545454545
12576,12577,6275621#6,10.8339,0.25000000000000017
12578,12579,6275621#7,7.5873,1.3
12580,12581,6277167,8.15955,1.0769230769230773
12582,12583,6277595#0,18.51255,3.8304093567251476
12584,12585,6277595#5,27.2475,6.852631578947368
12586,12587,6277595#6,11.048100000000002,2.4571428571428555
12588,12589,6277596#0,27.594,4.523809523809524
12590,12591,6277596#3,18.1398,10.166666666666668
12592,12593,6277596#7,14.9814,1.6000000000000008
12594,12595,6277696,24.04185,0.2500000000000003
12596,12597,6277723,23.35305,8.513157894736842
12598,12599,6277724#0,12.28395,1.8777777777777784
12600,12601,6277767#0,24.516450000000003,19.65454545454545
12602,12603,6277767#1,22.69575,11.495238095238092
12608,12609,6277843#1,23.988300000000002,11.555555555555555
12610,12611,6278110#0,7.792050000000001,0.8152709359605907
12612,12613,6278110#11,7.4088,4.3
12616,12617,6278110#13,7.6587,4.322222222222224
12618,12619,6278110#2,5.3067,0.4888888888888888
12620,12621,6278110#4,6.7536000000000005,2.4105263157894727
12622,12623,6278110#5,7.1757,0.9473684210526304
12624,12625,6278110#7,6.5089500000000005,0.5444444444444446
12626,12627,6278110#8,8.1354,1.7000000000000004
12628,12629,6278110#9,5.549250000000001,0.30000000000000004
12630,12631,6278186#0,7.468650000000001,2.2424242424242435
12632,12633,6278186#11,6.3693,1.2380952380952384
12634,12635,6278186#13,7.42455,1.357142857142857
12636,12637,6278186#2,6.65805,0.0
12638,12639,6278186#5,6.384,3.466666666666666
12640,12641,6278186#7,8.77275,1.7666666666666668
12642,12643,639190831,10.2543,0.565359477124184
12644,12645,645747433#0,14.104650000000001,6.8061538461538476
12648,12649,658487656#0,4.54755,0.2857142857142858
12650,12651,658487656#2,19.6497,0.9047619047619051
12652,12653,659124987#1,11.3925,1.859120022277919
12654,12655,659124992#0,20.4939,6.423341677096371
12656,12657,66324263#0,1.2411,34.74999999999999
12658,12659,66324265#0,19.719,42.92068965517242
12660,12661,66889603#0,0.0252,1.2307692307692308
12662,12663,66889603#1,1.90995,0.2692307692307692
12664,12665,66889619#0,5.89785,0.9532163742690063
12666,12667,66889622#0,22.96875,8.71111111111111
12668,12669,672522990,12.7344,1.8239681148533045
12670,12671,672522991,18.34035,2.92521717444615
12672,12673,672687182,4.7271,1.33054269673988
12674,12675,672689453#0,33.48345,8.557040998217467
12676,12677,672710084,6.80295,0.6222222222222223
12678,12679,672710088,16.548000000000002,1.655555555555556
12680,12681,67408434#0,7.141050000000001,1.1980091471616916
12682,12683,675898530#1,11.18565,1.59327731092437
12684,12685,675898532#0,11.3589,1.7000000000000006
12686,12687,675898533#0,11.172,1.5711805555555554
12688,12689,675898534#0,9.136050000000001,1.8399999999999999
12690,12691,679588387#0,4.99275,1.3122031122031124
12694,12695,686496139#0,1.3923,0.47849986355307794
12696,12697,686496139#2,23.73735,94.44396657655444
12698,12699,686496140,9.92775,1.6270361098727752
12700,12701,686496142,9.4773,1.4448818897637803
12706,12707,695989022,4.71345,0.6433333333333335
12708,12709,697281100#0,1.5183,34.0739064856712
12710,12711,704868501#0,16.3674,5.194844039310639
12712,12713,705103344#0,19.920600000000004,5.4907307369107015
12716,12717,714449182,1.85115,0.16842105263157894
12718,12719,714449183#0,6.2496,0.5684210526315789
12720,12721,72597392#0,43.13295,34.82894736842106
12722,12723,72597392#4,12.47925,9.300000000000002
12724,12725,72597393#0,18.13245,3.054732945531464
12726,12727,72597397#0,1.7808,7.295794183445194
12728,12729,72597397#2,7.1610000000000005,1.9147884373690807
12730,12731,72597399#0,11.1006,3.64102564102564
12734,12735,732162445#0,24.1794,10.650000000000004
12736,12737,732165852#0,38.0142,68.09999999999998
12738,12739,732165853#5,13.49355,12.0
12740,12741,732165856#3,23.565150000000003,0.0
12742,12743,732168391,2.6659500000000005,0.5958333333333334
12744,12745,732168392,14.043750000000001,3.111111111111112
12746,12747,732472145,3.4188,1.1714285714285715
12748,12749,7380410#0,9.505650000000001,1.4044897959183664
12750,12751,7380410#4,8.919749999999999,1.0555555555555558
12752,12753,7380410#7,5.407500000000001,0.6666666666666667
12758,12759,7389333#0,35.66115,29.3
12760,12761,7389333#2,33.3543,5.956043956043955
12762,12763,74916338,0.014700000000000001,0.3066088840736729
12764,12765,74921173#0,21.572250000000004,0.0
12766,12767,75021657,2.82555,0.380952380952381
12768,12769,75058242#0,4.1517,0.40952380952380957
12770,12771,75058245#0,3.1206,3.111111111111111
12772,12773,75070560#0,6.085800000000001,1.4519350930278285
12774,12775,75078151#0,18.93675,4.736773774748454
12776,12777,75078151#3,14.91,3.8617332035053575
12778,12779,75078151#6,6.772500000000001,1.1694620253164552
12780,12781,75078151#8,4.8993,0.7567567567567569
12782,12783,75345163,2.14515,0.35666666666666663
12784,12785,75345166,2.38035,0.38955162484574235
12786,12787,75345167#0,3.54165,0.923994526575622
12788,12789,753675471#1,6.45645,17.804331254331252
12790,12791,753675472#0,7.8183,1.567879499217528
12792,12793,753675472#4,5.775,0.6798642533936651
12794,12795,753675472#5,4.773300000000001,0.47147147147147134
12798,12799,755452828#7,7.462350000000001,0.8
12800,12801,756253807,4.285050000000001,0.5732237228420434
12802,12803,758517006,10.637550000000001,1.9269406392694068
12804,12805,759403261,3.10065,0.23809523809523803
12806,12807,759403262,3.1038,0.9523809523809522
12808,12809,76255648#0,1.7808,0.26143790849673204
12810,12811,76255648#1,3.3180000000000005,0.5803698435277383
12812,12813,7651318#0,7.8855,1.1481481481481477
12814,12815,7651318#1,12.66195,3.1818181818181803
12816,12817,7651318#2,11.457600000000001,1.9047619047619044
12818,12819,7651318#3,16.8168,4.285714285714285
12820,12821,7651319#0,15.17145,3.2250712250712255
12822,12823,7651319#1,12.233550000000001,2.2333333333333325
12824,12825,7651319#2,20.7459,4.7142857142857135
12826,12827,7651355,5.720400000000001,0.5
12830,12831,772547684#0,4.91505,40.97341597796143
12832,12833,772547685#0,3.1983,36.255119825708036
12834,12835,772547686#0,8.017800000000001,2.249183006535949
12836,12837,772547687#0,0.9135,1.192351408950983
12838,12839,772547687#2,5.8023,0.6790433341226613
12840,12841,772547688#0,3.3705000000000003,37.72796590101826
12842,12843,772547689#0,3.8955,37.75070297469291
12844,12845,772547690#0,24.6036,8.869478772757395
12846,12847,772547691#2,13.130250000000002,2.2208460089816024
12848,12849,772547693#0,8.7066,2.0278963741010814
12850,12851,772547695#0,3.60045,9.156629827331274
12852,12853,772547696#0,2.1063,29.33438267718477
12854,12855,772547697#0,4.24095,8.904646052425052
12856,12857,772547698,7.06755,0.871474912363313
12858,12859,772547699#0,22.197000000000003,6.709070425236108
12860,12861,772547700,1.4637,0.19419837951479932
12862,12863,772547701#0,2.34675,76.95827939977946
12864,12865,772547702#0,3.2949,83.1934409161895
12866,12867,772547703,3.7737,0.5648148148148151
12868,12869,773560595#0,13.595400000000001,3.3444444444444485
12870,12871,773561842#0,5.372850000000001,0.3766666666666665
12872,12873,790019433#0,16.25085,3.340659340659341
12874,12875,790019433#3,10.152450000000002,1.7500000000000004
12884,12885,8069179#0,14.396550000000001,137.5904204491161
12886,12887,808068120,3.41355,46.04891591750397
12892,12893,8127373#0,12.9465,4.8272006007574735
12894,12895,8128115#1,7.388850000000001,0.6111111111111113
12896,12897,8128696#0,19.5993,4.099999999999999
12898,12899,8128696#10,3.3201,0.2
12900,12901,8128696#11,6.2517,0.19999999999999996
12902,12903,8128696#4,9.07935,0.9238095238095244
12904,12905,8128696#6,11.8755,4.300000000000001
12908,12909,8129174,12.286050000000001,1.7000000000000004
12910,12911,8135793#11,28.59045,13.174242424242426
12912,12913,8135820#0,7.9842,0.2999999999999999
12914,12915,8135821#0,19.893300000000004,16.780952380952378
12916,12917,8137315,8.883000000000001,4.769230769230773
12918,12919,8141786#0,13.57965,6.028571428571429
12924,12925,81525434,23.0055,16.700000000000006
12926,12927,817230875,11.29695,37.46288798920378
12928,12929,818072229,1.1151000000000002,0.2456780333068991
12932,12933,82511977,3.4282500000000002,0.19999999999999996
12934,12935,82528691#0,18.097800000000003,2.1999999999999997
12936,12937,82528694#0,36.64185,7.200000000000004
12938,12939,82528696#0,10.3635,2.057347670250896
12940,12941,82528696#3,10.488450000000002,2.282392026578073
12942,12943,82528696#7,17.30295,6.273333333333331
12944,12945,82528702#0,4.7627999999999995,2.0887445887445883
12946,12947,82528702#3,3.8104500000000003,1.696969696969697
12948,12949,82528702#4,1.8081,0.38636363636363635
12950,12951,82528705#4,11.21505,1.9494949494949494
12952,12953,82528705#6,10.88115,1.4816091954022987
12954,12955,82528705#8,16.47975,3.063157894736848
12956,12957,82528709#0,5.9976,0.24999999999999994
12958,12959,82528709#3,20.27655,5.199999999999999
12960,12961,82528709#9,14.043750000000001,8.166666666666664
12962,12963,82528711#0,14.666400000000001,25.700000000000003
12964,12965,82528711#1,5.8359,4.666666666666667
12966,12967,82528711#10,5.9871,43.23886639676113
12968,12969,82528711#3,3.3820500000000004,1.2888888888888888
12970,12971,82528711#5,9.65685,4.515669515669516
12972,12973,82528711#7,11.4261,3.9462184873949573
12974,12975,8275514,0.9628500000000001,0.3333333333333333
12976,12977,8275515#1,5.7330000000000005,2.619047619047619
12978,12979,8275515#2,16.08285,16.933333333333337
12984,12985,8284658#2,3.9438,0.9986320109439121
12986,12987,8284658#3,9.6369,1.4184210526315788
12988,12989,8284660#0,42.837900000000005,24.905907668231606
12990,12991,828773458,0.8841,0.1932444852941178
12992,12993,828773463,1.6611000000000002,0.2661750067867161
12996,12997,828809143,0.25830000000000003,0.3
12998,12999,828809144,0.5586000000000001,0.23442381373415852
13000,13001,828809145,0.76545,0.1961360962808797
13002,13003,82914002#0,12.6126,3.526599326599324
13004,13005,829373691,2.33205,0.3826011417225118
13006,13007,829373692#0,0.9912,0.24523098138358992
13008,13009,829373693,6.292650000000001,0.7218647054317012
13010,13011,8296775#0,14.318850000000001,1.3666666666666667
13018,13019,829753466#0,31.0506,7.699999999999997
13020,13021,829775007,3.05025,40.64072707393737
13028,13029,834702311,0.3759,0.125
13030,13031,834766051#0,3.5574,34.53923958079456
13032,13033,834766052#0,4.5381,0.8475424419897695
13034,13035,834766055,1.3881000000000001,0.2963420280907546
13036,13037,834766056#0,19.337850000000003,6.712006787499067
13038,13039,834766056#2,6.7956,1.2297434980784705
13040,13041,834766059#0,5.343450000000001,75.73381977079727
13042,13043,834773007,0.525,0.4242186402329426
13044,13045,834950891#0,3.2077500000000003,113.15476015740225
13046,13047,834950892#0,6.8901,26.133354467163354
13048,13049,834950895,1.6989,0.277511961722488
13050,13051,834950896#0,2.7573,18.069377990430628
13052,13053,834950901#0,3.8997,13.347027027027028
13054,13055,834950902#0,2.27115,10.985547061634021
13056,13057,834994013#0,1.4322000000000001,1.9640580414061077
13058,13059,835292273,43.503600000000006,35.35573122529643
13060,13061,835815053#0,2.0769,1.7021329365079365
13062,13063,836116464#0,7.411950000000001,0.6552188552188546
13064,13065,836134439,11.68335,3.100832562442183
13068,13069,836219391#0,2.4822,0.30186690755796447
13070,13071,836885869#0,3.2676000000000003,13.333914027486193
13072,13073,8378853#0,49.56945,100.89999999999999
13076,13077,8378865#0,49.686,76.8073593073593
13080,13081,839004987,0.8022,0.13186813186813184
13082,13083,839414388,0.2226,0.13421052631578947
13084,13085,839414400#0,15.70065,15.211111111111112
13086,13087,839414401#0,9.6348,5.699999999999999
13088,13089,839414431,1.4238000000000002,0.22222222222222232
13092,13093,839414432#1,0.1134,4.74040404040404
13096,13097,839414433#2,0.2226,2.722222222222222
13098,13099,839414435#0,19.304250000000003,8.699999999999998
13100,13101,839414436#2,14.907900000000001,2.3000000000000016
13102,13103,839414437#0,16.9512,0.5
13104,13105,839414438#2,0.0756,0.33333333333333326
13110,13111,839414461#2,17.74815,12.488888888888887
13112,13113,839414478#0,2.14515,0.2333333333333334
13114,13115,839414479#0,9.72615,3.4095238095238094
13118,13119,84168424#0,6.0228,1.9292929292929286
13120,13121,84168424#2,5.2867500000000005,0.7326315789473685
13122,13123,84168424#3,5.0715,0.6925553319919519
13124,13125,84168424#5,5.1702,32.02062588904694
13126,13127,84168424#9,0.022050000000000004,0.9266666666666666
13128,13129,84168465,5.6511,1.907952572172781
13136,13137,841788517,15.584100000000001,4.685714285714285
13138,13139,843411829,1.70205,0.830049261083744
13144,13145,851195266#0,25.3638,15.700000000000001
13146,13147,85156140#0,14.2737,3.0611969712685405
13148,13149,851607376,1.5288,0.29243708269132
13150,13151,851883288#1,4.19265,0.5
13154,13155,856106097#0,11.548950000000001,3.3088631381146265
13156,13157,856636352,8.337000000000002,77.28388131515636
13158,13159,858281760#0,2.0475,0.2340425531914894
13160,13161,858283716#0,4.5528,0.6176470588235292
13162,13163,858283718,4.53495,0.7237076648841354
13164,13165,8585758#0,18.854850000000003,8.7
13166,13167,8585916#0,17.2599,0.0
13168,13169,859217059#0,2.0097,11.06043165467626
13170,13171,859217059#3,4.348050000000001,1.18513076697032
13174,13175,859233597,3.108,57.121288515406164
13176,13177,86020919#0,1.7997,86.12159863945577
13178,13179,86020922,2.28795,1.8981481481481477
13180,13181,86029036#0,32.32635,13.1456074130223
13182,13183,860434113,4.25565,0.6307043650793652
13184,13185,860434114,4.21365,0.6632814979371626
13186,13187,862167811,1.9614000000000003,115.86716791979951
13188,13189,862167814#0,1.36605,0.6891327063740855
13190,13191,867836846#1,0.00945,2.3229885057471256
13192,13193,874212318#0,9.58755,0.6777777777777779
13194,13195,875226004#0,11.624550000000001,0.933333333333333
13196,13197,875227922#0,0.336,4.177777777777778
13198,13199,875231666,0.35490000000000005,0.0
13202,13203,87729084,3.2886,0.6516233766233768
13204,13205,87729746#0,9.7209,2.322580645161291
13206,13207,87730347#0,3.86715,0.30039525691699603
13208,13209,87730349,3.1300499999999998,0.27272727272727276
13210,13211,87932251#0,1.4794500000000002,0.1944444444444444
13212,13213,87932255#0,7.676550000000001,0.8677536231884053
13214,13215,87932255#3,13.7319,1.4095238095238103
13216,13217,87932260#0,0.7623,2.2666666666666666
13218,13219,87932260#2,0.28665,0.07971014492753624
13220,13221,87976142#0,20.8152,13.977294685990346
13222,13223,884420085#2,1.7535,0.3697478991596639
13224,13225,89070366#0,15.0591,5.000000000000001
13226,13227,89070366#2,20.6262,75.6
13228,13229,89221670#1,16.6971,1.9636363636363616
13230,13231,89221670#2,12.72075,2.6320346320346317
13232,13233,899230737#0,19.459650000000003,5.10513186029936
13236,13237,90104680#0,35.92785,7.0
13238,13239,90364620#0,11.0082,2.1658895158895164
13240,13241,90364620#2,16.65405,47.55188595188594
13242,13243,90364638,0.44835,10.455555555555556
13244,13245,90378682#0,18.0915,3.6
13254,13255,911580385#0,9.66,1.0666666666666669
13256,13257,913817165#1,8.44935,1.7838874680306906
13260,13261,920216324,0.0252,0.06666666666666667
13262,13263,92215230,0.52395,0.23069036226930958
13264,13265,92434938#0,0.67515,0.24935064935064938
13266,13267,92434944#0,0.5922,0.180501231348689
13272,13273,926330093#2,4.053,5.299999999999999
13274,13275,926330093#4,0.4116,0.8888888888888887
13276,13277,92881833#0,5.86635,0.6054421768707482
13278,13279,92881833#3,6.524700000000001,1.174242424242424
13284,13285,92890178#1,0.04095,0.4999999999999998
13286,13287,92890178#6,0.014700000000000001,0.17777777777777778
13288,13289,92914307#1,11.2749,1.7000000000000002
13290,13291,92917956#0,45.213,21.400000000000006
13292,13293,92917956#3,33.7638,21.673684210526314
13294,13295,92917956#7,5.628000000000001,0.6938405797101449
13296,13297,92917962#0,4.50765,0.5014224751066856
13298,13299,92917970#0,25.509750000000004,16.7
13300,13301,929288017,1.3377000000000001,0.19999999999999996
13302,13303,929661880,5.817,2.036968885915022
13308,13309,937672142#0,6.1719,1.788888888888889
13310,13311,937802014,7.492800000000001,0.7833333333333335
13314,13315,938584300,12.133799999999999,3.066666666666666
13316,13317,938584301,0.014700000000000001,12.7
13318,13319,938898647,17.8164,4.299999999999999
13320,13321,945077740#0,1.49835,0.30000000000000004
13324,13325,946966316#3,6.6654,0.8833333333333335
13326,13327,951211029#0,37.844100000000005,17.142857142857146
13328,13329,958184908#0,14.509950000000002,3.5222629291982606
13330,13331,958184908#10,8.59425,1.556650246305418
13332,13333,958184908#11,14.0889,3.805125544120616
13334,13335,958184908#4,11.1363,2.4829462421711894
13336,13337,958184908#6,20.20935,6.42981710093383
13338,13339,966020408#0,31.323600000000003,12.185138670852949
13340,13341,966543429,21.40005,8.044444444444446
13342,13343,966975867,0.058800000000000005,0.0
13344,13345,96841510#0,3.9018,0.35238095238095235
13346,13347,96841510#3,3.09645,0.3142857142857142
13352,13353,975575189,0.38430000000000003,0.06703367875647674
13356,13357,976706272#0,13.067250000000001,2.801058530510586
13358,13359,976706273#0,4.54335,0.8800075318928589
13360,13361,976706273#4,17.28825,4.170114150003833
13362,13363,979190032#1,2.3079,0.5487269534679542
13364,13365,980981276#0,0.014700000000000001,0.09143996581683525
13366,13367,980981276#1,6.09,38.32533401849948
13368,13369,985165443#1,10.99665,3.136781609195402
13370,13371,985165443#6,15.411900000000001,5.02016806722689
13372,13373,990580359,3.57735,0.20229885057471267
13376,13377,992186675#6,12.49605,1.1222222222222227
13378,13379,995533031#3,3.7117500000000003,0.7766666666666665
13380,13381,995533032,8.0871,2.370221327967807
13382,13383,995533033,3.2266500000000002,0.21634615384615372
